91683 61122
6288 17714
25854 27525
21295 58337
3111 72820
69647 82476
37969 55716
59423 76552
88787 90880
11634 28312
9983 28447
63039 75912
45095 87177
35250 89029
78509 82414
1093 7105
13088 58674
338 57481
57538 68508
34936 69005
66920 71056
1571 67874
10565 61113
29654 80343
54138 78250
46388 67234
1320 67497
55818 83300
53447 54605
35633 80885
72604 77199
39243 58471
1237 31970
53790 79047
3972 59914
19771 51692
15057 22685
7438 49770
13653 70579
20668 40068
9857 29072
1253 64249
6946 16079
9391 82679
59123 72874
18203 49510
9898 44229
25467 67896
2065 85357
6692 52808
15741 48135
34028 36688
71143 71768
45563 69514
19315 41350
8558 49529
20704 67123
34316 64533
17475 67784
23541 66548
85385 88177
38980 57525
14840 69077
30948 60452
20620 32559
63144 88271
40784 86769
2705 52944
9407 33951
86952 90459
78659 84374
16222 76281
514 69788
13077 81091
8811 46891
26313 56268
14733 56019
23235 81397
39149 50184
47689 77232
7117 56036
44417 53666
37353 64907
30624 74789
11913 80231
5075 73575
41281 51179
31244 81320
30483 91233
48992 79299
81973 86707
4866 70729
19538 23217
50714 59793
13229 43716
67188 90433
13066 21159
11115 39953
49410 90384
36505 63710
9999 86694
80088 87209
42654 78254
5127 16540
25413 50769
11958 15337
61680 85963
39535 91584
25204 71123
52677 91473
19 78388
15970 49719
16313 21658
16671 17082
43195 68571
67551 89543
28616 42863
65715 75696
26338 26440
28644 55809
25449 41589
36700 41736
968 41097
12499 57366
1952 73444
35994 61811
42907 64473
28180 86020
27773 62784
17019 74980
8857 72168
2937 44204
58783 62630
21954 58041
11861 80430
61844 75709
6300 16658
33735 55223
22537 25966
35308 61863
7582 30833
77753 78184
17738 30938
28780 76220
8117 73162
46482 53797
28942 42739
11444 51414
69794 75404
59430 86650
78053 87873
48311 54431
44271 48858
2927 55558
33371 55425
3608 22006
38943 78539
6942 20067
48405 73953
13564 60777
39710 71331
10366 81338
16599 32799
3557 78379
82641 88100
35043 65925
35570 41194
43079 49281
35057 64658
34200 69050
39740 58332
15912 87226
35740 55982
82420 84532
38082 52423
13095 30236
4859 47667
9839 49660
54699 74812
4403 64866
47053 82922
684 60392
61984 88209
29810 90556
15522 74833
24221 49393
8930 79615
48188 78028
26667 60779
41545 83798
14365 43631
7823 43018
25331 53110
54132 83147
9055 59694
40790 60352
6832 76636
67202 69148
22898 27978
31726 88700
25138 37140
602 57849
14763 33029
33053 42026
18744 52497
25193 87799
36753 37322
60411 61554
14406 25251
28058 68882
64876 72137
76641 76976
19430 74948
43181 57116
49167 65610
33588 55887
12708 20708
63691 75801
27236 72076
14743 80876
55108 60308
15630 16944
35559 67800
84915 89693
3165 8602
72298 75219
23919 41574
8109 88319
16642 83532
4739 69381
38196 84662
39507 44284
6100 57400
6381 6821
4161 14424
19448 84015
35137 49301
72754 77156
12966 26831
18387 77171
24627 65419
54005 67623
59699 88565
33673 41403
52933 62465
14423 16365
57349 70672
11202 20547
38647 76335
69899 83608
38138 62894
15441 53500
32791 51484
42020 80705
2531 48964
32151 50184
7163 57377
27684 59606
58825 67111
28384 35425
24704 80493
39843 79779
43343 78023
8121 16064
45000 74024
32649 89780
7441 11007
28430 79992
16358 71240
33911 91499
37671 45303
26015 73415
22284 63390
4449 68703
25423 64560
10745 85797
34863 53968
18960 42628
56292 81672
13894 22006
48115 71261
41533 42998
1278 66310
35742 45115
21972 54794
5329 11211
987 12172
27186 89447
24823 81680
20378 70456
49603 73008
30580 77638
25951 82359
40878 80804
18478 51465
7127 75990
6065 15247
49494 49559
18407 27822
13753 32050
1088 17750
3339 3664
47476 74079
48 82442
75757 79774
23024 90726
55861 56515
34969 83765
66878 80111
21631 75427
11084 18025
31011 88291
26514 86443
25119 61215
7623 13688
8943 25820
47541 49490
53603 68840
60282 84374
66778 70728
13856 26376
61729 68805
49465 54903
61257 68993
67545 78484
2117 41523
60147 83379
10622 36485
12248 51766
43293 48670
69900 90273
20206 79467
63159 67378
4741 86958
26179 56262
74237 81104
29209 31332
34503 52890
60750 64496
6458 7985
20951 31566
45739 90431
57492 69180
53339 74187
15984 48917
23996 83345
55790 62132
10289 85887
33818 88915
31290 58058
74879 81221
71720 74740
22595 64291
75019 80630
47309 84828
38567 38912
10278 46053
21054 23811
10888 22140
40976 55294
27938 36732
7364 74364
42639 52221
3444 75971
62125 88713
6512 24378
56655 64587
18041 33717
41170 73130
29308 47901
41650 62852
18062 64495
41090 42635
71448 77598
47811 79798
20779 35801
12363 72801
23103 31847
29985 78778
37206 81807
960 57390
68300 81016
7839 51097
36085 69036
36528 83928
61665 73287
41621 57158
42593 69514
68985 74894
53402 86221
16824 51537
368 86719
43229 86201
19198 41599
20006 31786
63481 66684
60563 82450
21935 82113
10466 36077
13314 80100
8449 26880
49656 55154
50600 82720
6954 17934
17590 42783
9462 13489
629 13733
20491 25091
62721 71820
13731 16729
54885 66887
55205 60428
71985 83490
61132 87682
32817 68276
27399 28398
31534 45571
10698 86577
6583 43639
73714 80911
24731 88038
56500 61738
528 32182
2798 69067
69383 79928
13755 67652
52198 74769
21308 79799
6809 72921
5687 17438
3038 39437
16974 73975
64302 90702
26537 91580
22846 90832
3313 5486
51242 73179
66620 89225
18696 74304
3673 18223
46424 55598
28067 83791
3052 62706
25419 34371
13113 62666
16483 64756
328 36754
33858 72162
4383 26589
18149 57496
14828 29693
24121 61894
6004 69463
24930 40258
7674 77090
54218 62754
10861 56307
46867 81220
62767 73073
12503 25300
41163 58155
29490 64294
51810 80602
38707 65978
3804 38810
23664 57066
56074 86515
71713 80435
13988 75579
60320 65258
13018 31152
35424 71625
12736 64581
16171 68454
54520 72404
16159 37298
53724 84068
47583 59208
23185 53594
20767 72292
24149 25470
7219 73667
9382 71819
51564 80925
4179 70704
38498 68058
44929 47248
6895 81937
34981 68296
20823 25517
66800 79307
28288 55892
4886 12459
19703 66398
10003 43617
28325 85099
25268 79981
13773 14586
43204 44209
9239 20379
4568 10713
3361 10233
21083 73610
53738 80590
16768 47785
7776 32669
40867 73117
63996 64083
29497 83499
12296 89450
55776 86110
29587 79864
31679 76895
37981 52348
2823 59916
72840 84384
8614 25676
49528 66661
3884 18076
30795 60050
7194 67754
15216 58535
743 17766
82954 88700
26809 54884
10975 78860
63422 85684
12230 32378
13247 18222
33009 65452
58711 68764
5977 6799
61221 66676
7164 45906
66112 75203
25250 30258
17121 60143
37547 87896
20881 30152
18528 76990
7842 38973
11034 54088
58793 67664
11759 72264
3894 20066
17073 88061
46492 47163
51013 51536
47858 54362
38442 57436
1343 48270
16171 46653
81358 84293
44405 88966
10999 88344
42093 52348
63035 76194
29082 65620
2240 45868
17012 39558
20798 40029
24633 61658
35685 67233
6617 38114
1024 90175
30425 61642
39575 90650
74384 74860
59025 60658
46230 72506
7883 13667
13061 37103
24437 71857
65755 72224
24326 78587
23427 56089
31351 89463
12387 83794
26507 62465
48971 64819
36118 45762
5264 53649
56853 89793
52046 77655
49173 72451
32652 70643
46672 50859
13182 20036
3846 82126
9469 58899
5240 23660
77677 81918
14512 26368
15905 54986
35410 74604
18997 71081
603 78915
70289 90980
41938 53890
17236 26203
7378 22865
32345 90829
48983 60913
2999 59138
4987 87583
10565 44031
4892 81515
30356 63737
3487 74541
20759 57999
35981 70974
4156 70097
9418 28318
42597 70709
36154 64833
53283 84511
18185 31990
17926 69892
53335 71178
20016 22798
39739 42606
63556 86936
395 55046
64627 85390
61050 63758
16230 71227
414 24677
11379 76625
10977 90778
22680 82574
35336 86396
7815 28493
1155 31365
9597 10642
2011 18152
11463 38122
16545 77777
40765 68819
50778 76494
10625 43843
62271 64499
14894 88154
20704 77259
2992 41019
1958 89972
10651 54265
31282 58585
17687 66394
13510 38559
26683 49168
5820 26841
84002 88428
68124 85312
46705 77953
48850 55878
4806 54699
62383 82579
57115 62698
42962 90191
21845 79892
42102 49980
26977 41916
41306 88479
8999 71059
16417 40584
21202 82803
81297 85221
712 67651
17945 31231
65451 83884
10940 22954
60796 64216
22913 29671
60082 62316
8612 16631
46859 66899
9804 69260
13599 63795
19643 74417
15052 91363
14658 59794
36732 88721
21267 76795
7322 51493
5272 54936
163 11898
66016 79969
46465 89292
719 80993
27120 43161
34098 67933
37761 54234
73439 76528
48762 86007
3579 88749
5730 11736
4831 33458
1043 65669
64975 85360
8889 63061
10019 69596
5460 64293
54153 67380
48797 59290
25351 65172
27319 41737
50249 81706
7467 64168
1934 9750
14443 53326
70314 79129
23622 73610
32204 39212
5821 83753
21350 57415
64440 73663
27077 49713
6070 70321
4345 7670
468 72141
59517 64013
25925 77740
29539 53482
5043 20074
17503 56374
7194 41236
21262 55500
74413 82084
33878 47465
48194 56238
69860 79023
6127 27018
83711 87117
9607 17309
24018 46107
2722 10398
50501 86365
42850 60283
18599 74335
251 21347
32347 63035
48264 77077
30982 39776
3119 75459
51657 56402
33382 65284
27966 31752
9659 56423
25733 62235
51491 54665
21931 55452
36806 55227
21442 69330
46478 59204
5731 13132
9519 13345
26224 37588
18759 66801
19579 20970
2567 43383
21195 76488
73498 77138
33553 61974
54505 72188
57896 89401
34899 67946
59930 85911
545 62057
48508 50956
713 73614
48574 53389
39633 85752
2804 84022
49190 68921
63033 77916
27835 50914
21208 26477
6359 76888
47412 91432
21750 42834
55629 68711
19804 62793
1300 30603
29839 80458
53512 66040
41228 78119
64863 88163
22569 22869
60517 64435
64719 75421
17293 52556
55735 68128
19410 78690
9816 18129
18959 81773
26354 80208
57323 67723
26939 80810
14985 68531
78954 81870
40912 75151
31956 60226
38751 85393
1414 6159
8478 59643
1479 85739
31196 82349
56471 86598
82279 87268
9331 32299
26881 79445
34945 55185
36713 48951
19195 59321
1844 51645
44720 71374
52767 73020
24824 58970
25334 76911
1237 88483
35600 63375
15323 32901
4492 68209
1334 22729
55589 56827
18204 85546
1739 26879
44690 86800
11891 28867
28255 79904
4827 60009
41504 63368
2884 33829
25655 58742
18310 30959
64922 84788
46591 71662
14212 78482
296 48889
43230 90423
20549 35748
36147 52740
28902 57347
9549 11419
33634 73964
54592 66842
15270 66236
18668 85207
32399 89213
61528 70716
56262 61545
28794 85681
18767 69122
15744 42034
52031 57301
37760 57623
29279 41104
58922 91230
39536 65154
13293 22944
4506 50240
12439 57984
33451 82427
17026 22179
29807 56470
64680 65644
2886 36249
34999 84491
23709 68996
22019 77367
82498 84933
3643 84739
54038 58793
11308 44402
14385 53819
1171 80417
41748 53908
48276 61531
77955 87861
25266 79731
56222 62889
32706 53408
76450 80465
23780 82446
20037 44992
866 24137
621 50356
1844 66041
10737 82835
40948 70902
29784 46488
42850 50783
8562 80159
6565 19804
26426 70039
21129 43910
74025 78932
15110 70300
9444 12939
5869 55560
30272 67043
7086 46350
60950 64415
56862 59182
7121 43999
51009 69059
3318 10400
29340 83803
75796 78985
4719 20089
27190 60531
41707 57304
22312 32723
31828 87835
40879 83185
62100 69269
24434 45347
61322 90980
17718 17799
80888 85168
3093 66411
35296 91310
47215 76494
48365 68080
58128 79117
53091 69002
41928 42699
50511 73636
3500 68751
10884 35266
53054 79305
16504 72995
61104 62079
14193 81454
18264 73230
33203 37833
39082 82848
50297 68167
36150 72970
8811 67448
9330 53848
27062 39517
25421 40244
79034 88011
31013 88898
57407 73877
35479 44203
40030 45196
255 87372
18517 21693
27562 77571
27211 45250
4159 7146
43634 87784
38577 57151
71437 88046
44517 48932
25548 37352
15437 89527
35905 44303
60565 84554
4303 24877
63159 81831
2529 33394
24867 69761
46261 58862
36917 83142
63196 83174
18966 69824
7179 36026
40484 64238
11082 57716
48301 88635
10139 79546
13390 65973
49178 61727
14611 16319
50294 55777
47463 66710
80143 85237
40346 82211
8831 40967
75598 78677
37350 72726
37253 47856
7974 80291
73188 85831
21676 41472
20751 50829
369 32596
34816 85549
39864 57446
74223 75761
45913 63964
9453 56136
10232 23753
55501 70056
34014 78638
30918 60208
54576 70283
2833 42300
17130 41186
9667 76097
12383 77263
60342 86594
55554 60758
11994 44565
7693 47810
11860 63626
69580 91073
28805 73142
5385 53186
50991 88937
22047 36625
46692 75461
45652 65830
19276 90339
55984 67710
47785 80021
20511 77909
1611 24527
22511 23036
11183 67170
37877 84801
40135 63332
33572 88644
82506 83706
23852 54851
9146 63685
24901 30743
34707 43108
27432 40001
62450 85908
53985 76503
59208 68685
50019 86650
45756 48438
83089 84549
41795 78099
75980 86193
7521 87091
26332 82367
52158 68731
75562 82566
5755 48973
36580 48552
63943 64068
9214 34962
28461 86621
38366 51247
17880 64864
58854 60290
3416 49464
44365 68985
78272 90546
56297 83817
950 88119
10536 84530
11914 32396
13897 69166
31688 57511
25383 69740
2825 41440
44317 67594
25307 66783
41639 79214
7609 75143
9216 47041
26616 46000
4257 6502
67853 89698
79204 83550
14730 25250
31870 39532
55662 65024
64155 90245
32044 45113
72798 90064
14836 76682
24987 69413
64658 89231
11280 50214
25470 54451
39338 89207
13886 63220
34999 88594
3341 74887
64366 75711
23499 60662
62279 66566
30384 53084
15652 29407
40757 70675
11904 87586
36267 69153
74555 87850
42029 62815
47600 52262
64000 78264
30778 38036
34373 54805
51134 69200
41497 45684
49053 49260
33774 57739
12200 27240
65259 84601
31273 68408
2487 76937
42816 45960
48341 57853
27120 31747
67798 76592
64732 85874
38788 44714
1291 12856
37191 86083
2281 87336
13528 56754
31576 46322
61860 64846
25039 29245
27591 29711
32786 67876
46386 70078
1833 42830
28443 49921
21793 48289
75744 85576
40859 88929
22015 82885
53694 76830
24745 61433
44022 84736
7935 32911
33142 44036
28125 39863
24562 49198
24458 83624
44131 87159
80412 89645
1152 24081
32586 38447
773 11858
53711 71740
6939 80785
1989 14646
15979 48015
66262 80604
13729 90973
40276 70148
40617 52264
36673 88551
25666 85815
43373 55808
49129 58281
66050 85211
1210 13800
7757 78699
15943 40193
21578 36063
1868 7010
17046 85128
69882 81606
6522 29555
47522 52689
5310 32025
66679 86096
49729 86534
49712 57470
22580 32416
401 45460
7685 52065
15395 33324
71438 85782
34804 48869
38427 57221
62826 85914
2191 84558
81880 85074
24833 59387
56022 56275
67937 68331
57641 85180
69534 74225
8779 87685
21852 72316
62678 64001
17045 22140
29947 76027
17423 90257
72910 86783
30603 72728
29406 70870
75176 86042
80904 87749
6571 42008
22164 69934
6705 62380
33756 91531
39928 48423
27301 81069
33552 87237
26863 54354
18929 42110
16019 83907
3700 10723
10893 12251
23081 23426
52504 66377
56873 58979
30890 49090
25429 78088
72207 90898
1834 27873
49885 63690
37496 85895
59724 61425
61650 82931
20631 82558
23400 50467
18681 75209
15142 31554
30844 85651
82387 83350
9406 32327
15229 22704
65734 74438
2693 14207
30779 38456
29480 65893
33933 78611
8341 78440
66300 86314
26903 51988
21058 33147
23988 40893
22250 57856
14883 76156
14333 58782
46255 54233
38072 50781
40593 55478
46240 82409
1055 46519
38001 43535
33328 69760
22144 87910
35250 52774
45655 56376
621 62813
34070 51825
6659 55869
37016 42791
27996 40431
41243 81796
74000 74528
63343 67425
7463 39052
62443 88251
20180 64007
28202 65140
909 21553
59264 61133
6981 27688
18618 20062
10650 44516
13109 78226
34298 58048
45285 57492
39551 76954
26332 64028
36900 87654
46949 88639
16527 35585
23975 38098
40105 80395
48911 52029
5488 81404
27128 91238
31325 43910
19483 88993
63655 80305
8264 55036
46456 89131
45376 86438
50576 84859
12028 86100
82262 86168
45519 76781
20721 47123
14380 28697
43190 80912
24856 41808
19416 28175
19019 51614
27616 37139
16568 57279
36156 40960
14932 82399
3171 77205
16015 71218
21765 48012
64831 90350
5968 14867
18202 20297
33467 50895
2521 33926
7669 48239
5250 5860
13388 21258
26291 39658
48525 74680
10280 75761
960 45090
41155 59808
9740 38021
24947 26352
21837 54132
34950 45649
77145 90491
6286 16659
44100 73927
9920 41089
127 64795
32361 86581
37268 60016
29367 42846
71427 89283
11445 86986
2394 62233
13771 53562
68772 87464
21303 78480
54976 71982
48118 74956
22144 26487
35 13171
30354 90826
15017 70642
9555 28114
34527 82006
2773 24409
39157 50270
56158 78912
48391 58495
18609 37696
17490 48310
35833 49239
68103 87508
2853 76771
914 2294
3962 75498
10276 84097
15580 69239
7361 82622
17831 51117
22583 47035
50855 63865
52034 85240
64708 86056
82478 84672
9933 68069
32282 42595
30622 79888
2055 52978
21101 23461
19567 68990
58993 69640
41314 58952
67543 87079
55610 80611
64509 81613
49937 63777
5842 9284
32567 46724
8723 21936
43170 69461
51075 67934
2540 85454
29398 56593
23875 73673
2418 65532
52987 75283
1207 91193
56871 68398
30591 51581
69797 90380
40880 49103
18321 38682
7527 31167
4824 66940
50569 81638
58531 64795
1084 74848
23473 28414
42538 75853
38928 85560
48407 59195
41438 87878
2165 18272
31442 47066
36300 67814
49349 70119
15447 71754
19638 19934
48157 76094
24325 74645
77088 82478
75407 88049
331 71916
7207 90474
83661 84217
27602 30786
15134 69832
26600 49117
5711 80137
10607 85684
49561 57668
700 20484
7528 19534
14389 52484
33577 56567
34807 76407
19630 37162
20527 79885
35630 61329
2593 11866
17571 43076
20013 21990
60128 82775
3904 41685
27319 38540
21943 73984
9022 50711
43112 58952
62378 84912
60310 90908
4947 79311
41433 76920
24549 28114
64587 80680
72235 85296
31234 90443
29045 34432
53844 70966
24285 64318
395 62851
83577 86775
4913 56547
34280 77567
23423 70441
8135 82487
1471 81804
34610 53220
12417 32423
20426 35633
35027 53613
26081 42076
7099 77378
43515 58473
67531 83811
36882 42984
2161 83944
49277 82414
14458 62207
6870 64318
56152 70211
16831 34413
9770 54633
18299 63835
40564 84636
29247 78368
6219 69988
32 71307
37132 68149
52758 81038
29841 84769
9261 23069
18333 72563
12306 83082
57794 83617
57125 81992
30335 63826
14035 59245
35106 78363
13168 90379
24873 69334
14549 53640
17984 31380
60487 83591
3306 5087
47027 61054
43670 60798
51234 81217
19199 40734
5298 5995
16555 49653
73488 85492
42253 85713
49703 74321
29116 30608
26805 63081
2001 65689
15848 67459
44411 87101
68573 76717
47182 66041
35592 60522
24825 29115
7399 88710
81374 91328
67036 72990
13408 17654
44728 65765
48132 60098
50599 64326
12466 73954
47680 71278
37944 91016
50272 87105
27291 79071
10291 30882
42453 80707
10959 90832
12328 14497
81631 85232
48306 70662
14969 88641
41749 52100
6979 85904
26674 41453
52538 75312
2247 20537
1554 77241
56348 59912
4793 78216
4457 53537
3059 20175
67177 72855
11479 83977
45873 77799
61109 78444
47897 91076
40331 74767
12669 77444
636 7288
44115 48411
17511 23844
55878 68402
31808 52761
18816 52978
46587 57161
53214 58247
203 12682
3952 13210
45866 60679
42244 49871
14570 20707
22126 78819
29006 71158
15563 59302
35075 37346
32879 75348
15447 76774
22935 39939
84689 89660
24839 77363
9281 60013
27784 80154
46895 81565
67438 74738
831 3041
72156 82743
38999 86539
37726 87470
50984 90151
44400 85208
35903 72673
35460 84488
142 31313
39997 67308
70876 78257
34811 38795
35256 36631
12918 81281
22103 26736
39144 46493
9402 9696
6758 60393
74309 89223
40091 85219
19661 66910
56069 69975
14345 35346
19707 32439
30490 33518
30718 37655
38084 64012
17721 33440
84154 86173
42805 43271
20762 39006
75658 82496
17426 71815
46010 75257
8844 83574
48045 79600
43548 82441
46459 88007
45733 82048
68463 85008
36799 64837
64667 79846
46156 58933
23365 31803
15291 44477
3449 48596
33974 62822
50621 74579
35556 52072
1660 4293
16946 77888
8571 61679
6726 56781
70606 88789
57716 83714
14366 42996
63344 82782
8197 23405
70751 72272
2855 58034
28567 62819
15754 43590
41660 83421
42932 76428
19494 69452
13324 82370
39713 52621
39917 83887
1758 12497
2305 31434
894 34564
61469 90025
14514 45607
5048 30763
8731 9367
18242 71043
28202 52374
50143 84658
834 59285
16185 75449
29248 30329
28149 79591
19156 30816
20746 84295
27848 47389
26679 88547
25279 68644
32387 62709
23718 53223
73686 82085
29114 71761
5922 6937
50365 70834
21925 75627
2297 16889
58098 84189
17525 27340
6007 32800
16673 32208
53477 85220
10827 27730
38890 69336
37235 79536
23428 52306
57598 84195
4517 88321
9795 31446
8858 82058
182 71423
1726 55576
24269 60312
56104 77708
19731 32425
41424 50218
71113 73581
75227 82675
1878 3429
45057 62628
5409 6683
46362 67646
44029 57259
55084 77835
15042 57366
22249 55660
58921 66581
7288 12489
19530 44865
18931 61647
2610 45884
13913 82025
18173 42363
42739 80759
40875 62976
15723 33675
3353 56043
80208 83804
25935 31279
26452 27269
70027 90766
29491 69095
69007 70576
12002 58577
17164 52086
53581 75641
7482 63498
70266 89345
18406 66691
36013 39574
15284 68607
2146 60771
29102 47337
9236 31633
10341 40119
63575 84986
11932 28041
54504 87946
9841 49725
28500 71128
54946 91204
7999 80593
86010 87921
1919 52698
3888 63314
12151 53536
6864 6949
57819 75739
40402 63747
485 79395
31524 60172
10075 55840
56833 61002
4097 24879
34898 74311
7022 67725
3946 8832
19722 37537
39084 46773
13580 36648
49682 69930
27117 37676
34479 37624
56201 85582
2908 41900
42469 89249
8350 37516
40522 50289
3143 89828
26609 53739
54835 81081
70247 76670
28572 51786
2723 29811
14742 23510
76807 79656
14589 29894
2464 70740
76375 86359
62037 63972
31482 82395
39132 47697
3816 83565
13133 66004
1306 2069
64761 79087
36674 90240
10816 27128
49858 57473
25644 88079
7332 29118
35344 69992
17091 80879
12748 71505
49254 65710
32278 87075
16197 31266
6480 39524
45231 76467
5463 67126
66249 89799
25347 76740
74796 75147
3817 37153
44280 56836
12055 41745
13299 32759
58930 77756
44407 63205
72593 87429
49081 60140
51786 71883
8572 77929
83 76333
55127 57039
79935 82636
57220 77269
66475 82800
56893 88134
9874 47190
69884 86910
19975 42841
5318 19402
40125 65646
14042 60010
73296 77429
54340 58284
52675 69218
5245 12922
27274 85495
26583 29397
51562 87048
55763 61671
2812 67086
13831 85548
18292 51561
20150 70580
5149 84535
8265 63402
39274 90306
2435 70493
76674 78694
50293 57653
40991 55195
45777 87132
62148 89226
5791 56586
23375 65213
39657 75725
36068 82838
53637 87563
7658 79072
11745 36071
46390 80039
22386 62453
7014 10731
23968 45202
5297 18291
39455 47751
4816 53851
11183 69704
40525 70560
13786 43530
16495 35671
34389 36162
33273 66130
42234 52557
39543 90193
19669 56615
81871 85397
14681 20712
36791 71706
1135 22432
50720 61817
36770 41338
8259 65574
30642 31492
41954 90420
53040 57526
15247 57172
68366 89538
62467 81254
30657 58738
41214 58289
28957 63326
39795 44066
68987 84528
24609 35330
1662 56854
552 32556
1797 43644
58484 80805
87211 90725
24686 29678
22300 89552
78465 83209
10318 23760
4068 35956
31658 55644
54908 63109
39706 53186
30340 72655
21506 74997
11309 59981
2093 53564
24169 73341
17782 66046
64233 85851
58343 79008
6799 65488
4143 54278
17620 69522
38917 84954
27986 50720
3067 72276
43872 72361
18004 57766
56867 62320
29644 88001
17287 68474
2772 71593
15722 51421
38789 72849
40293 59619
45587 70800
70507 81939
34678 40620
55440 62130
7540 51115
35614 79446
14604 50434
60973 79889
10334 55257
12872 81352
3837 66822
52588 63302
13340 26900
10283 60423
42990 70285
8755 75398
30309 48586
21436 76238
10898 61020
30419 54606
14438 19504
65176 80925
48662 60817
7151 28211
16659 25843
2233 88258
18105 59077
45826 51281
20315 71217
13680 47179
10771 17627
809 4117
14254 33003
19043 88290
19359 57743
9022 68765
16275 86549
52275 75526
3067 79383
55270 68157
20263 82005
3108 63756
39084 66120
59371 91227
9663 80016
53614 79161
52450 86231
7220 60039
76393 79994
35333 78925
21682 72439
11005 72764
58966 85031
62913 90564
21685 73577
5625 23848
51968 63347
45931 53276
25950 64913
31549 55627
10782 70538
74895 76934
26281 67859
37456 74043
32423 79078
8388 31245
39244 78006
21772 27407
8520 61714
26057 30280
7569 8417
4399 21345
70365 71353
1073 43253
54186 63206
7273 86004
288 74335
74513 85741
70920 73349
32129 84908
16836 21623
37084 78216
26195 38114
52002 86643
19026 70166
45620 74274
55811 73540
52821 64159
13746 14422
28286 85001
21694 37460
8690 10734
48545 62647
16523 63576
6656 41444
9386 64102
20733 27775
15578 17061
13054 68522
6553 55745
3778 69938
42181 84328
52742 53385
40935 57963
24277 30500
44687 45587
80505 82226
27963 83352
75386 84902
6235 82253
65252 87513
28206 68875
1404 10792
41750 86300
8579 88159
10226 65327
22125 74636
50075 54056
9160 82000
785 88968
7940 58110
33575 58802
15264 20602
50055 54205
11123 70887
16109 61580
4600 51126
62044 79778
7997 27400
9832 65633
24490 50987
33716 51751
45384 81448
25148 79881
23996 63465
3487 40395
42990 86840
9115 46973
19219 61920
1313 68288
15541 76679
24234 33027
27577 71133
16059 21337
204 65364
7420 30867
5305 46413
17849 68443
28945 46955
11021 16086
29165 35377
23376 57568
36757 72381
28644 75019
26682 53620
36092 72064
6261 9214
23063 73717
36806 62118
12783 63052
6749 7523
41954 83368
21303 28044
10055 10904
26848 72657
25766 40564
28327 60800
62049 70743
12954 87337
27328 82167
39613 76381
30496 40614
59175 76057
18493 88414
1809 22737
4798 65748
58543 79548
14120 30238
24330 36216
42911 71535
34971 52644
22374 87282
9466 15805
28344 42562
51844 70628
22272 62587
718 71741
36467 65105
59810 81119
76425 79591
16494 17123
2259 8886
9469 78193
11580 37541
39420 82841
16633 38583
64147 74172
29954 70454
39686 50685
4069 16789
2053 44919
45632 57722
26888 50300
44844 62792
54671 90854
4050 60098
8762 38717
953 78132
13416 34699
20518 81809
29406 85962
61409 77580
13664 33105
10631 34276
21278 65419
24000 67090
26534 74219
43628 64722
7211 38414
35833 41268
44305 69579
56654 64864
20857 59780
58373 89788
10159 12298
12513 59220
13077 74419
36728 64070
66964 87562
68999 90620
38077 66546
29386 35079
57836 60068
20269 65297
10454 69368
4637 90425
10540 74242
4156 19923
49723 56166
16997 67939
15461 55727
45259 59735
12375 45087
5669 58258
594 21050
61230 88112
29488 85424
63891 83954
30190 85786
18776 49223
57360 63740
5576 54567
72579 75200
78579 87340
58162 76395
46923 58075
2610 60948
4076 20902
15388 59895
11096 43649
28596 46839
37746 62645
48181 58652
64342 78292
31594 36132
48421 89982
17184 35846
51910 83220
10676 61594
9796 90496
42074 47946
24092 47396
12734 32529
521 84298
8148 20531
5480 35186
35513 68585
15490 81039
22055 66935
41134 72264
39577 67490
42797 48030
78163 88681
47734 75206
10986 54770
42534 72444
8650 91549
19147 34627
62001 77279
63123 71455
6845 23259
19235 75968
39444 57240
26196 30729
765 43888
34293 71079
27074 77838
3556 64567
51280 65807
82808 88244
32607 62167
66002 91380
17301 36407
46885 68077
20431 81624
3451 70550
47477 61047
6439 65632
27684 60895
60374 68714
3673 41900
55026 57241
50485 73809
15140 26321
2146 51623
41824 43876
35248 47288
22808 44874
40012 69346
31877 41035
43413 65339
39126 47308
43530 75459
43404 83550
19756 34537
5785 34061
9163 29859
14377 30398
20728 65673
25758 82782
18097 27917
19616 69353
17779 33623
9537 26134
14623 81462
54593 89858
9988 68184
40166 61672
34034 85785
20912 53995
52403 78881
6310 22920
8631 23625
63477 65934
1212 9666
22898 74807
63144 87061
36692 77662
10901 19171
74941 90840
41756 44960
34283 84248
35320 62715
48882 77689
211 3977
18058 56331
6025 13166
73770 86327
3308 3387
36809 59421
29194 77933
66747 72702
55232 89979
30302 32254
21285 88598
8377 13964
85883 88561
54179 68943
8826 62526
3141 30413
43444 81661
52066 59128
67443 80540
36250 56513
15097 76614
9164 74304
14028 36215
39703 80494
7912 43159
33622 88356
5041 36764
21470 77724
4523 79792
36547 66436
19137 56870
30720 79913
32621 68887
5402 58639
21842 37128
37200 44590
70257 81014
40160 50765
42173 57813
9344 63267
913 18545
63894 68760
73066 82364
1275 18762
3187 91413
4411 51550
15699 85903
41873 47720
8790 59129
15703 25543
7665 86366
27371 72829
27311 69514
80070 80350
19471 87858
9897 50445
37310 67028
53508 80918
60945 71127
18795 44022
76392 91654
8029 66483
25830 44297
60922 83950
45227 72722
20669 39625
30261 67494
48496 55010
10670 16260
65978 91294
32265 34965
33087 77122
25843 28590
34704 66472
26920 42625
33093 86805
68469 72245
16467 46469
2647 15564
22646 34202
16010 23085
5801 26562
23594 58134
62402 75489
49521 59225
25623 82233
44998 63872
19635 72037
36909 79842
39725 41811
5463 8889
28712 41999
37192 51651
55932 62310
45731 48120
63517 72902
62405 81655
9412 81743
10976 31886
17447 81184
33162 84989
34347 85714
78005 78540
28628 39275
36146 62580
22236 45713
49116 82237
6374 50603
40139 48763
27475 59194
20180 32109
21244 80097
59274 86112
1396 35980
57345 89536
83123 89171
13975 64721
23615 58208
34080 39371
7594 73648
36287 85591
12755 57517
41678 70942
13371 69123
2719 50026
8913 30290
27452 86840
42627 90697
37357 57454
45437 75223
29233 43207
72596 85071
15590 38621
5989 88078
43744 63010
48415 78387
25545 79512
21764 89463
13878 14791
15238 67333
1571 20703
6704 51134
12074 26628
17835 35277
11300 30780
61716 65877
17655 27182
44065 47045
61637 67242
17335 76508
47476 64607
29641 78158
4013 85519
3822 72071
53267 56306
37815 72492
12761 13765
78961 85669
59660 68499
56005 75615
849 65231
72308 78469
34472 41866
19642 64085
50874 90116
2137 78586
78698 85852
42861 91349
28246 43092
23898 49006
4758 20068
33720 86354
23496 61095
47199 49012
13336 73057
12456 62589
8683 44611
2049 43421
14916 66602
11491 58067
78288 90928
27518 90935
18622 28661
949 10818
66862 82842
5391 37304
11908 83693
31572 39422
80591 91549
22784 86907
20257 67875
7179 53810
14200 17902
63058 83448
83113 87718
30915 84589
4664 25173
71519 91598
16216 86213
2952 55804
11105 18523
34899 36995
28771 56634
41812 59489
39779 84967
44261 66855
22552 51227
77510 91391
33938 64405
194 55927
41790 57556
63373 74589
16208 86657
29121 85811
19496 64401
44886 74420
38253 88286
50357 73781
17370 85471
17674 89552
8577 90073
25490 83698
32920 47372
6866 62195
80756 82645
35979 69579
82191 89825
73413 74307
35573 39325
46795 91028
7956 57211
48450 80994
34858 72544
41135 87111
22986 53833
63044 74153
11881 13846
32272 57666
32712 33095
31315 89492
58449 62077
30630 39071
25622 77945
30075 52114
18884 48696
39767 64020
3895 10596
20807 82933
23076 40723
42766 71806
38554 43227
641 37462
12128 68363
39904 53260
25185 44534
49486 77099
1779 65255
6074 67704
31913 41890
36912 40820
46573 59732
20850 91616
6118 24582
84055 88058
37016 82366
16580 31608
60759 69734
47634 57934
31974 82376
32409 80229
27644 88058
33757 65159
38648 46493
36269 78582
14168 71761
52125 72606
7784 70294
72255 77971
27366 49684
8140 54549
10255 46902
64654 76904
51357 73135
2231 49982
29065 76435
66376 81827
49692 50248
59597 71691
8656 58469
18302 86406
43419 49360
60794 78592
36327 64164
8588 25604
64102 75048
13989 40181
3644 66148
14428 88371
61876 75910
61877 65199
20770 67937
32970 69203
17395 33827
42218 53944
11837 79593
60409 90080
35889 72013
35567 39184
21908 34602
3857 86164
8664 85294
34657 82286
16568 30477
2326 29386
25929 65499
7960 44364
5377 31254
36495 83387
25838 36458
67735 88353
12675 75226
39523 75922
9177 57382
24522 79124
41854 61638
35445 89278
3693 25463
23232 50308
9234 67895
24047 59270
25917 32588
24016 25426
13740 81258
18736 26477
2842 28100
8409 73702
61786 68477
12162 66321
16715 72567
58755 64851
34964 88691
25841 64960
4522 56198
7679 21594
72837 87711
6658 75699
20298 27091
3173 9547
26990 39393
21738 75369
27812 67441
419 57180
44585 54943
51893 81009
11033 42872
12903 64974
8386 10214
64723 89373
42513 86131
18861 88220
57422 84106
46604 57908
40795 53098
9484 91040
28500 47134
3629 60467
9529 37741
66740 75600
8287 14136
35454 48545
51369 85113
52437 64520
68597 85664
12277 50267
19653 38937
11594 37567
32948 40074
35340 70264
20569 48903
39759 47373
1974 12399
20243 82358
23085 26622
56281 77475
39838 67322
63033 90723
18242 85651
13769 54697
10435 29601
69881 71268
27521 39077
19866 90827
17361 86833
47816 84688
38309 65116
32635 39976
21873 34212
9242 14028
6779 51780
46485 58254
2743 24355
86004 86094
54007 69461
22982 56354
317 37136
37269 62969
75008 86248
33487 91642
9647 68523
31671 84922
2906 71185
7313 82435
65533 85670
52801 90843
40485 61699
19583 83552
51408 91381
39383 54506
9032 87538
13845 48991
32548 61830
52068 89105
57436 67582
32479 63127
21313 89390
26869 80744
32668 50684
23298 39021
73892 88296
44005 51930
17572 38110
25629 30354
73976 74170
15486 16077
38426 70810
33842 84447
1591 32125
40882 77854
71569 89590
1789 29452
54111 59320
60202 90498
6253 86413
74186 74683
55155 66265
46565 70597
1405 8302
46740 70105
20329 76753
28726 87223
8466 19553
7227 33191
9637 83773
24120 77497
53328 68936
21690 71677
47004 52670
8973 50921
16034 49006
52664 89203
27288 31511
15752 83897
35301 73048
44685 83634
29389 66007
29562 32435
4886 82854
46078 72069
57759 73167
47901 89255
64278 78519
52578 72231
42795 68552
50884 85789
52921 91437
52216 67701
45496 78896
33177 73528
68600 90252
54816 82032
30849 79086
23888 42773
61270 87509
59092 80262
69929 82234
59583 85272
21691 52227
31509 42527
73821 87753
78710 90977
21039 23497
32953 70511
78296 90103
47859 65299
41263 62536
22425 46488
7239 16168
5000 46903
26522 47975
10564 54496
34501 50406
70153 74760
50500 64737
42861 58292
16823 77280
8780 45555
35587 73874
45299 57731
3050 81774
69378 73541
28795 77842
9727 47458
8688 52024
41496 57007
26991 80960
39560 55124
6226 13290
59961 83593
25483 46140
22597 33880
2766 40529
51781 61982
53951 84593
38578 77530
57062 70035
26050 28845
16781 21798
20386 47290
74564 84418
14261 33080
9981 15473
17985 83612
17339 26212
2879 49975
32253 51401
49754 81486
47971 62017
938 52603
25210 68247
23510 71350
51063 57603
28070 58493
6951 49970
70253 89105
11199 22125
20606 64668
16147 85885
36450 77868
39144 88781
22288 32464
42980 47384
1054 67957
12857 63130
10522 56964
18594 60728
16597 32137
13713 16748
42871 60020
11770 90023
23530 77520
63839 83093
34148 81350
14588 15547
65760 76315
1239 2470
54123 59611
6033 20105
30213 44547
19515 30542
5301 48471
20260 49677
13099 34543
78954 81878
42942 86147
31525 43501
17215 79442
48063 83823
4445 26877
68246 89679
10856 77621
14428 79110
54692 80793
5731 21366
41230 42036
33885 45259
31196 54006
42825 66004
34507 39307
41989 86396
68088 89374
7061 38191
6089 18634
17451 46128
38650 59837
39253 81076
40572 50088
38729 39239
74307 82957
1870 37271
55154 84358
35922 45887
8535 54141
1225 36638
46969 48628
23540 69088
40199 41379
16904 38343
12263 91294
48815 64735
42761 46711
29295 31852
35044 49409
37310 81255
8129 24408
52059 82807
3067 32995
28226 52033
5252 52783
10628 48104
24747 73408
13309 71577
29862 34889
6307 55192
36122 61234
24571 63798
18980 49697
55764 70090
37829 82403
56255 88600
36851 46896
2276 55280
56835 85740
25568 75835
54917 57252
17590 40511
25827 83547
17129 79397
6887 52535
23719 81830
49700 52961
28279 42919
9682 15555
48592 81732
11126 66709
37187 89642
37512 69860
71560 74801
22409 78951
1126 7083
15262 71601
18692 26972
44028 78009
38 12898
8223 33192
43412 45083
3042 13726
2127 27728
15524 85768
8601 89794
25722 63127
42830 50590
5773 79320
3069 9809
53134 65387
55196 86761
390 7254
40560 51636
15915 36771
75335 86205
7148 35531
36320 60311
76512 78640
15855 85856
14186 17605
1641 55585
24614 44196
21800 29840
52929 77810
3884 8748
7160 59050
53119 68359
65101 81376
29177 43685
54468 86957
73876 73970
8403 81640
44450 79724
50950 70512
17848 43635
33722 90506
15576 26974
20845 32930
40417 85471
48244 57813
1636 27328
18923 81547
32612 68480
15279 57758
39273 43253
7911 62937
53931 91375
53860 86430
18522 43402
2931 18838
5472 89952
10868 42138
78440 89157
13058 31749
36708 76989
861 10471
44526 87547
66034 90432
48487 53040
45339 55637
68633 89962
3146 68396
24437 32283
12359 46910
43516 57554
31012 82823
43858 55711
30149 75206
56237 84950
33490 81697
23452 65285
20972 30012
12910 38116
31803 55999
18846 44889
42443 85044
1013 27663
59903 66413
36728 79401
13866 68965
56900 61196
61347 81949
6497 48962
35242 37842
31873 32899
10091 62700
58047 89057
22178 42222
8731 50949
44589 55161
6662 71633
11172 17075
49485 59709
26917 78242
18272 25999
27854 33363
760 28973
59265 89643
19112 75906
37957 71493
6064 35005
34504 64712
7591 34985
34602 54934
74670 82595
48669 89368
13301 27315
11859 62869
65888 90287
38759 85494
68988 82917
62406 91355
35811 86647
58591 80883
2882 69563
33291 62018
53362 74708
4922 66796
35578 55240
23119 43923
19683 77674
32715 46889
64102 87815
1176 37697
6631 78821
3618 35544
25450 86035
88636 88703
18266 60762
50742 84351
16119 59787
24941 56919
8584 54697
69450 73533
6025 88096
14839 18115
23664 76111
18128 31057
7176 63681
29053 78438
28089 87507
57833 88819
5121 43992
33360 82287
15136 32595
1826 42770
3385 10288
46512 56195
11128 16423
10042 74881
71647 87646
42177 69980
38845 54942
61629 81408
17428 37433
16037 74528
12969 50326
70150 73589
38364 63886
52943 58745
29186 54190
59493 76903
16946 90614
5142 68994
41553 81176
31518 39265
6298 60713
23139 70651
13486 29303
57833 87291
6864 14062
23711 91019
12858 46123
9009 75930
42737 62631
22225 59913
49314 90163
24801 83053
23827 35979
42332 85978
53074 66116
36883 82759
19932 62425
29986 61044
50072 58038
20007 36368
41879 79916
7577 55885
23307 41537
44365 90607
38236 61825
65693 80688
44791 60850
32420 52541
39552 77503
59501 76382
60144 80324
24402 80171
4049 10152
16417 23765
17993 63550
10051 87737
58021 76985
6987 73865
26931 86637
15352 57898
54569 85382
47311 67604
49828 86189
6014 39118
1813 10837
29941 60136
1454 31206
3317 53689
35483 76686
4112 85594
45736 80836
15973 82738
7022 18985
10642 79823
2512 86332
16203 24222
28929 39100
31381 87895
43842 67657
2162 55923
20496 70418
30270 80004
18005 53361
44327 49082
26062 70353
24890 75916
14374 44616
25346 89657
56195 85765
28072 46189
22093 42249
50298 88380
36035 82049
15356 80046
16553 81545
42762 66979
12729 13772
8652 57071
49866 54372
1812 65836
68281 91414
3788 84711
83805 87873
19857 76562
68536 81146
3544 9694
53638 64167
25984 37555
8069 24566
10957 50954
10472 77865
2900 55084
48159 72569
53149 55476
52465 62228
41945 60709
9200 67007
5958 61582
18110 35256
30769 43583
26907 41810
27329 39214
5109 81178
29563 46065
43901 75661
1560 56308
19676 60174
41520 71052
13885 15227
43350 50499
17257 19779
627 37374
11903 83901
18614 86065
30651 60580
18097 44121
46041 52018
39325 71382
90689 91360
7839 13939
5077 71176
34500 81379
38025 42711
25020 86137
35401 54590
24453 30140
46733 52952
51132 70092
16277 60460
3366 42708
18798 85681
35071 89921
27602 87690
17008 25358
70216 87609
31910 83344
79683 86363
3950 23129
23407 40230
66817 74822
14985 32326
13432 55364
26849 63466
54099 67961
12581 13746
11533 89213
68740 84890
26393 28182
23840 32808
28862 47229
16714 19780
24281 46738
12825 68887
20383 78629
29209 59182
9716 10844
5153 31611
391 6641
54599 69024
16892 82686
2459 57552
12779 28871
39586 53694
90285 90341
11136 86150
55941 75043
15911 74328
31409 75453
27434 83669
7398 43301
26896 91652
33990 48123
18368 23840
21243 24673
50582 53738
9777 34999
7327 75847
38939 61778
18218 69406
32060 67542
48562 85370
50327 51099
1670 88984
29393 66165
16952 23128
9877 88845
5504 70265
52980 74649
42590 48943
36948 70322
1112 72920
39508 67041
5692 12447
16886 91061
16894 44244
6666 50690
18007 45066
27482 28935
9124 19214
55035 84975
19990 70175
43529 58809
18891 21161
25103 88134
54847 66569
28907 59364
42924 82226
32819 38266
41659 56513
11496 43701
26321 80053
582 89363
55993 75309
62542 66475
11903 53860
51792 84576
8861 15333
31342 65245
29231 86165
31224 66794
69549 81643
9415 77227
12785 70136
15545 62333
68452 81783
20010 62254
53185 88077
49469 65187
39512 48932
5435 82278
11532 22068
3092 54938
56615 80334
11653 56881
1587 76174
16126 34131
55371 77411
76688 80888
7761 48282
55405 85792
6821 84959
17393 38173
67776 89518
38322 57347
42522 55631
16452 28820
61280 82548
36601 89699
33629 37444
40569 44205
6778 28954
17247 85278
32777 54362
17533 37437
13430 33576
35422 73471
13283 64311
43835 48376
62215 67081
30882 41328
2179 84745
25907 68845
16901 27087
62497 91669
24027 25087
61656 78595
8575 50070
28880 71091
7821 10218
9232 13411
54221 60760
24317 64470
2991 69248
3136 83245
50365 80783
27421 83924
2993 38047
11765 37200
28923 54535
8305 25173
7438 63461
39320 43966
4611 85821
10419 36361
38807 88946
31831 54045
10606 23797
20141 82050
79735 88874
14245 48631
75437 91661
11362 61862
7828 28351
35798 38617
13105 88203
50802 52811
41073 68097
46208 63673
13117 47957
35831 76367
47954 58201
28768 49431
20867 37336
16768 32320
25430 41746
29647 77485
7113 78132
54891 82913
14125 40252
3275 66588
26256 59160
54104 88467
51983 83092
31323 62282
43604 69136
20125 55831
11586 25737
15150 79709
8986 13421
17623 29647
21045 56855
2749 87943
17471 19673
32542 45313
8030 83494
46340 78029
5993 70797
22793 78123
16428 84189
73799 90354
84109 89530
17397 62348
42616 51319
29650 78213
47864 89031
5021 11672
1932 62749
68049 83090
52999 82040
26693 40497
60362 70866
67897 71684
65550 66549
71223 82513
57258 88138
3000 35150
57899 85160
5017 10673
39311 70735
31468 46025
57860 65746
18805 22141
79581 81798
20653 88089
39546 74724
6204 40362
1417 87125
16499 43890
724 81245
57942 73808
58735 67459
50571 77732
86148 91669
42132 74896
78167 83929
30308 86882
11691 78514
7966 46616
57790 82580
157 35476
70502 87940
3112 43815
36121 52418
19406 74308
62707 76786
9632 27632
51599 53644
25300 27502
44281 78569
15979 38816
9987 66620
244 22968
28048 71976
13220 88737
38665 82398
22296 42979
49698 91112
82130 83532
10808 29776
45134 68725
26833 36675
10378 12492
9300 33083
11637 22799
6385 62045
32600 84010
51599 58765
12970 49724
27646 54812
10674 25393
4303 31893
34571 75274
64471 91510
2449 22023
31676 56778
34360 83091
10355 57566
4318 84241
8873 73476
71932 88033
6362 48276
16069 54179
27245 34382
11434 55533
13785 21784
13534 53309
45168 84758
24630 29867
65931 74977
11005 41024
28938 41730
12708 73016
30145 84038
61255 91064
7437 63957
23497 40369
9491 78115
23086 86083
11803 90727
38558 85280
53318 62613
8474 83229
18448 84158
60229 75802
25165 58622
27161 59405
29382 66981
3267 20904
18574 52700
6518 13139
55890 81520
75127 88941
4565 36845
11828 13885
51810 78438
61461 82856
12757 46739
11 21758
45951 45969
40647 67369
76026 85027
38502 42976
5530 91546
33145 88140
62534 79319
32859 46880
69150 85736
1941 63271
69965 80412
32069 72860
39764 61103
16807 51603
39574 41999
46892 87068
7573 79418
28425 50076
42152 61540
34137 37936
26635 84975
43989 85803
32548 78252
48877 82093
55407 80674
39180 73352
28256 82097
65089 78232
26762 34231
27082 81969
7584 17240
39377 61570
9431 81755
7980 85242
81241 90237
18595 65513
59159 64031
37417 84367
23680 46412
8454 82753
45700 62369
33939 80501
32255 58676
22585 66483
6757 78132
71142 79427
17162 91438
15495 24049
3004 19674
43265 65557
49321 83137
7783 29017
30077 74349
43013 46615
42668 53120
18625 83774
1313 79182
20150 35443
2784 39668
48053 58431
62062 70501
18723 60405
29082 45209
21585 41118
37778 73417
49697 86753
26380 89192
9052 46503
4777 81195
65156 90304
19359 69729
5865 44484
33812 51557
1103 38213
36808 74283
63940 66564
53624 54722
3439 42864
2728 14388
10524 42589
7950 50430
58647 74206
26792 59272
83941 84976
74882 76790
39491 44268
28202 59662
41560 65249
24130 27040
1882 13180
6143 44267
4151 27779
18901 82811
19658 22139
22986 31660
7597 63612
15122 81893
67608 82899
23016 43316
66296 91066
55745 71494
34423 74676
65211 88891
20111 91308
29670 77120
2175 63538
11321 30840
56532 69587
74686 76953
43275 84114
10455 66330
22659 57021
43385 90901
61549 73604
40632 68676
9794 44483
21921 47399
21048 55353
54682 89051
8058 45910
49875 68411
11551 90581
33395 76478
13877 43041
40311 78316
43681 44285
30591 37000
49224 80890
83034 88162
2030 8599
11613 49416
37200 45612
12336 44421
947 55771
41771 57303
57885 64990
2249 4843
13881 88369
3141 72216
24636 80429
72519 78620
67965 82314
2130 86579
30423 63453
33830 49691
3729 36601
40927 78788
49721 90668
21044 59764
30164 38137
24033 38008
31947 91633
57928 62492
25381 58070
19952 58314
4561 7366
33143 82631
58336 65122
54803 88889
29786 42113
9412 54982
3087 27642
35279 69245
4353 59547
4517 37226
54767 72957
56723 90206
11830 81935
3133 20397
43415 90382
6683 36106
45993 52163
10155 73691
50872 54282
40789 55266
1904 41525
28572 65637
35852 80199
17148 54933
39958 66461
19363 43093
29313 39879
15467 26553
18346 66168
12129 84129
18202 84151
10702 75025
30235 45536
84832 86713
17685 37342
79267 84803
33062 41563
41196 49071
48047 62348
62067 65725
68611 69068
17711 55198
25672 63194
28076 69190
50814 71463
62093 66167
52953 82425
68721 76538
30587 69193
28920 46316
48155 65653
25677 82401
45406 91312
8784 16575
1672 84568
22671 87065
46113 76404
29375 31250
17032 71750
36885 53784
9244 60201
12780 45540
28357 77889
27120 47776
7206 78584
21330 90122
13766 51141
15457 29572
79996 89279
45471 75188
64501 78821
67177 68757
48302 70643
28444 34912
33920 67589
30194 43259
41197 73319
4167 86732
37562 59379
38885 73408
12346 65497
7316 46501
21537 25754
3833 29584
37465 86802
49188 58868
10602 41528
25689 41589
7940 49839
11918 42554
15642 49460
8318 22408
4680 55365
9616 62298
12266 53086
41220 55411
44637 68707
9832 58018
44616 86593
19292 83119
46344 86321
3809 30928
43831 66454
37104 70794
4994 5597
38544 78134
60592 79237
45142 69787
47460 76359
33292 52604
34888 79689
68236 79907
53455 66471
34613 36636
30431 90527
18332 48931
19712 53090
36576 79685
27071 58697
58350 91108
5079 79535
3478 83572
71517 90920
22419 54111
12311 57676
59902 74810
19381 55474
28427 47611
86 63681
32887 75797
39559 44718
27896 70275
13830 17495
49097 68258
12261 47416
56659 66513
38314 57074
58372 59173
2113 37997
57337 61152
542 12991
16014 76633
43883 88735
11639 50108
13707 81519
8862 41811
32458 44006
24945 44983
16808 67259
9813 52094
25772 64575
4490 64136
50983 84802
54480 66710
55759 87381
12291 89705
49198 52571
74554 81620
58079 58282
50908 88842
12919 65860
81940 91611
33476 38320
12160 52883
73671 83935
4415 28070
15952 24910
42979 91670
56351 88727
16310 45774
5559 64281
18017 43404
12700 91460
54861 56434
50667 83570
25047 54036
60161 82835
21264 86335
39251 63413
35435 72483
13775 51286
47329 76196
6037 20465
5995 40226
11678 59403
25182 78925
66958 77054
41081 56677
38666 41649
40277 76457
6776 11396
31802 53992
71350 81724
45486 85708
51768 68741
55689 88207
58275 75003
9800 82974
28221 77478
4584 55713
81264 82351
40785 79557
5967 43024
11252 74875
24148 31951
59043 63129
41894 56213
19714 39929
7360 22114
56895 90157
23399 30214
37191 69327
9807 21606
19235 60948
11696 37236
24937 64501
59334 72037
18598 55882
26254 34117
65245 72917
64876 65757
7485 27907
39107 81570
56625 80361
27740 65466
52507 65333
52823 57297
28138 29856
8461 75882
66375 84500
40942 53072
33816 64255
25590 80421
18600 26793
20654 50291
23900 43619
30758 55730
22569 74832
60502 80004
21736 43984
15130 86457
68716 84398
29673 70255
13761 69019
16953 33736
70446 84706
18969 27849
67806 83130
2687 31172
28488 37290
58072 89287
6300 64840
6180 52537
2927 47586
32349 52842
284 14927
26157 56617
67636 72164
12393 21337
25180 41522
20831 52817
49011 72431
34806 59327
78876 90677
6511 82579
78058 83202
12759 23200
1463 18868
3708 63763
8373 22952
36543 61346
17632 42590
33071 41328
12146 19897
9559 88727
78699 84342
39018 73615
40093 47915
40183 81706
9744 38289
13663 42994
3091 23381
2921 33040
28095 53487
50953 63565
74941 89124
7003 41474
7553 11438
37434 61659
6003 87218
30579 70363
5094 31250
25869 30553
970 79142
70780 79972
48653 78197
14858 18198
73052 76588
56229 76299
9238 58637
29859 66845
11048 38985
21196 53077
11555 27795
67035 84218
17091 38883
3143 19189
69731 74237
38486 87843
45850 60790
5453 42726
13516 36738
4149 22596
40796 68613
17916 60899
58789 84098
1134 11431
41124 62962
35804 85529
38402 77358
46542 48008
44114 88250
65602 69423
13369 53637
17929 52817
16074 72274
17391 62303
3704 56400
10954 53190
1975 34944
22348 31428
42628 89611
8660 90538
25119 43230
19045 37659
8560 43193
5578 13185
6649 69536
39938 75340
12717 91646
13678 23728
1935 55267
3706 71435
45116 47280
47038 56001
26283 54513
34702 86023
23652 57633
73983 77321
49347 66798
15271 73200
8799 64473
61574 66803
7783 67725
37919 88435
36218 73366
12582 63240
3524 67006
39846 80049
55827 82943
35655 68239
58883 82903
58764 71047
30120 43583
26555 42694
34192 75920
62706 85247
20140 28661
27894 40659
50215 60546
20250 49283
80330 85806
15668 66653
15022 57147
26609 38677
48430 63956
47562 67045
45756 89685
28909 69448
20370 64304
16618 18617
15392 67860
14182 81368
4816 50138
78533 89152
12942 82526
1335 51988
45774 54013
4154 49313
43960 60162
6279 48174
5054 23578
22057 29585
63801 81459
29078 47850
78080 78731
58652 72471
31776 53779
31079 44562
38846 89494
25538 30069
50915 81559
77391 88396
4693 4970
9069 78288
35503 80719
71270 90371
46592 63652
38080 63872
8967 52914
49163 79212
32182 35461
7757 45552
48515 49927
54231 60162
7916 82134
16149 52162
8431 18473
22612 84703
17309 26683
1090 23404
27299 82125
35786 75165
44068 55427
38139 67351
17493 43578
74314 80467
13908 16870
9662 73029
35461 36138
59819 63421
32444 85357
68407 81994
23636 33510
14828 90683
45301 63465
46314 62635
23208 47478
45132 78262
20403 53654
22040 55035
33061 76563
36092 48662
16755 73298
38244 83143
13649 75084
1683 42261
34584 84067
12530 81400
34236 65177
43766 79413
14638 29052
55179 76150
78729 90889
54597 56202
4913 45444
383 30272
14544 64687
32983 35035
7511 56710
62585 71023
35084 50974
37031 82245
54114 78666
4923 65106
24881 40144
13280 27163
85943 88020
67800 91051
59868 72132
26269 79950
52740 80537
71996 74168
14156 83175
19469 75330
3364 50239
10367 66844
3096 60187
72273 88586
20236 20520
30275 33413
24438 27343
14534 41520
26507 77592
31012 45880
77023 90739
67270 87712
43733 48826
84702 87733
1960 30281
5414 29392
64874 67503
8365 33874
77218 90800
52674 79472
22335 48919
10196 26136
9894 78577
12970 52306
33688 52159
7656 60762
9918 42362
6116 24097
57666 74995
63043 63082
52825 73616
11097 73672
3323 84524
16504 32806
41673 71095
22483 88139
31672 32823
21415 34961
71494 81085
50217 69052
16940 73991
41603 44671
16767 84384
50879 65154
4989 63109
35585 54758
3355 35796
2385 35268
50026 90256
14142 58940
23703 81835
23864 41075
27629 64921
70589 86956
45117 73571
5330 5847
56035 85354
26245 36289
7586 69736
6693 10659
69979 90209
66094 89443
68916 73543
34862 77601
55579 70727
10639 76821
5057 59649
9551 70603
29615 83605
16159 84116
35637 88331
19475 62730
41095 70694
35342 43555
66759 79233
78879 89557
24249 57151
17717 90398
14801 67278
60148 80863
41527 50221
43783 76510
47887 58296
83867 86128
23928 64304
7817 9802
50028 56609
31190 68382
15567 37177
33817 63160
9431 35735
2014 41172
50002 84130
81517 88509
5194 45516
39834 90750
20726 64669
993 14773
35707 56905
12699 69740
23396 31012
64362 72909
19046 44992
26189 64969
45250 55806
54211 66304
38982 66334
35696 41188
30840 75920
20343 45226
46644 78580
55833 84999
28088 86500
37093 84707
11425 36140
53120 82633
9597 25966
4399 46769
47986 76729
20016 58824
14639 76214
87342 87606
46262 71003
18540 21297
8768 87858
13270 43921
6955 77294
43900 44970
83287 83386
8955 63376
43688 76075
15577 62610
31732 39051
11078 52334
7159 77783
1948 48050
33505 88623
72421 79604
54535 56861
9425 77717
14236 83368
35976 85789
21294 21361
65740 82237
78584 88649
18511 39241
57315 67490
39633 61960
1286 37864
22820 43943
50847 67492
25217 27956
11476 77511
31953 71387
4280 49552
27826 76643
48401 65002
71660 78432
54667 75962
80178 83141
13803 88132
75606 88008
71092 82318
30483 90924
37468 82905
25977 84646
78839 90413
36501 76767
9527 57035
74499 77716
12488 69073
58606 81219
47480 72939
5822 59477
82515 90947
12925 53103
38666 45346
55569 67319
2153 63048
20224 83415
22311 76822
3857 23172
24808 30370
2631 40600
59178 66938
7223 78307
51052 58032
20054 79614
14220 28169
19451 64931
28894 89371
65512 77001
42141 50197
29661 60913
4011 29113
7194 53052
33226 71785
7799 25153
36473 53238
59013 82164
9648 42746
17972 86648
7871 75122
16688 28531
33939 59080
13950 61171
16791 48594
55242 60005
3570 90491
44920 58398
2469 27149
9342 56658
4520 20389
86466 90023
36834 44241
42312 58754
496 69940
51927 90553
59190 68417
3696 52712
69714 78835
40256 46539
4698 19267
66583 67152
9760 13887
12497 42956
50795 73445
32468 50925
60288 80591
45328 86820
50594 70842
56019 62409
32367 85234
36351 59940
10724 27621
6512 82546
22153 70170
16774 50255
64612 87342
39297 60455
6868 68862
15092 32285
9855 50921
23192 38660
41353 71952
55306 86466
4440 50867
2921 63725
5235 8938
58532 84883
16381 83928
316 39201
1096 86605
10956 55818
34317 35140
48994 49626
63675 89173
14405 16302
48285 89508
29290 82679
72363 88950
39004 53837
41423 61427
2153 61212
26419 84458
8425 69990
37937 48147
49852 78873
16 27023
24609 35073
45195 63780
5105 84951
36661 64701
9953 74238
9345 63889
31441 38782
46222 59073
47997 72278
52667 61279
4008 49289
63083 76946
11999 33974
47211 53299
9779 73381
41638 52379
47012 62347
16434 64596
31761 61520
39700 89005
48465 70571
9035 31557
10396 69360
11459 31237
25716 60025
19603 73701
29215 79422
29404 45503
17319 33427
74818 86628
63022 76807
27827 70537
42287 59881
60531 71287
26265 74754
45108 75208
32627 63439
5901 10259
5844 10962
71818 74921
3261 46382
7716 10232
36407 73597
9706 32058
13134 21111
46536 47009
25237 71849
24320 61311
6799 86072
61914 88173
64729 68295
43932 64472
14238 81474
1394 7969
6175 77285
43669 64266
47869 53299
15942 91285
73172 84746
29810 38085
35963 44778
48374 70601
80304 89908
41476 62854
68384 89370
43925 88518
41615 58044
27014 46188
25005 85785
44950 69808
44060 54421
31443 65952
32799 84056
10132 38425
8492 54334
33401 61506
30490 54702
50215 85403
38452 70531
27662 84409
1465 2426
9169 59627
25623 32701
55615 81170
36002 47653
35677 59199
26633 32025
36904 83761
66303 84173
14290 25876
3730 23978
26297 60763
32558 67770
4180 42072
35921 66112
44041 58838
21064 53726
7187 29995
21483 82598
25746 34473
73877 80418
33909 57242
7506 53797
56519 83729
42943 43458
5525 56912
13464 66819
26816 37010
37630 57938
47831 56883
45878 57727
50571 59863
15411 45999
22689 55408
379 59324
35929 59802
5881 81299
28057 74429
58284 88493
8666 10951
57036 77270
14489 37076
25811 28216
27063 62009
48156 80606
47817 85023
4315 86131
65014 75399
30654 33160
22348 60289
63408 82883
51340 60260
44840 85088
20422 66437
62676 62678
13173 49043
62867 68916
56293 77377
23733 41251
9677 53540
40027 51486
1566 49016
5959 61577
25418 52671
23204 39719
29594 74388
30951 58330
10551 72752
29122 81574
19253 65237
41606 85608
49713 65899
49431 67912
35454 42738
23747 64467
13969 56290
84930 88609
23881 40875
24792 62243
51787 58936
21938 90110
38264 74943
65749 76206
12602 38815
8451 41401
72203 77435
27149 63218
16472 26889
60710 65534
20070 35407
30282 30327
8034 15307
76817 78257
53822 57715
28810 72245
6962 10063
30562 44900
36044 53846
12959 56072
28030 77027
21484 75752
20798 51637
17439 39664
24881 43640
263 34310
27919 71510
53904 73977
26708 89254
76136 84589
57818 80387
64670 81987
48870 74919
25012 34891
77400 86575
14832 19613
6918 58009
40684 59779
8712 87549
28049 57761
21947 67132
4263 48468
26216 88379
34164 87525
32913 81783
38218 64765
52380 72637
27660 35635
11194 28087
38242 83224
35790 85132
9484 50075
49927 58036
32540 76912
49084 67278
52194 59779
30419 84013
22030 80520
26201 29158
79465 82759
49663 74232
41821 85825
69297 91581
38578 64042
62980 80827
61125 81190
64966 87486
41840 67791
208 90414
18899 65863
60240 89091
48959 81445
45354 82489
36244 63649
51700 54349
22122 64096
25774 45671
18592 82606
32768 73728
18554 67541
6375 58976
10643 83198
51848 83755
10182 74797
58414 88003
11260 79967
17466 45796
43230 60054
15176 72202
37116 91137
7180 47161
42567 83973
5057 79408
399 64766
27803 38906
81415 85069
56721 60282
29098 63861
22128 74028
7077 77697
8593 25904
10088 49074
24079 55884
71019 75494
24703 28900
11799 50567
4461 89313
52609 53554
24203 25103
19560 21000
15842 66159
10901 71765
46890 77292
18122 41700
23719 63915
76338 90281
12863 69217
26322 77099
5240 27365
11333 34982
41676 76752
4099 84731
15201 89372
3038 24618
37529 46773
15048 62230
14950 58227
21266 24824
7663 56823
42213 75486
16821 78110
24965 80874
12768 26566
23693 68337
1652 4671
17386 38197
49134 79461
32502 39960
56815 68124
9683 70435
65378 70476
39397 55022
43354 55157
63136 64830
6577 38981
27499 80632
65980 90307
20978 57242
22089 46770
25904 61529
12029 20900
9563 53169
463 35411
77765 79399
7618 72028
1221 28192
39703 85122
12743 40165
52057 83879
25565 75765
44240 61634
33839 85107
6026 53230
20893 52839
6173 13209
7270 52792
2304 50008
5031 52578
9558 79656
19279 27540
23283 31600
3299 62839
29882 53499
23906 73529
87544 89127
21461 23096
22152 80942
6696 50566
22319 66820
35602 77206
13571 15874
54733 83930
13417 37014
39268 42887
26596 60403
15879 76796
35733 53746
64187 74341
9700 34847
12773 76505
42125 42719
63555 78652
47043 85156
12016 26414
39319 79204
978 61558
40894 81953
60238 68269
59904 79159
3605 14823
60757 79360
15541 56747
8556 51467
15364 83127
31266 53510
45756 60907
6857 48401
7800 71932
22603 77227
51329 90761
6080 54968
58854 88852
46353 66684
33004 87561
8409 80077
40567 75913
1244 44872
1339 75001
22932 57739
4750 33130
5708 57919
43195 63038
45789 48406
58757 76786
16980 38690
67262 75046
13217 86121
479 32907
39069 53322
16112 80783
23133 80146
11801 16094
76295 82602
6751 28314
50980 78299
40668 65274
7789 32723
16869 85288
46887 63578
268 29062
9597 71569
162 11148
56366 80746
8365 64817
56405 61703
640 77733
50028 72243
32333 47087
21888 58459
46655 84649
14592 16724
42795 71891
47377 72801
38256 73063
39310 55997
10422 11643
49029 84339
63983 72642
21355 61137
9751 74992
50247 80284
47234 61645
165 80175
3021 43045
4632 55548
23862 44956
15300 41389
7904 18914
12761 44453
3821 23151
28206 48684
24158 47491
6610 69691
44072 81785
53753 59161
9427 34818
16860 88934
50453 63278
29383 82241
28575 52028
14671 64227
1640 28310
28306 46611
60275 68720
59493 76337
45017 64084
30033 65974
12818 41338
62017 73315
9232 63163
8564 42958
40767 65480
21589 40252
59537 71503
73607 73995
49978 58631
17112 45625
3582 63813
28321 62201
17591 59597
32656 71438
20833 23688
1848 49784
34357 44812
23153 75233
3088 53996
1627 78879
14774 83216
34908 60860
59404 68053
81433 88137
4181 71200
46467 50780
8180 24534
22999 53946
25823 32421
8743 12290
20693 42891
2142 37755
12456 64100
4708 89647
87900 90852
22760 50652
29944 80841
41182 70952
43893 67630
6253 28270
18986 24069
48482 57066
23907 38407
41076 90780
37208 56556
53546 59423
53052 90145
57654 60874
12382 40751
16168 91675
36327 72209
3227 78097
64366 81314
52893 74337
63214 64014
18480 23950
16452 30332
44048 53388
28619 82268
4420 76338
23688 74959
34656 64869
5966 89668
8937 78186
26906 84177
5676 62906
59779 77146
39076 42189
566 82216
73460 90710
21619 41434
25092 85478
10539 13699
19660 70503
37712 58880
27132 55134
7836 80458
15860 51281
61354 66849
63697 79332
16063 44558
25092 44517
20591 52557
12410 33030
31080 33854
11515 25586
5343 69249
76726 83274
72377 87537
62258 64205
45046 84275
56761 69954
32217 50658
1133 49652
13697 66123
17980 88608
40108 79832
62019 80536
47596 70304
45492 70846
48316 87649
51583 53760
15365 59568
23457 66993
6502 72838
68169 81379
74649 90320
24716 25455
14094 88061
9452 47011
24036 82218
39175 63589
9389 15624
20648 68964
50920 74165
45119 45254
52559 73526
35697 54945
60369 81457
21693 65655
62733 85141
60008 60842
42061 74947
18471 71316
45277 61254
22344 30057
25401 63729
18827 87788
33700 79318
41069 67642
33455 74538
38629 54111
70417 81059
41957 55854
32294 90507
31248 64687
2654 64980
3713 13869
9415 59277
46628 85960
72567 90522
30946 46413
11834 62033
45842 62417
25693 32826
38341 80890
21784 70529
22392 80604
8191 41296
35686 56734
13967 17239
16189 76561
54582 64493
38995 58079
15637 46044
15900 78441
38506 40710
34022 76307
26070 81193
5054 70254
57780 73314
6611 68731
26831 30791
15572 46781
6009 40729
71300 78887
87162 87931
77314 82712
32124 63393
14361 19315
84154 84183
26120 55858
76214 91190
54330 90247
80471 83112
12345 86209
14984 50555
21351 67478
9902 47913
14786 48152
37915 45586
1516 53856
14544 17963
44434 70668
86605 87187
31345 87358
60904 74823
23275 77477
5003 46701
21716 81834
57223 80635
32644 87361
17625 88826
52209 78465
9428 74754
5642 87382
51388 72771
3980 42856
22634 26858
45379 82912
23146 43157
2572 61617
25853 72734
25689 79192
25013 28106
1987 52433
81629 90280
44058 60944
77471 79867
57451 59369
17134 41182
48886 49705
55928 85943
31166 38859
57215 72271
25748 68350
58172 60072
23040 49499
6906 26430
47186 57250
39811 46746
83658 87041
46893 70825
14146 70776
29760 64962
65818 81348
63782 69187
7089 57181
70837 85439
18553 62661
19485 60390
24611 83553
22481 44436
27967 89418
2401 29878
49808 73667
76962 89704
75644 84997
10288 58868
51414 85247
8832 17777
902 19266
22877 29395
25660 69116
31861 85758
51558 86607
47302 62686
55182 86749
29551 90206
2600 8567
13348 30829
1237 17558
19566 56194
13476 74111
1293 40145
24195 74950
54979 73941
19582 20806
2476 6726
4567 29486
66922 87096
16020 44746
16384 77285
4733 39779
13979 20219
3111 67565
4481 21423
5866 90138
3027 52408
76739 78567
37408 62137
20628 44600
50311 65140
49359 52128
620 5451
23658 64035
21331 58233
39673 75363
6545 24494
1314 13875
9562 80033
3988 90561
30856 64212
9234 9951
18857 29884
17521 88420
14310 49279
22242 88196
68 8166
14038 57996
11257 46897
3737 75701
39358 54654
43337 53773
38272 53991
25717 29807
52628 85397
64485 69895
47549 55481
21657 81675
66292 81801
37668 55844
29762 77643
12203 49028
25976 75016
59922 87681
19122 56957
35900 82521
18347 34701
5560 76695
33035 69579
54866 64140
20779 70897
27963 83201
42266 64259
29371 74566
46800 89522
26289 43385
2989 67147
10453 27941
54331 82659
3799 84510
42435 65452
21432 22177
38301 62174
73516 85787
81297 87090
7453 68396
31767 79917
41077 51016
37300 86122
15308 74321
35902 52296
34485 82548
71747 82628
7296 91294
47347 83338
30346 42641
26900 68184
21901 27764
8637 11957
3615 76220
39115 51044
1123 85903
35825 36222
69218 76763
68703 85009
12216 27610
21860 90425
70216 75302
26907 74800
422 17957
37038 40929
15852 81268
9046 63574
51173 52955
37164 44091
85002 88307
13042 79270
32010 33577
32716 47226
19468 71510
5718 31183
25566 87723
2975 23096
58366 59154
62299 80725
1709 81600
25280 75822
9930 73030
46647 82777
41265 80492
9445 60073
79191 81134
50069 88714
70369 87707
31617 55451
5632 90106
31635 54410
49076 52363
9421 64902
48663 53757
12094 76914
6742 11430
2554 51506
21132 24572
64074 64590
18587 76359
53075 82247
58079 58205
2079 35889
12966 21292
10664 36909
4117 21058
52509 57458
54164 70934
47624 47850
40160 51319
70521 87021
44629 73672
38533 73019
16713 53407
40721 79498
9846 82705
64682 64982
11209 68595
18814 60500
39200 49464
82486 86927
15811 42718
42522 63409
26412 71370
14932 55684
16523 18569
39954 86957
46664 55483
75777 80529
15215 38308
12320 68449
28401 72728
54267 76271
40444 66623
83908 91349
316 11722
6760 56921
29142 38746
46155 80436
27141 89078
4555 13443
32937 38935
24938 34373
9995 14103
5411 76254
59687 60382
10358 19971
32711 76849
45793 76376
49866 83318
56991 60172
15284 31905
19271 77222
70056 75095
4493 42173
21497 45047
37496 57573
4654 87138
7582 62159
25828 75687
64224 75043
4543 90116
26467 76966
6553 76815
24267 62215
14644 14977
40050 44572
13251 14172
66382 81433
17002 70389
12375 27715
15046 22111
3209 43546
30739 43212
11247 22299
38651 55054
81105 83189
334 43489
10035 47777
71508 89856
18830 75416
31322 37332
1266 30564
16496 77616
15276 32077
40712 61132
17165 78896
20792 58869
26846 43479
3994 28622
3836 9485
73530 83687
21476 38207
5127 38040
9151 20162
36464 78144
17372 51626
51587 87775
5054 85811
16452 54428
42223 47461
17763 45160
22848 72201
17614 45505
63669 85695
14665 88923
8630 69333
46938 48748
40176 69607
79269 87917
9296 84794
32731 39768
23012 27038
22159 27513
6962 70514
8120 52959
58821 69960
18708 90658
10783 33970
5753 53912
74500 77829
64950 69289
3703 60070
60413 64660
9185 59650
39292 69098
51972 61203
67999 79098
4637 62707
1618 71323
16350 87967
11564 60455
27809 76119
82081 87253
34333 90978
40637 55600
7058 11743
13553 70254
50769 66776
17286 75096
18572 77380
10849 76887
15558 20919
23159 72192
11597 39138
65808 70470
38720 80076
13907 78838
40837 67075
34977 60242
28957 51903
45031 88467
6806 41357
20020 67742
12393 22849
36625 88230
14222 89962
67702 75766
17937 42682
14575 38480
54818 62244
60771 91251
77432 84276
55994 56833
50555 68561
3683 37062
48465 66737
11025 25502
36633 55478
30586 76046
1413 9098
79932 87652
20969 89620
3466 80980
24438 50756
20282 44405
30362 76843
4755 20355
20140 46439
18053 84263
61245 79743
12321 19701
4640 73240
25181 81500
6432 16577
12709 72124
77047 84983
1219 12574
48431 65092
4066 72237
50154 54091
73432 75485
28816 90754
7426 62944
42804 85827
10455 79110
10683 34168
12101 38843
77551 84619
59966 67650
24216 85890
25776 54753
30253 31842
76117 87226
20392 39325
50585 56333
56142 81183
39514 86997
52385 72919
8462 60587
16280 41130
11766 74205
39403 64303
34548 60518
21290 73915
35205 54663
67750 72115
26552 28046
45146 73014
10376 89675
3914 74516
86871 88750
13009 23933
30383 49501
79904 88190
4880 76545
68896 74735
49037 54390
75058 75535
32321 46773
62633 67647
37020 76255
59247 80410
44696 78601
45475 87319
3456 21263
47158 84493
71877 87349
20916 70197
34894 37701
35254 79583
1024 79295
17505 54307
39713 74406
41565 43263
29969 66446
23690 82960
8790 10254
26649 28369
13392 55034
20723 87814
3914 36329
47485 78669
17630 67191
58766 66781
37012 71834
3055 80028
8733 15332
21837 62922
32381 34499
2236 42065
59058 73577
59017 75561
43992 81699
60053 78341
26293 40044
2034 80264
13949 82966
23108 45967
68048 83088
20149 76841
639 12371
14467 68041
77649 79490
69046 83592
70401 80981
73032 74270
13888 68051
27309 51638
81320 83232
27869 32762
12259 17810
3434 81831
7079 9309
30256 38670
20588 44852
45955 59327
27906 82890
8116 63542
79307 85852
22154 29906
3760 39460
49198 75406
15283 36305
66534 71570
20522 30247
43642 70345
66114 87303
30817 81973
31091 43615
35828 43494
16065 24642
10321 12147
51113 59597
19561 66604
67044 76794
14950 72083
15815 75155
75032 80457
20022 41348
47844 85390
10549 62685
12794 38740
46505 72281
13135 20991
70134 72404
10848 61620
20203 56448
15608 44849
15977 60738
11203 34479
81618 87162
13112 75871
82351 86454
44883 61745
34043 64037
32126 67973
1295 71671
37845 49092
41961 61648
30146 82991
80009 81577
36532 51910
37783 47616
58880 78891
43115 55857
48121 70555
28522 43305
36115 56375
37736 67464
41966 60441
19572 67141
16789 34461
30523 58154
29575 80827
4315 42374
45926 63238
5867 81034
12990 48352
30880 53299
39991 77301
56867 86985
20352 79303
45612 89113
50844 71204
7475 73161
67129 91598
7840 56682
29356 47262
68988 74048
33790 69526
6929 11056
59760 72862
8386 22552
44270 83643
50375 78113
8084 22798
44533 52363
11699 69550
83105 91294
25037 52345
31919 55610
47232 48321
315 55849
20396 76471
968 36557
65271 91564
1783 75843
20030 70435
42130 59183
36752 77156
17428 87863
76006 90738
32683 72019
42774 52360
9954 19756
468 72229
58791 63350
7473 55938
4336 88014
15045 28439
13379 13636
5966 63490
42069 82154
2876 15965
44085 78343
2874 38565
34872 60637
3544 41609
69068 81474
14953 80287
62515 78948
42554 67374
78707 79313
41799 75338
37625 47557
12773 13842
49522 76328
27734 47834
8418 64793
18762 38617
33690 86744
31932 51653
4817 39527
3141 89983
31949 67126
20983 59140
45852 46852
47580 78552
60510 76591
86658 89593
45724 88979
85227 89841
33953 50670
9857 81913
44397 77278
41456 68576
37645 45422
28180 67659
34837 53326
4189 43995
41760 85808
12163 25874
14092 49180
68905 86490
3274 45330
66954 79544
43014 71883
21874 47111
12357 69153
5118 22594
12743 14411
6939 8192
14051 26191
16487 75241
67010 77338
7272 17418
28559 66789
28157 82421
6560 45081
63584 72817
4390 54361
7189 81981
8149 22292
71958 84561
33842 73614
17402 73052
57151 84293
25461 38283
30362 47479
17049 64786
33709 57717
74882 89806
26505 28290
1596 69453
47824 78797
13584 28768
31747 71446
23896 32433
16302 87304
4247 41116
63832 75890
4402 68324
27062 88294
23303 31547
64842 86064
49859 63585
22130 70194
7903 80036
5604 70461
54784 70959
25130 62539
46636 51390
10505 86033
20519 69218
42083 74260
13059 69117
70056 76969
9441 74811
65731 85798
69095 83240
8520 14069
26004 85513
45468 63285
11886 91137
26917 62451
3904 6809
30430 75482
33483 50833
45874 50941
61596 91344
25906 80630
13121 29712
65058 90879
39476 72687
15516 42073
72175 85876
17690 31583
12154 83066
20998 82028
35821 78970
10778 54058
15251 47703
13273 87176
66505 72506
10650 83066
6957 89154
42217 66891
28052 66537
54737 81990
1966 59553
73505 86417
10956 27688
71797 82798
14552 28620
10353 16219
26498 78009
20701 81991
21928 28487
6435 81215
822 69104
11732 73457
22205 40029
69983 79638
79710 85291
49158 88694
52136 76264
9997 71133
23163 39733
21763 56542
13838 59147
2064 10922
46723 80009
37411 81113
49419 67552
10658 47642
22029 50190
11264 40661
14723 21455
42799 50092
24690 79774
4923 69247
47119 55826
22041 78856
59450 64190
56465 56691
4988 83905
21870 82964
57841 73992
13700 26640
45411 74905
18046 86784
84155 86466
35523 49928
26704 77961
20339 68753
44426 60519
38911 87126
23711 78369
45703 80746
29617 81216
23643 80380
15383 59080
17794 59057
71174 79064
43140 61791
64752 86241
5706 70600
54482 84720
6115 73853
52596 63788
13339 75697
37193 80134
64647 71055
19479 75485
6649 81636
12665 24060
22510 87142
33907 87317
75875 77547
53696 76719
43065 45813
28284 39770
17003 76449
5542 16205
55303 56173
66053 84249
29950 64936
37965 60134
34881 48112
20433 49262
24858 45837
54543 61870
3517 65984
4244 75622
2453 61009
42987 86833
28169 38387
42148 50426
45899 72008
14409 65671
41324 49285
3307 16476
20227 37596
27943 65388
37875 38510
13946 58778
32554 39650
21979 44574
43507 60192
51264 56716
3370 69480
4290 17675
15656 51046
31306 85469
57107 80072
39768 73446
6029 42814
22615 60758
6078 55170
74354 86630
87258 89210
28957 42159
14309 40211
192 71937
105 72662
72957 77272
15513 26868
10280 65163
40562 55467
24523 79215
9657 16705
78638 84195
70410 91636
39734 73438
11194 50186
60811 80111
35903 56566
61970 88230
25968 73430
68960 91241
45276 78537
32343 57199
66895 75668
18825 31268
9910 72473
48476 62051
84945 88738
46280 80821
9543 49634
7213 14644
891 18305
6403 73728
57080 59691
54101 69119
9176 9804
53205 61198
30766 79418
53441 76087
40819 57245
6203 26385
35000 36900
26767 56021
62945 66701
29885 84448
57440 64068
45066 59209
818 26708
34608 67153
7457 80082
7522 66982
62950 75003
22041 89718
60854 69199
14199 24119
53717 79881
24935 73949
22215 30371
67703 68881
15728 78095
19001 62838
55123 66745
22380 49436
19482 64992
31682 79866
51553 78364
62152 88385
10300 69137
46134 85831
15576 25401
68596 82869
41302 71431
42219 79667
70501 78527
18315 68063
26969 69543
24207 47116
41256 59805
71182 73879
23156 67703
8843 46605
27201 29385
68757 78047
5820 61147
26263 33081
4122 4465
5910 43876
23869 53117
33949 56052
55654 60773
43796 55153
47442 62553
36899 65066
4215 51290
37613 67012
16765 35918
35433 68435
14135 16665
10506 43231
64262 79812
14275 72883
18795 23896
51639 91187
69696 73827
31487 61559
61077 75178
57731 78699
55565 72759
61038 74484
59789 74633
16816 19440
6169 45707
42066 70713
28098 37103
9921 49098
16701 38072
53015 83399
87515 87700
18577 72967
29209 49640
59129 73036
73933 87965
43635 66568
25371 53139
44497 82729
606 33420
2523 49154
52436 57144
50067 51879
61433 91231
7513 41220
31625 62476
4348 38464
30020 67323
15003 36524
9395 65830
68994 82627
1116 7375
5292 19994
67625 83054
44444 67858
22215 82685
33963 41861
12295 90250
29032 71546
20738 47532
29641 52582
33212 36430
7970 55639
49924 74672
48433 89638
13534 25270
5211 61439
24799 85816
11200 54262
59921 76003
46069 62266
23964 84974
36080 79822
10233 81829
17567 20320
36651 84795
556 36781
43004 67419
29617 56945
36794 77897
9452 73396
16908 58771
7721 18660
15706 61651
10330 80147
7256 57490
13289 53207
13491 58069
12689 57360
23802 50383
2277 90353
42262 56791
2519 78290
42888 62323
32361 73358
18654 46252
19252 35738
39694 45033
56668 89983
18985 20256
31896 60610
8273 51979
5974 66497
4347 68072
21098 72708
59401 91572
37276 57830
17212 51937
20111 56536
28488 36822
38154 41828
36794 61709
26582 43328
41679 85905
5581 87038
60554 60946
23644 72410
28054 53493
36919 63891
26280 39267
37421 44087
43227 51724
50147 80654
62922 87713
30962 48636
10503 62230
35951 37908
71290 76188
44499 84057
9666 18159
1510 25890
20316 42871
29245 35164
10401 77818
491 35970
26869 79464
10772 78710
32223 52207
38801 52677
61263 75726
57658 78500
21325 36609
23499 57406
26329 76536
69372 73611
2561 69652
4349 30717
50281 67705
33665 57761
20007 52482
67300 69295
10395 38312
27812 74113
83190 87206
7690 45182
58610 70718
1706 41491
30232 83707
16112 72234
6226 72766
17505 90468
3533 57415
5502 25503
14672 17322
17631 74185
43850 47113
27653 88875
9240 15762
40254 48486
46018 88089
11247 58292
23522 53540
58381 85605
1181 90401
26781 71713
15168 84337
16302 67336
46806 81575
6136 78009
39613 42487
31652 64749
71348 74874
18900 22415
4648 55924
30495 42680
11757 28441
21374 81848
7870 66450
9961 30982
21149 71566
11463 40283
77068 85027
21677 84378
51228 82294
14790 49904
35102 64769
64473 75221
12899 90593
56104 88881
45651 45668
65985 79742
31044 53955
28268 57567
53082 60592
4030 39235
5069 66969
47912 83465
24033 45953
35256 80377
58840 65246
61561 74959
19464 77967
31376 41420
16919 18631
34968 65477
28015 82723
6266 45197
25833 29232
81748 85565
8480 46579
16274 64804
37699 46297
4049 20181
60127 80820
53418 89395
15756 80175
4062 19541
48320 83043
56805 62091
26885 83872
6387 54339
30226 90403
8215 31335
14770 33627
9194 85623
51687 57111
32994 83949
32535 47919
10881 19945
67120 79016
34042 60088
35182 90630
28970 69210
23555 83290
25530 62660
30002 90257
9221 47312
19249 22212
28220 58724
24589 58405
77882 83866
37070 83346
47561 80985
55571 66946
71018 73223
13308 28938
6949 52054
9267 67597
12420 36151
2034 58716
21497 60105
1092 22330
47859 71658
22576 26888
57614 87350
1535 19460
15666 31565
80687 86185
32363 74333
19724 77875
17517 40634
23185 72989
28508 50337
23901 91520
14782 75467
53287 89244
19811 85539
740 53565
70954 73032
16737 41774
12261 81645
11000 59198
17500 34979
62505 69126
1791 17725
26217 80897
19947 29857
27434 54053
10695 40070
67188 67316
1965 60624
6827 62644
11667 20372
29381 31986
72846 75931
89803 91683
2164 53572
19979 64849
7681 32683
71405 73161
3686 4260
80696 84530
36611 90845
5817 6779
1885 79474
47738 53502
19586 84111
51370 64690
41616 85118
34189 87925
40847 55148
45930 65778
27323 27639
35812 68430
15014 16536
47516 57022
55285 72289
39199 52229
48990 82071
68116 85578
77207 80090
75953 84238
23907 47299
45777 53450
26187 34502
44929 61307
27292 88933
77078 77841
6804 56956
27336 36096
16818 51847
1638 14660
33186 66388
56810 69828
49292 77192
66239 67306
35751 81088
55243 77997
29721 77425
70973 73130
58772 73170
81540 82925
5012 15483
30247 52281
50250 51521
74727 86038
29447 86394
11822 88384
4332 26428
24718 63662
64720 80117
39101 70671
83290 88406
3848 54991
42662 55117
5279 62004
18906 20895
1140 76001
6704 17414
20908 53949
27081 29856
11593 88651
15214 40649
21952 49818
38068 54941
44844 69841
13682 42342
55233 62971
15437 61246
87626 87877
47627 58453
31493 84569
19967 24283
1832 69034
53956 64461
40355 44249
2477 53534
4374 56735
72322 75079
43651 86497
42628 87637
16265 33357
12769 39241
14392 56741
20284 32012
6140 61688
18627 62918
6951 29686
17175 39580
48614 72302
8096 21463
38857 44442
30866 47772
37224 70859
62356 68092
10388 42818
60366 85840
52422 62796
22735 77125
14633 22633
10568 87848
69950 82213
36107 72175
34371 72882
13129 47425
5425 7309
57880 75602
20469 80861
38228 38404
46622 49818
29563 66537
73927 79586
532 60237
82842 85327
24053 38217
55515 75069
5664 76430
64396 91013
38006 44370
908 32836
10479 34666
51811 66660
18122 67062
2195 29577
47760 65221
74898 80978
66780 69403
383 18932
15268 69651
23483 62077
9745 34703
9628 45135
68737 86761
4303 67230
18253 55908
1381 22752
21868 53713
15043 63339
69292 71011
9865 79161
11595 21842
45519 69939
5813 72243
29983 47487
51343 55114
17982 37603
22067 62331
14063 27027
81168 83463
35811 86137
28099 45747
70235 76029
21724 63120
27548 76018
8880 13044
8155 57914
527 19212
42792 47718
3578 29849
2916 13322
23152 82908
38554 53372
26762 69263
27148 72092
30738 70546
11016 55449
2534 35669
19891 68423
39894 65088
68206 68819
47317 90240
21522 35281
1670 84852
3251 30721
17409 65915
11747 76270
25682 63193
26231 86005
63598 66016
26778 70718
949 78792
45585 81426
10274 27277
42680 85571
10816 79412
8069 19163
18971 88915
11110 81199
30250 86159
34732 89518
25328 28965
11613 13315
983 84191
13505 19798
10284 35289
19094 55107
10793 78069
14236 65187
30152 68807
136 42785
75243 79564
75430 85689
14585 45859
82260 84206
31553 46390
29632 39989
13526 76230
9541 35296
36998 79519
24411 86094
8018 88385
8355 72126
2649 21538
48869 53394
59182 81142
66242 79715
1371 40468
15588 58682
1206 83047
20887 81539
34872 47678
17416 82579
11581 16684
15172 24194
42191 81898
46385 86827
12375 53087
26878 47441
80058 87354
23239 79484
71749 86921
76428 81595
65629 83086
4351 9959
19231 84531
45277 85978
12470 59051
60355 74013
28349 42497
11138 41121
51287 52389
74066 84907
22263 59338
75155 84335
23647 69137
13090 77181
70129 78643
83337 83911
24300 30533
416 57230
77032 81377
11974 72937
74555 78182
14713 63787
22292 45094
35485 89749
43725 48605
52978 68314
38567 67912
27844 50714
3267 44206
3601 32581
1506 12772
23395 55099
2572 2813
36475 66091
25302 87411
9310 66711
964 43842
25347 54783
80776 84191
30924 70259
10340 51634
54813 66312
1068 44577
1702 2721
45624 47059
7721 70074
18555 60376
26693 77776
59212 76957
33519 71701
1584 80891
55346 66710
36034 65950
51280 56228
58828 65945
20026 39241
10268 28854
6047 25941
11901 37677
4964 68056
29308 54178
22378 51873
11121 41305
62981 89543
9604 31415
31147 52119
11335 58350
11742 54871
22323 80899
17619 56606
36138 36522
35426 58377
8024 49905
579 34664
29018 46846
32786 88434
18676 54355
16004 32286
22756 48664
8251 10850
75676 79215
79601 85108
31675 88867
41388 68487
42094 44980
12033 73675
29939 63910
6815 31034
78858 82383
29979 81057
22452 37505
9292 59206
27013 67937
33774 46766
29179 31050
88174 91036
54808 66963
16497 80105
24736 66172
11973 53324
31788 38742
51456 87110
6034 27255
39845 46837
14168 33334
5219 56302
18652 28551
10738 68294
16087 24814
72465 87290
13173 88780
39837 43235
1801 88443
57511 91269
16371 83135
50710 88296
56791 67262
5292 49895
32127 42598
2748 23099
77333 90934
51869 90547
9816 65500
17604 79210
19371 68500
41288 81574
3278 23516
162 35250
32332 72456
40779 80247
59025 88006
18971 85288
46158 61239
40395 70731
7887 31219
30301 85092
19914 79788
13507 74918
50696 69563
28478 75704
9563 27252
64645 74317
32523 65900
9138 29936
1049 26469
1061 28424
20738 47926
38303 87195
73921 84219
8763 13165
75518 89083
11561 69250
27522 27584
28559 31131
4189 12206
12713 42523
62478 89806
1056 70641
48835 54739
4537 41847
25458 35644
30982 45689
7797 65297
70488 76238
22359 80108
29581 78435
1412 69808
272 80509
37011 86349
3171 19082
53090 58608
29239 37475
31996 46417
57364 73598
26174 52122
81517 87218
10626 57469
9937 10849
1399 14569
29245 80936
2950 26329
12554 40743
71630 82525
759 7037
22500 83398
3034 47135
22914 25941
63374 76321
56851 86651
86689 91673
44774 87133
25819 41410
4407 40475
46636 80048
37138 67674
9211 42626
19009 39279
73 18337
42284 52510
70763 76477
44819 89743
41403 70037
48857 87467
6329 17046
20657 25207
74400 77017
44186 47161
58760 77581
5854 41070
4184 11685
399 72880
7245 84371
17870 72240
10543 52727
26112 43515
64720 70425
5991 6331
7175 50488
12186 60546
36273 57139
22756 82765
38 15104
8251 19670
10963 56730
43449 49629
33179 64083
39603 59699
18028 50360
11301 24394
32134 41559
2920 72088
28136 49365
27120 34815
51945 76226
29753 72537
2046 7384
52729 69493
5184 31881
39734 70614
36943 62052
63366 82044
32038 74038
53660 84160
10356 31273
72276 79347
8637 73678
7685 49906
51977 57109
2233 90389
22867 35992
2032 28514
25368 25641
3330 32376
36597 60708
59219 64938
45076 54202
8071 55919
13552 46349
7942 88239
66736 68941
23647 42441
32212 41649
29823 72301
43488 69636
20044 67198
50478 53545
833 63629
51405 69741
20595 53285
68723 90218
13950 20896
33534 47397
43982 83537
16261 63187
61734 65319
15862 85691
15533 60320
2259 86430
25440 89284
12387 19236
20379 21810
17982 44690
13947 53311
7161 70683
10727 61248
461 90829
44418 54954
77178 87558
1189 12779
22760 29009
44663 56908
24846 83517
44010 47788
23346 71430
59552 71838
39554 77744
36267 63606
23637 29216
6101 82563
80958 82876
28447 73377
56263 90251
18502 77571
47373 50413
6830 62593
11401 22781
33537 44509
64670 89379
23222 76406
41637 57219
31272 77568
53436 91101
32001 42770
46824 86859
24196 78726
30244 41624
37689 62544
729 55432
10659 57850
9816 67756
4291 22577
13118 55001
47219 72394
15557 86298
1653 37976
45433 84462
5287 47533
48153 55116
9521 29541
11653 71047
52682 60084
76583 88955
7616 56930
2600 56777
45616 48483
59346 61835
42246 87415
14438 17303
7853 48466
51089 78092
72215 79542
66013 70602
797 63189
5702 74327
24518 59477
12732 43347
11224 57200
49163 86240
31784 85421
11281 32380
49734 75938
30433 40117
20111 44162
16441 28719
9254 91543
75414 90353
11177 86665
43019 53158
15787 31377
6617 35020
23671 31917
8785 90924
20633 70814
64272 85164
63455 68428
22527 56607
1705 34361
30723 75477
23410 30871
27038 34937
44339 58057
38757 87442
68332 77347
56274 69262
18423 25771
12819 36877
12929 32695
17139 68905
46479 67847
22602 41223
5210 87367
9894 69163
10094 49907
65216 73433
9705 54976
1593 55733
11454 78835
2381 9530
37976 66814
48056 80802
1623 6057
63879 83566
29930 59822
6287 15221
42707 72581
58867 87351
9516 79415
3139 60195
22112 81724
879 42204
50403 91421
55103 77724
31500 56364
32963 34673
48479 53685
26395 58300
52590 81657
6566 87221
71311 91342
391 26608
45818 86997
6681 72207
64423 78000
16367 49585
37725 83952
40603 58448
45298 48237
31617 87508
22068 89475
1720 70778
72546 72736
18435 86509
25399 60300
50261 52788
39109 85309
46823 71511
10347 91224
4441 61683
56813 74866
7400 51096
31700 86195
8796 82901
49293 66706
5787 46983
5301 63164
23050 80627
53278 61200
15369 63212
2667 46306
13735 36250
59640 87589
80332 84290
34680 90628
50380 74438
51803 71234
21136 37461
56094 58967
11127 47572
22228 83061
4369 20545
16275 42619
47572 80846
53345 71095
28226 86746
47278 49770
4152 81570
40651 82793
16035 59392
61944 83408
15699 30510
13900 78254
7510 66231
45454 45949
36663 57427
66880 86078
13786 24709
5885 42499
13714 59887
16641 53493
79898 85583
23305 76883
504 35259
3939 65656
4663 54647
34539 47463
4904 32541
4470 68522
22610 78571
12765 63825
11816 27675
57701 69150
4601 16102
67073 86852
36116 47435
16970 36299
18147 53952
48552 68654
2809 36140
38049 87671
28124 64845
66807 72017
16471 76216
961 70475
29583 87952
37669 43647
14031 44601
26681 63270
48375 63262
43382 46691
49922 88755
36422 60493
24052 73208
57760 74778
36606 40959
1019 73316
3451 37143
35813 87099
27834 72301
19826 77417
60853 73166
41360 65167
19163 43168
16407 21910
17847 68183
3168 16090
31444 85033
3111 77967
83793 89546
42737 50923
22823 83187
1763 56702
54444 91373
9326 15663
72635 82567
9533 14942
62631 87549
6812 36023
86 21070
61195 66155
2790 9627
23873 33572
46349 72404
15370 59090
36050 77873
39377 83627
13246 29296
18210 64714
50690 80484
51098 72792
39443 73929
43958 52993
23930 53726
22634 54177
22197 88077
53788 76213
1676 41499
43650 51066
71020 71704
26281 78445
5617 83546
3758 79373
4185 55239
926 79652
36692 48908
50071 89947
35092 87274
29131 86842
22539 63824
58440 79638
2199 66172
349 26776
137 60423
25960 60611
44647 44900
43592 54363
29782 46790
9864 77100
63443 66054
35193 65660
378 29616
7624 70062
56717 81961
3448 70409
38991 45877
15391 18275
2869 76830
62556 83147
21057 28192
46763 86969
2639 61233
64978 74488
56650 75541
59549 73869
63915 87065
69710 74952
46721 54830
42107 48075
23457 86237
36179 47170
21311 24809
41056 50895
28021 43812
28349 63270
27039 73513
5431 14189
45984 51568
11164 71580
26428 40623
37326 71320
20719 81468
44997 86429
47140 57620
31835 56090
10690 47334
6153 22675
6320 55035
84337 84675
27247 58502
72585 76775
3127 8298
15864 55509
10729 53054
10244 53065
19537 49652
44835 46043
67463 70704
33777 84351
67815 79555
13697 17314
8111 25262
44652 83617
17059 26313
12674 32677
13072 48133
25233 31408
4648 81470
38693 54352
55002 75208
26212 42232
63310 80871
51620 85280
11869 37679
24549 41508
23850 41897
76206 83899
13877 77219
11197 52930
60379 88913
10436 89988
29803 79477
36115 89696
55419 66502
30220 78585
5490 81760
29868 90393
40315 46124
6232 12674
3708 36571
19792 22102
52913 59132
51399 84871
71982 74446
29587 81121
1132 17907
4169 26655
23587 53453
9381 63729
6061 72234
20035 42724
7170 78796
11428 44720
51496 58782
67981 83297
10167 66823
1457 15098
21197 80336
59706 62345
21822 84766
28645 36021
47981 67366
2963 36461
17216 24784
65560 70570
87120 89414
19570 51996
11311 22157
38414 70574
26108 69963
59680 66403
53469 86404
31492 89531
40502 51271
14510 30934
10240 23987
65022 77203
51650 57121
36291 81530
6715 91075
38168 80778
33040 57273
79690 80989
1424 60257
20306 53767
37287 88896
5266 40607
33449 60844
13985 67302
1467 2492
59615 86396
65704 88598
864 78981
4887 32289
25850 87627
27824 34675
12327 27427
54598 84785
70613 79967
47624 52659
46304 83942
42780 85009
1914 35144
71051 77659
6817 84445
77292 81723
5669 66178
25881 53652
17103 53155
29330 37594
48013 69047
26181 60551
21851 73281
80101 89760
36198 81787
56608 84954
27102 35265
28676 54942
13078 76742
19376 70970
5689 9896
19588 27986
6722 34079
9319 27013
77078 77381
12866 32759
34694 78667
22191 61784
26283 88074
26896 48641
53103 68033
4802 42281
28536 67838
50291 67767
4350 76278
19009 66434
44456 71699
54853 84324
56645 86103
24753 33427
28881 29458
28992 66543
16391 57396
67638 71359
29359 83642
71187 83123
61930 76346
10432 75760
37978 77111
62140 69197
20624 45720
55631 75043
41387 81558
32913 74859
19115 51737
428 85495
60130 74176
26540 41167
53195 67447
34737 47829
5911 42400
67705 75916
5083 32622
33324 84224
47939 61609
23095 65611
13949 60883
20865 86620
54075 84442
39381 76605
40999 55258
5901 60635
13480 36037
46233 46896
65245 89459
47952 51746
14925 25846
28543 81701
50627 83207
22454 87357
4476 70937
12594 14415
19310 56184
15180 32119
1957 64387
2302 50749
10617 75850
16868 32379
18252 38291
13464 85923
81659 87994
10136 46102
37771 56740
18152 71040
10452 26955
12015 45545
23069 78352
28254 34675
8380 28615
16391 62191
33864 65881
31495 84255
30852 65197
69516 74978
69859 75678
18916 44852
38630 41996
40045 49582
14223 25074
40401 60162
52984 58545
18776 24194
57922 68752
14717 54213
1796 80748
67954 78011
39058 72138
71817 86178
31005 59303
477 2943
33206 34816
60307 73887
12323 56622
33517 68872
26034 55021
37601 61298
13393 30388
36910 58395
1132 48440
35617 42424
45287 82424
46390 84017
15489 67395
34981 54593
6621 62999
53449 61969
8269 26281
39747 87269
57757 81882
8512 80935
22038 64455
569 13624
34457 74801
49949 54387
30069 67443
30643 80435
25470 65454
34613 36694
54711 84278
19663 45983
9090 80257
14169 80123
249 90230
52400 67091
24713 49242
40230 78046
24399 44136
2788 36108
14303 15312
74106 74287
2533 18690
69105 69126
69049 72155
56368 65514
32200 73720
38803 83661
24084 74158
35627 60440
22371 26845
25540 67803
15781 20309
36722 76094
16972 18115
64537 89860
34970 70997
52257 62875
47009 54468
63773 75412
20292 37785
5196 49656
72285 73428
17019 91649
16959 55955
58808 74966
73609 83885
69035 88253
71481 87243
7113 17766
24247 82021
4157 10919
21915 75629
32093 64421
17547 23113
10583 68377
21984 48354
55548 72632
63583 75007
44012 60485
57032 81451
51549 51629
6646 83750
27540 52252
44157 61397
36305 46869
44941 84921
23777 85202
32810 39534
61078 70354
4504 67941
35060 39062
15390 86146
67703 79499
18151 67498
12333 68494
31340 77060
56755 71144
54046 67121
21368 62769
4132 88563
18371 87794
33628 56081
7370 10752
16608 59620
28889 79955
71967 82136
1082 48199
13235 60356
44237 75255
59413 59653
23959 85432
39990 87706
69035 74972
8705 44580
6821 16013
6194 38390
1575 57926
3914 38972
59745 62392
1640 42100
3802 69869
9074 34841
18705 70481
43279 87497
22250 39652
71775 82969
5235 13343
80591 90133
50071 89843
902 14609
1341 75109
20844 21081
47011 64073
87940 90126
26913 81012
43942 54662
17684 26042
47860 79298
31639 79645
23481 59999
5427 30184
8616 53510
59737 88428
79301 88350
9271 87255
3072 58979
42516 66828
52054 80370
53264 63400
26821 73676
11408 85637
19455 59165
43374 80397
70260 79946
40103 85531
61443 75412
82567 86366
33349 76594
2945 41809
23114 35431
1160 31982
9194 54544
23369 42951
50391 60076
21879 68232
34660 50298
22086 30923
426 63752
11760 32469
23661 38721
1024 14890
35370 44967
6161 51056
19739 91615
25233 30136
1931 52568
31325 82504
3628 45378
43025 69729
48382 86842
3019 71978
66507 86959
33606 90437
3052 78714
2595 70016
13409 36210
962 48879
13968 46102
50735 55284
26248 73442
35146 60040
5031 28768
12495 51725
29962 85927
31601 47322
24033 48223
8807 11709
86390 90222
25618 63520
18225 87951
30356 70609
6161 7277
52922 53343
82785 82888
51619 60662
13501 29077
33159 88178
8921 42256
10023 86512
45903 88196
21150 26422
59558 91429
25357 45370
32899 37315
17487 50984
6148 75774
63904 89369
18684 21904
79005 86268
24090 57141
3204 58145
4990 35757
49410 60255
45435 88756
64648 77621
38676 49641
21791 67649
44545 77959
54198 54958
15179 36440
24481 29734
23596 60778
26426 28301
1883 43117
13404 71861
2000 82244
44515 72589
11698 60573
2733 37536
29888 67394
16086 43725
19817 48288
25466 83525
59604 62403
37075 90674
33198 44040
4430 9733
27422 73493
36424 55526
45701 88849
12350 59577
65917 87933
33483 40042
1006 90202
60440 88243
13626 87439
2733 53724
49466 77932
20085 33902
32508 38955
25390 87409
39073 75656
32009 66886
36857 38547
46462 71170
49914 91093
682 37455
4676 24510
35231 84300
6893 13760
47791 65954
21359 85955
32858 50711
6457 22351
23518 85470
52145 79590
14130 63055
2580 31010
55413 86025
15623 47820
65964 76742
7086 84376
49764 74865
20497 75196
8354 45924
30756 86444
554 81914
40873 46285
18843 81958
47683 48752
32538 91361
73793 83639
70255 79148
47134 67059
13922 41523
11601 46745
29622 72543
24742 25039
30058 71619
34696 74522
8323 60843
7156 68730
68644 81930
63727 83018
89487 90607
34227 56748
24286 79115
20378 54633
20748 36771
9604 76941
33582 90284
34873 55330
27061 77978
28472 75465
1435 64317
17633 83180
7770 64645
75071 78949
43473 76827
44975 71983
43276 91449
72061 86607
2843 84106
67324 89345
63160 85229
42267 71458
16820 27249
4978 21242
64942 65323
76863 90892
39876 60096
8270 86003
37227 54502
31159 58990
36805 42731
19066 73786
5419 18998
19197 83054
4092 49833
39173 62259
49788 50507
8998 44216
41927 81152
19849 28448
21816 77271
68367 73691
69766 87006
88319 91645
9801 56606
83242 89147
35787 62120
6524 22294
38026 58430
67915 82268
20139 32754
45215 86969
23791 55502
36121 37656
3582 87034
1302 35613
49793 80573
47769 77634
32061 33395
20608 29058
39642 80751
58754 74768
56679 65742
27862 28323
27894 80464
33712 46972
1250 23510
30226 62626
22251 71117
18544 50793
56504 61433
51935 71172
61281 62749
49237 65896
4573 31029
23990 24295
36684 78870
30944 74092
45273 83040
4866 83864
2115 3474
36348 59459
27544 43000
7905 11580
3225 86130
75133 88049
56755 77937
42460 71437
50252 68225
63885 77877
49468 79197
16536 74892
7705 27968
45070 82266
58921 71062
39996 73656
26035 69116
4551 77313
34256 57854
21050 82887
55368 82551
17627 88161
73986 77325
73055 84089
10260 11957
82246 87156
13150 21969
64232 82663
4733 26482
50443 58312
20719 91560
33377 82146
27276 67949
12034 55101
66075 78080
19964 68155
26815 34999
17560 48336
50624 74657
56033 76326
41049 78746
6705 46865
21726 28508
73519 89172
43375 86515
60026 71462
17296 52700
16115 54802
220 54229
20901 60191
57180 72702
28614 68438
56424 61101
10953 68792
33806 63897
35637 41367
63567 72445
20030 32584
16760 75454
23360 50494
17856 42354
2935 52782
30163 78153
11440 22706
51090 52794
18574 66240
35756 77079
65736 84931
5008 66475
824 44431
19138 34824
46512 69324
2283 6245
13076 27011
15492 88443
12075 20835
14418 70005
76702 79264
79244 81845
7005 55544
17310 55386
21374 41959
43072 82128
17267 37493
7700 37444
32011 62634
21754 28844
86145 88979
1507 7816
40574 53517
10780 48606
52521 78629
8106 45125
21768 64339
23292 71214
22387 77249
6545 44634
24569 44610
9111 74301
2932 23994
47523 63324
35389 53389
42550 75305
32836 76835
6059 30075
41648 47087
51521 76020
8345 10756
4818 20011
7969 28637
41545 54159
9430 58357
59951 89294
48780 86983
32008 91371
14679 87229
44135 70285
4637 86197
42418 50287
43775 65903
40364 53436
40960 88484
5836 61684
21875 24445
4243 76996
75589 87317
3147 48913
12813 24039
67081 67532
5027 49405
2298 73732
37767 50350
21111 53028
34090 73890
8903 66046
17442 52252
5803 47632
60065 89637
9143 89429
31549 88570
46251 55663
6448 44556
4370 87721
11177 86534
18777 30988
30355 42175
42124 42956
33587 58210
8234 44741
11060 75086
39385 65628
9464 68365
28905 66915
11837 26354
60330 83953
44461 59958
27739 85603
9764 19544
27491 91582
6902 72885
45705 70923
40048 47446
49420 91378
40504 82371
88396 90577
57166 90836
8938 12790
68718 79238
17121 34545
33377 35727
13575 80729
12665 54927
71174 85498
26125 57381
26338 61673
21102 23395
3036 65052
14377 83737
15970 29617
4263 47709
42228 69246
18050 29203
1765 31480
60231 74184
62321 68655
1687 7457
44447 64373
3265 83245
78927 83512
43072 67934
49526 76847
40504 53761
24870 69589
46832 51848
48686 54181
12359 72529
26421 71230
32356 50901
60671 82483
76844 88398
7865 47088
41035 49262
43265 56796
10042 56388
9886 49782
16979 34221
70191 87238
24915 28986
36622 58450
12372 20825
19004 85218
953 45252
81902 85610
40196 56120
38457 62946
80500 84683
3175 59328
23855 27984
25754 79682
44263 82378
79266 79352
70950 87246
33427 49017
19373 20453
73652 88972
44994 48557
3283 41575
55085 88436
51157 51195
28939 42293
55282 65182
14866 43393
21823 47900
14247 52854
10867 49205
62392 69924
58248 72768
9706 16644
18975 26591
35096 51411
52548 70581
62117 74974
2804 58117
49941 55240
13858 54771
14367 38778
8493 59897
43181 43290
28692 76145
14199 85553
53918 59707
11280 32348
11844 27798
44979 77475
68056 73400
76834 89041
4763 88435
6430 68874
436 11248
44608 50710
25023 89390
1189 59567
26794 61463
1994 50040
6337 7150
73212 78548
56676 56792
32119 75636
1404 46857
31071 86521
4100 30073
50228 56383
7248 54192
23100 44281
21209 67041
20733 34859
23814 90001
15719 88098
27158 40842
35795 56077
39164 59508
11486 12012
6350 75827
5595 70817
627 63210
127 24752
39642 78522
10763 67230
8581 22207
18632 80790
79782 89965
35743 84110
17704 42059
24105 69348
54627 62008
17877 22579
26307 56225
55147 78991
28560 56178
54747 77177
91 53464
41430 60860
18389 52002
20517 78151
28538 72504
23186 53204
68050 86481
39934 63511
79642 91028
64675 81384
9573 88842
40870 56497
62529 65083
25583 51608
41572 46474
74534 85820
17284 67293
25294 27443
30283 90789
50212 76673
22164 51488
20439 53149
50748 71610
64331 77477
61784 83844
2027 35196
17390 66191
6358 86410
10821 89340
51805 56905
48482 76961
27389 84831
34331 73585
35651 56055
64917 66449
7234 90952
64072 73884
68966 76823
31762 59562
14643 55107
21135 23813
22569 61165
63769 88046
42626 79957
26300 36822
5827 37889
39259 81938
78250 90005
43451 44121
4657 44782
71011 77596
4788 89873
28332 40257
30787 46418
2794 52586
39962 90850
74784 75647
65857 74775
8478 61539
3427 62122
38665 62410
42407 73153
12716 69222
40904 88417
20968 52058
39109 61147
28562 51936
22263 63276
19827 86200
54049 86530
28155 41871
57349 81685
15628 53960
15753 45439
56529 63245
1430 75867
77318 83704
1293 86416
58259 84889
13870 85841
68903 87077
8919 64470
23833 46093
14119 21258
42911 51464
7436 51659
27116 40431
68660 74936
15977 19037
36736 91124
52315 82362
69367 80229
11223 33835
32972 61475
3495 8666
45985 64234
31548 84368
34945 48585
30364 74660
28799 50521
18218 84990
13365 15028
37811 55077
14828 76404
30720 58676
57963 68844
26091 36074
907 32376
2835 60127
7401 26464
756 89472
63033 84867
38746 81504
18345 53941
33370 76868
58506 91053
9908 75404
2592 77127
28986 57344
8026 75228
16019 83130
21691 23475
23192 48520
50270 88201
34182 55263
22875 42997
41907 58563
82327 84014
34154 58912
4531 21534
3022 25157
66362 84095
57397 70042
35450 78960
11307 30635
4855 22566
11669 77622
3693 39413
67841 68602
45295 53417
26288 35667
11889 91285
51247 57518
45453 59077
21547 47214
7175 37954
7395 87648
68970 89962
32679 65883
41830 63323
39834 86770
7223 16096
56657 62925
41375 58926
2828 3795
10079 66557
7834 41201
6062 89273
14327 52637
58431 73175
8555 26419
29450 50054
27699 64595
60607 72018
67397 74240
54998 85839
29240 35334
34947 86374
23740 49330
23668 60706
61577 85200
58563 79259
13267 81152
19256 90070
20016 34365
55381 66773
28080 83686
5355 69386
16089 65114
41041 85368
499 55841
3236 89791
6119 37140
19398 45776
10162 19803
21906 88957
29290 62254
59820 68886
22866 31750
27858 67295
81923 86398
43549 68991
7776 58643
4751 48767
63024 63306
9070 78661
43788 82008
6067 42381
1395 79482
40717 65105
257 87590
54901 86537
5091 17639
8234 13430
74889 76351
13137 19029
40097 77738
72715 77197
29086 59586
45713 81378
16952 56953
27265 77511
23543 37239
6832 10462
39951 43309
19143 57070
13930 57872
6628 81130
3 84763
33653 52913
51801 56080
51207 75594
43286 72205
82766 83236
42627 47687
35534 73155
76846 88268
20428 84353
44121 79019
33411 78538
57165 77701
4807 76061
10435 17908
45516 56161
32077 43130
1994 41253
8845 13139
69211 89462
34309 37448
3728 48275
38208 43149
38852 65091
13058 23237
43126 60776
42812 71936
3736 70406
1679 91284
8670 78818
16330 51372
58724 83006
17867 80316
20787 40230
22478 62151
57740 77454
54525 63321
137 84026
38278 89748
18887 53964
39745 52459
27642 71351
793 74962
354 81312
46588 60784
26684 52817
37872 41805
45179 86310
5618 49299
41340 53948
8262 17540
32283 76288
59497 82591
7276 52645
29520 71027
43782 53598
2853 13833
23682 83761
3073 86374
24082 81040
14502 76288
21353 64905
34784 81456
504 49694
36761 78319
8405 28848
60449 72564
19677 32960
29229 52696
11204 37217
10130 90386
3880 61798
20721 32489
12395 60109
67718 78147
13109 58510
38215 56669
11743 15888
22985 57251
54103 59008
63192 77829
71284 74231
41096 65827
1717 59942
49415 76501
36463 69410
43109 53381
4219 72936
47550 87691
65586 71953
54689 76237
6222 6232
2870 13125
2330 43215
27738 87756
50898 52735
70416 82314
29402 39473
8051 25571
43923 58350
21066 87461
17125 81248
44543 91457
34437 61434
6534 17572
18912 74371
59131 67666
32251 83325
52917 84958
15619 57335
67316 80040
21714 40012
31187 46532
73479 91391
28061 56834
36743 67763
22160 37544
17482 59372
46464 86927
44558 46147
19866 87945
6756 31191
28653 79983
55719 88817
19336 62307
2103 81563
62415 84361
40393 79402
36192 59708
8025 39626
50875 84435
9333 37787
16185 40988
67533 80676
65049 81170
52155 54763
35586 79178
46168 85584
10632 47591
26068 78248
84791 88251
9635 58584
49232 72006
2030 70833
29809 45873
410 56927
2419 47641
18610 55203
2204 89375
9714 44972
53043 72918
2999 21144
16309 78642
32108 51793
22465 56549
61225 77774
32425 56781
28882 53709
15653 44470
54739 64076
25557 44171
36205 58642
58066 81474
10510 73766
26119 33466
43950 67236
17234 56897
24334 39970
45046 57792
49106 75227
74047 77456
53955 60507
5586 36761
8168 61142
6177 8350
49409 56967
29348 39944
4072 40804
9848 67966
25822 63535
32817 69698
32871 69441
26669 47538
2188 4192
12897 22181
39883 57603
31260 66235
23977 30142
4513 49004
35816 60573
36477 47460
2780 73151
32383 42109
5939 9916
38022 49282
69713 79285
23855 31533
27606 33129
14369 25418
14963 68929
39067 62315
21093 49157
38668 58041
5930 47998
9608 51504
22812 80913
36248 42854
21781 53913
87147 88980
40248 84650
12569 40903
20590 29412
26397 75557
57739 72625
5178 7317
34316 39171
59900 65115
14540 33307
24144 68812
41522 81824
23288 62270
66008 78328
25447 55572
51024 57491
26675 58654
17735 76212
9009 77703
32585 81826
58162 59371
18972 74409
11426 61156
11535 22886
46952 65142
20579 62221
19061 34077
14446 15034
76370 83815
49304 80303
7175 53493
78201 80803
48454 67613
339 13024
15336 85044
6428 90339
10179 14094
2615 7418
8838 34856
35139 59723
12636 53836
57513 87874
11040 62520
30828 82978
38166 50032
18002 89799
2676 55910
24594 65599
8829 84770
3845 33715
77591 84661
35350 71961
48484 49177
17024 75537
13107 23869
5645 48849
32332 43568
11426 39221
3835 49344
24207 40580
76364 76763
29981 83239
18336 56853
17929 76712
44067 46533
39992 82516
61675 90357
21616 44008
80172 88771
23227 53416
16077 48730
38730 44706
26851 28706
26938 79934
16827 48964
51148 56417
38907 64812
43234 74998
44245 82781
6400 88896
18014 18442
48488 68170
23702 66524
48339 52839
9696 42094
53898 83521
12225 64891
20416 73793
13301 55539
39755 50083
17323 42505
51973 81325
73990 80047
31124 84624
16744 34884
7765 86990
58621 64496
14625 85810
45867 56621
24275 58647
69736 70188
9045 71017
47397 50222
71976 87359
43169 51620
21638 51306
19072 63198
72904 81034
27479 57474
14937 51677
7807 52016
980 80013
76301 89264
8053 86114
21130 85761
13499 64177
27516 53005
63070 72222
6606 90653
11495 37379
44032 55819
14232 66340
28659 31084
16321 85204
60755 76280
19755 91491
31654 43251
76798 85633
1226 54382
16416 28819
37825 38180
24296 31969
12873 21034
15034 37653
40058 54618
80119 87563
38660 56781
64333 73164
25110 46600
20987 28952
29095 87053
51304 76702
17364 51260
7886 43367
18523 45751
12819 65732
27099 85101
67948 76133
4625 47150
19555 87581
7501 91643
10721 75650
28289 49890
58200 77286
3642 30457
55028 72057
6331 51878
59438 73389
4870 88486
13220 25810
61037 84241
30513 51061
2043 27149
38756 87622
4440 88837
53887 74071
17711 79025
25762 49100
18295 34343
16366 22889
26128 41772
49247 80407
14187 61598
13781 53275
22354 34739
4660 89979
18697 23441
12406 55775
47320 81183
37267 69667
9552 23223
72819 85095
80178 80802
31840 87181
31395 75374
29924 86909
6750 27068
69404 84866
20199 48699
43877 60527
23950 40536
78160 89775
1369 39341
267 40397
25227 35796
9261 55191
56872 74040
6212 45043
71515 89710
37928 46130
5081 75179
21390 72026
47638 70897
6072 7401
90097 91557
40126 73281
14763 82224
47819 66513
3289 7600
17576 42887
47631 60210
40252 84383
5680 21456
27031 45160
31903 77714
28904 43571
57201 80033
66939 74607
31381 81411
71044 76826
13051 68060
46075 82742
7077 40141
2890 6951
14065 45911
10059 90586
17036 30206
25977 58182
61886 79448
41673 48032
79040 88654
82333 86015
24328 74476
12139 33356
1171 66224
58885 65335
28392 58030
11083 46104
36396 71214
19032 24030
8015 39897
32055 34326
13206 23968
35989 57054
2601 71397
44873 59197
6620 53488
11932 44515
40558 81276
55188 65026
744 88579
47084 57780
24696 52984
36199 51560
43672 73962
30420 62755
42324 58139
1070 4107
36784 38272
2687 56574
29684 65798
49287 76467
23724 72155
44404 45670
44157 78869
2035 9759
38467 81077
60368 88786
7597 22321
5642 41017
17686 25319
25384 66359
14 37108
6838 34134
75078 89786
51449 76113
14287 82267
7051 15747
57610 74921
14614 53791
15398 41426
67240 68887
203 34911
23785 71278
65227 77668
31011 88879
24706 78811
50248 64508
6509 37869
19012 89948
54057 78756
888 12582
7630 42272
47945 56912
43237 80550
88204 88309
37201 51096
25967 45003
33090 48902
6656 18676
6893 45683
62628 72314
20884 20944
70646 76562
19775 50293
47424 85659
9530 65004
9932 89922
49833 90308
40427 87672
4012 38010
49221 77743
15406 72330
33479 53335
76676 78664
1765 65702
26179 64463
54162 60036
80369 85168
33458 45159
25574 44704
29256 29661
51133 83318
22179 89813
57523 71608
14472 74305
65948 68260
30629 60973
2333 9660
18987 45695
19642 24198
53154 85515
40112 60007
47618 66727
24216 30687
18196 79372
10524 37101
2437 22269
25783 59946
27816 48577
35158 88649
20776 70934
13268 22186
17704 38625
20531 44484
888 54597
24124 87309
30423 45389
17147 17720
12026 71141
33347 52245
28045 69224
5332 79015
6457 7217
1780 75983
42592 76133
28154 70863
9655 63042
68609 80102
5201 48429
41709 63656
7372 57724
77168 87645
49747 76733
7953 35969
9012 57773
14413 21811
34452 41228
27918 63585
35628 65330
54012 66807
1479 54242
18306 59759
40635 62279
13863 37100
35543 55511
18240 83030
59650 81229
2249 8758
21204 31440
26171 83245
44786 52139
28098 56652
35426 55984
20932 77880
17601 20574
24848 33399
5507 37955
44142 78625
6136 41440
23060 55494
11852 53453
33005 84935
40329 84779
711 62380
41305 60792
9298 12471
792 3455
25472 55131
29100 82411
53563 61936
45745 89800
85473 89668
44157 68140
9749 15996
282 43046
54047 67737
11143 14580
8456 47437
69608 74249
22735 69337
66210 77797
1660 33833
56841 77149
27762 56472
24806 56630
74529 84938
22033 77083
25160 69217
39442 80599
12770 55643
16833 23024
32923 73228
26233 88435
7737 36029
74312 76660
16985 80368
12633 72372
1989 34733
51576 64596
48801 60334
19234 88377
44356 57892
27145 80489
3484 20095
21871 79585
3846 36483
37160 60790
33672 44428
5281 76213
29574 62610
63312 77437
44999 67444
27725 65346
63215 66680
4871 41788
15319 23333
54311 88718
37108 50335
68934 78070
29453 52141
5074 11655
51736 66876
34836 36213
3027 88658
53451 54525
27364 43803
19215 35461
37200 86521
11636 77948
29364 41485
38362 77343
2562 76373
12432 69220
15035 40619
75250 91452
9934 55591
15453 87426
43852 69766
41971 69612
23984 34780
11708 59427
30926 31281
18218 83262
50401 90691
8741 44519
21475 24395
8143 63663
18088 63725
9556 31510
36495 90838
26752 29672
32225 38810
27463 41226
16935 39614
3203 90506
4665 45868
33269 83084
27155 83152
12515 61937
18117 61834
1504 69777
48300 48752
1168 20147
26505 38530
31749 47842
7679 33586
6545 34975
63762 73816
40562 62912
38225 58321
3678 30473
42871 65078
71038 80131
28641 30359
77161 86768
3452 24090
60595 82845
60092 86035
5057 48218
73378 87157
63066 85350
4703 82490
23127 83827
22417 42143
42248 91585
12375 71622
42259 68281
6925 14661
40275 84594
321 26252
75532 87349
3431 36081
21985 87806
68808 69492
44729 63444
1457 90461
74907 76302
13357 40435
47800 83918
20516 71705
39857 57823
5186 88362
10491 64053
80813 83639
6603 60659
1126 24301
79315 88847
752 13116
75137 79523
45969 83732
22770 75105
22179 51512
23225 32799
9063 46185
37982 74861
13595 45252
25159 70300
55417 75320
14119 37716
44920 74392
32639 63462
15583 87054
12373 85946
44473 51886
21302 30888
22090 84864
8397 84283
49077 71660
21669 39653
8965 13521
1848 6357
62032 73280
41463 88187
33703 58250
26841 76352
44646 61672
68342 91659
33291 83193
34389 90934
31238 38386
46959 77977
38177 79034
62491 62587
386 79161
40866 49510
68571 76333
57267 83361
18202 53137
23926 24061
33676 86137
53208 64961
40413 60362
12517 64855
20928 44442
15580 47796
7740 46335
32874 91417
28872 33840
39562 48847
14287 75760
18374 47690
9811 31865
11387 34881
37971 77233
41534 44893
44149 64474
38350 45246
33520 87445
17322 51974
69890 83420
72886 87265
1787 12569
41358 42802
84728 90806
13659 37273
9113 74620
4242 61268
8312 30861
16133 30985
2374 51850
43299 64771
8955 16189
33202 45222
66460 82166
68422 85406
3570 9207
14883 32436
3293 23286
28866 65645
24261 33215
10245 60214
44133 68211
2007 51160
62531 80124
8618 83622
18919 76547
29227 56632
20359 66229
80195 85742
9450 27108
52381 60574
37658 87434
2857 29161
50792 60783
38916 57630
1236 83264
42732 83451
17577 81484
4269 45262
19488 52547
22498 68026
65967 70051
66108 85701
17754 49290
22658 65235
4698 58300
20233 73159
19716 67708
22002 55993
40321 81166
13724 37887
43562 48896
53387 55510
19761 20286
67897 81750
47565 51906
31916 46068
29447 68942
13839 56043
12054 30549
33318 83791
7568 89597
8119 17290
40159 60774
71443 72918
9027 65034
53245 60011
15569 82202
23721 50342
19145 34654
8804 54566
35003 87605
45227 58103
34134 53873
59080 85685
31321 56458
25538 45450
6560 48798
39817 43831
57275 90176
46555 49715
21766 69537
37532 43234
20624 78890
14992 39818
71758 86297
19706 41852
22552 34329
35458 91360
45857 61957
2156 71559
1556 58843
67433 85881
19523 77004
5120 18140
4823 62947
3838 23268
8369 33566
21363 40385
17941 76271
1668 19656
384 57734
38107 59368
41592 55021
10391 57847
38082 45224
18292 81279
61469 70725
55905 89579
48665 66283
4768 40263
70699 80440
161 29792
17346 23399
14874 42529
49378 82495
20840 50480
39746 41424
673 67599
14394 63564
21582 58215
64241 82478
33373 75308
75436 88404
28659 77361
75953 80335
51721 68361
64567 70677
61072 77512
37526 86728
55388 88193
52353 67107
3088 65892
84285 87771
56832 71947
35771 72530
18167 33489
5352 58128
21046 87360
16105 80509
63970 90160
67289 83309
23866 82077
11319 19566
5049 46560
63947 68128
35492 54213
23988 40757
55074 84477
24063 24709
39437 71345
28565 62802
43216 51611
20246 59323
14860 26719
33886 73320
78619 83712
68098 74525
52451 53691
13022 75890
7457 37095
41311 60208
42615 80228
34370 39760
7356 66690
11695 49378
36179 63964
28839 38385
21 81133
69850 89162
28033 72002
17692 29835
25417 68224
50844 64641
18384 84726
52730 84029
22526 80203
4706 72313
35661 82156
24218 27462
5027 75131
11199 15656
8288 91202
1311 86467
11486 22574
1185 14383
46122 56084
21830 38362
24117 30705
56463 89043
2901 62644
39909 81173
10534 71674
10817 16159
35557 91417
15846 43898
30686 83448
83728 87988
27103 88516
77627 88109
14740 83769
57812 57868
14806 90777
14961 69938
27213 48630
8618 13123
61200 75437
27616 80747
42426 67674
13588 38154
14514 38362
10912 63532
19733 65956
5141 67415
934 11795
16552 83420
55688 86031
43081 84313
61225 89434
46375 50268
34514 61469
10511 25554
34658 85962
85609 86424
22344 46865
41403 72387
33955 42749
4389 40546
38467 42876
6192 44673
274 59147
2937 45790
26867 86138
17813 47699
64568 69980
30055 56913
42354 77405
14263 16935
13574 22449
34803 37076
53386 83044
10488 37662
66059 68270
27827 75309
163 80110
41162 49064
36602 47377
43377 74832
63755 67695
50947 90598
26600 46290
42901 76355
36443 90126
68893 79643
19997 67503
33846 77604
55511 60781
82449 88026
2736 46960
8840 34334
37731 75494
33175 68311
51692 83826
78685 86124
17253 34350
38055 52005
2499 20880
14425 24644
727 15202
13874 49309
38390 43260
8228 44174
10617 15966
29957 67107
47275 57975
28448 50210
73735 89833
4350 62700
53443 72407
23002 31378
31723 41409
20055 54984
19023 61634
34908 68963
8756 15635
46806 59485
20209 57416
14233 67714
2337 26121
23614 82835
14334 48621
31215 84227
28278 89956
66855 82610
29101 81310
40565 81595
31567 39218
47162 87755
15331 30579
62439 82159
21196 62502
4566 52446
49520 51978
72649 80384
37764 37932
36982 59444
18356 65792
28075 51485
1026 64430
1515 86482
28801 29731
55822 70310
3454 78520
42209 54287
68659 69055
5750 82754
55874 86199
18044 41781
16356 47123
17597 50567
33489 41385
19074 68843
57825 90821
8877 15315
1735 48775
22664 37255
17747 54298
9729 25712
38039 88496
21223 67135
18371 30961
63753 73064
31446 36455
2229 37120
33807 55473
36267 42915
27891 80419
22409 31469
30480 34209
1525 33763
26903 44046
51875 67266
40226 44214
34728 35403
14270 26602
331 31167
2500 13367
4852 9638
9240 37510
11113 20861
42700 76874
26789 56958
25024 60991
14367 78535
47648 75275
13454 27192
35653 72604
81728 90788
17510 22514
82123 85608
32731 48686
27146 69205
759 70113
3685 38496
10097 12571
27551 40192
49538 86539
24109 35140
24492 86835
26509 67005
4964 78960
6419 67522
46083 60248
5291 24770
44471 58628
57830 65937
19023 56795
32106 78524
10365 47829
25413 63380
17443 89179
30730 64519
45499 50242
3193 44007
37154 41851
28824 71611
52852 57808
7139 30004
65137 65949
6722 41530
76713 86281
11171 55134
16570 21722
80870 87470
48654 75113
53694 84465
865 54311
67441 80258
82026 84491
37467 51158
14748 47451
3562 51678
18886 77116
74266 76632
11956 75354
17693 23574
28481 38006
18352 80669
17912 86796
1745 91141
33477 37508
41721 65386
8394 58742
31824 71387
42414 74028
16154 25632
40075 51357
65591 88392
59068 63382
49848 86836
21352 81689
17252 58424
5001 31596
75524 86671
9973 73223
13942 48800
3181 10999
20161 35433
6152 28912
42233 60381
77650 78540
70297 70529
8076 46190
6122 72345
19028 62912
35681 39012
32245 42477
66196 69975
87297 91147
1054 55565
48657 50240
6737 35510
3860 37825
38058 55286
30699 67811
24534 83715
20473 71282
2705 9907
13063 21100
11739 58073
5771 68705
46882 72429
40098 45026
6489 46442
2318 34019
45403 52623
12621 13163
6523 26818
49910 83693
1956 21397
20206 33982
6997 8014
17220 26249
37873 70302
9870 86678
7508 51368
28670 48830
23284 56855
52564 64432
17763 86673
2272 33377
46178 79128
20474 47133
30738 86958
78011 89486
16722 64523
15501 39391
36280 61588
16345 33346
19074 80955
44477 91280
17605 35646
81337 85945
19226 71789
42747 84356
7380 28564
30857 77214
7385 28334
18436 65347
26876 52427
44724 76341
36361 90654
56405 75696
25358 77355
58486 83977
13360 65406
30909 50231
82168 84261
11167 76001
10418 25164
41451 78609
47793 89502
60889 79789
33338 67138
1299 22332
38163 48131
74488 91165
13760 80497
22263 85104
18550 21075
14523 86536
59633 61768
22880 64588
6009 46802
11764 43895
41891 82275
53493 69391
34053 59592
1100 47703
6572 20976
13915 86543
80819 83183
36655 88275
8683 49682
57138 87679
13518 80044
24695 30035
55649 63635
74151 78179
52201 76393
40830 73739
57280 73335
22443 79323
66045 90250
19686 39845
3318 26775
58747 76267
64386 67834
79567 81253
18721 52568
17743 28499
3917 53870
49393 87151
8424 41347
10249 56359
16655 77278
39041 53952
58530 84557
62516 82762
4145 26731
73555 73927
8576 56563
16401 76838
2516 49449
24600 54189
31541 87112
17866 73167
39351 61296
86636 90492
3631 39918
19671 71119
6146 76925
30366 35255
3166 60269
7291 62259
9259 86172
59453 91462
53029 54260
15514 64055
75069 80377
13413 33614
10204 72352
16185 50246
25565 25643
12005 41915
12074 52725
9653 35720
11576 65838
20429 58166
62668 86777
31876 32811
1754 85873
15571 71704
16364 83788
69435 69965
64128 83116
31970 32603
70211 71057
24403 69239
19919 39844
53835 55068
14788 73492
5864 36993
14356 24572
69177 85967
68487 81550
7182 68851
57350 89698
14263 39861
41237 51707
21665 89603
63167 87317
9561 83676
3411 90909
66557 75834
76585 86711
19956 82384
8209 49391
36639 71064
36133 79558
16907 25641
6620 72610
11334 58513
8014 47389
38800 89884
13627 44102
46314 85689
32604 81904
18585 27141
60288 80174
64855 90901
82800 87077
21753 81191
3394 18492
42402 57525
5638 49680
63650 83016
40316 46683
2584 87446
14168 54842
1697 60349
14957 39518
33592 59279
17519 44124
37699 69810
64543 71926
16712 89978
8768 26516
3924 76226
42325 59085
661 53726
43277 50752
10028 86340
46612 90103
41492 60735
26553 37957
1563 46047
46589 53331
24157 67267
48198 48443
61437 80552
36581 79305
13863 48537
11707 56041
55940 91286
37490 60331
23241 26086
14422 87392
31907 67955
11408 12075
63774 71010
5264 82848
25091 88212
17582 73519
62794 69903
74040 80237
42063 76252
60801 78744
2413 23486
34761 36229
78346 80508
73344 91221
16695 64353
12281 48956
64493 68762
34006 62283
29235 55625
19501 76247
69691 74550
55492 87333
61331 63181
23123 35481
17709 36699
7836 23667
34770 68341
495 18996
53610 90835
81498 82489
77981 89587
69612 84956
26480 36545
45431 81721
62149 69081
73848 86661
47479 62464
4348 70714
33321 69278
44096 67662
50832 58180
30411 71142
11064 74471
16303 59278
72007 87408
441 4309
49420 65499
39599 62506
25031 38124
6452 73538
28452 42117
2808 90914
11194 65860
27207 65972
14322 85995
6191 49022
47770 78860
46770 74441
44646 49482
27064 63854
7774 41500
68962 76839
34745 43639
33294 91074
15268 41833
27834 76575
33103 71566
78337 89589
63516 88122
12082 24192
27630 52257
54078 72933
66940 87797
64511 77821
45234 58060
27279 78115
1381 65406
68292 81465
34727 53646
31925 91508
17704 80390
81246 82228
43749 80681
23905 51859
36239 85326
5179 48776
1923 30275
47288 72613
3602 90084
417 5375
24181 30857
37153 73549
75604 90373
30168 50549
1375 55361
64252 79179
52737 62963
56986 76483
15152 44210
60959 91549
56290 62787
48773 76453
13932 51958
45608 55586
22026 88016
19156 32385
7026 38153
8645 66371
20074 52066
5711 30471
35102 76280
12947 89952
20801 53729
4334 19817
5681 17744
53290 90686
49680 79982
10811 30964
56119 87398
43622 60516
64702 81268
60108 86747
54549 71730
14575 54436
49104 82579
57401 58995
16525 66234
26848 50854
36886 57720
5065 84771
15382 82028
26908 61401
10475 35853
63051 83530
7441 70428
1425 82209
13320 85944
18437 61155
86929 89980
19237 43819
34494 63554
45361 86928
42924 72187
71812 85017
4191 59708
33914 36669
5202 86847
27041 29979
9807 18917
48371 89645
62342 74605
26806 31516
15009 63613
35267 74531
26829 60095
22230 45415
13349 78389
22177 52589
57994 75013
63036 67875
73282 90699
9483 74456
4807 54820
8063 60684
27651 31649
64418 90797
11200 77698
22572 83424
17743 78016
14030 39372
63373 82512
43709 61733
39544 84148
17512 73680
11093 21193
41876 67815
3889 34245
60456 70333
31468 80687
35895 73399
49744 83254
14831 23774
2031 19976
37600 76683
3022 4817
56824 89382
55978 68566
59012 73064
46336 54428
25459 48028
15539 43345
60596 80998
66621 90974
49102 69530
23254 49437
9897 56593
7678 22804
81288 90378
16596 25653
67102 68870
5494 28852
10337 43522
13555 34276
10304 22425
21845 22096
23437 54054
18547 58466
24265 44736
67936 69755
17443 70556
21688 85657
11921 34028
19610 68155
24237 83936
24918 81990
33279 42074
745 91481
48738 73739
49541 83400
41673 63197
40417 67195
26967 47382
27063 89195
83067 84620
36736 51848
37861 38958
48567 88893
2255 30609
20484 70654
22363 36695
3065 75838
33203 44985
5045 72544
15078 27494
368 20300
42457 62694
53404 79561
40378 73240
72679 80960
36112 44381
37408 85330
76815 86205
12495 43143
17655 80103
38180 68377
37446 55596
33983 57292
5663 5961
4802 27956
4968 22595
48522 83007
10678 77818
46000 87556
38025 81350
12691 90025
16510 57997
7081 22559
50813 73632
66739 78529
343 34820
22758 61725
11169 30511
2029 88327
52179 66799
49824 62447
38740 73620
445 41061
12127 39584
8190 64925
13788 50024
15280 64729
6178 53858
4923 63928
85048 88603
25022 84588
47326 77064
46311 85236
53788 91667
23661 46317
37340 66769
72820 91600
16484 80424
40149 40892
22936 81239
14706 65126
44287 51854
49326 66555
13006 40582
41215 45858
49958 50591
35112 89099
19859 35990
56851 74850
30302 31635
22985 90848
28238 75317
28621 61047
24789 27896
7952 30672
31470 60216
19172 19208
5367 51779
33359 60143
11425 44666
260 9988
16587 30613
26295 57712
6708 68942
21068 25586
54157 62665
23111 40451
4143 65464
10845 72092
67630 80969
18670 24405
17563 49455
13424 30978
57154 87366
1617 54876
8525 89671
2648 39506
16677 64909
16318 51826
42838 49701
34785 56798
83977 90518
9548 38006
55035 70911
56848 86547
26967 40260
46373 82307
45524 66760
583 57955
38253 89868
24974 37846
19399 24260
75977 76145
16494 36286
47777 70450
27196 31144
9456 87934
53634 91643
1292 87952
4743 51997
1508 70214
30387 86557
28660 75088
79187 84320
31524 53026
62078 66420
1381 20020
19344 33132
1244 29773
39167 60141
42675 53577
31025 63840
23454 45817
41513 87139
3590 36884
25384 89271
56460 89401
60428 84121
14039 89173
32413 45958
53000 58732
27118 78648
49068 73000
49726 88779
30163 30200
25959 75189
35379 68931
22730 85858
78194 86590
39731 78861
1529 16914
9138 61620
25570 63687
62815 64867
38105 51390
15500 55818
1725 45674
53900 68620
64118 67493
24314 66659
22537 74532
15255 21952
25452 71905
33811 43349
17897 43825
7569 85396
28135 64491
7555 41360
37184 45974
32111 86233
79578 86745
11576 37754
5732 79052
28033 89543
6523 63515
31698 84374
20267 76606
2605 23853
3068 31681
37937 86941
70791 86253
36320 70805
61958 85918
41642 73104
42815 43011
2837 30869
25025 34130
16024 76844
57017 84396
73544 77865
1689 11741
351 14717
7674 81831
1625 82737
45303 47143
48564 78089
44167 47100
14786 38723
4536 70891
23826 27529
14175 29065
49934 57842
23935 35032
11690 79794
50438 72947
25038 86884
7978 29382
34704 39083
59440 67502
37952 73779
23159 68609
5793 6362
33364 62339
65103 68606
2826 8631
613 72949
18967 90555
14142 70538
57643 64385
30539 86205
36824 74595
44369 91561
12357 21653
9556 22720
25542 52944
49770 49814
29902 37765
65021 84674
20820 64780
38281 73541
44118 84101
6706 41866
64593 86175
48342 84072
71279 88627
32486 44834
39252 44619
56460 57864
49893 56529
38416 46676
13613 20711
80363 87340
10014 68418
32524 84318
13776 27084
54427 79103
3599 44254
60667 64005
3313 25499
2145 15626
17749 47245
10245 81321
2673 58411
17978 49223
17341 33582
47945 51611
14609 89334
10597 57564
36872 55447
742 29774
58144 67300
21767 66686
5371 64810
34717 87777
38347 60846
12662 87952
17180 82573
47862 67656
2537 88383
80265 88229
21575 54022
62760 86368
13537 54756
18150 20338
59581 81865
14346 15549
28789 34070
58003 67169
14537 86756
5427 50636
59024 63858
26084 34159
29820 30641
4672 26789
27723 56554
49931 83672
52254 78938
45024 79489
65019 65919
31462 61441
34044 89494
17270 55825
25394 59645
12102 58827
62045 71736
55659 57195
28186 33115
7864 42938
9101 50334
47350 87542
13129 65243
33715 91127
26966 76229
14537 53915
53516 79087
34318 87780
15775 84186
2548 66264
20802 51893
12364 83725
40051 64839
10037 56498
20172 68099
4512 66109
34251 78434
53466 83103
7121 85273
13605 26944
42189 50835
7523 55322
53449 71917
3884 33363
33523 45342
1647 7203
13969 69004
66774 69528
35561 87111
71184 83593
70230 71591
30959 76574
19567 64514
8263 40291
26052 49686
14117 16230
67153 91619
55873 60241
64351 78951
25035 51703
37593 80961
17522 31718
8159 76605
50768 83523
42981 91078
63271 67655
24848 78232
16998 31733
9226 14482
38940 71761
49386 77003
20052 86692
26983 84129
73127 85082
49021 85002
5252 86708
5885 46036
29733 61743
31240 91511
15903 78116
36440 67687
36265 82854
6360 79943
30011 62243
73147 80000
1188 75836
36150 74010
9762 11721
10924 51589
23989 89444
83400 90314
3621 75604
13416 25393
32899 43969
20722 60011
7343 28725
7263 41437
9937 63498
15250 51291
57366 72939
37109 85305
22837 74989
9568 24536
52140 65934
51431 88767
12404 65627
55396 82335
60803 77800
12337 66388
37152 56668
33986 48559
17776 60021
3909 21845
56298 61150
19047 66542
21661 89831
73876 77610
44490 82626
41999 70523
8420 75396
24352 61676
19792 33387
16730 25165
2829 58782
69606 80617
53381 61476
22678 44169
48428 48830
89272 90256
68848 86109
49673 77779
65015 90165
28812 62178
32668 47983
62433 70004
20213 55347
9335 61202
11258 69243
30740 76810
74336 87811
56309 83214
16350 34647
76254 77084
33629 66827
60152 60860
64196 85424
25804 43891
25945 32179
4668 47521
16665 20077
50113 67645
1161 14243
40539 43611
51707 80474
3355 61057
2049 23491
33221 79504
28730 73800
24290 70986
65897 86999
18896 81333
21381 81931
21811 87510
1463 43739
13857 22044
33749 81303
31724 68620
16376 24949
87881 88215
48298 53635
60342 89858
43335 59726
4369 10465
43346 63810
9767 47283
25224 90958
9517 51445
52257 72421
52029 67846
44574 82293
12261 78245
36126 76162
67998 69642
6752 14500
10280 56701
4423 7207
30872 32839
11889 60399
7463 23794
5359 42487
30099 88971
14264 68384
55035 77590
34490 40891
702 72526
20285 35273
58651 88680
31046 47676
52890 64620
8033 72828
42598 50323
49446 71820
45335 66422
60772 81907
73100 90983
440 78049
60310 77808
52700 91466
3306 60283
26590 77918
9909 68405
19974 74927
75589 87583
16761 68023
5098 41163
12041 51447
42700 58903
10997 52740
4467 83978
36147 89191
13212 80965
49625 88468
5335 65097
7126 71992
29298 68676
83637 90226
22576 74455
12714 45946
35209 67046
12386 56912
69946 84319
50324 57016
10385 37318
3466 62105
1213 13839
1061 16163
15943 53130
7742 80530
17919 42291
47581 59229
3903 40876
34685 68701
23882 42615
55942 79160
64043 66724
20446 58004
40599 43334
35971 87643
3115 32181
2689 68449
16519 88757
36089 57135
2900 22844
511 67176
13459 78477
61817 76602
14619 85403
40405 85162
9740 84158
10094 13780
52279 80843
44632 81055
26859 30460
19383 66220
17260 45564
43173 88313
31846 72200
8056 71321
6109 8296
57684 86055
80304 81008
17623 80966
2093 48046
9582 87732
24883 28572
27166 69323
7491 19156
17770 32570
49021 80440
1659 83123
6240 44410
28102 56399
2914 88771
21995 43610
44501 80908
23303 73092
12279 54191
44328 54359
53143 88835
72421 74330
19618 68244
5364 15622
71073 77863
18283 32668
49801 54819
56783 57087
22397 25538
57398 73258
27549 49096
49850 84851
3757 21328
47047 81646
11261 84868
56046 77080
44319 63467
22200 56165
11395 73984
4555 34297
24341 50613
55888 71443
12451 31509
55558 66558
25125 79497
31519 67562
82944 88817
30928 69392
57686 76229
12462 77319
12234 41468
30788 82732
510 4216
42603 81486
31869 43555
1760 23730
26420 86879
44095 68945
74950 80642
56825 61597
11546 59937
26927 80519
85075 86853
1905 34202
10029 53076
34300 91190
12060 40135
29679 70176
44532 49623
44808 89979
44214 64543
76342 80345
14079 18652
59047 90541
54093 77846
746 58497
45735 73110
12783 90185
58603 87982
77944 84518
29297 46922
34478 77966
11813 74046
23523 50744
15918 90953
47903 79435
18981 58852
27096 27501
1943 77101
77296 85546
38095 90277
75933 76092
18523 60356
40513 79459
3439 78646
6737 38447
44560 77223
17806 68264
2695 81142
69806 70172
13646 80169
38565 62343
47947 73762
82889 82955
7780 54862
17053 20520
17109 75142
37872 68821
45197 71129
25207 45114
70586 73268
34240 46623
13157 31275
22903 42617
28230 30168
29496 58890
10323 83387
44105 73730
31354 88081
42990 90988
50812 68230
2430 44353
65809 81849
32914 50586
35947 74939
8763 33291
24025 81679
12610 63902
17018 47109
16195 17628
62112 88218
33416 58212
23009 61286
7415 85715
58540 62440
54348 80767
2920 82416
31683 71785
37506 76071
25100 81614
4044 80799
13990 26349
14304 87425
57782 73628
66607 69240
32016 49398
2108 37294
26896 32401
6382 49289
13476 89132
1750 30209
27757 30115
20174 32397
68838 72631
31704 66883
35711 69432
24407 62084
29843 76250
6314 81148
57895 86876
36366 56809
39334 88669
25383 44159
40377 40503
7427 20630
42192 62544
40354 60409
3866 51396
23738 36512
15186 52888
14100 14558
21763 53389
59955 70549
582 30065
17202 69165
42257 74368
2541 43208
76507 81096
5717 36427
8893 89704
24110 28163
28753 74671
31970 47500
20486 37994
3745 83831
50239 51267
5931 23856
40976 62386
34061 48768
43085 83708
76096 90292
9529 48942
47961 48051
324 89485
63705 78618
28731 82339
15755 58439
55096 77020
8435 16040
73849 80035
58590 84839
12885 43419
42220 77413
540 55136
15085 77903
8955 26697
1813 21733
66581 84456
2982 86724
21987 69402
38322 54162
49133 80453
23629 26156
12598 46648
56069 88412
5736 60819
30913 71283
16368 81950
23293 85887
19713 63281
31794 38804
24280 50899
29915 69001
33265 63270
17548 36165
27311 69662
58050 71619
69442 69548
51496 54214
48954 73194
59050 81763
7648 84219
37837 61416
27490 37230
22316 43813
29254 39343
71243 83647
6146 72352
4403 9991
47237 76768
8617 71154
52126 52312
21592 47237
8579 9638
965 7340
48553 75736
1748 75375
45345 80099
48928 53206
8186 40947
10535 36131
30016 45012
29786 57890
17533 37963
33363 73779
82877 83393
68493 89351
13250 41092
19344 90360
50369 71453
48737 74898
5246 70009
37597 56309
71208 71589
51120 70638
26412 64107
1159 7974
5338 55189
38431 42324
2096 66304
56947 69751
6240 21370
35207 38032
36862 51930
27211 85150
9378 71405
78882 81805
60546 91411
55684 79429
81404 91308
14756 54782
63082 78870
55069 66678
16154 50256
8883 79064
10041 71629
62674 80395
5206 53148
44522 51518
5667 19966
31288 65718
60050 74334
7150 80379
13946 43650
15051 73893
12727 14659
32483 65592
66210 70376
56104 72993
9155 88585
21899 70541
59530 65632
7997 80586
51117 89866
24732 40474
37786 74815
6117 63465
3463 87642
27394 60495
1033 13003
26825 65270
14456 61126
22355 70529
1068 56170
17384 26118
25955 86053
25775 61385
2236 56176
37990 42768
38459 45042
21298 64362
2007 42263
11044 70423
19900 64997
486 52535
55692 91444
10900 12314
67591 85215
60733 64623
57018 65159
2436 77588
76967 78267
48730 49415
12436 44116
81745 88182
68334 82795
41351 59047
39052 57543
10891 14573
5296 84802
65577 75811
3960 34578
68853 70363
6265 49086
46537 62452
1135 78447
45841 51447
33222 69534
42651 51068
18144 37939
27779 65479
28200 35473
37179 38617
5430 73444
25309 76376
32353 69559
50400 73843
31652 60175
3022 81206
19454 56657
26027 76015
52409 59930
68054 80663
4129 85902
75490 89539
14156 42035
68136 78996
9072 64524
31885 58901
14315 65627
84010 85202
15714 70097
9751 68179
32984 34532
17881 74359
26156 69760
25879 38487
75789 76117
13509 88877
70016 73093
28708 67386
564 22223
17347 69694
9738 49129
38631 50119
55638 85042
16191 88552
1518 86346
27411 78053
46605 86219
41 30089
5210 23005
8414 65639
11349 13771
14762 76194
52495 55667
51456 70464
10386 47086
25158 77692
23928 83596
23165 80342
31429 86000
3234 39086
35224 81032
45625 79969
39011 66495
55872 81575
35752 73002
47243 60391
8054 78103
39658 83843
64237 66873
59963 74757
52445 86375
56591 73833
2755 2859
4876 7166
28979 35197
4068 6727
50380 87408
43876 65251
50219 62447
28292 86115
49438 64558
30833 45232
934 80641
22144 53837
1931 22650
46376 65726
34364 86961
34975 82171
13487 37020
34860 57865
83658 88926
46869 75738
25059 82033
27079 46587
12455 69282
10557 20545
42775 66877
29757 67647
4190 42974
4000 62408
17033 37023
54074 58030
55532 68189
26106 77371
20020 78875
13217 78627
74942 83541
1876 29166
20307 55654
46427 75219
42990 85488
32102 46091
1243 67945
53859 57201
44572 88905
19546 80276
53582 60042
33088 49302
26070 71267
3335 78812
47425 60822
35427 86853
7649 71859
31014 48009
48187 90084
15088 55654
5886 20437
29219 49795
23063 47115
4587 88172
27403 31392
24640 83023
12284 80232
58376 75594
22560 26921
11264 66892
75127 80329
39849 71506
23976 90435
41505 87046
68698 87817
18390 48493
49655 62285
31453 49302
18057 24985
40317 77872
46331 55902
43211 61114
500 49979
8255 43016
8781 35947
4532 34488
45799 59350
40664 70132
23561 31341
45393 72650
15998 89021
39212 77474
21259 68308
8174 86648
25338 89571
14712 26542
23494 80691
13252 78906
43705 91321
10368 30992
29095 77700
17260 63845
38612 57215
71924 75238
30096 72862
53925 84639
5597 84204
34690 61706
23391 91622
62243 66414
48632 79617
12531 57213
11442 14449
86994 88321
29189 85126
3094 90474
9255 36475
6970 42680
39279 76040
27830 61635
2576 86473
58965 73862
69721 78188
30239 42330
45278 90392
46256 63508
3491 76980
2680 43514
33127 39723
16059 40695
48050 60991
28438 56358
2678 55425
4670 50769
71378 87935
1168 9995
46475 88719
39311 55661
8734 35909
24588 26859
35693 45135
2973 65832
57146 84268
7142 66755
33026 76387
39134 60345
54911 67168
52622 79922
24096 81770
9034 80102
71385 80325
8362 68382
24936 55890
9127 14150
14827 22726
38007 88192
54786 74890
63797 88044
12238 34101
2585 58393
28 18050
50231 84458
30805 85926
12997 62774
61427 70219
15438 33042
39628 55093
11743 11846
14343 29473
38761 51861
9521 41595
44540 47792
6222 58941
32587 61240
2612 7451
12614 14712
64034 85071
25865 64143
34750 66988
9646 69157
17246 57166
3690 26421
13557 84487
38398 60966
23764 24817
6711 77045
9600 43370
34151 44406
13057 83035
20814 40267
82606 87149
16445 33288
44359 69706
15840 78893
50690 57454
11301 53366
27861 52036
10834 36202
14745 88655
23730 84621
11446 79970
6709 14727
767 81040
56866 80105
39944 55254
32164 86144
66737 89591
29226 46013
3263 25310
9907 64810
36330 58075
24000 90154
53658 63875
27815 69683
42471 60218
50671 52667
1707 71861
1231 35577
2644 43587
35533 75026
12878 29378
13495 26688
44857 74142
32669 35765
32793 45630
20833 34680
28640 49393
28134 60161
27265 89492
20024 40578
22987 44626
15880 22522
23723 25885
82266 85353
50242 69334
9663 55984
45718 50683
41749 63688
45336 69745
19139 39939
2432 5169
12404 63474
37961 52176
23937 76809
48421 88969
865 38219
55295 62659
543 47242
4821 48277
20020 48089
38447 39499
31833 63178
85091 86135
6428 58377
59215 88817
47431 66473
10254 84216
28650 50193
624 15107
19420 81794
2525 29871
32910 60965
68036 79458
31130 40822
46803 85351
10402 48522
22334 81891
22273 86580
44937 74765
65573 73244
3938 62212
6911 31650
6748 78115
34604 61835
36332 81501
18567 87985
33752 41405
35007 85455
14807 28747
1919 47929
45517 64854
19768 72851
8442 16241
18563 70486
20065 82768
24140 67390
11300 25919
16150 21924
11984 59102
1387 32542
37907 49677
57840 68877
25017 65393
3792 77155
1217 25489
7379 7924
77274 84003
2609 86658
6156 42384
11460 48100
20266 78242
49444 78382
61435 90378
35517 72317
66232 81823
42421 78411
1527 60045
9949 55456
67624 68876
15402 89891
4805 47475
27598 72209
451 11795
37144 72570
55162 73001
40848 41484
947 10404
23377 39595
14470 39637
71506 90491
18173 51198
36488 77042
64334 70219
15173 41082
44413 62596
26509 62557
32020 79815
32790 81446
56765 79473
24907 62672
25165 76551
22476 70206
53853 67746
9888 75730
6253 17184
42781 49763
44377 79059
54811 70708
45359 54538
11153 90922
71185 72503
43410 50551
12073 34121
3540 33074
69596 70315
24938 64559
37372 90268
29540 64070
54055 68014
2635 14492
749 36480
4383 44937
5364 36403
20038 20926
35479 36703
5482 59338
41266 70574
47008 57547
11645 91374
43105 79845
13405 25418
69436 74131
6769 23223
6105 41725
26081 32939
15879 79958
21811 76291
41857 88253
15372 37463
17374 19474
30046 79041
42121 84393
84255 89118
30682 38993
5818 66356
42496 88743
33642 89626
40009 40066
38861 59529
16240 68719
7340 45344
36362 74978
21465 77269
60903 77913
13796 55198
80010 86789
49263 55981
16741 40434
14442 37643
11858 23675
48360 61136
14118 42992
67628 75885
38348 41719
29520 77407
13332 74897
37577 63185
24898 32520
59989 65268
41270 59289
10241 19251
767 16568
40197 67736
22942 69130
2782 17944
2772 69348
55283 74753
56341 85419
15265 43890
277 86297
6978 38996
83235 83392
6395 46971
19041 60034
5621 21616
42801 71969
38742 62190
5845 77030
37172 62083
65015 91184
15683 38152
20295 40885
4300 67937
36106 63329
8199 31397
9106 32945
76938 90667
12782 49038
23651 34716
67965 73500
29078 51081
43548 51688
12917 52658
36579 80380
68615 78622
41580 61291
8101 46956
29477 73031
13831 62806
10604 89377
27301 57377
24295 89617
19939 47814
36527 69524
30995 35107
53583 61769
64825 91142
23740 75558
59659 73436
25568 81130
37338 54014
14059 81084
704 36399
30620 39001
67493 74234
16719 51228
61550 87753
43864 57176
83399 90649
46103 62350
62750 66974
7402 83547
53354 75152
13037 69582
45110 79765
13477 71848
23190 63690
14210 66833
8196 36352
59762 79959
63737 89152
21104 70174
15834 20212
25437 37859
45964 67999
38631 68140
58251 63018
8224 27763
27617 84565
54062 83383
11653 28589
48769 56646
25437 76760
21209 77667
746 42464
22059 74362
64199 76031
52116 75876
61463 67027
42991 59505
19043 49111
72741 88881
79357 84572
16609 25320
27874 45481
6046 77407
2106 88353
68104 86141
42807 88126
21779 48286
25471 85208
18271 85760
15706 51112
3396 33975
19406 22062
22374 89835
22291 70492
82997 88623
42127 56050
42549 82587
59841 87268
6049 80633
16487 19588
38721 75705
26812 53072
10979 33672
67058 90027
14682 85226
202 23685
33353 75972
54977 73667
4624 67118
23880 79652
2261 27438
20712 49621
13809 76260
34282 40389
66057 89612
6910 12987
15411 68808
4852 12866
38840 75538
45805 57402
10564 36167
24905 69147
49863 57434
354 44029
3796 88088
42336 76958
43785 80153
58799 81173
18923 27367
8126 58915
22192 33233
70988 77539
18291 48932
19174 48529
3025 30627
28569 33925
13364 26502
56980 74529
56362 84715
50108 55851
15937 28628
12684 40151
14506 62599
6099 14052
39888 50209
70470 76027
47378 65881
15637 35134
7096 87189
14307 15481
32593 64625
42067 46626
53735 90156
41733 64032
23284 27707
44684 62098
36251 48477
11216 44066
8877 45255
51173 55737
57218 91632
17129 61484
9413 13738
15718 62872
38208 87710
62565 64798
76564 90615
12789 51012
3689 83674
11651 84972
5333 49650
28808 34159
52841 53128
9728 56173
43048 81298
53859 69766
28385 59231
56977 84346
38168 76115
29365 62573
3265 37196
9741 18719
1754 10153
18899 82488
52063 69161
5823 27763
19496 84728
80798 88215
4764 14567
19409 53127
42216 72578
33785 83227
61551 62211
34703 85734
6019 8468
49763 87945
56660 74153
49907 75773
24554 41685
21312 50630
24087 83904
47983 85374
7175 24388
38053 62887
35431 90418
2604 38469
38745 63049
38074 83699
21618 37326
37562 52065
297 46213
23452 72056
22096 38271
8574 61809
66334 69899
8211 50897
36801 59767
59912 76782
6167 42698
24741 85831
52643 82650
18384 45825
40976 87548
7366 34952
85521 90261
16726 71235
23812 44127
34957 76920
23431 50740
3284 35610
5078 65181
22201 66004
5151 6424
5036 73759
31357 49955
20754 21653
15412 79238
34609 84527
981 79204
6656 74369
38633 44559
2358 74827
78920 81232
22531 33579
17302 22251
41854 56035
23322 63201
65895 83260
7139 31408
8155 89789
65089 80078
7586 60052
16979 75207
65349 85414
36503 42723
44466 85923
43744 46565
78200 89168
741 37043
19422 90142
21915 79692
56138 80191
9071 19055
36382 82126
31273 88655
65672 88122
2035 50052
71468 71906
62529 90085
43996 66137
48772 91039
53535 82276
30597 71754
10916 81227
22211 54794
51095 79917
56102 61837
24558 68268
47099 48165
14058 80293
24611 48627
7678 78218
3516 6554
38716 90398
42555 78062
22014 79723
51171 61372
47716 63614
35127 55447
13300 66793
14697 61634
66117 88602
55343 74536
42840 89585
4283 34834
6110 75287
3394 46797
3667 7430
52069 77803
33688 68631
19863 25564
29265 52652
12861 76445
38868 59637
1292 11653
20776 61511
19498 73619
29055 43221
9140 85867
35782 85549
54746 73281
36146 52409
72378 78314
55876 59618
9941 88012
28439 90485
68721 69423
35388 86281
21482 74874
73190 88435
35784 50329
61090 81605
35701 68366
52596 91529
4018 29457
62873 83695
10356 59169
30230 48364
35046 35341
47439 90627
33287 48019
1201 16515
53473 80570
7948 38214
3797 88856
17668 35797
2518 53853
5598 57351
9021 47935
5457 67719
7055 31553
62304 71638
13596 47724
14271 61982
22713 23873
193 75738
2754 12158
12531 33796
17885 87649
34415 79410
70911 73844
39554 81904
52301 78116
17655 63589
21831 79898
3269 60040
23709 64744
24615 50333
17152 91315
10441 33636
60697 82886
38945 84927
6032 43276
35911 73748
42119 48211
3957 35729
23180 86675
70814 72219
17455 29719
51382 81676
22399 51508
748 41366
56413 59001
48745 85416
64293 77069
36750 66445
4678 85972
21784 33960
1573 38014
55222 83080
2529 41774
9448 73958
5074 84226
34239 50138
12128 66794
32907 63448
40172 72649
5666 42859
77803 82498
47263 57710
72175 89089
8027 52615
19352 50641
14778 87718
76362 79157
12245 48112
31484 49696
233 8596
13332 27403
37537 86110
78562 88117
19912 38475
4835 43703
43737 44840
16220 71396
46268 53006
6143 48846
41247 65225
6918 13955
16406 18758
72670 75480
4325 29250
54243 74888
18693 66708
4690 68838
51301 52892
25632 88023
19983 50785
32299 51072
46871 65869
37162 40970
2036 36968
68273 87849
64954 73281
38062 55367
6124 14824
53388 62557
41112 45565
50470 55248
5044 69635
4305 17864
13812 39044
41652 89710
20470 69085
10897 82289
10023 75594
28130 70132
49365 61784
31125 54049
45812 66508
9173 85672
1296 24048
28625 52266
60680 76004
56111 68230
43404 90185
9851 35583
26213 27545
34519 76993
57394 63598
39438 67530
1156 67377
9500 19342
20387 33767
12655 50875
29701 70665
29687 34561
58317 68189
12924 14067
55146 85004
19682 29410
54560 62159
23479 81958
11367 24268
72560 73750
39702 43482
25434 55889
14397 35320
33530 60714
46094 90344
84803 88725
61718 83206
22671 70633
5908 86068
61032 66634
34799 70826
62929 75220
83871 89963
66046 81115
7090 11223
14141 33257
41161 50399
12742 58982
35744 57328
59348 72157
59101 81951
18195 65999
4843 18191
67418 77418
42500 87680
26645 88887
38812 88869
70338 76840
48473 81666
67009 75403
70506 73060
4306 74967
57138 68647
42874 76054
54587 81497
67930 86983
8951 45859
53011 75753
7198 67184
18003 20112
13646 26608
6660 48892
44483 77050
5210 16743
3290 11513
30519 88621
17047 40495
27047 30478
43692 67225
7636 57192
28647 49999
59224 64284
33043 63055
40320 47517
2763 49196
42893 53033
51640 82690
6914 80109
49679 64438
48933 84374
5598 32486
64693 76937
55235 68426
10321 63343
7568 73391
21327 58127
498 11453
7417 69112
854 53518
13717 58771
65389 74629
53863 90670
51228 73355
10623 38308
19190 72654
63209 86229
48253 58465
60340 62079
25302 35721
15888 52168
12698 69329
47446 88906
22328 24639
11290 19340
31783 33158
11594 37879
43438 73161
13003 33239
48918 68487
7574 16936
6890 78775
62381 66135
50544 59912
37530 53688
38510 75816
47255 56109
18883 24627
55048 71081
29228 73460
59477 82304
73334 89792
34010 60809
708 4494
4608 16926
42755 57007
43721 63473
35224 60024
27005 39876
28418 75590
87717 88649
21757 34339
52413 85881
80215 81797
3437 17574
6049 61300
8621 76755
32302 62361
37468 57323
35024 38357
21727 54562
3140 25964
59475 66964
23351 78285
3851 31966
26647 46871
1596 17952
16455 21597
48984 69724
10828 85968
24398 71930
48509 80983
60854 80904
63737 66118
62136 84681
67119 68054
17690 74682
37812 80120
414 85759
10368 28886
58114 89448
26129 43534
7235 91010
1369 31494
31917 35593
14883 47749
17511 25537
25727 75570
58992 61201
5826 26336
52555 84416
33211 53360
1022 41340
5622 54624
23916 35967
21352 28161
48320 73123
50697 56494
24546 55895
20544 62317
41068 69868
50057 66539
63047 69790
22475 49342
12204 32745
9690 24543
26964 35063
17592 21213
6967 85751
57802 89227
22518 23649
70102 71039
34450 82294
34904 59853
25781 58987
43659 47556
20675 52080
64366 75855
38663 57554
29660 89874
22623 89125
35480 36121
19570 89969
3516 77999
11802 63203
30167 64927
27625 40630
45429 53266
45900 48153
9722 69691
45702 86026
31969 69320
61006 75644
55178 59104
19536 27542
17012 68094
18387 77739
2638 19879
1546 43058
52853 71012
9373 82135
4640 42297
21260 43192
7487 20019
53403 82047
47853 62958
50886 54052
2883 19349
9035 41368
6805 22301
13204 91236
30835 57434
49412 81337
2344 48581
6150 66758
26784 80095
33755 66648
67097 89260
6884 51533
14908 42341
64806 72657
65579 78389
22398 40276
77152 88086
20234 80280
15034 47445
4657 16256
63793 80433
21362 57606
43744 57592
59196 87961
25685 35244
19112 48755
6200 36886
41349 82936
59510 81157
7926 19903
14121 58652
6416 77043
23483 48607
12439 47319
13756 80081
3722 53974
13559 38359
15788 17020
23824 77909
9123 80176
66607 75966
63617 79165
30742 63286
58792 87627
1291 53221
48953 83992
649 82083
3404 21386
12450 28504
18394 31962
1306 76922
25327 68184
39168 39710
39855 78378
27463 44095
45219 57053
8587 18669
17556 58605
23890 59508
5185 59913
43394 54173
8204 68550
31070 90846
61275 88265
4466 73050
61526 65238
35210 89498
11547 17204
9114 63894
48977 77688
21503 34055
10981 78071
68184 91006
3264 21386
65695 85220
61943 81892
14226 70266
66341 80342
14071 46962
55875 62510
37269 80524
6529 33657
25234 35555
2205 71442
74038 81250
3027 52560
1595 33585
44451 49208
17750 89905
42953 49549
18017 31002
44559 74290
21182 80404
47836 60955
47839 52070
16518 78324
339 36936
13213 54819
54796 63085
1790 38724
30657 65354
48893 88158
34052 63880
38800 53524
3854 45665
29627 55828
23245 36310
16659 24720
3878 27319
15263 38571
16690 77759
12414 30986
40325 63406
54954 84564
45972 64048
8102 50552
344 91057
13189 79890
7651 30613
55071 62658
2573 91035
9837 70024
72709 89442
40907 79204
10559 46234
49495 57284
59574 88230
25943 54526
14322 68246
17774 69455
55894 72387
48716 62573
3762 62557
8724 60322
42917 47847
61442 76594
10906 28771
7495 55753
57432 87164
50860 89347
30401 75322
27269 56861
38327 43120
4163 85917
44257 73432
41852 69525
27681 56624
33113 56121
21050 74377
35678 39791
44537 50964
16009 88968
64486 65870
5431 58008
17632 59696
56676 80121
29060 29347
29119 86895
59169 69473
45211 83859
44708 81762
11376 40725
34486 34596
30470 53845
1267 24738
47029 61670
35272 41102
35222 47011
1641 74986
43863 65629
21113 53111
34871 82270
14119 52544
4245 30896
19347 63304
5966 44588
17649 79712
17261 68730
49039 54792
9405 66073
42719 70323
6861 17177
33314 87714
23359 26430
8063 16681
28760 42354
14158 18404
58099 71642
55524 88033
21878 44790
14129 80742
29868 87447
60541 84608
7280 10818
49819 50457
22044 43098
17220 85257
29403 66664
62538 83179
9185 33939
5858 14168
22081 34876
37804 88270
2042 52265
28445 91204
75089 76153
46314 74242
1178 73703
8379 63817
43292 60401
15265 33177
38531 62543
71645 79961
1086 65727
62838 77139
8927 50655
34564 89302
26047 61694
41387 46864
3708 80739
11442 52195
60673 77731
263 2220
16517 51275
70168 91004
45080 67747
14997 63773
252 65698
43262 56146
3833 89960
11552 67451
2617 28051
9652 16179
213 19995
2468 59123
53801 89996
32005 83124
57588 63377
28127 70934
55023 78811
29333 86653
70196 77586
80688 83118
51517 67431
24363 24464
27485 28790
69250 72083
47081 75414
36633 43700
19393 83236
33524 46297
68001 82000
6765 58544
32879 85061
11412 71120
18268 27522
27425 45720
9149 38622
14881 83297
41609 81520
6832 7858
24216 43176
2801 73934
24736 48466
5512 83687
47656 81935
4072 44290
38197 77666
6202 51285
336 18564
26200 72412
62274 66886
67343 88480
12728 67301
33640 50760
30519 44552
64469 72054
25377 80760
33901 52783
38394 61706
16708 30330
21621 37732
58856 60942
38398 80228
78940 81482
81593 82502
12922 75244
73360 85457
7264 90388
78932 82638
37234 41517
36343 86894
8963 12618
5334 57293
12168 37367
59146 66393
6844 76811
23985 65114
46840 69058
75050 88082
34788 53742
35699 50825
6374 24178
16008 55439
34598 35861
115 37553
21366 75452
61704 89802
780 38937
9563 79949
24619 30179
10902 28272
11269 28899
16465 46209
8995 60606
725 83768
14606 72619
44836 90406
22755 84346
30570 88177
16104 74539
17146 25133
55273 78693
2073 33523
62058 91320
7219 52629
70582 82570
4499 86466
63297 70144
26322 81850
1016 71285
48939 81748
2084 54079
15573 26793
50282 70394
60372 79134
6424 80865
6893 43803
37382 48901
6862 84575
7436 66592
43272 89101
23857 83773
41287 82958
103 80170
6716 44481
11479 62962
20621 66944
29033 83485
21262 33562
17816 63014
61859 74443
4593 83360
30245 67318
47791 86255
62819 69785
14746 41390
45872 78697
52577 62127
6691 73357
64140 72628
69499 74890
7001 36546
7139 14485
12883 30135
16226 63359
18022 60507
61950 65725
26697 75197
3184 80907
9136 19366
13707 41074
16662 62177
11728 45981
18160 26130
36991 65509
4453 85704
26560 83990
45930 78464
29463 63870
29116 33969
5627 62259
13283 46466
2879 62551
25818 79103
10501 17935
57679 61245
7681 25344
9571 69977
17485 47139
3096 24987
56980 85132
36544 53181
35322 77638
49465 62519
26934 81343
57759 78576
20229 81242
33131 75954
43618 87725
57859 85562
13782 59768
65410 70943
23538 45151
42031 65921
36871 63200
26056 70702
27286 83390
15799 18900
19128 36843
37651 70941
33976 70869
23491 31300
47470 87263
3151 64250
16822 74750
59820 65076
12244 74017
64959 90825
14844 74555
35462 61614
6653 34187
16574 85440
70636 87689
29685 47963
41514 49907
46158 51106
10133 40590
16455 39294
34542 61668
57500 76316
31605 57846
20738 69240
13406 87311
2085 49255
10553 68804
721 17249
7056 76126
22477 26267
7448 63505
18512 48690
17584 64376
37149 86347
31178 65507
6530 50816
62839 63782
40409 63017
17964 69529
33378 77792
11468 90915
43706 64782
30224 62965
52248 55943
23681 34006
19428 36688
2573 20014
76448 90292
45019 47797
69560 84119
23796 39421
21044 25944
39379 61763
2373 14868
28392 62171
34466 65193
6212 41475
62287 68353
43521 78611
75343 85860
50955 67915
73425 88834
10758 39495
19622 84361
29040 66084
25807 27367
20860 64892
6777 59553
19343 88204
74310 82354
12565 77014
20594 68535
28710 63247
662 62142
14157 33566
1116 3439
60393 82802
3218 81500
43366 46360
24561 46118
16505 60022
51426 80052
9854 18922
25911 67534
48791 74513
21937 60767
23858 25199
3317 64201
56332 84194
52091 85035
12433 37497
41263 55067
59119 59252
24365 91204
52294 90365
46169 56073
19491 51877
20316 89357
34798 63744
38512 91490
50221 78517
30203 60020
14781 88083
7439 17587
34199 41030
6313 33968
4200 23131
60893 74290
17249 62128
4519 17133
2466 59570
61638 77548
71441 81329
8652 79373
2602 10300
17742 54111
44368 82518
9388 48529
1618 70383
6935 16890
56819 84310
45604 74819
47965 63651
15567 39060
64453 85783
68177 81762
23776 27559
39923 41363
9990 20219
76528 86866
33224 82836
16633 76987
25891 46349
39393 88206
9969 11393
17709 30322
28775 36850
35413 42104
1717 10825
11316 67157
16290 78897
23562 68200
10539 65563
75715 82286
38053 73427
31921 61573
10553 36826
56451 68139
52766 90516
28183 80726
26070 83366
32419 41846
70705 85387
17764 28251
62773 82475
53728 54793
7349 41754
74291 83902
3783 22963
9530 45600
2791 55002
24352 29785
48451 50241
14127 46127
70743 87595
17181 44291
46858 75032
12110 14226
11639 45880
28182 86501
16633 48484
2266 13783
34226 80823
62094 79449
43622 71954
44446 89325
65332 71372
4516 73751
34204 42458
35707 45532
4516 71343
10496 85216
76318 76773
24234 44293
8489 31782
69579 72926
3678 24205
55554 80561
11483 17524
45290 91319
28824 56503
52686 60334
2878 54021
46668 53233
59145 61584
6643 23881
15472 83390
16381 32562
68092 77458
44849 82484
47035 79290
10402 31337
27927 89659
10537 78783
21392 48554
43803 84072
2622 36308
42667 52004
34968 76043
57970 73952
80207 90431
33571 61549
36269 62543
51146 71329
33872 79264
2348 53319
10390 54532
69784 80309
658 84592
11958 70269
9917 74287
37875 43836
35333 60062
22123 90200
25779 55293
40218 77577
33404 46748
6890 20327
21695 30288
40190 51371
16364 66666
18742 83328
13897 25855
23941 48994
28009 37274
31590 89910
11957 36020
85717 87448
1866 44082
73036 88650
22591 54901
23921 25515
23474 74756
66742 90467
16111 49307
26290 32940
4712 82130
46546 57603
38913 72805
65114 66747
32014 41847
25437 58541
18876 44307
76050 80522
58725 61124
30451 78487
21854 77874
66966 78734
41364 87304
39361 58252
4286 39083
8923 61235
36429 48001
17773 59958
31650 59635
18885 77617
34615 42729
32930 70727
52606 86294
46366 49209
30027 69900
36432 41208
41349 64426
12156 75574
104 21907
37331 88935
29298 66886
3358 51620
65912 83038
34775 63262
17871 59633
32688 68501
12751 21970
26707 83963
41238 72999
37334 72111
13446 34870
101 27392
16598 39670
60398 73434
17419 46540
1987 78244
74199 87575
53861 73882
22480 90780
8017 66460
19129 20841
32598 76944
48919 64043
79401 87840
50817 89799
62603 82422
28952 43488
66334 90567
63968 70984
8100 63257
69740 86655
12871 20504
56254 87848
70227 74418
5670 56220
34195 65771
21710 65252
38143 84591
16030 25194
29142 66804
29317 82888
19378 88137
44630 85589
26678 70155
8045 87341
30767 85977
22560 59634
62949 69754
12088 41191
40802 77464
48302 61266
88231 88368
57800 89791
14824 52357
13892 66970
47467 56163
25231 41113
47258 84037
48692 76049
11235 13976
9593 35863
11030 34862
76262 76844
61012 66698
37068 59280
7297 64260
11887 47574
32251 39632
9979 25071
27194 52084
46135 68169
15926 79135
55288 83213
30971 72790
42269 50600
14073 17673
59977 78216
10425 69068
38283 40764
32031 50478
15111 71275
7079 57465
4073 37992
59456 73263
41260 79900
72675 81211
6419 70662
56219 57318
41980 78180
41048 63146
37885 61502
21831 25341
19240 70004
20704 53609
29306 41785
1710 64470
72686 76925
15447 81498
59084 90073
22435 74365
20311 87942
40542 67203
25765 44259
25360 67483
15778 15873
32742 60068
44969 47240
49575 58024
607 54558
24576 34558
424 12714
31447 42967
23977 91669
15635 78274
31580 54509
189 2781
53553 66479
21947 46559
67531 89394
23576 39970
34566 74789
26049 87350
9932 36451
27055 35788
69336 84572
2450 6986
12672 63485
21919 63760
7447 88023
548 66496
56892 66891
70405 89971
51273 59379
27048 84347
39934 86150
70693 70797
17801 52234
71833 91023
63028 85077
40209 69407
18231 46494
3676 59221
64382 90678
227 32701
67236 80005
36874 83905
27880 61776
27691 63459
11748 52741
12567 84695
72409 78241
40928 41281
46160 50225
31742 36816
31950 79396
5611 30745
31225 34236
120 59891
57988 91361
8603 14896
45666 55542
11470 32858
9982 47805
20331 61529
27880 28254
15376 82735
41211 43836
74349 77286
5468 80000
51909 62620
8440 27402
65396 71693
45142 81047
26692 37898
44638 77632
37435 70840
44634 58232
3394 34817
337 39067
3969 54136
28442 77769
28993 63260
14589 44167
65586 75250
48429 80651
40467 88516
17449 21516
77343 86893
49375 87910
83938 90534
7775 21209
1396 30386
27765 37831
19702 72108
3629 39181
30895 31250
75946 80332
5785 59994
46916 68019
6164 84612
37871 88517
11014 69822
16767 63409
39854 59581
32524 61942
40277 69915
51988 91238
30118 79987
39130 49311
2992 51820
44337 62142
2491 7800
11022 47368
32534 49803
41496 75201
52852 88026
41196 49318
42504 71609
31181 48900
63866 66850
5486 31140
41234 53194
39300 91084
45015 69649
16144 44557
23652 41357
5887 30066
12747 19467
65093 85675
17451 31571
12822 37519
8883 40042
5574 19174
56694 88880
26984 48643
987 33350
3056 19033
79127 80839
73725 86524
10824 56513
31540 44514
8015 87676
17642 30591
22396 66767
3878 64158
16647 22479
69976 81089
26426 74127
2759 29737
57770 58441
12637 51420
19407 88966
68954 90730
1569 27241
33322 77729
30646 63772
49991 50513
16056 16061
59077 81526
6084 71346
9991 83351
48166 89884
15140 29881
46923 69884
24347 71217
14506 80496
51446 71500
57549 63787
27202 56621
17799 51336
4705 49633
49023 83641
33306 53574
70381 70966
41935 74893
1573 31809
55734 81768
68390 71989
11463 66401
39222 62622
47435 82984
16801 74968
52042 77628
28279 61714
19668 89423
74395 90654
10592 84222
82785 88063
13076 65225
62474 87479
39416 46929
79031 91607
6029 85061
82825 86681
34259 88533
859 84006
57196 65557
81602 87784
34724 85107
10937 65272
7382 46271
975 85590
79183 81857
14600 41164
60716 83321
11708 70476
27797 84652
41721 49688
10669 25977
49982 73157
19929 81062
62897 63665
22617 84694
2177 51715
17905 75853
52070 76028
11925 34640
34950 40519
34347 57645
49142 51606
23284 81292
19801 52538
71150 72136
29972 38490
1727 90794
29623 49510
12300 73107
87560 88078
3130 18970
78336 89375
77914 82514
2610 37628
44374 48688
31653 53641
25034 90337
13191 23496
36096 52896
54958 55514
55776 80141
7975 34587
6187 79621
719 76882
26393 65718
5362 45849
40459 88802
75128 91405
27858 34848
6179 69856
20456 50478
18452 78645
36420 83640
33972 60663
3091 20346
71442 89506
7971 87722
25245 53174
38050 76808
27173 68395
12634 34493
42458 88589
32638 56896
64925 80546
8190 45095
51017 71452
2227 58015
16559 42019
31226 88687
62589 77129
63094 77934
48866 60593
52433 85313
5386 17722
56601 77423
59019 72450
19612 50732
28887 70272
1407 31328
69291 81464
11329 15691
19369 61506
22275 30433
51603 83812
54777 74661
1899 57388
15816 18425
29393 63492
13509 85083
59962 65521
56785 73007
43537 86593
49113 60488
2458 27160
18671 44445
73596 83571
42026 74272
5559 41448
71715 90352
9889 50609
55243 70571
23121 58619
1028 34841
30549 80068
47309 58484
70690 83516
68353 70910
27681 82916
13282 77375
30198 42060
22016 86566
35854 50681
74167 87579
664 51450
14936 50523
68245 89323
2844 5243
39637 43380
79281 86841
6533 73179
24172 69159
17319 71607
658 33731
35448 60843
36163 64654
74444 88121
13204 55417
24249 40411
65063 82062
25399 51258
5581 61544
12439 26352
61478 77470
81822 84696
16588 19019
25096 38337
6413 42819
25836 80952
10413 77010
3017 25888
40609 46912
2960 8566
11507 21828
17450 45993
57465 88536
5375 16221
16711 18127
21991 88802
80825 82589
27707 50790
59272 82855
27476 68878
34345 36200
29108 66891
22271 39084
559 53158
56114 64959
25381 85100
42379 56810
85192 88514
67834 81878
5034 74725
75342 78100
20214 63564
574 47130
63436 83435
49122 51103
67695 79511
41464 85650
2220 8751
419 58617
36132 55088
25070 64385
1587 78458
46577 63973
4334 88658
18789 39921
31524 44118
26976 63535
12201 50122
10570 31498
23037 57334
22797 64944
70770 81757
37127 89525
19973 73792
38972 75736
65309 91297
1944 2978
23805 51661
36695 66621
52261 56914
1910 41887
53870 75581
30381 39733
21719 52148
5631 32763
40441 84760
5123 87073
37403 64111
43835 53984
19007 24707
25276 59340
33079 41801
3321 23336
11155 45493
4954 64794
36704 84565
71168 87961
4545 45980
17817 82125
7135 84711
59766 78090
11198 65604
47310 79183
21092 73222
47136 56462
27281 38060
70098 91100
29724 50897
41534 42136
8920 44294
2411 69674
8501 32891
65518 78535
8814 72096
3408 26513
46169 68273
86261 89388
68379 89961
3810 36313
32993 89077
36432 48509
63839 84068
45942 87743
35813 64217
43283 79229
74070 77200
41687 89006
14465 76021
27654 82346
28650 71468
76164 89775
6760 16314
9909 24220
12351 31608
21556 36780
41696 91378
24711 75690
55233 72711
10697 25786
2597 26056
25490 27509
42454 67819
23067 82693
70401 91348
418 24975
24070 61338
50281 54039
21088 89602
43131 60641
23709 32515
4515 21663
44957 48686
1236 23878
5844 81799
8985 50431
18236 37908
50240 53459
15330 38148
3578 57581
30229 32554
30357 82326
60108 85176
14936 53590
46834 80495
31562 67666
39761 73058
15247 75562
2193 23026
29098 54867
18531 54345
14868 43377
27007 48048
17203 57246
1989 12143
16430 55736
30249 79811
52199 56412
13754 77583
26539 71388
16997 83366
49050 79043
14658 57824
28041 82155
25519 28928
23794 80420
24694 40516
35739 43279
21041 25438
19069 49850
388 7478
1015 29066
25012 74888
37907 83229
7279 14370
57818 86903
16709 55637
42784 49367
6985 27571
5684 46620
12707 52234
502 60617
930 49868
41344 80343
6624 77409
39892 67939
41649 88511
21751 28620
685 13425
44636 48328
26860 66565
68573 86989
21470 60879
17564 73583
30448 42347
57299 73972
74032 88217
37831 85999
26183 68622
37059 38467
50320 69331
7976 22291
48205 91169
10040 61730
65683 87816
29235 73522
5214 22081
26565 47679
17405 52986
79972 88312
13222 60255
22956 25424
49146 64299
39881 54277
40488 79981
4593 70552
69356 70388
38114 51800
31105 40267
51438 56114
6620 22287
16372 73719
37696 84683
22333 72130
39225 79600
23346 32949
38916 61593
54940 83792
35249 46004
68066 76984
3543 48027
30442 63946
86013 87459
19117 85591
16302 50135
7222 45657
61464 76105
5017 25114
6169 26673
30228 40015
2654 64225
26051 27146
70546 81933
16195 84770
5982 48259
59 3712
62213 69928
71346 84250
28669 55820
10562 46874
42215 78097
42050 58083
25224 69624
13401 28790
71190 75537
59348 75742
17771 76300
28472 42957
7863 72195
13225 68094
44856 49205
60837 65328
20953 62601
72716 86544
39371 60151
27588 84823
7595 34046
30647 48249
35561 89445
26187 35411
4092 30355
19209 30627
40715 72599
61058 84004
52872 74849
7883 37295
42535 89229
41409 87570
64981 73573
28900 47341
37998 64738
73722 76728
12072 79706
63296 76470
58333 63428
58619 82268
4314 79417
22871 91127
63454 87565
40509 85787
27112 59523
39785 80197
6623 9987
67930 75807
7868 52141
21907 41898
41300 83884
15812 20086
28915 79626
16797 28358
41749 72924
21782 84404
23754 38349
19473 63319
16725 82805
32265 64484
16669 70692
10065 52899
17262 73661
1327 33676
53238 72795
52719 81748
53005 78856
29090 69840
65974 76900
40391 83328
26473 58589
58162 67000
53036 58962
6370 58835
19062 87155
72114 85144
5625 11720
62837 70392
19492 48519
11708 83799
44736 86837
1937 59003
46937 48422
7232 55370
4085 20401
45382 78709
11788 63860
18636 43008
18451 81306
17285 49413
67174 83410
12756 27580
55937 73165
25338 71081
5714 33510
45412 54333
2213 21236
43899 85256
7434 58597
76328 83878
4191 39707
3822 45958
10974 61377
848 67542
34795 46654
4334 45531
2501 86705
38764 39384
57523 66824
30962 59974
2932 45942
27801 90324
64292 76566
49970 54391
47625 81976
40984 54700
38647 88510
65124 73837
5768 89254
60044 62408
18237 46448
60384 77010
2328 75277
16289 34450
35395 90657
44758 89683
59575 74020
44551 48767
26707 83754
65677 71900
30587 74469
9324 38915
75083 82782
2240 59772
19096 25159
6485 41601
34866 37452
49480 60112
52605 85807
63291 68982
5081 51708
51975 65717
54980 82598
52550 77221
9582 29116
4546 61992
67537 88809
57126 65492
16807 40722
19168 76640
711 21265
29516 42351
24355 76813
36296 61023
26132 41723
34450 39894
29552 91155
67495 88068
17024 29916
19332 48125
4764 52740
37415 59032
26702 67853
37986 88692
21789 41428
25724 60159
6847 9950
10788 12043
19469 24719
27209 30743
17801 61804
31044 49406
64013 82835
31442 50021
73871 73878
18798 66625
19273 58907
12460 13000
21856 24996
88165 89364
10894 22708
21853 52526
776 63802
87739 90161
36788 53566
37215 72814
46722 86657
54826 63467
5068 64849
11581 26560
8045 44383
43365 71564
37334 45792
24444 32232
4789 48223
45842 58204
30137 65835
47928 49656
38335 63910
7476 10289
42620 73985
39764 42962
32212 85253
72252 82584
9660 37123
49012 86208
23236 43850
5779 52516
20758 35958
10454 81169
15012 22833
85231 85557
56115 85661
39476 67661
7514 74306
13034 71423
59264 86656
23087 43098
13778 27965
21654 34098
1492 61917
14719 89052
298 2602
2900 3941
32095 39264
32143 57902
41720 43814
18390 63097
80062 80902
22156 53400
56949 57562
1621 4733
8282 17249
72313 84736
9995 86542
58489 68716
19562 80429
16552 23325
5359 22450
8422 45623
39115 59289
70959 88802
48851 75639
4432 42742
15455 44937
25253 39645
6953 53929
5194 59652
39307 62941
8475 41217
6555 53955
76068 86857
6471 20991
31989 43756
59108 64686
35426 68057
28518 55234
13565 31695
53519 79192
40322 58771
31012 53898
47070 89234
35130 69247
988 44108
54189 86168
41880 85139
4894 49983
71645 71968
41524 60177
20568 82067
20932 39319
20331 47359
70051 85003
34385 64956
21879 29833
10671 88642
15766 77935
12644 33508
42186 85100
44255 59480
33344 41880
50021 85894
33899 42808
8688 25482
10331 51321
28395 58263
23123 30679
33838 90467
35483 47709
2761 41861
82634 88347
49219 89790
5190 63567
4976 89573
26648 57147
402 82836
65947 66166
45431 77201
57119 79022
57020 58745
2790 65919
26196 79954
76633 87252
42213 88396
34893 78283
14669 67892
13367 24373
45730 86967
47779 65778
29144 41338
55156 66072
56871 68135
37510 42627
4470 88960
317 18741
25829 59968
20685 31910
22950 82281
33807 85390
43056 87660
35574 57974
41443 61950
1408 88944
340 9194
34486 88403
51037 73157
36756 59276
1854 47899
31221 47826
13082 88493
43894 45423
64129 81706
6551 18729
29523 64621
8020 80425
24476 46869
80020 83205
22162 32941
13717 49213
69112 90728
4258 67541
14672 21654
12982 17425
7614 80597
29496 80633
2590 72536
32716 37026
80621 82523
5031 54290
38228 79102
5132 71135
1063 1883
31161 44693
45307 49622
19059 80660
15127 91357
15110 30570
35294 85658
8624 43377
24257 82124
640 43418
55131 55503
20814 90506
42546 68051
65154 87315
3652 83115
4309 67554
8304 53716
42664 61301
45101 68226
57312 90165
50572 63338
62215 79278
86621 91388
43399 70251
27284 60759
7582 59883
12198 62577
23333 69220
84562 91582
11846 75566
12591 69692
21859 57638
30290 42453
11744 55686
58754 74183
72649 79563
60164 85735
56785 85875
35051 51253
64400 66528
14589 45724
35199 90389
36553 90737
74462 79585
57971 81318
16966 46157
42077 55210
43572 82666
14673 15671
34776 81781
22100 55673
45796 52010
88802 90189
9153 37911
35142 78995
41138 58560
2559 22731
51469 59265
37163 67822
9356 9510
89890 91192
19131 56036
12202 36046
50482 72045
14923 64463
38582 57169
43193 85537
14926 28757
48621 61053
952 28855
25719 64961
9609 45999
22177 64406
10526 48467
42724 43059
34187 47473
31412 81544
15494 50555
58159 64347
57666 89105
37366 42889
3531 81213
14166 81890
12636 74425
56888 59704
17971 82323
44579 80256
25724 47960
58228 86906
30156 86140
37174 86067
77264 83982
61774 70514
1166 91641
9890 67473
41691 81781
46732 66515
14585 25685
8421 77840
27706 42385
44539 45767
42582 69754
56088 66235
20541 85591
30416 31240
36042 46964
66499 79011
51636 86183
43683 87212
80637 83919
33830 71277
51826 55746
14131 14378
4312 86152
13986 69851
23574 37374
21446 66979
31271 61227
43559 44161
72784 77728
18470 83490
14750 70517
5525 54949
30014 38402
19738 34843
8155 35278
18928 70788
15492 30177
50610 88579
34023 45231
76294 85401
16600 76240
30690 46471
3278 62838
5403 62803
5054 76796
16160 24555
284 4119
57157 89715
53896 90080
31318 70398
56892 58773
16114 84838
360 90237
2512 35700
18240 69820
52585 91329
6546 22695
19183 57975
45620 68059
81403 83487
4696 4962
63689 79933
8971 88719
67711 78495
9366 35460
44365 87948
23154 73868
1432 4909
23783 41720
35405 58646
26499 26688
4223 10668
9482 56144
44365 74417
36368 77486
23613 67246
79322 82589
31833 89810
14423 31071
5614 28702
3383 55166
66873 76089
1401 41303
31700 45122
16776 54344
25113 47952
11365 20170
47361 83747
28963 35351
44953 88952
29240 61756
57600 79858
28616 70624
5288 75663
70105 88471
18380 25002
6788 21013
84251 88715
9863 60540
41581 57857
76899 85058
69834 85524
74325 84101
34292 46900
14044 50761
2224 63472
17105 52668
8819 31327
20224 84056
22091 77158
33349 91334
33618 88684
17699 38418
22918 51502
30270 62206
19539 51630
57898 83818
40724 65154
57363 80856
48656 75482
7780 11648
28565 33983
19407 80784
4135 58128
32410 84998
4996 90849
60708 72376
55945 84022
56406 58818
69154 72127
18878 61851
19493 49842
694 75133
8150 64954
6158 32369
20110 24072
48664 73946
28241 88576
27865 29243
10210 75449
9648 72419
34996 91362
38954 80188
35146 45246
52019 64108
12350 15351
41588 61090
21004 69586
8611 73852
63410 89507
12705 40072
60095 90504
10864 15060
3898 35341
18845 89756
55841 77780
30686 60499
36499 91387
71110 87836
22885 65601
1120 25603
50061 72885
75099 81999
12212 23353
81813 81937
7333 23687
6511 46685
8043 68314
24947 82919
51693 73261
59909 77320
6669 87911
22133 78404
19678 74715
35102 49470
3964 90381
29020 89844
29096 43999
41529 75559
9550 15333
2489 29527
54036 55696
52462 54221
64871 69581
17777 53695
4103 64476
45654 49348
42277 70510
42636 55257
19888 71674
31824 69544
8601 74945
63618 71971
48603 89576
35670 59719
4722 89257
5897 50650
28940 55587
35653 78891
32592 75406
13906 64657
36566 53841
7504 71461
57438 85772
65098 69973
1746 7912
49328 83865
46370 75673
60567 89368
16060 25813
69657 81276
32929 40559
55709 67072
18765 74825
51076 59744
33532 86636
50792 68204
28170 48256
14199 47766
13334 32606
1506 70593
7287 57255
19276 38799
132 48515
33458 66229
12204 77697
51472 89958
24114 83842
8975 77646
30832 42178
47018 55454
15200 82381
27360 47645
25470 82088
23851 75111
16601 21824
26025 66629
47787 77725
49831 61416
60755 88631
35110 57095
60577 75727
22267 24626
45455 51710
56463 66916
9658 51353
13635 54106
21680 50041
11627 83662
23715 29173
14576 37892
46928 65562
36020 50392
42844 87105
31068 33947
14768 26748
58771 75009
3768 20998
48284 61190
40827 74359
12908 20919
56476 61734
11398 45739
28763 67853
18558 28910
40812 91470
5045 69392
39330 41138
16371 53120
49748 59840
3830 45568
23013 42334
61014 81117
19249 20515
46453 71688
6659 16847
13846 30903
31433 86223
71870 81734
26660 29562
46930 55915
22178 46251
12304 34160
10902 52165
3040 24209
12161 59263
50871 53954
35982 67291
40265 79540
53416 61403
8961 70339
7577 34686
18003 35202
13080 74751
17784 42258
79042 90289
49241 74801
13275 40077
961 25970
58911 68311
61763 77972
35772 79345
53276 62936
17180 21348
43603 43899
13198 89509
15875 51803
15720 57498
39633 78945
50067 88480
28523 91638
31685 63048
45378 72365
71138 86116
8180 71715
23755 79908
10529 42252
30713 72668
13437 43881
14541 60212
29708 44724
16752 72361
60433 73576
12617 61744
21415 46355
45251 90377
27860 87526
5838 43687
26555 36797
65959 72666
36564 60993
33009 67241
55023 60448
27479 29189
64936 73060
48973 68200
1509 87583
39850 78281
79644 85411
61078 72630
16965 44508
40806 78790
34342 79023
28888 81824
26927 74226
54453 62866
4698 6540
16287 20966
74734 77794
35012 78100
38170 86678
13484 32116
35565 72484
58218 61973
51305 55548
8898 41069
10180 84720
21597 28897
53631 68350
23346 59464
13922 68037
38138 79101
2764 83925
69836 81097
13712 69699
8348 86506
20364 59708
13729 63235
43707 69185
16452 26642
8992 75502
33484 38190
4896 8296
4408 77656
83211 86676
46760 73211
14891 71343
82182 82887
34926 70928
33097 78185
20236 90240
22739 25301
76200 87931
36764 80024
41321 65128
1765 40333
72294 84390
3310 16641
26854 43106
18265 68120
49279 76303
21073 71130
31413 36418
17452 90328
29331 52336
82655 91505
4367 29738
56883 83334
28575 71773
10643 24636
1606 56441
25221 82974
39634 60734
23123 59408
74487 82517
10733 76134
448 37945
51562 55881
9406 12090
21718 86864
64709 72676
26244 53202
11347 82137
10635 83535
71688 83090
31116 48603
48071 59433
32020 61988
69114 85659
24067 55934
17454 62027
37614 78034
19975 41704
17552 74731
30786 53451
23106 52375
36988 63034
19912 71289
5798 15043
47432 68573
10731 44901
37305 88586
24031 24876
30489 58869
6390 74982
8894 88829
50424 84350
3598 87554
43641 44375
41093 43062
7956 11497
63471 89020
34774 56969
5580 25940
45085 89761
11708 29614
22316 44421
58535 70569
26780 42902
4816 7710
42812 65428
51897 80496
9131 90805
57902 70421
9395 76584
17485 63220
14571 67275
60874 89724
52252 85096
53708 60604
11904 65123
66832 79770
21872 27342
19797 50464
68255 83949
23047 46346
29048 86242
13365 34472
2304 8626
35473 39951
57296 71634
51182 73089
28003 57318
24137 57916
17754 63966
63596 85800
23371 37460
19842 89151
7334 10989
28508 90220
29823 60532
11616 85729
22058 69687
32932 58627
299 40075
55889 66320
27655 59404
32251 55200
62075 69703
26607 54560
12566 33544
27919 44799
49721 49723
22914 24144
2714 57641
17092 33526
63490 84577
11709 38467
36777 73163
9218 69571
7082 84045
28830 42174
33093 85618
16356 66297
41937 44185
42805 59532
41596 61040
62526 68904
37500 56485
7333 60091
134 35958
2609 7370
7217 34971
27347 80572
26179 32522
40404 78479
17488 39588
35976 88692
8501 29154
57443 85487
1705 48976
65807 76835
58103 89543
19102 85421
58313 69951
15820 33056
37337 90314
8925 58008
42638 90733
8153 24846
9801 48711
1988 7682
23699 70700
33623 55398
37648 81421
672 84972
56864 65841
22115 90273
3850 72164
19126 42432
9347 72654
66851 69813
45798 89235
22980 56218
62116 71150
35208 82018
85837 87613
12555 50265
18106 59186
55338 60776
25976 83576
56905 76779
16652 72176
39938 89773
219 10346
8686 41402
72146 79211
10910 90560
48113 91650
11053 66107
35485 81191
5654 66604
5455 7048
11936 63170
9125 55754
17777 60109
27069 50295
36977 87734
8825 74986
23935 37310
33818 64455
32948 40877
1985 5853
515 34141
1640 82815
2750 74517
45789 80447
29614 30232
74600 79775
15206 86227
44794 87267
62794 89682
17307 31637
81437 89134
27352 90251
48667 60369
21382 62004
147 1302
30598 84706
28042 83952
25813 34750
29906 45219
64802 90314
9903 77471
48540 75426
7667 76847
19914 67566
58489 59549
3075 4924
22205 71277
17037 69540
33494 42319
29131 84103
34107 37787
19943 42133
14198 52099
43178 85531
35872 52521
54760 66300
20027 25698
51492 59113
20408 75711
22230 66207
32687 81141
4773 24715
32791 51505
58699 86207
61797 84659
15959 75825
2111 40331
8741 37933
345 43405
30947 89115
31531 35301
36737 70032
4689 63578
57674 59602
46262 50956
65920 85774
2503 60534
22777 44977
17222 43450
6716 24755
2748 81267
28987 90829
46977 79481
36745 80095
54679 65184
58084 80245
53667 60142
9199 44629
12707 53660
50745 81969
43327 50049
28697 28980
28634 84964
80897 86332
44870 79532
5486 80477
34424 49724
68822 69485
44245 51048
22705 62389
44422 80912
33463 39721
36434 71458
28619 76247
26819 45441
11357 22804
4096 62496
27709 79084
17289 38958
22170 62164
61384 65219
46232 73441
59000 86799
25455 32235
49598 73933
4808 46026
21959 29370
34199 82604
14946 19471
81634 83406
18125 34881
16101 90089
15312 81845
67646 91060
50111 74983
9534 64842
22171 73949
13926 48678
47015 64885
58655 90152
41357 51954
37755 72628
39860 49254
20687 52728
3880 43375
2458 35237
51639 62868
50375 79046
13415 42302
33045 74194
5702 23171
26273 76460
9974 31581
41954 72951
13907 29578
25419 84223
9103 53769
13019 35833
21840 58985
27241 73810
29369 59707
75717 83951
25233 70060
80834 85323
65284 68779
64141 83240
59284 64519
28921 75542
17458 40403
27242 91264
6470 76408
8409 24606
23933 44499
15542 70872
15996 33105
22353 51546
14473 41886
20125 70055
19542 39403
50475 52680
37282 52025
10137 14311
36350 56061
2954 48221
3513 13823
6613 25974
29324 66397
21623 77308
78955 88848
32449 45856
16466 64462
28514 49555
50647 65051
43461 60630
59516 80168
40559 53376
34576 37112
43038 59829
32143 59468
7577 67584
8003 85614
3680 8774
5324 6278
4833 32413
10089 54552
20814 37164
34204 60521
1365 28204
48279 52781
58252 69530
44301 55113
32089 72852
13036 47119
76039 86517
10706 12781
47094 52893
31956 41449
60594 82746
24306 90203
72061 76666
57412 73094
10022 67785
2227 70960
18544 87696
19130 90677
39472 76505
15114 83242
60370 73677
19938 54858
22727 51279
29728 66946
7914 22442
27330 63414
9152 66358
36472 72369
29216 37757
46452 58219
3674 84962
45719 87793
25839 90064
1095 1749
19241 52270
14757 78719
51166 55486
1321 50477
19606 54454
4875 50504
32513 47616
56487 80669
36798 73513
53768 68425
10275 45986
41131 49673
62370 87249
3080 45205
37598 59580
50419 59021
12479 50564
4657 71458
6428 39236
66982 81147
17991 25452
48820 75003
59775 85812
18341 74187
4905 16818
2859 70636
54079 66154
60388 65939
19153 53179
19670 62398
26714 56275
62934 89551
26674 47597
37691 81790
19264 78935
23435 75619
77558 78950
7903 51533
15353 78983
7232 51946
40624 65822
13893 88440
76980 80745
84546 91444
11855 36164
51712 76497
54752 61525
26641 75548
50086 88033
49866 50435
30268 72710
2515 42000
68226 79835
30942 67185
37679 70524
47152 55721
37865 42091
63009 66890
45611 69759
35748 65807
24378 76412
31204 79339
6884 21878
24455 75446
24219 76607
44873 50049
13322 49606
5852 21177
51737 71408
61006 91495
4669 77017
44665 50510
55308 64653
27389 85792
57041 63764
21703 64207
5152 38280
28478 41084
11903 80765
64851 81856
5585 63216
75835 90724
4358 48872
59924 91092
42724 83154
15717 47154
67588 82343
2896 57591
37326 74526
29352 41289
40803 86219
18226 80489
16532 28329
1776 12797
6318 19283
10710 54735
44702 66185
62329 79761
60870 80075
24342 61753
32735 61274
61706 75425
35030 67657
55828 75861
26700 46233
15634 48293
25778 46487
6661 9766
34156 84957
11218 31659
17100 29458
40452 59128
59767 80798
44828 66923
56078 65988
18667 66149
30598 67818
29780 63159
36891 47556
28901 29362
61304 81101
32372 43905
3354 87518
45160 70940
64550 82614
46284 55312
19430 69886
64719 69585
24511 47573
20780 86951
5877 37139
7002 30394
19384 54402
73571 85528
10642 35297
60350 74194
39588 87138
24930 45172
41111 49973
31003 89086
7706 32643
4838 84964
26318 71271
51145 86829
27252 84594
8545 91407
49502 73878
846 9514
20974 44092
7154 50315
63267 67318
52100 86807
39285 62166
34011 53532
68802 69345
19324 62257
51993 53100
4588 87433
14820 33169
25484 28013
40338 84322
59554 62663
10177 47280
14895 40574
42448 79903
68161 91497
60587 82541
62303 84550
35732 63375
13762 21212
43182 51953
3256 47171
2408 36936
39779 85597
88291 88423
33646 88047
30284 53962
10819 66959
1222 68886
7947 72223
4279 66247
15774 38090
16070 52985
12926 63689
11668 89326
24833 50624
47679 48208
23549 71860
6295 13028
11206 77738
17412 80110
60513 75084
44638 64531
37314 48894
31678 71579
40709 41342
23518 86145
50190 53472
37673 44280
11094 46203
4407 77732
13333 31966
72463 88871
18781 64361
44650 55779
27216 84937
29475 34735
3916 51022
27962 48882
4487 58166
560 59285
16859 82533
25239 74254
19235 50111
57062 72546
20080 84056
50015 58676
10107 51620
45208 69686
35551 44349
19122 32686
26905 38550
5041 63158
37959 66589
32064 86227
55305 79728
40924 61400
33670 42611
24753 36757
46418 72376
44357 58525
50583 53347
25358 62838
47737 70041
9132 33507
60294 76180
9423 90916
49209 78240
45656 84570
4290 25135
24704 42314
20256 65748
47839 83910
9689 56568
55879 83083
65706 74344
16829 52961
35999 56008
26432 39702
54148 58228
25956 72789
64324 84141
21041 67815
44261 62884
4 28051
41387 67207
45314 56633
16360 67775
10295 67414
69400 85569
67863 75577
29482 77243
9594 55969
18278 79215
71403 73784
38841 76749
64167 89261
21654 44190
1486 65313
60862 72194
8730 64966
52310 80664
74982 85649
18987 23853
21304 70898
29924 66774
22223 27273
10497 21825
23211 85807
15305 81747
4098 20235
3331 87106
16350 85206
80195 85970
22343 55481
38493 54701
21265 49148
31843 73114
200 59201
53638 64090
51273 62627
76567 86768
8315 15107
37534 42240
40076 57602
15629 16080
11181 20087
59164 73145
41683 57751
41623 72954
22545 51778
17179 88973
17685 76675
3009 35957
10587 79482
10636 71136
11616 55907
7351 62681
28986 40025
72540 87632
13174 58170
17886 89607
67458 83302
28258 68303
25358 36743
60293 73193
43009 56147
20834 30863
31546 81746
39881 42197
6139 55591
16512 30352
87699 89996
26291 80713
1836 87819
249 8600
1485 71203
21004 41565
16330 32958
19765 70201
19464 69358
2029 26116
5666 22448
4663 75007
26269 87005
12282 33250
3187 85125
40645 45691
71293 90730
38350 59180
16836 85262
18126 30230
56267 70645
9844 33955
33498 50473
80903 82381
33562 72477
84829 85044
11867 39845
25663 51681
60047 68011
23176 47375
18001 80617
32978 86057
43927 51692
24260 59414
11879 12978
40642 86381
28767 61417
71845 79188
2215 49594
30813 51216
72631 88339
21223 27030
11446 66334
14374 72464
12347 27555
17018 70248
8523 46252
26361 80232
6885 84489
31232 39820
52877 86604
34388 37409
14326 59167
47252 74940
14098 46443
6565 44927
9796 47105
5937 77420
64349 80087
9462 17197
56525 71375
70483 78833
22428 75812
56917 60521
66795 76931
33029 86669
10552 74230
17059 80603
32867 35811
19531 27039
10471 91312
65668 89968
15667 72314
30125 45157
225 2722
42751 84429
22500 48719
37521 67167
47450 88255
3904 32482
52830 64587
4817 41358
16445 42918
17521 31031
52623 78572
59174 82325
4331 48123
46661 50156
58160 88776
65176 81036
18347 85745
25651 88937
58748 65575
8465 55727
3808 66455
48194 82114
9328 63079
21346 23424
8410 45471
17555 27065
41611 65981
22453 71932
54578 80814
47255 83696
11557 86516
24102 43506
79407 87121
2694 43697
30016 65477
36891 91063
3252 25835
25065 72130
64824 83640
24922 91300
56124 60562
8198 18273
4714 15647
11759 66171
51907 83277
24257 65797
78250 84179
58795 83998
39266 42468
57868 80724
82226 85783
32572 68572
6800 15058
36271 77054
23109 67623
260 86344
17122 74056
58500 72159
2238 17203
14506 66582
20607 60398
22386 91287
18228 24826
57768 84031
43990 85302
4688 85320
22493 55622
2710 29061
2608 16834
69958 75649
3895 38794
69745 77001
33853 46021
30407 43233
6202 10294
1505 35200
44309 67060
29725 35268
45238 46221
24809 56963
1354 41078
24906 56581
42252 76071
40687 78334
45639 60531
29912 34889
14217 56579
15492 68346
28826 41164
67148 85085
57265 64580
80845 85598
71066 89398
25398 65823
12335 49382
25997 79471
12170 55571
24488 85225
64435 78255
63536 82366
40947 51687
768 24577
448 53061
55403 75285
37606 77049
32029 73770
68860 79247
81719 86186
310 63026
58435 67564
43201 90341
44845 85457
12124 48133
37946 59101
11662 52378
11292 21067
14313 85674
38085 69611
35626 48850
47407 79337
19092 54028
23227 58327
4133 73829
33765 57005
3625 15705
43340 55188
27120 64286
74534 89805
36087 72754
65527 73323
37447 53062
28976 38754
32125 89397
40644 79133
35172 71424
58389 71033
2553 21098
67739 74426
34586 68964
42069 63157
19205 42755
25028 68329
42049 44154
9879 37607
17517 72389
4142 66824
62640 79037
48296 83094
67084 67151
918 29276
80858 90784
49459 71651
30047 69120
49209 49450
65703 83074
15985 49639
5918 57071
32008 39572
4067 14485
79571 91605
19986 27584
9006 76339
61354 66375
944 34714
601 10593
39190 89646
51246 74036
59610 61385
26688 58204
24798 44667
36807 47185
25160 76711
43567 62971
48675 52557
24186 69581
25059 55263
62372 79093
86579 87318
36878 57516
18718 81821
21198 51788
75625 88851
18374 81933
110 45803
30990 33668
11209 18792
16487 85463
14416 17567
32835 86095
28711 38884
77072 82708
52714 90476
32398 72747
63994 89545
32989 67969
55 61129
1109 90621
10698 56207
63185 71404
49510 51291
10660 66652
2160 14449
9285 18273
7204 72821
40198 82954
42368 62141
45218 54586
38106 61236
6184 64102
20120 50715
36258 58013
4666 73056
14305 18814
9383 72406
71005 74676
2669 29459
34712 81253
14211 85788
11441 76715
1993 49063
3152 55170
56735 65102
44795 91510
27727 66773
51985 54132
33077 82575
17086 62183
9719 75264
46326 74370
12400 41294
41156 63000
63603 91075
36047 63580
22613 65286
4313 31648
28077 51708
9630 11742
46168 47783
48071 91091
17654 91577
41822 73958
14332 20748
30373 42883
58065 62214
12112 72429
29697 43936
74538 75742
73483 83068
26066 50412
47815 63376
22883 37413
35668 56949
3782 39662
11620 47600
46431 61246
46172 65951
22397 57655
25533 28399
19415 47193
79704 89925
17511 80826
26460 34613
52581 89406
10553 46510
21467 49083
3503 32524
8568 30586
46634 63214
55444 77095
37426 61393
1855 17474
75100 86525
37683 49020
17918 30446
40392 81849
55101 69818
8691 83025
24340 30743
8317 65824
39681 52851
24395 55307
8795 33804
43160 60683
77286 83493
44770 91413
81688 91301
20122 78322
45570 76349
15388 90147
12525 52829
69753 72623
16417 63958
66318 83021
68274 75925
29314 74166
24707 60194
6159 87459
30368 68550
11910 91382
57583 72337
20943 80055
74740 89851
47257 62045
28525 81756
44383 46624
44224 44900
4785 50865
24897 28379
27834 52360
33498 79820
46303 48911
54227 55878
33962 36650
15948 88004
25092 43468
19500 57159
17085 67197
40725 67549
33896 53180
22387 84659
57775 65876
14151 85570
41046 43675
13108 21105
39304 54036
51431 60169
2486 71523
16929 61091
34227 75054
3384 34233
22111 90954
8822 51791
72999 90552
43230 55257
16696 85736
53879 56406
20558 85088
28548 87882
33555 84361
33005 44353
46093 61785
30555 83358
4371 22581
4177 5198
66333 85688
3439 20828
26134 89909
61978 63363
49405 60090
50646 61811
88253 91542
5190 83217
63555 70490
26969 64862
60738 70779
52363 72320
47413 86640
7580 50516
12856 45193
37816 52620
15963 90739
11954 26361
67110 83119
34738 83757
28349 78381
3033 34835
4483 27717
57214 79669
52072 86475
8641 20342
25130 38499
77930 78531
32024 32857
15240 47923
54214 61366
29368 36588
49687 57268
39988 48774
571 1075
54153 79520
2799 36848
2599 63417
51577 77803
3427 60831
1920 11658
18380 84138
58146 68954
42489 52909
12094 48810
41659 53714
51919 78698
31578 40858
85711 89020
57271 61257
7916 86308
3353 53046
35362 72517
19083 37014
20942 46025
665 86544
9186 16071
30989 82811
35844 67567
57083 64009
17023 58034
30970 72478
5967 33149
6725 48552
10069 38174
58164 80136
45442 50772
20077 50299
29817 76815
1234 7339
21712 26241
14508 24064
10230 35279
85020 91049
13813 41711
22567 85467
70750 78646
47710 64770
74075 78945
18129 83539
86208 90924
30740 56935
350 80469
40967 49572
42747 86309
5669 42129
4710 67874
48546 75857
20017 78461
15976 62029
35521 68680
3746 11797
10953 33959
2594 79631
19939 75321
64324 88778
2902 38242
9195 48039
53514 81912
23281 77872
14871 77759
56650 69572
48104 74431
61878 85363
34506 40771
19122 23377
2498 26542
20686 43278
40444 74432
61715 68532
34403 38385
17782 80903
294 20451
24598 91059
61983 82418
26129 82013
22038 43165
49151 55855
2422 23891
12244 24956
18996 81346
3804 35580
5987 66484
11266 69582
67687 91432
4851 72369
6313 88460
22700 33613
86487 91214
68 72320
66722 72049
47368 57116
3277 37500
31938 68014
64870 66435
11997 85190
38688 65792
3812 67057
70587 77401
40668 64920
577 66024
8913 61938
62519 81720
42585 91559
3921 40824
23131 76427
12282 83557
13883 51166
33908 59061
1421 29728
56976 72007
54937 73606
5753 30809
20695 65397
39156 71628
84998 91470
21486 44128
17421 42784
639 73907
26879 57040
30179 66054
22296 72247
36376 42596
41134 81334
9919 68832
10331 28326
30787 50822
31171 73100
7928 55550
29601 59516
11791 27051
65733 72506
17924 55786
32831 33007
37504 63061
43514 69520
36917 84896
49875 87673
16905 58850
28887 54804
64199 74389
10647 84414
23370 69190
1478 10405
5157 48346
2314 84175
53719 75138
49880 88839
29548 68956
39799 60982
48664 61125
48554 61598
14217 39355
19433 84949
27663 77712
36283 44170
7004 21377
30243 50316
52617 67591
17177 79862
16580 58498
9496 54321
26768 74220
38570 58214
56814 78488
62693 85303
33727 67257
54619 83104
41631 89984
7776 16036
57648 81064
6154 86970
23542 56081
9101 29883
22085 81363
44587 68038
44851 53114
35802 75206
17982 67226
48304 67683
32274 89639
50181 83272
25166 54230
26006 39469
41918 72359
9954 88449
55666 74240
2378 32987
22015 73340
9097 43386
29120 38776
14414 79003
9218 42743
33170 74504
12893 90841
2301 15801
21901 39920
18048 90173
42642 54654
15642 87429
76623 76992
26653 84703
20135 27238
10026 89492
58162 63518
3913 41296
20906 33743
68547 70418
7596 15250
3554 12513
28339 51906
12786 27606
3966 68510
19916 86053
35113 50374
70954 90474
30804 83482
55019 89395
48213 75337
65958 66319
18277 55988
44348 60329
20011 87202
45581 89696
9489 88229
7160 71958
19499 65911
9571 71621
1929 18706
54971 64709
23206 35066
17973 78248
23969 62922
52275 60655
37576 50256
22460 25306
60352 62150
29786 32273
70502 83614
6332 74709
40403 80472
15777 82175
86633 89100
19029 83156
31337 78008
56518 65049
64519 67661
37474 72673
10451 80953
32091 37610
28806 52009
10047 65660
32909 74597
17928 26295
20588 24592
9615 41339
4034 47151
6611 18059
28078 34854
36996 80797
16380 91274
35835 47922
88089 89216
26422 71438
4570 8267
8201 69183
57597 86015
18574 60152
1040 80664
70300 73012
4406 65093
32186 48673
24669 79827
62954 69701
77454 89884
16645 83961
31298 62195
25169 41818
24004 33064
11467 15562
64627 80728
1225 71756
14188 38599
9924 37748
19983 68916
35715 54677
5531 66981
6167 6168
16226 82399
55779 71380
83 82112
15326 55066
67564 82689
59464 60708
17467 47340
17317 59744
21013 30426
79004 80885
38349 66576
28838 53446
48474 78611
46422 91632
23562 24253
31673 73608
49988 77020
45848 81255
40111 80918
42413 90259
35783 41215
25267 81178
17133 81717
15754 76556
9174 87467
3846 56342
39360 58440
12616 34591
22125 36660
52657 80469
25543 48819
43515 88707
67047 83321
6374 56135
15400 71768
15920 51674
25120 54745
45165 62675
31474 71547
61510 62548
4180 58556
10111 29491
13711 43425
34983 74108
67429 70943
38522 40591
11322 79683
71417 87417
15966 60220
68773 72104
16971 18123
66394 72670
45988 70812
31497 57999
40034 59729
71672 78390
34536 39575
5179 30261
50584 86768
72851 80679
34179 50221
3602 54016
62118 90550
28885 63689
21845 38130
41074 59364
16363 62007
14053 48529
7644 68065
43363 63495
6371 61464
22699 41137
16086 18370
84324 89279
9586 41446
28785 30852
4813 54391
24837 76858
38913 91503
30382 82010
31903 53315
2160 38635
48954 64292
15122 32434
28109 72841
4644 13899
59496 75759
89643 90743
6347 6615
25214 38268
52961 58839
45260 84151
44698 57330
12541 72369
72316 78068
47996 48864
9999 55959
37150 64220
40053 52796
13486 24873
17468 36023
44659 86815
56870 65761
19910 81378
55695 74352
15779 48255
12703 84562
31075 61607
43010 77759
6010 46473
53935 88001
75644 87950
44130 51568
7543 26541
1953 57273
45898 83406
10384 33888
874 38080
14703 19610
25942 43023
32392 72617
70345 86514
88625 88841
66736 85232
55232 81897
47805 57133
36777 79158
16332 75974
25229 29246
1118 4343
21555 27475
15036 81264
57220 88634
8856 55385
2632 15897
32997 50314
28637 65466
65459 65673
26750 62711
27360 63256
40711 79244
18903 86159
48301 59963
50111 77587
18009 78146
54966 85875
41421 61165
21078 24312
71829 90661
47396 84376
2381 13165
69271 73409
583 41755
46493 61375
19841 32280
53869 80162
44405 78392
27072 88602
15137 24246
63906 81374
5859 47679
37350 55376
57411 63920
3346 88607
38478 60026
9472 38025
12043 19658
51127 62393
62887 84387
38889 76333
21244 66135
55378 69032
18502 24015
8049 13831
42704 66890
54411 73243
1050 39637
1506 2304
3212 64784
59695 61219
4437 67271
70934 89534
54571 80138
24956 73088
31531 81768
34970 84036
7650 67260
47956 71628
38333 85542
32585 56108
7957 81378
67372 74342
33757 68683
39432 59855
4280 29597
36561 49708
5499 58180
10518 33803
63805 79113
69087 74549
46064 49967
40988 61129
9846 44641
30187 75791
19854 45948
51466 67509
31682 39787
24109 46342
37372 60607
24988 81505
10175 78627
8991 68165
34843 70761
34509 90849
14827 50545
3651 23088
7777 53051
17711 81605
5637 36946
10638 33427
190 85478
38565 41007
34994 75416
19091 86769
45276 50867
24864 58875
44065 87398
754 25237
87573 90099
21142 75112
31660 55138
49415 90358
37428 79844
21504 29078
2028 9289
30777 64115
4959 6908
44972 84407
49751 52095
926 71288
21056 50952
82848 91312
35058 81437
64613 66613
31597 50936
39815 73211
39679 65100
51848 57561
26069 69710
32205 90947
5953 77219
11302 47616
66178 76792
9713 40743
27727 86991
13272 45489
1408 18534
62426 90156
3216 59789
2120 45029
62472 84698
10172 50146
18445 50179
57732 68474
7620 64709
44571 44848
34283 39407
18377 32535
20594 21657
62257 88086
57391 72716
30403 51367
37201 47413
65120 90416
23600 53659
14516 61463
41147 86067
23141 55321
19133 63180
8673 52404
28533 69931
75570 90586
17321 50175
8278 90212
49371 52135
13699 80772
12973 30258
28924 49392
80726 90260
30794 79499
60227 62421
67991 90127
65743 78696
19937 59718
9490 59552
18571 27603
15516 21635
11460 88963
32332 88245
15890 40226
22722 42544
16243 25915
9879 41397
10699 17399
30127 35824
33776 91112
68453 71251
47906 86365
43117 52125
12648 65019
35406 74601
28163 35527
4680 53437
41447 57429
16897 49352
56946 63016
12489 19427
68317 82198
11298 70344
19213 32375
16155 26660
50073 59690
31120 50987
72964 79408
891 46205
21850 35843
19623 68447
23103 46810
41052 72269
4722 51193
23725 91666
20463 26673
19254 81054
69029 84208
69803 70207
8514 24532
81980 85361
7349 60494
21438 24701
78334 81310
23459 79202
42313 68661
45271 80060
37113 53236
35234 41137
33209 33305
8028 10550
39889 76191
5948 82429
1482 69683
10758 53569
10905 89230
60112 68661
63764 86571
50259 61555
53362 81057
37697 59486
2262 79445
26758 57980
17426 90581
15990 17462
59153 75076
13379 78316
5363 77143
73947 86636
45353 85354
42497 83640
53107 58114
51912 75316
1797 23560
53092 67595
5015 60612
44226 88371
31908 48248
30702 68678
65268 76655
12085 20233
13956 21413
8057 34943
990 2210
2275 79089
4779 81097
52526 91608
6842 33564
22911 38355
17366 74096
1865 9104
35834 89132
77715 87389
61811 68790
13583 51577
19692 41032
14273 75908
30164 71014
70627 71839
11195 57821
21255 34440
60402 77443
18458 45535
54898 90135
3199 54961
34862 68555
3772 65578
1860 74733
24758 48650
27567 40752
5827 62022
7434 51064
19394 42124
27243 45327
35202 69694
27631 91250
33660 45920
30199 79958
27368 84011
11765 65189
39829 61722
70962 87277
14080 63056
53256 76916
16175 77539
560 62199
13054 58287
44297 82474
7 36437
14716 51456
9570 29000
3108 59162
9016 49542
55378 72740
25086 26802
13149 60007
7553 55308
13011 82740
16192 57832
10218 58224
4263 76422
49958 89874
30632 56592
66022 79060
35586 63719
22121 73948
68790 91534
18874 75237
15269 48621
13793 72798
23235 87336
2412 72808
78162 85832
38066 51354
16572 90977
6648 53181
29306 36740
20256 29356
30256 80438
12900 15327
42333 78290
32764 58139
85284 86934
428 79399
58534 79463
54845 57081
33463 63747
41269 66926
49833 78867
18983 91139
26889 46279
50634 69716
13178 36916
17403 52190
19519 88732
10184 46579
63449 64711
76832 83140
9312 83115
60447 91523
15017 58781
37943 85737
10673 58647
26392 60783
23723 27943
5243 16023
59418 70074
44577 64142
44975 51892
68922 86018
34044 91276
55612 55665
4994 89891
7529 56971
4369 24874
65053 80820
29110 54180
30401 82807
60179 77604
31776 84130
5929 87178
23910 73251
7881 54870
31509 69899
5907 85836
63751 86495
21218 35617
11552 20289
36417 61302
29559 74205
9114 71796
3146 66109
54245 69245
48494 91023
7274 69855
2855 45247
17273 68811
9807 28073
38444 44864
8053 25422
50274 84994
60453 88629
26894 77463
19301 25471
8890 78079
9612 76709
2617 61251
35016 45242
17422 21414
70230 78054
20115 38973
6308 69529
51377 53825
13184 43999
26414 61364
16211 34004
14719 51177
31340 32846
74970 79878
6026 48839
33637 72050
20463 79602
13873 61544
46492 55221
8783 70947
14523 53886
35066 78501
37664 71475
49155 64943
42378 59012
38802 81808
9723 36214
61087 63543
19780 91367
19464 65911
43177 66281
36682 39148
83 8370
20645 73601
35463 70994
62679 71215
33488 80297
51933 83034
23287 48687
66025 88669
581 66108
22890 27431
6521 62032
5812 13674
9016 75790
33037 79469
77549 87955
41274 52767
8706 48947
57594 91318
77248 88070
44182 53844
42945 67886
37282 65434
48268 83549
63985 82920
20135 62003
24793 55799
62866 87173
78713 82789
58101 61941
6657 23286
11399 20135
2198 55283
34073 40656
38296 47984
30015 67146
30048 83901
79407 87399
3384 83919
87415 90756
38813 62599
49974 59330
60260 63090
15641 84817
7334 23191
25038 46191
17454 36348
28698 51161
52792 56165
12166 71477
63918 71950
16362 39949
30140 72012
23391 72235
12105 42550
4844 83132
58290 82473
42069 42896
27000 87897
13633 40955
47045 83664
42514 91210
22976 54375
34728 51546
9887 53575
9786 65240
3440 74452
16264 18592
2282 24142
7544 57272
89996 90902
47291 47611
20703 42961
60405 87844
75112 85211
20352 22989
8229 51949
42927 52852
8198 90500
60440 75419
14933 59359
41099 62151
23935 88123
21976 63314
83109 83565
20637 90382
8993 59214
67345 75815
47720 58303
31051 78822
46206 67059
15244 90159
8903 63088
22134 79882
12406 60829
53487 72329
32938 58087
66429 69738
12820 23510
44936 46531
47957 50481
68969 77488
22108 35157
36256 52074
11747 41975
23854 38325
12044 27878
76522 84675
22120 69219
39105 49389
635 33288
60078 86482
43937 73851
17227 43458
30693 90937
7422 27363
7279 54258
5969 33858
27973 42410
133 89458
871 32138
21051 35390
23918 27019
48798 84632
48155 79571
4296 55015
210 9310
4167 5917
45758 59134
25418 75801
15582 65406
81025 88256
5238 71044
75852 80674
14859 76042
16696 53138
25711 36812
37940 74774
51599 62556
70186 84034
38335 56063
1869 28649
58668 69118
32838 45123
34356 44570
25351 82326
6314 21874
56268 59737
16217 57715
35948 46608
31213 51550
6951 43238
23411 71810
11533 29277
12334 40525
25248 25422
68816 80716
18257 84162
55323 82116
29635 80109
30380 37638
78509 90793
33294 60788
22067 78536
39597 72629
20041 82263
20604 60922
29536 31709
39410 57640
5601 25312
44564 63787
52328 84951
49449 61374
29563 61775
12449 21245
40036 84474
10662 53107
24668 45407
69576 87218
40639 63798
29378 78389
26901 34938
9000 18708
52375 90046
42649 63588
25115 62462
3780 80032
21964 84726
82390 86813
42923 88331
66510 88361
5438 36680
6244 81710
42469 74802
17897 90512
28172 70354
56426 72191
23022 30058
54799 78456
27147 82746
16447 60474
9973 13498
17007 49299
19108 74479
44616 86057
23605 77649
45501 55815
743 9681
15286 61840
28867 87991
1649 19134
24149 64922
77206 89416
23551 74482
36749 55692
29764 58966
70149 86587
12256 57210
15257 66222
23433 74743
56834 64713
29057 38713
24871 51376
678 60142
26797 38392
65610 74468
29069 87340
18640 64839
41179 59540
6755 23121
12274 41310
3177 21076
35202 81112
570 5235
48410 65600
38282 53231
53837 85561
77085 91282
60880 86417
62209 75147
6302 57433
68432 79080
20931 48535
15779 18748
27579 54205
16460 53797
26110 32772
60214 62094
55854 79892
29508 32738
86737 91414
6448 62202
42211 90184
36827 58304
56191 75551
22230 62863
2475 50472
12746 55116
29056 74533
24498 75208
82279 82660
79697 89611
75708 76334
38186 56634
47278 62417
35272 61883
50349 91643
35604 50056
25345 81777
31770 73390
35810 38493
31211 46115
23899 73266
63097 80845
21786 64076
51623 66540
3654 80330
17391 50811
78295 80311
56032 58885
41103 45596
46533 60335
10337 77539
1740 69681
24773 70490
40686 80066
54414 79350
8909 49479
9395 20432
72288 75187
41216 54548
12742 49553
33974 62905
14495 27302
36897 63883
79840 88019
4299 32457
737 6954
34171 57052
48699 69871
35269 83519
2621 88851
23112 58251
66731 72698
46212 69972
3062 77889
28174 87222
56280 56498
9638 21302
7056 17230
20101 76099
16009 23415
30059 31473
41820 48486
45584 83204
12136 33050
31332 48972
3120 9906
7543 26433
39091 46627
3270 77382
29575 41558
33964 68846
1442 44309
13087 50638
44195 67788
46105 91453
19109 70049
12689 63236
33342 84569
34092 82948
46681 50711
1692 66003
48154 60565
42563 90324
55656 88991
4462 83602
55385 56132
14244 39603
3476 82011
16915 66630
40491 41481
14932 56966
45752 64737
8297 9650
50128 83431
54918 89944
34128 65076
19153 28788
1248 8720
3274 52062
31451 89677
53966 80531
9322 36028
43344 89139
4160 86148
47057 66641
35641 45331
59078 86930
15768 25651
6160 64793
46095 70630
49212 56144
192 43146
27375 68963
50021 81721
31253 88095
39925 40467
64410 73134
41127 44807
8082 35261
48524 51287
9564 47448
66313 70521
57241 62590
7142 65037
46741 91356
20706 59342
11193 27388
70197 83340
65341 89935
63517 78030
63621 68966
15415 22642
51338 61016
74766 82215
17959 72380
57466 80488
22002 27332
15937 81932
53059 87916
55898 63331
35114 54183
20171 28060
60049 66469
7739 69578
59304 80652
20328 28950
8472 20439
27366 31674
55141 80660
39897 48656
13791 73860
45482 73394
46135 58544
9547 78289
39945 60838
8771 41085
9383 61578
1669 6818
23978 59053
51990 67226
41470 77675
60316 82349
42289 88007
17318 26183
13524 33289
51883 75917
16120 19953
32949 48406
61956 62201
17510 59105
848 29035
15419 54235
48768 76149
48391 59825
57032 84290
22977 55458
12524 28951
67232 89837
40504 64904
7065 87459
10841 44386
26597 76961
59852 66482
59175 71254
42220 72399
6784 84255
2139 77149
5016 46027
5238 74271
22478 49243
27257 32096
45436 49889
52526 85748
48229 68492
9378 68487
16770 23482
10651 74804
687 45532
2588 82714
16671 47556
87549 89973
4640 12419
34948 59710
22647 54181
8211 50908
55695 67418
27466 78316
20475 31474
51528 73269
4475 48333
1386 42681
9734 12701
13673 41665
26727 77569
2252 19720
17337 55935
44158 53462
52058 82144
21193 25566
24403 89973
20946 67831
24284 46399
13609 74014
29895 59602
23581 49543
37165 71367
24498 54193
17639 20950
57117 89188
9489 21552
42648 65193
71092 91349
58398 72589
71197 91334
46806 80543
77497 88202
29230 29447
17143 49894
9208 71351
2030 59660
3244 52656
13714 63808
33801 64137
45687 50311
10373 19723
9429 35190
61911 67999
627 90059
192 89771
11444 38558
35827 37489
13938 48722
9342 80079
76244 84895
30978 79447
12590 12995
35832 60027
46980 83394
79729 81949
51474 89698
52010 75710
48158 89563
8364 14584
73931 78326
4637 11619
6768 30362
24687 47268
47144 66357
55525 64045
30171 61508
53115 62511
14401 44770
36689 89529
52841 65255
17208 73161
35686 74791
36438 89781
23164 88571
14322 47446
36403 54953
34483 70352
44657 61952
41662 74512
50836 80285
2837 82893
25688 77218
50662 90887
22 38261
37572 66809
25830 46550
20519 51055
23449 29032
42801 53029
7664 39317
2578 16555
10243 38975
14381 81389
20664 37657
12950 80534
40081 81151
6692 70460
3265 43090
10217 69232
8684 15394
23737 82025
51433 63834
726 55994
70014 78256
36263 55044
53702 66271
5157 55007
5117 48368
50184 77721
28929 31995
29779 43073
30230 66311
29305 64191
30723 32222
74063 86561
33139 52372
56159 80118
32069 84965
40265 64711
70928 91081
12090 38330
21462 54270
32300 81211
14047 44574
69486 81278
41575 47025
41085 66024
30351 44798
62067 89894
25630 82480
30328 64291
2477 62257
40481 47025
48964 65549
40124 65831
32435 48055
21220 80640
2921 66679
17364 44365
18408 21080
20129 59746
44574 73403
34839 43596
19621 38018
31819 33847
8128 24320
67330 70959
27383 46159
6102 60499
37116 48581
40709 78597
7049 45059
3507 24015
20203 73333
45528 52194
32677 81847
47800 79770
66153 79712
72812 90386
12602 65630
12680 66192
47589 72913
26997 83235
1023 58642
61969 82137
21978 30026
19123 46013
40343 76129
17777 74189
61431 69972
63370 90148
6456 43747
42904 43138
61433 64491
13554 60668
6927 57860
30080 54578
52823 59725
24346 47140
13317 59779
17137 31953
11533 38152
17164 90191
30428 57495
9060 71092
61920 90977
29963 42930
16192 77920
7405 20458
39556 58477
9681 87535
12821 13439
3060 65979
30343 66032
48363 53662
43408 73901
6556 44246
53762 67869
25220 67074
41300 45964
27316 69190
2024 31485
63481 85003
68921 87480
1921 5788
60130 61831
13961 74192
45706 53657
32306 91355
13578 52784
17479 61255
15911 35183
26220 68866
12350 12999
58813 66024
15072 64455
34501 46534
33426 70114
33000 89189
28783 84571
26007 63503
1750 42266
55791 82967
11808 63086
61226 74231
57688 67129
21073 65821
60930 64228
91063 91348
49333 59665
34522 49820
17947 84666
85267 85534
3621 23578
768 70922
51106 90704
55470 65964
71098 79720
90545 91361
25617 46064
24038 34962
40095 75331
7739 60110
30793 49037
20721 74242
55172 66538
59378 69774
13062 30954
19125 74839
32314 39335
998 6290
31725 42640
16358 53429
42378 69918
43692 74225
25275 73563
9551 78223
49145 65123
25125 33793
16354 69869
18124 31232
51901 86659
22067 40674
11359 72153
27404 62602
6260 60400
90911 91432
4751 91563
6620 15423
846 52304
70234 87692
810 88137
63932 80145
72660 73379
27592 73370
18770 63747
17482 57632
83410 89840
2474 68323
15818 69185
29078 45836
7951 44901
73005 76887
16218 17496
11365 11906
41653 74285
81388 82788
103 8329
5058 11172
27652 73738
62027 74657
19849 21213
18465 67399
25060 75085
23318 64416
49808 89379
7009 65024
54663 77811
61847 71856
14967 28038
61154 79805
52662 59198
19785 46430
15559 31656
61785 71453
59204 89156
5265 14910
1752 10492
29438 82891
77845 88600
67363 77982
20061 42662
52899 73441
55657 55929
8204 12699
64691 90135
12434 89525
27410 85782
55784 72938
13813 79753
64566 90360
35417 58999
77122 82787
22250 59385
20428 70143
17703 57798
37975 87328
9720 64378
51714 86639
2882 41782
19207 50599
47334 68213
50920 86928
33252 89786
14737 80771
35731 55183
3490 39137
4351 62897
40758 89718
4135 67673
24932 66268
8324 76751
4071 22999
20905 24867
80550 88063
13750 17314
28875 31229
39958 61242
30593 79448
33055 40261
467 37012
45221 45351
14230 70395
56810 91304
8933 19398
49373 86631
33120 40002
45205 70964
339 22932
66505 78732
36190 46775
16906 35771
6433 55872
37095 60526
49428 55927
20101 22048
34204 41804
30948 83123
16038 31008
58264 85925
45184 47972
7783 50878
9804 67579
37693 43825
54691 82518
33252 76081
20764 46829
5646 67462
67234 85181
34066 79143
87056 87174
64459 65899
36853 54547
7735 91203
83333 84287
48417 76504
48620 63727
51796 72962
2813 43920
38203 55564
40669 55569
4142 55101
28153 72647
56478 87041
34065 75486
32363 86602
53213 73289
58761 77433
24846 76322
48616 56731
16357 71637
41221 70399
29093 49852
24999 86934
36947 84414
78675 88938
7988 48939
24446 55605
38516 85290
49712 64268
33991 77441
19849 52961
44175 70106
20999 40901
37521 81444
35507 42358
18920 53669
33528 58118
37750 54271
49021 81215
9342 56675
11796 13763
34042 64891
9177 28224
28322 33407
33801 89148
33410 83660
69409 77042
25313 53615
60751 61926
32209 71774
43170 57996
62853 71555
26181 27287
753 56525
70948 76855
15870 89705
9313 47045
15239 76410
56204 63620
1963 47761
61855 88846
16500 25193
7641 85581
25267 44798
32353 90456
19918 48867
25780 59182
12665 49950
50273 59191
1492 16879
16401 39035
44440 51533
7209 48566
47159 79645
33547 66800
11681 73306
38562 54405
19858 72408
1260 59760
18490 30647
17077 66269
42098 85638
29148 66987
5237 25325
14183 23226
30828 78381
50039 51842
16732 60169
24952 45108
12100 41980
31185 88188
19969 48175
37854 49421
11728 59589
47625 54269
74798 82690
47608 57923
60666 74485
22806 45555
36071 37727
61026 84773
5338 55212
1233 71581
14752 61406
55361 69362
33141 88178
16266 41541
2677 36661
32807 68165
4323 51914
33496 88767
20263 41697
75943 77156
15376 82005
32144 48881
54224 91249
18130 27817
40690 76426
63303 71892
20163 86361
43213 87890
64027 83002
36971 77106
69598 89107
19326 28203
21571 73080
43731 60694
46552 71269
8571 68566
63024 82918
3136 32773
13459 31353
6916 60163
49412 75570
42482 70742
30270 50933
51171 85374
15864 17314
7031 23575
27410 62751
6411 63386
31423 80476
26544 66199
15711 49955
1138 9551
2130 50287
36566 66414
24586 26634
61457 88156
16126 70244
8330 54730
20706 67000
39021 91420
4401 68051
25468 87678
60004 63059
41215 68967
28328 50015
39429 46910
552 31431
12733 79538
24577 29693
30536 70517
25954 39408
62670 72270
24026 76140
48896 65378
76972 82784
27973 62679
44801 66067
20799 69834
45143 75111
2847 78261
1621 78758
57725 88432
48421 66009
3517 79825
74132 75121
73198 83875
30827 45795
44826 90891
15183 19812
1132 13401
61519 84055
5352 15176
35232 43502
1436 82033
64988 71349
57665 86881
15478 16590
5348 35342
48460 86376
55483 62645
44694 48089
28624 58006
45519 54591
44439 48114
3219 81608
15042 69888
33 88652
49237 89510
27478 45085
15438 46374
37036 88361
18812 19901
2708 63873
4168 14532
44748 65683
52455 61550
4789 90989
49422 52661
28558 75814
24247 86098
13766 71040
39956 82339
73647 75138
13428 48228
23008 32400
21687 56603
63 31879
24189 25297
72867 74493
65985 85505
49059 80564
55673 83994
55508 83767
45993 53610
69278 88372
28681 68521
39835 48545
4484 79624
2698 60312
30523 89868
32832 81272
26998 35205
14915 17678
89874 90984
18680 37040
6115 32986
48379 65890
24535 71961
14271 59068
41143 81005
13798 87714
23085 73790
51174 68177
269 89996
20946 54647
37632 67561
22054 55644
49647 51432
10195 80588
21013 23667
29472 42260
51658 83873
26589 49010
41500 89847
23731 26275
54647 67672
45459 87668
20469 34953
25275 47418
13289 60795
1062 88290
56764 62342
37861 52640
12492 60173
17249 35127
61981 70165
8453 30710
563 31364
59453 70523
348 28132
39726 56072
9954 72471
6525 7442
78699 84197
30372 46396
52104 58391
5040 43545
58743 65232
13903 59947
80022 87733
21425 62887
16697 54671
42332 57184
21555 51545
1850 61295
11847 34306
50858 57269
7194 57172
39298 83750
39329 49237
55039 67431
10440 16498
37440 66888
57716 84900
21913 80943
7558 50955
15619 20461
6437 18162
12490 37917
30257 68993
761 25389
9305 10437
51577 78537
30588 59162
12220 89163
5435 39040
16314 29199
24685 32081
18389 80031
9319 66669
27510 66088
10041 76804
15673 19061
28985 64419
2332 86110
65237 86831
57165 66883
7325 83370
35775 69075
18788 36622
38027 64593
13692 47261
21455 24247
50672 70218
18137 40410
60668 81019
6835 23671
64375 83581
22614 58211
75851 80150
51405 89333
4676 47949
25451 50472
64121 88202
55980 70446
32642 50612
40972 85261
8023 66910
49705 63609
29876 91603
14081 56197
46568 82389
6044 67979
13457 13601
47282 65634
34711 89123
27576 58141
49179 63340
74339 80803
62633 63762
2766 5085
38508 61656
10249 67739
66759 87496
13130 79821
34031 80616
4565 67821
45009 88431
40882 69198
8228 23975
3355 41453
12245 61776
51295 74701
40289 88141
23402 79601
49291 86346
8216 66238
5205 8898
42839 79298
25932 79888
18092 75880
29133 50191
24508 41292
19999 52149
15241 15983
17359 66811
57640 73106
56182 75997
14238 24514
24801 48983
60218 83052
46723 64268
40492 52924
38919 59543
27517 32231
24871 49049
28423 49502
33898 89012
16191 61965
46916 84694
80949 89283
12986 59151
33861 75168
44462 81663
7008 20517
85341 87031
9061 38400
38127 72351
74839 75205
12683 57057
31483 79691
40376 86263
11432 14298
7643 71701
38825 47842
10942 14956
29640 50093
49600 56638
52311 79073
14699 79031
14583 58218
14510 69662
3843 10889
40935 48543
58329 82347
53729 67393
65232 86454
30196 82769
2062 73846
23969 24308
6770 76435
13043 91151
5914 61468
67856 87304
19657 76036
15802 91239
19512 20339
13687 58862
14833 78927
18229 51239
5267 6731
63547 75657
26203 50810
32605 82986
81199 85674
41244 65896
35358 86833
64188 78370
2012 55512
33201 60595
11091 46625
25540 46527
27113 75114
33239 65005
23186 27352
6746 7633
20459 44084
14176 31320
33203 53510
75512 75860
28777 51416
8384 84760
2229 54277
59405 88972
29845 47234
18179 52015
1360 50406
28265 39696
15665 86922
29960 82740
74869 75540
35546 83691
36992 65681
17372 29235
23750 62811
49195 54510
2429 39890
41557 43479
37010 61593
39264 47538
5146 34553
77331 80975
45688 59501
68212 90622
3841 5306
85143 85781
1525 53796
49409 78922
47822 65893
34473 60684
37983 41457
10146 27278
783 58665
8776 26684
8294 9415
65863 85621
9578 24972
60674 60779
33521 84383
18301 57791
18571 60988
16938 86813
10000 41580
23776 90027
37919 79296
8656 47989
7397 30227
32912 64448
55026 69121
39084 46777
68709 91351
21653 23523
21869 83193
33908 35096
61270 82114
45565 72242
10589 87492
43504 86933
57644 89023
6803 13812
11143 49749
12896 26010
36656 38156
30517 78174
31297 61347
24392 77328
46153 77348
66961 73890
11431 44473
38678 62147
48480 91319
34730 47896
68906 87360
66165 70050
19739 54477
4708 67143
11934 40335
34862 37511
31004 84557
7058 88864
40591 55972
70802 77382
41393 53918
44845 81092
5598 54995
18672 69291
4487 26492
15437 32539
14022 59115
1044 61228
4833 62162
39822 57887
23102 64648
33460 57679
42487 47931
3153 17822
7758 64988
6799 54423
28455 31024
10968 33172
10112 68580
255 33262
8023 32841
33705 84542
73342 84692
4387 76206
19124 19539
38905 40763
42054 61421
21002 69155
1691 82623
12301 14077
39600 56523
12901 87506
75615 85630
3897 79065
46041 57097
60188 72540
11387 84409
18849 71127
40648 59979
20725 86213
54795 71583
14884 45027
12869 88228
34511 46581
9669 27794
84445 88187
8832 50990
21178 34459
12746 70295
6860 48002
49194 55810
13426 30260
3025 62798
55276 69728
37708 63323
9188 54359
58065 85402
14277 32721
19561 61149
46255 89291
7287 11598
53265 71984
4466 76471
2725 61380
19977 85760
5202 12137
13238 83783
76492 83806
60139 76847
22889 27659
20475 34105
5797 33170
42978 67942
46594 88394
18980 21282
12536 85884
1495 36549
11551 44625
46465 47207
32423 48696
42770 53308
67034 88887
57416 77448
27658 59776
28767 65353
69842 79548
20325 41647
41163 59708
22628 44168
26496 37177
7863 14015
52103 62660
19569 71433
7971 60028
24078 39354
37026 76232
25793 56015
64729 81970
8190 38113
10708 85512
56915 83956
19780 42860
35352 89522
2475 10076
39392 87806
35827 55435
14248 18558
52671 66176
47971 89312
76963 80968
24331 70709
68838 89183
57029 58695
6193 81554
694 40356
24729 72520
5041 85186
1541 16705
17862 72688
15461 53883
45945 54046
55695 68428
6108 51611
47792 73277
35498 36745
47468 81052
38786 42789
40818 79008
68936 74349
55704 79763
48306 60571
16943 89118
22470 64308
17888 73563
60117 86614
4694 30956
36968 49743
5770 77830
41378 65551
24215 72538
26131 26327
59435 74842
50588 59535
7950 68169
45213 49098
55314 60650
15325 27495
42667 57532
48664 83533
6046 37064
6876 38172
38431 73944
2395 5628
56444 79378
15736 66516
74671 82794
13986 39126
32929 69968
43652 72351
24040 88967
32535 74254
3533 19048
18415 45765
39356 52582
68800 71720
31328 73398
24956 33592
26120 36739
7613 12605
6874 69051
53723 86423
20228 61263
76475 85215
5657 13611
80027 80225
1920 48374
1947 54395
17645 40547
33982 80078
16354 31912
2431 16212
34461 39520
61982 84181
60988 71340
27678 39737
15473 70843
14395 61284
2633 32486
855 18206
51049 81512
65390 68192
57265 83959
33422 90164
36451 53703
21321 70614
35359 68328
17095 89481
14239 24105
52933 80443
6475 21184
21735 33024
27865 78833
30706 37913
42760 49895
37449 55316
22284 57696
51588 53829
48820 71380
5693 22039
2347 16954
52502 68857
61982 91458
13942 83643
80109 85141
69602 78777
38210 51469
306 81467
44117 66868
27162 47466
58553 63778
25 4454
10259 18863
63666 87176
21706 23915
35642 43840
42842 56483
37829 65926
10836 41583
12697 59995
31404 80473
23454 72557
50589 78268
7944 77704
30917 81906
1686 72424
70451 70630
1905 11409
37931 82706
31621 33607
35477 47605
33877 79958
60740 71346
14040 76596
40324 66716
72830 80908
48446 91371
10879 70325
9482 82165
22031 59286
43574 89422
1907 90898
45328 54749
27459 65279
52113 63803
58776 72037
10311 52992
16088 81348
5538 9767
8921 31247
16671 59667
63680 84121
39521 80858
35364 73671
20982 72623
37717 39003
3524 38883
22306 68819
5792 45843
21003 36855
30207 87375
27295 38156
33022 88086
25112 80918
24488 80589
18927 59668
15741 21991
38916 87583
17737 55923
51883 80998
15989 67130
32593 69700
5384 55393
21953 49410
8788 11817
14898 17560
3636 36874
2125 36612
20780 63938
51800 61289
21471 32426
86249 91307
84296 84510
27484 68183
47242 54560
12176 69101
48977 58567
85562 90648
16148 59043
50873 56010
20271 35660
41202 78309
81230 89711
7738 88443
7816 77249
68122 91265
11765 11954
12897 44864
6179 35383
54224 86512
12088 60373
28422 76151
58109 88240
2516 79945
928 30222
74508 81996
18980 41529
21269 35550
69805 72822
19344 89176
12472 79309
22911 51069
62658 77672
6065 28279
33377 37064
12623 86107
6258 21674
59641 72658
24209 55530
26812 39323
17197 45788
6253 7103
15916 36644
50396 70872
23768 49459
48721 68325
39712 85943
22664 32694
17997 41503
27138 42576
56197 78629
61112 83686
9768 51340
15977 43486
6510 81195
84280 88475
73453 73815
42304 90266
56226 71730
26328 29838
24246 31287
20610 22864
40214 90002
4749 76854
25739 70776
10508 10716
13947 59652
18661 84697
36534 43716
19459 80030
50955 52074
5896 67216
17185 48446
29277 33898
12867 81473
43859 65964
80524 86893
19025 60873
33419 80727
40783 63188
645 37632
22082 39501
40081 87752
29582 49596
38018 44915
11046 11324
25534 77122
33646 37563
42719 68414
15046 64564
79484 84827
4626 33949
79122 82026
49858 85457
10674 14432
11933 37937
28042 29065
67623 78986
39368 40835
19614 58208
22655 76878
28254 87456
1180 6513
1566 2600
33359 63907
14386 33952
84278 89619
5885 57173
18477 54324
1942 14139
43097 52629
13864 82544
3469 53883
7885 85620
16332 45022
23292 87674
15162 54567
30854 68401
9924 37066
44252 73969
11847 33066
38984 49440
40286 79212
16415 16626
10339 56586
32525 79635
6227 30050
33967 54205
1793 82826
5665 47047
15528 77329
31488 80601
22302 89019
2028 59672
5866 22401
25325 27076
5323 6535
2956 23941
18601 45884
2029 47404
6713 60154
61170 81588
31941 39025
32607 38499
50991 82175
1555 52412
1392 84678
18784 23006
15655 21891
45870 64190
7952 23015
15918 50434
29391 42860
40336 72169
64490 80032
34632 42817
17665 79770
24659 72472
10549 43644
75159 81879
63374 85768
68427 87409
3526 74461
3903 20403
52823 60927
6349 48863
3961 19742
53998 60670
14834 45198
11854 32508
27252 35821
4196 23553
22326 45430
24690 47128
22196 49727
10933 58082
5266 14770
61420 83753
30630 61710
33026 71259
31485 80542
26139 56553
7973 64423
34111 88268
6129 51169
19189 65919
59541 64161
34744 52386
41006 46945
25764 57597
7851 13472
68912 73856
47498 49361
6755 9350
65405 79468
16223 19937
29574 69316
20726 57634
23727 74188
27701 29499
45638 59925
24404 84218
30443 31796
36170 78927
51638 86820
38125 60559
50392 59514
9488 24479
30998 59070
47507 59241
83345 85784
22423 50159
47193 79116
26360 76932
33572 39208
19652 87060
19158 74281
41637 44949
18560 48900
58707 67302
1889 73070
34681 35681
55655 62412
3814 44398
4127 79591
23978 30667
25870 86176
36643 69143
15750 89749
35094 85235
38876 72198
56969 57526
49632 71038
52608 72130
21002 67053
21256 50158
8680 10043
66344 78955
70087 91397
12486 75954
26515 27125
67526 87225
10792 50015
29310 56793
42835 62314
52769 67927
58187 81110
27275 30325
7403 49838
33465 49222
6734 39478
3624 68086
41486 71220
2061 84691
51097 66258
25761 30614
4502 14856
34778 56770
53019 55606
40798 70876
45834 69313
31232 72331
18861 73650
5403 70584
31849 86155
50669 70768
5211 72626
54204 66732
57001 72766
25410 51005
20775 32969
7152 8175
29225 74842
15621 37129
17856 71669
23429 87993
15933 34156
27757 69197
30497 58316
45659 79969
10283 43685
34327 62984
17721 48517
9763 49641
2854 53485
51591 73917
26040 72348
54985 81907
59855 68262
6521 23978
20893 27153
4326 78401
35297 77761
34056 58732
48761 52645
2495 41436
24396 76814
41141 78917
59898 65272
47970 73003
14660 37732
51942 74132
20992 57422
37261 46096
23130 70928
1640 33113
15456 22535
59559 60136
66316 88960
33770 71895
59150 72172
13583 59294
24363 26722
8015 10933
9890 51106
14662 51128
18632 49370
13873 32235
33983 35956
8302 21424
19741 83543
6158 65923
25652 80150
25768 29189
83540 83862
2877 45387
26663 78669
28633 36298
18987 23166
61672 63012
12582 51006
65480 89378
48776 52195
40431 78899
72200 79514
13307 89023
54653 87711
589 90607
24944 49628
5287 30004
5020 83122
88322 90957
27933 50913
79761 81436
33531 42880
12110 20143
5434 70720
36007 40057
11743 63704
46649 73550
33809 62097
44270 47947
16316 23804
20003 26896
51507 84148
1950 42780
42553 52464
7135 82685
9598 70051
49872 61794
4066 57315
18744 36395
36914 38449
36856 53469
9862 27291
13627 75342
36242 71316
64128 86016
43639 77908
65414 67668
32383 86794
41693 76877
1519 87858
5481 14807
47574 67240
17967 68598
21448 71507
80121 81180
7956 77125
11151 42666
26758 87866
21499 80273
4326 15412
20261 38950
63402 85147
68130 71880
52439 57925
25863 26764
7588 58006
13732 64519
59977 67140
10036 18321
61983 64687
4350 79385
42042 85735
14366 61998
62838 80084
59490 89437
51094 55824
73403 80258
2816 35978
5076 60621
1064 48778
12915 32025
38843 68445
4965 37139
61404 80850
50178 54645
12912 38184
19213 63937
34842 37542
20724 63492
1114 26602
28416 63290
31206 68409
19553 29038
38557 46394
10866 25112
34581 58896
11793 72319
34167 67293
3865 42642
34208 72583
46314 66457
6488 83214
45042 69568
20714 81673
4764 71720
5605 75811
18220 76549
4235 16496
16801 29754
17969 21765
6418 17160
38127 50445
302 51630
33554 51084
42900 52096
32440 69036
21838 88281
10109 20559
60069 73850
1224 32573
71060 87344
36871 68358
47995 80607
44226 52886
8601 72646
6000 38854
18726 74061
10167 34938
41360 52536
39742 89522
64009 64156
2151 4864
22947 37069
33687 77347
25528 81460
12005 34931
35768 63061
33779 86298
20306 27544
50902 70265
65065 66540
41189 71956
2766 14333
51032 73743
73838 91582
69586 86308
7255 81663
59815 69257
14884 15248
14855 76341
27444 46232
21578 25715
37728 73231
17804 78629
43271 67866
19387 70441
688 78566
14277 32805
25747 42492
23505 44638
9648 63584
50091 91044
17332 34699
83666 88953
16044 59891
25323 80176
6952 44747
14802 22544
7911 40610
26895 29803
51736 64015
53253 62291
21079 38141
62670 88326
10470 51269
10419 47313
32009 51091
43400 51906
70379 76106
43429 60017
24962 70561
36269 77595
11432 85040
8612 12972
16323 19233
30194 87696
26400 64586
237 48730
62703 77492
33094 35722
53202 89996
76570 84101
34938 80204
24864 76346
8389 36673
26746 81418
16499 20385
35111 80890
12608 53572
7716 76465
7474 50574
64694 80263
64917 69371
18258 21431
45477 74133
61727 89296
8278 45796
15242 42716
7085 9708
21874 48015
38067 59157
16211 74203
58434 61948
50885 55625
18362 34709
85877 91112
33014 49961
10863 57709
22669 70205
17943 90998
58427 73477
51538 87209
22160 56224
18295 26262
35113 66134
35908 40929
59831 91524
4687 37018
81042 90698
23216 71639
31660 79623
53593 57888
2373 80015
58181 64033
37783 85756
69541 74200
52636 83798
17740 38895
9992 57566
22838 53748
2082 78269
21107 69515
33060 52594
647 69105
11410 55992
10521 43125
23803 88902
29916 77173
23212 74469
7184 77220
5720 18425
8517 42661
55633 57260
7682 26505
39283 59839
46267 87910
37453 41677
46585 69160
2716 18336
34002 89297
11794 60161
68672 81047
63752 71901
4025 76245
4879 80888
46039 88396
28170 72937
34357 35874
39490 89261
5891 76970
20718 31621
15229 90388
39203 56759
9640 55394
34965 74207
5497 57480
15950 45640
11422 64936
13156 56455
32245 57504
30537 43811
25340 48561
18566 39764
47942 48397
73054 90936
63500 69392
6666 43169
39679 56310
23850 32931
11017 74851
63927 75167
22156 30800
26583 26899
25985 46040
53154 82804
35001 76268
77103 78983
13650 13945
11028 83270
31470 89678
22277 75677
16474 41937
22940 43057
15390 86063
17701 40687
22323 84357
18915 43654
8068 68590
15550 42081
27299 38879
23510 52879
22195 34326
17820 21848
15787 22877
63470 85711
10524 89883
14030 50661
12489 26829
8939 16267
52065 81477
46871 71313
24316 53110
47471 78310
48726 53716
6504 23913
47177 80146
36588 88485
61207 89549
43830 90851
41183 47306
16437 25578
4986 72294
18727 70643
46653 82343
79592 85498
14205 73925
71497 76203
2670 6480
36953 54568
26798 30217
18037 84405
18324 27501
12604 22187
7888 14385
52053 71867
2599 3143
2080 44174
66226 73616
36074 42813
324 34066
40263 48988
60004 79992
28181 34368
1936 73274
8979 84858
70712 91378
23352 77560
44138 89477
48803 54497
25470 85387
27697 30228
18998 22101
36500 57646
29176 51833
1551 74479
4001 63809
31523 75667
41527 90629
8548 68879
41750 62705
5025 86345
11441 19300
24835 40469
27401 66493
16047 54156
85229 90883
22899 66788
5108 15815
20111 43591
22795 61381
81450 88893
8220 49369
81377 82526
9599 10070
846 71183
32175 35432
65878 73021
48706 82535
49704 60127
22099 49541
35248 68911
37665 50059
74994 86615
66190 71620
13049 89289
6314 54714
4110 7889
51867 76648
1554 40789
23845 84589
80493 90179
29250 37209
41403 59099
15211 77254
42397 83762
46295 72341
5063 90309
35722 47154
11511 50809
62871 65778
7199 42632
5808 53950
56086 70645
25444 71915
3092 43715
4066 63769
38056 71866
12123 85660
19148 31981
33582 42516
10897 66571
55568 69116
1850 27733
15606 40363
38092 88628
13139 70479
34381 55069
55455 80477
6704 87110
54325 82045
36257 78866
44176 57826
37559 89241
36307 80712
8237 49267
43414 77815
82762 91049
29631 44902
58165 68810
14873 34526
77329 85503
28012 30719
13618 90113
6938 53726
7920 21538
586 34617
51256 77961
4854 58379
47884 71257
19289 23991
10115 69194
45723 63702
40177 44096
27607 54496
40924 47078
19530 53556
57025 78143
19625 20919
64948 75658
21922 56577
3401 80793
1168 74128
60163 88617
76107 88010
12344 29949
51202 89848
17794 49958
21106 34674
37016 50238
15748 26998
25885 70884
60014 82294
21631 26176
11261 64878
22188 90300
39103 65163
34543 55115
43750 65926
30949 60410
50576 69435
6112 72230
2256 89739
4775 65059
17628 32532
84996 90852
24140 49419
8626 12969
15553 53145
62637 75580
4410 87325
290 6421
4369 23998
19579 88929
63534 74078
29088 42920
62128 80874
30457 63085
7448 73229
33937 59491
81198 91031
28047 51364
4556 55074
33533 59077
5287 44062
58688 63858
19038 76613
65409 67314
16788 89974
52012 68739
34666 80121
54752 55739
56328 72623
66320 88099
33153 41232
46362 62713
33272 84632
25591 80267
27122 76940
6044 90762
70693 81899
41925 78644
5395 87717
36389 72937
25659 78797
48980 71894
54812 61832
13759 23916
14741 84870
10844 32551
67748 85491
19119 20574
42742 71908
32818 91016
43707 61338
10450 45293
73660 84821
43025 46384
45144 77963
49264 50625
45259 45466
35290 80901
37290 83477
37091 69593
48134 79375
17219 64194
30522 70796
10348 81155
47512 90482
42830 66529
54270 70155
8425 89797
11009 86217
48900 89494
42790 85798
24344 72460
1205 60253
57969 71718
73783 80452
8371 50054
13088 38169
71487 86257
10060 47526
29503 89682
39913 68338
73062 83561
69388 86545
8347 32935
42579 80289
29033 65773
68229 74116
14331 16471
5384 63767
22537 24954
19352 59037
37390 48918
2950 43785
29770 76312
16517 52196
39931 82754
78177 91509
12187 70692
12675 41427
41003 81059
60515 69758
73835 82956
35401 46951
11760 22836
70295 90186
80202 81116
46442 70870
67949 90656
71889 88912
14178 47938
11915 80622
16075 30413
8676 77887
62505 76220
12346 43380
11464 52966
35663 70354
67629 71130
9890 36593
5459 27327
2073 41015
24700 35859
69241 70392
6954 85818
73628 75750
19165 53913
7608 23739
62665 68000
5774 67877
17757 42769
21771 53103
62574 91400
9467 46706
56384 90250
26023 29562
24817 46505
33399 40189
46820 52938
49828 50687
77676 90453
1020 32308
22179 63162
30863 88148
80531 84530
60522 64920
26004 37505
11595 52555
3457 40865
34948 70002
839 69460
67773 81379
46947 67850
15403 67442
23915 71040
25722 47068
77945 79626
83585 86589
38233 51696
5957 67072
75653 76720
23972 51252
3438 85340
20841 29727
46874 89420
1325 78298
57277 68836
43959 51579
16749 64916
12377 79687
64987 80340
19813 76890
682 34837
34460 82334
31533 48594
1508 40436
39488 48223
46773 82035
9649 87785
39235 49408
49500 53572
6192 48906
58221 76786
1681 90149
35922 59554
2031 68513
28220 60501
3815 86553
51946 56242
30916 40555
20858 41039
41776 70123
16510 77682
44502 84334
1882 59724
25481 75337
17353 80601
56666 75434
76762 89213
73486 91088
7680 52254
10115 34117
18717 27465
70586 90921
43265 56396
51472 87365
20862 89338
32323 78023
30026 77039
59127 73041
59715 70813
34684 79914
8163 60399
43658 67484
52754 69648
41836 44337
3616 31877
2452 29949
9043 65648
9355 24395
16378 49917
66247 74551
74451 80469
2156 30445
13925 32897
12053 69453
20773 69797
17670 35377
9713 91527
61293 88943
5290 25791
49331 91071
606 41614
58242 66965
18236 60973
21810 46903
4508 48778
32143 72595
84036 85075
25972 40260
11321 45085
15965 52820
55103 70426
23625 77647
19788 84419
3657 7021
7210 15493
39551 70712
32956 74751
17457 46645
53489 65930
53257 65607
35038 47037
41458 44856
28629 58663
14513 34097
35271 83051
6485 10640
53966 78151
47108 84937
64234 75655
9499 60711
12843 16951
10112 23503
12970 75698
41794 58607
16641 74134
34946 36421
1574 85653
18805 38073
24815 40868
49440 79474
4838 56161
21638 23571
59235 88438
19815 46774
82959 90779
22781 43682
4638 65050
20795 71496
15001 42534
17140 26773
66624 77633
50443 69846
49169 62536
37048 81306
71490 76724
4462 48737
74691 77430
74625 76706
2231 27569
25957 25987
5951 85815
24854 42645
34356 44350
31330 46460
69105 87489
25471 27744
31459 73965
20724 40041
52652 83488
72121 83714
49862 85875
52145 79851
55602 61258
18310 57573
33036 76766
13545 30250
21306 42174
74905 82907
15173 30443
10514 71841
36341 57663
37830 67172
18643 90082
16762 19419
81624 82329
4858 82096
3365 5537
53476 88060
12102 46698
26459 50887
23835 79920
32953 61453
25252 90752
28675 44596
57674 87728
49470 83715
55848 89332
36354 37269
7345 53879
5895 66701
35494 70932
6506 45767
9021 81162
2915 91175
7439 80805
52401 74301
68333 82313
21175 58382
75548 87292
13396 25716
1555 35284
14152 30978
11973 22909
49354 58107
70426 88494
18374 69260
6242 24113
28803 85962
20236 72074
53536 54285
14807 82872
27764 80535
24798 37268
60712 78147
48008 57272
7185 17781
12117 79465
33473 75018
4374 28479
7800 21457
69799 83545
82081 85826
62120 84625
58378 82863
17885 81166
28628 29669
79653 82069
64363 84740
77373 89021
6461 39885
6960 81142
36850 71190
18943 50260
42647 77670
35708 77687
5985 38775
6539 29613
25549 51321
34958 60423
6984 48084
18842 50080
66692 78119
40751 59117
41976 66939
71360 75014
6781 55472
19138 68165
1606 7718
1428 26205
67557 73307
492 70613
20297 43005
41970 78840
2395 3857
34138 38933
45201 49149
11033 18879
17843 48373
62624 72948
44801 57004
22912 43398
21588 54544
31310 85247
70284 89495
8147 56729
31078 54891
1072 76046
31513 49903
27132 71967
21503 29208
11817 36042
29142 56932
3291 46493
35382 75005
13539 25700
33229 68469
58449 69441
17133 53085
50590 64113
4430 58713
5158 35917
5227 62660
56208 88920
58440 84533
24690 68060
49116 71167
47101 81313
25738 41064
56766 91297
23721 49800
64985 76830
19137 30502
19568 74858
62407 67241
36889 42373
244 75344
33229 34236
31001 65436
27242 35761
23467 43210
28039 55333
13838 66290
46517 79705
24280 51007
26753 37072
25165 84570
40142 87904
18715 83349
42775 66062
28317 83188
22068 74074
1189 3264
61730 76032
59834 90648
34130 74394
40549 64397
44028 71480
17578 33850
6572 28350
6198 14630
84170 88697
58270 83595
3248 26714
43526 73000
20443 78164
42242 86944
12596 17567
28468 28598
3880 10382
68539 79168
73669 81802
30961 63789
21059 70394
1970 20109
6696 27859
6800 45761
12981 50109
55176 79464
78425 82163
5856 91254
33477 44475
31390 37275
51987 83441
33091 75758
53263 59735
29156 84617
59413 68173
33058 59278
20404 29679
48796 49677
38136 83377
10383 52664
59047 68221
9848 80892
77708 91555
20904 66522
49159 67577
75198 75579
35822 77750
19446 28227
816 85828
19634 46771
48532 83052
16822 25459
33588 78734
33399 84888
55820 55844
5569 21044
76935 80306
66776 67729
10692 80497
53510 86572
29608 55846
65261 67780
9895 21253
1712 28349
23884 42080
9650 60568
14856 31441
41139 65627
9101 40727
12106 75192
58865 81917
66102 79365
80443 82483
5514 40958
15273 20860
14757 28803
13962 18599
16597 87375
34250 47686
41805 50508
49901 67825
17631 63808
19290 38431
51542 59904
51784 85026
36830 42187
111 8997
71687 85904
10418 20396
32114 87712
20002 78408
47211 57290
6784 62452
1729 59681
86537 90136
56121 82090
27217 32891
9581 30224
63081 64461
58283 88830
37195 82241
16711 17601
67591 87763
22036 90249
18597 66999
3710 8633
14648 64589
71965 74282
49541 65840
38798 55504
16392 23206
48571 65430
69704 71896
37422 76229
59885 84863
10886 60938
41566 71173
61652 87467
56397 60234
4488 24562
29935 32464
77029 78001
16290 50389
70378 73694
55387 83820
41481 56394
3259 71610
55578 84031
2517 16559
1216 28362
85055 86450
32058 51910
1331 48280
8001 53981
22616 81334
38473 39993
46573 74039
44843 64756
4336 73424
40760 45520
34136 34840
31294 46714
199 11068
17022 62030
33138 61445
51020 61937
42432 48946
62011 85408
17619 83366
1762 21623
19769 83731
10729 76074
7336 64923
15976 71797
21409 79851
17060 58492
11623 63858
42448 67833
3411 81562
50714 72765
7931 81836
12190 80298
12754 45365
8955 85967
19107 81957
2399 77145
7217 56078
6134 21031
712 77920
21895 89913
27675 74604
11899 52071
10711 44613
19440 85527
59581 61726
50824 69509
29569 48778
9612 48351
12687 69433
9115 65778
236 13787
22459 76422
25337 89536
70177 86709
7288 72750
23275 37097
12418 38620
36202 38163
17046 69959
33183 40739
42492 47722
43351 76222
30937 75525
29344 85078
44990 47690
61138 88749
16291 56614
29518 90863
70704 75663
2048 80963
16204 43018
29261 45774
37000 44456
23878 35855
832 33457
78112 87146
1972 2091
7526 14214
62180 84290
5292 23376
7756 35327
2275 77837
31387 66877
11238 64689
44138 48011
8126 32822
15554 15900
27222 29492
857 34533
23518 60797
30631 88758
30957 67448
158 11182
22465 24893
40891 72381
62151 88523
3534 89680
29236 57783
4296 73599
29813 48777
8245 44601
71536 81778
25330 66105
22617 35956
4248 10343
56272 66073
32600 78274
66506 78737
11066 46369
48223 56268
27561 29502
1248 24505
38515 41798
16278 30525
22268 27074
44758 54439
50341 73409
1297 88440
83796 90243
31998 74557
14308 18796
82434 87505
1619 55035
9789 16578
50121 79409
80375 91151
21592 35989
60323 73324
28346 82920
77540 87663
39480 50727
59537 68774
2078 7974
28034 67360
33498 47467
57906 82648
11796 73549
22259 63576
13960 27078
4795 46917
11856 61230
26379 71197
2485 85588
53621 60835
20089 85060
62325 80104
15605 87685
33090 47526
25063 66553
24492 74689
36063 38322
52743 89823
17520 25549
33185 82848
27048 52949
16262 37155
673 23588
25826 89233
21304 26351
11000 23466
60537 65504
39786 63131
63982 84364
80066 80720
19388 76043
44008 60396
6663 49185
9759 67402
39546 83072
6459 74006
35055 68285
23018 75494
60102 84856
5716 34682
11545 74748
29447 66240
21458 41664
21639 81398
21119 43019
25297 55389
21083 50127
32268 42301
3015 78915
19693 86074
5861 31820
24489 24943
42572 69502
20609 57083
9419 15469
24752 76865
34630 77179
21598 78682
32271 55465
59857 88394
67785 79976
64132 84841
20892 79261
49662 80653
46440 50382
9651 56951
5346 47641
5770 42530
20584 58044
3050 19559
7488 58622
11715 15428
22089 71385
18951 80400
27087 43052
51529 86708
21331 38187
59243 79156
42559 66510
9783 27910
32124 55385
33282 72021
22615 87784
14976 86760
40193 72255
28027 34424
5466 15518
78829 89364
85550 89201
37548 65371
28147 89653
72679 76640
765 83272
4258 4687
17763 84251
5665 10929
3201 31000
38600 59686
39901 46685
11802 35758
31732 73229
43039 73873
31585 72099
36983 85885
76155 88558
22240 25508
35784 88308
10855 70352
2786 28016
32427 59929
2769 52804
27998 82548
13441 18925
3106 66358
35542 79978
40653 51295
22674 87832
18314 87056
17951 46201
79318 86431
75767 88782
26103 88554
25944 68793
23788 87791
40431 46595
22831 67920
23740 51907
108 18194
38745 83445
15610 77967
30358 51134
2335 42242
42081 64300
51828 83015
56059 59342
29048 61346
32581 72360
20084 49387
20581 56966
13039 79599
49562 80690
2477 53611
27112 55735
10194 52563
12516 17155
25113 52102
9782 71069
11318 33785
6108 19081
6180 22595
36540 65716
26298 47803
17759 35456
62741 67687
32575 50277
43604 77799
9836 56364
36506 51613
10962 64866
3465 82517
46151 66979
50959 66272
59088 77628
2733 73540
29487 51089
4119 14461
8960 89868
30969 31398
56355 66569
5003 71347
34502 83094
2952 51626
3257 90014
46705 76401
57814 58911
7715 66467
28205 76609
45332 66860
19441 57445
4399 44790
38589 60547
6398 20919
37747 48122
28690 61079
23424 83558
12980 90741
22400 55027
19273 27964
13674 60202
8006 36921
53952 76491
37600 85845
6089 50031
3284 61924
22930 80612
17622 28869
40 8746
20740 26954
255 62721
29091 42444
14764 77562
38169 75382
56426 70360
63280 76947
17636 89848
32821 55478
69919 87207
51173 56233
28739 85454
26141 40402
40042 78926
11417 48487
7333 46242
77829 87357
63338 70996
4409 36207
88289 88432
17458 62547
36272 51301
10389 79437
9217 32475
35240 86094
38736 86011
19802 81842
16103 58608
23871 87881
18618 59871
36062 71781
34491 55902
77318 83007
45943 71316
68090 68475
72327 76389
66002 70133
7936 34201
58077 68215
13234 68699
32398 59022
70708 90037
83596 85836
55748 73360
24302 30737
35715 51118
5706 13296
18702 76119
6944 43483
37191 65798
37558 82832
22820 25915
28152 53144
15728 47918
12900 19441
2029 13482
674 26482
81334 90422
77135 84643
24597 54046
3419 37590
37697 45997
47334 81648
22596 48611
19973 39367
6448 6509
22160 40724
47366 74090
34371 51678
3259 54222
14068 40016
8669 38940
6364 6492
60885 80282
5275 53756
13516 83464
33058 57623
25227 63512
10854 30269
25864 28553
37987 48389
16302 58154
35557 63647
51947 81913
18413 39726
21059 24461
40778 73590
11042 37389
63371 67380
34016 76885
74190 81415
24964 82098
65114 75011
30819 49525
66276 67955
28494 58113
1540 20257
14569 29166
18126 91404
4431 25144
9140 28027
5720 8676
71760 73128
8548 20657
34680 84974
52345 71774
41106 58270
51327 91410
77960 87757
31085 76706
19707 54760
18015 52482
34037 38603
1657 83300
2953 57115
28825 78318
10355 39736
487 2963
27729 51437
23105 72703
2618 17359
39591 77192
15479 87878
39635 70291
50965 72808
36078 37014
4782 21920
15719 76485
42233 84461
81823 87156
18020 90582
52477 62824
23881 81732
44405 63027
9908 10528
54456 82716
29125 50161
67957 72035
10452 29734
35907 50489
21100 36381
54733 84982
3289 41874
39901 82749
41969 88533
34676 61563
6481 76482
51029 86792
30220 40084
14590 36110
15523 86849
8086 33115
37545 71442
4023 12847
53642 54511
26702 42701
2194 38108
49132 66508
81915 86837
70261 77501
29507 48083
51304 67298
1458 55664
56167 90631
32668 64460
18168 21760
68075 74299
1345 48108
8264 22812
48553 74708
33088 58344
9009 89207
11109 86722
60821 75940
933 9148
24409 54728
18979 38524
37003 62592
30326 84572
10767 19064
10440 73268
64511 68261
53758 88238
18392 43209
3465 5975
18144 54810
68088 68906
34275 59041
15840 51549
13243 88996
38778 73504
845 85251
75197 83183
39048 79546
27884 55694
40314 48678
13298 79435
18647 73561
2794 87285
11115 13488
29128 56797
33936 90596
97 30037
63070 64790
41577 47083
36496 80959
63 65388
11164 13161
13011 58576
38792 85321
49357 72936
9023 53192
74548 75514
15763 56946
8652 32176
59181 59945
66313 90121
73003 79660
60521 61156
32484 51429
3132 60027
6534 66149
19583 85797
32789 35034
31306 60903
22744 35237
74174 85852
39179 60725
30127 70327
19397 83793
41537 55712
24758 77837
10648 45217
58399 80364
6787 80086
58768 90151
68202 91601
51213 90024
25023 65842
38864 58636
68444 83497
9677 39191
51387 74605
38589 61281
72103 78218
2355 32045
42946 77064
20739 79413
65196 91411
31373 86210
18056 34845
12999 91460
19646 90350
23539 84290
36407 66985
15572 18289
9183 71324
55753 61874
42153 83928
46354 48259
37189 88710
34602 81890
16893 72151
21504 60214
13896 52489
3191 7012
30216 78193
60315 82362
23511 62728
37556 86692
3945 85608
23185 91338
42854 79857
2771 7304
33265 68123
40335 75158
11052 18466
29391 30461
2796 57429
5083 55762
85223 89866
44074 64943
42035 43283
56292 71614
10444 43540
32961 79087
48257 85712
28192 75310
10867 43419
24434 56262
17467 75699
4400 57684
26888 54947
8268 40711
7420 55823
13144 19978
31745 68546
43773 72980
17464 38039
9543 65656
4043 45690
23740 50465
35615 66647
28010 59866
20787 41752
49012 54335
39445 58293
10419 44672
9845 67755
10322 90920
37677 55673
15449 32173
29682 75704
7637 76117
32608 35106
9522 26297
24008 77602
20527 76365
9008 80119
1646 88088
66515 84415
8599 20423
53896 66362
11130 14274
5792 65119
54867 68394
19630 70107
43679 71515
32173 49229
25414 38148
2169 26933
13323 20660
66300 79025
35233 51125
1073 80360
34503 74465
44880 91650
42335 86715
2263 45216
8628 72851
28715 68829
14916 44284
40896 49897
36905 75121
48110 70807
18495 56940
11571 21774
53506 54282
18288 40083
9579 48742
12304 28041
35819 40415
29056 81149
5410 39265
3146 46444
7624 73576
6932 65409
45783 51359
2779 14516
33684 55187
14946 82053
16789 53266
34849 59622
15954 70831
740 16454
43928 82486
71044 91360
17225 44342
11872 37666
55628 83846
3 70176
14346 66622
22773 75661
35719 38715
11368 25626
21897 88699
59955 75525
1457 33828
3789 82413
7648 80275
507 30372
58206 82303
40839 49093
32266 71267
23193 68746
31275 85133
46676 62058
54400 81311
7424 63679
42826 76193
8799 56852
32747 55192
70116 70606
14109 15572
6029 54962
36798 48968
56228 71528
30118 33185
32172 77182
30932 33778
64633 83557
15092 46860
47714 61823
22926 51021
19960 28224
15836 58216
4802 34801
53919 71044
2973 89889
14729 44656
58262 79469
3349 57122
54440 68105
19984 20637
64946 88696
32215 78663
41584 56251
21143 28452
3786 65681
48066 76079
45302 62689
15457 25831
18881 58468
21721 60833
51481 66298
51944 84507
47665 90197
26793 46992
69867 76697
14166 40698
2138 69020
1151 56160
17567 41244
30386 88385
19423 25523
35019 43309
68774 79840
55373 89476
27087 37370
9655 64001
54068 67749
19064 28272
14137 36935
51126 78117
21933 53832
853 9088
21257 86261
57832 58420
54517 71077
14837 34385
75252 75873
55277 91565
29475 45529
14005 30169
7588 65382
66807 89194
32967 89865
7831 74763
67578 91015
23242 49969
51304 52252
19017 46240
14709 53656
13790 37563
85430 90228
3796 58042
4300 59938
18233 66502
65238 70572
48363 54690
14498 23363
28822 61633
15270 46641
67090 71652
15052 47935
22361 45219
54794 80911
37303 74322
8433 80607
38334 41248
60034 76616
77678 82494
2461 66295
32895 34587
46254 81797
55375 56000
11403 39472
45731 78601
47035 86145
268 32214
47755 57777
63892 71978
29659 69976
2489 6472
80324 86328
40411 79664
52354 55664
40473 53854
53603 79930
35702 62275
57545 60987
15514 52769
18730 88645
1818 85276
60937 62903
54028 56744
46496 80534
14510 44246
4105 33936
83820 87118
4365 91034
28044 42565
22428 62798
33983 45794
37730 78351
63533 89294
57976 61332
7128 90123
2228 14509
33633 68745
13922 70639
37115 50819
33669 63267
9469 33472
48785 70378
19135 49536
19763 72971
8736 78479
70086 81117
16659 49499
18271 68616
10333 50901
62166 67944
2150 48685
28414 87065
25740 66647
36619 58962
64893 84953
43570 56125
16232 69329
6352 9647
19754 21132
44527 75226
34707 83033
75398 76545
30666 85959
11508 81073
11828 35923
30863 73789
55925 73110
4766 32469
13760 74537
19534 76101
4286 64192
8329 9122
38912 87166
2174 91162
59874 65703
20886 89691
30935 74412
49761 68487
57668 78180
63887 70737
25906 79484
1643 50596
66687 71748
22702 42418
6939 55423
38146 72994
11487 63396
626 78342
84870 88926
26578 54835
71075 88736
39642 83305
48480 66554
4304 87151
61730 68842
39142 42508
16952 58941
27116 31818
1468 42368
29541 42960
10200 66300
82775 90554
61803 90190
27062 43938
20622 85619
52639 74792
632 7232
8336 15871
50203 86405
36247 37440
58056 89508
36010 44856
15657 78750
20390 72769
30617 45243
15447 86612
20232 82189
84347 86735
34152 55533
45633 68629
46120 86833
12619 88835
10701 13647
8192 62496
75610 91678
32200 70183
15124 52769
14827 35267
37644 40714
7281 43303
48036 70632
9182 47690
40493 53243
5894 64403
9739 33926
52541 72532
43464 66386
1925 25623
3253 40419
11091 71664
19664 80926
3696 55791
13635 14395
23586 46380
42544 83811
39621 58929
34210 77634
45229 80202
35088 60066
35039 63966
19788 35540
35671 91364
24713 34291
1923 16261
42626 71470
35745 79692
37041 58240
41152 79051
43492 56736
49996 90557
32792 52008
50521 82209
21282 47255
13845 39379
39297 53611
27332 58221
65773 86669
41422 71907
16 50233
6637 48272
5774 10186
6298 24152
20468 51981
28731 62423
12372 81774
19593 86105
30266 46496
5900 83667
15018 71292
33938 58920
82426 87676
17565 32718
53507 68538
17275 40738
61505 64969
4862 40167
64996 86245
38816 57192
17955 31107
32749 41403
11946 21806
52170 75707
28107 67399
43489 89888
73861 77315
17862 68092
70834 74109
45286 81856
41006 62163
11042 79314
23950 52219
2029 40664
290 14019
1132 83445
7605 76659
3009 56195
25179 68612
21981 83519
22818 75851
53418 61129
52764 84506
63129 63435
16517 39221
60555 75926
28906 77933
12265 13424
31455 64131
21931 83918
34970 76734
15308 65920
34113 41919
46608 89990
65741 79069
20252 57198
54169 78879
39054 45778
22858 37745
46130 48216
59137 65392
18115 22292
21652 23358
24526 33963
30612 78338
28224 79374
18008 27219
7045 19946
27270 64514
4098 37379
18699 83883
23408 59337
6330 86658
12841 70384
8827 31332
43191 90922
6739 38213
17035 83780
74950 91673
13901 23438
50387 87529
38519 68598
39899 72337
62132 86937
5161 58819
50844 88007
57701 78718
3689 13301
75155 82677
31291 61851
7731 81001
20615 63335
3529 13966
23593 45709
75708 85788
896 91465
68219 74036
17549 75361
10999 11560
22557 79085
28946 85465
10781 45798
23182 49463
28034 79037
43208 57968
83323 89540
43832 54091
30737 46908
51099 69062
9689 79914
1218 12280
55611 90754
60957 63205
29251 81125
37530 66687
55962 90858
36427 48541
32700 59496
26558 75801
19011 89079
50911 66900
27939 86980
29893 69186
16196 87570
22012 31650
61145 77942
18003 75905
23864 51442
77954 89822
8450 56110
34032 37359
38669 48563
76356 86824
72055 87322
47110 60384
48084 59130
9887 83162
235 62135
49470 50642
34005 69642
39176 81631
67742 91587
15398 88148
26919 27061
53682 55555
11761 68357
42245 77660
2319 45683
27878 31738
16984 44951
9271 52326
33926 61655
19987 64468
16444 74481
27154 65684
38532 76132
75178 88637
45386 63237
50588 73134
9004 35896
27924 62188
28142 37629
75379 86403
35424 43715
18233 80843
46240 48960
47343 67632
12914 25259
30162 51236
16227 34582
19579 30636
21736 49712
37236 47397
78466 86177
39668 47171
41699 49859
49993 55262
53141 84377
3777 84809
49629 57400
37637 56658
50702 71606
7864 14774
72787 91044
23552 31444
18889 39563
11145 71976
55259 84816
63255 66228
51215 64655
32916 52819
27463 77744
26186 57252
11378 83005
53307 82068
45458 57886
65432 72133
19166 59681
7808 62632
35225 47002
50677 65903
23907 68974
37451 69653
15036 55717
62043 83004
38804 88032
58138 67935
2217 64818
6166 84296
48757 50080
29378 57658
49064 83368
73219 81812
11741 79718
17065 30300
8587 40245
37015 58334
27488 77015
31199 74906
77509 91453
30858 59371
46073 46564
927 62906
27586 64915
67286 89030
48351 53298
61157 84205
17770 47985
28174 62937
1656 80153
26537 40514
19483 58617
6081 89562
26864 71779
17170 43461
41191 41811
59274 74419
8665 91601
29652 78917
44590 75387
46218 52134
2856 28198
8313 35302
45960 59646
11870 70434
4790 25376
9621 44944
1894 66663
31975 48390
56261 62512
27173 56950
17526 74952
58368 89421
36280 55498
44733 54237
33943 88774
12448 51626
60902 76423
7207 39343
63315 70863
61084 63440
46858 64395
12063 65070
23723 32820
3463 50092
13366 90539
31770 61063
10950 55896
3118 13783
68659 74759
78400 87815
16861 50729
23140 69066
29856 85285
8011 60224
28475 33528
36005 64929
11176 23988
24143 33902
52939 62715
31272 44302
26304 77463
36737 64282
24763 67762
30389 38134
4444 78647
80431 82521
4393 54169
34914 85595
17978 71092
45991 61069
33357 60593
6027 60134
38616 81232
21049 73080
37000 76789
18779 78489
50299 89225
12207 12354
42614 81882
2559 49672
58077 65845
25056 44363
62089 71248
17777 36818
11536 37911
21685 69768
13148 48566
22571 77631
49937 81592
12118 69768
8844 44023
71784 87080
42050 53138
2311 74808
4460 86965
18952 66660
46299 75175
14702 15366
30263 43296
53077 53398
61211 75094
64257 65668
54918 65131
60711 75580
20498 26111
6082 74380
3825 52548
14706 68474
35364 57736
31398 74412
77395 80199
16431 83927
27573 77866
13184 53589
10795 51923
37939 84466
12693 72615
23071 56454
24465 39873
16996 37018
1725 81338
8203 83721
52922 65015
50247 57737
59080 80455
8769 85726
8436 86140
17643 82887
1701 68901
5877 6498
38327 78372
13030 90606
49770 74048
31988 54070
59773 88169
58151 80898
34980 40845
43423 66672
84514 87959
41162 73889
34950 49003
1008 67404
65307 84439
19369 37004
16377 90683
43334 63340
8874 53173
80213 89420
36971 78331
4353 7235
44375 47698
28607 83529
28090 88443
45102 67054
47028 66756
14215 35283
20532 80772
20991 44224
4391 16671
2117 53991
47248 63708
17682 55271
18643 29745
46472 57525
5001 19770
21722 64104
10373 64760
13262 53355
18852 91270
69343 78255
61524 72929
14391 59192
28799 50229
37193 63873
5285 18753
71789 85079
81843 83917
63695 88633
16970 52314
9361 34714
60517 85256
51515 82957
32990 61779
71849 80684
38440 63784
75195 79213
60648 66387
18489 69804
12115 27531
68334 88699
13574 39075
42225 42838
37540 44272
16974 83085
55020 78868
34210 47114
39278 91170
39765 87933
47132 60657
22310 77964
492 84927
24313 50787
36016 87597
66944 91023
58348 91079
75874 85727
31031 48331
75960 90245
54186 76370
40101 43335
63865 66611
20351 35317
30910 61662
28488 77173
14116 55130
555 74089
24522 61607
20800 21922
60083 61049
26259 90590
36424 45347
78815 88648
55708 91027
48304 89688
23411 34109
57829 59678
45663 57357
54931 63915
41045 66496
70954 78581
6077 65427
7127 63932
13047 64119
8874 69231
22114 58452
12004 49580
39768 64193
39026 61431
6289 65428
10465 49517
68576 69555
31366 52198
3209 17806
30268 49703
58960 65021
5419 57672
25729 49449
40505 57965
1107 68858
39616 61595
31200 63260
13455 52354
10152 38051
17623 49850
47157 88692
36424 64019
14294 44203
19388 35664
5681 77501
2309 6609
31135 56172
15164 51783
24248 63891
2387 55340
17851 38678
45916 81416
72663 76396
72893 78984
20155 88363
53296 86649
1396 80289
36911 39597
45313 91560
16280 66343
9484 46068
14187 86118
19099 52976
50427 73047
2461 53722
14213 87897
39082 48143
70809 87720
76063 87982
22997 61662
4953 12777
16856 42985
64668 65611
27995 47541
28810 65095
21754 62170
51003 69435
54300 82605
3507 57799
1543 87826
12251 23083
33449 78318
49775 62005
39931 47938
19428 26702
9283 45505
66490 71396
58099 91443
25978 79361
5721 7087
35920 81660
7793 54946
27649 74287
51096 64057
16353 56049
247 27588
16192 59621
859 89864
7407 16899
46899 74101
11866 41313
73618 76687
42109 55450
266 48292
27438 52849
30086 87856
21691 28941
22149 25897
9425 32113
12213 48361
3701 74691
23797 75480
10227 48740
14211 55171
84104 88934
12279 71687
23277 62851
61692 65858
21398 83439
40253 85754
8876 85646
20559 87269
13683 87280
11163 85667
31806 86156
1235 9187
47676 79617
8682 49620
8160 13598
19070 85140
19996 56877
30219 32222
4613 84757
18763 81324
38499 85278
39361 60289
49064 66364
23649 47764
34162 63680
5174 52024
14674 33179
33452 70832
7085 35931
17829 37849
25132 89228
11519 56985
48522 71250
7385 45618
3038 54819
84826 86044
88370 90935
17510 37870
26310 29438
5372 32811
69988 80552
37816 66443
59863 72583
18700 66700
11746 43605
5454 71141
26106 49909
21462 90822
32107 77544
29663 52803
10741 48307
58275 76938
12670 36290
43938 65551
34232 70860
33061 67062
2203 60732
597 17072
8128 21924
3649 50913
13409 13831
28052 58886
73326 74910
68704 85823
11772 11792
16297 44572
36429 44457
8750 32164
7792 69805
25565 41861
73562 75095
36152 87136
13385 55434
21549 76437
1307 18315
6196 38512
29198 75798
24532 76820
36192 88003
75320 90239
28903 77921
29695 61381
10832 71351
17995 75861
60382 77365
19118 29153
83114 89662
74122 82932
2374 63612
3724 85027
25820 62649
3700 14412
54817 89118
34197 78010
11370 15134
5908 18310
60206 89091
39998 55802
40301 70029
25130 89864
83319 89825
57876 86432
77339 86439
50816 84583
3103 37300
10756 33965
31706 56465
46412 48815
7745 75109
71684 77220
32291 62008
30498 30536
27258 56286
42160 63799
19488 45766
68334 73343
4688 42653
34545 56992
77224 81573
39374 72508
14202 36587
66061 90041
8900 24511
55017 64338
28543 30926
54364 67023
64221 80461
4199 24102
83959 89107
76556 78510
19731 76207
8759 39933
71344 74324
57002 62014
11807 19559
55815 74682
710 8120
76193 81554
68994 90299
11637 26662
12384 29407
21472 68054
17048 64236
8870 89116
54888 87543
18683 84188
10861 83057
26551 67199
29259 88546
29415 71511
42496 55627
23973 77131
611 6026
31725 37697
65756 77839
43800 57177
40926 56359
42319 45108
12184 58866
8568 34903
11742 39179
30871 86699
20336 22171
35027 42130
160 68092
9910 77054
8365 65706
7913 58814
63864 68168
47474 57984
68623 86211
7534 36926
50975 71225
22864 81891
32379 86896
24401 86855
27563 28607
14318 39058
31630 63565
8704 61780
45703 54124
13938 38638
5524 50076
6609 36041
43 26626
83707 89124
27024 46144
22708 53743
27313 73373
39825 78089
10074 82789
1978 86807
14620 22025
79162 83362
22314 23911
902 60524
30067 56144
12270 77775
44249 80614
13107 80237
71891 74310
75393 87064
23790 28210
7682 23024
26402 55266
68607 80089
15173 91206
36560 48747
80587 82336
73822 77626
10885 34508
27295 62574
62626 70532
47029 64312
33993 39447
72220 73687
49779 56857
55038 88751
5517 82612
20352 29512
14034 45551
50673 88290
33184 78331
51805 67248
45746 74305
42816 82050
11050 13890
19085 34309
23138 52669
15003 28048
13185 32429
27512 75575
69592 90967
58601 86638
18291 23052
19320 73948
50122 54699
3263 47207
9247 26863
11541 23833
25700 84177
8988 13853
36801 59906
60778 70578
6618 9810
17822 44495
28343 45982
43077 84822
4491 26805
40297 79480
16814 61556
34099 52603
54802 63195
52040 70593
5867 51987
24283 50349
20721 83799
35844 37100
41559 64767
37415 41430
2261 60916
47643 65968
50160 85510
5493 33299
11387 89015
67733 88589
26556 65934
32981 35189
9474 38516
44631 90529
12559 54420
6985 24099
63564 85782
52238 60337
34801 76836
58189 82955
26132 27188
12770 62685
6944 69288
44436 61245
20091 48376
4522 74857
11726 56596
18900 80433
55048 77728
28463 28578
35086 52049
67543 82152
40331 62108
43018 67690
50396 55897
37553 57143
31053 84368
36456 45172
12729 63935
10328 75920
36378 63656
67544 88404
43413 75159
12747 30138
2957 18489
29193 83133
3321 55174
50254 76335
53512 77741
29910 58902
70179 70614
4611 61234
12064 69531
4123 13625
71982 88651
12232 75072
43018 88064
74570 79000
84183 85132
5695 75256
10282 15040
5166 71700
22386 64079
26117 29216
28397 87539
64994 71561
32422 88262
353 66370
10086 69967
26593 71908
2175 16724
34047 72157
26627 28023
8368 77020
24714 73874
6480 69347
15028 49103
43450 80295
13067 22042
156 8115
19890 49487
52147 57032
27093 72173
79625 82133
62902 84885
23109 70305
22552 73256
53265 59360
60601 62926
22945 37361
2314 20963
18433 21706
65393 66954
12084 21541
53025 60688
74104 80365
54704 90698
64500 88220
709 85096
56954 74185
37754 57843
38889 49985
38621 77452
24406 27047
82710 87290
61730 67535
20822 69240
12346 16591
13739 64555
44050 45864
25500 68244
57880 91524
37878 71505
83504 91418
15086 90176
17459 35875
44786 59390
1664 7425
108 71361
62214 72344
32297 50973
68614 76837
35481 69810
47736 74328
4523 64920
9200 34844
31262 72370
9691 28475
49197 70357
48041 86159
848 90734
76252 81384
22205 72396
68551 74597
42878 70773
51514 82930
61516 66572
45910 77868
42097 58190
72365 82068
6978 71076
74113 81497
53289 63902
52527 57180
18347 87593
30104 84184
12003 40828
28072 60473
67350 79103
39133 83186
71532 79742
37618 85819
14066 43541
23320 70629
18092 45874
12059 17898
35364 41602
51289 77325
12367 36363
12469 31008
75106 76555
40057 46707
11604 39022
12691 87822
9367 58312
7931 74957
9774 40407
4051 32832
7243 76327
7547 11707
334 70334
622 53239
47951 71820
25756 59782
38850 77719
21440 30673
5527 41320
55964 73641
51366 62989
44508 60859
5283 25379
37764 69090
23203 82497
9191 70215
66156 85886
21135 60233
57228 88627
64365 80506
28423 37281
23567 86994
2351 13459
42269 66691
45178 60516
7156 44006
8213 62322
49427 67358
25713 52925
32742 36012
23956 89848
3359 44832
40471 67789
7264 35370
17897 64570
8916 22784
9718 51454
31254 67338
15381 46251
20051 49980
25722 46756
35073 87245
5844 70674
23648 36538
36961 57092
3555 12513
2394 27851
23543 49323
3719 21017
17702 19701
40644 60362
43287 62059
928 77249
1650 45443
24735 40395
38985 74552
43355 62871
69784 84484
14911 45051
66572 90191
57870 91149
18784 74459
4161 26041
5407 45731
8682 66407
21797 64729
23691 84072
14166 60202
71807 73271
5913 39092
4983 8001
64443 64836
17733 33377
32034 75905
59612 71210
9378 12448
17619 61438
37357 40038
49814 58222
28349 49755
32421 40603
8243 69145
46508 70186
14178 20525
17600 38403
7300 44536
13148 46838
2369 72331
8774 77540
997 12169
6479 27760
30942 59519
2648 84695
33546 76277
3087 85469
21716 59724
38847 67538
13162 72284
3195 24300
51441 63052
43747 51697
50534 66979
8558 55112
29430 34079
71738 78800
16559 32047
10171 18989
35600 35760
23759 52988
40438 47192
27156 34188
365 23478
29149 78721
34770 55931
3117 39145
12426 24051
32372 54896
21819 50858
45528 81465
28859 90271
16735 53417
65422 85919
82917 91619
30228 45407
28870 79016
14135 58102
41238 74264
9753 77759
41242 62410
25704 77429
49951 56466
46885 55036
47567 62262
26940 56366
12274 82549
26755 63859
55346 84903
9672 66212
7955 80099
26636 54303
13594 56395
19726 74641
12461 75573
26752 59457
37181 63345
14311 36142
81996 88624
35210 40883
50308 79768
44028 54788
34622 78077
21726 50362
20230 90613
40928 61265
33079 89301
59970 81412
27725 88381
564 66415
18046 24007
1409 19969
47113 47646
12787 48668
29827 89193
28267 54749
83122 84312
25250 80049
79863 80065
50229 85597
9716 74553
40605 89079
37969 62322
65334 87662
11388 46911
49763 71159
19176 57478
13245 20856
18866 51371
22723 57835
54107 55404
37052 65128
8414 85787
48516 64550
45460 64382
47892 76831
41069 50356
64037 79598
45968 55578
17870 87476
82922 86741
24493 64120
2788 14437
48581 85808
47092 62693
2192 79919
15654 32514
52884 88323
2066 55225
17842 85332
36138 73837
61813 74099
62553 82368
8065 83137
16892 17582
6244 74819
2783 7520
72975 76884
29720 48812
59553 73959
70155 75795
34272 47725
2844 27377
22404 58423
20776 57776
65644 74025
21830 83036
34965 42356
17013 82089
49628 84088
62309 80057
59284 89197
19333 23155
26557 79716
20882 64147
3601 11858
27272 80593
2686 53424
28335 89211
17682 41075
7891 41915
16534 29487
707 88383
11395 89778
5653 89919
50055 82261
18434 37953
55556 67646
1506 46529
28417 71598
50423 72736
32584 58132
12752 35214
46598 79885
26971 79210
28570 54656
1773 39091
14229 41115
4728 51819
1379 1843
3107 64261
62057 86226
32031 43455
62268 80618
80400 80478
43478 74223
34589 76678
14109 70789
43566 73460
18037 37884
53941 82097
62511 90084
7380 7759
61095 76160
62253 82213
135 11189
47413 56077
3736 78015
21022 30770
28115 35144
58126 73335
26519 60396
40839 70170
59960 78572
82253 87645
18973 40455
48809 61873
63073 67905
37078 55525
9470 86429
3280 10614
25502 45845
23117 78015
6714 89417
45457 55364
14605 30243
19991 29182
2442 84694
51549 72949
2076 3274
62413 72130
43758 76367
56409 78996
13255 27562
40028 53950
10809 60117
23239 67953
3077 12738
44998 51724
61011 76217
35183 50357
35031 41621
79490 81208
6358 76520
4953 46767
34358 72325
9330 13246
15662 33210
39697 44411
53313 83905
64238 70404
66107 75877
758 29773
13428 68696
9312 67722
10355 87332
23072 89188
64886 85799
2524 40608
32347 76391
8297 68609
3997 22162
12616 47476
85457 87803
24535 68082
8399 53093
52692 77679
35492 90982
15970 64145
2367 13704
45876 75252
6548 68249
25547 75758
4935 7046
44522 51260
31693 48555
9129 78910
27124 41768
20622 43462
28831 79540
63185 90897
45402 47701
1064 88010
85603 88632
16798 72266
4223 45415
59702 79162
5434 55243
35991 90671
8315 78774
27242 60477
54960 72891
65769 70778
38711 55886
26809 59933
5705 27616
4448 41279
14612 81392
33320 43990
44959 55780
80153 85715
60747 81136
6781 56071
47918 90458
45455 53454
29608 55653
17412 25666
40002 55022
23973 56099
24477 25723
56937 77670
46828 71171
1104 55666
38534 87522
22804 89616
15353 82664
49884 80430
574 34114
10915 38346
59367 62586
20347 36897
18507 31264
5981 33866
6057 22150
12370 18743
66286 84922
57829 79684
2761 36093
64961 76437
25719 31250
48929 78117
7226 55656
40200 41858
17253 73457
27166 85947
11464 33082
38982 73472
46929 86007
60135 89939
4633 75199
450 76936
12671 12910
53358 74520
3532 6368
16765 24039
26405 48705
38858 40745
3294 3968
39595 65110
18696 60997
17156 40372
62502 85399
21352 31396
32523 52165
41283 90269
35740 71893
50507 51031
29917 31797
9705 17321
28802 49673
24899 87187
68086 89604
24409 73316
6213 91664
29407 68443
32721 57157
6879 28298
8193 26858
42067 48735
12256 30320
1085 4753
83559 84726
84899 87638
17870 38199
12852 90569
4869 68838
3852 14247
14697 23166
79680 88148
35227 78696
19627 73734
34404 46662
55650 80030
4521 57991
1626 57147
2864 78466
79025 83660
80065 87936
43237 52292
695 81599
77919 86448
73291 78550
7269 27804
10998 71629
2918 5906
41874 58963
48454 55010
19362 49726
9712 35527
23669 40706
11434 77487
48338 63572
3990 43550
61292 67402
38274 50549
6542 47043
24678 25215
56173 79443
6910 85036
33152 37973
68630 84978
29328 45994
19357 85511
14545 60158
63073 69478
7680 13350
35543 68166
1387 73978
38530 43618
10156 24065
5774 49540
31001 51157
16215 47829
49317 61339
6479 68876
40895 60306
45461 87883
16799 38247
23911 62205
31477 43311
6087 22728
12755 32553
17177 60399
11938 13418
52059 59042
44653 49216
36802 91427
10540 80222
14421 18835
63704 83241
9805 68103
14044 53108
3673 11252
12785 55531
11031 89220
32679 34476
22455 63618
9655 21709
16311 29015
5121 6782
73053 83921
2932 6408
73151 82606
49499 61322
5531 80737
16064 71644
29612 37117
20130 84517
19219 90260
34467 40517
18954 81930
24393 42774
70297 82781
16270 20357
3453 86960
3942 84841
46570 47347
21483 24548
21295 48414
31509 90686
12694 63674
39255 39265
7519 86616
18781 43027
14391 76289
13822 48971
12401 82183
13022 89299
12228 24338
467 30719
37278 62142
56249 78187
46446 91266
10589 26542
13853 77102
34180 35784
35664 56609
35077 77816
7067 32061
27289 29106
81050 83135
31403 55773
36731 70833
46450 72024
71913 86368
39259 91373
2806 52224
2634 90747
33656 47726
1261 10048
39540 50348
49036 75913
35112 54490
19353 42380
48368 51391
81396 91436
38451 41607
28746 81049
34706 76569
43902 70936
435 78318
30378 87320
14318 63714
4457 46373
23289 53893
6777 33160
62336 78170
44058 89973
82066 88364
2825 12204
24003 86049
31419 40361
18189 58611
39336 81954
67899 85545
22639 54075
16873 53606
6917 17035
8640 77979
15990 36114
23850 26865
26250 90443
42500 67278
35235 71006
16560 52607
4630 48836
6076 39951
41478 87953
2940 79170
63776 81831
49681 51083
29902 70808
30927 33685
12771 35445
2319 86337
35566 43361
36265 71241
50814 91457
1184 51562
12591 82036
38378 79475
56759 81032
5053 17969
24394 27511
70442 87101
33705 48546
29247 83212
18414 82335
16125 68990
26353 40061
86175 88115
51376 57651
17041 43855
34544 55322
11272 74642
65684 89450
22390 89600
26738 35686
48395 52595
35621 83559
9924 49559
46722 78008
22356 52119
23701 66236
64735 83946
39074 52217
52260 62969
44316 67318
79345 80599
29110 61229
7828 89511
27605 41808
50788 76474
68004 84690
17849 43192
2751 32511
18603 33263
10866 78212
49576 66085
17549 44065
33533 70579
48481 82996
73449 73932
84452 89807
20077 70017
56505 75221
16468 49954
13411 57094
13230 90436
32206 90660
61137 67466
15749 52694
13574 50888
9394 60659
13969 35349
60486 75093
46551 87055
49372 72164
4905 9082
77832 80617
16964 21108
29214 81974
42700 68827
703 34122
32260 55905
13525 21626
4613 27111
9284 59083
2336 15651
4225 34090
61901 79206
14956 61770
63098 78718
49996 81052
30701 49291
13546 19005
23755 58397
17869 20186
32619 55872
23769 51567
3951 46220
47137 65712
15502 32147
72113 78218
67857 85882
55795 90060
50301 79836
69518 73812
22652 90056
46358 77559
54857 81917
17212 58105
16165 45056
16959 91512
46693 61036
44995 88438
61686 78124
5831 64003
28439 90451
27654 81347
31587 72530
2539 85776
51820 54973
7540 58110
61132 89116
18976 48915
51593 66696
14186 86622
85612 85685
21021 38964
56613 73966
1753 17037
946 86664
39832 83994
14935 48869
66028 76350
44167 58675
27644 52845
66721 78865
11499 65039
43887 56562
11670 12448
40149 58707
6173 85389
24166 32986
32395 51614
28991 30218
18837 47200
39972 80035
57031 58714
43647 59995
15042 59724
33579 80351
44385 88137
45835 75204
4184 40292
44508 63384
742 80010
225 22983
4277 25324
37707 77417
19246 60376
46115 59590
61922 64793
48751 61903
16247 21803
2262 34981
26100 34756
17010 33911
15095 74070
25626 81522
49808 63563
51666 66982
1841 44209
7262 86043
5539 68218
61979 88623
1543 77986
54209 69247
67651 73713
28380 51635
13192 57557
1868 37334
41265 66185
57174 68184
13705 85971
1626 31775
7284 8239
22460 44541
72830 80833
66301 87732
7325 32237
570 45187
52041 65728
34219 51333
39242 65117
59227 87279
9643 80881
7967 64800
71196 87588
4486 86183
47668 56922
44087 55089
75070 88571
53052 67278
3431 39137
48235 73973
9592 34750
977 39035
4054 20842
21059 26206
41281 87805
7050 8090
12421 15673
3968 43818
46315 84093
18976 73859
17683 65572
2213 49285
75154 88076
11821 20605
21365 58615
35178 76781
41026 62844
24107 47365
2465 19316
38300 43646
43087 44578
28716 57147
37430 70004
54200 68414
54656 62421
33879 82976
68846 90381
69143 75849
19337 33226
32828 89118
31846 90684
5577 67243
22554 42045
32848 86677
35149 72833
16104 43626
9429 53873
36677 62323
38350 83381
53938 59729
40556 80186
23763 59038
34902 86435
340 85417
46555 52539
6626 47204
24278 86771
14197 59188
45218 46208
50933 71083
68367 68425
26630 61819
51552 63587
82695 90075
25158 80385
10093 44790
8057 39019
3929 61322
2597 8408
8845 73014
84216 87040
38724 59966
41450 75264
8892 46175
18062 82583
430 87660
14282 26832
28687 69645
38525 84304
2020 36041
14631 22352
51540 66366
69894 78777
8252 64989
37973 52493
15906 39277
60754 90416
44825 90076
4399 75644
45225 47409
6444 21323
6112 45603
25120 53122
51260 78463
6816 85226
28285 39811
65437 86662
39672 43817
10184 34469
6603 55773
54995 67702
27387 54581
6987 28726
49897 74267
38575 64688
25072 58111
60785 67374
26609 39884
45441 52212
59566 73648
69547 88154
18238 74009
27351 55206
30752 59010
58511 77368
64186 64426
9678 75744
46337 69169
16672 70143
49565 56214
3501 80945
44528 89637
10149 40651
38906 44334
2366 3310
13144 22538
22073 76603
34260 35720
28840 69574
57810 66330
65488 71080
36828 63569
17473 51993
2209 2775
2490 17116
49157 63066
38283 81839
16649 83453
8164 91379
41707 83775
58444 65816
49991 54575
18727 87688
16318 53635
70926 76643
46850 62663
38393 60677
41337 48188
9611 50384
3693 73753
27222 88629
58218 61513
19209 44233
52536 85775
50515 53176
25783 34265
476 5278
60195 81569
9009 91471
2105 88838
58588 59408
17346 75697
27884 27968
42058 51304
43439 64196
38074 81262
35245 61457
47917 63446
16809 31785
65338 73342
9697 19356
50385 66501
42987 82820
20489 85319
22530 51206
22634 78232
49858 79932
49131 78947
13297 76710
3301 46649
17627 47819
40998 51499
15614 73051
2632 19694
35634 85189
12181 36322
3587 27600
58329 82822
38393 41120
5532 71794
20684 38354
972 80771
5618 79739
23534 52388
38666 45398
74945 80194
13040 47362
26769 91583
65858 88304
7018 15997
14895 79705
56322 64036
3162 71046
52705 65075
39462 57940
23869 26383
23694 60464
5978 46858
31170 73040
17809 21940
44372 78825
3799 5850
26278 78499
41779 53557
31766 45980
74149 75462
14082 24684
49466 49743
37777 52985
46581 74542
60236 68474
31124 32558
31043 76018
12549 85321
12844 44084
1849 50101
1393 13006
40501 60023
64593 81304
36234 83502
2343 35668
767 42387
43250 45641
4373 12152
34971 81885
40299 44403
27632 71135
67776 87965
78159 88269
14073 87399
14460 52226
48797 74197
78925 85366
24128 68657
75310 91208
27319 40216
19143 54359
498 58193
63526 69175
38495 63183
34231 67983
10388 13418
6713 25118
16884 87112
11510 67595
23878 38089
38936 88409
25780 63858
57356 90072
57406 85430
41692 79857
39888 58728
18920 73245
19973 25164
21388 32682
30006 81368
17412 88748
6625 77455
68995 81005
24841 66356
4219 11550
7899 30350
71298 85138
49848 70531
53669 87301
3637 81162
23345 79519
29206 43091
61287 77364
13362 70786
13917 21934
16403 44436
26155 84003
6128 30882
37036 78935
9653 16603
4055 10311
67752 78698
9384 79251
12505 42789
4395 7055
83655 87723
16150 74293
2194 87454
62102 86722
58366 60092
64772 87989
53310 57792
54801 56415
3571 39126
26462 28513
80491 90339
19061 61655
19048 63487
43604 83698
47873 61248
83416 84703
17862 25753
12411 62421
38326 81347
4651 76111
19308 52324
34979 35594
10118 74153
23386 26278
44377 54320
34523 75538
57056 75775
23914 90284
74084 82254
49367 89644
56214 77784
17467 65455
32638 39399
53334 91024
46837 91255
28484 48934
41237 59142
31568 82167
5329 17748
20973 90156
62849 71994
15556 23377
6740 13058
46725 57725
8465 9651
20148 33450
331 87445
6922 67772
60636 81263
63831 82855
40418 71774
65727 84940
8926 61406
31304 67039
56919 90956
33804 53853
10490 49586
1462 37970
3970 45315
49171 76179
3858 24725
67712 88934
28570 54006
19463 27551
49622 79527
35357 59115
35117 65103
15095 58515
14391 31146
11874 55437
37060 75351
30151 89061
11845 90731
28164 64350
35858 45000
18131 78582
2724 12000
47826 55091
1556 39368
18618 77736
1715 78041
25915 88312
43723 55919
19285 66790
7300 89621
37014 85265
31444 91658
31465 83923
18973 37747
53086 61660
40741 84624
16212 62254
12663 38291
4263 88451
12268 57744
19352 59195
32155 39098
34615 88465
48717 90766
15418 74901
30256 76069
5314 90107
6379 90066
15751 42769
32119 68811
2172 26464
25803 38787
36265 45654
7360 52383
9774 10603
16721 57119
63484 64470
10383 13830
20978 64125
49277 84105
18744 50047
41092 59982
59928 87140
12259 29258
16629 58683
48733 76205
33950 86842
29434 37444
17635 69087
20821 37296
50029 80877
31500 49733
2281 4353
33302 85974
7969 10158
22311 72113
945 79679
40209 46228
9711 46227
27375 66345
6628 73107
13898 28990
13778 27488
7492 36977
24752 79343
49954 76650
84491 85855
22477 32447
34171 82247
12780 81771
52909 76746
68553 80382
8790 37172
28649 70419
62793 64842
21059 63098
4636 12073
5361 17608
1216 44775
27752 91649
47765 89716
44842 52375
66456 73859
76756 81180
2955 21539
19161 57297
7261 87184
22771 48087
32692 46410
41296 69901
6602 21486
6195 54817
40910 75316
57691 77512
72306 82936
27726 89482
68274 76798
41591 83434
36495 41435
5112 30564
9635 66857
23787 78539
24937 78249
12360 85924
50987 78322
37516 68315
21139 29073
72116 91424
92 43690
33322 46965
19282 26063
30938 63451
20843 54268
20828 61909
20899 87907
9896 34942
28696 56719
19194 20768
31494 55170
2682 77025
54502 60306
37046 53732
25259 32641
55840 56156
1105 80140
83978 87401
75223 78147
21508 78436
18705 37024
12876 16609
60715 66400
46659 77358
54548 85750
11077 72807
61325 84401
5441 53474
3932 20159
1730 64245
18 57603
29046 47973
25413 69454
83348 89925
43857 54639
22999 88997
74102 82807
27039 58375
939 91096
2814 30930
69208 80141
9946 64671
37344 53866
9530 22140
74104 78802
25341 33478
29047 86374
57138 85720
25370 81470
7972 10501
14006 37886
73535 77302
4729 37013
62081 83171
81368 89794
2931 4049
11712 23623
16829 53576
57157 82587
16158 55035
62735 91172
48109 81555
80119 91273
66285 74283
56906 84148
1933 39309
11615 55650
15148 58766
18324 24591
18365 24303
33098 77464
15034 32403
6769 46494
2959 59292
15601 58043
26955 86097
5192 90962
54663 57018
8781 54915
13542 47885
49734 85312
5914 55641
80516 84412
45094 50855
29323 41304
3736 9988
1489 4154
14889 85698
47921 58555
4978 22999
25890 78554
61476 69240
19500 71650
46821 68087
65312 76948
12146 79966
16436 39704
23507 59975
55110 79628
14753 36650
31834 44979
37681 82350
28227 91496
45549 68880
18534 87612
20959 28958
4805 68555
12725 39489
27392 27461
32382 53206
35385 88543
20753 82376
3577 50796
20754 69851
54122 63700
521 16550
28120 78999
55742 60677
11695 47659
30525 55392
74718 86275
57660 82985
2703 38253
70484 90129
66808 67170
44790 83960
911 8607
64566 67968
14085 36631
54161 84687
19085 20315
21061 42413
25525 65896
23106 81754
20058 64814
70099 70368
28727 63182
48408 53326
49522 62468
8180 46850
48289 75475
3106 48223
33247 47901
44761 57037
23952 37390
10121 34449
4784 13933
46817 89377
30728 55002
37941 54803
60134 62210
34453 68573
2660 12148
14467 63396
12932 47721
51349 63126
52550 64012
31118 65219
61490 79454
19138 23644
68462 88249
39576 53304
27268 82218
51721 66928
9007 29923
68543 83264
74354 80324
33221 75582
68874 82629
47184 53536
13520 48184
7915 66947
7364 19708
6130 60310
45046 75212
46752 66600
5257 16814
61281 86592
49960 87246
62118 83648
33625 40205
16939 61456
49628 85293
27718 75606
9284 52399
10039 88438
30462 40752
55401 57631
37665 78141
4541 88510
8699 63959
42098 73177
52741 88620
36294 74970
36249 51314
23339 34516
19671 37914
53610 85778
15551 82291
88 13131
12464 64278
1922 49492
24339 88797
13496 23200
31443 67762
52474 65575
41464 86027
12774 22849
49298 81499
59979 73551
13684 90780
55231 87576
42993 57223
38577 41037
43025 54986
15003 56290
7068 61547
46124 80135
36035 77841
952 86825
46996 60713
11085 28591
27664 45224
45941 57346
32631 35675
21828 27999
55342 58935
22310 34867
30638 81534
19216 54008
72092 79860
33992 56520
13669 89213
64105 66399
17924 65656
45378 90395
76527 79642
10722 51479
40894 79510
27169 66209
1006 64592
52322 63383
66181 77989
11827 20798
33092 41238
44145 49457
56534 73904
37208 84507
18450 87337
883 51213
45528 55161
34808 68718
54202 58015
49303 66339
7153 61364
18098 42815
6587 90548
11725 47163
2579 47928
9394 16090
73453 87919
37556 84702
55512 60549
21817 56501
40176 80071
20308 70870
74346 87388
53605 56273
14899 55506
42748 63072
22769 30072
53459 71826
8564 79812
75592 91077
27509 70664
15972 74194
61024 67243
49032 80933
9721 13094
40126 59286
43214 43482
12000 49818
37028 49625
21106 22619
46553 68584
15277 38136
2140 20710
52178 81581
29657 57381
49195 50261
54238 56962
16036 82269
35618 39920
15161 62888
38513 78486
12214 20255
32246 63294
40992 76663
36828 50026
36569 45063
22094 77690
68816 90581
27160 33142
69433 81260
63607 73989
56115 78791
19104 20337
2482 24661
17591 29808
33068 70982
33661 37892
12781 35157
56289 57205
18340 57594
28983 54925
45112 87012
29858 82349
52364 57585
30505 63143
41144 71921
27137 73440
44147 84185
60267 65324
6062 12307
3045 13617
81551 83064
35134 38079
32288 72517
5136 46348
36223 44809
38883 42066
2008 43154
762 18687
19692 46674
10777 22115
12830 66261
40366 55301
52076 87665
11263 80493
26076 49374
15180 36467
14428 19060
27714 74141
2315 74801
27814 63606
8257 84327
42685 80665
52333 58561
9932 29611
12001 70681
70984 79208
23277 38654
12555 85920
83971 89732
69207 71008
26170 28563
11166 31008
65995 74410
80370 90670
29375 41278
14858 33751
23265 82317
81594 82953
11208 54720
48762 64284
26748 31408
5815 82732
10154 88861
14453 24244
9123 72090
38908 72788
44728 75038
32924 85704
53005 74616
44296 55320
18746 60378
25785 82153
51823 88981
229 84002
34874 86853
58107 61833
9994 39134
25705 63433
19967 25099
16285 71482
50893 85994
50832 52758
8252 13892
77725 80664
34583 39028
27239 39585
4489 48579
34232 81866
41103 69992
13840 60322
41807 55968
7708 80401
73292 89334
17494 60565
59587 86995
27528 39291
2397 63458
55127 68926
13979 57920
49260 59171
21339 33682
47984 58595
40682 68019
32730 68875
5119 89649
33349 75685
16586 53104
12077 33468
24085 32827
36321 64024
28531 86181
71325 76893
30127 77820
6586 11534
11757 56283
17375 58824
30669 76717
22618 89471
4028 62875
16480 25487
26365 88695
3691 80671
61886 74912
4264 65371
3317 3796
1247 38299
12298 31744
13340 75488
7473 37077
9923 15447
57057 79712
3880 58304
15386 50501
80714 81353
33839 53699
13905 49882
1502 46011
65522 90885
81828 84318
24216 35148
6474 24177
30448 73525
22502 40253
14567 64051
6539 24658
55278 86091
16309 37722
46456 81630
26722 59264
82361 88553
6262 9537
13493 14387
14884 73088
54142 60586
40964 69347
12949 39356
25859 79193
42243 70507
68005 71673
30694 60359
8237 67786
46016 68745
36080 61218
19762 69020
1615 7907
20813 88396
85386 87088
43402 74608
22821 50992
6828 31339
14372 34995
11987 55278
19505 41867
2815 41630
13948 25492
65650 74449
565 11096
39142 83255
41084 74814
20951 36166
2135 63660
23957 83399
32558 77924
30441 66632
46002 89544
67681 74631
62405 91379
32613 59786
8536 14448
60641 73863
61854 77647
3539 90547
43837 89376
38992 79729
54732 66220
70692 76869
40654 76665
6955 80438
20674 61647
11400 78077
13391 65997
89393 91588
70154 85642
44225 58298
10515 74876
83852 89870
30859 45535
19068 80774
77956 88372
22240 33313
37479 81849
42527 78921
4599 56245
22853 68884
4995 45332
17460 40238
47662 77867
5821 17281
35810 38431
28112 57488
21481 63536
32022 60422
13100 26708
19295 73089
25965 71436
8641 31072
6083 51618
18200 64432
68170 88657
28872 68693
44103 85123
953 20761
62332 70937
84618 85981
14995 85333
46657 83996
39916 69050
18743 27468
40987 76261
52485 53686
23654 47871
30719 61238
42029 48570
44962 79614
25743 42158
11491 57711
15423 85612
53734 78347
51810 86714
35912 73193
13631 54454
13352 28479
23739 63229
9739 69960
39255 91210
10676 41950
5122 76926
411 38777
36834 91442
1770 68171
12547 52857
32108 54246
21207 50193
33749 70166
36608 44244
64054 88938
12126 38214
33421 61043
40898 50467
18041 66793
9792 32352
69581 91559
48485 62134
22324 88104
72784 91266
32992 48909
36177 39982
36414 79726
43444 66256
68921 83122
22881 81709
34304 40421
3131 53270
8474 45274
44610 59732
56832 86362
1223 14655
25968 28854
17987 19366
45705 67979
65635 75599
73007 87330
25049 77620
3703 36631
2810 14834
4216 59152
33202 63609
45484 73716
7338 33794
14392 74572
48522 62899
73161 76263
15500 76323
43971 73071
24340 48637
17350 76064
7497 17931
72461 84792
47807 52702
41279 63788
7408 29925
18502 38969
21568 43165
6818 17394
86210 89496
24096 35832
64126 67715
3871 47954
47480 65045
59728 71570
66320 86710
18740 86613
23543 25385
22181 50680
73003 76985
5651 15878
42428 45391
15784 82263
7439 83551
69955 75458
24043 86508
76713 83747
10524 70837
10121 57964
15000 81989
53188 54846
2607 74158
26911 64805
60789 85437
14682 45005
2310 87587
50418 87798
7217 48860
9811 58983
35391 71229
47930 69336
54507 80864
65259 90354
39727 74216
3405 27198
39015 39656
35486 46287
22900 69762
27477 29712
38570 47480
37998 44436
11104 56459
74790 76439
22915 49561
1013 82927
23754 63719
16974 25023
21413 77797
25667 64838
62272 68695
53995 74478
34628 59368
60341 60393
62131 65289
11077 22100
17679 20933
65126 84594
22516 91295
26855 33760
19840 50729
7677 84623
2424 5824
64019 80329
49964 73746
85755 90396
51725 60737
30551 35391
8997 65293
61833 70729
21530 67394
14529 59960
2437 76264
25510 79768
57134 64560
77912 90082
10248 76275
38199 57566
78321 87585
1765 64464
29575 41880
27088 50391
74583 77061
59586 86213
20547 44849
46733 63912
11251 59858
15976 35500
8579 43035
71038 76923
34480 69085
37086 48448
38196 44916
40599 69852
57487 82040
13593 89862
743 14590
10532 31587
36880 88121
18372 51625
15033 88124
1393 46449
58012 81972
65381 87558
6661 13614
34563 51296
17729 69668
49417 85006
24102 77677
15399 38022
67986 79335
47333 77549
2222 52690
8837 19485
9679 89736
1735 17698
21390 63471
8875 47919
67553 85875
25279 87859
11464 49680
28678 43708
23782 73885
6475 10598
23616 27958
29500 78152
20577 55627
71807 83609
31702 75894
46665 78209
21159 51119
4689 38049
8333 56062
16229 20223
38425 38465
5291 40004
4821 76868
31338 67224
56659 74240
35625 84823
9677 85450
36468 87985
13510 67076
4066 40556
10755 25304
69573 74373
67242 90276
71959 78692
81764 83000
10635 28365
17678 88660
6949 61301
39022 67561
4544 61597
29420 69797
57712 75959
54059 80536
12636 77453
17612 40342
66096 90287
38966 68902
24102 54223
37541 46521
22224 89773
14784 23683
48014 63940
53653 65946
37141 39620
7606 15646
22722 35880
19816 44738
37447 56046
71577 81550
53944 67480
57090 90644
47398 91584
32316 38399
31791 41163
28658 77701
20377 67229
58919 60639
45726 78026
4071 59086
27660 78623
13121 63141
15796 54524
33522 69435
35648 57529
47687 79988
26038 63278
24533 81043
11642 87343
24995 28980
15608 41748
46763 58333
10406 68641
8433 80037
58493 82074
19496 79347
21668 63719
18762 74475
31003 46938
5088 57988
3114 67898
23242 35817
14969 45847
55047 83144
1135 81545
62426 62473
21698 73276
40735 77162
19275 88808
4912 85249
61192 81609
22348 54446
22357 54174
71818 91630
33512 45028
6289 85227
48967 80114
15740 29323
36870 40797
15596 33500
381 48246
44274 55554
1985 81253
11585 29872
6770 72144
11897 68716
78750 80828
65318 84916
45413 64427
36731 78082
15115 71101
36388 59276
9334 85632
46205 54045
2256 60478
48834 62329
15784 44594
13573 70884
35803 64215
36483 38224
33684 84962
13569 13945
21876 59252
19796 58773
27960 88652
1021 20087
14440 18993
62459 73111
25819 54620
38881 41159
1666 51044
1854 67589
35256 66351
30155 73250
2012 74877
37349 46884
23315 67620
74448 79630
19495 38115
36670 38142
60132 69852
31463 34104
2102 14220
48286 90459
28548 68481
18421 46032
41557 83470
52318 78701
9970 78807
10924 42379
21052 72234
38748 67640
13461 25991
30713 34911
8191 85841
75657 85479
2414 54320
16059 29409
27863 58379
9478 36511
2406 9475
22818 34611
7579 16665
1180 29094
53035 55331
11945 24731
31948 56055
601 37628
2986 42008
30245 50289
44292 48473
16372 36961
2766 30236
7284 70030
897 84710
12257 86960
46941 78776
1404 25407
60518 63592
14622 15320
65189 70373
39400 75075
53559 63348
65291 80190
24521 60699
18614 56537
10508 82819
167 9367
29931 84417
9532 19289
34578 59227
14121 29865
28 44953
3543 21818
53574 65899
17366 79716
26584 54556
3588 65151
74307 81293
36121 88954
46410 48395
52565 84031
16439 84558
17245 20550
44647 84516
12400 53566
38345 79900
15148 74337
6054 25895
10414 35612
51626 57046
12707 20872
28775 43807
23836 34508
13287 45282
67324 74311
20416 84389
72849 79720
57369 78654
72486 83158
5308 52371
60935 74448
74382 86889
64634 83050
38327 70218
16324 66993
37381 68449
12141 23140
22485 91628
57773 90226
41092 76398
3340 31410
73289 82397
61202 75830
10974 21725
31955 42452
81334 90664
36239 41908
19937 64147
3435 50971
683 51143
42176 80979
50280 66038
60054 67603
20260 34556
11034 75130
77349 87641
46740 83927
7401 77782
60878 64858
36942 48731
21779 48030
28133 64598
19387 59494
8927 57151
26652 27690
12646 91393
56534 75028
5753 10916
6572 59207
35681 74510
6887 65914
5222 11760
86667 89357
1343 18213
4511 87604
21523 50107
4881 42079
68038 84413
56568 59072
41352 43481
21999 49618
16222 32853
3534 39501
26134 82820
61663 68778
3914 40255
10763 23758
58442 80318
61158 81977
6033 16662
10341 45358
51755 76677
21210 47956
33036 74921
52867 81648
15094 77989
42906 75020
24067 86340
17313 89082
16758 91273
63677 75607
65473 86644
32622 57589
55428 77059
12432 89676
68573 73622
76835 82046
3444 56850
65537 80069
5995 6091
2635 91206
61573 71846
20919 25201
19849 47139
39825 80988
48266 68227
46624 75868
30727 31916
38308 82160
51456 66900
5879 53646
43381 79577
44110 44948
10098 59401
992 32028
45292 70024
36489 74323
2175 39464
20693 75305
74507 83782
50937 86068
60482 82441
293 1085
28025 68761
35272 46803
4180 32994
10767 33100
25254 88928
9529 52704
3353 47109
30837 40802
49848 67483
30485 58092
37818 84127
7928 45955
19270 26132
56615 80735
65540 84200
47328 70976
66365 68719
2048 81089
22893 78040
1761 73188
62616 79417
62282 70262
46249 58314
5165 15478
78540 85171
55465 69466
14389 42544
22487 86043
73497 88587
3757 44849
10583 73885
36193 53731
60912 67903
70866 78855
63979 69017
24383 39485
7167 54145
24225 29813
51769 66387
6630 86694
6576 25578
7833 57311
81863 84813
23787 72576
17336 62609
11599 67471
25329 59400
43624 89157
50986 72228
16085 64651
49667 60818
82989 86519
16338 61923
12436 14283
25109 26154
35098 79031
32577 67254
62679 67829
22813 65663
21192 22560
13511 35554
59778 82487
42902 61206
300 14394
75857 88278
44725 81418
40808 46837
63042 79954
14019 39754
30234 68237
17990 78314
24068 77798
11509 54599
67033 67565
16046 16120
25415 49193
17881 40296
58528 91676
2795 15067
37995 86268
20551 31521
42793 50126
56783 63737
31070 91178
18234 32727
25066 36965
14830 35984
11972 17664
18947 78927
52060 88701
3364 80250
48373 83507
69375 87317
30679 91382
16842 61002
15722 66896
48286 57740
20488 28357
60786 75860
45409 62974
15464 80165
26515 41632
9661 47179
39202 52503
59540 69875
24719 40820
1869 19003
24852 86509
13460 25690
10878 48168
42898 74138
20465 57143
10328 77327
23348 88823
39107 55643
31927 67015
17842 20597
68972 84812
8198 40435
71437 85978
14692 24899
39873 81591
33272 85397
17901 18181
7498 69037
25144 37232
28180 38141
44336 55779
16132 45561
52378 86999
56557 66993
8920 39604
45894 90867
11154 35202
59982 72673
54784 68520
29954 31936
6233 70660
22875 36190
49175 71677
28237 33430
52008 88298
36008 68969
8639 17667
56292 87571
7710 10036
19095 43074
29934 54430
20355 43072
22567 34224
31165 61532
74444 78762
40079 48620
6404 51962
42815 52952
8513 35115
64386 78939
5547 65410
14989 84205
39693 61266
69211 72526
62816 65721
45519 79887
15832 38373
76432 84889
32718 60859
58883 60332
34877 63000
66392 89173
22241 30886
11977 17971
20474 70930
32876 89794
701 68164
35891 78060
41662 85680
190 58133
14279 38397
78215 85340
8899 77649
5018 56082
39439 43130
64094 90021
23248 35692
69036 81770
27635 79618
14155 16032
39296 72164
58054 87392
35899 66790
39241 77958
60816 90737
33739 41620
13898 28588
46540 79044
15724 36302
44774 86166
37124 67132
10621 34115
54793 71714
22894 39324
9668 38020
36432 51386
31780 81026
6436 21340
31994 79190
68065 70150
3374 46365
5117 8584
29261 83307
3120 61752
39171 82566
37743 61033
58399 74575
57982 70472
12572 72662
6181 31197
17845 49007
33832 56545
6506 33584
16457 78080
13127 37826
29498 80424
16806 28083
77335 79408
31036 78746
3383 31306
19602 19633
85554 86839
48902 73782
5618 32776
53630 82167
47806 88850
35884 56640
37887 61933
29592 36320
9594 57900
36510 61335
19469 72093
12779 88631
40478 78791
39833 61865
9737 53222
58306 64314
16523 57371
22336 44905
34358 75253
56103 65605
17971 29397
50456 81176
44850 78063
42478 62825
47403 79216
65246 69366
4674 30000
31907 75709
22883 26917
8449 86647
5191 16463
9610 33741
24002 46124
8646 83754
67405 87556
47748 83681
13681 74664
28560 37718
12174 37125
22011 73440
15213 75828
541 68850
29641 75600
70831 88965
38085 46044
34320 37648
60229 73554
101 71849
39637 91204
11295 16515
24087 25966
4079 46386
16148 36959
28941 63609
332 12351
3398 64372
25817 33248
27836 79951
5208 23383
22834 90864
70122 86860
62387 80130
3075 48063
2919 26853
20224 59477
18026 49427
54029 78477
67399 83191
4761 28613
9482 86468
2695 84900
75664 79689
15716 42001
3312 44907
13257 37231
25034 52361
38624 43937
17037 53669
3210 69156
46041 75603
21458 55361
14880 85333
10367 71636
37133 68527
45051 49558
75025 86370
16370 52312
17958 45820
13879 76189
35091 80472
28643 79407
17806 29396
54320 85988
69761 76414
33835 73193
58952 62856
11411 72941
28784 66618
67188 88100
34083 39410
20632 23523
58224 64735
183 86755
18571 44627
31034 80251
19223 36921
11374 85836
14726 17187
25960 68756
15865 35630
51008 59091
18150 30709
30185 85972
1854 64446
46229 71123
34535 57914
13354 22320
8234 43777
5920 9592
11264 81459
32664 69745
62241 76212
13000 47680
3415 53439
56418 58635
17502 85763
50606 72271
77013 84142
30998 52547
14307 52646
41312 74447
7434 27103
39029 90919
16887 49513
17642 67414
41415 58326
2751 49378
6316 62861
11258 80242
37404 69524
12610 78451
41307 82464
35979 61346
8277 55147
54318 68658
16415 59492
9003 46577
46285 75909
9474 29552
46069 88001
44389 77979
10592 70617
2411 90477
58878 77485
29965 86992
12419 18435
18697 54333
7453 80145
67935 70353
5265 91344
2777 19413
14503 50808
25146 87352
8841 79314
15196 81667
3991 8376
83241 91253
29357 82045
32006 87044
33998 80251
82395 89844
85224 87927
15880 52085
23700 74778
17600 66948
57830 76281
13350 75463
44189 71049
5674 17256
26862 77082
24499 91221
55920 60323
62090 77764
20158 89262
25052 46094
30037 90660
79897 85771
6539 80549
4473 29273
61276 82246
51554 70356
62351 62602
37601 64964
12506 24358
25016 83118
61848 78341
20468 39494
51777 76257
81745 84353
19970 50710
17324 79378
1465 26210
69097 79335
7312 77222
11561 50706
35669 43177
59725 74819
8350 28485
10555 39454
4402 89243
63884 66439
75577 77731
296 87516
41007 46537
33950 78650
8925 47929
3016 40367
3119 75737
45794 86649
23415 52614
22579 74309
16173 36836
36878 37140
19806 49174
31064 69461
42211 60599
11357 38874
40070 76083
5756 89274
64741 88159
4645 65432
11980 74532
44457 65944
29001 69271
2151 82011
19737 71886
15797 59625
27840 32672
28160 80628
38761 72986
10696 71302
18648 59883
8404 63919
31436 71873
14500 42742
72008 81195
62855 69575
8105 27928
50480 75742
37599 47846
41325 87405
58199 59696
9921 78897
4013 91002
29500 68892
10199 47562
28265 64320
47993 55820
15138 68706
17598 36815
33576 75760
45445 56697
71657 75053
62599 80991
21133 87830
30960 49359
77 74353
2789 12518
20842 88054
22209 34401
11612 87455
19140 60051
53283 54919
12187 12847
64509 76597
7509 21046
40656 44186
18674 33426
91111 91391
5697 21106
47265 48610
12377 37070
14608 76374
12075 23306
59647 79513
32713 42828
17688 46230
3199 72880
38474 67574
5397 8499
33629 87962
75275 88698
32902 78613
9861 67938
3242 27019
66085 87379
22919 75924
51950 60019
5038 34348
44396 58299
7949 48348
8483 77958
12351 78366
82361 84935
19552 88736
67080 67184
45511 65833
32481 34415
43847 66277
65518 70858
15708 40632
56341 74395
16736 27020
14636 61102
66243 86599
42621 66493
38824 40752
24973 31898
19704 69863
49683 83241
17984 69447
18548 33450
59804 61715
7615 14508
30283 59069
10575 25004
6690 47986
39449 48499
13961 83445
65372 65837
44023 61299
239 18914
68714 75522
36210 67484
1416 83750
21806 37077
26242 37109
4220 81002
6625 78250
27051 45015
15850 55213
2989 56837
66477 76566
1119 32612
44856 46020
29141 64805
10266 10615
11551 32171
21729 26725
57297 66783
23318 49844
23226 53941
24644 88830
27362 81377
13932 43489
55977 60967
58438 78885
2402 51395
21184 33894
43524 73127
8797 25876
14758 72552
55757 76400
36012 50032
17096 33461
63326 78733
12887 59148
2491 27587
458 19290
35798 54168
8677 21319
247 50492
13274 79534
32083 74285
41961 77286
13349 73804
34480 50779
26307 42095
20095 69995
35471 45797
8199 82902
38838 79295
12231 22020
30611 66070
7554 25117
65300 71136
54871 72385
44865 64576
12671 67191
37401 73268
59542 64356
47845 75470
22939 72747
1419 14796
17706 84727
76484 79455
7817 39488
48745 84568
5794 17228
33695 91039
7066 56408
76027 91358
20538 39581
59925 73435
36693 40908
15736 44888
5565 85052
43004 63408
74542 77948
71511 79027
48384 68195
1223 84316
21413 90799
56541 61819
46893 69296
31582 87244
33141 86033
69239 80709
64832 64967
12382 38038
34214 49856
2041 33487
18862 83269
72114 79843
1614 71058
69564 71225
9745 75688
26053 34823
20207 45312
26694 84392
24560 40906
56117 82005
23924 32833
7676 16247
32605 82489
35048 77058
68460 69015
39235 42478
10281 31073
47903 91622
956 23639
1730 27795
24584 76260
53416 71627
53599 82150
21457 63476
55365 65264
40021 66318
18659 91120
58029 76614
18840 60006
36451 53261
34755 90142
11659 19121
53871 88458
5701 26428
161 78556
6137 72468
53504 59507
6421 66470
42474 50419
44163 54844
51568 80917
9042 13861
5862 53446
38000 43074
57951 83421
21787 56873
22959 26567
39599 55187
35804 49856
21465 66053
91075 91273
7356 14751
19093 73887
50416 74329
16474 31665
11121 62127
82832 91476
47966 84981
29637 34564
70917 91138
23090 55503
40739 61922
2674 54065
1830 62247
12066 57124
16989 49516
4139 28265
3492 88963
19632 23844
50148 86700
16032 79380
58350 85693
1318 90631
38002 49096
53883 87979
8087 72734
15538 71913
15495 19219
26091 38204
73457 81796
27214 84932
17307 37029
66319 84235
20202 49277
18067 87770
35473 58083
56214 59697
15077 39738
40609 61694
40633 88839
9296 14294
44892 56208
16815 64681
52798 70806
39511 84420
35945 40233
36684 46724
22776 28626
75475 85821
37424 76018
39858 60165
56402 82959
9163 52805
11009 23817
4485 80284
13807 64312
26340 66687
12058 87721
55674 67957
36174 45443
41829 55696
24984 89885
28924 61574
8502 87138
61434 70348
47507 81372
9905 65433
3278 71922
26927 90872
63791 82458
68125 85024
15193 85907
43089 69545
7822 70938
62516 68499
9869 56666
35352 52863
9251 47502
4596 81651
36770 83713
15173 21030
23842 30532
61467 86354
49780 86745
19358 33985
39167 82209
10733 23629
5551 20443
63690 87899
37276 83505
554 10249
69829 82770
36357 61291
5117 89133
24938 75216
89061 90247
1151 21264
54132 64258
6941 51402
55171 82549
34704 46032
6961 41462
48064 76713
18177 79114
63634 89144
53839 77183
60261 65191
29254 29488
45793 54736
43865 69508
27735 84407
38790 85651
876 4892
10979 46178
33530 49946
1823 64092
22063 69776
1325 32181
34341 48276
55857 79779
6963 39861
19046 21206
41177 55106
35434 68813
2921 7182
2793 84286
28754 39578
26980 56860
28580 62401
16994 78542
36043 83313
33957 60736
53848 63379
7999 59500
33525 77718
43942 79092
35151 74849
28823 59450
18635 85695
17036 87637
53023 58065
17360 28298
30701 78413
7215 15620
15548 76907
55442 89827
38673 66108
64313 66977
34904 89827
41264 52813
12250 77001
31590 49722
23036 69960
41728 48836
25208 34362
1457 22413
11012 84899
51573 66911
13991 15439
13691 62536
11336 90051
61306 70583
33140 33222
23965 77173
21327 90172
82039 87340
13549 77702
38867 72252
6909 53462
926 22224
62637 86581
11195 15223
61686 77671
5176 41706
9312 47827
32087 81034
21193 42617
30093 91653
19296 40867
37225 51432
19960 33531
66344 79416
17072 60960
27658 32550
29840 44068
3390 11755
56970 87002
36705 58189
22390 29336
49875 53146
56764 62135
43656 89956
279 20039
19523 91675
32124 62620
59253 61639
25673 83686
8306 23977
57746 75901
33834 85918
47604 71176
29502 80776
17800 88381
67860 71269
53776 79341
14639 29824
47456 51592
65550 80270
39456 61360
44702 59268
15305 66197
35949 86521
335 55759
4629 69335
41434 67472
45134 70298
85120 89235
10395 88323
25637 39239
5565 36597
8284 89771
6328 24714
4737 77206
57916 82263
24664 68474
12123 33375
15778 83938
13157 39521
68775 86052
47709 85714
10516 76841
24871 44135
31894 58016
5334 28331
70124 77131
75146 86260
42651 88908
9290 50590
9161 62130
2343 2477
16387 51456
22093 36964
58843 65467
8788 71919
15219 36674
21654 58316
49667 80124
20531 22521
10104 64761
40994 76298
9287 85088
43758 80690
13519 44831
6062 67123
52152 61785
33450 48509
21954 83188
15747 82991
11251 83475
70982 73126
37841 72496
8463 81376
59976 88553
10416 57103
288 2818
28168 66727
18419 22769
20351 20787
11206 16289
3212 51396
22607 32754
3123 46009
65470 78016
9394 20478
8816 15144
857 22918
1099 89554
10574 24104
23943 54172
11576 13767
36171 59858
83878 87292
19720 82641
15519 87323
15353 80222
19064 68018
74976 83494
8419 13693
41095 77021
38328 64667
52556 54421
53622 64234
5732 60010
31645 78442
5821 81008
20862 35692
12622 15604
6157 47205
82804 84605
5638 53776
51831 79810
17067 24151
5045 38389
48648 78670
23994 33316
375 83252
23370 28020
37522 54050
11685 21918
49743 53182
33512 81358
72647 79663
13475 43035
13390 50155
37784 66763
16415 16434
15286 57006
9055 30616
76303 78271
16706 17580
25394 73049
53528 62490
15175 69107
9793 11733
26091 28482
27367 84672
9625 78652
37450 62769
35040 53425
10735 77120
20651 80025
17989 49237
59475 70189
16426 36223
80586 88041
57967 62301
18523 25799
37085 47895
65273 80504
32301 75530
2592 43743
46849 65135
60551 81389
14126 58072
33743 47569
44312 67674
10176 29240
11316 30477
48394 87525
26540 43365
51833 68648
2877 14138
51232 73034
19726 89650
63090 80292
5736 52189
409 56347
6142 53180
51179 87686
20820 37037
42127 48947
430 34564
2557 47642
14192 47341
32362 39953
25946 69224
86653 88062
25390 74073
14148 54824
38561 47880
28205 80615
77925 85272
12827 77608
32483 74070
25190 38441
26437 39552
2322 43877
43623 65474
17811 53659
16531 84299
7405 24264
20225 29043
11768 67560
37767 84672
66870 87940
9939 38772
39908 63502
7167 33267
21077 37965
30576 67691
18760 89932
21242 33216
12504 47123
65026 67802
53537 77614
21903 41728
32730 62912
7308 38610
17521 64553
87789 89728
4680 78807
8874 35312
68096 74247
69654 79502
11846 86971
30030 56064
43636 58515
45042 78382
3700 79566
28920 36364
39276 64044
4960 54817
96 11689
4314 62804
51813 77599
67506 79594
69536 70585
3753 71699
5261 91319
66026 74978
20826 57533
18682 72527
22131 31874
45308 77113
19327 82725
20924 75564
9621 68479
9610 59859
56033 69820
14953 25390
6842 7544
65878 67346
65045 74489
2374 52810
4802 24074
43619 58022
79501 82269
33833 56439
3170 89515
75610 83038
50260 69167
21030 65716
82023 90181
57291 78959
38896 44769
21195 27770
14781 75501
25846 78142
22972 64676
11598 54540
31041 51490
73177 78214
2460 86610
58485 69650
52338 56364
24860 89584
23808 57680
75110 87363
31662 34696
35882 90863
83703 86616
41027 51031
54369 91493
21042 83195
48437 61946
90680 91066
4580 87778
44485 57247
14436 38136
2245 7347
5356 23281
22445 71095
49407 65636
22206 23409
23279 90969
31410 68709
7323 65050
30566 63441
57773 82288
13669 15421
1681 36818
27524 36363
12474 28343
18503 85044
8799 73474
3546 36820
47290 66852
7309 61918
47955 72179
21167 75231
11471 35435
40149 57237
52683 63933
31195 79729
2068 48767
15202 55250
32709 77612
17321 65858
37503 47970
20379 59434
9601 32198
46280 75224
32033 46533
54919 79086
13962 81119
26103 75182
14339 79077
12188 78380
39429 68884
7159 71200
7219 80950
7485 29590
47083 83817
4144 88478
12120 17839
4529 39013
9611 45374
14593 73158
23426 62865
39177 51728
209 841
44235 59704
7328 67854
6612 86537
20607 23032
81822 83074
23476 60153
49224 65343
14354 75799
16464 30290
72127 79887
15228 44616
18395 48859
56952 83992
26883 39542
17227 64951
23058 67261
44051 72508
1053 80162
6954 84748
6182 66270
58338 88450
19076 66346
10523 55717
64704 76079
5752 43972
6030 55109
65343 68298
6961 17763
12288 90203
53822 86754
8013 32915
53896 62827
20855 74845
50281 76662
10140 12755
76650 84243
9405 61443
56262 71166
41576 78301
42643 77730
4789 62654
15180 32819
17976 70600
14031 88229
9551 39691
19292 69361
43108 67730
26006 74090
10537 17553
36560 48633
21024 73590
66991 85058
60700 79379
15849 90141
16476 26379
73323 84093
57797 59368
71771 72988
16289 42002
59217 79525
11526 88057
29612 55131
26283 64278
4010 67206
4594 88392
37199 41868
20649 30371
49260 59438
912 48348
11809 23894
52554 74925
7150 8882
15186 61583
732 44556
994 28046
70592 75618
34845 68427
64369 88819
50317 72669
44707 76836
56457 64376
1222 53628
17690 37146
54112 82637
13057 34288
5922 35486
6765 27511
29936 70926
34393 67161
37267 82810
13720 17566
19049 83697
49925 60368
2973 53298
14523 38738
25619 62992
47205 58863
12342 75943
34580 44488
48870 88919
973 61979
72079 86512
49638 71313
40636 50917
31309 85420
52602 60507
6857 51979
6620 71604
40082 67227
25860 45780
6306 84222
27879 65673
53541 82207
18647 59712
50109 57739
5918 52178
40042 48484
48428 88253
36109 66600
4642 60192
5056 11088
31209 55936
75721 80724
26642 90490
19098 56874
13949 69415
17199 50580
36793 51824
34503 84279
35350 78814
39432 68829
21876 60493
49062 56596
12285 78977
31173 82571
15513 54551
17786 72872
66806 79029
51191 88217
7772 80780
5292 78099
50901 80582
51385 59702
27194 70357
21020 56148
19594 52189
76604 82213
25621 84258
54648 59788
15713 41697
75163 80948
39105 64804
41271 63758
19548 61862
84153 88652
24076 42712
5294 32228
5377 68050
40499 89277
52713 56311
50144 70403
31192 81425
8592 44381
25992 41085
28771 43594
48159 52337
1104 26146
40201 77151
33359 90444
73821 83826
29982 91676
78416 87088
43924 69503
17156 26045
16473 83674
7265 81807
10622 90083
62656 83203
29817 81424
21669 32169
9036 34292
61382 83266
56096 58552
44630 46270
28664 70328
50801 52742
895 48420
24016 42624
23558 68974
16545 91137
6973 48298
61497 86996
32011 90742
19470 52895
37372 44490
37014 79406
26788 32969
49669 53217
12078 91057
36660 44061
4995 38803
47067 49564
85904 91512
12768 40302
50945 60139
45334 73070
2417 55518
14858 77916
32710 45284
66095 89596
31180 68675
57675 72423
62932 69548
34160 49310
75728 78948
5842 48961
21149 80930
21230 45803
8398 78037
27004 73037
10715 89670
4465 16858
47660 86447
58918 78565
52759 67907
1677 74191
51124 57923
30441 53018
38657 82220
28721 60531
21186 72547
46524 79950
46808 68748
2285 26011
57327 81162
2577 25627
24255 29852
5596 11011
8101 29897
38368 76762
6598 16429
62163 79520
77389 89184
87289 89452
5272 65422
33230 46883
5212 64243
69223 77256
54718 85398
44505 79788
11080 46395
59364 87777
35760 83173
46123 77438
13518 25931
12043 12852
6188 37022
37352 55862
22036 75756
52786 56262
17053 49606
31935 53897
43188 80636
58750 75018
27411 76455
13674 85045
66049 87017
3652 56262
5025 77975
8819 77582
41209 89887
4244 86984
54472 60069
41028 42383
15270 57021
22211 51520
34152 45907
8404 34469
4357 47370
36865 66862
35864 38528
28039 37220
16733 79012
15536 61497
18810 86157
64516 64938
24291 81333
27459 74666
65650 73183
44254 72539
17791 57964
37362 84932
3708 33218
31951 57043
8945 59936
27743 40119
66923 71338
13815 40623
12712 31129
43107 85027
1613 8387
56174 61867
16467 67503
7736 39819
18513 68043
2891 50005
44386 81645
39895 51168
11571 79784
14628 69491
6825 40237
3852 8509
15356 33574
29591 46834
9344 84005
31314 45126
36427 70951
23674 71159
60029 88845
13191 80528
47069 58807
79812 80561
48157 70883
44501 69081
24321 67952
51165 63626
40359 58570
693 25606
73825 81169
14894 57055
62610 90835
12026 90903
9047 46887
21250 28925
43198 51703
32730 34702
251 71375
42464 59422
18161 47820
5194 38898
55812 90079
2164 14866
18991 56179
22764 80379
8685 84099
38539 87937
10316 86956
47311 87592
29252 66596
25997 44855
8993 64043
15847 87898
71881 78694
15304 28489
28519 65405
49019 89621
3742 52012
16156 33964
31663 84066
1714 46850
29516 67037
2956 42255
52036 54666
39355 42995
45083 49787
4836 67555
33306 69302
22698 68522
8364 45911
74655 85970
23361 84316
51885 75131
7388 75004
9223 67415
64107 72515
33133 90532
5736 43215
47797 68972
22715 53110
13032 60659
59068 70237
46053 90957
49052 81551
13205 75699
43872 88503
51436 73071
6125 82732
76184 90952
8646 70016
33609 58660
32393 63643
30103 75721
19820 62232
64608 76332
23897 43680
1073 83511
36473 59538
22174 45480
30873 42332
9734 39568
22472 25955
37913 53663
30089 62979
43008 83625
52005 71119
994 62287
776 69387
24531 70917
3434 5305
2946 85215
60005 77542
42512 52229
15403 54322
53617 54603
5782 79630
26054 39826
69676 83441
60279 81205
68131 71717
60160 65086
49272 63024
56565 70358
15890 60281
27970 73070
46403 65229
36136 61718
45427 46757
63004 81421
7389 14071
5615 8251
18734 50401
61335 89135
37308 77347
16882 23427
37327 50358
23194 34367
47034 83124
83148 87231
58775 59754
15575 27642
40386 74757
56538 69835
23952 39098
18542 71337
48344 80715
39327 81126
18589 31006
24853 25239
46461 63749
68710 82773
58731 81412
29381 39952
27730 36425
10006 39664
2083 72026
61654 73253
46979 50778
74084 84399
36560 51426
47639 57644
16256 16989
50445 67206
21275 55366
8094 62314
39238 82038
71535 80962
9418 54058
2023 7018
47768 49717
17869 30850
57784 86961
21777 84975
20990 86510
47960 65161
5998 34829
23463 90382
72107 86489
32387 68535
34328 84537
29642 47416
37179 58049
45670 89042
26144 74611
31897 75430
61688 62789
67357 86553
14571 66976
2762 49130
16886 75451
14817 38989
69 37975
11304 91621
45053 66470
25803 31477
54732 81441
19628 63906
58749 71230
51852 84239
24936 69995
26683 81699
19927 27139
33115 67775
52915 67246
68787 70576
73183 83450
1629 36350
20675 33101
7272 87833
19479 26489
13184 14652
12163 54109
42282 49774
31171 55770
42772 47310
74340 84100
21762 34868
75932 76752
11825 48282
26477 55651
7216 23303
18109 78634
38649 40938
46736 64123
48048 71438
342 68879
21314 87530
2891 21001
40387 58631
57448 66904
19467 75940
44640 82048
43067 47546
36860 52919
15973 75224
12957 67129
83806 88438
39890 41942
33796 66088
1199 62974
12716 43968
21469 46925
4546 23733
47339 50436
74460 86736
34636 84601
27049 68113
55362 56844
45847 86564
43108 60278
47212 70951
3689 51239
56444 64787
19230 88789
32240 41623
50951 85189
25563 27136
52453 86359
24373 38232
5904 80880
52110 56174
29997 68787
52089 64972
3019 31777
43328 67937
41088 78546
16580 71835
75919 80402
2435 51250
65353 76811
10715 58148
27804 68793
36683 79564
10043 43386
1187 81107
6952 11999
66734 73118
74267 80906
31026 82574
74751 88574
9157 78605
31794 46241
23312 75853
55465 76585
48826 53988
304 615
42401 58325
62176 64125
56948 79499
7402 21210
21234 24315
9243 25146
23236 39016
46934 69691
10247 79689
1306 44806
47562 64981
50956 83821
26540 78836
36511 43493
77738 81442
24086 75356
8829 57948
1905 58399
19516 70098
6797 14398
35435 61015
11702 69550
56474 73219
25663 47392
33249 83614
16431 89028
3964 55143
54987 78500
80363 87707
7039 19794
30118 52037
38711 82970
1328 47916
6913 66447
51459 60670
28011 41595
82978 84520
16780 57562
45195 66430
49103 60596
35299 61087
12436 79420
3134 88589
51489 60139
26935 53683
23784 33798
53537 72957
25666 75180
19705 50541
15415 88419
42433 59104
23204 60565
61996 85280
7222 85548
19952 35929
4979 16768
35566 78309
51753 61113
11 60459
3603 52351
28227 83111
48305 79971
1175 35410
8164 11048
58954 90465
59527 81713
29725 47865
23035 90733
37120 59572
4910 24849
20677 76853
67514 88887
30229 35203
7722 91160
27801 31631
48791 57594
54947 81446
39397 72498
43142 44659
1862 87605
21662 86198
41242 63122
51984 73877
48953 85004
1946 48336
53409 57746
14328 45039
46393 60960
52132 66336
7830 70024
4246 17646
11555 47663
27694 42568
27838 86812
27180 31142
45197 61558
31053 74456
34310 64847
30949 77758
22978 47279
59091 69846
20015 48923
41731 46119
54695 73377
14103 46849
58011 73832
19517 43933
34260 41227
14255 37155
50009 91057
25886 32727
2315 66936
48096 67011
75226 86323
16913 67924
34994 55275
29720 52562
36655 40307
27504 49206
15700 25202
246 12142
21566 38704
5470 82486
22349 24755
14029 62429
1526 72435
6010 72669
26795 78899
3944 29268
55707 72339
31905 83709
42259 70686
26891 64712
10905 45417
89217 90718
45830 81590
47549 53274
29297 82143
60502 83503
46036 46724
61367 69879
27584 57780
46215 73759
52559 83394
32700 65836
48960 59334
53028 55917
27625 69669
8998 40408
19100 66057
14374 85392
7231 29881
2904 22799
18383 33113
15083 90258
42552 82212
14928 60643
9090 33170
15866 81014
50698 74362
78718 89092
29376 55340
23 5447
26650 64327
25566 29644
22951 70013
20221 34614
47604 73547
41794 75968
14831 38353
36540 48081
20416 28102
43461 64733
11506 18607
65918 73305
20240 81157
30006 39784
61817 74520
87434 90729
3671 77972
66133 70223
51598 76320
7828 41323
59095 71520
32682 82778
5655 63986
56941 64739
39697 68222
26511 44253
39745 58600
2615 87726
22309 60695
60286 78638
19250 21746
6239 71341
27203 33277
30176 55654
14320 28124
48432 85821
64289 80000
35650 64578
75543 85761
19471 36455
40933 60674
56168 64650
16955 78830
6181 63221
8126 42596
4990 75811
61483 70336
47267 84287
74795 89568
14859 59123
35523 81925
60770 61060
26118 87704
63492 68751
46164 47735
9499 41907
70052 81844
21781 83737
18524 72211
62985 86698
16545 85698
17727 32268
41413 83045
32760 65630
8335 51446
12707 19538
3680 33700
17480 88815
63813 88053
13109 81004
41762 59473
2122 32431
41914 44864
41390 82358
960 26694
22945 37062
34005 79864
47296 49989
22286 44845
445 36164
13433 86619
48441 76513
34127 68924
22726 54049
18680 59992
15385 42994
28064 76553
324 87080
44244 82141
5087 26330
13046 52044
69282 82675
4859 19350
37889 69658
61419 76281
77344 84547
66915 89512
57882 89924
7046 19801
27092 60111
2941 19949
51125 71016
11443 23451
60762 73155
19642 63981
20557 39901
39132 69407
14332 43816
22301 29246
18840 54816
38710 41703
33681 60760
55155 64796
49181 82548
49375 56803
27949 53730
69386 70266
22867 55649
23035 80104
2785 36642
34312 39732
37817 81752
46494 55565
17591 42067
34379 61035
30863 78748
72581 78317
65067 74815
37979 45022
5559 78239
71593 75505
11983 88789
14584 48145
22032 38574
26468 33462
30117 73051
23861 86482
11610 22120
7623 81428
45965 64703
37739 38326
28707 68208
10988 46966
320 14924
50181 81190
20150 45610
32557 81852
45511 57703
58738 76507
16142 79963
55073 75151
35386 86181
36423 43213
47332 54617
58493 69864
80455 83550
13267 72184
34423 68588
81712 90233
45516 62691
79613 82783
35873 73926
2046 7193
10916 12225
44716 61755
37417 54141
43213 55257
76801 88388
71716 74835
42295 66511
56762 68509
42965 69702
5837 64339
21930 31057
86660 86750
10468 14977
9863 75969
20348 79747
4565 31808
40363 45559
41803 65288
36923 73316
38359 42753
65071 81932
34621 48457
8975 51324
53988 65505
26672 28872
32206 64157
12230 21083
13978 32469
34481 49556
10467 52478
26401 31382
62583 80689
15268 75782
68385 76503
1561 37223
71524 81254
7111 27740
20401 28773
4812 49522
29596 80285
12820 83678
2408 5412
28335 88665
2710 85358
57890 75508
45506 78634
9090 64894
4210 85470
22958 86742
840 17087
44080 46120
2515 10049
37778 59600
6769 40155
43225 67964
49772 62823
24266 44901
40255 48518
3827 42072
3979 44779
24599 28142
31066 31866
50529 67760
7243 77903
75869 87793
41489 81110
57417 81181
45537 78340
38931 67941
13762 43912
4825 6068
10218 31098
20921 83171
20429 35613
24327 91682
55250 61283
42680 54066
32695 90668
38394 59292
11539 42074
10088 39585
65281 74277
21474 40562
10995 62336
21611 39512
74944 89561
25625 56746
9368 91492
48601 53206
63971 82749
56682 70298
21143 24556
515 56151
15647 52993
14995 55802
42529 71527
4913 63308
65678 75852
7427 16862
70160 71017
19648 55584
54118 62054
10917 26868
52661 86247
2398 56225
83718 83720
28740 84166
68964 72345
16521 26609
66632 72374
1296 25305
50624 64923
42262 64748
779 2628
17690 80313
29504 85857
50252 53575
44774 50499
9294 43545
19941 29945
28515 35027
28176 53832
17011 20484
52780 62206
32680 60587
39151 41487
18957 72327
13635 21627
26693 39219
52830 53408
34768 81865
49249 64827
5596 73300
36419 43368
12110 81436
2069 22264
79620 90315
39443 72609
42392 59550
25763 27995
23682 88376
17275 46623
3647 64532
28058 68750
22220 72545
77580 87373
59320 67527
11695 23651
16694 45270
15991 49891
35722 54492
7450 63377
13038 34167
31731 66876
61377 62324
6131 74305
63019 78003
27969 88644
34307 58182
61807 71549
54039 58414
18003 56408
38202 52669
4891 50839
7686 74754
31363 87916
22963 62917
68653 71661
37121 76373
15131 78781
10285 29107
21362 68098
7075 85561
48914 54229
6798 27727
28297 59064
10146 46779
57377 88353
16203 27656
27189 48699
42706 83195
2987 86477
27667 46887
24541 70875
4870 10648
5801 27084
12132 27992
6521 48877
39962 53298
51449 52837
19020 76506
55428 64825
61874 86705
60382 69385
2813 18729
34089 37138
61487 69651
14096 84327
4845 13297
15858 55654
56562 87507
40424 75010
19252 56150
10021 67890
12948 46838
57926 82930
18245 43580
4464 39583
5223 29756
56074 82601
56 86441
3140 41981
7807 55245
4435 54949
32404 42823
21940 42194
20399 20913
6879 11999
41027 81673
16956 17505
18369 87325
37891 45431
47788 75538
47039 87907
36142 59773
1924 33914
24166 58799
11108 84672
29794 60904
58077 73565
39874 46630
6633 22952
85273 88442
7708 20913
13666 37916
67443 72582
40026 88458
78774 83476
76318 88979
30177 90238
16395 83519
46692 79744
7583 86509
30399 62523
54289 83993
28089 72322
24582 40002
56343 72790
29164 60428
30402 52523
44475 71375
60055 74096
58322 65156
48771 50325
19278 59398
33315 45379
41206 91564
3996 7696
20783 30212
68607 70626
63292 80963
38634 58136
2293 24595
59804 61673
51640 82588
26000 50959
12267 22852
12559 68548
40248 62229
77551 86033
3206 29831
74486 83356
13474 32717
75067 91635
32284 90216
31771 74866
18386 33647
20746 61574
6517 31159
25621 48716
10461 17857
9682 20628
40921 84609
3531 56425
18052 64267
18468 55763
25359 61785
15340 57649
17196 54565
34639 60696
7351 65644
13874 88001
72255 83000
48643 48915
22591 81957
44504 56556
15280 64260
64422 91108
24208 64145
70929 87888
78911 81518
47413 83486
571 83715
13091 85184
3289 21265
70601 88102
27472 36230
40630 65218
16544 17969
715 3293
17576 90311
48871 66509
31457 48950
24161 31526
38654 85703
38513 76219
39478 45077
54953 69802
31472 57492
6443 20816
17993 21035
58767 81769
37813 84409
79241 83104
32575 58670
3972 35288
3051 69042
8332 81347
81058 85533
18044 51700
34738 45790
4295 62213
76444 84284
20284 21424
7444 76167
23336 38249
18006 55143
56683 68700
8183 13560
5761 13067
66364 66668
10593 20484
29530 70720
17923 75554
5925 20084
61511 69224
9403 30617
61392 61580
3719 59250
48832 85614
55723 69604
32031 48993
16848 67800
14098 69653
73587 80455
44241 78551
4670 81432
13782 68117
64407 65106
62843 80627
13284 44269
14194 27242
22383 75369
7962 28766
14234 20535
9535 68548
58888 86489
12973 32364
7931 60171
8880 28553
43092 58013
9368 73162
39323 59777
3632 71167
20212 70177
19144 31137
5629 19742
55605 78289
69354 91214
16107 69494
43314 61963
401 2950
41754 91392
20196 79738
48950 85260
7275 34384
4673 84031
87253 89286
48002 48552
40247 83179
18398 36999
20685 32660
16252 76841
26575 26728
17208 82639
2033 45912
6740 74996
29044 31992
3428 8854
46291 75542
15497 76675
11915 38856
59390 68381
11856 79833
17374 86742
39701 45490
942 34417
35613 37840
26542 74411
17511 75607
47591 83514
33503 90392
35741 45070
21526 42211
381 52695
24048 29667
7785 85080
8031 62568
843 54219
39911 53010
43343 73294
47345 57344
955 79454
20931 37697
16541 34560
35287 44446
4561 6880
15171 27783
86295 89892
24507 87802
6489 24520
57932 70057
602 90856
51517 76853
12230 30905
52398 69542
1626 60824
19927 71520
85145 86117
68475 78145
1185 9170
13739 75568
54859 75731
52356 65060
60222 74336
14513 59259
15201 20392
532 10637
64572 89775
14405 87843
37125 51733
10378 62590
40448 80983
71241 85983
7158 47545
10122 29676
34259 70431
10578 46816
43682 50047
29510 57891
42322 52439
19318 88148
3783 65445
24433 39851
66371 67798
54798 63158
22144 30210
13768 23847
77183 88613
6640 36483
51072 85767
11897 37754
53652 89763
1851 34839
79923 84890
53312 91493
38004 71174
9072 23116
43099 75180
33172 60856
29394 90119
39183 57297
54414 67358
17114 88539
6448 86034
15066 30728
66889 81345
20482 44005
49975 71371
8398 69724
33099 58628
15741 81594
21560 55933
43644 86608
40104 62049
50260 85732
23740 65611
71191 83018
36651 48859
20148 50193
11602 51073
46256 54998
37286 75688
22817 86400
47656 85809
264 50290
6252 63438
19201 48859
1452 31828
9090 55017
48262 83702
56650 63518
22895 51452
16754 46803
55803 76642
23429 30490
78118 89216
26562 53779
10081 28885
7335 69376
63594 81382
35605 68887
17254 53134
2515 23458
16574 32998
78806 87839
31160 69817
1635 60519
76430 84288
78868 87409
63107 87367
16490 36995
6549 80955
11686 61983
45627 91550
20110 29727
48568 51208
42754 55235
17319 91650
20256 48141
43497 53899
49168 60305
1427 76764
82550 89053
18476 55995
75658 78582
16547 60429
20794 84303
994 28074
8009 47600
6676 32143
51855 86643
44609 56841
2672 7948
16214 64389
4429 22513
21782 66234
17566 59954
71623 75176
41910 52348
19958 58196
13360 58010
58737 79651
74853 88840
50750 83417
68495 85649
4282 67494
21079 36769
71202 76043
7727 44626
12770 17872
20005 49873
44384 65566
62271 71370
16614 62673
38108 87289
449 23282
13144 44676
44039 90945
1251 49822
35301 88811
54773 68528
14392 40562
11350 41723
4619 59537
51172 87516
23158 24582
32668 67710
47435 54644
10365 28543
44239 58111
44769 47960
47705 79552
9064 23779
35996 78534
4273 24977
30258 60410
34478 82304
64211 65290
57855 83476
13987 68437
33134 34704
3980 37244
54268 67864
6690 44835
21330 41392
12824 89666
2500 86555
407 23211
23306 88934
17402 61080
85748 86577
49471 86946
58453 90205
67337 74386
42763 51156
53049 69083
37560 81179
17415 22677
3446 40551
52169 73515
34124 64229
34955 72473
5660 86479
11408 31862
81775 88530
9669 65559
22030 29950
45180 83598
16306 86385
27959 84087
28756 63028
626 10102
23033 90616
2039 10572
25963 63055
6945 88986
64072 78758
16194 39364
6490 71415
20822 44953
8349 73004
21262 91547
54634 64581
23110 77123
3291 45263
18499 41043
6964 14736
40768 89374
16946 32522
17525 58643
51431 53663
21060 44327
25479 84516
2135 82639
67305 88853
10295 26522
252 8220
7962 59441
55326 63608
35507 59078
82990 90387
15461 81339
46821 78884
19207 28871
31857 76134
9407 23117
51042 70057
52440 77805
43888 58611
23163 32771
72985 85708
27303 74076
21941 79211
6717 15925
264 46999
11811 13248
69990 75284
14175 56905
18605 24393
26705 84989
79996 82143
10107 34432
45653 45859
13256 69889
12588 78566
16287 85157
35859 68818
31227 76142
47931 58028
32580 39184
42341 43318
83811 83878
6369 41868
13579 68784
9055 40081
14765 84590
18703 47640
6594 43585
32202 88506
31912 38391
23050 82585
46148 54618
40354 47784
13549 80402
50718 52294
58495 87482
36293 41053
408 56037
36427 70241
65418 87533
46498 75417
39946 45259
326 42082
22344 47374
68252 81104
61197 62906
15924 64177
11882 87061
49105 76069
72774 85929
34090 41077
9870 17080
13102 81174
46060 51883
54348 69380
5714 44971
24152 62654
2191 22410
40446 89963
20789 39027
15906 59785
23418 46738
48585 62425
1046 20541
816 9300
51475 66209
53306 91203
60564 72351
36938 51513
60977 89229
38884 50889
2243 54616
12384 70908
51473 53087
59661 59962
16951 55566
1139 37510
4274 50678
40286 78874
22165 24270
79721 87524
6559 57916
44648 66612
5857 41896
20740 32519
59279 89250
14404 85277
9784 72106
42265 66602
39658 44321
76134 82640
63494 65163
10504 79837
17311 57219
15604 22429
37 27613
3837 22720
39348 47848
21891 35977
76385 88907
61883 87587
25474 82601
7214 14896
6995 16827
44999 71105
34033 40290
16928 33403
51154 75285
34717 78572
13845 53530
43878 49036
9165 33717
31019 72649
14935 61914
1140 63088
3235 78962
41086 75308
75447 88659
11748 43799
35732 42242
19382 83515
12727 29050
22904 59776
3718 18377
46522 57651
40887 52875
15997 45763
45879 74572
8199 49016
3030 3220
25663 78503
12701 50253
11474 30715
55218 57050
50506 69013
54747 85611
45621 86895
23840 55409
13701 62476
56128 68405
35647 71732
53223 66463
41088 50146
19835 83229
27095 56297
8325 39560
37149 71044
18338 39219
2920 65243
15710 60419
8506 44586
28052 50184
4756 42004
45885 77771
67823 73776
17725 49277
24618 71905
35191 65821
29692 39686
35110 86150
41811 65875
36252 89109
64582 88728
69299 84351
58753 86468
21349 76244
38023 58338
60768 71030
36637 88493
6033 72655
13657 86605
30014 52360
72296 90571
5328 30458
11452 80310
65943 77099
66287 87327
81649 90807
38447 88241
49466 50481
40434 85279
58561 67359
55855 76467
37697 45651
6682 87257
50073 90837
10756 35948
21537 49245
36588 60427
61323 63035
36567 87750
41601 66027
67510 69169
8690 79646
43713 68656
42422 78480
27653 59843
1304 61822
51262 81377
60361 68505
21526 49407
52191 59564
10903 77372
11634 44199
4124 30269
1648 4967
67355 90776
51505 91147
47524 73983
3075 24595
36504 61380
31543 63820
66873 77584
62738 82263
84106 87287
41030 49156
25864 68203
67324 80489
34448 53007
68762 88346
32046 82905
6517 12165
19329 52151
35882 74524
84946 87569
18996 71207
19935 90828
19424 20900
72764 88126
27209 62632
73506 84250
12314 83143
38756 67304
12891 54164
45993 54724
10021 89248
31471 88622
35441 63147
24267 69927
33688 89953
25039 46523
57736 84993
52552 63491
55909 59490
61701 86933
27072 32694
70615 78682
2036 55551
16717 36536
2067 78352
37285 39910
14525 23791
32584 66202
85130 86141
29111 45513
66838 68653
87017 89587
22775 86546
2028 7274
28662 78406
81478 84240
6829 79010
14975 46781
40363 47025
19792 60947
29122 43781
79035 83121
2581 46196
33412 87729
3945 6245
14981 51311
12469 43563
60192 79797
5931 74226
76849 88435
31811 40797
36365 88641
34896 58470
18573 40348
55897 75082
51292 64678
3687 9058
20401 28630
53204 62902
52904 65904
37697 54454
1686 26910
803 45592
21018 44655
1994 44414
61478 63497
33031 42978
42871 54063
18459 86273
25823 80059
17840 56411
44096 65613
1588 85618
21330 87983
2844 35937
32439 77327
642 4632
22933 42760
6310 64114
5351 90362
29007 60768
64354 89705
48143 70209
3758 74016
31929 70079
37571 67694
64332 89506
61071 91317
40050 64384
46719 60998
43807 83975
49217 60555
8230 85104
22658 72931
35601 69573
36589 56479
7570 27743
7133 87125
48708 85156
82595 90758
17168 36796
11745 42667
6275 83944
23031 35955
38429 70616
62099 67856
42211 55914
56528 87153
59162 74460
27497 32035
5328 74996
15054 24263
29720 75389
62708 77784
42028 81385
54483 66586
23735 34595
29272 85878
12745 89042
56055 78828
37399 52704
58517 90870
53384 74339
42614 66525
60959 67747
47313 62163
39612 68895
30873 82601
15261 71799
9927 57666
52753 53441
30481 78087
70089 80929
11125 66650
4430 90528
53308 59695
19822 22231
33276 80403
43030 64879
81500 89140
11490 63921
36479 89876
23310 88500
24046 49830
16084 87941
17461 78799
3758 20533
47309 52083
59553 63092
82637 90359
8168 61682
6164 33303
8765 24784
39501 67866
26593 59624
3710 51820
31297 48719
2983 24181
35410 54531
8199 42050
60327 67016
24180 77996
44730 53149
11749 55747
1483 12384
36124 53337
12874 86462
16795 18408
33138 83180
60882 61499
39841 89327
12252 67664
662 59671
8244 11996
66378 87898
24189 72870
15094 70577
18244 35057
34354 89238
90118 91656
27106 59942
52951 57705
13061 50042
35578 62662
21306 70960
23509 27548
5928 33805
203 56497
31388 75763
33526 87167
82187 84094
15956 90514
42105 65035
34891 54775
25489 26819
1582 75298
1449 49444
49327 63813
16441 60976
25628 32528
44523 75634
55023 63481
13161 76236
2232 37250
52519 62105
68731 71307
51995 70469
40791 45516
3034 24363
14031 23326
50581 79296
25240 82831
28587 66676
29966 82130
15701 84155
12740 80115
62549 85235
56547 72682
7769 51335
3778 36401
13417 48201
51023 88274
58362 61192
40011 49016
43258 56126
26947 53128
7308 42390
31847 66541
11183 27655
11539 36269
29007 42379
55528 85417
7012 54872
52234 80838
13911 83150
28894 73949
62204 91214
88413 91650
38611 41111
60149 82121
20831 48926
28949 83903
18195 39289
27360 74515
21516 78895
42406 66550
46236 56612
6009 16768
41506 70757
2289 75371
529 42978
19942 89293
67966 73883
35954 45260
10489 69993
39022 43219
816 57647
36738 59603
71428 81987
55862 66879
54547 85306
15699 62819
45851 61146
53760 68132
21628 32506
51460 57220
17477 62089
6950 83520
25019 36682
23650 39537
67139 82434
21435 88392
51493 62187
15291 24407
5651 8547
32432 41490
48872 81666
24142 62812
13213 57698
47323 49672
26571 45340
34587 73577
10052 35586
5445 89462
23219 60924
14998 26611
5253 39857
31027 75889
57262 64187
22861 56604
31556 64489
10918 69420
22544 75375
45414 67559
42698 52664
27967 64658
65253 80405
12658 65277
5954 58508
44889 51684
42705 71154
35868 49903
27250 38344
33588 46183
18276 39091
12664 36094
8789 39212
42260 87749
23414 57840
5113 18879
46140 52255
5144 37901
16684 21767
13705 14211
6380 29599
76027 80779
19798 89254
10366 59941
2364 19352
15525 57713
3621 51563
31645 32312
21548 36831
24599 32965
11254 76685
34274 38930
33777 83634
31534 75346
62683 86822
39080 81691
41681 77109
65506 73765
39909 66811
10361 32277
9696 20967
47503 71584
36151 61758
68671 75110
41281 82959
2 35452
23285 75519
16126 26278
59565 79464
56104 82524
60 90469
79329 81236
12056 45119
56100 67464
16618 78992
44302 68247
66352 78048
77371 79049
6936 46733
24699 91594
59283 89699
55166 61698
26114 37935
43787 46422
31191 76621
61020 72621
57316 81350
10722 38456
35142 50584
23807 41365
42143 78125
72817 85267
5781 49866
9520 50229
17556 52681
26662 77074
40014 51282
19464 45423
30369 59587
35821 61247
39871 81183
64009 74956
34723 40742
32827 82625
49980 85660
3355 31556
41127 68967
72570 80184
13596 45921
50111 54738
10499 58915
57803 63691
7226 88666
40741 87443
36953 73903
10487 48984
6608 30838
16534 39123
2635 32888
14501 34057
44597 88958
76414 85115
17701 22072
447 35486
31369 88908
42413 43849
59087 74062
56755 65850
14737 47510
55241 66551
4133 56088
34229 39499
3570 12412
28045 45128
51297 73198
31413 75625
15057 61036
21324 39426
25243 53378
61668 74987
9832 48831
61245 72119
36944 68833
656 79329
5297 34823
44860 53766
30857 42570
33524 86189
3946 29879
3976 51927
40150 53769
77217 89273
17601 69108
45758 84845
9422 71833
8177 13872
50284 71857
17815 20503
7996 47061
38219 48219
49397 85580
23231 86337
81141 85078
1395 78296
64725 85262
60218 86717
9081 76943
15867 48650
24207 41777
59180 69670
41490 72450
18208 69734
27317 61828
54146 57952
55775 60037
73645 80641
32431 45435
10163 67042
1713 24854
10124 21486
10736 66382
26456 45290
63983 78407
32566 33555
9223 89630
68159 87042
15647 42837
26989 38063
3634 65577
39089 85996
8290 60431
13300 14644
12446 16142
21598 49189
71203 73191
34087 46645
48718 69931
51265 65623
35396 58242
19853 81546
25766 70348
33924 86361
31908 86797
59945 70968
12126 77327
62256 74546
71489 71682
20103 56136
11220 53696
62127 84513
52001 66311
1882 91225
82804 89116
8583 62492
61332 62885
6622 63616
21077 65793
43742 87644
25196 53141
23246 65450
7483 14504
2836 81480
20764 49281
69901 83329
75721 84298
29705 33977
23962 51734
5485 6479
55287 75539
48479 80626
70376 88099
17728 54717
84018 87149
2986 61726
24447 27005
20181 42848
1455 76918
53570 64633
50605 89318
19899 83645
41954 43257
44047 45056
23680 25987
758 79734
80555 84800
2749 8763
15383 33760
115 5954
22652 62932
12386 83101
8944 61889
804 16242
68382 71050
60738 91682
38740 86938
18753 58232
18215 42376
47312 89058
15957 21635
35258 46032
1816 35744
55679 58897
35281 56429
27231 47463
13196 39131
36515 52419
65629 68069
20633 72071
13498 62652
72038 83371
40792 85442
2636 84583
49006 62618
9468 42984
11177 30515
44945 78348
18163 69018
18015 27672
55171 62483
18943 69329
11332 54477
24905 81716
86464 90996
54412 55618
34132 84079
36865 48804
7153 55683
18022 80013
40869 45490
6851 59905
46259 48826
54390 79995
29696 39045
23176 40690
34015 70892
40659 74753
33100 35859
49649 75875
26453 69572
78378 79390
32545 80966
59491 75545
18343 75455
74589 87454
3785 41706
4058 87494
9830 66904
5211 69496
18339 73016
16891 32443
24277 70364
59080 61319
33238 57268
11622 20068
48578 61728
3685 56231
24884 38009
21240 81728
7524 11345
13246 54779
7411 14701
29807 87505
16530 40538
19015 62432
2896 10602
30353 53210
24810 68020
1468 56723
13582 63395
83524 83890
33999 89167
63766 74824
17522 58222
1656 24896
34313 66609
30814 53008
19855 62706
51329 85080
29856 56116
31198 65544
51930 70270
36942 76995
42197 80040
554 13456
72617 86221
60427 69515
29072 42941
79362 86028
41859 56036
29480 50629
10435 66698
62378 67008
81203 81453
29633 59765
14706 25281
36275 65767
9632 78594
88264 89526
10603 24567
27539 63159
60968 88554
18170 42168
42382 86441
25161 51433
35103 74520
44393 81334
40727 68138
34724 84648
20560 44113
33210 91067
59552 88786
13994 80100
21920 63477
75574 76542
47532 57862
30043 43005
4320 45409
81594 91530
8149 46139
37143 44092
22666 31941
29315 76785
24374 70170
25698 39617
60449 65225
9314 31632
14521 74557
43043 69377
9286 63711
27985 47108
10961 30392
11918 47023
33050 45736
44348 57177
23265 62234
12270 45105
49642 79961
39660 69833
39205 58864
16169 31476
5553 68352
39140 51464
26587 81724
19252 52414
16577 84845
55787 83732
40592 90227
31148 62607
7409 61614
55933 57405
51740 61065
45558 56316
7501 74110
813 3994
19119 49596
63675 91636
4359 66225
39210 64740
9284 25832
36881 81301
27245 53362
40412 55080
80428 83656
19149 85677
49196 66103
21127 39550
23268 90127
35093 75996
3493 33803
57925 89032
47086 55130
13773 24889
1704 82338
18937 26095
55088 79906
16739 36243
45287 76292
17678 29413
5851 54919
22972 34662
37468 59627
5549 80343
38769 73875
35472 39939
9825 12851
5712 72252
42182 46767
74370 83314
43024 83431
35884 57797
20723 22846
57234 62305
24070 40215
138 5016
16061 20976
18034 35684
65841 78373
5182 80953
62845 67445
3233 74401
38284 60515
16214 61948
9841 49014
2154 48735
54945 57439
17075 75185
3610 21248
54009 75014
11032 30461
51842 78191
266 84742
87376 88921
10914 64693
15051 71803
4110 44560
19652 85283
31394 88235
17839 34149
25846 86038
12052 39002
15996 40019
40208 45230
37554 57045
21783 80024
41065 56303
43319 48441
6124 55511
29373 66357
16853 76122
68685 86967
17990 26976
49548 53625
37493 88519
66280 89595
49074 88551
858 36170
43796 80283
2889 4035
6717 24610
2895 59566
73613 84590
32680 58748
13938 40937
50238 79299
60176 90137
2462 34316
1129 75454
44882 80690
327 78492
40928 76039
43795 86614
57727 64125
16792 23788
10726 36620
57288 65208
44532 86793
52304 82154
14329 73108
13496 44547
77001 86485
9543 10488
80947 89426
6346 18580
19573 77391
11197 65519
8258 79864
79853 84202
22610 60079
25777 49774
54151 62123
8457 72296
51284 87049
36201 62789
49569 68512
52634 83424
44092 64451
1654 53632
29950 51334
6575 85752
22504 78118
26876 64762
81764 82547
16326 48362
21999 29875
20933 55174
26950 87324
19549 49230
62459 83797
69243 80782
15621 80128
14112 54897
35114 44600
6154 47779
39589 55682
11046 59872
6113 80817
3841 75474
18340 18930
49559 66218
40572 85645
77212 80507
9465 34259
20559 56744
44180 85186
37700 68961
13137 65808
33372 85893
50120 50965
36776 61633
13147 89593
1760 11556
8583 69828
31103 33992
58463 65785
8316 63016
18562 91393
26590 70916
7914 86698
52410 52716
45611 68640
28793 55540
33631 82080
23558 46341
12660 67485
5437 56491
50622 85677
10144 33065
35911 60724
61610 75014
57227 91375
8868 25452
4611 42295
13082 45770
356 15309
24162 53280
13223 87617
42369 70833
12308 61071
18190 40366
69759 85187
27922 30537
27247 52645
45713 77123
18580 63631
2695 25187
43287 59463
58788 60658
18025 40558
35875 40178
24334 67571
27381 44185
30370 76402
6497 25049
42797 50238
25303 44099
54374 75961
78534 85979
30321 64924
15281 20753
47720 90197
55076 79326
56728 68170
60173 74567
38198 72756
22973 69148
5113 16288
43002 75396
42795 51281
12844 29525
8703 37321
5499 48638
14250 65161
39835 71067
35470 76116
4371 50116
61453 64684
3971 40991
1062 31711
21295 87730
21485 59722
35272 66382
37045 81551
35534 89316
26205 55330
5076 79636
12347 77283
50351 77348
19928 43340
44842 75045
43252 74221
49039 91460
25279 54925
8216 57704
29270 60753
24526 85960
18699 30261
79100 81466
24679 44523
27371 40760
68791 83329
16443 76543
13580 89840
10645 55314
16336 75965
740 56777
60287 89721
18189 22340
28355 72724
43745 65022
7473 14139
58045 85109
5025 23192
2101 83030
37442 82403
22323 41271
10117 84469
14697 19849
50249 91495
9234 82204
30741 46772
14002 69585
3579 81698
76328 87585
39876 73920
76562 79001
23593 39779
13721 48306
34594 91499
24052 60968
9204 67083
5427 54593
50864 77706
63469 80927
16610 16876
10913 11247
60981 62462
75171 82199
35607 45331
24892 49957
9360 76578
79782 89251
15715 62170
27265 38907
6858 86366
22943 62969
22188 24591
14540 55312
56586 72882
70164 88492
63262 68633
32970 71785
66156 74473
43245 87807
24267 38879
47540 73619
7385 47366
28375 64919
46763 91005
18476 47001
50368 68506
9814 88988
31096 89959
827 88796
9122 50345
3374 70922
5724 88011
18921 72711
5516 61735
16438 37690
21597 47024
19707 83536
36682 77621
5368 11813
30307 36376
667 16023
12196 27862
84217 90079
70490 83899
10948 65252
56695 66815
40519 83001
30914 36683
46135 49745
41196 77059
44955 77803
58136 89031
33262 35811
4252 35545
74461 76608
14138 40126
78623 80922
19066 72017
40978 49732
16343 71715
5602 11092
16162 44472
2600 85278
52113 88036
9851 72644
5159 78564
78796 87873
28519 90544
46750 47492
25352 41606
29630 62629
40565 68902
76464 85523
79611 86469
43321 75783
25305 90000
45571 62164
68783 76625
11823 50573
19874 27805
79688 89776
5604 36830
21028 61684
26828 77799
37544 91262
41985 61127
30905 61267
3654 75028
16637 85968
5120 8438
33570 39716
11689 19380
17170 90706
40624 86406
9235 61501
46005 56517
27633 49640
29077 66349
7002 13707
62034 82447
13100 47746
20019 48612
34907 54883
33136 79285
8010 19709
79292 82298
9824 74456
8619 51107
29279 39672
3294 4718
38209 80771
67129 83367
36120 62378
81276 85856
27677 64928
43068 81096
367 79046
28997 80876
19672 25906
62261 84361
15050 74718
60505 80772
45397 70826
45621 50893
5493 81353
33158 70484
10237 91413
32815 87418
7206 47801
25529 56863
34081 84068
1274 9667
29576 47238
4580 81469
22385 38858
19290 57043
32926 50357
5004 84385
45931 53346
65058 91095
20505 32731
44759 78709
18172 43288
24112 49867
24370 52680
3815 34010
30000 80482
1289 8615
28804 66214
47637 83539
69449 87419
49718 50793
4570 61861
27959 78141
10927 39659
34634 75244
3510 31371
7784 40488
9213 39488
51147 63018
48806 61287
74364 82439
5747 13980
44844 54519
465 52743
49208 79340
20441 81756
10440 62604
28234 35101
50748 62992
21755 31501
8466 31298
35803 81399
29864 89175
43633 76792
34 39857
4053 30812
63031 66228
46340 66802
23012 41035
1064 81006
25075 41783
48700 67581
1344 25645
49253 78483
23148 72489
37502 67917
6990 31676
4410 40053
16453 89928
48540 50809
27104 58272
58360 84725
14286 85744
14734 47386
35322 89062
9345 84504
31481 40431
38218 85295
19002 82949
33696 87895
34200 51231
72121 83555
73295 80017
9228 14503
165 66990
51795 91098
6915 28008
66258 87127
33304 60074
39670 80217
67448 84350
799 57732
56708 59786
37288 48466
62163 91403
43264 88898
59729 65163
5722 44542
59735 71204
557 8698
4847 46990
38781 61508
2652 2735
21708 56559
2330 52710
22377 36703
1021 85965
10127 75797
48040 63311
67549 82712
36825 40561
41047 41720
22308 66065
74710 82762
3449 16350
3878 4038
10710 16616
32551 88125
38118 90565
64024 75710
44991 79801
75378 80976
16891 75383
32530 86611
17477 79223
64960 88298
1631 59968
26966 60330
50797 56705
55249 64930
5434 62853
7266 77071
17248 69336
38377 59819
11464 28296
24441 51024
34307 53704
5028 26818
19215 80031
4619 32820
34778 63781
4239 84852
47604 76038
75577 75911
2127 36741
2171 21789
12952 66704
35023 76148
6389 83056
15830 66936
81495 85410
44466 77469
14003 17247
2706 58515
2791 70923
42439 55180
10053 18392
54996 64639
65133 81613
58597 86267
3487 59668
19713 72790
13918 78774
16745 18211
52068 58868
56778 68536
68339 86491
16622 85436
21512 79200
63601 78159
17290 86703
18128 74133
75123 83552
76823 84531
10534 88097
55337 75820
73041 76286
14624 21924
52307 64416
72488 86686
52629 65972
43330 52236
2839 90315
23629 42273
16847 73437
25219 26065
14987 62402
31540 45982
10598 60709
14587 38829
50585 68256
19775 44782
1035 31630
81019 89796
10812 72861
27020 81523
33202 61211
3124 16316
45844 57083
7835 54011
40732 75418
36841 84994
22283 55214
19459 70450
3156 78273
15800 39108
27563 80188
84180 91099
35450 56791
23181 24133
44981 64347
16142 88046
63113 69483
6700 28966
26325 44185
15735 23124
27133 56290
4960 80521
40133 87373
29157 74362
10228 21170
25944 86695
6466 87182
73817 84764
26828 91649
21721 57185
28843 48373
29785 86428
4052 44943
33810 67580
2825 41503
9549 77451
54393 76508
18729 67267
8616 60316
54785 79103
44348 73171
47451 47833
7275 78348
35178 64017
26053 48752
8035 19852
28788 55913
43624 53595
10909 79472
36669 56227
76217 81854
35541 48010
39 4626
24303 90319
8721 40413
25642 48420
30781 56232
47826 86661
16108 60821
68517 75571
78378 81639
82326 82473
34596 44214
17343 48656
17738 85212
10094 49015
57726 78962
9531 68337
4635 60197
69995 88386
3095 29180
4538 22119
18676 57603
12726 62293
61900 70660
29869 85881
63605 72440
38132 48287
12384 66679
15019 19360
36020 88888
12302 27716
14950 39114
9315 53234
13512 38499
57875 84595
46638 65649
22342 90877
6798 65124
28286 66488
34430 66530
60348 76007
19154 83647
15247 75399
17418 34255
24617 56513
19151 59129
3044 49318
26179 75956
28763 78409
8319 91380
6315 52048
57753 82227
8743 72324
9861 16957
29374 68871
12879 19849
43633 79051
22468 76623
9149 61425
25424 67250
9197 43764
41930 42949
6848 42009
56666 71903
14105 79425
34173 82319
12075 31340
53104 70908
68995 82491
30794 46953
49905 53958
18416 43562
67442 83967
36383 48949
29155 52835
14435 82252
18911 82076
45702 70805
61780 69555
18636 54482
51646 84020
1405 60116
34965 37618
21606 75190
23250 76677
18059 49951
11855 85650
12443 13692
52905 72141
1499 50441
86005 86885
22691 86499
3485 5242
67217 84722
15885 29297
25370 72753
10639 31853
52363 77502
4719 42878
66458 90792
33790 90759
58011 71413
57658 77396
34429 50375
34859 46186
71811 88571
5454 33677
30379 65647
35073 70932
17796 20971
26049 87075
31901 36249
21800 56820
12182 36593
14577 64484
14264 25167
37239 45403
22804 82253
11890 62228
28651 63634
20466 64817
21147 34812
1792 14861
35788 49374
42093 84695
14385 37795
45900 54518
24447 60993
59502 72399
9491 85128
33869 54532
2197 64050
42628 44560
3826 13729
2701 8657
28397 69593
30470 63073
47494 68127
18896 68763
8269 91156
33826 45392
451 35150
64117 72997
44959 68092
160 79968
6697 72672
1543 7683
25155 42362
71145 91169
71790 72885
20155 71055
24517 34579
54630 71808
35250 43660
792 75151
13742 27083
60606 87920
53190 65834
15884 57778
6782 61696
76383 81314
38098 45856
30201 90855
51929 70647
30689 65360
1229 4736
73683 84192
14573 73605
13159 55958
25203 39650
12393 87376
11106 88163
36405 36747
55709 59719
11362 53015
9580 91452
37636 59011
72451 78798
57453 79655
43985 53198
36982 64679
16823 44868
39480 46311
33429 85784
12163 72052
18770 89996
61474 89694
55449 83897
9847 28406
7949 9782
14336 55204
45606 75916
31641 66929
36001 46420
18011 90716
19031 79492
23757 76497
10876 29426
18749 61737
11631 85897
10657 85146
56669 59612
10920 16154
28305 80578
46885 72012
2335 88711
77647 86356
23285 63999
3953 65958
5888 64316
15318 27835
66162 79908
28508 50311
13543 41616
54890 79608
19518 74001
8635 90618
30998 76084
18710 59774
17391 37450
35053 50746
28495 67334
10869 80677
50755 68352
17042 83268
31764 44115
70831 88196
42530 47860
31478 38402
2189 40009
64833 69994
7262 34763
14253 76863
2343 25601
15285 86007
616 6354
25487 88736
42275 75590
78513 87796
58657 80557
11989 57340
53482 86575
23368 68358
23824 26370
4941 31684
36003 84108
42447 52675
50775 52782
5627 22879
35430 65595
11032 50732
50082 84676
20709 49682
36223 71172
50644 87815
2724 37038
57629 67709
2989 62347
22603 75837
85980 88791
65219 69908
1694 36303
24416 78360
45687 89641
49376 52593
6667 89677
1622 69631
2441 61837
25915 67703
49003 77077
63289 64862
6518 11760
2668 42946
100 43603
16113 83874
20906 47285
36559 74805
1951 67616
14772 25447
65057 87956
41469 50820
263 16873
86908 91134
46199 68561
76088 78538
65555 86154
33209 82871
22175 33947
44608 88999
20456 57637
8169 13665
48863 52173
61753 65781
29818 40456
2872 83790
54080 69124
10069 48105
68256 74530
52535 68655
33476 48923
41417 76885
64138 77209
19326 32518
14218 34105
55943 56262
49666 61699
2188 16904
1245 49610
52786 71693
8819 85477
21756 87153
22258 89442
45655 67680
62947 69722
9029 26643
71004 74347
34246 41882
41215 46142
24304 84665
2958 16237
78087 88575
41698 74422
57037 73386
16597 25222
32146 74847
44512 71877
68194 74114
68917 90030
14771 75068
70239 90654
11071 27308
19314 64188
7408 44136
6952 55211
16585 90819
10930 32795
56452 83629
21455 27952
22409 47366
58624 77907
1862 90753
3510 10083
8384 45539
21255 75680
50947 68406
1240 43052
24093 85876
3590 6947
77168 84816
5316 38609
41478 79330
26321 53811
56451 78677
22589 56951
29967 63168
28440 38830
39332 41991
8689 54288
14128 36083
25692 40491
12045 29012
26643 90198
41707 56865
15147 39807
27169 63549
72255 91655
7261 78509
20837 76007
24018 52416
66479 90723
19611 47314
50605 57048
28948 60113
59198 74823
41981 51908
13857 74112
26328 63761
22983 27430
17865 48882
31423 72071
70806 72552
2602 81757
33740 62921
46143 51343
33872 34237
13058 25084
1176 58556
1165 20714
14194 63471
7684 44817
56172 75913
6147 75822
79137 81021
9571 37733
64868 65147
46224 54235
5833 20246
29280 72945
24225 50543
9175 67879
41357 59343
55702 66397
16820 84630
12411 65605
20754 63849
42240 85623
31199 72032
3524 13801
17109 73637
27815 44599
84724 86347
50365 73344
5523 14434
38701 57908
1020 90919
43892 82523
80368 80550
53725 77660
84245 85720
32551 83428
19558 25007
58316 91565
167 49292
17049 70195
25774 51631
26590 35863
7164 38517
20795 71063
77633 85598
5546 44575
931 32731
17909 39427
3676 30577
57673 79873
15153 45385
25097 52789
17009 53917
40418 54996
35379 72286
57485 58672
24990 60772
43025 52969
13815 32457
52511 85179
32173 39514
35570 61445
15452 15684
17238 28116
25243 63163
11777 55943
42785 70950
53014 86714
22064 85826
20579 43073
35244 85642
25058 29565
43596 88373
2957 21013
48722 90002
57429 72724
45963 61330
17878 80212
16633 37281
7342 53855
17537 69352
41885 91360
27354 72573
64068 87695
8834 9686
69877 80486
938 65671
1414 59578
9340 64754
10669 12069
22636 91432
60356 65863
13081 68192
664 77765
39317 61541
29561 77938
28008 71068
64924 73538
13321 49187
48828 91507
13850 55071
66106 83315
19366 87168
17630 37411
30675 74758
57394 62366
35898 54059
2535 62185
50927 68117
2214 34099
7081 16199
9382 47725
16957 19562
40123 71534
25203 90929
23530 40195
38013 48411
41101 43186
38025 39610
34767 38367
20642 56177
1995 13681
10818 21721
25495 42108
64014 71511
19815 39232
16185 22568
26707 28552
4729 32989
8842 13760
11291 20813
77116 87439
41635 91056
11556 35895
10149 41490
44072 89899
11647 32018
62717 78321
66191 71320
9951 29451
13355 69866
57455 82782
9890 59500
18454 74992
44505 80254
158 17657
13747 83714
31358 33232
46448 59965
52866 53723
19195 60404
7567 77103
53091 72636
42267 80107
57833 60226
57151 87789
67610 74960
7373 74033
16529 30887
79386 82142
15044 30511
29945 58114
31166 43973
70212 75185
5881 74754
13505 48254
31 44357
8562 88040
22245 64717
12759 58645
22261 39654
40467 89180
55160 85008
32073 70527
11212 66200
32806 81456
11647 58967
3205 80147
16494 31347
71237 73087
61805 81438
43888 49561
6095 47070
5339 84264
21703 86005
29023 80261
55030 86622
1507 60402
10812 51191
10274 79245
18503 70889
26426 78217
14689 37024
14582 54969
9888 47113
2118 76080
39221 59841
33568 79894
57184 90884
3268 65106
75028 86195
6340 70768
34073 74087
32885 76130
40212 54455
51440 83103
12394 40962
11364 42723
23416 90272
8147 61859
41983 51973
28768 76536
87709 91342
63812 76890
13553 44580
38458 42800
10450 55484
41112 51098
20410 84701
18854 47298
88555 89291
8153 80907
15315 53158
40990 71177
47178 65918
28394 81704
61894 82577
71902 80310
41890 56687
34024 83721
643 31877
24362 72166
27187 72301
29142 47775
61167 67161
63388 88174
56632 75290
1234 24887
52805 87131
13990 24850
20749 26213
7503 8870
12905 19355
40785 44880
8190 66321
30695 86039
29784 62113
1711 8042
3244 21498
34518 87169
38234 70169
12149 64807
15860 17310
58167 58399
66208 71344
22352 23939
36811 77209
848 77725
13198 77395
8474 78422
47346 50946
87455 90855
7869 70010
20471 25114
66681 68865
11957 88700
2139 33095
58519 78698
56193 84937
24312 50467
43186 47693
20213 23828
58651 61383
63160 68526
38072 67172
7391 17875
22450 38923
44475 52518
29281 45963
10483 75955
12252 38733
25810 80586
21663 47767
52011 89155
3626 17222
37176 86344
30363 33944
28293 90877
9318 43114
23783 77488
32039 51979
26799 40833
27933 61745
13932 18023
60987 75067
3507 72152
7739 81657
41973 48078
542 46935
43338 89819
14151 76929
27092 41844
19918 80742
31966 87910
62666 90626
35620 63672
28116 65234
20203 63649
4376 15918
83654 85085
5137 79124
6733 57680
8860 10988
6310 81322
56235 58277
17000 88415
21843 69400
1647 80083
7800 69106
30308 54012
33836 60165
28463 71748
6816 32461
29914 71168
48450 50804
67287 71302
20971 65773
17739 35352
50062 51581
74986 91078
19681 28505
84928 88545
35784 79196
29344 62274
22790 67358
2878 39071
83075 91241
41847 50923
47060 80778
18781 40798
43968 81706
30861 74310
2479 80474
28492 62862
50299 78378
68022 90700
41427 70635
28544 48196
38927 87256
21398 75005
76914 83537
65153 75622
71612 74746
25876 45195
26537 41596
16771 90887
20530 78490
22773 40786
28604 39594
38734 67863
53787 87964
83012 84913
57596 79866
46030 68239
3706 43926
24591 35641
75308 76499
12355 39428
27152 32148
30213 61972
14616 67627
50470 59421
8380 44278
28442 88367
30154 73274
58229 74085
74930 76923
57030 63451
26834 47398
23376 79934
58834 72865
59236 78378
22029 47494
32658 89605
9535 47360
47258 61663
1676 35440
10662 76691
7471 80563
28481 44905
42523 73479
52714 62879
59942 89176
22293 61162
62209 79837
11136 91215
48743 77622
27436 73532
44694 81832
3712 47745
18896 74776
27059 65439
13624 76243
33910 62953
9657 75125
15333 83350
16368 45604
32151 57033
50306 67545
29805 87681
37464 85673
18939 47567
8967 21079
43872 74192
11157 88750
17648 46065
28490 46087
15045 18808
38013 89191
28906 43291
30213 65197
5758 33545
71103 75326
7115 70406
64912 79478
281 82835
3459 55444
3440 28769
57262 65709
10233 17479
14588 59182
9230 88246
4040 69437
77501 81220
17973 82955
29924 87552
47323 53460
54522 62732
47413 77003
1109 17837
9936 80636
68078 88175
10751 82546
28203 35582
8117 42775
5531 12774
16318 84911
2105 33115
53724 66995
5039 82638
30436 36605
49958 74380
3456 17204
38430 50565
12156 45664
35979 82069
32994 46204
79388 88393
46752 58020
8024 28003
31299 84726
624 2276
5788 46776
3788 71954
40951 56832
89170 90091
13265 61054
6331 50669
1603 48108
11696 64127
31463 39097
7732 26626
7923 62937
60168 83661
3376 13564
12742 20114
23154 32461
39458 41240
5002 60589
5513 88981
1772 2187
30715 77823
47014 53791
27504 32212
18907 33652
2054 18605
9192 87728
22781 49772
58446 82214
59209 69084
52059 56537
32394 65295
22801 54868
14209 88986
13609 71570
13583 56977
35538 44109
8769 69853
69292 75927
50025 69313
16647 45756
18475 26152
28411 55166
6009 66000
29372 85222
12781 85037
31865 44819
52785 83768
70413 84723
41971 68558
23924 64348
12711 75284
29687 75668
32052 49104
6167 49070
21804 76665
28860 60274
35131 79149
19639 75491
20670 23190
26580 85878
953 43289
44362 87561
16843 73585
28975 59654
50779 73264
44749 52738
3411 41004
14842 48004
34830 44635
11986 55380
41623 76570
39104 40470
2526 54927
29203 48755
47520 81131
10878 60534
16983 91573
27171 44900
24276 35700
23085 46691
5924 10223
35676 37859
50658 72090
71210 86860
23770 61885
27542 40612
63263 82002
57992 79482
3769 70146
24762 87133
31870 34744
20076 34067
40701 79319
2944 68097
77610 86785
26337 87546
25746 91023
35881 54592
57288 82954
27026 77969
2914 88962
38472 86139
6424 36644
69381 75622
28275 72409
59187 75387
7310 83491
10553 44510
93 47218
27271 56250
2194 19176
67547 74880
42952 60577
309 37549
21734 26704
22099 49164
80907 86166
865 26308
71991 79634
1729 58544
20177 21869
33891 91421
9343 38307
8118 80881
52985 71660
44793 62844
25565 51673
14126 35633
32987 42763
16176 37505
8750 65769
11920 88823
7719 13168
72948 78426
21180 49547
61045 71705
41232 82673
3191 88420
44231 61648
7868 11649
11615 38424
28688 60867
71841 74043
19712 56712
33375 39054
10561 75219
18142 31820
41395 44495
34435 74576
26385 60368
12731 43183
9378 19317
21409 45516
23780 84007
84156 91220
1509 28248
24096 63191
48162 68497
13613 49002
3713 48160
317 34402
1852 27465
45178 59500
48773 73827
27167 77362
26663 56611
56529 74481
28244 91622
53318 85486
28513 46208
51064 68131
57718 64801
6917 34371
22979 28598
5996 55497
41815 64721
63174 88838
50157 66516
30045 66338
3328 3635
25306 56718
4132 6534
30044 57019
26295 89033
39090 64787
20075 43395
12522 62301
4169 59307
28916 56092
28691 76211
44608 50201
37147 86549
13047 82517
72708 74287
83932 88997
589 59027
20143 76858
8905 44458
29404 49560
28202 75394
21156 52837
75966 79856
63547 78389
55482 63185
51117 87913
58104 81575
183 91675
57044 64441
40152 53659
4457 83373
21738 61829
42141 46758
10046 84870
26823 82417
28273 63231
66115 67439
28281 38395
36445 58237
30953 42594
11447 52781
17132 62894
22971 45508
27178 39731
38635 42528
4612 43034
18352 57110
40971 49109
74704 80127
6139 13506
40151 65279
1725 56795
38501 61369
35097 71001
26349 58701
49004 81370
10457 56132
17468 31103
8041 76910
197 54703
16795 49215
77117 78608
13520 89897
44406 88069
34281 49890
58239 76569
61503 65852
20168 25968
7959 13473
56590 74909
39506 55836
5678 89214
57681 64941
17653 53162
23567 71384
17304 25271
22795 86652
29996 35516
54418 57727
19559 47380
20660 34324
13708 38771
31727 44406
29421 46289
65440 70356
11450 18735
35949 78008
2847 33170
6626 90657
41395 74324
64387 73734
9044 52369
27286 31038
33676 59923
45411 83900
19160 23027
21651 63521
809 23173
38182 54679
12193 79790
20118 55195
11525 44939
25849 40870
36695 78228
54022 54965
66847 80100
29602 59369
6867 79646
43947 66757
12171 47068
7073 27917
35452 57966
29844 43758
49358 74879
21528 63130
9445 70610
33170 52271
39428 40794
41529 63092
26207 70620
12815 67823
45739 70222
48426 67287
19404 58830
18509 21794
3962 46142
27473 82429
21534 23917
27022 82521
81232 90455
5470 45755
766 54032
20761 36716
10743 57828
16981 62468
13567 62106
44491 48490
30258 52378
33809 41163
49321 67734
18532 31280
2665 15462
72708 91297
12935 23334
28305 35500
69583 89588
62999 74678
32529 39438
21768 25882
55056 77752
60668 80867
9518 16498
22538 58078
62506 83493
53079 55897
38465 47399
35434 66837
20573 82376
77157 91106
6023 12901
63408 79149
49304 71991
17787 58314
48981 89443
28574 44415
11294 44936
61694 69056
1071 61218
44539 76376
61601 65667
17225 66952
16029 27725
44475 78605
13767 45239
32867 75011
31187 38780
18790 73920
88930 90210
47768 74159
75104 76956
2847 47028
75050 83011
29673 48983
51450 84620
50908 77074
19388 40252
21921 63994
1989 48689
40093 57054
52216 71297
3640 20843
7141 50741
72326 76463
30019 74999
13561 22421
15024 52139
47477 77624
81385 91585
75772 88238
21046 38503
20816 38001
6265 18728
19558 52487
22402 33209
76764 82689
38082 85927
4530 71913
21089 87549
47652 83300
80146 84750
6785 16099
56586 57602
51283 90816
46291 73961
39992 42988
7966 70276
68740 75191
13721 81361
60425 77254
13347 81880
9959 90325
19005 25525
45341 81504
28183 63056
9198 30591
60926 74145
23559 74097
64624 74213
1952 64272
2377 69842
50615 88931
32312 88718
1036 61857
19881 24850
16 353
5827 43395
60406 85180
15361 19938
59092 80159
48322 82782
23046 42093
66478 75888
1603 59378
2485 11955
10836 81101
3363 66996
37127 83377
1381 36248
21807 81627
32782 75603
9814 69179
27785 83990
1387 71408
65019 66404
18383 37143
45470 78916
36391 58882
22656 83852
43882 56987
16736 48866
65961 75323
62134 65539
39395 75517
4547 47984
38515 88710
24385 70785
49252 85306
52996 65051
167 77269
10891 35700
24500 51261
4408 59169
37839 76640
12112 46068
40909 44988
21738 36184
1693 28967
20605 83427
13534 56842
28130 76976
1746 72938
28780 80978
35765 80065
61795 79521
12365 47090
20246 86595
31657 36348
72332 86740
29219 52176
68869 90951
54400 67107
16366 34240
11378 65300
32619 78689
46100 56897
87546 89093
33739 76561
15419 68326
52306 68308
33507 50198
48530 65666
19424 25250
22179 70870
31524 67320
691 33014
44412 71277
19049 81999
4241 81952
16546 71780
39087 70302
42503 77504
28020 31006
10031 86109
38523 82119
12930 90836
47727 74670
3882 11546
44194 57988
58077 73444
12449 76646
15099 50147
19693 53736
77449 87213
6981 65818
48172 58655
4592 8617
15585 83163
54915 66463
998 16463
26834 52173
50488 73898
29818 38159
13116 59615
22986 55919
57728 64537
45702 74155
3512 22399
25367 40131
12080 19926
20557 64946
26210 53382
43356 43409
32198 57440
22995 76214
81317 82873
44718 69148
851 47855
59319 80961
567 24907
9197 43290
3538 83506
47177 81161
5898 81102
2607 87481
37353 55904
44802 82227
21193 81255
61433 76447
39029 68055
57203 73633
53097 62364
5449 82022
26552 77299
1638 84755
34652 73458
10742 50885
44150 77951
33611 85362
35786 83454
29900 57628
42122 56992
35471 85370
40998 80535
47047 77939
9735 73366
36247 70663
10559 83292
28898 67501
40854 48290
734 11622
17349 18172
17107 86382
53205 90967
67491 86790
22622 58096
62739 67506
59535 60332
49026 87072
13605 55880
10992 71190
25058 33644
31772 59511
15044 20288
8511 67302
37156 63912
18621 44656
1836 7957
22096 82555
60918 77130
40133 80392
88446 90573
47527 73725
16844 42009
33285 53035
4556 50494
47276 50885
66093 66574
1711 47975
43453 88432
18336 20489
24435 29242
15185 31991
8533 53039
32734 82911
36261 73057
78085 91556
33100 53333
3055 21878
28062 62470
6951 86573
54855 83514
72488 77454
35452 73380
19912 48227
42720 46719
3226 5406
52328 63418
42984 50394
21467 77985
59243 64519
33692 70776
12416 29034
21187 68155
20618 50500
7645 89091
14917 55181
65671 82526
32936 81418
79286 90920
41667 66597
24652 54765
23780 31834
28513 78434
58363 84140
18479 55229
4033 29147
47449 88647
21750 70872
58928 84620
79950 88808
38334 41006
18797 62260
16540 19566
29459 78289
30456 67164
21933 52793
5390 44538
38949 53727
24062 66922
36424 60934
48522 66644
16610 84036
55615 80921
16637 65755
16044 67997
41904 91501
11571 74225
7041 47130
6670 74038
25541 47124
10296 29163
25537 38963
40365 68787
7392 58437
733 757
11891 37843
18870 67035
52398 71658
2537 47925
3265 67180
3376 57710
18133 57717
62215 72291
49471 85442
1649 44299
12034 62440
1152 26961
12354 50735
53093 56477
3544 56013
31896 41690
7762 58775
25846 75890
36423 69837
26212 39100
31201 66457
36042 77679
28637 65169
45439 55403
19080 91444
68996 80015
57562 85868
22756 27661
16446 46212
14360 50162
19017 23399
19145 22818
83080 86618
12201 81890
62913 82687
17223 39585
70435 81096
68701 70539
69578 90131
6184 24530
29624 87762
44205 90529
15599 66377
8964 76426
3896 21390
15435 58999
20710 76549
3765 51651
25835 74131
45223 66296
20081 26926
9873 78655
4189 26314
28186 72291
59159 87696
11286 26064
13838 90166
23069 64996
51326 57960
11743 68247
77744 82000
36187 39610
8891 85066
52159 74699
38520 57475
35265 51762
17022 91634
5268 54172
9987 72269
13997 52390
31488 63646
58830 74908
6296 56379
61220 63394
24821 47525
4021 82234
8209 70385
65255 66712
25719 72167
11983 65019
27465 78712
48487 82358
16301 51969
63532 73075
28727 84562
28000 76498
1687 61217
31229 75825
715 1988
8609 39948
1074 51893
13671 23002
15975 61212
11075 76558
59376 69401
26754 57202
7915 15251
35496 60377
13105 54700
69357 86683
55825 68554
57712 63613
1464 41362
13033 62061
29987 75188
12940 48487
25277 49338
53593 56642
14531 36169
29432 35047
44 44100
1962 71999
61370 63854
37439 48148
33338 33406
19773 22502
1458 56107
72845 83875
3814 14992
35994 83041
4954 85894
20542 33784
1053 48710
1337 65070
56945 57886
8681 30918
31039 42800
52584 84469
32344 53254
6490 22427
4309 68286
60326 64533
62515 74278
24346 50164
7861 40037
37159 46549
10076 20358
60471 75478
78343 91119
40702 71703
34491 64228
5489 10323
83867 86342
14980 54984
40900 78816
21030 29269
42878 78458
25346 63216
5692 85873
47153 56495
54330 59266
48022 51385
4332 24778
63056 77416
34715 49858
74607 79744
12292 47741
29749 69893
22623 33387
33579 53429
6363 41429
47485 61526
73639 89804
72440 88788
52264 90168
3174 41337
35134 41392
35692 81330
31566 62931
46634 66194
2500 68561
21790 66607
32821 89028
37267 77578
85997 91406
43579 91614
19128 74702
19087 88760
35240 88697
12647 21747
18614 20307
43115 88034
67911 76946
25360 37589
55483 87147
2891 68897
41160 65600
56313 78125
66688 83117
10418 34537
13743 75903
54441 57262
33967 43817
25006 80834
73935 83559
27661 81935
36828 75615
77718 79703
27707 78042
38939 41035
18670 21196
3936 23349
29241 80069
29467 46540
59812 70265
12773 82885
68588 82630
12835 33865
28418 58741
20020 83413
28134 29465
23635 37507
29273 50124
44547 73304
44701 46233
6310 50143
5060 64960
29786 31626
36547 64047
6135 77073
11119 44901
44558 50479
8985 61592
9798 26666
50854 62040
8064 37964
20066 24584
88242 91244
35255 37025
59368 75524
45145 86814
57047 73292
26685 78988
25723 80833
17101 55831
24139 79018
49320 89240
23310 79992
21903 31299
73034 91545
9288 86430
33581 91341
2659 72911
42131 43790
64097 77723
41049 89391
18942 22809
27736 53165
46791 88181
5089 20951
35947 42919
33814 63433
83841 89755
13021 42082
59033 59328
42226 90372
78056 78731
3060 57274
15934 58383
44241 91295
46768 64374
37576 58706
28899 49334
16856 19930
26291 71183
50769 79609
1915 40127
11338 18189
71911 83570
2482 76947
20098 58318
28483 37447
6382 35719
13546 72976
3747 57778
36814 82858
7762 83513
56115 90959
54757 67655
5449 41146
26907 53118
55720 84926
37601 67344
14532 74701
28556 82071
70707 81497
72749 79655
83469 83841
44565 70859
5094 74879
28551 77028
28979 89970
36052 88184
14781 26322
5885 69692
2688 70466
30292 54861
29674 71827
44153 63323
3270 60154
35731 53026
17320 88045
10547 72676
27641 88873
25618 47296
62844 70056
26794 89945
21679 52991
17299 53965
3026 59958
57291 70399
38605 88239
20273 26269
20278 72702
45842 83405
29275 63436
24087 61060
69725 87772
21611 43549
21573 26173
23357 85235
33329 49331
14226 23021
63953 73058
38055 90539
64180 76617
29618 38752
30676 39035
23719 48001
36902 56818
2395 3068
15320 46389
42024 76616
36618 83300
19329 43808
26042 75369
10788 22479
55538 73067
8805 68279
73079 90294
22928 25942
39162 71745
52222 52440
1799 13707
37613 67071
18040 19133
15691 58027
5683 52095
51473 62353
27407 80093
39770 67942
3801 28514
39491 45838
63227 85591
39681 77409
52698 59782
42100 56918
35306 82610
3428 86229
1175 80208
38867 76639
22748 30053
47458 52500
9222 20330
75440 79306
25292 67137
19041 34781
27004 50381
1683 74221
16936 90304
41043 77018
30339 63963
43992 83917
20141 67008
54056 63118
34229 37190
55962 91028
66510 81405
33658 85718
8891 82688
28169 54032
35438 79898
38672 89353
84402 85102
34816 36857
48302 84021
13486 49531
25118 49444
25932 51395
1370 5531
4949 62981
59513 71469
71213 74209
53655 55043
27276 36427
54459 77194
14379 42341
16053 25653
38739 52881
60085 73052
17865 23632
10201 39630
7013 10476
53267 85122
53025 86374
29539 69291
5953 14620
41857 84160
26042 83545
3992 8140
30541 55200
17900 24684
16960 36056
7364 18008
75833 81888
4918 24328
17504 32610
4495 8293
5759 9272
65691 70446
4349 25526
34396 50663
61666 74998
77751 91067
25745 55837
230 5181
57697 86558
32161 58775
24057 46963
51700 67922
14657 51071
19277 89450
1564 67906
23695 25727
9004 12623
62772 86944
62346 70838
2068 86250
13078 59835
51372 55572
44505 55380
82047 90689
40952 55468
66690 83007
44233 67718
14206 88432
17286 72529
8221 88974
2309 58706
11635 36242
60224 91514
7584 25304
25511 53800
11755 78881
48313 63099
55241 80993
23768 69842
83576 88740
46846 53198
5832 35526
604 2233
82538 88838
30913 50474
52226 63140
27188 45298
14178 37751
63107 85250
3475 27161
47411 68185
1877 19916
1294 39917
26381 74800
24114 30071
52937 56125
6888 24404
8860 67367
6397 57583
11488 27588
35958 62109
7474 88052
18782 18842
4023 87618
6494 39422
7904 28910
46889 77340
56012 80665
3328 29515
9164 66681
29148 68870
6349 25769
16853 18260
44673 86605
16212 39179
32325 49920
34014 90050
57372 68123
35436 51783
28273 36668
70086 76686
10264 66303
3211 73632
3985 26402
46711 56290
23630 26200
16210 18802
27678 31290
24375 77594
65336 86694
17616 26159
54581 77025
35382 90620
31144 60183
19409 45175
22326 58317
21456 88094
9250 22749
18988 72270
32935 74881
51321 70613
51841 69356
17712 42585
11205 70579
38956 71237
39844 48335
32260 32751
26517 34386
19492 66128
20734 45092
61010 83921
20500 54519
46526 90907
60048 86448
12150 89391
2675 79649
54871 61497
53693 88383
47807 77400
44670 73189
27409 67966
65486 91015
83724 84562
6062 39730
39855 50400
37298 83003
49732 71371
9443 90502
16460 67845
24913 44534
70535 73673
36834 58013
9572 73876
48950 56762
2459 40964
31527 74289
6636 64491
22530 80497
12313 42289
81569 81611
20757 81964
12265 68297
45731 87561
51982 52761
43058 62808
2427 14408
1347 37283
56293 58643
18275 77196
36154 39587
64054 83084
50198 56035
2854 13988
36995 69914
15349 19507
11891 33574
26501 82219
25487 39855
33089 76806
27957 61157
294 7343
32135 53911
79712 86117
66455 71845
66868 78693
12318 12998
41020 80431
27187 56728
12436 32072
20472 39164
10095 54933
9561 23809
22759 30754
18107 41049
17832 51927
42740 48423
2140 79185
13962 42902
4464 6442
743 75817
40561 53578
44136 84200
616 2323
53550 64326
19284 29113
20354 31466
21843 72138
4420 80089
9781 72644
41835 75715
13256 53930
60284 91681
33795 89288
5685 38905
58888 85884
4234 29246
5502 38809
5674 42431
29862 61532
20627 35010
67370 73131
41075 46221
31681 86270
4046 50325
19599 83028
35714 86192
76436 77794
31269 56058
37141 43379
420 35676
40919 63232
50330 79847
21752 68944
45086 89517
24722 77654
31523 82721
20765 87892
13950 35000
4365 59931
8679 56081
59585 64870
1313 38100
26025 38445
11358 51762
9561 54586
30493 34353
10923 29615
29476 52973
16528 25783
32652 44983
43572 55178
73460 81676
38751 46921
47736 86293
22054 26951
23211 45816
4025 88258
66103 83183
22223 30800
74808 79892
31086 74111
29409 78252
66226 72483
31378 83730
65454 71026
31878 86922
66790 85105
20288 60077
33806 55318
7188 90277
49447 53386
20351 20768
37194 78480
6969 15898
7164 43550
32773 63273
48839 56126
7873 51086
16314 18791
64833 75328
65490 79983
26752 50971
11714 21044
54742 74201
57138 65184
19690 55922
41313 49738
36247 74235
3703 81020
47514 61051
81963 90040
57182 77816
51094 57125
18599 23566
74848 82151
56572 69610
3356 72809
37803 39947
39013 56029
437 75285
17938 76462
37331 73438
25332 47191
73265 87435
35931 64418
42559 44588
28007 42342
7625 91169
63918 79687
84737 91330
37158 91158
3077 54920
38559 86051
44555 68925
39188 40311
31297 71406
45580 65838
8005 90002
43868 90908
11223 60813
166 39735
47851 86697
14209 69576
47967 76040
3902 55233
4172 24233
50531 75540
49532 50328
18272 40477
44498 64237
14502 91449
19760 20791
48551 62240
22588 41655
16223 52725
1080 72164
58351 89702
5865 25691
34417 88114
15610 85087
13098 45485
12396 86573
8750 38537
24034 63563
26740 35702
7107 9214
8748 9031
44083 86049
8637 52178
2670 56921
76101 83142
49330 90277
3127 50681
13009 16499
48510 53240
19323 65375
33249 44697
11857 70330
37935 50319
30842 43379
41311 72243
88107 90048
17049 28728
25301 61808
33457 35777
26520 34022
13340 87067
13572 50641
38102 51830
48176 58148
5626 47848
20702 30866
2500 27748
12336 23107
24126 71396
7495 80043
4450 71194
10051 47305
14896 86047
20483 84856
13440 15524
1109 83288
54073 60123
29964 60896
39560 89225
38234 49094
28717 43780
66722 87976
6116 15887
29417 88960
17228 56764
23025 61293
5644 34313
46111 82452
30782 82810
55046 82127
35127 52974
11001 59207
20525 30993
14660 56969
21709 58659
9440 53801
44897 87518
51055 54626
67101 83039
33686 38209
56003 85100
1268 5331
75336 77120
32731 47000
29325 34816
14254 60080
3050 31391
54860 79546
3954 23261
32229 84605
30419 50675
21634 44603
33566 35477
15482 76976
42766 52538
54364 66392
20369 80080
82836 83854
58634 72444
47845 65492
14700 53005
73106 85488
54453 69480
34226 36548
43915 74642
882 88452
16596 50057
26846 68677
20622 49747
34562 40480
2824 52748
13975 30403
34236 45014
31977 67150
18801 81213
47226 83880
13912 49108
66472 82789
29094 60039
44661 77745
1286 82223
59574 85448
19384 35032
76467 90431
12621 67232
73289 76995
29373 66013
27895 75830
27741 70419
17 33385
44881 76128
455 43198
23337 39405
19766 29286
19461 54580
13208 41577
917 59841
50935 54338
23013 39573
19143 49784
24350 62598
45673 68315
26259 76684
6638 14692
78280 87866
32893 89879
13901 48969
27131 35437
5177 90682
3314 31714
57545 74655
34029 78725
18435 72561
8736 21401
5862 14701
15976 55955
35780 50347
71891 85756
49165 49898
14324 51963
38100 75804
38077 43729
54760 75699
5339 89065
28966 60663
6016 47585
49256 83395
4977 52993
43560 86212
20881 54303
7171 86925
63127 83064
87178 87719
54345 63459
16023 29129
36942 67071
4177 72764
22048 27385
5441 63680
49597 51517
13301 82191
38323 90330
8581 87414
27330 49428
14609 85752
8041 29370
12554 65803
39687 67163
18139 75041
30360 70301
10509 78829
50799 83915
20853 83582
53029 71975
42218 65311
51391 89645
1804 58906
51828 60367
42782 77413
59092 80800
52541 72429
13018 81564
5242 85352
65253 86875
42337 74530
31999 78670
28571 58670
38102 48838
79271 82510
78980 81274
77210 88524
23290 38512
3291 38289
80068 84127
44812 85223
49129 71838
80822 84520
22597 68592
17573 81368
21020 58812
38215 44373
23883 25467
4124 20154
3270 17257
10009 81086
8244 19355
6412 7801
18443 43169
34397 52820
38834 60457
14176 83462
1382 20792
15769 17530
81776 85578
6668 77126
30707 81838
57204 58333
18690 48191
43350 65149
23270 59426
20696 72833
78692 79462
52003 59732
30814 39576
53688 55812
13917 18192
20757 40770
10957 42683
21194 63299
16734 78708
27039 55600
15535 72128
9149 67852
35574 36586
1321 70709
32595 52674
74630 75357
1573 49068
11390 49507
17604 27736
44247 81023
48353 66277
1459 49701
40045 45284
29705 32941
51343 66152
34539 35587
47275 81093
16630 85252
56575 89044
55925 88827
19593 52671
43165 66069
13049 84678
9106 18784
6189 80701
2936 13349
52364 53383
18589 79510
45012 57384
38653 58466
78787 89440
68152 86570
9668 57389
7702 38902
41474 50972
1152 27164
64155 68657
23005 59737
5638 86523
28398 59155
27404 78329
43324 43818
11057 34507
36484 89008
62325 71025
24221 51111
35930 87443
8444 47185
30808 34962
34802 46941
14293 21448
28203 91356
31044 39290
7594 74471
46868 66917
1305 38644
7115 48891
53254 75717
70256 90723
41984 72525
3466 22071
40803 47705
11483 56849
67697 90481
36376 39041
52234 66468
4252 68771
29542 67084
253 68111
79033 83276
40267 90146
20251 54903
46926 90227
43226 69642
42906 56162
60149 72040
3370 8785
49762 61288
32748 60238
46548 59059
35400 89945
10187 59651
5996 77351
26849 56147
31431 69442
9467 52659
28003 72022
2788 26680
56376 74910
22488 40071
12139 82397
36561 80701
59156 68316
11897 62233
9296 86976
14087 20808
13941 88281
19561 72759
57987 89233
32914 67808
83904 86925
73316 80245
54864 72761
47783 81590
50205 75995
32650 55656
74660 89002
35905 77787
42430 69318
62619 75525
62978 71480
12807 57305
2869 23406
11973 83943
19430 21142
24790 57612
22347 72779
19807 29419
26781 67204
33980 63884
10007 57296
19162 50889
13301 48231
10631 74095
4273 35506
11870 76279
31831 63426
48607 65791
55381 68661
62743 77999
30858 53848
38495 48021
38116 43474
54135 69638
39545 65432
44323 68214
48911 84512
30665 70204
4530 32063
84473 85657
42029 66695
35147 49474
7984 34564
41308 64546
2594 62644
14320 55076
12445 61401
70593 75448
14474 20429
35045 38124
30039 62610
13264 52662
31757 81577
42585 47356
34791 85285
25862 34567
43296 65069
23059 33723
57781 74568
23513 34396
21511 80317
48224 68777
47985 71325
338 90260
10093 11531
253 32868
45173 58500
23118 23755
10142 41461
24605 67873
26305 89141
12617 41212
13064 41117
33323 49092
43094 82262
1081 65183
58444 90363
32845 40025
19827 29874
33680 69096
49206 86899
31717 43416
46068 72686
41290 58068
82489 90744
55806 89801
17531 29529
17191 22374
74565 86553
25269 78790
73209 89408
59985 91585
63873 77404
17863 30346
29635 50679
15761 27449
24718 32665
78020 79446
281 24509
10877 49211
37439 59517
15456 84285
62426 77163
16374 30141
23652 25579
55572 79229
28130 69377
50124 54612
6429 10382
20043 79131
63407 76140
1428 78468
19988 50377
20895 54857
3296 78110
22255 36609
14908 84237
3168 16635
8479 47642
8108 36552
71684 73297
20537 70661
37421 75708
63219 68070
14589 65996
19774 74766
39882 51029
40151 89762
33288 83225
34126 57989
32769 49455
9197 46547
67227 77605
90240 90946
24112 28378
45757 80485
39012 43759
71001 88895
18857 78746
22618 52569
8494 27539
47102 52866
82132 90480
51641 60496
67041 82852
67592 68753
66596 69155
7612 85750
58986 82872
49405 54596
27536 84794
705 18475
2231 80862
60729 78060
78459 82280
13799 53238
9524 90474
78325 83448
42155 65878
62365 83073
36338 68953
1875 11283
70898 84299
13281 80045
27179 82315
12014 80539
34568 53043
80223 80312
10333 71394
48139 60021
15547 36279
55778 73518
20766 58065
23246 33494
23093 74962
45560 71073
31185 86306
28428 67560
32373 57252
1110 1263
77523 90256
25183 43084
1506 59472
15641 73548
53115 77117
64068 71225
3910 61219
7623 70846
23201 47093
52646 73052
15131 89338
79715 91306
55003 69933
24122 58230
37575 70927
18688 53175
65054 78601
27805 80241
70263 77513
22653 40333
13017 14308
20646 65233
48790 72721
6524 15699
12814 16201
18225 82694
74527 82848
29490 91421
31503 47461
41501 71194
21428 45175
47301 52822
29006 86394
23991 80234
71162 75633
44135 69020
28674 79181
72160 80516
26621 61049
5028 57386
33058 68722
80246 87163
26062 67567
26374 77853
22680 30215
3061 71491
11434 80350
7764 37725
48443 76063
10445 16281
11527 66202
10540 36941
46243 67380
38750 89425
35574 56879
14978 79176
62194 83534
35222 70554
1320 16428
14062 28202
19486 40271
11548 30492
11583 72002
21970 35827
26766 67619
536 14926
72623 86256
74583 76699
3504 10167
21432 46334
28075 81701
59781 79214
75962 87552
41381 61070
38898 79964
42423 64920
3827 34762
18062 68828
36567 47547
30989 88496
9746 65582
17062 47565
23993 28632
22264 55161
45511 82237
14653 51450
37691 63229
61229 75319
35392 42491
31725 67553
26537 63234
37137 42484
38653 90705
39755 41731
25466 37710
70315 76141
30892 68094
4510 34867
31929 48494
3426 6806
67745 80564
36708 44686
24055 70570
16800 29920
24207 24930
54873 83416
25127 31740
29307 68579
31671 40899
63 66392
27965 60411
26221 77929
28294 63078
10374 26491
55554 89106
16491 23015
1619 8610
67878 71657
36614 83566
7463 31565
47278 90594
35221 50984
49987 78086
9045 78622
910 56951
2557 33184
46003 61971
7948 26481
42597 77479
56372 58516
30320 75343
55552 65474
58459 90782
3268 84558
78835 83837
12453 87384
5277 89117
11268 14877
35547 81437
57263 61504
12894 53641
20872 56306
40962 79331
28789 60947
36234 66358
17145 29685
5122 52239
10808 16654
38223 46963
16284 86929
27232 44831
8355 77814
55127 79213
20455 43475
7937 45617
1463 10000
4115 79075
64119 81768
3868 9972
39959 62645
17626 70221
8032 55815
17672 30382
21658 29536
22909 45042
53221 84240
63475 76699
67030 79782
15499 91497
47602 85377
13086 84004
10637 32280
61731 83175
18493 88846
33655 90322
40094 44428
33991 88232
6947 65792
35996 67337
6171 59378
28932 77308
23463 47023
2569 43096
34314 84091
36451 90468
1861 7409
18998 23147
61438 78405
7811 41400
313 46825
8868 86429
1192 38291
6771 90060
14660 21140
65006 90413
18617 60618
11095 70055
63324 80383
43960 55095
30806 87941
5485 36931
11213 83730
35693 66304
18199 73418
6416 30606
49397 68639
26583 84581
25917 79605
67151 91137
17272 89997
50967 70416
37538 39831
44315 88203
63260 65321
65990 74241
1503 90880
53849 54185
13383 29109
45058 60843
28174 72230
16278 22649
9821 51044
15156 18091
15677 36327
11699 22005
1771 86963
47359 80450
8814 48358
23492 88883
59674 81090
21709 25623
33262 67144
79122 87281
12022 27546
15482 39130
2543 53436
50382 60674
2349 87863
25261 90015
78939 81351
31638 69743
5885 61322
37132 63400
49325 88133
66 17134
1604 84147
18533 46421
34361 86754
22038 54414
1214 64496
33942 37480
2934 64930
19811 45694
19178 44191
55715 56376
54243 75318
6370 47464
11418 49785
32420 34945
22418 72657
16379 35587
28360 61898
16095 41691
3934 6384
33039 77549
6787 25217
30871 85600
67184 75585
15027 69051
40732 68825
30349 33944
30908 74859
7192 11859
39843 66752
38169 67216
3304 12110
78839 81406
44988 61371
21511 89121
13317 51837
24115 54392
8577 25580
519 63457
57510 78078
77779 88665
4938 63954
10015 48854
40922 74697
17302 60579
62881 73809
21105 61900
39501 74549
13158 22679
33169 49389
30877 72954
55569 61115
5327 49184
58468 76198
38167 68292
9045 87020
31852 45560
12856 30050
14241 78337
11733 70815
44400 73040
38753 51590
32575 78477
39225 80401
18270 79644
34561 89164
50904 70279
1820 5944
7873 11449
25378 29175
28586 59704
62997 66614
40216 74241
33313 67576
15062 16360
37005 41730
740 55310
61757 67179
29560 76416
6475 26956
43101 75968
61137 80644
25190 66572
68633 81819
7727 50650
63157 81000
9086 42907
64153 88313
37894 87020
30169 38508
76456 91373
63469 70120
13675 19395
24584 80362
15476 65566
47703 83012
76099 87911
35668 69745
46870 50977
12435 14285
11629 58956
37918 38284
41737 64838
1645 54232
39291 85574
12708 71630
42015 52201
55600 91236
43281 78254
39391 59700
41776 84595
47084 80901
39122 50908
43871 78871
40853 42544
2464 68599
5847 11005
69807 90482
40735 88054
18546 19205
47113 51534
54862 55839
17306 30948
6148 28007
42968 83006
2975 8800
35853 89236
77867 84248
73947 81880
171 27446
3858 67114
55474 56405
61794 91272
6764 31860
34723 44297
46529 75499
56199 56601
4458 13674
3070 41270
20621 44352
36279 87068
11374 66892
12728 31718
22223 26714
71789 85365
26107 67317
31268 49610
57733 64051
48153 82416
43517 89649
16847 37681
37654 38339
1066 57807
20529 42260
25776 57435
19955 65758
53045 76142
15621 25483
17263 73763
38502 40907
6822 55391
52546 68871
2968 41285
29406 45392
299 520
56292 72857
62144 85850
57762 66482
769 38866
3525 59146
51051 60239
70636 77707
3941 32302
5929 24106
41380 57369
18128 43666
9436 30315
18378 19223
20734 83074
50666 73140
31342 40956
59871 75367
15689 79958
68122 75626
24956 38373
53586 64449
13175 18543
6446 15847
21021 81286
8003 85375
61227 68013
28916 42799
7138 81547
1802 19873
17259 24273
33550 50850
24417 43197
16211 37497
12612 20977
16822 25580
3387 71754
13526 17743
3913 84458
9654 77149
16259 31413
35098 79412
14100 50143
6495 85624
20476 42919
35631 84705
21532 79511
63885 87407
18489 29007
26390 84694
74556 75879
72317 73450
48390 56870
49897 80727
19201 37526
22314 75998
26204 73428
40232 58229
41537 72780
28366 91370
79759 81820
47474 86464
50607 58651
30694 74093
20820 83235
34274 79365
21979 64659
67714 71064
73187 89012
13003 48973
8850 76146
51917 69849
9271 76578
59826 79961
41269 65580
56074 73438
1761 32977
5417 61321
47177 47802
643 4693
23952 82166
10774 71234
46590 46986
16361 59218
46074 61462
13922 34683
39879 61376
30574 62749
3175 68588
22274 82355
39795 60363
16327 35810
53787 57431
68413 76882
3365 29076
5064 63795
19888 30174
84486 86005
40629 75111
68588 69899
16608 85600
3243 69120
63335 76995
24033 76578
27886 44161
42667 90945
52890 80248
724 34643
20580 63977
12926 44183
30813 49299
1536 81719
53765 83054
7360 90534
47544 80151
13086 16289
3575 34587
2793 43265
12344 68140
46582 91098
23475 59689
32645 43484
5314 88163
3746 38281
61864 81048
13922 61893
10354 27248
57508 81673
1197 21652
73089 83347
9957 18529
33833 84135
24125 35068
55976 65525
59274 59923
29664 79207
56592 82215
48865 88938
1408 12349
15932 37954
11253 20877
19374 72734
41685 61913
5402 51508
15519 80494
27389 74574
4295 52310
10182 40708
33819 88220
9417 18015
36978 40795
22267 72714
45334 68037
53640 67238
35029 49048
75839 88236
71879 81176
81183 90775
4337 28647
8654 17624
70649 74642
70974 78062
40601 65672
72094 90222
40010 60798
10650 68607
28131 40107
10815 68473
25062 81559
30573 60728
22076 38912
6300 41390
26921 36708
30823 32069
31300 74539
15849 60022
3375 62222
49071 73559
9862 53441
2490 20294
31211 38483
31160 36391
2781 67278
5489 70617
9867 68863
15025 51513
4437 46817
47193 79259
22202 31438
25646 29903
27154 86719
24482 47189
72297 76971
63604 65048
14383 80669
1457 48537
27598 54329
82833 89169
78166 81021
32418 73908
54865 68621
47289 70222
34081 66385
8147 75510
84939 87652
47751 52194
10538 46455
5440 61842
23227 68567
56273 57308
20124 79426
57764 86360
6703 90283
75741 86208
33390 87585
26002 68256
55039 69029
61821 86169
47205 50040
28126 33382
17341 51862
43423 61486
67783 76215
67696 71780
26059 73492
25860 38079
39228 77828
44938 74877
5545 47817
53953 86944
21271 85060
25135 82827
54147 77702
6625 17400
14294 50884
62972 63738
4507 16843
43779 74074
15702 16470
7517 45931
60473 64175
46843 75784
32759 55331
19777 26711
1787 5324
58184 81974
14275 89168
10748 88207
44826 85522
17265 35747
10203 86157
15931 61768
21285 85188
78210 78477
32650 68674
67847 89306
20637 66742
48913 67677
3838 32811
14733 37867
31755 54084
23966 80911
57508 77758
29519 52965
72913 85044
33342 84920
4355 42378
4327 88917
16204 75303
3479 63472
85957 90485
10608 86586
3907 36227
2510 31122
76409 91301
26416 41449
74260 91028
59130 89046
44703 80136
7949 77541
15803 73169
43841 56727
3395 19760
50187 57183
22090 48538
28206 71280
23792 79833
62075 90942
25524 40745
59257 63976
22040 25864
31883 40018
16646 16720
32740 58290
43696 91005
17535 49055
43781 53043
2001 32744
21951 27408
26324 48977
41171 74136
35907 43323
38908 71953
43406 84446
33941 38874
76352 91088
15842 30079
26736 50281
70131 70829
307 9076
32357 50645
10642 79477
86608 88836
34961 61406
10217 89109
4064 60699
32064 75523
9991 63865
2343 77460
1957 27520
38321 83696
40344 74578
48148 84011
50462 56220
31834 88781
69819 89361
39067 65816
48099 59211
71321 74148
8557 51480
90466 90510
8513 17806
1144 75908
5779 45677
29450 80443
49940 79189
71133 90292
58285 77208
43700 55505
1170 57251
39718 77258
62067 67117
30419 64606
60008 73593
83587 83617
65925 80752
50860 89265
10538 67292
26510 74452
50422 83749
38976 58058
29895 72275
16676 48396
13526 46356
21572 87464
39576 72088
60521 67670
33016 36199
35144 73813
38890 61538
17718 63212
58886 81561
8770 86001
61908 70638
24570 64756
48641 51596
5006 25337
30457 68074
46583 87911
38085 48615
42772 69578
15218 91181
46383 78552
37511 51091
5166 73036
9291 21032
7493 73520
2119 50893
26463 76937
32368 87742
61517 65709
74882 78765
4936 9075
51878 90222
3564 21571
26032 33927
14059 78022
9661 32692
14285 19164
45912 90165
46457 58664
18451 65950
524 84213
30505 63165
36796 44187
956 20092
35519 53854
32156 51739
52302 88219
66153 91438
15287 83709
27703 31632
68144 68506
56627 65907
46914 61503
76959 77764
13676 58713
58487 73112
21064 51480
48359 85987
38494 55195
53000 59183
2786 49869
60460 74872
43924 64507
16052 90883
75018 86264
26927 70746
73600 85877
8802 18122
71669 79198
62902 84224
4757 25162
99 22093
23382 91469
49811 75431
31156 83738
24616 27536
1384 46373
9105 79441
26388 49564
39302 44535
24377 61538
16153 76585
14706 59571
27906 80145
2180 27084
1384 78922
51515 72245
37344 65947
9450 82132
64754 86661
2097 62756
54813 62990
70978 81260
2580 85322
18715 79927
21663 32501
53703 89949
19448 47310
18226 55176
1647 61484
22901 78063
5644 84055
2463 35617
42401 64823
14612 88600
50478 86700
9863 69684
9281 59063
58692 70515
66734 82729
73664 75422
31931 85614
47177 53903
12617 33537
19807 84320
21611 56796
43574 66318
3081 42827
27956 43552
30649 65271
36549 75512
28467 72003
2095 40947
16027 21132
14456 56909
29084 43663
1660 9663
48329 72881
45562 61001
56578 61870
21458 86023
28696 30118
8679 44194
10223 17741
9498 25491
2417 72241
55372 56235
1317 52243
44603 86057
104 24313
8594 85513
44672 86394
22513 69112
6038 21956
62727 83530
21858 68138
41689 59291
46357 73396
2615 52064
16747 26497
4274 19262
31900 39306
8716 65267
36445 43795
21168 34903
63169 74477
29958 41297
29163 46099
28781 87859
28603 79745
416 12665
5096 21669
61493 67872
17746 27080
6977 28543
1362 8882
20889 39419
13361 40057
3336 77771
55246 77185
60865 82085
48503 87437
39437 48632
18715 61337
2885 36936
13122 50422
46142 77450
30782 83923
1072 58848
33327 50126
34536 64119
3564 48023
9698 26987
18657 64456
26546 85531
2311 65271
36784 55474
54903 66072
58151 63828
27515 91297
19154 64485
41381 84952
36948 86936
49087 83306
32751 48305
34383 41325
72536 81299
76558 86790
42919 68722
24986 83647
78547 84012
34980 69308
29771 60144
48031 90928
6173 15679
15875 16630
6273 60749
16995 31508
25883 73974
29262 36407
39630 85432
29702 81287
15960 48660
22112 83904
50587 64107
49216 79256
59947 75758
62837 81945
56215 91426
11219 68772
6776 59008
45321 78303
8859 88320
62162 82513
65437 69195
46245 77795
20334 24322
58447 81188
49794 51427
15740 36127
4686 85101
32118 53096
9758 54903
2102 53818
49669 75417
48656 74594
21464 36121
22574 23160
4430 59332
53605 79561
30600 86013
12573 27742
23119 23261
6343 14416
23728 66853
55020 84121
12836 64732
36040 84844
4615 87322
19972 47314
1808 32133
39713 39728
7982 69235
25180 38879
904 52737
20011 33796
74774 76754
7382 42354
50236 72425
20896 63723
1322 62282
57203 87394
47343 67711
48440 63414
36031 65618
27196 36307
20358 56783
39809 58674
25755 65571
18755 83660
33654 85494
51924 59312
11635 74838
19640 76268
65684 84863
5297 50788
16829 78085
11583 88161
335 26583
76879 85040
14204 46468
57966 63754
28564 46015
5305 8443
21007 88555
77189 89816
39127 45688
44857 80239
3131 14322
44189 64288
64290 73609
10665 22663
12937 67040
10745 70963
42271 76370
14335 77601
12562 17925
26281 75636
33408 44447
24112 30744
17946 57199
49207 83127
43375 47726
28684 30553
23036 59745
58184 81489
17496 83692
5569 49909
9701 70954
11233 13434
39035 52517
17146 69563
10381 62802
3157 70286
9678 70138
58348 74745
18898 35260
59279 81251
40596 85492
26162 53924
25740 87884
2974 59637
28613 61589
10075 28708
31001 36490
14492 44761
10907 89255
23647 34232
34358 64878
6197 85701
48140 60313
56775 82758
924 71489
51544 65972
33771 49813
63874 75305
15870 74316
25814 28092
8035 14387
10816 67405
31313 77371
44278 69684
28488 70123
6822 42110
40326 46183
71920 91572
25745 77543
15710 32232
20895 60994
31425 32424
25440 52371
29865 68815
9921 38634
33824 36709
12304 27473
54039 80900
27061 41069
3044 52882
10925 64600
20210 64251
8507 15360
13667 60490
25952 53734
62904 78388
38156 87870
5324 46631
32367 60134
39787 54701
36848 66425
38818 82430
78917 79038
32399 81108
3919 64439
34266 37728
3074 33815
48169 51075
29105 33588
55349 71823
7268 60937
53226 70197
46966 91260
53318 53730
23542 45388
30627 85884
10121 38829
52163 52659
27102 36070
61882 67956
30949 83401
19464 24777
79835 88852
8893 78534
9970 50780
13213 51808
9604 67578
43110 62937
20357 75867
2349 5034
43247 66153
1811 28707
57827 59387
2910 53856
56108 60879
34453 81667
40515 83157
13901 76970
15243 42271
10262 37570
30369 30695
5625 90296
39111 87628
1659 4393
21406 67531
37161 59591
4625 34397
14407 31618
62306 69862
22560 55901
26489 41253
18476 41872
67724 72792
4692 53608
34809 84256
50318 53720
30577 70589
33860 83339
6210 50186
46540 70321
10181 26568
31365 68444
10090 67964
59047 82987
7731 36157
5377 80480
8570 21589
48732 71055
18770 36840
84029 86532
23986 56523
4418 24400
42659 74627
80005 84158
59986 75645
9637 77729
29990 31827
72164 87413
64036 82788
66558 80752
1262 36146
3820 65419
65219 83676
21872 24196
31802 43545
18014 27607
40370 90206
67091 89292
35824 77722
7622 78202
25973 32325
8822 44836
37726 71454
19743 58036
11987 55461
440 75491
17235 38423
37834 78065
30879 36641
26962 34096
23526 56570
13064 35561
346 8317
55923 69436
10872 40527
5753 87057
34759 42397
26580 90305
42008 83733
35920 77577
36236 65407
3719 89874
20065 42178
33316 69745
36766 68381
41504 59271
38742 79635
6337 54455
28299 73645
28958 41085
4738 13285
50505 50726
11266 75786
12330 59614
16525 73440
23078 54054
6874 41928
12007 89443
15554 50601
48583 65970
22122 84769
21858 63572
32388 35815
41111 80415
67182 73228
15180 83490
1771 70759
38554 66555
46186 88467
59141 90710
15898 36120
39439 82302
69566 79769
614 64660
6228 83290
1097 88954
45956 89026
9296 69838
42504 73042
75952 81431
23914 62416
47296 79667
15770 42857
24622 48136
3083 7252
3345 30817
24119 38580
6886 17294
884 38284
75951 76726
34820 76798
17423 54599
25609 75958
34892 83482
2511 39725
19817 72549
77121 91420
44645 78651
50709 76644
7378 61108
46289 59234
23954 46660
19578 69833
21735 85169
8539 24459
12935 54021
16700 33939
13621 70774
151 26377
9085 72432
8180 46902
30968 86086
37822 39847
21876 40087
10308 13947
20175 40361
11186 52264
12005 76694
30539 38924
21284 86176
33809 78442
35788 80117
24185 85553
37854 86677
12905 45335
21009 70563
66237 77411
48680 59982
3495 17039
63532 83013
38770 48132
11359 36033
12290 51417
10257 88423
26302 85318
13727 60868
34505 48409
21347 83354
73668 75989
22925 72025
85384 90323
65445 70974
70236 84675
43367 46914
15452 20642
60886 68873
17567 86362
33536 58849
5978 72564
19452 53007
8074 84618
18461 71320
7639 22448
5868 61697
67029 69177
64175 89566
39632 60051
3406 75156
50245 75715
27084 42254
23442 38798
29629 90786
90007 90217
64824 78719
69175 89936
13341 38013
33332 72165
526 1225
35454 84105
42663 68310
82217 90652
58687 61370
41524 53604
22105 35116
48322 89908
59302 71437
19723 82610
6739 65296
2265 16683
59313 61293
27480 38090
23920 76568
27943 32670
3010 69195
31259 54978
45055 59312
49163 84007
71972 78206
41473 45046
6502 33206
62260 86694
12890 47551
63259 77396
10021 65201
25740 49589
22913 74730
30224 76404
53567 71919
8441 40884
1494 26185
14317 55827
21401 89271
27648 68944
55709 86088
45502 75952
14726 77502
29876 56592
30634 82953
37801 53777
6419 35750
38289 64509
31360 45172
8196 51451
1186 40138
60526 72546
14485 73226
13055 29008
40971 63692
60138 71113
54152 80296
27909 48123
12455 63289
24956 89596
53690 61468
4113 76379
32494 54038
4764 10467
46746 54387
38499 51005
19048 27196
36729 56205
5483 42466
50945 68434
52153 73358
48158 53417
10559 30035
74681 88234
18470 25278
44692 53084
79941 85482
39318 50842
7855 74758
5702 34144
74650 77575
15125 68729
11131 25632
15419 89997
7588 88007
59968 61583
623 5683
25396 80374
2108 70723
81781 88486
21779 76097
16103 34325
81910 83455
23837 89271
7440 15905
41933 60327
17186 76677
4396 34572
30686 61755
52513 68276
59480 85892
12699 26115
12549 77480
53867 73273
19396 38175
6430 42474
54747 60061
10062 38214
41158 50754
4081 53476
44389 62378
46772 73504
25111 33651
48211 58660
8776 81099
30836 77024
2505 13441
14596 49682
27371 50815
38468 63974
42633 51118
68593 72165
31000 81893
4008 26109
18558 64940
78198 84193
32796 60518
20898 41922
80665 88597
33985 91469
27611 68544
11163 72749
15694 17704
44920 75652
1235 44303
37242 58111
40810 46752
28105 60735
28530 41913
56563 59395
25800 42025
2641 73717
39344 81110
28864 51278
55521 56851
7528 36845
53728 60836
1262 84671
7206 52289
38097 41703
21885 71572
38659 44384
11016 83541
61763 67923
34828 86058
57427 75689
31559 63462
11036 39873
15063 56356
36917 82295
3835 4475
18669 53149
30300 87726
51525 84012
41876 82464
74068 79137
3764 5806
4962 86496
10829 49709
21861 85221
19569 70341
39070 39235
56451 70035
46553 86618
13521 47516
43191 84557
6363 84930
33343 85209
31196 50351
86640 87552
33874 55823
62840 88006
21072 52322
29929 45225
26336 39947
26200 39892
35128 50543
2701 19681
37947 58161
1237 65212
12600 88282
11988 63961
48427 51613
31152 74524
19514 58965
82553 91618
1078 17132
23456 83061
77238 85232
63479 82424
54899 57155
29961 46334
13608 22765
53626 73191
54777 64389
19494 34275
75816 83505
19652 90263
26256 36527
60016 82691
19846 34632
16271 49618
43382 73268
67461 69370
24814 71441
21731 79546
8643 21944
64563 90967
20716 90290
31059 58513
427 20514
23021 31608
32528 35008
56885 73734
54300 75207
2104 61339
26404 62883
5849 34264
23037 50806
33977 90234
47020 75582
52343 64206
8621 15597
4549 31167
18468 29902
33660 78634
22814 74832
21799 69021
74162 74228
25898 27593
12361 54964
21901 38160
18660 23818
79599 91430
42342 74349
26040 37719
47829 64901
5713 56863
1424 44011
20343 66234
16216 27234
23503 83837
27141 69956
5779 72643
9098 48421
50911 81805
36171 62546
68378 88251
10773 58309
1072 87111
50703 75053
46793 59233
18087 61232
63707 85847
44633 88711
69368 82009
1843 34573
7307 49901
817 21672
7996 84355
57264 70583
30061 69742
17722 26463
42863 69034
39366 41711
62689 63004
23910 76119
35773 90362
23986 76862
13751 82552
24305 80074
12241 53763
83850 86147
56414 66722
17274 66390
8907 33895
30515 77118
21267 51847
65310 80701
1291 59066
47848 73521
71504 88475
37028 56440
4101 85893
4722 33002
14140 83099
73477 80896
69541 87898
50862 55220
19169 69265
16082 31008
1435 34050
6249 34157
45807 82461
44425 75514
5628 70764
33467 47845
9734 76213
1382 75585
340 59450
10945 50150
8105 10902
36411 42387
34473 68370
86357 90654
8338 20216
18487 51173
16216 34986
18307 41703
43804 59828
80944 83463
647 16886
308 37556
51411 67530
68474 70946
22480 76589
22896 47657
29204 51224
36735 88890
11111 17049
370 79418
55222 66459
32629 74064
48303 71067
7677 84067
26796 73197
44208 87227
28349 68662
9038 17465
22209 34068
50916 75045
65397 79629
55058 83414
40365 76393
50297 58096
43892 54115
53132 79233
28838 37564
14714 44821
45678 81921
30168 86888
9152 25508
20185 30588
16218 22378
11143 63139
66416 82982
18894 82245
36361 64703
22421 71223
75386 81792
12199 34426
1986 83194
49847 64047
61778 74745
950 87665
46402 77251
64267 73925
66685 83433
68777 83734
31856 39879
23173 74786
54163 81649
45631 53296
39289 87294
55453 63425
26845 27155
268 20710
21040 90993
74616 85126
20195 30323
40328 90850
15697 79103
16865 80476
32941 39212
5879 27134
6380 7521
52291 62189
26370 54251
36478 78151
16098 16982
49206 62014
55343 85049
42790 71975
3445 24616
655 33074
54282 90337
21557 54332
26235 34198
3831 42874
15368 24487
22083 79184
61396 80926
30930 45051
16297 83894
13384 46846
35811 61258
46298 88216
29370 76387
76008 76855
87638 89140
23559 25082
10900 26572
12572 43236
13627 51120
19298 75650
23258 36246
6786 51331
11780 50966
35658 70760
66560 83229
41396 41847
40918 68664
52353 84045
21471 27627
43106 49454
27728 65147
53941 57005
6376 80502
25115 73996
83111 84172
34195 85145
42854 51727
60813 91051
7270 84199
19157 68921
40128 55811
20192 81811
29638 35800
87833 89752
1007 56801
23201 88878
13150 58715
22145 81930
6834 58029
8414 74665
6350 33797
25539 25852
15260 76242
2892 19552
14432 32262
14391 19966
45215 73671
44125 73446
42448 68591
1980 8900
12021 37103
27746 75053
8209 59141
8451 39974
20516 39109
26786 87840
63026 77346
16067 64335
9471 57806
2521 26642
59269 71607
42738 91308
8417 73884
4490 31223
57913 74063
8573 8830
13028 35954
31301 55684
40839 43841
19373 20936
22368 22803
5794 5981
19896 67320
32536 91214
17956 75367
22397 47689
2987 59903
55482 65029
14189 58927
64314 77331
10454 39812
68631 70600
40251 77201
48548 91608
42054 76692
53783 68790
1381 68814
51527 80871
1717 43567
8184 19424
80661 87262
12721 58217
27499 83451
16422 49672
27111 31647
32450 36950
7421 65054
3176 59112
2035 16718
11145 58739
23109 78137
61683 72137
29354 44104
73965 87271
43335 56804
4649 80535
14699 48014
67064 90074
13686 18528
31725 43976
47220 51434
28654 31825
44158 88037
5365 75928
81818 90368
21473 31506
57387 82268
35420 45394
30451 61235
9795 57029
21523 37353
3028 50988
45988 71337
35585 81694
3750 74198
65533 91437
25169 78076
68403 85142
30024 32824
59429 71712
3250 30897
19996 30868
53638 85388
80470 81373
28060 78024
51021 53080
56394 74015
14822 64009
18849 70633
13385 32181
65450 90524
8395 19393
47843 88270
21949 78887
18707 85830
26402 91649
25420 63415
19506 51218
13188 39642
38644 85752
13177 48229
29453 59890
57136 71430
52686 85556
23091 74524
71012 86007
24988 85699
14621 59946
28871 46986
41903 53650
29528 38127
7450 74396
19632 62492
32266 69226
28733 38691
31 36441
35261 69650
12009 53745
22409 38136
44566 58240
13347 59753
7661 84479
13525 39364
2251 26278
62364 62904
5835 23500
50237 53817
15806 18112
68896 70582
50904 79941
39511 57544
31377 68017
32992 37724
39101 89962
47666 84115
14809 64767
71427 87512
13856 77473
9807 71552
76115 84020
84738 87006
32331 41322
25599 82678
45548 73274
13859 30598
57194 90350
21062 35643
35976 37291
6450 7628
8907 75276
23197 30759
38156 52288
15883 77794
12200 48865
69689 76291
18698 60161
6782 40618
15009 47705
29239 47656
60295 91179
40314 57927
5712 39715
38917 45786
62991 89445
35301 82010
70192 73060
14430 30346
4273 30256
70604 73041
72245 89133
18038 79763
40799 52535
63206 84242
1649 11670
8885 71494
21578 79703
9204 73369
25723 41459
20340 47246
18271 46928
36989 40007
4356 26877
14246 33265
27215 65347
26520 71931
11898 81378
45624 76952
198 41498
37400 66074
4916 43528
5352 79540
13730 25603
78155 87347
55498 63285
7518 66504
66255 88529
56115 73958
39395 76421
73787 84493
5127 35523
25363 33587
493 36127
8688 20971
24111 71510
62759 78358
39131 55365
6415 54302
61598 81225
57087 66565
37434 53351
18072 45507
23450 60136
64431 68372
37635 49054
2430 3642
84460 88681
2092 21225
67832 81197
16075 69449
34295 55584
57057 75867
12989 51039
49334 54792
2374 78858
58885 63183
18588 22444
9521 34355
37939 69623
37939 73093
25279 52590
3213 12770
6934 37210
2671 10590
18308 33149
6813 54884
8059 68504
55282 66638
61657 68783
47223 60892
6701 12314
38532 68715
67888 86878
26660 52005
27454 27780
10660 80422
24371 69680
17368 73538
79489 86505
9185 86777
77106 80760
381 51336
377 69574
66752 67754
20233 80497
40878 43097
1547 17058
64638 73416
9312 48920
76987 79927
4551 35265
17891 48760
9855 65343
34070 57991
37341 82764
7930 39069
30970 31463
74069 82809
29714 40071
37001 90204
23358 32135
2587 75045
31755 87780
70190 85633
53305 81660
1931 18695
34733 60244
78217 80719
6117 89063
49720 61411
6323 48096
44557 71522
19558 46649
70496 70778
692 29880
21428 22143
44770 81773
46578 81628
4553 60046
29043 77051
2861 35608
54977 57552
42371 51651
23503 83466
11803 68731
59864 85616
76399 87284
26993 35081
2160 10251
8536 11671
71077 72003
30349 77213
45025 66865
5245 90732
2243 86888
4037 6613
34570 35265
24933 42351
13175 17215
45360 47313
39229 58924
14387 51318
1544 49496
26070 48098
23989 37818
35860 68483
27343 31272
13892 89950
1446 56154
69949 80999
60391 83622
1230 67500
8575 86519
19558 34373
3283 60753
22766 27261
80477 80978
30644 32418
50319 75038
35809 63628
13939 37670
79291 86707
30579 41202
12470 50513
57832 88473
8051 55699
8430 20116
8922 8966
33037 40400
18317 33400
4669 55411
5497 55534
33487 43201
10803 17798
56199 60233
32199 68251
5270 68105
44611 47739
32726 67528
14897 89458
24613 57719
13929 74113
33248 36530
48722 81235
4735 14127
28262 87560
18978 38121
41935 60674
15075 48994
35056 52595
13170 85523
48113 75226
6237 27974
416 22262
14851 61244
16635 37167
29246 78647
68027 80684
43653 67987
31 5453
22753 23957
75043 86865
19329 83746
40953 48427
70955 88348
2428 14699
13423 54918
10017 11390
32725 58079
4136 24065
270 10697
1114 48274
48618 55948
53645 84945
39213 73873
37458 65590
2124 54981
59308 73415
35502 57547
39823 73481
29799 79090
62091 65101
13819 86518
22405 85877
13355 70369
24858 66206
23044 77604
30402 83359
67255 75284
11226 21374
14429 62107
29117 64536
38093 91362
42625 81214
18211 45237
33369 51932
17314 70459
70008 72570
34938 55758
49247 54694
50031 81566
38525 69561
59909 75849
26615 51164
57046 57218
54428 80357
5934 22036
2086 68033
852 76753
10357 28707
65372 76722
30926 68911
22795 88147
28069 51172
67133 80043
20758 71568
34483 86617
11434 14879
27782 73207
24301 41754
49839 71228
29911 43057
37070 65573
10324 30978
86784 88689
545 33979
11504 70367
68012 84622
1604 68415
41476 82093
21096 60268
1354 65855
36582 38543
73454 81690
28128 86975
976 12725
10446 43658
2405 37275
38140 55171
4545 15639
5271 69798
19181 35186
4614 60198
24226 84119
477 10769
16537 42297
25174 64664
65229 91148
30564 90052
30694 72443
42214 52274
42203 52168
40272 47623
32626 51225
34188 85100
7243 42898
24752 26792
14612 23130
13 33323
7650 64944
6360 33259
33052 42201
7816 64614
15098 30088
32876 54927
25609 72890
52227 64164
31427 90070
27540 51075
11941 53673
5517 26113
33611 64046
67232 79444
51776 81356
36109 84968
19395 54496
64141 67295
73038 83677
40107 55565
11444 45811
15274 31329
14111 73131
1303 31020
15750 53919
7485 87071
1110 76304
20205 80840
10258 44467
9655 23184
40627 85235
32785 36603
31260 88735
19300 80640
5869 76217
41620 50579
317 7512
8593 56506
22930 86272
13800 57885
19779 46420
34586 41825
65106 65932
5007 82836
42849 68916
63415 82809
82840 87245
35602 68316
10515 81702
70230 82038
18767 44491
7062 52548
26335 36628
1149 62765
55285 87804
45622 88710
21508 77846
83554 91591
18763 50822
2244 49249
12977 37032
24010 31953
4281 10607
2139 5190
102 27293
2915 86999
23845 88073
58346 58867
28584 39376
13981 87095
15065 57905
25408 40826
22418 65290
81679 81720
80203 90662
57489 71966
5098 10045
7448 49760
14547 80965
82189 89776
24049 55207
66880 69472
46627 78816
13290 28232
48914 52585
69685 79179
46992 49608
16055 20857
19623 40540
15412 20250
7461 63161
4091 53057
7585 15058
32169 40753
34072 43497
32016 82608
10718 14185
17105 74703
3558 21352
12476 91597
13572 70040
36467 70937
16388 59731
7755 42046
31914 81305
18532 83799
8325 54070
36259 68649
20681 30836
32533 39981
23335 83267
23327 60164
13614 44365
12058 41606
53615 55115
2510 23845
4577 83305
54215 75326
28085 83515
5610 34697
20508 56290
45067 88999
51132 66936
19605 51800
40712 52788
18588 48781
34560 45990
64639 85777
38221 73730
17925 18146
37927 83024
1376 36251
66848 69225
19082 72081
16695 57014
71066 83221
33999 64719
18736 25773
30822 57056
48305 81591
24812 60408
35795 35846
42326 56326
22497 72156
19639 70582
21867 22698
50372 61201
33555 88774
29262 38834
10024 14731
31816 34574
32863 78317
52418 60211
8851 58875
1494 62627
11226 63585
22386 53920
55847 70417
38354 68401
35808 42846
28775 67483
14635 54760
21933 88100
15102 22454
10287 70859
15576 74004
8926 66414
20748 48950
17725 63224
3933 20037
52215 55500
6863 55581
26178 91386
17933 57245
45560 82617
16201 87940
31932 53559
29513 62749
74683 82312
4841 75402
27003 52511
12325 74144
15190 73201
8766 87449
38936 86732
51883 61341
27792 56271
36840 76596
3301 82131
83968 89874
11649 26127
35583 36118
27857 50605
3999 19864
40825 53104
20904 34672
19846 80431
33593 79256
10144 16587
11544 44829
67886 68348
36882 40389
36343 60571
41261 84268
6083 69547
5072 67157
31475 45454
1404 84063
13831 61860
40036 50790
26695 72841
19539 57729
10564 61861
15921 64309
14032 21923
58361 72109
15016 86892
15983 20806
56608 77805
21685 32191
14474 88073
627 33338
13681 84200
29501 90377
40969 45968
10863 88448
7765 48493
3988 32029
74858 75378
26621 68949
51161 58958
19821 21373
63366 65261
35974 64104
35486 61264
36982 45392
45690 48067
18249 54265
83141 83721
21881 78721
26282 80989
42709 81305
5859 65099
38161 66031
24873 78660
24626 26562
50731 57605
22947 31625
15911 63216
67666 84500
33488 34904
15126 76419
85176 89496
11784 16377
1994 47674
8067 35969
6494 54799
42277 49173
53962 58978
19186 56745
21648 55331
30424 47664
47722 86936
33447 71761
17064 25670
29714 86960
60275 84098
55066 85816
5449 16696
29239 69735
52164 68270
8886 9823
57423 61856
30888 66239
9843 85393
4342 39461
29708 46230
6463 73877
1967 29598
50109 51038
8901 64760
49303 89079
4714 80945
10717 58711
10286 63902
4705 49798
73208 87573
57876 67747
14234 83969
32385 49716
54536 79423
45905 76423
39657 85207
31153 68880
10140 33943
1803 35205
47871 69459
31724 56176
54243 61694
3784 6510
17090 27345
37439 41500
23433 50593
12108 85212
1181 88131
58358 89982
28179 77283
13915 69254
39287 41846
36598 73713
27947 39577
14921 25322
11673 19298
7710 91436
38434 74880
15295 71829
34703 65074
35529 48610
65421 91475
9969 74774
23024 61425
7919 90736
8347 72196
30812 51678
53053 77765
47702 53944
55515 57815
17795 73238
34949 69364
30172 52098
23781 36315
17911 56331
48873 55403
42242 48181
64760 77745
16868 67057
74479 76835
13631 80273
6720 88396
42408 60535
73340 78237
38747 66210
49187 84248
10971 89979
13964 37942
30232 75260
20940 21150
19539 22428
18652 54102
47545 77834
74292 87974
11192 87501
5052 85837
15784 20993
4012 44928
34929 37073
69647 79602
43465 76549
62662 80648
8890 29531
2532 71815
31818 85094
9700 62431
87911 91564
58354 59429
20397 25291
45642 84981
57767 75016
33445 67247
41945 85615
39666 65437
30103 58287
41095 60895
32135 73665
66654 71709
32648 90182
17697 87590
38510 58603
68155 80683
24687 74464
3020 17984
33435 57604
48942 55020
39969 62911
27659 29857
2287 69763
9953 62440
62921 69137
25756 28672
34361 43214
58081 81608
35653 70741
74642 78171
37770 67898
12770 55525
43553 53657
71915 80620
72325 88263
56238 58854
73701 82664
12229 89463
6267 69992
23451 56299
17018 82987
699 90579
56384 86665
76875 84033
65084 68495
14236 16397
57940 82014
7870 72030
26121 78463
5261 83619
35756 60818
34309 66199
54072 65465
11658 83946
32749 39033
3061 72181
55209 79201
7662 39861
61835 68791
54789 84194
55101 80878
23539 31618
69037 81170
48413 63892
25698 47305
11065 42883
35469 38865
1571 57416
45862 71230
62866 77197
52182 81037
4247 41836
2448 75449
21642 41210
4812 80008
34030 90348
7501 23877
19942 40287
31556 77948
56373 87504
355 62906
48348 85247
9580 12286
55627 79763
47031 68687
24477 57723
47804 89506
34212 46239
54673 66331
14696 44572
40031 81999
34914 90603
35975 82803
24408 51124
39092 71023
26101 54000
1593 2426
30101 54329
33153 70651
53818 81315
48456 76444
14328 36243
48749 58338
10122 11273
15957 39305
14452 35355
28429 80654
31390 39425
55236 74322
8312 47596
6437 40430
44155 45505
45747 61586
69 60167
4335 61626
71234 72909
60400 88962
24000 63518
45375 64421
1562 46967
21911 89021
61120 71902
1978 28173
58466 62767
22007 36662
33530 71749
62589 88566
52964 83389
16315 63434
12639 78718
61948 77629
37738 40404
7563 65596
17164 29195
43781 88762
7829 54540
76207 82891
37052 66925
16619 68462
44519 48548
3365 18636
12080 43054
11901 61553
7319 34615
35668 63242
31859 91587
23466 36274
4251 79977
52386 75058
21099 61003
27285 36716
19474 58541
34133 34655
4536 79185
5261 89666
47972 48001
32627 43715
29549 52602
11284 55851
59647 59806
22709 86771
77350 80183
38406 71336
663 46508
10861 42228
30377 41974
42424 85489
31297 31396
53979 87117
3864 60498
5565 77561
3903 41079
11826 26908
41031 88995
71060 85279
32692 79787
65963 89661
24225 74445
171 75677
605 35011
19162 46661
28967 79879
35113 87533
14317 78068
23601 81614
1569 37526
2234 70131
23069 85143
9028 24643
9117 73713
27601 51400
2029 45933
72237 90517
9033 22109
43337 50735
9855 14019
35495 89900
6176 45044
42001 57211
33125 48573
45978 90006
32737 86397
24626 44235
46731 89657
52724 56808
32641 65832
72224 77510
3804 54619
74675 83195
14872 73428
9409 76204
29974 57082
57369 82773
14552 42168
76970 84938
48598 68287
70856 82632
29433 53574
70901 86472
19032 91605
50568 56624
3817 5262
69225 72850
24535 59615
10412 74536
42348 87920
27655 52751
18142 83495
46726 76030
85233 85916
8856 13578
26556 30697
12176 22801
36523 85111
285 35865
25771 82801
4989 25309
48022 86568
27411 48723
83246 83602
21148 51080
8798 51732
9334 48567
13125 46611
56072 61932
30985 47535
4562 31400
29726 82223
27390 85498
34705 70807
46407 88997
35685 47619
58291 78946
2101 10601
10697 42800
55179 57335
15605 86294
14880 24027
28065 80674
40877 82162
26363 73502
49688 91282
19638 32369
57646 74238
6815 61238
19332 47951
36055 41783
49248 81095
19719 58371
63738 71804
64842 82536
27279 29853
22801 34363
35286 72589
25100 28949
37358 81543
2759 16693
65666 85891
30371 84702
3763 60097
14639 40531
4414 60314
20550 36505
23202 55642
2992 14777
35769 48828
52915 62721
59383 69872
37173 44581
26076 28541
18120 56635
12012 49413
42843 77689
38752 71891
22205 24293
19536 72835
57220 68635
2129 87063
22706 70557
64785 86108
652 1493
7280 65787
1756 56759
33899 71056
53544 85415
51095 78873
11226 15196
338 19988
40767 41752
14882 48119
7705 37145
4784 11654
35543 51281
161 26804
57183 84313
30285 71270
2719 17100
49947 88711
27021 53769
56399 70817
27535 38922
18792 68306
1290 79166
6068 11684
39834 49185
35023 68538
40927 48998
13822 65583
70420 70701
53787 57385
23407 50427
40881 85649
66195 70121
30557 82088
18071 39558
17638 29575
9157 18751
6094 46280
8130 83353
50163 76906
15355 47751
14023 65543
40265 89983
3793 66482
18413 52676
25501 62999
15920 49541
34175 46573
5164 85024
4088 15827
41087 87334
43042 54453
41301 75212
51698 60999
5133 37595
34899 52725
5385 40449
59617 84557
42935 81557
27636 79051
1525 15916
31657 81918
15820 68261
25252 29587
2580 88623
8967 30369
6235 83805
18352 24614
50184 74237
43271 70776
7654 58632
15995 70821
20916 50631
25689 91133
20105 29315
34331 80060
30139 69496
68348 68984
36984 85485
15691 17034
615 16045
61329 87848
32434 45268
7144 39754
17822 44878
37377 89834
49346 83851
43935 64812
34446 51641
82099 84139
22869 76591
77844 89882
13854 56836
20021 84074
21520 25465
34534 36699
704 4961
30986 81369
47073 65392
7450 90705
32078 61039
20443 82624
42133 72752
28697 42004
70803 76561
19344 87749
12173 49568
42255 54776
12096 41758
44008 64135
55066 68032
915 67673
36570 84453
23959 40512
44457 47204
58726 80402
20927 75736
1479 55433
70296 80618
5411 34849
23172 34744
11000 15685
6023 12408
39156 90544
13446 64687
5789 42999
14965 85142
17507 77650
17776 84128
28949 39382
4924 65026
50474 69677
81032 85641
3347 53746
197 79323
11248 46159
25707 27852
3212 31311
31043 35694
4464 21594
12185 71639
11327 54221
13921 70718
41690 42584
37333 55525
15253 26532
18585 44400
9503 10491
5936 63783
35021 48443
44048 49650
49796 62939
29408 48722
1749 39041
6636 30631
77695 81470
88358 89287
77328 90032
8874 80319
2496 39599
3429 36588
65071 67554
14685 23985
50621 53898
34274 42795
9061 42283
58582 76662
16446 87230
44319 70976
1867 72884
2940 22959
27201 83455
11844 75600
4908 78597
3369 74615
14357 89339
10099 85047
27334 58785
11707 57741
23423 57859
6460 40206
57101 59883
31379 78072
27472 41189
52174 73480
53547 84527
43660 62177
9810 21979
15279 89238
2184 79430
10351 74982
9557 35093
58200 75334
10059 90865
11830 40769
44800 90501
12836 86975
40384 42590
44504 80690
79129 90920
49118 63310
18513 23102
69137 70611
24853 61769
61891 83037
52192 79264
35157 88842
49196 82102
283 28330
22266 82693
10120 68638
49478 59375
16486 25809
15453 15796
24640 65722
48292 79371
17837 39674
2911 11376
5767 26643
17302 59536
9794 21199
13184 77960
38029 80819
53759 90697
16052 35343
17626 49622
59630 84189
3294 91125
65427 66898
21358 84236
26866 87394
71882 72211
13660 24570
10704 58216
28194 79755
30158 48601
28673 45325
41585 72057
48791 78532
2378 27789
16819 31020
38596 54845
48196 70382
43384 75201
2021 73246
13766 76368
39878 71389
53541 63226
3327 18642
47850 70609
50427 52031
61720 61888
12671 15772
56782 89478
4924 37294
2086 10297
10340 74682
76094 83319
34522 60936
43668 60258
28944 33637
46799 66641
45014 63507
47001 70707
50959 71041
53452 76594
69908 89794
39944 51492
34610 48266
16558 58328
6723 89380
76327 86527
39454 83484
33953 83740
1381 9059
23555 69469
29528 90243
50662 83933
9827 23164
7617 46344
29000 50927
14384 54176
7311 75111
52772 81508
8227 18212
25548 51396
46372 84385
37500 66067
49531 89896
8485 84689
13255 13368
28791 52054
10288 41722
11588 26780
1312 69302
21073 51491
27724 77848
30229 54279
37020 59448
54035 76493
15786 44497
68726 86424
83784 84456
8793 61404
82911 87641
4094 52748
22591 57632
23301 65919
46552 57086
26130 84596
40643 48637
60580 66643
23628 39512
62964 82405
67116 72750
26519 45695
33439 79361
53431 78209
40090 52256
69505 77848
13628 35608
36707 40262
30467 50970
23307 52011
25746 74644
9780 75349
53497 80832
27323 51957
33889 75674
20096 34297
13420 86900
70088 79218
28198 61935
57886 72504
30189 89417
77973 87206
20662 42226
3241 89685
37063 84189
16631 20498
48426 75771
7213 79867
13033 49896
40599 80509
7035 84658
7179 48059
58492 89221
47851 70277
4992 44535
31260 50966
60820 87302
11210 30983
9394 36612
10841 64756
58440 61135
23140 25009
31029 76089
32816 41141
69395 71580
38657 81761
74217 74557
48677 59616
1264 59606
25862 40160
13751 57276
59383 66020
18617 21316
58340 70062
65934 73128
54491 66118
50243 84495
14303 49252
46090 83811
5548 8410
87185 87690
24330 33347
23550 25390
41421 60009
17932 37315
84306 87663
22577 37039
12382 33170
48466 87614
14926 66476
20956 42596
6614 40479
5731 31951
28147 89620
24441 35771
3703 51737
56680 61936
10988 23559
47761 89292
17673 28073
20124 67605
7743 60845
16388 61820
41851 75039
66830 74250
28123 74501
14978 78586
56870 79450
88389 88943
1768 43553
569 56559
12434 63451
25535 54667
78401 88879
46488 62949
12886 40384
8814 62381
44680 90331
3081 16715
45609 51942
53389 57606
17268 87943
9971 13091
10558 80458
53899 75611
14523 76871
59605 74063
15011 49079
49768 76355
36904 84300
74024 83701
53672 59133
31391 79988
10030 56656
29074 88272
18763 50491
24954 64290
58492 74001
23223 77078
46801 63508
27382 69183
20280 41526
12753 43864
33789 62005
25907 71745
28078 59824
10263 72706
43541 66785
8111 21052
19941 60814
4937 87920
37455 50756
10849 11798
4927 41815
45006 45019
39969 47320
34862 65449
12043 21916
7500 43936
51823 67200
6542 28163
21793 29536
23567 39770
6238 36201
42192 50371
20624 44981
29550 83440
42964 45666
57584 91516
4402 61798
18510 71054
71556 83585
65784 78517
49020 56439
13191 73804
38590 59994
33230 85993
61645 86312
22 49749
2437 57593
29181 33199
38927 72178
39152 58337
30882 36839
12098 44745
64462 72949
74888 87789
60517 81357
23747 40664
38309 44494
17701 86404
16801 74260
34932 78095
2823 25900
31154 76547
8361 27446
66907 69919
8863 19047
16854 34223
18712 27987
1427 85359
36210 63167
23531 57769
20426 77396
23357 79148
36592 77949
72184 84856
43573 52911
65229 66641
27018 61640
16834 57895
12217 15816
8632 59281
63826 66559
33070 85815
5672 65548
9075 14021
63138 64070
54106 89157
38971 63422
10597 69925
10681 85776
23477 83074
9406 61172
8888 70419
59391 76010
42890 91395
2484 71221
1691 52224
21821 43445
4417 71576
48107 56643
6348 31312
9535 83198
35273 89893
21039 75590
18322 88011
3884 60666
49774 73437
17573 40128
8831 15895
19181 54515
23860 85231
3498 38447
62499 71934
8241 27215
37353 56401
1581 43905
40196 91287
83359 87796
12798 32185
24679 35660
30912 59193
27158 87180
34075 88902
33624 81198
18947 85612
65120 69412
43006 50859
14001 86896
17742 30293
24523 76482
19439 36486
48886 86131
14872 80372
14835 22071
6528 88950
21816 60253
8139 47095
40789 78707
49079 59240
1080 9473
24512 42013
9308 25345
5577 28920
13337 73938
24431 91316
58181 89628
59711 89927
1097 9382
16076 86465
23310 68537
21990 90829
30026 60695
18028 54021
41066 60724
27410 88795
74907 80440
24934 80304
27997 55683
2486 14753
9448 82677
23504 90413
19891 90507
3734 4475
48126 68182
78764 80923
41631 86021
29544 33961
8870 18725
46339 76012
1216 72614
34898 74420
30888 71894
41336 83384
53671 84821
46851 49754
31995 58418
34875 43909
2748 34598
210 89249
3710 67654
11850 63558
54479 78154
9365 77339
63025 70041
72501 85389
10774 78491
42774 44250
39188 85670
70113 70144
64891 81267
39348 79203
16953 91675
19048 81250
64173 81084
928 91026
16840 41773
38020 40627
48556 62981
17545 33458
20124 61617
9943 58024
44296 85791
40036 40746
30464 81688
7258 14320
44695 48217
4148 55363
19710 46954
2177 5767
28522 62312
59976 73977
22718 74478
50281 74510
35960 81580
66999 79885
13882 40194
14948 70405
56626 80151
35486 50170
2250 4870
85088 85136
17837 72926
7255 76642
3344 52117
15808 16258
10371 57979
30244 58275
21523 60672
11023 56316
16110 81527
30580 59653
12153 54873
5804 72398
36303 36332
47550 51497
19568 62780
50837 66715
67517 75049
71338 77056
16734 65047
37012 44856
55690 63549
68531 68555
42759 62755
3475 4430
10827 53581
50391 58045
17333 48098
29402 40851
1017 28146
11867 75573
39100 56423
22662 71708
10924 52035
33002 78984
8588 46656
39808 57778
84244 88767
104 38242
58985 87621
20117 86465
29771 90653
151 27640
42981 89134
31588 54934
26158 55699
9451 34160
23925 49821
3657 34781
75360 85402
426 2345
55169 89621
5247 16158
2715 67612
46432 49262
10915 49982
17618 23949
29708 83586
8911 54819
8038 76094
17721 20832
59191 82511
331 65375
18063 21008
26187 69216
31366 72295
19346 28347
8849 64447
57760 76449
79627 81103
37953 76517
18166 48718
11066 26388
50564 68726
68581 90775
37489 79521
11582 61242
65036 71595
7765 34223
2390 58277
28220 41577
23846 56335
8253 80688
49501 75745
37122 39406
39325 81249
5092 70609
31959 70914
38001 72226
1693 13342
37636 59948
17109 67239
63654 75909
52080 86606
39554 75317
45622 69172
1981 70738
9261 17706
3569 50588
34108 90824
2255 73759
84520 86947
10683 36458
21256 88093
17317 22958
25519 43280
12445 59466
47799 69318
53423 84234
8368 19808
24346 60512
28068 28705
1954 74197
82482 88169
12155 53878
10454 88758
66280 73574
50079 51689
12281 21277
22551 23692
55262 55894
1663 28458
4564 44910
56741 62741
66962 71610
44489 50870
33807 68001
40199 63878
30971 64172
87903 88392
46532 53389
82484 84096
24738 63644
3383 89034
26311 77836
33037 88623
25211 64245
38322 91436
34978 84816
20287 81649
21936 26941
18798 77797
5191 16487
13531 89470
28349 87555
38424 55620
19222 25247
10532 65650
14037 28055
23075 64380
17275 35088
67273 69091
31130 43580
2325 90926
45683 63538
22556 26915
69896 75069
31822 76024
1368 84683
43510 81350
25847 47790
26763 80122
38773 46768
20585 22119
58023 68509
16822 26831
25947 32269
73716 75782
6008 90610
52993 79217
37495 80158
2490 84927
10759 60711
58627 72946
34268 45478
78368 80646
64900 79815
52138 52850
2726 61012
603 62471
59217 74133
46065 79666
18 49562
1986 81400
4783 85615
41622 59802
64734 67994
28767 83386
35881 51173
5491 84908
9727 21041
41755 54127
54727 65931
35430 67682
16142 56295
6021 82638
43759 82987
13523 26893
67687 77910
16176 42537
9511 35859
52830 75720
47847 78549
39832 43075
40355 85189
15007 28475
38105 44420
46925 67636
19108 63752
72889 91550
47862 61212
68055 79473
7492 13489
50460 72932
19560 46657
32337 60803
19282 59091
7989 20949
76318 90078
1490 83797
80091 90690
18505 70688
78234 81797
83473 85791
41297 83894
7236 19948
46955 50643
21220 42542
16299 48422
29099 77833
26836 36544
55675 60357
21853 72619
581 68655
27030 52419
46356 90981
51958 78264
26106 66331
16732 76310
53332 53644
23863 49985
4996 15583
5199 88894
28069 69242
27694 50408
9298 54904
12802 32025
58009 82549
27016 90111
8051 62568
38157 74671
38715 87321
90062 90107
58141 87636
42279 90961
32055 88136
52682 58170
46095 67130
9201 48798
28198 71324
48798 52188
11806 63690
68404 83456
7522 35802
17557 66511
77501 80800
42801 58215
32659 50521
74730 78735
29765 47649
30194 39353
32444 46060
41372 71852
23523 91203
1000 58741
15182 21741
15177 83159
2426 25107
11471 13220
102 50790
10060 50251
27037 84042
67033 87794
11332 13655
29900 71232
4811 78555
19760 48279
18929 86689
9149 79218
44716 64519
64674 64763
36660 55350
6505 67942
3661 89873
1998 66277
35408 86299
30240 30365
30081 77699
12152 75318
24060 70604
64097 66559
22996 41244
72270 73329
52547 89563
50177 81640
45003 88182
57341 90899
55875 87147
20112 28444
25107 89647
7210 45672
1309 89048
75060 82236
39762 50026
37042 62169
30105 83152
62041 67852
59441 87109
27931 34935
4293 29569
12401 21419
42995 68396
37752 86117
77587 82207
77447 83613
10378 72029
48366 86053
59314 64111
14148 41703
22414 68747
17262 33227
39534 74283
10218 19030
46668 82457
66245 84355
35959 88517
8346 22449
26947 71197
27080 73982
46234 59217
47502 60914
3756 48415
19184 65881
3944 77057
64163 73010
84704 90542
26298 69058
9974 77423
80257 82281
4096 39788
59527 70289
6544 74054
82374 90723
50304 52094
13449 26877
70260 86874
41599 69347
68787 70303
12890 83459
18182 54209
29725 77390
9882 16169
7385 85681
10805 30856
48802 49921
37458 80929
22092 72047
68574 91403
15650 66905
4720 81203
13935 59309
1930 56316
51538 90750
4416 40122
19344 47453
17951 58270
1128 20409
31123 34407
29603 45721
54085 73346
12637 75989
20960 45040
13398 59845
1924 52554
59297 59508
45992 62420
13682 36317
69354 82295
20465 43644
24578 57353
20008 24716
18955 68544
23894 90084
24499 25540
48392 85888
405 38480
10430 71795
4527 75381
14647 89187
81407 84156
17649 38801
78030 83196
32945 74613
16544 31495
66056 72507
13567 65104
7720 44509
49657 76397
62315 75293
50033 66920
55283 87915
12260 51452
20424 81079
11994 69965
12176 78090
1304 42078
37911 54137
50066 61460
888 55999
70474 85844
23266 81344
5845 64518
2503 60254
24455 62911
51189 76460
1316 75386
87336 89233
20997 42898
53999 78789
12869 43579
1721 43740
56560 77251
54565 65275
5796 11533
81238 85192
23859 64142
21521 91567
31954 79959
6182 61982
32185 71037
3260 70422
5398 91374
28122 43768
10539 46338
39436 63239
2598 81869
52212 58808
25802 75226
50457 51439
1938 40562
17885 53420
16979 18505
9261 36864
28769 37482
12475 35199
40843 48628
40783 80196
6603 61533
23058 58001
3669 52578
50677 61497
17066 43380
7058 64761
65432 68587
3072 41246
56774 58556
23471 52316
33000 68828
7326 11726
33006 79835
10798 74110
22574 61333
30901 87468
12259 65720
18720 75468
41531 49178
35343 69497
575 48336
4370 13152
40712 66218
64794 67671
58393 70497
75220 86739
2254 88394
70958 89451
38460 45302
30370 89391
32215 51768
37296 47946
30998 52009
24690 41003
39473 41040
2177 28163
85449 90682
62016 81147
8645 79209
20777 84150
29109 60214
47057 71368
28939 70492
46845 69494
37488 52920
81001 85824
57817 76153
67352 81329
23885 39970
28304 55783
28431 75161
35619 79879
9867 11888
72252 86121
47174 48864
78730 90482
34860 35170
2349 35316
15904 54663
49530 69592
42166 82608
50675 75743
13241 50984
64330 67732
28315 79630
48144 84869
28182 73812
10614 61014
51711 77474
16029 51555
61184 62808
20258 84803
45561 47765
47343 80820
3125 21984
7772 48511
64101 70710
16271 64699
14432 36424
37313 80920
34775 70198
69385 88594
46959 68448
72048 87823
57946 61559
1139 32794
6332 75873
24325 64907
45907 48729
41748 76664
54822 82970
22065 56211
57524 86194
41224 64982
26986 38789
10225 74802
10977 35110
74249 86073
16690 43547
23705 26976
24228 54324
27226 65439
41703 52715
17334 32447
41126 60541
9776 10076
15958 61735
18871 34621
25242 76757
35813 84699
24753 43945
26249 42928
47319 70571
27165 87206
81000 85953
19233 87865
25923 45659
33578 65837
71374 87950
18797 89002
7819 13847
15140 72955
61201 79786
40238 81798
16779 29723
64872 79216
14419 79387
57105 68481
48823 78142
6871 49307
7657 28081
62611 91310
2690 74229
3702 47195
1103 72676
6847 18047
36637 70636
32547 50881
5845 46840
28661 81661
70409 90921
3795 78589
27130 32642
4415 77064
6814 14408
25415 43279
28075 35752
10675 27396
72240 77980
6678 38752
22917 87310
21517 33906
3015 73012
62921 77628
31542 85675
20858 80855
43031 60109
1206 29490
21749 44416
44808 70414
16231 54067
18006 50181
25708 49774
58984 90623
69588 71003
5468 44482
80074 88225
37264 57656
49770 69745
21432 38590
47976 83726
12472 63115
19675 82939
86591 89478
19861 86005
31254 33791
12525 90314
9270 10529
47003 47228
2917 43900
70518 73447
6973 66608
84204 88038
962 23745
53930 59908
50167 52265
3370 69797
43789 43939
39665 69365
12795 49232
34879 73968
10263 31167
36524 76297
25240 43433
16198 27172
44020 75499
33143 43735
49758 81831
2028 24176
11048 20836
3483 75799
60522 77332
23857 83307
30266 31788
56045 81303
35317 85929
16918 31813
69132 70012
67808 68131
4004 55308
39787 63193
63149 75255
22390 48212
8339 57025
84419 89234
18687 44129
42551 86907
31105 55631
41233 56685
21604 78783
66041 81918
49814 85156
29694 41104
62643 70856
19863 34200
65524 65738
19848 73702
9368 60956
10010 57245
25648 29938
70390 80618
29901 89263
10570 80863
39308 41283
41150 61900
15948 71618
27172 40572
9495 33961
30071 79420
49479 91446
37548 71363
17784 57396
84663 87938
11679 78954
44132 61859
5108 72372
20040 77430
3894 21394
49569 58355
14567 21107
21506 81915
21089 75008
71530 85354
40556 66346
24069 56838
45712 67270
31387 57704
46675 49335
43209 64320
19381 44798
47318 69472
54094 90535
10684 82075
32659 76723
11501 49917
3296 7484
6941 86725
63640 88725
6251 48881
45776 90899
75465 83028
25588 81890
9153 48349
4697 52085
32235 59385
24488 45772
5293 18231
58175 66315
12701 91347
61093 86267
62983 76645
46851 77455
66051 89867
27984 30329
405 46273
28636 86848
64840 82216
558 64201
33521 78873
18728 88942
2186 23303
20044 51827
27117 41635
36430 59307
3280 31145
6106 84377
16127 30069
64238 87439
54499 79749
571 24781
20516 87029
24396 89483
39836 40099
64430 77545
54882 61377
8854 23071
31224 73982
27490 87483
6605 70992
32185 63653
871 41304
1464 32913
1066 13585
437 66363
15551 29837
35673 80263
10107 27856
70349 79613
30155 66186
23026 66326
38062 88782
8932 69714
25361 45213
28693 28924
8611 28376
21446 58635
80822 83725
34516 79147
16033 28116
10082 28786
750 52471
25565 84101
16805 78633
29619 65230
27665 70135
31145 69959
46626 85865
59977 78681
69034 80084
55628 90692
41902 90075
2314 54936
62035 88217
69206 71784
76646 87016
43136 73777
81018 89848
2176 40692
3686 76876
8299 80349
55295 66638
73630 77665
15688 50319
54117 64253
18430 42770
24640 70674
2255 46054
25713 71977
47770 54567
77864 88045
8320 63062
31118 83132
16995 65750
5254 83671
7223 27964
9125 64455
27564 44497
77111 89486
16810 28944
12953 88539
66916 73031
44416 87909
26171 77121
50688 89455
1983 28827
3327 36507
52460 91354
72468 87156
53739 62679
25471 86242
62806 69499
18161 48533
11409 83345
9224 29789
12429 49760
65751 88895
64928 69983
11739 89600
64259 85978
70174 76503
58682 61872
44568 59852
34099 74786
74768 81173
8884 25021
56426 72675
41992 52933
14391 33065
26613 67278
41107 48916
14414 52657
13241 42080
6173 12558
36002 86579
31027 91564
67239 80669
452 86481
32589 49285
30167 59315
73518 82414
38827 43983
64569 74770
55901 84640
65979 85939
28965 48452
10071 51943
177 61297
35473 90083
84467 86912
14751 34973
13798 84004
1864 71621
45557 86581
14625 23986
19389 62821
32468 52731
1491 20264
8941 10174
17333 46648
67944 83639
38222 46650
7192 90919
7888 34605
30379 70933
26404 70104
13273 89977
29157 37399
13492 20838
43341 49359
36675 61691
40194 57878
70719 73285
41890 62006
32837 66043
76833 85148
32529 74618
53270 76060
7350 71563
40811 43123
49010 73311
68420 76726
31189 40053
33700 67914
7788 89982
27160 47063
16195 36658
31580 87661
9102 48613
26397 30227
28455 68434
2529 35409
25431 43967
24045 68632
45536 85128
65234 75168
8644 42297
25327 45908
19337 34451
84489 86382
44210 74096
18582 67083
62018 78579
27375 83575
34696 47636
2226 15077
15269 83554
74638 87215
26257 32240
9002 66893
10724 85338
21126 89558
20849 56551
7702 86090
54922 82568
75436 80822
28319 78922
14111 89130
32100 59501
27032 77542
21216 50018
7810 29818
13759 61710
10518 84722
47982 79611
13656 69361
37227 81328
65741 72331
34365 80691
7628 17957
20639 34521
43410 58362
67945 68454
56347 73385
22543 69316
30277 88743
6952 65512
4021 48935
5678 42146
29656 81307
15088 37492
44121 62998
50228 90115
52259 85800
29867 31073
36906 42373
85792 89260
62078 87628
33995 52406
14364 30672
41078 91290
27451 90443
20583 37453
44198 67709
45887 56166
2896 17264
17755 76802
38362 65850
43580 82292
62614 86809
33712 78217
13413 28644
22379 43152
19191 80493
17898 85230
53926 57240
42727 76889
63444 68079
3551 75306
15281 60948
7907 12541
38751 73678
16785 86205
43497 91102
9605 60448
26293 67243
3972 34349
7040 15170
14435 25055
11746 13010
4494 89504
3488 6769
10639 21717
11452 49887
12366 38756
43405 53691
36438 75436
7227 66944
25346 88677
41880 72848
55199 68097
35601 42374
38424 53436
15542 61365
46169 89736
6863 69714
13630 16224
4312 38005
68369 82131
37184 83786
679 27564
16917 69253
53152 76820
59424 60947
36422 88287
83710 89817
2764 15779
34266 79096
39596 88993
39796 43527
30538 39063
30929 52562
33507 45106
34795 74965
10619 27667
9222 76079
3802 67494
72768 84695
980 33024
246 87905
2044 56643
28607 70869
41394 85034
51581 81001
53856 60446
48725 86542
11796 62017
47293 70015
14995 23162
13273 65266
60640 87225
68170 89082
41210 66524
54340 57366
67450 79715
11172 63896
61261 85769
65191 68916
23116 55185
3231 40631
74510 91506
6485 22015
21704 28902
35720 59739
17453 19399
20062 42308
21589 82446
25762 41848
30532 76145
38031 70358
23767 67229
10877 40050
6143 15255
2334 76099
24481 25741
41276 72727
16858 55835
87535 91464
27122 29627
43215 75645
1036 62475
28409 31363
44974 48118
43190 66667
12837 62227
44489 78028
20926 60208
61766 81362
71357 78896
82263 84225
28926 37218
1867 64779
20055 81924
49390 72530
67388 85281
18463 71241
5943 21970
35975 53709
48177 51674
40850 50798
46863 54205
8967 90525
13776 82276
2149 75309
36110 57968
29282 74981
6517 22501
28090 80454
10020 13487
21110 25527
5030 77137
52437 55418
59499 67337
7409 27145
10129 90267
44381 50455
39928 45414
19772 89188
21819 48027
51647 78238
42911 45153
17649 50931
41002 77351
15946 30509
28037 36450
34128 88797
56011 57758
65012 83344
41085 41664
14725 69985
6005 43548
26822 47330
12011 44504
83778 86676
22697 50025
57202 62483
69719 71204
34634 61085
45203 68244
14758 73043
3097 48010
67807 82197
37396 73872
8016 83730
52138 67116
26588 54223
55758 89646
42584 75873
9342 85803
59466 85253
29396 69579
56694 87071
31184 50922
2468 40113
50283 59369
10399 84698
1447 36420
30626 53319
7064 52584
28030 31321
28682 31383
58294 77281
11680 56165
6045 29217
55240 66889
22600 71589
53023 82991
60286 80373
26777 86412
12430 52134
4981 88566
66410 74750
25735 33009
38846 60098
39070 48292
5622 20224
2714 90524
62780 66632
9572 79686
60843 62166
17474 90407
2905 37980
41700 88020
22080 86113
39183 58812
14313 43886
26556 81493
9774 26334
8726 47798
17733 49236
7719 38679
70013 88079
3754 23817
6770 74991
21699 41944
1765 3464
607 81205
55346 77564
67305 91598
13610 72869
4289 14229
14585 35811
70882 74708
77290 85612
11617 29667
12528 47952
43476 79044
591 39421
57513 80754
834 49148
23449 88158
32280 45795
48668 90940
7118 49011
38373 73061
5177 88928
4776 17831
1907 15739
54353 89267
26964 64464
59159 84799
33322 64631
6202 7757
11147 19021
5918 56803
5995 66713
60391 88883
31213 37418
79937 82947
5731 39760
71804 74565
81116 82089
41380 60313
18483 58477
66645 84031
51508 53432
73626 79855
31874 45764
52657 81718
14194 35806
12745 86754
38615 47491
916 87426
31681 78318
16606 69110
35651 80547
43160 56724
64457 81685
13764 89918
39687 78753
22599 49001
72155 86111
16527 39330
64721 86972
40878 51288
6880 48533
43306 54018
39411 77646
4339 79014
17403 23975
15599 17949
15849 88681
49402 84402
8891 26063
40218 63026
2960 31258
8437 67586
7385 51211
34255 54151
16465 51458
17318 17346
68508 90807
70367 81715
10907 16656
32228 67806
30963 51395
204 87178
17839 55652
14186 82649
459 43215
6406 79646
23106 59575
26816 86110
5737 23666
4606 11402
10243 20396
79843 80072
65585 75206
27281 55178
2707 40104
19545 43946
21086 67460
68558 69756
21356 72051
23048 89266
5560 77822
11096 32239
3420 7254
3279 42384
3631 35324
65402 84465
22340 28718
1890 24299
343 55784
31691 73816
27215 66930
6537 38454
34694 74595
25916 78903
7070 80993
6527 15309
62082 82411
20089 91288
43914 89956
75434 76692
83025 90341
71480 90897
4614 49069
23562 69140
7694 18398
2283 7290
37003 86221
7193 76052
16433 47310
35757 83003
40476 79919
63369 90846
56958 75861
45358 65439
27724 89959
3326 81516
17948 34519
26661 76584
18142 75851
34590 64943
35851 36649
45381 79401
5785 36884
5130 91099
72553 74439
2058 12189
36137 68647
23486 87659
25605 51037
37821 49919
16430 52948
44680 60253
54800 75259
43709 53996
47083 85391
55980 73716
44128 46792
539 16807
3045 45382
35846 61707
65809 88322
84930 85197
6791 77368
62712 77476
62005 89837
72216 76930
33736 61349
19136 21181
33118 68104
17551 21495
69159 72243
1071 32291
27177 74141
10836 75836
19739 25520
5930 33158
39450 54734
17492 84980
44189 90233
70994 86032
43490 51161
46545 91368
25795 86305
19041 66478
7706 16264
3517 17542
4845 25946
48997 74944
9911 44541
10592 62311
20414 71926
73356 89443
14974 74722
60211 78938
43198 68753
65219 85417
1096 56324
22344 62080
2854 81384
41989 79250
70972 76358
19545 69062
20217 61216
70508 78916
58045 78877
37517 73941
52938 83245
2428 18963
24143 51695
73072 77339
9353 68975
8677 10484
50944 73894
5902 58781
12666 77628
42062 84138
28754 33325
29954 72056
8019 76247
37451 88857
48338 68851
1873 22521
35718 36297
23678 68015
57815 82048
51931 70318
31162 56563
53444 79971
6196 52641
42008 69440
15345 24602
34610 77709
15848 71037
6275 88314
26883 32574
19135 78493
39346 66035
38172 40386
7182 27835
30362 88522
13161 16831
53385 54063
386 17615
43722 90292
16441 87145
22061 58604
6341 12284
56856 62388
3703 85416
79952 87901
33487 47593
34986 56296
49835 54140
48235 74514
42023 55806
40266 74980
36333 64558
3651 68130
6950 22453
36862 44935
37342 38700
50648 80113
4334 24911
39363 55907
25285 43985
54794 90384
27334 43833
23167 57594
13979 17481
2890 41445
40191 78197
13578 54892
55600 67199
65797 72460
19953 88637
64975 88235
1206 49693
63276 71107
72563 82856
61734 88510
82881 87786
21206 31053
39592 76323
9944 40684
18035 75773
68419 76283
15304 79853
22856 27324
28778 82343
15831 54857
42063 81675
2970 32189
79295 82641
45042 75822
57574 89795
15195 36155
57481 63446
9323 17200
38172 82575
8259 40445
5058 47303
72492 76585
49787 75922
39554 57922
51760 80829
30474 44198
28022 66357
9909 81853
8326 11763
77084 89602
37599 66907
60778 66944
14221 74090
14635 40096
31647 69508
15937 34333
19230 39660
58290 66977
27029 37765
20783 62094
790 5590
55931 65933
35565 87001
37712 55314
62556 84634
24931 71084
3563 32367
49564 66262
20696 33853
14724 60540
53639 76273
29095 46483
262 63613
55612 73251
1971 4118
8676 84239
41386 53167
22049 22792
48311 79313
20388 60945
5266 59386
2998 46098
5272 77516
17222 37392
4555 59846
3233 60668
74955 87183
9631 80393
24138 48947
50277 62448
61235 70169
53940 65594
32311 38941
2784 90171
48664 60429
4210 82795
11346 11777
75352 79174
7086 13745
34174 44341
61703 63916
27758 39379
566 13260
32420 81679
30237 40057
1779 91020
30108 71776
79076 85034
9363 45636
12750 49055
32037 52249
33617 63724
4917 36221
43867 79392
9290 48852
22367 54193
5828 13711
67642 87636
16382 51593
35178 36553
40497 63403
34720 89646
83038 88277
755 73722
19573 73264
16245 39432
8652 80247
32229 77212
35797 58242
29358 32346
11245 81303
23836 73654
3732 37810
23542 91233
52354 70008
27949 45307
55610 91179
1058 81465
38237 81853
31326 40894
65300 87124
43775 51872
37674 48628
17081 49461
22238 72684
29535 66237
31533 45512
19652 43500
16935 18290
24825 76962
48906 75984
53049 65903
26730 62978
10660 58126
75728 78539
26089 30693
59368 66866
8982 24467
5017 42070
17517 29658
33058 67828
3084 59394
34508 36205
189 41826
27812 39528
8979 40846
28714 70189
12946 73280
34586 62569
34179 85653
6682 66395
36090 50154
52234 89126
83330 83687
23511 64036
18101 26176
39801 61310
42570 70544
51456 90301
30037 64805
6006 30677
56962 84283
34876 35192
34951 66392
7324 30078
4834 8388
41915 46850
46393 57947
56655 82275
35418 61590
32121 72731
19528 29632
6704 42647
6071 38493
43748 48125
53781 91207
32845 51302
14734 61132
50839 78885
7060 51870
3123 44173
11019 26663
29295 50233
49556 64598
20840 41441
15129 42507
161 65555
5441 81184
227 37281
42559 47186
46761 58323
6391 81720
13416 61577
48568 66544
29734 60019
24559 53361
60421 90368
52521 71701
20128 29990
44887 86579
66606 67387
50143 68556
45810 54823
56862 68908
15991 67229
52413 53660
45251 80741
33564 61739
19277 76663
20265 62961
46172 82833
52883 59632
42813 86316
58261 63925
21379 70284
14653 47394
2985 79739
30889 51724
44607 85648
38060 46731
92 18417
23712 82718
24380 58927
58322 72594
4423 20585
25802 46893
25027 26510
45354 90032
39217 81368
1284 56123
21558 26979
23011 31682
37761 64086
57526 67207
34265 73086
31489 54201
5736 73219
9350 55805
58258 77490
44300 82555
16050 59236
81314 88367
24818 80618
4741 76118
34820 39635
59469 66098
35364 41362
67785 77983
1835 7466
1313 33226
20901 35900
76819 86452
75697 89290
58653 84222
11490 63481
39606 78569
4457 16674
9564 26194
60778 77872
75336 84691
3395 7054
50285 64276
52573 76530
17313 61364
35148 56476
44018 69016
8923 44350
27634 63190
22674 72495
38577 78773
4279 23577
8686 80498
35819 55307
15506 73569
22724 39479
29131 53384
81087 85158
28461 74968
3803 82560
10414 57702
63614 73724
7559 84588
8547 67668
45780 66011
13646 46264
61967 74337
20868 45597
3422 47714
57076 72460
63697 74514
5959 81427
62652 90003
67017 88898
31427 62130
17782 25360
21632 49943
20772 37484
10002 19217
21755 63556
3780 89508
2596 29411
62943 74610
6656 47651
55850 80965
60499 83508
30742 83810
43353 71477
33496 59273
241 36357
15650 46267
43510 62495
74008 75256
2093 8617
19489 47235
59313 67390
14956 36946
13769 73637
20805 30610
35974 44180
558 89095
5652 28714
29602 51508
15791 22744
22481 65343
1082 85573
23006 24640
32542 65916
11370 15734
29412 85269
56408 58879
4844 13254
18496 79709
42638 57106
8315 42090
12981 36824
48476 76632
11164 84216
2730 73876
16501 62644
27718 86307
25865 75935
36119 36595
78738 81952
18207 22919
41840 90095
15719 28681
42850 60800
22573 54348
53302 78007
11392 13849
16649 34671
42615 50319
11833 49261
41478 61474
47383 48935
34969 76762
29266 37596
1359 81099
8444 23001
9219 13518
8082 40750
25509 47904
29599 62674
16370 40465
628 55089
504 18297
55364 86631
31687 59653
19013 65472
19235 82889
29436 42097
62934 73831
43260 65140
60595 68814
30459 86621
49727 58491
9320 13066
6939 18178
10553 14911
21135 90128
359 7540
47215 55891
37675 37711
16011 73197
48494 82810
21621 78855
10434 63411
36246 71786
28074 73641
8107 53996
1913 78316
73810 85063
35020 81152
5545 81533
18923 49300
570 82643
7284 42564
2983 59186
20680 22059
15501 86888
59004 70269
32063 88054
50651 87705
20818 70480
27372 69770
145 26160
12235 48129
28039 60742
7038 46091
46989 50958
46671 87061
5203 23441
17861 46034
8369 77184
15194 72033
26810 78386
5240 22544
29323 81755
37557 70974
75115 76660
50452 65277
35883 56166
14744 71947
381 2102
39800 78016
24855 37026
39616 70491
30114 54554
21681 69301
31505 61073
33577 85993
43478 50842
25429 80955
10036 41250
24670 72086
55758 56810
4291 48177
4198 8009
38785 87080
10737 68895
57689 63928
4435 48661
15682 60773
48871 58428
44362 63863
3369 27729
52315 68207
7711 91665
12315 78320
6051 72135
11381 43399
1694 58818
8767 45400
24493 45899
69360 89749
33713 54043
24234 79460
14970 78139
38617 51639
15004 62284
39239 83469
30571 63316
4469 73348
37118 88365
14839 39627
11855 26814
22921 37674
40208 81991
3872 36366
28514 61666
71354 71686
6481 88342
33468 76279
76063 83540
16707 79838
60691 69078
16339 19217
10918 11105
23214 41196
34829 57963
6044 81807
58502 73884
6242 46220
25682 78524
602 18263
11116 87058
22334 69182
15950 43966
13082 89897
10666 30423
40502 40935
27133 52326
4553 58400
16586 63857
22883 27561
4802 4915
75556 80008
34601 59159
20428 80219
67355 90929
1057 64971
20260 24323
1275 22505
13946 81492
83907 89546
54134 66346
7319 30432
44823 84856
27941 53190
55626 74399
17783 46396
14972 62788
35480 36305
34600 43293
21873 72381
31107 49817
63131 66558
59995 85677
18308 79747
8439 45555
21036 85913
20118 49706
73351 89119
52056 61855
57768 62187
4357 56720
10574 35292
24261 75450
36994 50689
44395 88739
65207 90357
60164 80338
52580 88832
4538 44555
1130 56323
50595 66228
54207 79006
6486 81142
9184 72351
38062 86294
21205 39454
23125 49297
55615 75406
29890 90922
495 13439
61965 78417
8671 61082
39450 58439
12920 32628
16642 66603
85839 91161
28911 47360
19501 42354
69194 74874
38342 77843
44597 91484
54205 61617
30470 70751
23828 72948
42583 76076
12139 23911
40068 77456
14005 34105
24195 81464
9390 59506
21234 35367
24180 90767
72865 79573
49675 80110
4110 83492
20738 60081
26286 31070
10903 71459
19842 28890
49632 50465
232 29458
1321 89223
14119 75964
21584 87641
50025 66015
38769 82801
11420 68950
15246 37241
33407 59830
48309 84668
39130 46491
45474 91500
21073 79726
40944 49975
13185 75088
19040 19502
17264 38603
65262 85066
11227 64832
22635 55002
12712 13709
67638 83196
56534 72077
25078 27086
60108 86903
17054 39249
26168 83498
5222 6467
4336 13169
29695 90168
42341 89897
7285 33782
48582 52079
1750 81810
38287 81037
14982 19001
63780 77853
1157 33629
334 82225
7155 86698
12730 33548
15963 90092
40203 57312
46848 56773
71382 73714
15623 36801
14555 41718
24009 26982
32761 89827
68406 73065
3291 87396
57249 63024
72310 81885
65625 66476
35655 59367
49617 57708
5339 91389
73771 84727
74263 75218
71643 82301
44874 58945
3102 13955
55683 69319
18736 49376
20562 90334
9206 59697
45044 76622
31971 58832
17751 30128
1706 72521
77954 90752
16408 35039
10367 77091
23291 35686
17511 77433
28486 69123
21914 25812
10284 38244
22390 66228
57306 69471
19301 41204
31555 70231
42287 80721
39863 58042
21559 27619
34174 69383
42576 90948
20791 86471
7581 24924
27116 51810
24364 81648
40450 62115
48877 84717
26938 85023
23763 82835
60042 87216
9466 11704
21521 49450
73827 83745
585 68509
50347 58283
17640 42149
34078 85572
41179 76157
29248 52340
45155 51043
63921 66146
21755 87348
33372 45597
3082 61897
34361 43418
62324 74558
4137 20382
1386 29511
41392 60418
51524 56963
14064 64544
54971 55268
55325 90998
12859 69396
13984 75542
13675 37648
62415 78501
10223 48955
17418 30908
15523 31180
8835 43936
2922 62167
12134 41342
6451 64004
6454 24537
15509 26030
51506 55816
35672 82051
41773 75931
12364 13763
1482 89617
49502 74594
6493 29518
15338 38732
42144 44966
11514 69392
87137 88879
7011 82400
40922 57584
5936 34670
14662 64995
59353 85991
9602 37500
6109 51413
27886 79415
65647 86866
11120 70407
62413 89751
64927 84764
34800 77713
15821 28567
35826 56970
68885 86446
16028 38116
353 47449
20733 37867
26446 86362
19493 27922
12885 78765
24169 83749
12952 33258
55072 79626
8467 46377
85236 88891
6181 24317
42636 59739
9600 53124
69995 78411
38481 42910
67416 85792
20779 86885
47673 49925
19021 57084
35866 56566
18429 62913
22134 48644
3471 9220
22963 62508
36365 42898
15029 47460
20592 76805
46320 66749
47153 68843
31249 91659
39278 58047
48921 50959
52399 59756
9923 13913
855 74643
44581 45685
49169 49613
42957 47113
58943 61307
18494 28304
25083 40363
70936 82999
82971 86161
32165 32715
2444 78681
12135 29174
46260 83182
64508 81596
14192 34022
37732 56693
729 2848
59719 78644
51692 89761
2083 3684
27408 34631
2056 7282
33265 42229
701 16528
12374 61211
19656 61894
17107 57765
26477 64170
14695 58911
45583 86540
4720 38882
4137 81508
23433 90783
20294 76696
20254 81138
57531 77100
41878 68049
30457 47257
22878 59554
78999 88768
37738 50153
36946 59003
23795 34427
20781 44402
56313 82369
40135 52142
4607 87344
27027 86373
76637 85592
5133 21773
29788 35420
46813 82721
18215 19731
29280 54643
57233 84089
12413 82793
1630 81843
47894 68823
2460 81625
7898 60317
6705 63080
59195 73944
31560 91581
47433 68855
19896 83045
32259 85366
10856 52732
35139 52417
4244 66475
34956 83524
2868 23437
29270 47223
12370 20042
15543 39191
22769 90989
49331 89736
10927 82938
22457 38873
11755 25781
409 8749
16809 63811
71216 89968
19284 22995
9738 62987
9724 57020
35935 37768
14487 74756
566 13636
56037 88794
34994 59309
5862 78801
63107 69910
14768 25305
33260 65946
18963 25805
30797 33539
29546 43794
17347 68120
21537 64887
17480 88728
18092 55954
17755 90553
16273 71692
35223 88302
62474 87683
64809 88953
30218 79335
4559 82175
49757 64185
66547 87263
30167 62086
51343 56142
79962 83448
54037 82392
15984 77097
16178 26886
48445 72484
87347 89504
7573 24821
27790 80291
13822 28017
19944 65593
40794 52538
25408 56777
18368 74863
34102 50124
37188 70474
48169 80681
1642 2833
67201 78886
15079 65878
31568 81770
4630 25333
64110 90494
35408 78699
25915 76149
53550 79747
358 66839
791 2919
2908 74050
13519 32911
24167 33858
6628 15063
31098 79859
79742 86820
7378 14694
7581 47536
36138 49574
7617 35408
10075 50360
21796 55551
12223 34900
33717 37703
5414 80499
19426 20644
6552 56342
32546 58979
25395 51110
23654 28003
21736 74217
76922 79648
24178 39243
43639 50036
54750 76275
37469 51436
28080 37083
11349 11989
29212 74885
30389 60488
60677 82877
18273 23650
46735 53981
34193 39423
50754 74264
34151 82560
65778 68735
12205 82619
18126 32282
72239 91452
76787 80932
12702 88601
4503 34685
7063 21432
61161 61806
3747 41632
84475 86133
34464 79331
3101 91459
29679 52290
14943 65901
12034 32258
33368 38241
3325 36001
47167 68722
12577 75054
15943 28704
22529 22717
685 25220
21505 36847
8137 46394
891 67754
11006 59724
34810 69390
35066 47288
49388 87325
55421 87657
54894 57281
769 61496
55184 72444
33418 80375
29567 70581
61006 85381
58830 61115
21367 55995
5550 7749
72168 72987
32907 55522
22718 61152
36558 89756
1945 28877
29247 71068
6840 39601
85954 88021
51981 56468
12885 55188
48010 73657
13463 87092
2096 7272
2197 28945
30911 88132
49858 54421
40181 73551
35889 42404
33071 77294
18153 54259
23774 63333
72196 81490
13372 72529
56224 91574
6780 40069
2298 58492
53448 74359
11494 56002
11069 47872
2321 75117
4408 82822
17811 52012
72544 77307
19058 74543
35012 76405
52113 61249
35906 56528
35349 61219
19305 27868
18727 83068
246 72095
34758 55902
2229 32005
48299 58944
5041 14080
1894 27944
6502 77631
34062 66423
57825 75953
46349 87228
3830 51009
15989 21161
65158 76293
33066 64908
83925 85164
68946 88316
22996 64006
6 84989
298 920
30065 77918
29591 62974
12293 61905
36664 57404
54846 76171
35837 62594
41318 75121
28376 85170
962 70056
27003 27193
5340 30903
44786 86319
116 16256
75651 90151
15906 46850
38283 62023
36011 57171
14370 51523
80587 87399
24215 89594
22032 60823
17015 34611
58789 62941
35992 57174
20736 67910
22712 63590
29473 34929
35686 86171
1402 13621
1676 13195
62302 74887
21484 59323
29903 30645
658 73360
27659 81640
11222 61134
8759 80974
24878 62648
2550 51234
11968 66077
8047 46199
53430 71545
34716 61014
49261 50433
38037 47167
9986 36132
50267 82310
57607 84982
17973 18415
12123 75598
4416 77465
81292 89304
11453 72283
18167 68932
40685 52800
19342 73095
16486 82230
27983 69434
16839 41575
70652 78646
43211 81592
3253 13518
51165 89457
38104 81404
48299 62633
3686 70158
1060 91066
19642 63234
47665 89917
45465 90231
33734 45995
14233 21111
73243 86878
83485 88162
35961 79033
56905 65814
36581 71930
32762 39429
5197 43140
39920 90361
6257 71830
18496 76419
27026 82477
2634 62767
67837 71831
16894 56324
18742 71946
43032 60193
1438 85557
15370 50299
26842 36567
50840 74144
29574 74995
7950 36110
64718 90552
69780 88397
2769 60547
45136 79259
49719 62305
45357 49359
20496 66224
28110 67402
5721 40132
11805 56874
15535 83531
21927 37567
3408 11411
22504 26278
4984 53264
6512 69010
11117 18844
4629 20830
74062 74737
53591 63229
75021 79858
19231 75288
9568 80987
74366 77490
12486 35257
50072 78133
30193 35381
30670 78077
78943 80304
40745 52119
25949 46810
3272 49151
3526 91560
27339 75479
67296 75945
23576 50019
23229 66175
38797 73048
42116 51784
58214 80294
12532 69355
30 71670
12248 50404
41399 73563
48951 65312
5961 61289
21243 54116
23974 52104
33475 38898
74453 76980
15660 91497
57427 63571
21394 58647
64581 89579
4900 24028
77095 80004
136 4674
32809 47416
6132 11104
8978 57121
43714 53978
14466 86581
23661 45705
48622 90163
63670 71724
21175 85453
21437 33583
809 26519
48012 76009
12348 85542
5771 73459
34928 66002
62242 90271
55248 68969
34304 91219
59658 82678
47025 67663
37376 58239
62346 87020
88355 91108
10510 86098
19164 43596
1519 9726
24745 79118
10618 85258
48846 88868
3347 13169
66403 90399
65581 67046
18235 75440
56226 71144
36878 82629
18431 20579
26997 35359
27447 53095
5151 42418
26505 82007
63039 77100
66820 89732
64341 78021
5086 47541
41684 50986
27470 56202
5720 39089
21323 73721
32870 77059
6378 41741
38004 48217
29795 86218
820 5709
8248 31686
24958 91000
56618 76170
38428 83529
27389 76670
88708 89495
36917 58802
46675 47045
15413 64387
30163 70190
1040 74643
51536 77038
77883 88385
14457 55871
51190 76591
48367 89209
34503 69126
35102 43997
23207 35594
29411 42344
33060 36316
18393 39187
5785 33386
25547 65025
7890 77414
31777 82278
7404 13702
3550 71430
68260 76107
5758 12376
13413 29052
8568 67937
11390 90331
13795 50705
72305 80983
34409 39335
77497 90754
3595 61524
7945 50135
56174 76136
910 30665
37386 77828
45298 60550
37758 50732
12606 51288
7728 72910
23086 47303
7137 55929
22851 73353
3892 47266
2524 60570
77865 89194
6820 23460
26544 55258
39223 52824
58259 64671
5852 6798
12437 88506
70453 73293
10611 79406
26908 47471
30257 57507
5356 42094
18564 23536
74434 82294
6914 55240
45614 72889
7877 72953
42626 80684
10949 77188
51618 79743
1150 9592
3097 44365
13306 91171
16673 77789
25305 33487
20313 34464
38314 66647
11233 78357
1045 8482
47252 62570
70053 90813
35884 40385
43375 86203
393 62073
51574 64981
4912 55734
11146 46786
48866 90416
24665 70746
33898 88976
3006 41501
20163 84102
28575 52497
29384 54687
30200 39864
31693 76487
40492 48569
60600 78233
442 71534
22301 31647
22808 57096
12263 82452
10783 23076
46653 52315
67651 72889
54919 62807
52645 84847
39719 66344
1037 19671
48963 50186
29221 51204
7984 64355
4435 70461
54633 70763
40800 69797
37037 71499
72793 88386
37232 78947
65722 75968
19199 88775
19097 42631
24782 75092
12538 13953
1611 45965
39022 66932
9364 64748
33357 64064
31502 48542
12377 58894
48407 87455
38163 58033
73754 75654
58060 85399
31838 70074
51530 84375
37775 83363
1087 52498
48976 55627
13612 38392
8268 61521
37701 54453
7796 73575
32560 61327
25980 59645
25981 34592
6090 18921
24742 28549
71622 76092
2184 84949
42911 60471
51425 91597
61079 65666
38047 66452
24964 59968
19554 62531
34678 55651
20415 89793
38711 71409
21233 38554
9995 51062
33564 41001
19585 83747
51692 87437
19138 20939
22705 34018
14769 69637
38007 86732
84969 86787
19801 87295
10022 28037
39194 73601
41867 75585
33749 42757
6577 43419
18932 44546
83423 86312
27738 91324
30842 71972
53625 80437
40449 75355
40371 90588
10201 44159
15084 41842
46907 51110
6189 61337
35019 56500
9178 38812
52362 71307
60172 88278
33424 53150
25165 34822
43188 48326
22941 76233
59972 69758
54061 82725
63924 90046
32315 66987
53744 54498
20047 70220
25310 67370
23437 55785
22568 65086
27185 32236
6377 69539
28906 73276
23836 44768
8635 37220
13520 42972
43020 62015
16814 22989
18000 82532
1837 23371
58005 61056
18861 23101
35507 54592
53218 85123
10471 75562
17894 68233
6336 72806
4419 52495
25142 63905
9044 23187
10491 40910
16114 37901
33474 90461
38731 62771
17214 61596
4710 46004
78868 86084
8948 72901
3665 18202
19674 48254
19567 31780
22072 46220
74902 77595
40787 54812
26812 80849
29849 65605
55319 82891
17881 63597
38381 79289
25864 52205
61462 72985
3054 19291
25313 89134
15944 19967
69920 89918
37862 46314
7212 91468
36190 62100
3938 71643
9892 91080
30702 64327
31755 63827
57245 86464
9173 33918
44040 76874
23305 74152
35151 85311
86840 89149
27437 90071
50396 86048
44235 77354
40557 83314
48303 90276
1244 40026
60853 77341
8169 80023
14630 29514
44653 52806
71377 73194
45281 83431
62362 70059
34401 62294
6159 11335
69576 82994
4358 85150
35602 73590
51602 86545
64319 91589
35725 66814
29697 36215
76011 79984
18265 37906
12760 25165
3182 10260
39233 56224
34240 44804
40472 78735
85458 87343
21056 52326
44236 81347
39225 89301
38511 82017
62766 91049
19133 50261
6170 89590
64008 81931
29231 48837
18905 46187
9012 9961
3335 44857
15239 83681
9202 84077
41089 77679
2263 27970
15290 77849
47935 88981
21732 65226
75992 78788
118 33181
32051 38099
2559 26073
26487 72673
26630 30010
10434 46648
77530 85436
31202 84649
9983 18490
34221 65863
15412 43907
10592 72290
26954 79372
28545 53054
45704 83496
65925 67266
66902 79117
36843 47798
17051 62998
24257 46873
30628 54732
20402 30415
34303 46712
47994 76305
9873 30726
743 28650
8746 68078
35866 58768
22785 76832
5878 7144
32968 42947
82310 85316
57354 72715
36316 76024
19855 65130
7629 11711
32559 50528
14 84496
26642 39707
25037 63222
14844 18868
42677 87833
15521 38463
1414 57111
54216 58601
64628 84109
67806 68603
70597 73010
51498 66380
49304 56253
32106 72598
48758 58533
38138 72286
38092 69679
43571 81289
33321 35120
26198 52526
46233 79384
18609 37619
5315 35536
56034 66535
72469 89155
60300 91150
23830 53127
45829 72234
42334 89174
63790 68322
49059 55336
26863 62452
66328 76484
47112 69432
18530 37849
30449 60572
36223 73413
16051 65337
71815 77125
42315 50072
25275 60221
18268 29319
19785 37110
39259 45364
44084 80924
30147 45208
45520 66660
15386 62001
3276 61962
73001 91451
33089 43597
69059 88307
36236 45008
38483 82804
16586 38920
65171 75739
396 1294
25864 68891
76519 81801
21845 84897
29002 84111
5951 74345
19421 56701
32007 74813
19873 62741
21109 28872
50128 55090
23041 41998
80896 88390
5711 23857
10160 75756
23374 60618
29029 60091
12420 59053
8733 41056
36436 37897
9898 90848
37107 49393
59411 83358
30729 34835
37303 60219
10854 70519
22173 65516
83036 87279
23791 84089
35052 44978
10664 45491
14796 48802
1815 63848
2514 67603
53125 80128
10367 36646
63976 67877
16049 55515
38603 88176
40796 43490
45632 56493
69606 75037
37851 52032
4811 81877
177 25378
54785 60528
11585 46300
8586 37054
3041 50977
10669 53260
64553 84067
48036 52205
17640 69339
79578 91657
21679 34452
54868 78596
5190 46652
2322 25666
5591 23554
65923 69065
39026 84444
21477 58328
30368 69832
47846 64985
10610 19575
55714 66172
28050 33345
13650 31927
48282 62555
28173 38775
7905 40940
70946 88793
3892 53875
40441 45242
62360 68771
10299 42912
34940 79802
65767 81561
47931 81121
681 49665
61443 80308
53821 71645
76643 87270
34748 80735
2230 52278
272 40142
30318 65404
55591 72989
6871 28219
59328 90137
31313 66119
48059 49300
439 65688
19956 52883
36584 89516
18541 78890
11271 28529
60229 91110
320 52999
1537 87039
51076 53912
31130 72603
39568 67160
26714 47457
21526 30034
85649 87582
8791 61203
10864 24441
7252 56204
17485 91578
32373 73372
47991 88441
53483 58466
37703 52782
2465 53936
25377 63709
66365 72461
5649 64175
2413 27902
33106 77527
27655 83748
1654 24141
45240 48266
14694 68841
9227 87977
36382 41470
53877 77845
9560 44635
9629 66012
43567 62773
1210 40024
50410 73928
47549 89620
20309 64546
63645 87700
17586 23807
19496 37990
14405 74595
65233 75641
4281 45976
6755 53440
12336 90380
23697 75625
3937 22630
5845 15709
39915 60401
33958 64080
11441 20970
32789 73256
30033 41960
34206 52397
15941 69423
41860 50320
14247 51898
5723 14134
53056 59675
14044 51733
38161 83794
54325 61205
27605 43742
70712 86256
53045 83957
12154 56448
24345 33601
12004 34781
24503 52315
29851 70371
1214 91616
64926 81673
3887 25219
30242 49098
22106 67280
11462 78619
2876 63325
3798 53349
2812 78173
8157 89650
19745 79718
14212 49589
54679 78951
23622 37733
87157 91115
74774 90799
42732 42851
62706 69793
34232 48673
47069 68938
74993 76690
20934 44846
17957 60217
41156 51936
19186 20317
61324 75537
21544 82241
1223 28688
33148 39687
14186 57233
7624 25479
11636 39712
13965 81921
52839 77950
41208 55092
14165 72419
46596 53920
6749 28207
33496 80271
7729 53111
1546 75792
7833 18819
66270 68536
20116 64874
56338 71021
27780 75284
31314 41492
71354 81414
4237 69977
19694 47419
70275 81027
3099 35995
17984 81721
19405 88143
1912 56443
44804 47228
24434 30614
63076 66513
19785 67480
30903 50780
15377 17734
85607 90192
23724 23882
33218 47457
2274 10814
15154 36728
21283 89908
45769 86065
15352 42124
941 62502
44730 80756
52310 68832
70172 73139
28272 76730
52451 71761
22483 61694
52095 67518
22133 80255
18110 19451
30789 73030
11801 51783
40413 72351
15971 75873
7086 56233
11650 68965
62401 82600
30387 63321
30149 50770
31298 44543
57922 82574
55775 67299
68340 72131
3365 31115
55514 83571
4621 25371
2955 80388
17340 37920
85562 86903
10879 60266
7117 9895
7376 25945
20417 88209
77843 82049
32665 73986
2631 16865
17708 83897
49525 80457
12663 30742
23379 70557
494 45562
69262 89630
11553 46317
59021 89007
6922 42781
23030 63016
4420 45899
61482 72607
22588 86850
55419 60349
5035 55205
43312 65467
32050 34940
6176 68140
38366 56616
23694 54363
46385 85640
32513 35608
19647 62307
25786 55497
18899 68970
25917 45772
40301 67957
5254 36331
36400 47025
21665 45042
37772 51207
15433 28476
41830 67695
42814 77118
10907 86359
26079 55899
53685 76240
1322 43763
45441 85216
17715 34502
43150 46830
46432 51869
14426 20103
29995 47038
25608 52754
59478 88498
35537 37260
45548 65667
49589 88408
52688 58741
67222 90791
56858 79733
23816 30588
6008 8898
52535 67061
23364 29876
20419 33387
55609 69563
13868 33047
60753 78252
40705 84943
13462 68859
27265 43541
23838 24176
39671 77030
53421 89109
27084 62140
17366 53000
27840 84627
38837 53427
22526 57288
1917 88220
17676 65916
65649 74276
14730 42330
71794 76404
6390 34638
48564 80680
57659 83756
39627 55769
9579 71685
23003 49292
47784 90306
24696 71668
31916 65727
16541 73121
47504 73646
21376 51547
42868 61294
43824 71710
4142 36661
1075 13265
56439 57478
42048 48102
2323 89955
23328 68494
42984 66932
8416 32497
68521 83143
59775 59813
66967 85958
81252 82176
38790 57648
54244 73788
53660 72492
60209 66268
23640 62542
32088 69095
36436 51812
29985 86194
35578 65971
27552 59405
39253 44491
62732 67723
62905 84687
19419 25050
12402 54235
8883 62605
7489 12383
21193 31382
5319 46929
35862 70916
10995 49260
16858 49140
27478 31597
53325 60089
2274 29922
50063 85581
50060 57291
5186 6999
3249 58997
55136 58949
15590 16671
9547 15765
61122 72320
45910 72413
51847 82363
63968 73622
19963 65209
14918 30219
19200 81763
22529 76670
75517 76493
11972 65704
2780 78931
2964 57082
31153 83288
19342 41021
9024 17148
15466 20646
39751 44269
23273 45402
5704 81320
62018 74155
8311 74363
43289 47984
16981 59747
70512 90942
9657 25115
52433 55999
54052 58333
13692 59263
896 47600
15275 24197
35274 75384
42927 76024
188 62081
64038 83120
6023 26976
45257 87046
77137 78386
30432 30876
52171 82018
3848 62014
33400 79415
69003 85841
17988 51494
939 24928
17760 80250
9221 50483
3065 27738
57436 81663
3051 39666
63153 63665
12885 33446
33918 72800
60886 67617
2193 51892
3748 45344
65888 67381
17982 74162
13616 35793
23880 37569
33795 48247
53822 54515
5297 60920
8313 47524
41397 47974
17803 89772
71620 82590
66987 90667
32464 89591
61097 85664
79732 86176
41694 49030
30398 82892
61700 66886
17954 32529
16264 25502
62996 71921
34418 85972
37348 59611
138 90219
771 25228
48855 81140
33652 87382
2308 62973
34647 36516
4174 31698
19673 66523
25947 45705
14832 55793
4910 35881
9063 74706
2075 64698
44705 78725
28500 63954
40168 61943
45195 70212
40496 60513
1257 28289
8259 50787
41990 68817
43698 60152
3519 45997
44088 55392
74489 76996
54350 86024
2545 20203
69621 84959
34691 71282
32307 42477
35415 79938
15345 17780
23549 43485
19470 49403
83761 87018
71871 86327
23639 26494
42669 86840
68925 73392
52570 63343
1598 53689
77938 84573
3169 14799
29255 69669
40737 55442
47243 80426
34886 50116
22192 59358
9253 11399
58332 67328
9063 44081
28157 84986
6762 29393
23802 75370
33320 60589
22706 71558
34234 78483
18537 19450
5186 71412
12188 70792
8053 75474
29742 62010
1779 20174
23068 66710
61745 87513
43189 78892
43886 81640
16344 79276
1811 71585
9412 15190
1736 51097
16171 90440
21921 48858
45772 81879
24558 58164
62386 81790
24514 79767
68359 79994
6259 38357
32986 66785
33486 63718
49867 87012
69909 76517
62053 80351
451 83625
43988 45029
23102 72128
17589 53530
18638 54710
38198 60311
26898 30915
2245 81383
59645 91425
30303 31048
65850 71096
18508 46917
51771 84037
973 67348
25056 83442
14338 51750
16122 78637
80497 81651
5814 48887
53417 89697
68246 70124
12812 17577
8833 55823
50147 58116
33791 52033
13990 18589
27096 83415
49163 77780
22230 27984
2849 47604
43904 53026
15600 47272
2547 6234
53559 68275
4088 17623
14524 81237
14008 33770
14346 24554
42274 60314
15848 87800
7707 41940
17553 90284
76043 80862
34711 62672
2810 33381
56676 88118
10261 67941
59014 60452
39393 69963
61099 67353
515 29729
36513 71520
26447 85470
38532 75304
1385 53026
42637 54240
11513 45030
11848 26692
45375 71240
7976 47052
28011 28572
61620 79920
12366 55628
34522 46896
62057 87717
1382 17095
31724 43463
26209 33154
62237 66597
33929 55454
22493 33575
699 53652
27449 42823
9869 58371
53078 69763
1160 90632
5108 25021
12831 76831
60005 78094
16052 79424
39169 57495
49655 56761
11557 51542
27638 77879
15688 34972
16477 42498
30534 62237
13676 48653
43313 90483
26308 49137
40509 47647
11774 65464
34059 46622
42453 80113
39891 60886
16752 64486
5984 29655
26729 74809
38912 74857
33517 51352
41294 59138
23788 38759
39405 40063
51252 77641
66986 76914
19519 66603
21195 49005
836 81915
42604 86068
26845 30933
9274 87317
1232 15264
13769 38704
24710 65226
14340 86158
86855 87751
21469 79214
19115 50053
7243 39421
68820 85756
46908 90484
66953 86704
46370 52732
41946 61794
23263 58266
64037 78515
65235 91511
53748 56827
41249 71117
16114 55651
76666 82432
36333 61139
1649 38173
8258 8513
30533 90992
76097 88950
17231 70167
7103 8415
5625 41953
41581 60317
2283 57832
20768 62581
20880 70626
32549 75583
24539 35241
3803 29700
481 56851
1115 29666
22705 72983
16035 54484
12957 57631
50214 84730
62833 88447
44416 46928
14261 28501
69773 78476
3335 4867
13566 15667
19464 46583
31166 63461
9502 90822
2550 9621
11985 80062
20847 83148
19731 69835
20712 82083
17341 86982
64116 73285
73565 84882
22818 51466
40882 60409
46319 72697
21240 87911
25580 54692
40312 57665
60218 81157
48239 61836
64115 78034
51670 74346
22054 54367
50388 72201
31883 65126
57342 64470
35934 66074
58104 62037
48 64396
30017 45138
36139 86901
23955 48271
35258 68310
60152 91278
12816 64168
64938 78631
37540 62033
57825 71677
18920 26230
1146 71079
4415 22354
41232 42364
61566 65452
24531 58864
24557 42533
6263 7095
78309 81267
26200 46734
7623 10049
46998 68658
6602 78107
50687 79948
2956 69750
35049 43606
42291 66677
6610 72419
6393 29259
7203 86732
41525 49881
1057 8045
28080 41881
2912 7647
4114 22387
9482 65126
5351 60383
54692 68623
20893 22931
38630 49946
12340 69497
2581 22575
59568 90805
28401 32440
4094 63658
48678 87901
3054 58280
39580 58865
14987 16787
44039 57276
4581 85538
18493 57915
2296 4857
470 13348
39525 44496
2379 67574
40453 41327
13690 22383
64983 83699
21991 71796
53056 83127
6324 79347
14569 36144
47774 86472
67393 72059
2099 10401
43326 69495
19748 70075
34513 72235
36058 73926
820 57610
8117 37035
8014 14902
5434 53072
14750 32250
26031 40432
12278 75066
46924 50003
73714 79860
8557 15320
17490 71173
74674 91662
47864 61982
77318 86661
18738 19348
42652 52101
30005 53202
3793 52141
1606 12754
22378 60571
42634 69754
14004 18794
62305 77013
69551 83125
31164 59953
21822 78454
64518 67268
9673 79336
14290 62025
15079 28993
71367 87040
28801 75328
23622 84225
14196 67111
54625 67247
10153 32724
16614 20969
21867 31122
16517 20729
6909 82312
36156 83790
9548 36447
17976 51455
85940 90335
32114 75391
30297 71696
55213 67887
30223 31657
51816 85805
39905 70822
31960 65291
8233 10433
48343 75168
27201 73177
31660 88876
45023 49987
13844 79140
50296 57334
2043 20364
13686 38224
71727 73161
54438 62328
7100 43775
61562 73147
39052 61848
78308 85473
5107 28650
6122 71465
19360 88188
14007 37133
224 42668
5817 41176
35678 89398
19595 84540
12372 79285
12931 60303
60522 83149
66821 86443
53397 64680
35718 60933
12409 22827
32803 57554
18465 49482
43030 43281
21580 27126
27167 76040
1418 25975
18603 78853
70344 83726
17114 75145
23396 42445
44680 72608
21538 51166
11598 84058
24990 75274
48452 52939
32038 79834
37014 74563
9815 29230
30031 63416
24332 79717
33515 79903
29647 56365
84293 87472
3901 36423
17731 48895
73266 76390
45644 49818
14663 84497
7302 82580
38968 41186
37874 88367
39890 71234
1362 63996
39946 60788
9541 25467
17209 76048
7194 17507
15028 87660
6414 61839
10986 31513
38085 86493
3312 10059
23249 25732
10222 53731
47516 91396
20800 62665
53908 70542
47089 51631
10652 47150
20573 64712
67906 73797
24770 89158
9358 63848
38702 89818
143 85211
78618 84860
57601 86713
8741 55548
59208 62793
56783 68731
16219 77251
26404 30323
60558 79491
44282 84897
75874 79508
4196 26977
21657 33522
9668 30013
27871 88769
15093 17495
29983 72856
79518 82319
5131 20590
41245 80560
35544 37782
1090 19172
1669 24012
53091 63670
76429 88342
34304 37940
57499 90952
74933 89375
4622 50276
44736 91523
31454 37378
33165 69090
69465 71602
19714 90262
62109 66507
6095 51780
51838 78808
35558 66151
17343 52744
45698 75756
55313 85436
56014 75138
14674 43930
49067 55157
44471 75424
57934 75305
9703 64059
22246 44411
31337 39016
28198 49173
43918 51257
63493 89171
7377 46546
57110 71177
58837 66725
70959 86517
88837 90282
2268 70674
16500 89315
43266 83989
46137 79021
16813 61024
4167 90402
42380 87364
69691 89625
44838 70742
41255 70059
36196 87498
14132 75666
15729 51692
25702 35261
58778 88121
27311 43763
62581 72798
17403 18654
62230 72689
53594 76616
49413 86692
23512 71396
24267 57141
15504 48233
57855 75397
1072 57489
21111 64730
37101 51577
1298 72424
58899 89619
8938 22627
44609 73300
19489 74656
14149 59766
1644 33895
54048 71246
46933 70978
29887 65753
47896 91193
6058 63215
52579 73337
27871 67898
40217 49085
67048 85102
44841 52464
42635 50281
23102 59989
16896 30933
29369 58615
24428 75277
54953 61296
48439 91148
59188 62109
75076 75685
5449 6685
35889 65408
83976 91159
3178 39220
83010 88908
6537 10319
28041 78785
3279 75525
7884 40106
48721 72549
32421 47710
13875 28722
12105 23659
65927 78612
22507 86374
17689 64438
11418 23071
28399 45950
1316 41467
19021 88531
20343 59964
37466 74438
65786 81465
36803 52824
485 18247
78613 84997
20624 83387
1791 58833
51345 56186
6732 75366
6018 83731
87893 88924
17654 25931
47478 64538
52592 76066
36398 36486
16734 56379
2056 74938
18255 50844
33433 67927
679 13939
36941 80311
44139 66355
54731 65319
46919 63713
56857 80251
34957 70127
6588 72733
25455 63623
3555 68660
67060 90219
27657 33986
72998 87875
24926 45956
9340 38014
50902 85791
25225 84970
54453 57404
66268 83355
1453 66061
48260 58435
60146 89496
68430 71937
10029 44483
30498 41635
1285 66167
32089 86136
26612 52561
7965 81470
34346 89780
35328 40305
19868 43963
43838 70898
32322 38229
33115 74521
23602 73002
71243 81838
23027 31130
56463 68130
31501 41684
20765 48601
12532 47581
73578 74874
35433 41841
32877 69770
5575 49977
68942 78249
66968 71890
15612 83766
14102 65717
53245 66344
6549 35413
36064 91410
6738 15104
63130 64621
6649 72697
14235 55032
16991 40827
81549 90819
29192 73312
396 43618
11938 87826
19192 88425
25714 44176
29828 90544
4166 50103
42215 88688
935 39185
58167 74102
29605 38671
13809 49037
85551 90259
13195 21296
43943 80587
41223 73218
6156 66030
39907 41956
3064 82642
23631 61463
74209 80668
74061 90609
61261 79594
273 70008
5615 14615
4288 73118
69790 70194
47695 73490
43029 90295
25744 63655
22859 69403
28211 58320
12165 47467
1214 48902
9194 90121
15288 87155
35158 53531
24443 52588
14354 66494
16606 28773
48691 50211
23673 36662
17087 91146
7098 86142
28098 77172
24375 38004
62679 72050
75537 90119
3707 36588
38086 87232
8438 30741
57456 63966
89896 90526
1156 79489
64797 71782
28648 60142
7471 52910
33897 39123
86626 90056
3379 15683
9627 18328
47870 80001
26689 32358
3680 6228
23235 25778
18458 90072
35442 63634
23636 30496
25108 25512
14216 17843
12676 71514
59233 59684
7737 69168
65186 85947
18938 76116
54384 86984
6788 59793
47992 74368
40194 53669
51112 88889
11530 35296
5401 37951
6271 81894
85685 86890
22491 43578
15526 53651
4651 61804
30172 69556
37708 44905
68805 81743
1526 3312
58425 81341
18592 65272
3770 22988
54207 59625
9777 70767
835 47527
60419 89853
41923 53754
37240 68509
1971 4102
53597 87603
28599 62494
26754 88853
2853 29430
88573 91626
47757 58704
55813 80995
39733 57606
28595 51603
41051 76597
50265 91377
19771 87059
47252 80103
14554 55436
28821 64716
6151 56890
46809 91228
12794 16203
84615 90936
47813 82419
5913 72349
66194 88273
21609 61964
40306 60155
34474 65660
62695 65898
16387 65732
78378 79290
44915 74559
54885 68343
52049 56128
7910 77340
9740 76701
34143 46118
46232 81767
23894 31097
28720 30063
67515 84639
11892 88164
23879 60007
371 54019
10856 12034
30029 77391
39387 40758
80165 80721
28362 69446
31007 60067
17529 50098
72495 85227
40051 45387
43362 69748
937 38524
10929 78061
19639 38889
42773 48333
7001 88289
9824 75725
21623 83362
56801 57795
21982 30039
70136 72645
19922 55978
20162 42221
37233 82372
56894 85630
30356 60185
13968 64220
19901 90976
24123 24792
54374 76687
42781 48629
49095 87580
26984 27061
34125 37975
38397 84237
4312 78567
42486 44913
25472 89166
7659 32481
17350 44148
56877 64639
9131 51621
40965 74869
86940 90530
33391 82313
18834 40315
34623 60344
8936 48163
2040 50807
38304 72962
52609 69305
12476 45321
29638 80428
13195 15282
46246 53196
8014 45282
12501 90748
70740 84398
59920 87184
64029 89780
34876 54133
57120 72692
25396 36614
29626 52260
3724 6552
8141 15215
5329 72417
11671 54831
30399 73079
1120 33115
85502 85821
14530 38355
39415 56535
51471 79553
43292 85086
8918 18291
2339 50454
71092 71172
33897 85346
27701 74855
3812 27662
56257 79849
22039 62093
25933 66912
4202 38205
60026 76420
67626 84469
71293 88365
23297 41519
18596 73171
4805 81069
47595 68722
11556 60849
67885 70727
19590 40575
56509 66447
18654 89962
3266 83402
73301 74072
26234 80079
47385 59444
5408 14726
227 3912
73806 78372
21978 71049
1021 60088
31139 34088
23340 68750
37489 58783
26334 65961
51521 71124
14758 45481
59614 86693
9563 34613
34033 80865
13312 45878
10862 82108
40975 65323
38127 86527
65134 90306
2099 23306
11682 69047
1300 63226
66030 80714
6395 31782
17463 70726
27204 35572
35450 45021
33631 57917
39074 52769
55394 85701
10003 63244
58945 74280
1042 80089
1081 11833
56280 59403
9284 48000
17982 44328
6136 62503
2117 91091
65082 80472
8527 17693
18685 58166
37087 39908
22229 62028
60351 87465
25642 84788
3421 70633
11697 25570
56164 66774
7281 75898
855 88228
36056 58463
46419 57057
35429 35529
39269 55213
66700 70789
5017 22939
6166 27955
33817 51034
12176 58715
7798 15138
30548 41590
60225 91671
44773 90505
31747 88366
27571 64755
46323 48171
2306 83881
5419 7643
80333 80662
45927 56285
30390 85663
24856 66698
85171 91407
40524 42052
12501 21727
35815 38235
32545 72859
45023 80703
46555 72206
6598 46584
34077 71081
50135 73214
22924 43616
14031 79151
37946 82327
30362 86562
324 43268
38994 84121
9464 13146
43326 54291
15743 67982
5301 80663
22646 45275
36834 56907
29987 47499
32164 76599
56082 91228
2052 44311
196 74544
63710 70821
33645 46432
21157 74064
17190 25385
68523 69931
4793 44893
77500 78635
39322 51877
15968 25427
1218 55986
20368 48428
15533 45900
13558 56177
24594 31861
45062 47634
22264 26688
18451 65757
20005 21617
28507 50226
8406 45573
52523 91203
11930 74925
46663 59749
66193 74485
78199 80455
78567 89953
6399 8203
5487 64655
8417 9093
24898 29044
2030 50747
21956 21974
47990 62344
11419 82730
15369 71865
15224 65859
281 20490
17677 36485
48493 65649
48254 85823
55641 61790
66210 72042
25299 33607
24879 67856
17139 39924
7558 32243
64443 88841
11988 29614
64915 76964
31870 55762
25124 52291
28631 49451
36968 44019
67008 90511
45989 72771
24535 57001
12534 38159
8953 58697
49654 89755
23394 42689
32548 85902
827 27845
16696 24998
39219 87110
29942 80126
6170 88274
38478 51435
55038 79197
53911 57070
8482 64208
667 63004
12304 61577
61873 83459
27922 37932
40427 89251
34889 58993
44929 52114
45251 60129
1471 57275
49595 58195
11857 14328
71716 81724
9209 73968
4788 81526
69899 80160
66824 90163
51662 91241
3315 3523
42591 72039
43132 77452
1159 88326
83992 91548
57807 88443
50872 70014
37325 90049
11077 80686
66829 70848
72020 77699
23063 49798
57591 81146
44675 55444
4800 25179
27916 73439
33188 60862
49646 86158
56169 76039
50210 64203
55045 61464
33609 57718
52696 84482
8044 10964
7922 47844
22789 83214
1176 40912
68744 82234
37362 52771
68941 85533
32938 78229
7732 54008
33010 52632
56565 66787
4879 52248
13192 78394
8436 66555
26044 54887
7356 36010
37908 76284
8318 49522
8868 51763
39195 50046
20116 54131
35221 41888
49796 57869
26525 83562
80 43239
55527 75369
44151 50865
31127 74610
27355 39031
30461 82967
24862 28519
6791 56268
44651 59050
49615 88886
35653 78239
57981 70595
14716 21214
3824 62273
22761 39407
46827 55802
47201 83465
2134 20355
31058 63895
18267 27302
9474 46512
5496 70054
74075 78827
66005 69832
21882 57373
11781 53865
7852 24743
8539 75881
34196 54563
50023 88381
85824 86456
34348 58535
10677 89165
42006 65722
49428 85176
28545 48554
82212 89012
42641 77623
26386 49015
59719 81236
42080 67375
68191 81591
13755 69413
27196 63675
39496 87061
67634 91560
28076 70620
36869 52875
44772 59988
30707 57970
4858 82980
37574 83649
15520 61318
35712 75103
15491 33355
32748 72682
20325 71998
34106 67379
2304 44983
7964 44394
47864 66698
38584 61847
69680 79444
49324 75515
17130 43710
10626 45151
39136 62819
20423 61577
26239 33568
27531 78310
25151 62551
11456 16155
60253 80511
45439 59097
14971 85734
5333 77046
3787 77549
38390 63862
5933 17594
47951 76845
12509 38905
35872 83009
29000 38981
18444 37050
22987 45496
765 33541
5692 52923
55274 77355
2614 32133
24017 62344
41730 42201
3694 73910
39776 53016
13960 83030
28641 61302
33326 66966
28034 69252
4706 17906
43799 70331
17381 41417
53555 81323
24492 78511
42670 54274
42896 61562
5095 54725
4490 81241
15788 18834
3279 67427
77360 84163
15573 77159
25164 37225
19987 83800
16869 85945
14533 69542
24936 25424
27237 66437
5651 85201
11231 45815
24771 39581
21575 71311
71939 83756
10248 72262
4683 80778
39140 74324
32737 39160
26225 89953
5477 13264
42303 50843
27538 58957
26837 29798
10169 28887
35432 84337
11342 14899
21361 85645
26376 81870
8025 54139
21187 81259
3920 49858
4212 85786
28943 43872
62688 78680
24168 43584
66611 71976
50179 59175
82 45612
26097 89151
35244 57927
59447 62949
15523 66516
2563 53013
24212 64323
1670 68889
34746 50930
14504 90052
7549 68726
22700 82181
33664 68732
750 66131
68437 89532
58602 75437
52168 58512
6299 21065
60419 80580
43058 45565
9998 64483
4573 14561
43428 61367
38120 91511
59660 85181
50414 74008
83310 87936
65293 75643
16981 69183
5438 40203
6745 53998
54416 66956
45685 81527
4532 77556
23696 64651
49408 83644
26045 48572
11489 34570
23193 73244
50200 79235
33520 39535
24316 54697
34536 70107
43392 50432
9364 53843
43914 65459
80781 81912
6673 50949
26052 59316
3215 32052
28218 80637
9707 70223
17043 36236
26636 29875
33498 69890
13369 35436
20837 41472
37899 64900
45854 46796
51237 77900
50942 61395
73753 76405
57879 72355
35603 68428
30403 33059
43924 62372
6747 86226
6933 35494
8983 83513
35911 78209
4925 54983
37342 91205
12656 36514
18312 32871
36871 59811
45785 66515
4011 59448
18311 86398
66270 75383
16869 39114
29815 72721
15902 83096
45869 59970
4442 37723
68337 68850
10197 58399
11890 28282
60527 86149
23494 69683
34257 38947
76323 84516
12483 41039
31969 56672
60844 78130
20068 64026
32484 34990
2672 18112
16833 52591
41217 44822
8 58637
23289 62198
87068 91497
14747 85018
19838 90593
4189 82837
13202 64016
12038 78299
18372 29268
21445 22381
71175 76593
9284 46973
19273 71672
2542 16642
590 78855
34887 77471
34212 67520
2298 48385
30980 37148
17645 52150
18591 30645
30106 59957
27318 79871
24967 37997
13975 42253
6147 6540
7848 39381
42379 91179
11618 28521
30373 40163
1165 12849
30209 76915
20828 81741
31515 54758
35687 51142
59521 69804
6585 58807
8190 45620
31485 57802
12895 24981
32043 34598
67697 72552
308 87198
38011 61258
71528 83271
53687 54252
3074 3922
35712 82690
72945 84297
22565 65911
20697 46311
11203 28850
76041 88750
70884 71944
47110 48338
45690 46193
25464 74067
90542 91239
23855 48986
29960 45180
48717 50894
79732 85870
1146 24935
26536 41738
45143 70835
13139 48811
36236 58694
7818 31703
12682 68328
16337 41115
6022 32568
61841 83470
12608 33746
46988 50591
3144 30227
7909 42103
43322 45134
33292 61246
62511 83566
35283 69240
54441 69060
8969 54908
11860 91261
24016 45410
15827 49407
45474 67737
24966 61617
13563 71715
15432 35911
3863 60602
32250 76029
40113 41726
26190 47497
64126 86519
35198 51939
34251 40696
3349 35937
6342 74944
27215 63990
22366 57775
38038 59481
40774 81741
34999 73847
50571 74513
10451 17562
25098 81295
57471 72155
50310 86947
31932 42312
20443 34104
9105 15370
10044 29359
57739 70785
20150 91005
53576 57191
7272 24191
22667 85700
36851 55132
6069 42107
76750 77512
6018 25316
1868 84505
3979 70403
76011 90770
2071 11286
10435 38754
87387 88345
29667 56779
13729 58279
49772 83335
7840 71809
42524 75904
15579 23579
36072 76620
89473 90157
5967 75241
20020 54539
9389 28258
24680 47335
12836 76528
3674 46852
38815 78987
17642 44823
69754 87299
781 90296
86991 89569
25844 28693
46501 46841
1759 43996
9592 50604
15509 79787
17003 25240
17042 49167
46771 66244
46688 86607
39135 65446
15374 81061
66286 76403
78079 90151
15573 76241
9541 55684
4025 84668
3058 11424
64818 73723
23679 56456
61521 69131
30282 36901
27250 68154
43677 55494
31327 52484
2768 36212
15859 71939
76491 91256
381 70647
4599 44279
20387 61300
43217 55090
1189 33164
11981 24636
16626 69191
10227 56111
4991 38514
423 40765
30036 85480
22948 59660
8575 65592
29905 39181
25111 70513
1312 47026
34045 89369
63296 80439
8155 52752
12374 86777
73679 89999
27153 87503
4733 44502
3646 12474
19787 35536
56907 61784
56716 69699
4529 11215
10453 42844
2565 70041
35690 71707
15935 60624
25923 86468
15938 88867
52002 74357
25898 64404
40625 56883
10702 22290
3957 45610
12673 21802
286 24362
65421 84081
25831 85462
32724 80909
18720 38162
13765 28248
15317 35835
59009 91576
724 42520
26609 87935
54019 60082
39097 63303
19341 21768
31088 78246
1036 23805
9065 21182
21935 67707
27598 36679
3736 35541
7303 49076
9475 44645
1589 51216
18149 28195
19077 35185
29308 57434
60789 75452
50748 84858
88832 91360
4753 39216
30179 82935
19111 51931
67782 80592
30546 49461
29932 76689
22413 53807
26637 42528
14440 88411
73573 82242
19599 88007
59851 70413
47481 70198
3962 78523
6051 54221
6097 57124
30656 76051
36627 62609
2894 33708
53196 62439
8254 31901
47298 91338
23768 56921
3911 29878
70016 79307
1219 43267
24506 25450
34694 40460
4033 83516
37167 55879
12201 72030
25032 64548
2439 47241
72226 73172
45172 53675
35520 51459
43252 57358
66854 78816
55316 62754
5851 59156
3759 73352
52787 71689
66724 89732
45864 68572
38970 78057
8853 11541
10167 44216
64564 74840
12972 13171
78092 82095
15767 62217
8964 27807
48566 59890
15931 47476
3164 66620
7612 24973
23221 79328
39280 53505
20889 79067
49870 80795
69177 83856
29960 74316
18997 53057
29866 63599
66951 83690
37410 52230
41437 60665
33213 47562
11389 15219
3281 77896
54416 83621
20297 63862
22650 80335
16215 59990
30463 52451
37175 69498
8558 51429
14837 17363
8653 60267
14892 87342
22751 51794
81203 85588
2514 20562
24285 83928
16219 70798
2942 23925
10639 39201
29143 83136
46318 68364
6670 87714
70827 83454
36313 36920
15875 56253
22013 39249
41610 69432
8427 68928
25562 42593
18735 84623
78424 89165
38193 55563
42640 67348
5999 62613
88301 91308
32379 86541
2022 59887
39830 53661
27455 70938
11153 36092
76344 83198
43899 62115
31187 86941
76439 79755
22985 73691
179 20008
40620 50397
20137 85560
17300 48503
11593 87491
9725 28463
5989 62159
67754 85360
28035 85988
61548 78836
33404 85539
4240 58646
4257 64470
45928 76541
36882 66530
44545 50965
4725 8697
4097 45965
51176 82773
17982 31815
6750 64807
12333 64940
43528 53785
3086 4533
6605 61045
56486 66714
52142 71173
38914 50814
6357 70480
1806 3711
69539 90234
50566 61927
46 7241
27293 90566
25532 27786
53933 72755
36177 69375
26441 86047
43378 58107
17762 62359
49882 77695
6478 51525
19726 33324
44469 64148
21965 84353
36131 59612
63395 88601
39078 79492
15061 52199
234 31383
4937 56206
21221 27091
23585 86799
87977 90738
47101 68492
9259 24158
25421 51994
2631 27948
14559 32644
28265 63215
65481 76807
56438 84200
9979 36499
47521 89910
39322 48212
3242 23948
52883 62354
46481 64379
53213 62703
58037 66070
74932 86999
37072 70407
39906 52972
36651 38351
8841 19832
42130 69660
82410 86299
31351 60834
54194 76946
29213 82966
43076 49789
11866 63371
34109 56807
54366 56221
15635 54689
39716 78930
53582 84720
4469 36048
26078 32519
71286 77698
49468 69710
2294 20367
46796 68482
9593 24686
45688 59242
27524 65641
17080 64461
4284 88216
26628 72637
1063 59727
409 61974
8003 69789
23557 76452
14499 65656
11939 55064
16741 66582
15680 34542
46821 53476
56665 90153
31789 45273
2435 34596
56891 88263
27338 40459
49240 78211
70661 88933
67033 81159
20106 51171
28248 65821
56314 63757
63984 76076
29905 73938
30272 62569
21575 81531
44981 56143
10240 76704
17102 50185
65857 69997
27600 72061
3294 54753
24283 60304
26874 62248
43178 65981
43284 64985
2975 84392
37624 79345
15600 24295
46260 47623
67192 68069
62451 89362
9365 69846
17870 62046
3941 85686
20644 86467
49216 90006
58709 67366
6260 69727
22597 44725
47222 72347
35872 52862
77124 90885
5130 86442
4351 26210
37101 87079
2958 64991
17514 41794
832 53845
63621 64923
38654 71241
57193 74223
37644 82538
2170 56710
64368 85085
78438 81172
8606 71600
17214 27059
4178 9986
26250 59359
2887 51523
64082 82858
21085 54906
14965 19515
16908 63920
867 32427
33853 53331
7322 61350
14167 87165
21303 46610
1986 76193
16462 77452
24410 70669
327 27670
17304 71240
24829 33558
42949 87741
37344 77966
21279 37484
6953 49870
28021 46179
67549 75749
23493 63200
33255 40539
76343 76440
38414 61182
57497 86506
18984 65784
41320 67665
58169 80497
27717 48059
24608 89061
31487 52181
42427 70830
57623 67273
66452 84310
672 86125
45946 54598
10631 82295
80029 89127
18630 83282
14307 64563
4860 41574
5330 72251
73117 83025
27989 45026
13878 25269
33200 78881
34039 62760
32499 90418
53 37419
9666 41030
12720 69610
72947 77456
21554 84457
22811 78832
1106 48698
25649 28167
23642 85084
28564 79134
90 78131
11413 72387
63173 70367
83673 90560
19311 36087
40616 60981
20177 73603
20303 57673
69071 80106
22737 76204
38077 85991
20328 31935
24916 81846
17334 86756
35091 46691
54176 63170
67101 85327
88690 89200
5491 16188
64923 81273
32874 76239
65373 66647
39135 63407
33531 62043
65094 79504
11502 40044
15306 69595
23292 61922
36343 36841
4614 23405
52764 82277
55657 57464
8573 67665
24181 40447
10931 57408
35395 46967
41314 63954
43983 51422
1472 44441
41483 78725
124 75763
31224 83062
29028 72939
27439 82280
6587 82214
36746 63454
69478 76634
53512 79616
38947 87040
66509 88075
6639 47897
15538 54861
542 75486
9582 54918
40157 46838
7567 45965
22846 77445
43958 46380
4934 16211
3349 61951
42860 46061
35334 44868
29239 38850
38671 54987
23620 70778
16664 36747
7666 80488
39995 82149
5020 55350
6410 83691
27374 73927
22201 45505
9478 84608
27394 87373
34499 39143
32796 76889
44701 74127
40727 52987
7088 63972
73997 82867
48904 83672
26723 43234
33213 46570
39395 84074
9302 26537
26471 73996
43405 90145
47324 83444
27736 27911
37002 82184
57990 84253
37279 83680
36282 80978
68491 71877
56067 85273
54988 64922
20080 67245
66810 69589
40873 78514
86738 90531
17183 30782
25908 82481
213 38112
8395 65738
47513 64792
458 19985
24817 88684
34614 45394
17027 79708
68649 86381
36699 78768
76502 83422
42348 78092
5460 69617
13297 85807
167 52122
79991 84925
1140 9036
88996 90178
43690 60135
70630 71775
13381 56688
14900 44342
56125 75052
61625 67455
6528 67618
33027 46289
74561 88236
82603 88050
9648 38313
762 68411
16416 45735
23173 47574
63011 84782
36745 47469
2426 28390
57903 84988
22213 41986
19752 51560
36929 91176
5383 57200
3268 60990
81785 87112
40140 66888
22093 40581
14075 75958
4967 28220
31952 34149
62386 67704
45054 71841
14543 38898
7762 66201
41190 53419
51048 61990
51795 84153
35268 45967
17716 54303
24250 43790
71698 76330
12313 90819
20565 49517
67172 79171
59636 77081
13699 48239
22960 63231
1128 72023
63699 86308
5672 73016
78169 84539
35301 70124
24218 56568
5703 79094
58988 86459
32911 47400
6548 68650
13294 83578
34355 42024
85603 87241
15987 23861
13954 72380
6704 90499
31531 62658
37648 66740
7273 46635
39055 52158
11402 26156
61626 85497
293 3316
10037 64144
56184 84698
29072 71146
60054 86691
62724 75453
2786 72621
20199 29726
8348 44601
13397 66873
15670 43117
70291 77623
28973 63208
15505 19766
16926 17792
11163 50316
57958 66551
7477 49629
77575 79403
57761 89915
7165 35180
13597 48980
3641 17321
53035 66566
31103 65585
46164 86707
8963 46719
73310 73362
8439 27900
33373 53616
14008 28852
27733 47708
59922 62388
83506 85486
987 37710
28934 36004
7515 71176
18530 69493
53744 74829
68852 82915
24848 48938
19043 25095
42467 91115
11288 22285
47134 88704
15610 79970
80987 85437
42629 78063
9784 70559
18128 67385
34650 36021
56883 61605
51708 91241
41081 60488
9582 55652
20272 81074
16462 48888
17348 39859
19750 45198
7043 30991
4904 34013
469 49204
12375 36370
29816 44358
29539 58104
22122 67430
57664 76236
3228 62229
18486 72149
20922 61521
75958 81978
6335 48327
41263 72942
13678 75377
9926 88224
15361 36594
55857 73054
39344 44863
22955 88240
25770 34942
10089 58147
43811 50722
13806 90970
29457 76630
41784 73191
15472 88196
22690 28946
967 36903
23158 27555
47836 81804
2353 46794
7334 18302
65200 75235
42140 57282
29560 29991
39085 67997
70526 76244
10087 16927
62734 70207
37642 70096
8014 23188
65990 88209
11351 20270
19576 69235
13811 46704
7323 49718
65174 75338
41351 90505
44302 67926
80980 90654
48848 91598
10706 10848
15455 30247
29875 70237
15347 18518
42233 73405
22142 37193
40734 74518
34467 76150
10137 53274
13627 57886
38203 83581
2369 21862
45182 87638
17179 51794
6082 10116
67895 67916
5527 16036
51834 68505
25716 31787
17527 65929
33925 80930
68810 78077
36973 47408
5202 63211
22213 64321
65519 69287
29493 32121
33138 52266
11645 63683
2962 91049
31457 43388
3497 31904
18161 25024
23335 82664
28361 57051
56135 86074
8913 33720
15591 80447
8857 57351
38915 84793
6620 28924
3162 4606
9891 18872
14178 28198
25970 35463
3877 49808
27473 62719
53933 88097
42735 54348
75558 80652
8625 65493
8576 18512
74419 76958
58637 72486
48859 69356
12344 40209
59538 63586
7290 27661
51535 89322
58993 62037
10668 45508
53965 88625
74089 78191
9459 86781
2102 28060
16631 53179
41057 46944
19095 81475
9546 45232
73599 76319
8901 81504
16132 76330
793 5745
17294 40825
19328 64544
52073 58381
42491 55297
12654 84518
73140 82330
36768 47583
11615 28374
42750 86825
50735 91417
48591 52569
89721 90300
32257 52823
68421 71270
4910 22239
5142 45772
39967 76927
53282 83103
77048 87472
44784 63027
53238 88357
85488 88128
48609 67342
51072 68779
21805 31623
26722 51490
19254 49264
73863 85204
34421 73913
31960 38375
21477 52885
247 27500
13153 71443
4716 48882
43252 89287
55020 84102
20086 88226
38100 59457
17861 27762
17917 47638
40687 88891
15298 81779
60079 81403
9999 20002
2750 52682
49827 56600
19788 71008
25138 72507
8941 67299
18845 52123
1014 25223
77628 80509
22790 66289
46808 69490
11146 22455
34726 54695
1511 53215
15833 75452
41610 55364
19639 43051
39173 53880
37803 38768
9148 84906
15651 55108
12898 68184
8735 58606
63081 80563
15949 19665
44737 78235
10685 43754
37920 57703
18618 23237
39828 64427
60146 91469
32114 69440
3008 9660
35209 42851
26507 79008
26862 52899
31565 54432
48966 78807
47453 72986
24191 64850
59560 88825
26748 48497
5628 45615
13694 41048
7851 85356
9753 21925
29579 86014
81929 85120
55432 56510
69110 86816
62183 72051
52393 66485
4035 32791
18131 19594
88880 89783
10435 66653
18351 86832
20268 63543
7403 50101
17950 38016
10471 57110
33829 87150
58554 74436
74172 81468
42501 47241
13530 46590
77122 90526
1613 14965
26233 65661
46481 47349
2366 10452
6099 8080
5535 39930
67299 88287
16336 39133
20925 71755
14853 52815
37886 68466
26777 50436
18991 85349
75574 87173
58260 77910
2179 41089
36530 83989
40889 77308
15563 57738
55942 72869
3102 60026
2479 45356
11215 63650
33762 37851
79867 80715
26280 58169
2714 71703
13214 39677
28166 71527
15618 40488
10126 45010
27710 80276
5893 58850
65961 79521
17591 44673
21048 21436
26421 65499
66923 77134
29574 47393
25636 29950
763 73267
50890 88887
6035 87474
27937 78466
17767 72855
14814 25204
30549 32572
3283 54829
48318 80707
11662 88303
28609 74597
33553 75881
21629 61933
70495 74816
18930 76687
3794 41825
2079 52002
20144 38693
17423 51351
25919 65401
30870 38466
14448 44550
2670 5737
16157 90842
45219 63489
26282 78749
28869 44533
71081 81810
27278 67741
7696 83020
21207 45019
25111 64749
60359 83343
42585 54897
1320 85813
55339 60732
8032 71402
44562 73819
49180 66390
7698 82863
51717 90162
10184 45999
56199 67229
55850 90804
38427 88360
52196 58993
8125 26658
29751 46095
88408 91333
12940 43502
7980 80008
8392 50869
30176 53672
3972 27243
20887 88941
12462 69266
14975 87806
13034 60736
31023 53561
14307 38615
68575 87235
1485 59123
26326 50291
29132 74602
3534 57879
53721 72659
26749 57789
61537 75723
85558 88156
4251 12042
37121 43075
45820 83151
13901 50771
37114 83563
18985 60968
32275 85237
2061 42014
17548 26222
45769 91551
33367 49116
14355 15140
42148 90749
32449 85552
11237 57617
58549 76168
56245 87891
47940 51345
36203 74579
29133 64528
2230 11046
51703 61002
29929 77350
6886 68677
46903 89829
19206 87244
65936 74468
16756 85310
1941 33424
14338 52120
26367 45089
30268 62528
5857 14218
8395 78392
52507 81248
32420 52296
40925 84393
1053 63664
306 50865
10383 53441
38383 43459
31209 50403
26858 53067
33934 41515
33319 55466
22672 82003
58730 69750
46934 67757
69537 72967
11982 70976
18246 51108
18133 65469
22522 39693
54622 78882
14962 39214
69926 70030
36544 57122
18054 44325
40204 66006
8711 43444
50918 81757
53856 58602
72373 74706
18572 19775
72829 74925
58075 73704
6522 87857
35425 74118
71421 73715
75022 76243
10827 37705
8623 37664
37803 73334
15115 82375
62502 83947
32612 37384
16745 30478
59344 75102
41603 59801
63729 88168
15104 64660
35352 53017
62421 80717
30750 77219
37681 90938
34166 56989
10897 20161
5913 50956
8468 17141
35310 40582
5490 49036
26518 26979
21134 88172
12459 64090
13589 49200
51024 85864
46780 61720
43863 59635
35002 42695
14776 78642
43204 79409
17637 64285
15141 70582
25777 86247
8286 31664
32006 72724
42646 60698
23591 81169
9295 59670
22703 64764
80888 86818
4384 34863
14848 46536
69129 71570
20183 90366
7821 73688
14033 14692
34801 71313
4570 12517
25276 49964
71381 85861
86570 89781
13771 23397
737 90614
30494 32441
34326 87195
14849 52942
10994 62879
64023 89753
11703 85692
44674 56647
39677 62683
3634 6086
17411 51808
71291 80458
14134 34133
78474 89301
48549 75730
32164 88101
14787 21948
42053 84291
9556 51424
21328 90997
19594 87560
20603 39136
17271 86421
50307 55254
16130 21269
16683 31536
1681 74065
26500 43408
1437 6497
11174 63835
25632 72292
70690 78678
48225 86490
5370 51243
1698 58487
15832 83891
51513 53157
25637 38796
3608 20328
74604 80403
8143 31392
10933 35558
44785 45241
1501 80855
3974 16580
45927 66626
70071 71365
13076 79089
4796 84944
35683 73185
9456 42241
26239 49246
18577 28818
35351 75774
21162 58727
37921 68220
78081 85987
41250 53994
14067 17233
4678 32652
2590 68388
54566 58347
52143 83961
31354 60402
38356 54496
39821 82048
18556 65288
2977 26114
31306 65823
21773 43286
52426 72404
31892 39591
9846 39737
49969 54041
18857 26810
7341 13715
44803 71143
10011 48470
12579 81519
79461 86403
5880 14197
47838 56434
21695 52531
5598 55571
67599 76501
41943 78773
22174 41776
17010 54012
58502 66132
70347 88390
17451 73118
9026 83518
20627 63007
11388 28215
7577 26373
10789 11143
29708 79322
43010 52309
42151 61963
54921 74933
3367 62253
27351 57040
8440 24771
30902 52969
39086 77334
65335 73870
38536 39674
36095 48401
5556 56655
25197 52074
310 38783
39252 51301
31759 42629
45408 76708
34934 88734
62935 75171
26259 81822
58702 82736
45885 61798
57342 59725
52946 70795
62846 82941
51920 84559
2572 83803
19322 62527
55866 61166
21181 27737
38388 68111
50219 53296
80981 91379
1274 90425
2538 58220
45798 63633
59386 78418
2996 20447
33234 88114
44080 50913
63442 81066
65909 90774
82760 85923
6912 46449
12656 13659
20401 84970
81650 82247
42073 67837
11826 52012
3591 63894
5123 37898
6943 36658
30780 52327
9283 78819
12874 44597
40354 56643
56428 72366
31481 54218
18464 41659
41433 82992
13002 86286
10024 10175
17522 69772
31222 45607
11407 15808
1884 16506
43047 90663
53970 62830
64408 70438
55379 74402
72947 85942
22988 76217
61453 74250
68768 89526
6471 69488
40350 70839
30875 62403
36265 48527
35106 71343
2411 52504
41345 61975
32084 33609
35355 37332
27046 69528
63633 79980
52265 77274
30024 40995
26258 76942
45398 61504
46257 59775
74493 91441
29232 78907
31800 51964
47586 82084
24713 81705
17630 79232
3090 53585
24244 57087
11751 36698
16544 75860
9765 88415
22703 90027
64322 85031
51982 64919
72613 82847
18608 66440
14306 45442
56967 80485
7857 44727
3056 26220
17165 30114
14 18074
47967 76879
1432 9125
20103 78680
7048 36490
12058 69169
37877 52548
36842 73699
4131 72013
33424 78569
28352 44423
43081 63244
28553 81748
54616 72494
17945 77409
37212 83782
29647 42370
37607 66040
21125 47557
52800 87902
56659 70241
44278 53312
183 29805
41605 68587
64276 81734
70197 77719
14110 48357
24203 51344
55536 80865
38569 66916
14379 66159
5419 35015
80876 90769
37107 38785
21932 55211
54069 80026
338 90713
509 64034
5698 23783
50394 67916
26940 68838
42795 52749
71514 75364
3594 72802
36845 65959
19946 64631
33384 60790
60852 73538
39983 79275
3294 19114
11481 48545
23794 63542
42561 64049
57033 78621
24698 48011
20155 32472
51455 71517
1317 30631
10753 58741
88692 91026
8626 89889
75805 81948
4489 25401
64343 75107
4000 51986
23127 83241
15199 66350
25000 85012
12049 60578
30463 59141
20886 55529
21787 43470
30790 54462
31012 32128
43156 75945
37850 42769
50514 65232
27408 33631
72319 76521
83 76241
43878 62055
50806 57887
1210 78997
11858 24498
29390 86011
38103 88280
51019 57806
29520 81871
1561 54160
47431 63254
2018 16610
29091 78320
45254 68249
53866 57972
56504 59087
58265 69945
2261 45357
77252 77800
51384 65128
20879 39646
28770 61010
18864 59918
31245 91353
22334 42273
78168 79613
30120 74088
12359 60080
32156 88912
9085 42860
66429 80053
23452 50958
30413 82783
4517 16347
10591 51810
37493 82018
23212 38351
44007 83784
52990 86939
51327 55417
31523 77792
8079 23517
6852 56885
37896 82931
51221 76418
25249 49949
66806 80719
10248 25618
6067 77238
28589 79373
34984 65126
33739 80909
40648 66162
13265 24076
23400 45628
23968 50343
50542 69965
7131 33379
29506 45736
27832 41468
28766 79127
21266 73275
51802 86756
445 66467
2896 17567
31309 66281
50937 66595
17528 91112
21310 84159
13162 57767
6498 33462
22408 62294
15957 62130
22556 31058
16869 40739
47351 86995
16156 38385
5003 78166
12794 26583
11268 89739
31537 62576
35283 49646
21683 76574
22243 66749
27143 90224
22617 23009
38075 84432
24114 25930
58188 73269
41765 57859
8907 52134
81220 85175
26022 54127
15083 53270
74109 74363
22963 78178
37040 81594
3923 17307
46726 83239
43796 50131
9727 90464
53185 67444
416 21987
16229 32111
57782 86834
2569 25079
15836 61452
33099 86035
24062 34009
2984 8646
3920 68044
4690 87560
54050 72692
19394 39141
30884 45456
6465 32010
3411 36823
52276 76568
68571 77865
32833 54883
50346 90661
4992 50401
6831 19280
38332 84593
1404 50769
68398 88308
59622 70625
35830 85248
30769 43654
13679 68324
24372 75666
24049 39538
47804 73116
27225 83727
20716 73549
34378 79274
48572 57091
67365 79949
16733 29523
24869 45194
21456 29561
27858 62343
24587 60378
37681 38621
39258 41524
32075 58959
70401 90614
3061 60330
1431 52771
8870 61200
47805 90129
19389 44157
37458 50569
20525 82759
15498 40204
60744 72013
39478 42589
7764 44616
32008 70147
61076 89094
52394 82233
14637 49335
66514 75577
782 53516
31095 71587
15249 26415
65089 86099
22221 68405
11358 77425
27281 67581
75951 85453
17678 29689
72827 80939
9401 46239
6987 27806
19086 31651
25601 43240
28672 35278
40058 69636
23492 39022
18286 62702
55854 56330
548 15248
53003 59229
36081 47221
23737 47845
2814 83304
24766 45219
1252 88546
73526 82382
4053 33950
31114 40353
21177 32092
4014 52937
43673 78432
19937 53640
15534 61227
2239 82885
15411 51953
19367 83647
26721 40421
43423 54518
4181 20547
50418 77446
41914 45175
22623 53099
9213 15867
46717 73926
36643 86541
62283 88597
66175 73880
9832 26146
18367 35372
37467 43700
1448 29934
2783 43051
68132 75736
25571 69539
32891 43042
13412 41053
20687 52539
338 40215
64040 68475
17508 74386
33044 46134
25295 57085
39941 57345
27095 71000
12466 36914
26372 33663
42508 82177
17661 79998
863 71819
43093 51176
16105 26330
15014 76106
76046 80473
54447 58276
1989 9048
22177 67299
7092 15146
44520 45338
49088 88591
21360 60857
51233 90791
941 70025
59765 68926
26009 53403
62093 65105
6662 66179
3552 86601
29933 38095
2344 49529
47663 67088
21388 91259
24490 45900
22581 68500
24436 80392
31184 47901
34864 43045
10517 72034
7279 54505
18618 67077
44596 90298
5581 58741
25096 47064
80123 82446
36563 80299
120 15157
38580 63818
17204 85867
38592 67184
40229 41440
14344 50336
40174 63082
11251 37203
17321 85646
25623 36901
17326 51702
23900 85991
35016 70281
22731 63000
35334 38170
15974 35647
27072 80277
13024 79789
44337 88825
33409 87392
46730 48989
24768 47663
70235 71483
56321 82064
74082 90711
48796 90830
30204 50271
15404 46444
24315 76864
8490 31762
69818 80863
32615 52783
2737 78921
39520 52055
42816 68832
50368 51255
6555 12388
22184 66092
38072 71313
54009 64148
3943 70732
5855 54812
12252 54245
12432 12535
6935 17482
52630 55918
39973 78461
52949 70924
59627 77633
79810 83459
8780 33761
39242 63702
58883 88086
37013 87476
11691 82081
1351 30956
51461 74256
23006 30532
37421 57435
48713 72010
35386 51549
17294 53872
52116 68862
35305 73754
146 77558
27545 61186
32180 61674
31624 38525
18003 82053
42346 54452
15341 56079
21393 56107
13660 70971
41396 74431
58722 85320
45815 81980
3673 8495
4847 56699
61499 75612
16258 77076
73521 74829
7774 56396
43857 79614
24344 49000
66552 78651
62867 90123
27352 82968
35242 67069
81758 86633
34979 57888
7943 26169
7667 27203
56632 89891
6694 54563
51253 77697
17541 38565
27385 82532
1946 55949
83140 84016
60758 67306
29509 65374
343 29989
25120 36243
56173 89396
32159 53462
22019 23449
62585 80783
75683 83085
53620 65192
46002 68384
6342 48899
30627 64554
3129 74706
90383 91049
1416 51979
7458 40808
45546 82871
37232 41501
61185 64865
17690 20761
7066 39429
52772 55306
14706 76636
59366 84541
61688 90726
34786 86364
67209 85740
10768 60550
73695 81992
9688 26492
50234 59318
48908 72184
38975 66577
39240 77320
72048 79322
39645 69256
10638 12766
11556 51599
16874 65408
15334 50415
40168 51673
12345 52255
33069 73825
8386 50442
59389 64511
33546 90053
70443 91048
37506 82003
9064 70392
73867 85759
1095 51049
17510 80723
48695 88167
18991 35089
53769 81365
27004 51751
8047 82357
7326 34003
44269 91098
28228 44241
7126 39087
24860 68985
9550 39085
30935 75649
75278 82601
17459 30396
36996 86997
14725 28188
26488 48369
31351 32559
80540 91119
21405 58793
35115 90666
14170 71135
10630 89728
23116 88772
3275 30839
79594 85535
8522 17689
12738 54115
87247 89200
14692 25216
8355 66839
10257 47235
25741 83313
53211 84139
17528 56167
1841 86810
58632 71127
13233 72741
23332 43468
2614 60773
16470 74381
35434 77372
4032 29717
80165 86280
38385 86616
64468 70164
20547 29445
27807 32758
59353 66211
48600 64667
2146 64552
3621 22173
42463 60629
4322 79415
69244 84220
6218 90441
24031 79313
8363 72153
27862 53726
45770 75671
12011 54553
73550 83381
78000 91405
36374 70831
35241 76331
34987 60396
49569 87945
12187 76500
6235 47804
30137 87364
3163 59081
33710 69745
4089 51830
9685 13788
11315 16026
8407 63214
19397 40722
12082 12336
50831 81588
7393 77033
13282 82084
64106 77598
61847 83990
4480 68708
6728 68746
36896 37739
21763 64333
25678 51403
2421 72969
36808 89991
9812 65153
58583 80288
19191 38355
79641 85606
63921 82773
15706 46779
36343 70617
16224 22571
13812 68552
65383 69728
49994 73853
43353 50670
27281 52552
9385 12557
50634 86093
5209 69465
30680 83058
10831 81435
10015 62270
38839 70050
86879 86901
7276 24196
36899 41599
10131 59698
32021 62763
33255 40906
1651 43271
21473 30106
83502 91010
10728 62417
42385 81455
28766 31831
36924 74858
39874 50136
21535 80697
31206 65872
54648 85375
5590 22430
40834 49959
15031 87370
62249 67228
13161 45784
61130 81798
926 9472
54258 68885
29567 67864
9856 26907
3315 45118
22025 71393
5840 76180
5066 24168
46479 82407
29553 37053
26979 80871
318 61771
5089 70632
79272 89267
19132 61558
45647 53412
55156 71696
25366 40517
17090 25830
29825 42656
16957 42013
55201 57717
18887 41286
2929 66643
58891 84026
8214 74344
34270 63871
30465 43850
57779 88832
8698 71521
51425 69625
35523 77651
3241 59499
35804 76266
10588 77337
45272 73532
30679 77338
16151 25845
32745 43573
4230 24437
8223 32796
7316 57589
38291 83036
34583 57945
13694 36942
26724 69463
56170 87976
41446 78491
50575 67580
80477 86853
2202 77904
25214 29571
70668 73076
7300 74704
32779 42188
35243 76731
1431 64086
12922 35560
72586 88016
54158 85828
13719 53760
42034 62161
41803 48534
27045 34675
1545 12055
30002 78843
35113 80730
3743 81189
50820 58242
26246 71409
47648 89638
33194 59039
29415 47226
26702 42326
32284 75773
5852 78461
52517 79831
45987 68566
7939 48049
19773 54141
21947 40331
43397 55517
34319 50213
7610 67631
2117 66741
47616 83664
2788 4883
63049 77193
18525 82178
66324 87403
226 74119
52683 62598
23692 25470
44870 74858
34777 57053
5097 68517
16201 58161
29386 35616
17224 24486
17201 25266
45852 53664
73981 84414
51585 53853
2130 75263
14563 45406
28991 32692
43792 75889
4319 26549
52556 85786
20631 55450
12507 38722
9337 12835
32791 43951
1050 76158
31458 82765
11407 46992
85573 86262
62984 70534
7229 27266
10211 73815
33122 71669
16864 47740
7000 28447
24765 29469
12611 30023
9904 79540
12547 25268
41017 80434
40063 63150
68452 68537
44833 54664
30117 68906
66883 74687
23854 68776
62213 82135
4770 45833
46735 90778
18469 72887
23793 45700
15624 73803
12120 32828
28172 81026
46089 90451
39650 71052
69759 87813
41458 51896
20181 81744
5805 70692
39219 80481
62202 73067
39768 40101
47859 89448
7158 70768
17715 43972
4809 77947
24895 32059
47202 79014
28479 61674
696 33477
13451 78405
11410 35524
62676 76046
22078 75171
84151 86296
15354 51219
51632 78744
3536 27790
53835 63754
4618 87535
33536 64364
29767 48279
11559 85115
23045 88540
34690 38622
2763 66810
12434 86920
50854 58232
30628 50503
11505 55504
12004 36592
41002 91207
52086 65821
12359 79629
37574 84786
22133 48748
2536 76256
48401 50258
41385 49141
38550 72620
30937 75848
5848 27243
4984 10342
8913 90128
4784 36893
48645 49292
41733 78691
5644 88148
29536 48128
19674 89264
49960 74673
19138 22113
84646 89460
1448 53114
46935 64503
50003 81398
1317 17943
55539 89717
61744 73366
27619 69964
73785 84049
6469 39268
30305 41237
41956 67308
28214 48755
17097 91047
26881 50856
6489 27597
7394 76982
23511 65802
22510 62571
8905 88043
45162 47494
54733 74943
8491 17047
28977 37613
14699 81517
24930 38840
60210 85915
2928 82006
12868 38961
51254 84349
10468 61257
1863 31005
34681 40735
7712 48063
4847 52668
42816 63277
62275 90058
48226 68699
28869 67466
54046 80225
3462 59983
12387 67870
7195 44534
28079 34483
2183 90578
44749 86163
26476 28251
39626 42912
14550 50267
28883 50081
31788 59043
49694 70546
37806 66459
63593 86083
29210 37205
28378 39440
23985 53929
2257 87853
80875 85882
45997 63096
12984 80148
49695 59320
37556 60710
42949 89709
11107 84545
77937 78174
9206 51534
74566 89020
53319 78375
35083 39421
26964 70965
2096 13481
468 89653
30320 69094
5780 40309
18019 82487
3006 83782
40829 42383
39738 65144
32360 34564
4244 68755
9139 38071
4816 61325
3766 49032
43014 72445
36759 52122
12799 27741
21906 65055
76358 79729
28505 55710
28317 66716
36166 84425
65822 76081
963 58347
56627 63425
3147 78280
23064 57494
17091 67367
32881 68669
9435 13468
69794 73529
32739 39909
28840 67757
13971 47267
59455 84416
8962 85019
24502 65699
30309 87863
41875 53063
23988 57694
13035 69911
15632 85969
42532 90080
52126 89073
30805 41478
41487 62480
77518 84258
33548 70189
32860 49029
41729 54623
22455 55286
7256 52527
14134 87991
6444 25062
40925 88043
9374 35210
45513 64294
67447 76513
4137 4465
34997 38947
26889 28580
17291 66758
25468 44850
13280 90330
50239 83799
3442 84246
11674 85684
10140 45435
14908 15249
7830 10600
79285 81082
1641 57553
33904 83694
2864 29959
65925 87097
43895 91074
48835 70365
33674 82415
9959 73381
35489 46064
12292 49794
62064 75343
17326 50961
27445 41884
59165 68539
8754 30861
876 66783
20745 45554
13080 74340
46442 69230
42371 61451
49737 89495
20913 80409
19532 48897
64926 71212
2570 59232
26037 76415
14220 87482
42899 52021
62394 88722
41144 81443
60907 83195
55303 61476
51341 74951
11794 72780
11015 49596
28246 57216
64164 88383
49902 91632
8957 16249
26766 70137
5634 79125
81145 85051
4129 32586
79941 86525
43784 53013
40123 54254
20634 62311
945 51377
2036 65796
6820 50427
58479 79465
25743 58773
67981 85971
14912 68642
50065 50313
29377 82247
1386 66449
4516 46315
3299 76364
23621 30396
14956 78679
7293 81349
42367 64162
24312 46590
33645 83421
10015 78498
16441 28060
26492 66102
75863 80970
19 77461
42037 68483
23162 78608
78986 80856
8112 89576
13179 18150
23246 40360
32667 56506
19133 64101
42193 61046
25513 65435
15082 25961
67781 77469
56236 84389
3226 32786
28424 79268
31284 57588
70163 89506
46107 75538
42433 84539
32735 54576
14061 71739
13416 72602
5532 73630
32843 44688
15307 79080
38770 53561
24432 43835
20055 53258
13654 35655
38928 63771
42246 51894
23303 77601
36580 52877
19896 49847
46532 48416
23553 59175
19241 69120
2470 63486
25075 79168
19186 75855
996 65798
10361 32459
23498 84021
8166 31268
57838 61386
2096 70047
13723 79645
6231 59424
38374 86050
46933 76621
1888 40706
5198 85061
63061 79119
77565 78500
32208 89063
2485 81316
34713 35044
58606 80084
37400 85983
47012 72127
41089 47549
10373 74791
26476 89281
23604 69520
28495 85977
3268 27932
6239 56984
4138 56113
38706 65151
22067 42427
59085 85981
8233 90184
32224 42604
43917 61832
19512 49642
82538 86461
49963 70270
38946 85452
66313 79932
10571 11991
47595 68059
80727 83826
61859 89879
49143 53160
7575 36410
28072 45431
20156 71526
30048 89278
53143 72079
41435 56131
27807 41959
39656 73789
31907 50593
75959 79116
82389 86518
42720 45276
22706 27289
4248 26766
17266 88335
59091 69199
42161 72859
53779 90146
26984 80686
78596 88795
59077 84927
21088 47593
57221 78205
7849 80150
43294 81425
58059 78929
58771 84779
33836 73481
47168 79883
24347 42062
28742 33441
65740 66219
52203 90777
39361 60540
65231 77909
31489 58201
84871 87811
39504 84205
28400 39196
34157 86746
14884 49075
4514 5761
53 71118
25384 53890
25925 32126
12024 23820
12191 65569
24457 75399
42198 81887
46362 54736
11008 78111
7240 46658
1339 46183
25769 73900
77407 80409
41393 77356
1291 38898
7844 86129
1593 43520
34659 49551
6952 35641
17505 26262
15101 61624
46536 54779
20949 23580
10315 21618
38544 40271
123 55490
19888 46730
5482 8414
68768 77100
9179 80264
2508 6521
78073 78683
25415 57518
38201 65657
82650 90227
28010 46878
4751 17395
18154 82524
6047 40780
29203 53145
2323 27715
6632 80502
5371 81193
65108 74813
26688 89729
46735 53325
33888 63599
46352 51433
29914 62507
26624 86064
64058 76145
877 64212
1415 33626
80233 86021
27806 81212
27969 55061
53208 74811
20837 26523
12349 85673
36431 60962
15092 84414
69213 83602
23917 75087
25221 85525
2218 32473
5516 83747
20218 28414
47467 61729
12454 14382
8786 25326
26713 53875
77781 90245
45837 73424
8355 54816
33606 39669
32918 87518
38225 81226
71100 86019
4060 59384
53809 60383
29416 74452
51353 71068
2823 14708
5808 40611
3716 28241
57890 67622
48865 57705
74606 80692
20593 33309
35965 69564
77566 81893
38115 69135
26957 54096
23537 39326
15147 76363
49568 68247
50921 87842
10656 70409
16811 27215
10701 64988
51585 59421
28653 63526
41883 51501
46442 84770
29269 54277
36570 55348
22490 42965
32727 76798
7423 39945
3354 66761
28104 37145
10881 78459
48812 51731
64913 68449
35076 54906
12609 63121
32294 67960
2822 56126
28743 89464
5475 60498
29158 74124
5439 55006
31353 45156
37672 79180
5455 25055
38182 83702
23381 70483
19844 64950
16091 90632
16058 82570
85998 87734
48957 68604
52606 60337
2950 53344
248 61726
50578 66954
516 69270
7089 64057
256 59190
39509 56984
38931 90700
53740 79757
16273 25036
27310 73888
36538 83549
51222 87593
104 41886
35556 52289
12339 46000
27224 53242
61464 62104
2608 81603
9710 30541
27102 76150
55449 59217
1849 89754
14987 35862
17738 66691
55652 76231
38230 70820
82210 83451
39644 55454
9085 51384
23134 23600
24441 62047
9507 33139
46797 53588
9313 66922
2946 9058
20452 61842
48792 57869
55556 89257
62740 88128
39039 42430
29529 44082
411 79140
11086 71395
36695 68089
12898 73298
42407 73986
4655 31535
21366 51079
61855 68123
33020 38640
14583 47635
89992 90172
44043 54518
62356 65833
53274 79685
18571 46541
18532 34200
16820 41200
40957 59981
35968 83678
78549 86333
17839 32168
5878 47325
6119 8201
52779 91479
39194 82909
78744 90733
64619 77250
3196 65185
62770 91123
22401 54404
14781 76285
26111 40018
48731 54768
10900 74566
40666 43518
36888 82566
21189 57433
26635 58176
55940 75339
23194 87563
4875 37150
677 42111
6761 60882
15926 88115
22383 73490
67787 76333
22662 70415
25132 83545
8690 90657
16918 53941
24144 44139
75988 90683
29589 65239
71650 89407
13699 57975
48528 71216
22350 63756
52990 67515
8987 50239
24284 70881
26593 78282
18498 23484
24233 35281
38521 64401
23615 65853
3517 74728
16999 61206
36771 59749
36177 48501
88975 89115
14457 26802
56341 68742
45855 61194
35648 57301
31722 91044
1846 84573
48087 68135
5108 57725
1712 35332
36288 46146
23796 78798
41820 70691
21634 80631
4385 10184
37428 78623
31194 73846
35663 74718
20299 77286
15303 37391
8582 53804
65695 70947
44646 53061
47485 71382
79891 90539
9067 30346
26170 58569
20093 49639
47579 86736
5232 81619
60968 89624
38645 54739
59637 85858
11670 22915
7276 17957
2729 45958
20950 33929
666 56149
38930 62461
20885 25224
44328 44555
46069 46259
16172 74748
36616 53978
34047 71932
33161 86286
9484 66698
46188 79456
7305 65552
2225 77916
35004 44637
2232 67688
14842 87781
56688 58769
13780 50575
32347 41033
587 60549
42174 65547
5081 8422
64065 89573
31469 60234
81339 91544
13966 70291
48701 51794
23624 54635
39861 42548
4038 45392
23522 81247
81374 89887
14271 44227
48497 81932
48854 52934
287 25853
37145 58507
54019 84514
70982 87263
14299 47949
30754 32555
5532 50507
31863 63394
62486 63985
10025 22478
64820 71882
42427 45490
63961 72536
30026 89208
7869 17141
53257 65932
37462 77110
8815 18571
1175 63039
68789 72876
34162 87902
44973 51140
53654 55678
49608 68521
9480 89558
36278 48213
3027 65120
26887 63691
48454 62521
37678 54052
9349 16724
27764 42519
27195 48027
26410 32744
5008 24525
86339 89060
50107 60741
30533 49107
76882 85276
23253 60625
20294 67024
13905 86804
26303 43855
13834 21677
37174 40388
10640 83055
53763 54553
19862 36684
901 12700
7857 19990
83021 91277
59883 83215
65963 89395
62655 88680
25544 85724
34774 56054
53196 61364
17906 64190
39589 88086
28989 78152
36632 56968
13150 70601
70592 72838
44104 73830
50927 53563
15151 83664
42345 62584
40592 71429
27708 57768
46208 54032
5605 53173
34794 35302
68029 86837
520 29336
17518 72824
13982 80822
25875 43009
48551 52709
3584 29247
42656 63281
25001 56005
58766 71441
41950 60141
22268 60239
63887 85483
27900 40830
16627 30885
42498 67134
44567 59207
25926 28733
13497 54342
163 49264
8674 27150
58909 73635
30298 36778
38595 84273
21782 27213
66421 79411
34618 50679
33328 62752
147 19332
52357 79931
8700 14312
61924 80177
54025 69657
59609 67435
56369 82604
30332 55144
37623 75636
1267 76243
60395 66132
43911 80341
48782 63470
47998 77048
32473 48346
2002 32236
6958 71608
4693 5593
8672 45088
7543 11838
8084 87240
228 23525
14473 54981
8220 87137
4545 35206
67790 82300
12965 50856
31310 87805
27252 76939
8419 65626
22537 74473
20313 44973
48945 67891
30232 37247
3688 9683
72242 78770
19228 36924
987 4281
45215 59913
90 23102
9536 48685
629 76869
61015 70290
2595 20489
24343 39722
51219 87857
29075 32220
30900 69805
35878 73913
46228 80078
40363 54261
61702 82616
32815 71306
14170 31065
50976 55796
6615 82117
70466 79353
4970 48035
46378 58202
50847 87223
39022 73475
6465 46349
43197 52948
7493 34512
10163 11422
38340 51668
36372 50647
45743 67630
2304 26602
38715 48690
36651 74283
42564 75598
3736 37341
4764 26678
260 2955
37751 75873
37323 63616
73855 79316
65117 68151
10297 88966
67709 86112
76589 81204
59659 84354
18967 43288
61285 64976
62389 74387
37167 71934
6445 20737
55528 89529
44366 64426
38164 79549
52205 71500
26951 44440
54509 65917
30077 39534
46874 91522
32349 40003
17729 49363
58269 81431
32626 86251
20564 88431
60648 70768
77197 87260
892 66326
28832 38654
29559 32683
26443 91349
22750 80523
44128 58598
3668 57093
44782 62358
26671 84834
34920 40398
51037 73865
11127 13556
3598 70047
20304 78556
22881 58655
1365 48930
30398 36565
50725 53959
32632 39317
23771 81084
12698 87874
19 15332
20363 62727
41629 91566
5256 39503
1146 62440
13528 51723
35092 64796
44968 61848
8515 74868
25017 72703
61100 71938
71954 90462
46665 65132
45166 50609
23075 53054
53980 88901
3254 57331
31532 81441
10309 26561
2272 12541
69704 75064
30147 43891
63868 69533
56095 84190
18653 72450
39057 53225
66505 78719
8063 58740
69914 73656
10672 54682
2037 15598
33815 66540
44467 89882
44209 91143
1698 59526
2483 5861
53050 62145
51908 64072
72493 78652
57158 85586
18972 36041
24031 29808
18389 79429
52456 71602
82927 91400
39318 61778
22487 24630
3899 82684
49508 85577
26910 56057
76991 80433
54252 77227
10653 54075
57309 70402
5191 47671
61630 80725
10812 70523
5468 83856
78 45819
36279 88554
31661 38027
23889 87380
10649 26416
24782 87124
56325 70455
20289 52336
26370 84310
27173 84857
6723 89452
40741 44637
5045 61304
26759 65194
3927 14106
7827 19563
11948 73463
41725 64140
63769 75389
19067 20112
30905 87507
5189 54623
5866 46478
30157 89356
16890 41386
8888 80816
29607 47422
2455 21676
7823 14148
35854 50037
4896 72782
10610 27818
34528 39536
36136 49703
2270 79331
44668 86676
49078 58946
8172 14818
18504 22114
3693 53793
42477 85493
14640 85914
6252 26982
15774 64904
44823 46054
5197 13515
35134 89927
23978 73438
4109 49158
25516 64326
14188 17023
52261 71524
25042 33619
45135 71984
21253 73011
22557 27784
45093 77758
55887 67301
70159 78744
74087 78005
34668 36146
56769 59698
61474 69642
23748 89487
21246 84127
1425 16560
16453 65319
67645 80814
63182 87804
14088 23669
15007 57620
62994 74499
47318 77497
1263 83145
25678 64176
73780 75448
60066 60787
30853 37371
32471 85340
15058 83018
12475 55674
46111 71747
10929 84604
7334 7694
58167 59296
64035 66099
22359 86673
2731 71578
58130 63591
34337 60559
56333 86142
72646 87480
41048 82469
19320 57202
49661 86660
19353 21610
729 89485
5956 74159
6310 11290
37225 86632
64010 72444
52878 79612
53927 82053
51596 87963
46030 73025
12277 20918
46305 75249
7128 46969
7075 59778
61934 77494
32068 34197
18006 85504
23493 50376
28912 77560
51204 90866
64853 67104
20169 34228
49107 56938
16189 85242
7405 21170
52993 59226
66934 83385
21766 39917
9953 31139
47794 86669
53162 70032
16277 74657
12207 24873
8856 62364
84585 88916
22398 86625
55832 59160
19534 42351
18227 67597
3159 6972
6275 45539
17134 18611
9542 22109
54521 76281
44346 51979
23483 23745
2557 61303
22468 82826
5847 90416
66735 68267
38087 76907
51506 85200
34465 44469
30254 91383
5549 78111
31643 31677
26350 91474
44628 48994
3412 33471
2578 67611
25362 82451
66772 87495
25776 43310
20376 89881
30885 39999
20564 49593
46714 65454
31413 40687
2421 76403
22163 58415
26072 32166
6349 67185
47342 77538
26941 47955
10108 30049
15211 82694
32233 73592
49132 49701
12416 35331
17249 80703
6768 54932
22409 84427
23127 37412
67295 87647
41303 72098
59652 64339
45649 49549
21421 37431
75209 91400
47862 73741
13546 53229
61322 85199
13584 33910
18892 89173
4201 72713
12074 15576
36819 71285
64495 82801
30826 47478
77688 90908
30413 52641
6950 89956
49177 76722
19676 21129
30019 70362
3811 91414
26301 81422
10385 29548
69158 72064
4 9859
7935 14241
3283 83643
68666 83794
7790 36914
17193 45571
49073 80137
10824 76126
28098 37895
12247 14359
57156 67135
34556 71564
7483 61031
41655 57269
10399 69921
15691 36606
59861 66702
7410 78824
36049 71691
13980 68219
46739 61585
25142 85716
16175 73421
51995 71482
21439 89148
40185 72595
38825 47064
2744 59836
26158 44348
31271 55841
25881 35931
29660 70018
17121 69961
33387 78494
59753 69486
43407 47144
43278 48832
58150 78671
8327 43805
6398 25023
17935 36651
20284 79223
15653 89771
76760 88264
5620 66066
29737 76546
76099 85233
23372 23517
39919 58916
38723 77242
29909 32436
42506 82306
74435 84553
38995 57262
36577 52408
6425 18030
48341 85371
6170 65921
3560 58116
4081 90873
62910 74337
35145 56119
83842 91228
15459 64846
18432 70096
36923 62203
24868 84896
48518 48810
64125 89951
24963 85522
27150 63183
59773 68081
8248 87606
613 37547
3172 72929
16812 68292
2756 76008
30539 65353
59940 72472
83603 90508
76913 86258
78857 84669
18256 63000
8349 70271
38835 44127
3132 36785
52600 72783
58814 76389
35623 83117
68501 68576
12351 91275
24798 70462
4134 26419
35656 90888
4807 84552
8704 33668
1340 23327
1110 17340
10063 54492
58367 88850
57580 70052
11739 83415
16455 67779
21070 22534
61128 76024
34689 62034
5878 55956
24869 91478
16442 89943
7414 10860
48628 72644
41756 65826
56911 80847
4658 15467
23769 67305
5721 68897
11609 14034
24061 31202
5677 48675
21463 73697
55442 64796
25565 32042
2985 80706
25525 78391
7443 10926
33210 87889
6875 20562
19484 38122
80950 87682
16160 34107
77049 86853
65185 84648
32063 79038
15196 49626
769 16845
11210 40690
7650 58608
21118 52753
79564 84786
27305 81859
62512 75450
26273 27678
33835 53431
9959 54526
17865 23241
57292 76216
36306 43277
62993 79244
46708 83980
42791 81743
2746 20322
9359 58274
23687 58500
50328 58900
315 2070
14748 31134
28768 75297
5895 62572
61877 69010
27882 58216
77326 79660
11241 57775
44178 53190
37411 80190
34754 51447
30879 70823
25722 27141
74230 85881
14020 24714
11075 79777
56970 62569
43681 66852
53817 75822
1646 61487
1590 21376
11173 89843
11398 26647
46662 85345
49127 89846
23168 45322
6628 14505
8724 71321
33651 37884
16614 54179
40478 75487
25264 71017
15982 21334
29921 70620
26886 40819
8365 33691
3420 82756
10534 24615
9282 40935
64308 68207
49494 73637
20599 91061
28773 62228
22352 33682
4610 35788
19265 70547
2448 12465
23847 47727
10054 34198
2241 7872
7871 26487
57711 79511
11619 79493
7897 40287
54089 63903
2524 39756
23359 25753
46745 91509
4413 33599
2688 81928
5342 54228
13751 54105
29385 31939
56163 78259
72728 89051
36221 55971
11355 71749
4093 15472
20878 72286
52772 56976
16804 90012
8823 28125
1854 19739
2722 63880
11131 25426
763 50039
44125 87818
18059 60052
1792 65154
6958 52627
33823 62103
29763 61858
63451 79836
18195 50614
36278 47265
55452 86982
51132 52885
44734 44807
45535 77039
17621 23060
1701 34464
19267 72130
7908 46915
16461 76029
39184 82085
34033 41023
33724 81567
32527 73043
3870 89114
7978 56473
42302 57094
81882 86564
24272 27282
23790 60732
31630 76889
30597 31526
28148 46919
14621 33454
28610 75670
47643 54411
20788 28913
65059 82339
15072 65225
37564 47131
56839 67591
16556 80177
11478 66709
26842 72195
13164 24354
50167 55481
14797 86661
9277 74251
17538 18096
9796 89408
28569 77039
58993 80735
20623 90660
8709 26449
2204 30351
45578 66819
43577 91680
4825 41756
28001 40866
26462 61321
31623 35973
35435 66405
55728 77371
418 9589
16275 27568
56550 77697
32372 43140
15523 38908
38102 74951
68693 76764
19771 71681
24617 74517
32204 74950
12083 57573
80523 84935
46975 85223
27105 34604
8652 40576
55460 72736
27111 64776
35872 43829
36809 47475
12462 33099
29797 36295
55189 86397
28656 78837
83636 86058
21606 90556
25145 85486
5068 26009
21107 71311
36609 87786
29606 90636
26097 33923
77737 87970
39361 46827
44731 64610
39498 79079
4483 30044
23947 77519
6564 69299
70055 72939
64092 89046
17514 51459
38490 62917
21111 59027
22683 57027
6119 55268
28633 39332
3385 20509
35966 39187
11206 60739
24217 73817
1409 87068
3537 80348
3677 67031
1788 53150
53100 57734
35607 38820
16037 87926
14375 67853
44548 49211
29092 53134
48229 75386
77470 77947
7244 54852
11582 59813
25468 38688
18936 63390
4487 86898
28008 29666
39993 87217
45243 88060
33214 83059
13248 13659
27500 89982
3117 70824
4719 90614
58013 82886
80948 84249
10965 29455
21651 22002
25469 45674
77056 83800
50396 60631
1152 3704
23859 26990
41131 72640
151 33989
3487 70210
4697 86822
37628 50909
705 84607
4097 21623
26130 32957
71553 80652
46632 73227
18035 55424
26951 69572
7294 55321
18589 46978
33845 55112
8236 33397
30635 47138
12096 28535
20183 50564
1440 76083
27660 64361
18914 54882
28828 91334
23811 56086
66465 81236
6715 10442
48185 68663
8420 15113
12977 74494
10015 20874
52277 59216
60911 88755
1359 71041
52411 58951
33581 77727
30921 75603
33017 79590
63040 80893
28945 33113
39904 44279
27975 34785
6795 44240
1708 91630
45752 62800
50912 57662
2813 46445
74470 89316
30618 76629
6891 70715
3008 4111
30112 39397
42910 87875
15413 41208
52528 63705
70787 75829
51662 58294
39269 74151
5228 43310
56674 87775
8739 49184
6461 73958
49300 60659
67270 74118
58444 91592
33356 56916
10267 86884
23415 84576
44732 87953
37753 50245
21840 41543
51145 55942
14418 60584
14484 87936
15452 85076
16458 51865
19444 50294
550 51972
31424 33550
35484 59326
10057 42106
55161 56356
227 26897
8017 73953
39704 85271
68585 90964
45206 53908
14362 87001
32546 39620
5389 54194
13776 54816
19556 74426
38702 41777
57932 59698
465 13168
77802 84954
123 60331
16921 66512
34176 60347
46241 57009
20875 23660
58748 61066
10748 58321
13517 18488
38191 44473
12613 53902
10204 29802
75081 81007
45140 51704
13251 50193
13478 52215
11418 27748
8950 51457
27712 34837
56908 71104
69643 81106
25785 69764
29273 76782
20097 53001
60219 76276
32672 37861
1239 25593
14892 29728
4017 25582
31846 36032
51608 87598
38978 54788
44614 48493
15728 43107
5371 55567
39517 41204
32460 86217
44896 54594
58332 88365
34638 65286
14004 49627
3234 21905
69406 86312
34148 61210
1019 5726
37321 53383
6402 18697
24241 35159
32537 45805
32589 47059
84409 91151
31460 88792
59412 66475
2967 37605
20179 71361
32677 51775
26281 70803
2486 56896
73652 88374
31210 33697
53579 82293
42553 50752
32444 69738
699 59371
36831 50143
52737 71955
8619 21331
52386 84386
29670 32515
28529 59556
58742 91662
36172 53501
65569 71955
1392 24625
42606 65832
45363 77759
255 424
8116 90272
37615 85198
37238 83484
71693 82951
32272 33287
45994 58218
1158 39006
39459 62277
6605 7686
6616 47845
25048 40210
69195 81346
27972 71321
3467 81535
45390 66329
31193 52003
55113 87444
34500 50542
32008 79516
44307 87098
21777 76876
19895 78686
48916 75556
60574 73242
16564 30516
73753 90576
29001 74158
3795 81857
47424 54484
11435 49642
57600 83216
38454 40715
3734 23602
35988 50292
7526 38872
75319 79054
10324 12372
29296 57727
40921 75812
34694 77072
46151 59718
45440 73613
704 10014
47602 58386
5893 86936
9603 79369
37467 51607
33130 39161
5532 73330
39087 75993
32902 89734
18874 52639
8312 24109
63630 91577
10642 11335
60382 64025
6792 32028
55744 87804
32016 58386
51016 79129
8712 90486
53848 86396
19986 53859
19560 89023
12678 62808
70432 84561
12787 54463
22797 34100
7681 26473
6307 79936
24118 89213
46124 59207
58265 88417
7323 29251
47100 78201
24029 37190
77960 86134
14655 85962
44863 60125
22218 84281
42937 50403
5980 61534
14201 83619
16656 66792
70116 72291
4051 67495
22870 88546
44965 78420
34979 70153
77723 91023
18908 25328
30543 86461
33700 48866
19213 23811
12432 76028
599 71905
40548 67969
39103 69942
68045 89475
23437 49867
16360 36253
11142 28514
45940 83338
12536 29229
9218 25837
43566 79919
27572 77839
57638 81895
7024 55932
10183 16101
525 17153
7608 78178
15876 84852
75030 81200
39610 83178
3582 41891
69269 74796
19585 71883
24851 87643
7366 13959
6973 85421
38769 79140
20714 64909
34112 86584
34083 84230
37800 83450
59078 62705
15355 41141
40849 75106
281 49113
26394 86410
56199 87948
10080 89131
42887 79034
8496 68201
12112 24986
30778 87391
23090 45173
35743 61532
38392 56476
28672 66450
67753 90348
39990 89116
69257 72993
37972 59735
36376 71668
30036 48221
32191 88410
23078 42218
65213 76473
28612 51524
5054 15190
26723 60949
1970 85606
25890 88923
54939 74071
34367 47441
8962 86186
15634 46696
41040 50061
62694 71134
31682 57008
19518 60239
13679 32902
4175 65217
54304 88229
43683 58372
4968 79390
8935 25067
18770 38891
25834 38122
70850 83870
10962 68462
1938 80505
19127 78890
18817 37639
36403 49611
7556 14814
7048 71122
7034 19199
37986 52561
58109 79764
7268 40163
40984 80541
37869 46866
15705 80232
51350 76864
8461 17119
19227 48710
36630 64498
21520 75861
11904 81934
22499 46477
48976 61595
22490 49409
35868 55337
11457 55723
27932 74096
34041 49537
15177 77367
49410 62522
22569 72096
20345 87566
57562 82648
27621 61781
8309 18106
29045 68723
23973 89226
7104 90395
72204 74312
22127 47857
28547 53244
17478 77952
75 76067
36516 60600
17841 64514
41224 82447
21023 67289
66776 82948
32434 54056
23113 42785
53298 62006
24896 65190
8146 23111
11367 62641
32097 47475
14082 21519
1331 26670
59466 74701
46963 75717
38566 85889
18609 44172
38740 40912
12290 58901
71744 90430
34810 79971
21444 42754
746 26247
26209 77935
66513 68326
9933 78913
66100 77409
51171 73187
40079 59052
59677 71231
55868 78776
54484 58580
27880 79598
70752 88908
21959 77468
56908 65010
27124 67492
9891 65761
51 64326
4258 64748
44746 65244
72593 75477
1123 35248
62256 65063
12836 32928
2676 38149
46859 47885
14068 37770
42929 81903
58273 86791
36897 84695
33498 62824
24665 38922
88904 90692
43466 83146
68077 80099
28277 38790
19285 83816
20101 60299
41269 54186
21680 55692
31431 87338
2968 3451
30479 56449
6452 35212
69385 86809
61107 61945
49091 91356
4356 30683
6180 45018
47089 54324
2375 15520
2493 64719
40437 69942
42931 68854
12739 21243
29790 40394
9089 89652
43260 63407
36895 47792
43510 52993
7413 69763
7799 60345
8166 69456
1121 5735
8183 10487
14996 22422
10846 62912
8048 62252
27122 57693
6722 8570
39813 54383
42364 88878
33321 73039
15866 17413
52684 68289
5876 70206
4639 32002
24428 31427
56078 89362
19761 58913
27579 69651
64678 77776
25863 32863
28065 76164
13655 58122
9028 17081
80844 82918
54657 86988
11789 66033
16924 17156
41606 89995
6199 26897
52911 87455
72592 88647
8224 82347
914 63640
75357 87690
4254 59858
6808 16391
51373 76917
61423 84817
29820 69477
4996 59626
12832 14838
14571 89308
28187 50857
40303 42490
44674 72448
14068 24068
46820 64775
66745 82012
34010 84445
60722 83872
82477 88103
7972 79196
56317 88944
3822 35715
34444 86988
15080 44661
39616 78445
42911 66576
36910 87318
2080 79892
36972 72576
14324 91215
40858 40903
53311 77505
5316 67629
40589 56331
48817 49907
17677 63955
17599 64941
59681 73515
36713 45440
17467 29576
39512 88307
62113 70521
80717 86481
28550 76250
21853 61048
10225 55208
21592 26385
12474 72089
33857 36348
47507 88339
75183 78974
15090 83795
69350 88102
5416 6348
30789 64291
10231 27675
4084 69389
1657 79376
26115 65417
52518 69097
2685 22451
40229 84393
31884 58369
23818 34749
12763 40941
44889 47461
30103 87497
57193 68397
33922 59279
41969 45820
23739 34035
7129 41017
13975 40813
27982 42854
73123 76312
11088 41438
10257 70869
15913 41749
80710 86418
55443 78376
77425 77755
11996 23845
2697 64313
14016 67711
6636 47445
63387 82443
19409 60535
10940 43906
15051 58718
19635 34703
20568 84087
81164 91431
13884 33101
37258 43571
74635 87227
8620 44854
17881 70260
23061 45211
71056 87804
34349 35072
47936 75464
36577 84676
29999 44169
2031 46415
12771 81735
36208 40657
21546 26295
8514 17640
30233 34906
8016 53006
56974 86563
11938 24692
17982 82342
3996 18251
4616 87009
13752 15090
21585 35297
47249 74257
21133 66686
39046 61463
5467 19279
9673 35096
82516 85241
10714 34202
3661 37839
346 1683
9825 66786
11358 16397
57299 65577
3556 67486
8398 21703
7232 19677
12732 53792
22751 66771
5431 87407
14744 80611
55063 88928
41735 73970
58334 72569
32079 90453
5585 73735
21489 34446
59874 73624
23983 49684
17884 35955
33482 34933
5509 25501
16761 51102
16619 85206
7260 80707
59886 78041
18260 39486
27405 60974
50910 85752
4863 49691
55066 77701
31452 84971
73338 90169
45062 67283
74668 83842
5150 35020
26464 81067
38493 42587
28120 71528
19957 39977
13422 55944
54410 66053
21251 68396
14107 90609
25803 45076
8257 17271
3838 9177
53832 79996
27051 54170
64760 81089
57034 78240
31620 82259
28848 73501
8172 44249
4217 44052
40831 54678
41567 48026
56557 75188
49534 58944
31874 63125
33346 46705
9013 33969
31249 54349
659 27382
15297 61097
29303 32733
52948 67607
16678 58375
23306 41416
42485 75304
78294 89559
56847 68279
3139 50293
5268 45954
24036 40108
4735 15325
5851 34613
8839 52599
33272 83427
2275 19818
31650 47456
5980 45905
51899 71523
23309 73368
32566 67901
26095 59010
25141 59782
886 40553
31382 57973
12792 88146
3618 56443
7148 80354
26015 75425
50918 77959
53757 66707
80776 85706
2193 65318
1108 74521
14947 65920
25284 83782
8209 64838
14402 29805
11457 81175
14077 48434
17003 68992
18694 69625
29871 66289
14395 53092
43068 79567
13752 86763
3828 77936
25919 65912
28173 45352
5845 72636
41571 44355
5958 37070
12139 42504
9120 46498
42721 48602
22658 34347
51139 76319
1564 76628
56333 75852
13527 51342
77276 78072
7902 48324
36247 49859
35925 56155
78416 83586
6645 29596
8514 48456
33944 57316
18468 66940
3321 69448
57173 85433
48362 65186
6453 21563
22105 27627
29788 73137
47756 73449
56290 67746
29217 30664
16916 19442
9452 73413
23831 75050
49041 83387
27146 68644
2002 28526
17110 86998
23312 64574
9719 75910
30871 54653
26070 63284
36185 83445
19350 60637
21184 64126
7301 60449
40765 68549
62771 64725
14972 37739
10050 48209
59722 66768
1870 44666
12390 85967
37881 46921
20656 70770
19395 31265
28969 40825
32749 72482
65736 82407
4738 52793
63580 82430
12962 58391
14648 32214
35067 44499
2245 15715
57362 65165
25343 82478
4113 85753
80425 82292
23723 45931
32891 50999
17725 85612
38627 83442
14155 34082
82927 83798
47943 74363
17254 57883
15715 43685
34449 52552
31445 36961
63673 69933
2520 16549
2193 46876
19664 47365
12258 68757
32431 54343
25984 79332
12633 51232
65995 90771
27172 54400
33462 60715
20835 57511
6041 52588
45320 65008
57869 89891
14671 78902
10002 49358
31574 78636
35322 60251
39439 43162
933 47400
10022 40390
6544 82223
39278 48341
35824 42133
17634 85726
4649 73344
4180 30364
9193 64468
19229 73200
22625 39858
22749 40296
4254 48658
23017 43039
28019 64218
8771 11101
58048 89154
33009 39269
13222 48757
2656 71820
47730 73450
2063 79034
6607 71061
10492 73576
35140 44046
68755 76820
15430 36676
43946 70244
34925 91556
42539 91348
7525 46957
66817 77626
687 32841
67493 80483
7426 85525
55939 79394
5025 17430
11879 66359
45988 89996
81590 82226
68006 70905
3051 41248
12111 89171
15481 73576
15613 86435
7128 53094
12768 17927
13253 90250
38400 43266
11585 16613
39827 89575
42924 85980
8492 70628
62762 73371
42077 68278
28400 65997
7091 27178
2390 28280
19935 47997
5059 85684
32299 48134
18168 24950
20330 61468
71189 78537
34880 55733
25831 68399
24023 59293
36767 44730
55723 79700
38316 39363
34569 72086
11303 59532
18802 27087
35169 73106
58329 76551
62583 65238
78908 89062
23994 64460
8666 18193
32961 87984
5572 85790
20792 41584
26991 64244
48180 57453
72598 74431
74996 80768
56394 67991
20134 44319
39976 55266
19756 23812
9468 35819
4397 69794
11601 12427
20827 79968
22240 87461
42472 66936
70112 91403
29396 32140
43914 50283
7583 8159
54091 82559
15080 46463
48206 78252
38561 44471
2903 26619
1885 59108
12619 21070
58585 87060
64889 74657
1126 89124
39247 70122
34896 44550
59328 72281
55246 68039
6218 37655
32647 44170
58111 84132
27157 83502
50318 73797
71671 75824
30621 40564
42790 56404
35133 40636
58517 77537
21216 74901
15599 20880
58205 81658
3759 38930
5114 63653
52727 55434
22678 59416
22391 28602
16148 56811
7268 60764
61616 87838
54863 75113
48319 66697
16363 66853
54505 89630
81387 88547
16118 56973
8959 88303
7104 90740
68305 85689
26355 68412
41914 70500
71136 77627
50419 66714
12124 73850
1277 30244
11715 68993
72274 89672
33057 43777
27771 73158
38571 88622
9023 69798
55558 84913
42135 45892
1152 85498
9958 15182
1894 27275
23943 91064
32866 83389
3206 78560
27454 32020
42907 72871
1577 50150
49734 69263
2919 29900
27137 48337
18868 73649
21864 62784
15214 64490
421 69208
30223 63005
5485 76779
60181 65171
2137 36652
55949 61325
41571 80686
40292 91578
36123 60157
49964 60721
2889 16718
19237 77112
40281 45487
19551 44925
6559 74769
70466 85738
19029 82204
14511 75904
23898 34213
37693 38274
43321 68863
6036 38962
52337 83097
48971 70235
25869 76516
26285 87316
30808 61955
24110 25076
11631 75187
25010 71415
28079 62656
10728 62241
47671 66659
52847 74879
10179 47419
26102 80262
58295 83781
15935 54570
21569 74455
19828 71334
22867 45180
18573 37960
39672 47703
44197 88502
12082 45222
11208 70639
40893 73154
33300 68080
41285 71211
35641 42872
10816 31255
15693 54345
40238 40624
9175 57542
13235 75618
37109 82604
11605 84191
10257 63729
44549 76819
39597 58807
13641 83609
50898 66144
2716 85555
81024 83335
12319 38953
42817 54568
2210 24870
15351 44739
57325 79827
14525 88724
3206 79282
38787 72225
52964 64943
71353 77788
3822 73388
49382 86625
6909 17099
57868 76502
20538 30116
26382 61536
8721 78494
64516 76399
26482 46757
13345 84795
7236 38830
77675 90230
1437 14066
3177 19108
23759 55989
16836 28850
2938 68571
29490 62143
32459 75979
40700 82756
9085 35265
47396 84462
35395 61543
577 47864
52876 74499
38831 40719
55580 77177
4011 33229
34795 70365
39396 69386
17449 36734
39378 62629
20631 87312
27483 49931
47329 81786
33739 72662
21896 56854
13723 62696
42905 75380
1591 79814
57044 69955
54968 68885
9220 19625
26335 50019
45536 60810
4653 49274
37470 71369
12928 41679
10775 40426
3824 86705
11912 65025
38227 48575
2803 47773
79036 91541
57899 85685
44339 90229
69015 74472
15246 65805
28074 60612
34577 36000
53329 85693
8629 51957
19213 82277
13896 14253
25987 58833
17342 86306
46286 67540
60308 61577
42361 55072
15587 51950
28971 34468
34955 88842
57690 66541
5060 34160
28187 35783
24905 40495
14731 78121
12358 12884
14068 88148
47990 67832
65566 76184
37819 62829
13742 54923
32738 81144
27594 41674
46047 66230
3799 9190
59556 84255
17948 67768
9397 17100
9260 80365
5933 64282
3246 54501
44711 78945
46274 56072
7274 86831
52637 87974
10561 25569
12120 85735
4071 22956
89504 91027
16115 55530
46478 73322
42721 69326
2386 56084
46697 71954
17057 50812
32062 81211
21627 22712
58677 74379
2247 41462
21565 59051
23741 46924
10338 91334
30138 50716
48132 86083
5858 52795
33282 60150
26531 45079
60781 88206
6617 11096
5464 83634
15272 45373
53933 82266
16220 65718
12446 37893
54503 77232
62337 72008
35308 67485
32345 91327
16286 77578
56117 91608
6369 20049
15263 32304
28696 59891
1043 50250
32310 48834
56249 61722
38656 50118
4054 72833
5324 75678
18542 19102
35921 69869
8890 90175
10718 14257
6928 27417
39757 79576
3561 33092
76617 89710
16196 68229
30354 30484
11846 19127
36518 40313
10556 16619
55817 87259
6520 37972
39700 58587
4295 38358
17704 75108
27416 87931
2622 56045
28352 42607
42258 84600
5677 87443
11520 58574
46709 60402
25731 65969
17522 86970
34764 86086
4653 19397
42643 45708
7528 81916
5900 77058
7040 48687
6255 7089
39158 85072
24198 78854
38615 41536
7037 60877
75777 80398
19486 66148
3674 26724
45981 62981
8412 43642
44708 49601
12416 72982
63549 77897
56762 80557
22271 91529
34719 80417
34893 86072
7438 79469
16118 87967
47641 50894
16164 51895
33677 58521
38736 70473
9367 70334
3292 23766
61906 70126
64971 89005
51533 54666
57945 87995
21199 88790
17111 57605
14238 45220
9328 17486
22440 62986
54378 90825
32017 70035
35076 65117
59523 85840
29397 42437
18671 63255
2094 3205
58008 71375
62908 70256
26002 91346
47893 84451
45070 55576
80889 84880
16558 73510
7946 22963
35434 85072
11991 72349
34626 76979
19349 26632
58715 83276
66530 75249
61636 64666
4381 66238
86761 89810
14459 28165
4945 62381
17979 66363
6004 68891
38904 44823
29585 81243
39448 82315
16511 49616
52506 75527
709 1625
38582 89085
19235 43510
23806 56003
35119 72278
14104 20840
65581 85461
53195 84369
52253 53031
11255 42682
44855 59831
30622 52706
48633 77537
8037 23436
38076 38557
46814 65200
56391 68783
81987 87051
102 57116
20815 52037
60618 86810
16676 36218
51391 82980
38214 75405
25155 87670
30945 72782
59607 71504
34087 34137
37767 43596
30258 61420
15399 50344
34764 88740
26730 66516
58457 71139
12934 57877
63292 75079
12187 71940
1371 10562
32317 36098
12664 20000
39443 41191
5577 15975
16037 54122
43043 81096
63903 85708
12493 78991
51377 68973
42627 69893
35364 76869
36509 90326
17742 28847
39774 76209
62938 68754
19281 67536
38377 78767
44771 65788
67026 78101
21613 66740
26644 44587
34840 72254
55791 88446
13068 55523
33798 46570
53265 67787
5116 85222
70290 74489
74188 75783
4206 57482
14715 65971
14103 37580
21865 45562
52226 59627
677 48756
1597 14839
83143 89363
54481 75858
63345 64008
5110 74263
10970 68415
24249 47312
5477 69666
1201 82174
53184 79529
51888 73235
27119 78787
53649 70656
14333 65933
1426 71223
6123 39931
3422 4877
157 50827
69171 86328
68221 75442
17586 32407
32483 82810
958 15217
6226 52832
79306 81308
32928 53141
49729 81083
6617 67355
22659 84908
29589 74198
62435 69829
82214 90170
10848 83036
50082 83354
16342 30097
9277 35809
35850 88159
41255 41313
69965 91249
69893 81789
38897 77702
21860 60740
613 75497
37687 69633
8222 80372
66369 66877
27733 32435
32538 78325
61155 68653
73967 76204
47341 60719
7111 15068
17540 83318
29243 42678
4630 65368
2435 43068
1941 38711
71112 81693
42792 80788
17905 71891
27447 83450
15332 26529
74613 82140
21448 38110
48432 69247
23789 29592
64099 76933
15038 28404
27073 62140
3474 35915
5107 51031
7135 33138
25945 63724
6941 7081
50446 65998
35251 54570
76432 89849
28054 53507
24940 83919
18400 47778
4095 13114
20625 61691
19891 49922
19933 59711
22153 42375
9211 13725
74917 85852
4519 41751
14011 77694
12434 43760
26649 65684
2630 44172
15893 21272
58424 82109
40499 90743
40444 50941
8140 22489
11390 78819
14879 80474
10297 90103
57879 72249
1783 66767
12314 60312
62718 68111
33619 34620
88998 91100
1969 18311
35288 44802
17483 75548
19793 48261
51597 85368
34116 50225
19195 43188
34068 50911
8581 11571
15077 51686
5284 83571
10594 28467
4549 55019
62528 68100
12746 57484
29993 46415
46590 74101
81005 86064
50798 51375
64902 91218
18700 46687
53421 75687
6802 38484
26830 45312
23482 71291
64324 80579
9552 37131
51040 68797
56049 73883
65048 71712
11016 27333
44499 63889
37955 88207
66090 68927
15808 42448
8451 82169
2219 88109
18973 20430
77236 83024
23704 53235
51747 85086
21994 49585
22231 56939
34584 56530
38195 51692
70023 83136
13075 58943
12355 85908
26526 48091
1500 83245
4918 75084
1988 56885
33326 87070
60443 77046
26069 31341
4467 78443
48642 89498
81971 84012
9578 82718
2535 33739
44599 73280
61737 61877
29568 41739
44143 81274
23468 55153
33843 55370
12270 68167
29980 78788
68070 84885
3378 15139
6129 67326
3544 61790
563 44408
9273 12535
18657 46840
33169 54458
73758 77473
35851 52550
38805 62655
18477 52707
18530 71926
23063 51810
39912 62422
6946 39556
82935 90668
23084 62155
57361 91502
21088 28399
65610 87202
56350 58892
57012 57695
18414 58050
46174 57674
10809 61658
16564 63142
41373 72790
21798 72501
21584 51164
15975 63246
17849 21263
39206 85976
20474 27267
45090 71738
46154 50675
3615 40370
26945 86304
25176 63784
33151 89433
15667 62565
21921 46061
14537 60529
78089 91678
70756 87964
4061 14772
68417 89607
78444 85674
15984 64333
9143 72035
65737 73025
2341 25357
49716 86060
49194 61300
31412 78681
33868 66792
19032 60078
74772 89312
19197 82249
3987 16986
17143 60950
80914 90837
5709 65239
46142 62297
34533 70289
28296 87260
3337 73526
12577 66866
19266 78504
37825 47734
12821 34165
43306 48764
22287 55843
29393 33667
21743 51367
76483 90786
44535 53443
61474 74283
1127 12684
20169 89114
2276 2652
14672 76500
50881 91299
4189 71660
30832 44754
42941 88256
39507 49579
44918 47654
14809 66540
55813 62113
71343 75979
28491 79232
66418 73108
46322 61778
78912 89517
11706 52966
70133 70914
5889 45742
35371 47505
84139 89700
8418 79155
6475 88278
38335 87660
51563 90832
36548 47118
43775 78229
29151 42056
8803 44933
8981 21320
80755 91538
8999 29322
32687 63168
23986 90199
14084 75899
16788 18502
43398 67214
33980 44675
30094 89315
22872 40155
34102 44449
26218 57552
6073 50358
20892 81889
1629 12698
28585 40000
41519 55601
33300 82614
8308 67580
31575 44813
36001 59928
59144 72751
42922 43764
11764 16697
23632 28919
51340 84226
3105 60473
34593 82072
15739 16580
14080 85699
47973 60443
7503 16680
67667 78841
2614 80244
5460 91052
8521 77807
53060 81438
60816 61164
4585 30049
8401 29392
53720 55224
46736 88910
5421 75056
45651 90010
43663 73757
19601 72385
26915 51375
33142 80492
61656 82886
82560 84845
12970 24803
24511 84750
74231 83295
30463 50937
4916 74074
14934 18104
25979 46172
3485 62875
47696 83374
63965 81129
81197 90052
32911 59066
15657 45774
22066 81365
14018 57111
72351 74203
1054 25022
23181 74873
35379 64860
17262 74911
34691 83219
53818 79219
8862 20232
49082 59213
12547 35439
34993 49027
4308 22438
12261 29643
23032 60956
63960 75098
56052 79523
13621 20493
697 38102
38741 54420
14090 84881
32505 46812
40684 43547
74315 91322
29982 49839
53666 63265
17583 44607
44047 72338
6935 76049
5811 30962
27139 68378
49319 56598
78073 91362
51589 87853
56168 78353
30322 59428
10924 49802
11186 88606
22610 74890
1843 78408
64927 87105
9604 28980
75909 87274
21241 46422
43432 69409
12356 73102
56880 57519
22301 33475
82901 90240
72928 83378
2024 42283
35466 44516
81224 86889
15409 20809
46306 68333
49493 74435
29261 62266
47012 85544
24889 88416
5424 9035
68058 88647
48679 59462
17517 56027
19681 43019
11632 43111
13695 22796
57720 75736
43907 85359
74879 89502
43343 57891
1312 62971
29746 56040
12662 18033
19097 68688
57161 71543
4556 86250
58551 80680
35757 48012
21398 28753
7007 63964
19371 55391
45058 50493
8088 51428
2595 35899
23630 70114
20306 90078
28879 51776
22339 56822
8048 70292
8972 84542
15670 58457
20521 83776
32321 46392
24049 45454
43250 84331
67232 85940
27844 29634
34355 70651
57627 76087
39381 63557
19429 57786
12740 76770
55553 62906
27738 51663
21833 46807
26772 27462
24548 61644
32471 88213
70405 74442
23308 73904
21811 52052
233 4412
59260 83557
36506 39691
931 4060
82038 90573
31683 40480
54595 61638
43093 82647
382 51083
26440 61541
13097 17179
3520 68677
2814 54407
35627 83710
78721 80504
39465 76820
29881 55964
60481 81360
12221 63751
46236 86093
30765 65526
31152 78768
10243 25362
19082 59171
59746 69587
29522 30817
20921 91080
22321 39825
64227 91672
54427 90072
9724 25313
67632 74578
53545 70363
62415 80804
15213 16560
13651 18912
6433 64102
28367 63968
22302 58621
6745 69747
56395 62051
20164 65966
21048 90918
16978 61037
8830 12885
77025 77436
81056 81994
37541 88471
30318 41054
23997 78060
73908 81186
69906 90054
34623 47066
44258 63157
51681 73345
10064 25761
85611 88872
48139 57421
53143 89604
32260 76268
16376 77304
11263 42063
5973 42986
26165 77629
13343 67782
35200 63737
33255 89598
11998 41354
16432 21973
20345 58000
5011 24478
40413 78890
10719 66675
15737 53810
46348 58940
20338 38951
49800 76282
72505 88313
4801 25319
22295 52575
55065 80899
4901 49754
29105 55956
4853 55270
41364 47461
8722 53289
22549 73930
78590 83184
42008 69162
32422 80974
8803 31378
42684 52910
20147 84251
60646 87603
16821 40170
19130 49044
34110 42973
77538 78510
39161 83118
16684 38691
32262 86043
8254 18909
49613 67404
9285 28827
47870 64961
37124 62611
70765 77270
18414 38465
42738 84875
38481 71741
11994 58070
36003 42384
59471 84367
994 44770
38848 87706
9716 26315
7412 43702
4066 73656
37894 67749
11615 69643
3835 83846
22714 57458
7662 50843
9686 83907
19240 46930
14732 17890
8500 20595
44484 66598
62630 73941
8071 28770
13497 78938
19508 22366
31776 72518
36100 41822
13959 46857
4751 9810
31628 40586
25276 50224
5963 64643
38385 70995
59301 79992
9988 75426
72364 74983
42094 85182
34260 64171
13125 27141
11125 21298
43420 44700
32658 75034
26368 46742
26585 38819
66036 83134
5169 17244
44919 45386
30514 89559
53052 75258
2030 12951
36280 69700
614 80109
15153 22664
15765 45549
2254 11173
15371 34451
18969 20851
19521 63977
16899 69848
33427 35149
28406 90385
68020 81639
39518 60397
3337 54883
58254 74267
36006 86151
23128 83942
47469 54966
26923 27499
17317 73617
64834 81589
11669 55371
31632 40263
49743 85947
2669 7279
14467 22731
43563 88981
26283 75002
57730 83214
38563 52273
21180 69920
8140 83261
36820 66481
17497 54062
62336 76044
45505 85132
60376 69475
49815 64839
26139 61298
8249 49625
45852 50186
40658 66190
3513 40408
84076 88189
77717 84356
29156 87983
30545 66211
39558 40810
52934 90804
62471 82334
36476 84863
46432 55209
48793 62067
53813 76217
52718 62984
3775 62496
24919 48576
52510 88881
7667 16811
3766 27085
1182 50280
74799 85550
58587 79427
35581 90354
7608 12624
13742 77859
12107 23874
24333 51926
1845 9422
1112 44607
76570 84720
2770 28670
49095 83995
36209 41295
8492 82612
86715 88953
1046 35737
45532 72100
4747 60252
30255 47747
42337 84633
10696 56163
52332 72964
13819 83688
28376 88683
31940 78006
43638 75983
4993 41748
625 24838
43919 85128
1053 10957
10941 72100
17960 67750
23733 50291
43982 84894
11799 68003
8350 46834
24555 87327
52447 90541
6192 20229
21411 70964
34317 52923
900 57216
10350 65445
5683 31987
27712 69959
947 86647
3787 77720
40400 53923
40470 61310
6285 21918
75167 78003
48800 68047
61403 68539
18784 28430
60151 89383
18609 42586
39263 61867
11387 37490
79097 85154
12001 26473
32601 67423
42989 58840
18467 22749
2217 45082
21266 69168
39584 66622
9608 88968
31670 63020
14184 72662
38896 80262
18771 65414
38750 87779
5315 24027
41856 88932
17086 45811
1113 7493
51147 55482
40113 90157
6466 13826
13375 77125
21281 40426
26018 67317
1908 14063
8733 49655
62145 80971
32287 85503
29966 57835
17313 22094
34849 54075
10817 56436
23277 65470
503 24305
27830 81537
43703 73030
52187 79552
8507 10433
12543 25083
27071 68009
66547 74012
40387 75406
19291 49004
14219 77252
4338 10911
13943 35180
38 34726
73836 84499
36805 80663
68069 75875
24359 49055
30257 87285
65059 80059
11087 65329
27002 35601
71658 74212
67417 83491
35867 69410
74629 85068
26844 34011
32057 41852
35003 43780
11464 74353
46866 90228
81913 85046
23492 59918
61630 81610
16359 22874
35380 41303
44482 84720
59334 72475
3929 49141
738 77213
40614 58935
46461 49398
45915 69042
19741 84039
1042 42862
44216 71038
19773 42832
59054 69676
2208 55235
4031 15277
9070 89769
49388 89245
72183 74826
67487 78715
66217 84343
30759 31637
5982 27136
44968 69016
32548 34742
31872 88006
85645 90311
21169 30970
24712 39706
7422 70854
72788 74879
6433 69089
55748 60817
64253 72599
71585 74108
23545 63860
36777 38881
79673 79867
15335 85870
6261 10559
13789 84510
44425 61672
11627 46304
34342 66876
10828 60769
53046 69423
21352 39504
51662 91386
14042 55351
22092 73446
45223 79981
1197 5283
44317 56025
558 10423
15604 63994
10260 76740
59769 75237
40994 54810
942 66023
18123 77926
23699 72767
39825 60317
37265 74652
5725 55121
25623 26525
33253 60976
59891 73633
14026 47905
50624 55220
90726 91076
58934 61661
52063 82431
57463 68338
33469 52378
20473 21323
15367 85674
11396 49628
27740 57703
53287 58387
7568 12629
34155 69835
2350 77384
43905 79025
629 21999
19154 81583
60082 66304
36990 48745
1045 62035
40888 52991
63172 68013
31362 88507
29583 74031
17290 19238
57829 62934
20808 78240
19173 81155
49382 49648
18684 39243
22891 84179
8748 25614
22096 75071
49472 70700
28124 64143
16007 83491
26423 72158
31998 51106
25192 27831
2241 55083
16224 31275
26761 34031
70346 80553
50361 53890
52560 61493
11732 40521
7002 62039
5317 84496
33879 61002
58185 60898
25303 84642
3184 50894
20569 22983
71026 72683
4318 6012
45708 46219
33450 85308
9663 44058
773 70558
35165 79882
30993 60443
8703 88308
47845 75585
51323 84738
1602 87641
23050 73826
63343 88468
15765 60490
14624 41922
39599 64688
40601 73390
59884 67993
11768 39740
27055 27388
22466 38179
55092 65619
46538 65797
61135 86381
43187 45373
51718 80609
3433 13654
26122 30589
793 82431
42757 49411
2166 55676
16126 31861
35655 57101
70459 81229
23082 30316
15480 47086
81917 87609
18596 75391
74067 91378
10491 64587
609 58681
32878 79652
16566 37790
56753 73554
61619 66052
71368 84272
22512 41597
16691 37920
19513 85160
34894 64665
5737 69625
2665 60595
45160 86129
68202 81229
36210 41873
14895 80063
77703 83412
27861 31905
9905 71818
23785 54332
5398 30686
55674 74532
37279 43049
77012 82088
51403 55059
22245 45547
1584 48544
39974 51312
56943 81379
48227 90403
37599 58200
6165 17578
7636 65714
17362 83380
27216 35259
40081 80617
25919 66195
39506 68028
40922 46980
6147 66839
26524 55121
17093 34875
7700 18108
96 28581
66447 72111
45075 79349
46651 74979
35689 36330
16130 51346
2791 61266
45149 91288
21496 37081
580 46870
42509 79338
9990 11635
16025 56748
49538 80223
61707 70893
42308 68806
13435 38504
51638 54745
44904 69692
50219 60443
24469 85950
7778 77008
13950 32932
26252 58462
1024 26959
7978 37708
45687 82190
28379 65401
39038 69294
15843 37554
25435 56817
66504 73558
23377 39999
42939 86661
41994 51755
8959 26293
38852 67353
5850 43260
58060 74778
40739 52101
55371 61030
79724 84719
26204 88949
37168 65522
7581 70402
63760 89998
51052 62895
44641 64324
71200 89910
67628 69339
4606 86877
751 45973
29692 87915
17893 40816
27001 37196
33686 37402
12287 39000
7652 90660
51503 75761
43938 67491
9581 31082
5655 54471
19597 59553
5121 25089
32997 65303
11806 82710
3899 82044
12519 61631
76188 90542
9187 70142
19244 87879
42633 83958
35641 61586
22499 52325
45056 67158
768 35529
15219 81468
75109 79646
18813 84911
19307 42074
47346 70582
52019 58187
33672 86066
36424 52247
11779 27186
53614 63756
12167 45267
22903 76538
49481 84839
42333 77824
8028 18217
13354 82061
52840 90991
4850 7652
37872 71551
27350 60330
17407 46309
32925 72521
2182 81390
60153 69538
1738 22037
52428 84116
16332 66459
23167 39587
19218 70530
3774 22881
21148 67812
26841 28672
47949 50421
60020 78364
11379 26316
43272 46206
56477 58632
18819 63934
19670 83490
13936 84374
37964 40463
25359 68017
62769 67331
27368 67310
36055 78818
41120 73959
44331 89971
34896 55182
8968 65425
2718 26859
31509 77035
52785 65081
64910 90916
16062 16341
19152 61063
372 33281
21140 84756
73853 77062
33093 77770
52965 89651
80730 88683
21359 23594
7660 19051
26937 38649
66911 68810
16146 44617
4104 88775
44640 60733
1190 23523
44908 52071
57101 80146
20636 20734
41464 55652
32844 85688
11434 13182
33870 55249
11777 87425
23164 26529
37592 41604
58481 59009
29066 33766
39589 61157
18174 67770
24547 57476
3 11423
21861 83066
5012 89794
22773 43154
24125 34267
4447 75166
60780 80933
33621 69430
59446 66227
43292 89428
37295 60402
16489 46282
3594 33160
5146 42020
31090 60927
17233 22659
1071 77831
23579 36885
30532 83084
116 21983
7386 77752
10183 77029
44182 64844
39354 74382
3849 57177
6636 67191
39268 41981
26174 41427
4704 66448
5613 45237
23885 49497
13281 85066
50355 54731
33418 40165
8960 21547
32349 82402
40018 41505
32256 59854
38341 54275
49797 85039
43669 66946
68964 76664
27534 30332
12593 38199
14706 88645
5104 45230
57146 62022
4820 59141
14507 33040
24376 71211
19676 88530
22210 82996
31001 59756
275 61200
22404 82363
1215 86985
24865 41862
18875 88533
21380 54559
35841 51641
16026 42310
19191 40647
30364 89897
31419 63482
6743 87526
49779 49951
2658 62952
48567 89971
3940 78647
35557 46750
26271 40333
17118 34387
11885 45522
63679 63819
9691 87114
16016 79464
4027 63711
4851 49139
24162 26032
26144 60082
3098 43450
41813 41899
69856 84240
46074 84911
42022 76723
8703 42033
25571 73758
58228 67291
9769 41575
25105 49748
18211 20144
31847 60880
11092 20450
68015 70552
3401 76212
74263 75315
55965 64711
82772 86329
48066 80023
14617 67098
41338 50141
15773 55844
26482 52756
23320 27833
20627 67253
28719 65631
24676 71180
31177 37365
62639 62707
33191 48051
44701 51640
5840 76323
458 14947
9508 43353
3037 55370
79985 88100
42778 79778
47000 75906
1498 72013
41837 74299
79024 86597
2450 14341
13632 28710
36499 84569
45000 80095
60844 61654
9766 84520
32519 81127
1199 37814
45462 52993
7549 81293
3956 45676
44480 61764
27996 57497
40696 86336
9760 44949
31841 50775
13848 89261
65081 84062
2472 12008
17450 17821
11157 47397
45706 53440
8697 60443
22511 28612
52824 55814
52614 69002
37742 69167
10626 15347
52545 56488
18492 86046
24668 80804
807 66777
8106 37231
13183 49228
3638 60647
12988 71276
57822 74845
36673 44171
5500 56732
28744 48233
61800 67857
70947 79681
62349 87029
5369 65060
53021 73288
32035 61476
27072 44640
37287 60115
2386 15522
963 37675
11962 75913
16521 35684
37204 60097
27564 71728
86679 90919
23950 32930
79648 84323
74455 80998
28776 64678
22576 76078
369 81786
31117 85900
20672 77178
42008 52436
8827 80184
17504 71366
27677 83922
9598 48309
27503 90584
417 61018
21032 54836
17220 64933
913 19680
804 63721
43746 55587
872 30327
40351 72519
741 74707
84976 87423
1396 64721
25672 80440
34949 52811
22521 36705
15393 89064
13160 42593
30301 76468
22962 48418
75906 83826
48021 59358
12922 67278
58025 89334
12879 39590
16697 33643
21645 35751
23986 88625
1583 56468
2830 80212
78162 80483
24762 82978
3075 34075
24010 53057
8345 26139
40079 42998
41931 57518
76566 77931
15875 58992
53420 60028
12075 87063
9593 48828
76336 90079
11495 44910
19257 51720
5441 87109
5899 83052
52288 76967
25688 40042
55895 76615
54772 61506
2957 61216
19701 32851
5174 58860
51072 83452
41318 77549
65801 66034
13980 61857
18569 63247
9801 88492
34738 88195
207 15471
47189 73783
14856 60501
2821 87508
25372 31526
26983 30030
59937 87201
19390 71206
48773 85834
42547 81086
68157 88930
57796 61362
73253 83627
13722 41670
9676 67264
17942 88314
67195 67319
11497 24640
18127 30558
75420 89190
10446 34721
22784 52842
21094 32473
59930 67429
35241 47802
2421 47119
14132 85671
54819 64806
33512 54920
42742 90405
20640 29090
24171 53498
49877 82264
58165 71144
49098 56460
42933 63606
42542 63253
21089 83012
1708 51656
76952 87593
18204 41267
5259 7814
41634 59620
56799 88757
41171 61635
43790 65613
18501 40865
69460 69684
74299 85614
30986 31654
2506 58485
46241 89246
69955 70225
59115 82626
65498 80391
18840 63083
10471 67777
7097 36975
16147 17598
17962 25288
1108 33200
5741 35495
73034 79993
46628 62904
3725 61576
2125 79684
74073 77753
33707 45706
56472 67609
41312 81289
11254 83555
28248 82309
49935 61359
63640 88113
31283 73894
5614 41805
15478 55958
15227 91609
4265 25989
2947 3404
18538 64326
29598 51558
75217 87457
25801 90794
3303 16969
15107 33023
28207 31132
5344 83081
62214 83150
13342 32472
5252 34169
3851 69563
14223 91617
11487 23278
65435 83472
31153 40388
33694 61412
29467 39310
1102 40539
71033 83093
42042 68125
31454 65636
37125 47140
19356 38969
32345 80542
34493 75093
32031 37709
60862 76717
24789 88291
21853 83064
23302 23869
70703 77365
28788 91047
27568 46238
30639 43369
35912 60773
10431 52926
14449 18646
57241 69280
49603 57324
27709 31254
48797 60466
2140 34542
63000 75668
21756 85637
1570 43876
40425 83886
40112 86597
9806 57646
16567 84242
31963 64022
4649 22876
22525 83251
19566 86532
26897 78380
9377 82829
73691 75939
73474 74293
45142 85859
17090 58775
70264 83186
29392 77367
12532 61555
7967 77678
35345 82762
21535 73847
21327 38455
61295 85515
63164 70256
12677 48566
35493 86272
5891 39838
51650 82219
15728 73808
24305 28573
57141 90267
37130 52272
18714 23657
13151 18846
10453 88987
26059 84352
28242 43674
67070 74900
44291 91307
50467 75983
45364 63432
39239 89012
71843 88510
15990 33676
15472 68328
74338 87066
480 70234
23153 86056
21370 26720
14457 28571
36474 76400
322 86309
84849 87234
77940 78611
13430 45551
5238 44650
36306 83147
62928 68495
8651 19476
28955 90800
21017 56036
55724 69945
39291 41095
10951 17906
35823 79812
182 26320
28885 34118
55861 77344
19394 36851
20503 84029
18394 28858
11313 41523
19814 62242
29229 44811
75893 88709
14102 57416
40064 59672
17805 61086
39834 40698
39960 58047
2181 34482
65171 86104
40594 67128
11243 79095
61768 77021
36904 87990
24277 89407
75171 77888
6178 8666
55731 72817
5163 5601
39916 62464
9876 52806
56609 90266
39351 45061
23209 38231
33728 68289
36718 88836
20487 31763
19031 29544
63169 83229
64856 85981
80431 82353
54867 65415
17999 24723
15027 16957
17746 57276
9398 29130
26202 36588
46993 80651
11503 43920
49898 50530
32235 69386
63777 78592
21945 58779
19877 81056
12973 34318
10138 83761
31514 89575
27468 82120
8815 20873
27946 87553
1069 89559
58859 73732
59121 75325
43547 67201
13925 20723
36944 37906
28816 56397
4181 35803
29379 87047
5186 26595
56086 85162
18909 46354
34856 61264
60555 87902
75242 90971
37225 56187
74171 91005
6471 21376
67428 82967
13348 87896
62141 76429
3203 85214
42429 76308
40940 72479
27203 66382
66811 85370
1476 49428
33536 57201
74052 81499
27720 30969
8473 88285
19077 74727
22253 46635
61719 73753
21591 70056
8152 58368
6075 43315
1842 14984
43927 56126
1694 2095
40415 48141
6809 63639
7303 45223
19287 73966
13500 89122
13880 26137
31669 44942
25940 85629
8264 45938
12759 25281
8103 51822
1748 4627
52152 65617
21967 73570
16194 19708
15587 47579
19695 61727
2484 51976
36917 46181
59347 84907
2468 73733
1875 67983
84895 88321
12142 40434
1011 30658
30751 85315
60160 61516
13730 80503
5880 52705
37204 67713
21854 71901
278 2477
6444 32174
64601 77559
6881 75754
4117 53804
3414 16584
15237 58894
76296 84892
44144 50544
15282 71276
57522 91103
8194 33691
11229 82877
35619 51877
59704 81284
90944 91498
4134 33835
62365 78160
19776 49237
1925 28628
15138 22176
246 12752
17179 31036
59082 87880
46254 78343
19146 56606
70969 74413
63906 80754
42733 46705
11071 37539
13705 15417
25834 72356
34621 42349
29659 49197
36247 84725
61900 76664
50715 77245
31624 46484
14953 45499
2657 27828
29000 50835
16895 36420
38224 74452
22431 43546
3336 91007
45624 81907
35704 65703
2121 26410
63205 84357
63963 79667
40225 56406
47256 57934
2946 12184
31104 79828
3594 83058
60054 80941
52718 76272
41533 46760
8571 37108
4387 38418
40802 62713
26835 32827
11871 85827
28546 45090
1259 30909
58836 63089
16261 52786
13050 49327
18819 54475
29811 40912
10361 90817
14886 46596
27850 32544
24376 70524
26544 60941
3399 47813
35216 88300
48381 79328
34467 63867
40734 43584
72227 82861
47193 67701
31399 42502
64245 70056
36879 47787
3431 69974
19306 90279
33918 44521
41093 60835
31078 42572
30392 51134
45120 63704
45481 88942
1490 31676
35564 65995
4174 23771
24632 73635
21218 79464
12665 32169
4005 68452
70145 81704
42990 58640
19219 50319
44825 56977
32216 32747
30524 88701
57217 84834
129 19773
28186 62374
3897 71601
49965 58556
21289 55886
29991 51309
5424 71041
10512 34900
5943 43131
16588 16873
47389 89633
37263 52155
20990 37705
6156 87783
50940 80273
32184 35660
244 74411
13792 77058
60927 76945
39573 40113
5573 56112
51484 74613
50716 68461
29733 88476
62598 67224
25047 31432
32162 89147
81569 88918
24266 28348
49357 69810
9807 79086
38295 53500
5091 74338
37117 62003
52305 69747
8474 25043
62352 81124
51254 65278
30134 38084
3750 73018
696 38226
47870 84148
27335 83845
35458 69157
65523 69793
13657 23068
61920 63244
2313 19601
4077 28147
22628 47019
31764 49671
39230 82098
17674 40149
45136 57822
1132 65864
34690 35084
37025 75000
36243 69798
60439 63329
68441 76166
77162 90920
39261 78344
7164 40812
6644 21639
7128 56613
14693 59459
36016 40489
17231 59970
19349 39137
21458 44104
13852 22592
5358 69043
19627 20333
2441 56341
24142 86694
17762 69122
23634 53985
40577 70470
74049 89150
29089 75543
33318 43843
9666 67795
19862 57579
22677 64355
17241 28835
13690 81884
10721 19736
35492 81005
72700 85097
2387 61351
34350 69350
4891 11759
34167 70464
40763 86970
4112 43553
35452 70301
12436 31744
17867 59416
47210 55603
49000 75094
39583 50933
26044 42169
54246 67715
28971 44428
47909 61769
42149 89228
44066 73820
18698 40645
44509 55190
10213 28303
35327 68881
59958 86753
3965 71343
59373 88262
151 28585
41478 78960
15685 63895
3247 68231
62393 84034
6531 84520
74119 76546
39968 83062
58028 59178
5349 8665
65029 91530
66168 74822
27455 54325
44931 72251
20526 24379
44449 53776
58589 68287
49391 54869
680 79881
17275 70988
33391 36644
69908 71192
15747 25574
31380 38345
16530 49555
74989 75359
48762 49548
6495 45077
36053 81680
62728 70503
83679 83715
26705 80157
21952 43193
16421 88165
11391 77734
14207 22305
2577 52935
6327 37051
66311 74466
6372 74112
58025 91579
22626 70692
16872 65123
27471 64651
33531 55253
27322 88072
21777 78164
26475 51024
1643 6229
44199 87642
9926 42945
5687 31876
20720 33978
85951 89545
15905 88711
77547 82556
25586 62722
55373 70304
17951 81413
49727 68427
20459 65247
15449 87786
11788 16663
21633 81630
18 11475
34551 74033
19535 38488
25568 84218
11983 23603
54864 66291
11995 31096
43758 62087
61193 70197
23043 81562
1509 57319
27931 47049
59624 80412
1353 51727
22284 43275
62270 80297
22658 85253
61397 83807
17778 79694
41473 43763
10848 42925
73984 77934
20123 39689
31788 86306
19082 28850
55828 65145
45113 90245
9090 78656
41056 60212
37828 73853
4430 87184
56693 63717
4325 69532
6097 82703
80578 90055
33037 84229
75130 75643
46769 49838
62577 63125
43346 85515
47104 64443
45098 91417
40546 88254
12006 51156
25348 53962
55978 75680
26532 61718
25632 67879
39431 88131
66456 90437
31415 62642
35803 82803
8486 44996
2527 90446
53062 66111
17139 24578
12172 27075
6852 60301
83685 88669
27810 88312
6762 27630
8663 48275
37689 66432
53483 82743
25593 63873
2345 62512
38621 58173
34220 55023
35373 88954
18265 46991
74487 90878
25866 60916
5765 24494
24937 36575
72481 85020
6499 63111
55277 70514
46930 85055
36222 86115
4586 48110
39067 65987
5284 34782
6047 89640
4138 64816
3529 64523
80837 83490
6160 73950
1661 49918
17288 88265
8624 85640
28008 37295
36369 65623
8617 89568
26499 43714
55727 67442
711 13090
1044 33786
78874 86203
9778 38459
10662 82329
22465 76274
20685 69306
40571 51339
25219 48221
32009 37975
25477 69617
69835 81749
56177 87925
16098 59756
74925 80151
131 79831
40127 56038
6157 79056
12720 80693
40324 75370
34624 81820
28630 56263
42552 68732
51699 83017
64891 80175
64507 88349
16436 28888
3649 17488
18031 37219
10444 15822
74812 88097
13318 72464
20824 44709
30075 37478
31540 62142
3624 9149
38340 63138
2136 4294
35262 69835
54001 58027
34453 84966
10895 81752
10475 35474
21928 42770
39873 87852
87033 87378
33552 75314
24064 85991
51074 89150
12312 45210
47769 89176
42999 89054
23557 31617
22943 76680
136 77506
1641 67034
29222 78442
43002 74292
53678 54975
51875 71835
55875 81688
5509 55867
93 66029
20143 40451
2413 90190
15546 89191
8872 68856
7719 53595
45383 73286
13903 66681
59735 70395
8626 19262
16093 74562
5826 31643
5159 36267
70026 74940
65432 73081
53425 67456
63353 66467
17164 17628
7943 83674
33334 51578
71162 91524
21649 35664
6053 7139
45798 63860
73406 79007
47354 60796
36636 56438
30448 56707
26830 84166
42579 64661
2994 60648
22743 65983
1451 18887
256 28754
35747 64563
14101 41135
39171 85210
24651 74399
8573 9743
24413 62095
60817 68085
27580 50068
23542 41357
41269 88422
23337 48512
737 81436
18196 37929
17069 60485
16400 88947
5816 28294
45820 81998
19395 90304
27100 70453
5692 22480
16724 82042
28460 36415
46189 77144
15065 18531
251 22640
40556 69425
60216 71217
32190 90418
14853 73964
10717 67434
58160 83749
12758 71117
2664 22433
47525 88949
44415 88707
62678 72355
28926 39962
41865 69674
75885 77231
3871 8252
6809 40393
27254 83780
65145 88553
8707 74789
27499 62300
38731 75210
4874 75139
2849 76517
27141 33227
69863 77810
14508 45762
60655 89386
4029 14668
28393 70099
35827 65854
18725 42966
5729 79474
51600 89631
11763 18649
14765 67921
4541 10684
66523 79568
4293 26602
42643 66715
17718 39631
27606 69750
78538 79624
41732 54821
20366 70967
13141 61734
44669 68214
43894 67185
7103 15835
33632 61288
2521 65663
6479 38817
56093 77539
61132 64973
19409 22656
33995 74471
30763 68902
46955 51990
45039 47795
1518 16796
46600 76056
1985 91667
57261 88334
20282 86261
16027 55682
21846 39967
38597 87902
35928 46559
36554 45206
61548 75942
25078 43632
2463 39363
5706 86432
5837 50768
39143 48330
12563 41684
20933 30170
9190 40441
2843 37569
371 9576
3368 24911
37013 69286
34414 35952
5154 34790
23444 45351
5719 9922
31086 37983
50263 53458
33751 85842
37175 81461
52338 77694
15176 44742
5892 15033
11008 82968
473 30161
40453 90224
70370 87332
18901 59045
56055 79175
1161 31703
5377 46096
15688 49851
4387 88858
60914 73000
10912 23906
63308 88854
16236 70865
3458 70245
48241 72297
35995 77527
8386 52244
37929 38463
7361 49453
62027 89553
44882 77503
72172 75108
17865 76816
54920 77126
81716 86426
24473 45165
29052 88604
3623 60087
1488 3693
26970 85748
23996 62355
62431 83883
24136 81859
30040 86695
7676 10924
32115 54841
1121 34297
18367 24412
8620 20593
39017 65104
45463 69076
4765 68050
16345 34170
6553 24887
59018 59994
14454 42878
25936 85110
23747 29193
23721 73927
49457 50390
41179 79933
33449 47909
53830 70083
15006 15062
5469 56657
27906 62113
1782 44507
3096 74618
2071 79477
21678 38889
4522 41131
21173 74262
44175 72728
80714 80797
1114 24191
10809 63152
25374 88437
47843 83773
35380 59647
879 69912
21218 61381
31485 52002
38300 61966
3010 44450
23270 78075
14899 87158
4131 63793
60624 76029
40832 61816
32446 88945
11872 88929
59089 59626
26080 70151
47273 85412
50174 74536
26867 55783
41794 70766
23501 53898
41315 77261
49348 66710
45583 62205
22590 56970
51397 67872
2762 58795
18996 91358
31087 76384
64093 65497
6412 46932
10141 86119
26545 80774
25584 70428
5088 5749
4635 29179
13964 54192
35153 84977
25641 38818
28859 86903
644 89210
24428 48319
18646 78499
68841 77807
38230 75275
29045 79226
53015 60711
52391 71747
32739 43677
12857 34266
12760 78255
7184 8397
432 88606
19221 22269
55218 90671
11107 58311
39575 84444
60200 76536
30691 63275
35654 71772
14356 63399
8967 59160
66767 86547
59905 85310
2355 20858
13316 26545
36552 81057
19343 23832
1018 29256
11505 51812
23840 83694
26913 33983
60634 86001
19476 20740
50762 66080
44949 51260
41951 75349
39464 63217
39414 69838
53891 69687
34270 36182
67744 78237
2761 75644
37790 44075
13104 87646
74988 82532
23053 80619
20344 82650
13259 66892
33726 71000
36743 55890
8027 74755
8925 57830
26250 84132
73718 89152
200 83245
13398 14994
31978 34595
34137 61828
22338 91535
44217 83352
31816 91315
46426 58079
27106 27505
27855 76433
8024 73234
54123 78475
18356 22315
55646 77360
80777 91572
20479 32001
20256 79035
8456 11372
10163 78241
49318 76736
9894 73676
56211 90777
17663 61736
5158 75513
16760 43764
16206 44906
41220 82268
22540 83367
35597 69954
11301 42469
34500 39733
11972 57796
45606 57496
66161 85186
52067 84948
21616 64137
49916 69733
17730 44213
45437 72870
29932 61629
39572 62947
4871 42412
18365 34553
63128 83457
51597 66087
4646 40876
8653 36950
33336 74262
71132 84588
36321 91628
9361 11460
14530 42259
5861 82350
47708 70219
20097 88561
54395 62741
8686 22883
3977 45453
9186 49621
9203 49300
22251 52149
60863 70237
4488 66237
14715 32177
24170 83533
29187 41546
2326 71652
34397 74820
85481 90799
19148 88231
35445 36137
10332 46946
20635 82427
32704 54701
63909 84007
34750 36930
65757 79858
2739 14222
1324 25585
13 26052
4958 68746
15264 91493
5999 50685
4419 36254
39928 43195
71899 87287
4251 26425
31604 43680
21382 90863
26193 69077
7620 25690
73665 81896
43190 55273
15562 50095
35300 41869
74852 79015
50473 86717
30705 63234
19216 55984
11213 21069
4586 85117
55516 75630
17769 68267
44556 70214
53235 83731
23785 66924
42852 63702
55782 83115
65568 86668
8318 74647
49778 66384
14766 86974
13432 26870
28091 61608
50398 83874
21706 36804
61559 78938
16863 67994
68056 78705
16156 42012
34120 41681
25641 61809
1423 87969
51592 67952
32143 89876
22409 79199
19684 55535
9163 58318
63074 66652
42252 85280
23760 52492
22153 79636
78673 89793
7310 71207
39266 47634
21814 33410
2766 7800
55683 65786
12492 35975
38039 73721
41536 78248
78921 91037
44219 68839
31710 53071
30669 77566
53812 66241
47916 72288
37031 75138
18263 79554
17141 57428
7830 90618
13648 34536
11607 28712
3395 59623
53903 76304
15221 35033
38948 57965
43375 46839
65622 80194
2936 61282
26297 33147
2095 13688
36797 59000
6627 55842
7921 78434
10983 40380
72051 88315
10349 37967
58411 59801
20590 70751
66031 66052
40076 49934
15656 76244
51741 64455
11454 90598
13012 81316
10049 36707
21752 84899
2755 11868
68466 87269
22053 49684
3637 81158
12189 12402
52363 80027
7127 9086
42363 64740
23609 50285
85714 86050
5770 11217
89129 91519
34570 84906
67615 76306
51707 54880
7813 27098
37039 67008
42251 81675
46365 54548
44596 73512
43771 45244
5362 65407
54564 61749
9296 28116
27402 73282
2255 90975
22853 45605
37132 48281
66520 68122
43626 90927
35488 72735
17310 59428
18494 73169
50582 82317
30141 60964
3919 26042
27962 51292
79588 91238
44372 85850
21542 42710
46051 50762
61103 83195
8730 89690
983 46211
44043 53803
22479 61234
9738 20253
39171 90873
36880 58249
31903 46731
7693 68865
3820 31158
70015 88639
78948 88308
60030 72899
7034 54730
70657 73948
41909 54754
37518 91171
3198 14833
37934 86167
20767 22516
15843 35809
48185 77241
66909 82183
5488 63742
23297 82018
2319 61085
20783 47645
24283 33966
4105 20119
23549 77873
32646 67563
3134 19939
26010 60860
55929 82487
21089 91266
25527 68881
82877 84202
66676 78637
15688 56798
23144 35469
66965 73020
2701 71267
41399 42984
23154 28512
28469 77941
15168 73293
8116 80674
19583 81959
61457 65581
1205 26379
30470 45379
16577 59720
2596 46202
54618 59760
20572 23684
43465 84005
4593 38224
13076 78785
12620 40470
9333 52215
5170 44584
15356 73107
32474 88641
31677 59971
47132 66796
48105 74388
5158 49065
56448 87262
50898 85467
18545 20036
13623 72290
3792 12949
17242 74700
5189 55838
26773 66938
30317 54278
9128 39403
5305 54228
51130 65283
25135 67700
1231 11098
43964 53229
12677 32489
12638 61723
29871 37903
18231 38104
23839 30013
56090 64247
16314 54199
50004 78184
1700 58193
43958 77286
28101 65735
48150 56084
53340 68997
9301 13472
51259 89780
34231 34437
79412 81064
28185 68069
52556 56710
12433 76729
43101 84197
38058 88019
2547 83970
11900 41741
60541 74031
25538 70837
92 20979
2659 24565
21160 48458
2228 75921
34589 39581
18362 77279
38946 75127
63489 80876
5358 25600
69002 71537
1326 28849
7065 13849
9678 47273
2770 82267
3218 23438
19132 20824
72799 87335
49344 53398
4641 35629
52270 75540
31727 78343
21315 67763
18650 50008
1159 38939
17429 45309
19068 24883
67028 82707
19699 84980
36209 38691
52524 84793
62902 63512
23888 53115
21133 85316
42135 59492
64489 76151
7577 53300
69613 89832
6493 77028
9095 77660
37520 90738
55794 71331
12853 46971
38673 67696
56889 65255
23875 33059
9730 89626
1710 20706
89589 91138
51414 55624
8262 62092
42130 72156
77219 82058
27403 37877
31548 72060
14742 56180
15752 88278
47229 85712
31760 48980
24350 27585
3042 62859
14257 85495
21984 90789
19895 39698
36892 70283
21982 34987
12387 28146
27471 64561
7279 47134
26766 30012
9570 21491
49975 62205
9928 66300
43304 82884
19707 57742
69410 85638
7216 51586
40225 63570
11913 79302
76892 84394
59476 88697
3695 87333
12584 35758
45533 66714
1979 90105
41530 86097
11082 16096
13672 50550
34872 50539
55395 57429
48119 55949
30857 40315
55487 78231
8961 53648
17894 44279
12203 24118
7976 48693
3779 10768
38292 81531
12946 84333
18920 56302
43070 63999
9617 27213
25766 44873
31751 72323
1091 84982
2673 29489
31716 52847
10753 20039
56946 80914
30255 67661
66235 74006
40990 41047
83416 86500
6983 89747
15042 42740
2834 15119
6871 14572
6461 72288
61888 82305
72259 75994
23744 56142
10696 13027
63915 77016
29661 85796
47777 62976
32393 36527
3283 86858
9157 15937
255 31700
1510 43701
82920 86261
13432 33411
60953 84898
10537 73200
1727 78015
27326 53645
38529 67253
591 48052
8425 32428
3547 31450
44054 80020
43627 67487
43049 54891
4064 65107
15935 48939
58241 60654
12032 61285
2873 14295
61942 81344
2459 12724
48533 54771
23575 70887
20575 60572
20849 91232
8049 27750
38732 83628
52159 70698
62232 62976
26432 61462
298 69013
24396 27409
29339 44287
15837 53141
24436 69508
18141 87190
5052 74939
37786 74292
13539 40328
31380 86016
38450 39186
15801 25248
28943 75433
73864 74262
501 89245
26305 64199
38594 45296
39740 47207
6162 89790
12595 56792
9814 31788
46593 70531
22747 64830
47244 74070
42497 90747
47497 62451
55017 61388
70838 83082
9459 36545
60411 69102
5767 31390
20856 25613
9626 25954
16256 86951
33348 44849
24546 57682
10353 24961
20354 24415
3004 54757
24541 88149
3074 54534
45002 59101
19959 68608
30532 77170
30308 59346
82651 90563
33316 64342
60081 80674
12324 77977
6423 68400
14946 84188
56901 74763
31691 40941
17064 45431
23960 56471
43252 87060
19068 48764
57076 73490
40826 68176
85640 91197
22037 29409
17648 17900
53391 84224
83747 86378
8513 75119
23323 87798
7173 52438
18192 52526
27482 55645
26345 67684
37355 76816
73892 84654
5061 62203
43852 82678
34129 59222
13629 30105
54664 67948
34783 74253
31985 44951
72260 80473
45324 89241
13583 34576
69008 70520
17021 84848
45834 90536
5843 90250
47631 56969
12344 67854
14916 48971
7807 79102
9500 26215
15605 32101
3758 89834
48027 49816
12098 65631
494 59684
5646 48187
76015 81183
66102 81413
26847 89391
33482 38062
27332 40097
55428 64168
73476 86649
25271 43148
3756 61477
28638 39609
32485 39140
60701 80632
4635 79447
36289 66285
32752 82151
24694 78182
9923 80318
27263 32370
1106 41648
2967 18728
60178 89392
2621 36372
8519 8860
13464 71361
10663 82679
23182 34667
75476 79582
49894 54402
5409 23484
8379 74692
2127 51811
58092 86712
56889 58334
36323 42186
44758 73283
15967 28437
63398 69234
434 77790
48838 78427
30594 59410
59128 83518
46092 56753
34535 48401
8712 71494
5659 70344
52807 56140
4291 25188
2446 9280
14815 50027
59415 88843
4298 10733
1184 79195
22701 70047
23116 71649
1657 71062
43443 89813
45883 86317
14824 84702
51657 70283
35843 39075
2753 27576
18057 30271
57637 61818
3756 8786
62378 90071
68795 85061
26798 38751
40185 87038
1822 60280
16074 80543
8729 89250
15514 86096
27851 71823
72291 74603
38481 42926
36263 74171
4217 10544
34735 78207
191 49945
16057 54305
3616 66750
5140 9017
62801 77540
50605 86867
6579 90426
43082 63928
47139 78972
12582 84717
35184 44066
31528 43899
30042 71338
66618 70346
62914 63569
3520 46664
17840 40188
46454 56159
35832 73516
6464 85399
42758 69337
45230 57729
6440 20342
11226 54558
36663 89168
4493 21963
9610 44481
47368 83346
46373 49464
1153 32793
16309 70552
14585 20519
40331 79800
15013 26391
48073 64107
40258 58700
52345 71460
1108 82914
22681 39886
10908 51610
56395 70899
31630 54098
10406 75092
5994 41402
8021 22414
7715 80246
21008 40139
53705 84775
66100 84501
64985 66105
32990 75203
22662 85826
953 18270
1591 83521
66822 74039
5408 20962
5503 56820
12835 83253
21278 46264
8113 89068
36512 44361
69207 85813
26453 86648
59304 90673
44881 66037
11019 50056
36077 72715
1734 84929
35984 38316
78848 81528
42055 44000
24971 50853
22701 76819
16392 60092
28026 49438
17801 53025
16461 85829
20684 40483
40505 84997
40524 51692
18416 31984
43907 70226
36879 64073
9707 11964
29563 88102
8699 55873
3097 13170
58476 79838
16 38846
55805 73348
19529 21386
20142 25673
41026 64171
50456 69908
31306 72401
64216 87349
11228 17046
39034 53766
2665 51852
9532 88653
2972 31134
16770 67136
3826 67172
12251 62042
27799 49938
71417 71773
10139 64297
38387 60907
27668 34800
8716 60752
39902 85300
55336 56861
2157 82669
77366 78195
23658 89988
2592 26199
7477 12282
29141 90271
1380 20874
19357 73383
32601 88848
18070 57453
8090 26603
31057 33403
30462 75234
2619 55584
50915 69050
10482 85678
10109 74984
43827 43935
13200 38806
15815 23310
62630 88963
70 58857
2477 90910
28121 86971
44760 52454
43608 72667
41474 50434
55343 69058
48257 63004
71775 74206
4536 69073
44261 48286
14747 76722
29196 46866
57482 64506
4358 89232
28532 91609
36689 75809
30844 32356
37602 55425
85 61129
48807 74820
35700 41812
52983 77869
7382 24520
54992 63457
35785 64208
53203 84405
42226 66637
18314 81355
7056 38004
15159 23011
44614 62503
13725 29537
6285 30852
77099 83577
56580 68491
18299 88584
6593 80759
3455 28869
30478 75844
31282 91416
41476 52018
5353 54598
48135 71114
63941 87216
16376 17983
30386 55413
41275 70019
6024 84671
46834 87993
62705 77710
41872 54483
34979 61290
70204 72522
21455 83058
26247 68493
71605 71871
11526 77674
11488 54483
35895 64568
34988 54068
30775 35410
77608 82181
48109 84943
39430 41669
12160 29954
75754 85882
1741 25264
30674 48989
68202 91563
56592 85245
17045 90053
26764 47139
22962 42856
14134 26275
6172 65167
7236 47774
78834 85381
35297 77710
21168 87446
44436 75313
38862 40282
21743 21859
14031 84076
21657 69659
70232 86382
67393 91666
2372 21924
25524 35186
15373 71879
11548 63275
21707 83920
2880 83382
31598 72121
69731 75778
26305 55499
26657 89815
16330 58872
1974 74187
7637 80980
30290 41516
26776 68872
3945 8610
36351 90274
36122 81834
4145 33687
40173 75762
5086 19410
21244 75553
989 60158
79784 88805
62597 86711
49949 60787
34993 58320
37806 56315
39841 67909
22512 82738
30969 45316
15574 82890
30539 54441
65580 80443
14100 56713
64319 73642
56002 59859
5839 57380
734 33260
41901 55387
3761 4944
58552 80942
1762 78118
57090 69523
8019 26477
32334 70762
42879 43166
13596 68874
24151 62711
58940 70051
46458 85161
61541 71873
9809 30519
9066 87358
10270 54939
40 21008
17962 27724
19561 71527
53037 58266
50296 51712
27732 51264
1676 67179
32034 56416
18434 87395
9266 81205
16780 20923
12711 70974
64200 79484
17880 38742
1351 2071
55685 74013
59561 76665
63798 72222
29986 54293
49594 90785
10764 44821
13947 14017
5173 56575
35017 69914
843 24834
56926 70498
10148 20792
5390 84159
77341 85419
126 27836
14102 22066
11882 52269
31213 88310
40010 87958
41789 82079
28835 44551
33851 45211
11522 32787
11638 52574
41162 89294
31284 78565
45527 61926
1477 51066
19909 80621
41549 84097
65467 83396
14675 68873
65723 74167
68411 88058
3855 27711
60297 70570
8998 51577
15863 30062
20594 34808
34572 36418
18784 63288
21593 68314
8685 57752
29994 78551
58368 71338
37527 42946
10783 68823
27946 52499
3969 21819
16174 83136
28352 84734
4975 73077
37818 57183
53938 54399
52970 89852
72592 82519
64843 84889
4653 20975
11104 57007
43691 84929
14632 87547
19528 49787
43708 71637
11677 18033
578 2404
4870 33208
59374 69433
21622 51599
28636 71715
19447 52842
21697 72949
38648 61614
6332 50478
37399 77905
34956 75836
6276 49264
31556 36092
17703 18392
59403 69517
19520 37593
2554 7523
9792 80962
11287 85222
42057 73352
70770 76114
66199 69497
8195 52696
26990 85556
58415 88192
16475 50582
33906 89382
74993 79186
32924 84904
53330 68680
46910 79193
4767 87348
55058 83973
35944 82488
27346 50913
1385 50613
13546 15274
26829 62075
43445 54583
58447 67706
9825 11637
25197 36901
19922 62290
24665 36849
25184 57552
32736 50149
49637 71451
30238 48301
73174 79737
62821 70275
6640 42375
34083 40377
26688 36985
3074 61454
16337 29784
45993 46096
42142 87892
75893 84919
74514 85751
13951 62342
59516 70623
7354 41656
36118 74801
23362 67045
16414 45025
12102 61334
8463 47369
69657 72394
30677 38873
39984 57540
20457 66690
67104 83500
14723 27901
37351 57763
14707 75272
71741 80337
21953 54116
12678 61426
18838 66219
43978 74067
4281 42194
80198 89571
32168 72449
29292 72841
70588 86170
16481 40835
54147 62459
70140 77218
8428 12863
4709 5982
27960 90208
60357 72373
42189 65572
15995 42853
20549 69000
15649 82772
56746 62758
16483 19069
25594 88028
35757 57164
58526 79114
9572 64964
11516 50281
25275 72468
16701 61857
17235 67755
13396 35431
24070 56478
58681 73565
49759 58816
2930 40544
24691 71842
55566 78477
44895 59328
3822 63982
6058 79677
6582 9033
11631 60221
13615 34472
25689 67467
82065 84056
45352 90233
69138 74308
29462 48276
5766 29696
60592 62571
6599 80572
59329 63743
56469 62219
39337 43519
33298 86748
22451 43573
14993 59571
55616 65263
61938 71641
23176 89662
64473 67124
29608 81406
29193 82943
30741 44514
14844 27968
7937 11839
3209 49007
44364 57278
34555 85027
12900 88694
43239 79176
15039 45009
38479 78751
8809 30637
12331 26933
4962 88957
9000 87512
61533 71625
67033 72113
62458 77979
34423 51868
19854 41462
6296 24704
23344 26512
12287 63399
5668 71270
9820 72319
33910 78039
55086 75056
16487 46693
44424 86046
26674 87539
21482 76131
25551 46238
12903 52323
79566 88753
6629 24130
945 47182
37497 84378
14103 36855
3379 9681
10741 51666
32337 50746
15054 39640
14718 51621
20685 77189
13458 27613
52156 81166
77270 83252
2179 84274
30601 31156
46403 76049
27676 52223
5396 6183
13978 83082
4451 25528
12789 18137
22675 44991
67401 68346
36132 58176
13288 82621
41232 60006
14421 34715
25111 30341
16790 31728
5345 83834
21312 21372
20169 34033
69708 71188
71820 91645
32228 56519
49309 71756
11068 40415
33715 89455
50348 66735
14156 17902
28939 63885
24134 61964
7455 48582
21167 74155
37110 78588
27779 48730
39495 90125
26178 56076
33257 35979
71314 78979
16227 33669
60999 77678
38414 77032
18805 46582
43972 45302
36664 69508
51015 55561
2977 68148
44427 72903
12032 18669
39155 75136
4992 90812
21773 37418
51483 63063
1145 63102
16166 46327
29381 57184
56762 71851
17322 33592
90822 91667
31598 52093
50112 87407
7851 62687
25108 67224
38814 66578
21999 54247
52996 81164
74700 86519
37494 73499
62948 86668
29970 63543
50504 63477
79844 83903
14189 69776
4070 73851
8277 86787
22201 63494
11940 42463
23018 77192
9160 56082
7463 90836
15747 41513
10573 45556
49371 89505
18890 78059
55373 87537
15140 57131
18551 53424
74029 86031
31359 59157
15701 88532
25528 43073
29010 53823
11650 26233
29934 76940
9542 73335
43674 91413
27393 75065
79277 85357
67136 74575
65365 69015
56682 83843
29420 81649
7228 30405
13818 31584
32632 68834
13388 25148
2691 49625
14111 34259
17394 35428
7351 30672
19018 60259
23344 25449
17177 45339
1701 61332
2795 16432
73024 84911
41221 56198
43943 51132
32846 64134
41538 77493
14714 39403
33123 56863
7240 23624
11935 53936
3836 11950
36297 69921
1854 71622
77120 77477
30313 85322
64192 86800
78115 88825
8614 46164
29486 48252
4371 12739
12453 59914
23871 44131
21686 41358
63361 85567
70079 76237
27397 68699
1603 47438
54652 84799
51118 86821
33485 64210
3205 40756
20239 27740
12645 42208
33035 68322
48265 83332
37522 41987
48369 80546
38188 46261
10996 80584
69654 86882
13489 83537
12430 89134
5968 77516
19974 88267
432 1989
83056 86666
13489 29137
81740 85186
18366 73764
43405 45953
30638 30711
32925 36781
15044 90321
45571 81180
19603 47366
13292 87176
82417 87698
5434 61011
14013 56567
9480 20825
5183 18806
46640 47655
42876 75497
12457 35791
2531 11139
4804 80534
7494 69478
23148 60106
19276 33170
59290 80625
16135 84815
7913 60368
12235 39283
2358 53082
3847 34579
21063 51501
59356 73509
38217 76588
26940 30708
22364 38099
31769 89080
49566 69009
62038 62812
17631 75828
59828 85883
49057 58319
43912 60123
21826 54945
34637 80489
31794 35412
74890 88884
19361 73046
40 26901
82961 89935
30835 57266
1570 49943
7852 22270
41851 77161
22171 58737
34062 80072
7093 22306
8213 11255
32472 69074
7373 23901
74994 81638
47588 67612
65452 71525
24727 68506
4168 78284
24457 72865
11603 81062
48154 80009
18501 63957
9853 83811
67873 79063
56615 63973
29601 55796
3135 66471
50188 78698
23507 68052
75947 81309
61691 81999
54091 84347
4532 29982
35806 63973
15756 59908
49030 58545
40128 60975
20158 48843
76528 90277
20763 65192
31168 88402
5802 78248
6778 37180
67251 71994
11753 88015
37259 76776
46877 50625
44153 60914
57413 70002
2455 69534
2827 23036
13008 43207
10009 86102
49391 84703
61976 85619
23812 40494
38907 76574
2106 22795
54590 63503
42307 87667
52601 75009
21164 30087
7715 91609
12280 83711
43097 81030
46280 75705
14470 72743
2929 7915
17222 48179
18852 82741
24674 27629
71699 91384
10921 38648
3853 10090
4179 40135
55091 85614
59161 61365
49097 89551
50105 70560
40046 82829
75729 91614
24497 59535
28913 72585
58787 59492
51215 87874
23680 31663
51085 83773
24937 67680
13107 46342
10295 37921
12268 55213
3530 68388
73102 75147
64421 78888
12040 50359
54511 82907
66991 72801
9292 61875
22181 26055
40225 70308
36950 63755
18967 51602
8460 68589
21827 56031
60035 71758
18855 28072
11948 83589
15052 28469
84780 86938
40128 60594
14710 21351
20318 72650
7715 71426
32715 69452
76876 79706
3709 28267
40726 87228
15639 61825
59366 66960
3612 76973
32304 73128
8539 72324
3931 28815
47430 61623
328 23035
51266 57734
1585 16952
47311 90189
2732 60866
25186 42539
51919 82118
40233 73230
17933 51601
6396 90494
45334 84957
41022 55338
51356 75306
7132 81705
47317 82898
4531 31380
1139 74830
49573 65782
28361 62400
2064 23710
19441 62650
34664 72179
30504 91126
54129 80198
41021 64129
1592 23605
28279 72532
14770 82813
14779 81908
41891 63048
66630 89574
30494 50211
8396 46596
6245 39776
12154 56808
38763 77825
15331 17888
45759 74566
35702 40263
15644 47127
17361 48115
63108 72522
22277 88897
475 90575
31190 61311
69277 69378
85007 85371
29962 57721
16076 35632
1245 25124
53686 87489
61211 79997
2611 69448
6113 38048
11948 85489
51969 68160
29027 76644
30775 62370
14543 24544
18080 28691
23489 42611
3521 90973
19957 36775
4462 62749
33730 58048
40577 48883
77495 82083
12101 31500
18699 33777
22897 47770
25557 64529
34273 51213
13986 47865
7084 51223
84925 89605
31201 86288
32096 84122
14717 31212
42450 76371
57121 88487
76852 81815
37394 50129
13853 45999
32896 72090
39496 88600
17622 65486
19335 77866
72703 76135
33394 76982
29562 85930
1435 13873
65319 82748
30944 88583
5679 11956
25355 89948
27341 41355
54717 65520
59784 61096
38659 40900
58208 63980
25070 82693
4857 37479
68244 85664
16926 42511
66629 75830
60890 86516
73785 83352
63030 63200
20869 61833
52706 91189
9860 88966
77877 85777
40048 57573
37288 59802
27210 81877
59327 77538
45847 56654
86750 88281
19862 32929
43054 47149
24122 43989
16639 22438
35998 42746
5763 46670
13133 20031
44097 87241
43467 85851
17330 50692
21953 54878
3346 49525
8681 83301
57092 83055
4344 48097
87054 87397
44581 64545
16500 35901
22896 74489
52050 87163
20223 67638
50169 66857
67825 85350
24354 78471
80055 84953
23389 36339
3985 32039
58615 79789
12879 53857
39582 87288
12634 28141
3236 87825
19486 68886
44681 88867
17498 78509
57916 79793
54088 88461
35423 75704
40013 63054
29927 34966
16175 82735
66482 88207
63502 71163
17555 69778
9076 83548
21646 26428
34427 77403
20599 48921
70629 77152
33699 43589
1237 53079
9897 62186
57158 74705
21434 26750
20232 49633
6353 58019
6929 63772
68420 75346
9769 44349
27542 78966
61493 71337
19127 29725
17340 75852
59952 72671
10431 88250
10656 69822
68757 81329
40407 51237
17911 21436
58642 70705
31642 65282
35931 73066
2814 88856
42122 90484
5610 86762
60386 84024
48706 65236
30712 70220
11858 18240
13077 52871
5993 88058
42804 67786
9729 81906
35093 67808
44366 61294
40164 72417
70613 85350
51373 52255
11127 85337
12701 64221
22217 26658
39226 40793
5474 26647
1377 32646
8523 73249
28243 52850
52605 66086
60080 77779
49978 58403
21556 78049
55209 57222
64954 68464
40859 48960
8000 43699
2147 29937
36293 56475
4908 29951
14231 52869
8628 9176
67094 71050
24673 48175
12987 77332
55326 62668
2531 72597
45759 78521
34843 36032
36296 63616
13859 83708
6209 79036
37962 62353
11427 41587
66544 69949
27101 91398
24904 82683
55365 67207
43655 44683
19425 65871
23381 83958
12693 83663
32161 56807
23649 36757
10612 81678
8451 58204
47127 71989
6582 63113
8050 66841
45224 80890
52581 70078
55082 61766
44308 88109
1405 15300
10660 85535
2555 5704
7195 29346
37723 85066
58170 86330
547 57230
18048 62141
46148 48641
20554 63111
42279 46777
29351 49446
2956 89708
16450 37016
11866 58492
42007 56603
34173 47770
49842 53222
25837 78793
27460 77809
32315 65454
9800 36845
2477 76959
8856 25478
12710 82283
43407 48175
18322 41944
15119 63350
25390 85293
32050 62754
29360 91247
33041 51492
16273 87903
13998 59282
27007 61574
62674 62968
50592 55380
4000 33537
45043 56188
5646 23491
49921 80501
21752 30207
4807 18553
45472 52418
53418 82659
74490 83853
32300 36402
44155 74387
58122 81960
54369 74874
27335 58644
38817 58640
76496 83042
3687 48750
1408 3770
31558 82651
38506 53536
32797 37428
49010 51817
38083 81555
17871 31304
57152 73070
37285 42734
63893 75624
15279 76539
42146 82778
52088 59979
38627 68666
927 32810
41335 70646
39146 55922
78232 79987
14377 64961
30989 42188
3364 60147
31243 34646
17453 80683
32299 72549
53285 85723
2054 84477
34055 75052
27406 29261
24205 25985
85246 85858
11383 84166
48927 88432
50461 67031
11154 42894
28652 62617
61124 64402
16633 85692
59605 83034
35160 45316
20601 86892
28280 49619
5769 23608
45206 66788
55014 62268
949 67763
1165 3564
23806 38289
30714 43219
1950 84545
42482 89612
34923 63651
23238 65480
46155 64646
9137 19291
42843 45964
37891 44152
4606 88988
26308 45404
18486 20484
30216 61796
18794 46690
77376 79948
12156 63580
22852 86004
35440 74965
27012 59582
10029 22540
41545 53031
10144 66883
32650 87235
56058 85786
37463 80099
10708 48254
1352 62156
46371 67723
18007 18045
11615 22395
68097 69576
9202 24013
414 41632
60037 66985
59581 71270
31745 91577
22896 42962
28730 83579
69759 70850
39572 57178
47206 55002
34684 55279
15173 62352
5658 47407
74966 76182
24201 54463
55539 59200
42324 77882
72533 83302
53380 83718
25613 69057
40465 53431
20664 36181
45030 78727
30791 54075
28851 91049
8424 84511
19192 65165
11234 70246
59493 66928
58639 65779
11440 41880
16674 53318
69680 83894
40624 71808
83309 88668
48933 55939
37981 91592
32949 89293
9237 68028
6420 53089
65317 90863
34292 41941
72356 82221
4650 17272
83980 88920
3767 29283
22746 83452
43461 88163
15046 30557
5125 60742
33568 71757
56495 74309
11796 89633
42389 57345
65038 70437
24589 86654
60740 74545
77883 87430
8006 21976
37658 44102
14627 36834
46853 61603
27144 88470
51572 85919
63195 87281
54130 55712
2328 90308
90631 90843
9276 13154
9768 39817
54893 91485
48113 59248
73510 76450
56958 77607
2811 42859
65990 83512
52031 53456
14586 78249
1501 49229
9619 90667
27850 69568
20550 63834
30169 67941
67821 68140
12625 85110
10107 29173
30519 71475
107 81170
52378 74846
65583 71018
34567 82876
43376 50951
29406 71956
80091 90604
39256 74348
51760 62821
52140 58098
32237 39918
39435 82732
47760 74862
11199 40121
8628 25206
35603 71587
62208 77708
9577 66225
6577 48222
10248 87333
10880 14187
27743 58614
28783 44777
25471 32984
43948 71822
29030 64986
60201 87738
41520 72810
71433 79662
7534 88123
11753 73357
39957 73585
45631 69144
26807 70896
41162 80063
22981 59003
31904 77387
46453 59246
58653 74171
1066 19586
53304 64359
41850 84739
30745 79813
28646 82503
53396 59653
45047 82341
26273 35580
20497 64661
35101 82302
19451 32428
50668 69521
66426 71204
39126 67416
1018 57472
14657 31117
17523 41778
10501 31138
48474 56694
208 78694
17147 18057
20745 59168
8728 51206
22003 31876
18102 70548
8513 69717
7501 8593
71333 78673
6804 34999
80709 89017
36983 89488
17572 60537
72875 78969
884 19820
3441 33398
13681 44060
53468 74088
10490 71156
23950 37583
30320 47409
18073 74790
9940 47628
52036 87293
41263 47157
50950 78884
60498 72861
59683 75961
21758 84126
43183 63048
6235 12123
38666 67737
53739 69591
10088 61191
10164 21252
30611 35250
23475 57249
4928 32462
21502 75178
27903 77631
24042 70920
21944 57545
14053 49249
55848 82210
2284 88140
66877 75585
3090 88323
19841 81038
28948 42305
2416 76760
19971 43843
17727 74309
8870 35469
70402 73753
30066 47626
41370 77710
36007 79235
395 64615
18978 81116
33218 60826
13807 58872
51249 73260
40902 45771
12362 78912
15908 51363
75412 78841
43534 83736
3570 21615
54205 83145
43942 44358
56710 79376
18059 50727
7535 35050
39817 71476
41918 61981
55803 87109
54455 82252
29969 46673
9237 59829
8848 63865
26540 32081
1141 65812
20144 20381
51387 64067
38674 43863
39477 83056
7568 22153
26371 78462
2095 19599
28507 70940
60604 80927
56919 69664
9688 76050
57089 59845
40822 91247
5871 87535
25066 64616
21114 85716
50215 53226
27405 67630
11944 81122
15081 40120
23473 48091
11543 19004
1445 16800
29399 37523
39053 68392
6316 61019
50211 74234
26594 86319
51391 86975
53133 64143
55461 81708
6385 83576
18724 35960
20414 74338
32607 90427
10181 86684
21785 67447
46916 83018
46867 53632
1476 90062
40376 52810
32383 36503
2752 25296
4552 15152
55315 90036
174 55751
38071 73458
6832 24970
2905 64894
27232 69342
26160 53481
10068 56916
19510 31311
1356 60660
30739 59822
764 76754
8633 55652
22871 78617
14694 34094
920 82377
38260 40699
25567 81841
15262 33420
7863 47694
22436 24344
2909 46237
22720 52278
8195 49530
44853 84575
56806 62649
7602 31043
13788 21536
48494 60897
508 55645
23103 28982
27386 27641
11005 30403
30706 83152
3300 66062
14347 66003
43197 44853
14395 50804
11270 11865
5160 6488
5615 65740
44602 86325
34810 44974
13140 79568
51055 60317
26699 41219
59648 91057
15660 90518
4944 12284
11793 48028
39617 58276
41984 59920
46617 66309
36511 44779
15850 18711
35887 90158
22026 32219
13282 61024
58929 79932
18999 70231
16941 76441
14621 40728
1127 64290
50946 87217
85566 86821
34376 61995
54018 71229
6290 82823
27300 75823
61003 83084
65845 70036
62128 82123
21026 33160
69352 86516
8144 22332
4255 81298
66439 85185
29418 56855
14272 30454
46824 65759
9692 71681
75779 78779
36674 81257
64941 80794
46172 64683
1726 3761
67613 68423
21237 81818
25855 45817
39632 52157
48772 57055
45218 52816
334 73768
26936 42908
12747 15492
6859 45462
13768 29698
32357 83509
24072 34584
8132 85744
61251 88445
10480 11826
58094 85375
43339 86783
14355 78914
44065 50530
45472 45476
35621 70871
62902 68277
25706 47868
1708 27228
27184 51064
692 68030
68765 77562
33383 83986
3560 33955
3827 62494
71179 82339
58455 91045
43495 56306
68743 78789
22097 64559
15153 84036
31259 78790
185 15787
47819 86813
28706 57000
29921 69193
4108 84038
5675 50251
29242 63265
26392 57214
27736 29072
12042 53049
13034 30950
25826 48676
35394 70121
26081 36548
23369 42719
49090 80098
12122 18191
10895 37210
34731 52101
2028 82112
5788 70771
54299 89441
53146 71309
1087 72003
12656 75319
30561 82126
35059 74640
9179 90457
23355 64539
23469 24248
32064 56910
26380 87651
13599 83745
32152 75862
3092 14665
8392 82135
62587 86154
15578 70535
11114 59284
2764 47111
14206 55591
60495 69614
13190 85041
18885 26688
59095 88137
8602 36892
61983 78104
38408 80311
54253 61138
34644 52124
11181 16603
54831 57479
3211 23492
77373 91323
5330 22381
37460 81825
63661 81947
9766 45103
55930 58860
80656 90033
334 91440
42232 49316
33726 55739
5345 49094
49537 74547
22650 43359
38163 53352
26954 46791
49052 61616
55316 59857
3818 79666
22506 30451
37428 51531
37717 62470
16586 39215
17397 89654
21504 47483
67483 82830
30673 60913
20843 30069
6231 58880
73615 77587
31321 56576
49492 68768
3328 70995
23416 49695
63711 79057
65894 91564
19183 78780
49471 79003
32223 35737
43938 80935
13221 68828
23858 47943
59015 82964
18465 90562
39432 86885
62120 69945
1598 6211
8312 45324
31991 79642
55882 81133
17694 57673
24944 85776
2616 4111
16458 38733
33378 78462
3452 17364
11850 66433
43774 85183
12189 17143
32410 49567
10352 61861
27954 72907
237 64104
9432 50099
82327 83173
18552 75166
33909 72569
15090 76487
22711 56203
16680 49602
17994 37445
24015 28541
21936 36285
20802 59274
53383 82704
33217 40423
34464 63460
43357 57000
52670 83594
27067 67911
15548 57675
37022 66609
77757 80822
30211 73149
8222 58302
39965 74004
9375 68743
50432 58258
15930 56116
16836 64975
75404 88478
3149 19948
35149 69230
8580 12320
15418 76316
13885 56942
2898 39492
26135 64633
34205 87685
56241 79599
23451 38584
37184 84340
2174 2859
44291 68930
47559 86972
70487 82550
15562 77052
7650 41122
18902 84234
10491 20071
71531 91309
30794 35672
35827 70524
46272 54164
28583 84688
58390 89493
3608 59903
4292 9447
1887 83667
13731 49105
11072 73111
55477 89715
28124 89137
40918 84158
23740 70349
38168 65146
6015 37705
22020 28709
38580 62577
71801 82560
2451 52771
39919 81836
62550 71274
4162 28163
1165 1711
21593 27274
5601 18734
30662 36967
13898 56985
32123 69529
35294 85903
16334 81382
49573 50062
45906 74360
71071 90879
13518 80938
20371 25725
50919 59716
12159 39382
19344 21895
42155 81842
30418 79678
59194 63404
30138 33455
33699 77480
62064 75687
10422 28744
3019 90116
3183 65952
18426 27955
30411 66352
17180 22271
38313 46800
16905 82399
31476 63442
20602 23939
11963 27926
56508 57821
38444 67060
18118 57590
9054 83974
21191 72652
18433 72485
42297 79688
32561 43857
32642 80853
76756 87783
34991 67352
65095 70298
4359 19870
20359 82445
6438 51660
50448 63756
36677 52038
27259 40252
7416 68181
39567 50400
42592 79114
54052 62769
27504 91013
12564 73066
6547 56095
79334 83889
50527 78809
2273 40894
62461 74598
11244 73102
58483 78611
25739 89948
55569 61825
2090 42694
18229 59763
62020 89799
42671 49620
60332 71698
9671 31351
58435 87033
1652 80742
24924 46677
39256 46791
30558 71012
45232 47205
15093 82258
342 57512
58845 84383
19117 27294
36636 70675
3112 77710
5817 13381
46494 50690
8075 31665
37518 55041
21064 58068
3962 36838
76012 81352
13266 17532
55547 76484
32582 39369
7305 80396
32538 39462
23697 87785
10643 50730
81964 90983
1740 7953
45797 76173
44719 73488
43469 45452
44152 76504
5919 21895
21442 26535
20611 88558
12897 63931
46006 52744
59901 85927
45316 81631
12012 53110
43920 66837
8539 41165
71906 73782
9961 70128
44755 86992
16761 41408
5116 83113
13611 45926
14473 45613
34737 58699
67332 72909
15600 74359
10830 62373
885 45035
29964 68553
44895 75805
40961 82965
2601 65650
56901 81352
59727 73494
59328 87813
12320 34522
55422 78879
18585 24715
7862 16791
720 7571
21580 66477
50601 87622
8595 74463
80131 83088
23230 82442
77333 86462
10007 58945
55845 86090
59082 83925
142 58537
34174 52567
18454 30192
29720 36002
63066 90498
60650 82627
24301 43192
66279 87721
20532 53527
9239 91108
46843 73606
3137 11676
78915 81943
2688 62523
84167 85166
2321 83153
70342 74111
53630 77556
47422 76914
38264 83712
31508 76696
42957 52505
18101 40112
38514 75453
7483 30694
32102 37135
27615 32904
32679 54365
21065 54872
13133 34609
33423 36902
73657 76926
16275 64434
19266 80080
11525 26625
22172 67356
54127 79210
76090 77683
10342 38547
20747 75682
35772 38906
50077 78179
47734 67203
26356 31183
22059 76386
27300 90421
3181 64101
13500 79885
4246 29519
44322 44762
43363 61625
64224 71046
60372 77831
41952 56742
35894 86457
17881 72892
6020 35573
32611 73131
4432 28848
9305 73256
28846 73286
2818 28301
4085 60027
21412 78433
9461 32490
35906 67709
45741 55619
70330 77998
4912 15343
31135 54809
40661 40843
10077 76380
4340 55930
15410 47544
28862 45653
16419 24744
11240 91159
25137 75639
6573 55056
53714 64692
8614 9867
1339 42377
1331 64828
40099 90295
11359 15246
6318 69349
70076 74328
72956 87776
23956 83690
58464 63262
49710 82379
15341 82533
57630 59273
30208 68254
27624 75357
13880 46146
36549 90876
36965 69929
46373 59221
23133 68572
27218 45585
39091 57840
6245 12240
3033 43201
668 87001
10540 62674
6683 73648
27938 75946
10336 71296
84503 87634
21763 51506
19556 70750
29128 59663
42930 84809
23333 49458
77799 81134
16419 58628
2806 10108
2764 65262
16768 31196
12141 41818
24372 24500
31773 82000
1721 29258
40661 84639
45532 49441
18595 52183
61232 67047
19656 24977
5571 17490
7454 18898
46244 64220
1277 79046
17052 25312
13254 87331
15821 89334
30587 46206
37542 56202
60698 64674
65573 69231
2339 29321
8030 14414
68494 76072
18473 48211
59126 90636
15965 34133
27101 80930
80045 88648
18892 48891
28304 75822
13324 15970
47732 80196
7708 8829
27454 88215
7043 30602
19524 48854
50326 71425
8963 24452
9935 90869
26485 64538
6399 74916
17536 72970
35614 36014
20082 77861
10718 44653
8329 85124
6016 39591
36165 82526
71788 86313
74965 86423
23529 52047
15426 83174
62982 69302
15771 17155
35939 69579
15882 18888
42918 85462
7979 83561
46614 72895
41210 54925
6517 56317
58070 82307
3330 42084
15823 31549
28146 33833
6734 66221
2179 62818
30638 79862
27107 67537
14255 27778
9299 39979
20991 74803
11196 21071
14973 34811
22220 71547
16300 73904
72379 84037
29608 49876
23924 89740
58859 80732
73450 84624
18385 79041
32715 80048
3468 79249
6405 76573
59358 71975
14240 18120
694 63342
32800 61837
41103 86330
27026 54589
50261 80124
33653 86701
24065 65618
16911 77260
64747 76966
73280 87606
30886 86594
1588 20164
22766 32900
39464 74203
34619 70693
42493 83694
8169 67389
14858 75023
75559 86418
13656 84301
22389 71938
51196 88155
22187 54141
7565 42835
81743 86633
7731 23226
19523 42203
51638 58534
37985 90395
22260 57671
35278 47718
7758 9279
8008 11123
69591 91299
11892 48622
21257 31612
3906 65698
24299 71538
1117 39151
53708 90851
27917 45639
39283 79814
24782 91351
148 64532
12980 79068
21494 33373
1843 36539
39907 84738
42384 71038
15894 79092
8032 19709
25278 89048
13181 17857
27893 68526
2099 38446
54458 54757
52250 81048
19203 24945
64782 86511
9637 10263
5649 63829
75159 83973
49483 54004
40248 80278
21778 55941
37321 46177
38126 86225
14574 28120
41777 49598
64260 88758
20649 91275
612 11234
60821 62178
25983 88606
7626 70883
21525 38613
672 21518
15270 58206
53502 86929
75377 80784
32536 50807
34418 56175
36281 69607
18057 49250
35189 80690
24648 70835
12264 34398
16558 50558
26374 74087
44351 73861
15186 35426
42082 73320
23214 75952
10319 41611
4898 73738
11651 12933
70423 79344
22177 66983
57688 76328
56862 68940
7046 35327
18050 21506
35081 68509
648 83830
8959 21902
11618 77103
43163 76672
39728 81192
46375 79859
17931 86143
84544 88432
22438 42691
11190 70745
28992 86588
60460 73341
12392 34654
10816 47114
25056 32077
11051 69777
36932 83434
6585 13799
20150 67858
2276 71794
18718 38354
70406 71393
27049 78611
29964 88344
40317 63655
27026 53962
15917 45914
39721 46608
25515 53684
31438 71857
5680 20374
48045 83185
32993 49119
27976 63952
17211 17393
33123 82067
3401 31345
28683 76857
54683 65811
28759 89747
16402 91438
42061 48905
9053 34868
36822 37890
36793 84795
42931 84008
14060 61717
46576 82991
62611 88275
40751 52250
11646 57931
17173 70603
2599 3636
48572 62425
14748 41558
19043 60639
68157 80838
21319 48576
5656 59553
21285 22203
23733 72621
30157 32377
14093 65976
6068 69443
75224 76335
14622 38674
27338 59720
22582 29507
65598 77795
59243 83312
20664 81627
45879 79871
25482 71428
36456 43508
43598 79333
8821 77373
18552 87913
55558 79715
8772 74047
8857 80234
41992 79662
5099 73762
2123 49154
73612 82936
28738 77686
21636 59824
55891 56913
27052 39489
23488 29961
65790 88402
12063 49693
551 21161
14709 65958
17635 33330
75639 87011
25444 52592
32044 53881
21594 72419
50217 90982
24421 55057
22964 59959
35983 85452
68516 69306
9061 46341
18568 72715
17243 53691
46318 72792
10904 38886
63836 75955
17753 59725
8459 19957
10281 12341
16173 64261
70615 77024
51446 84172
18411 25265
41817 59194
11909 73631
11674 58029
20890 45393
37020 54837
56763 70374
12054 81654
28032 61998
38759 58503
15959 61674
51542 76089
5446 50173
16928 41821
25170 66276
48110 50141
15491 45357
60255 82757
46087 59310
6220 33376
34479 71447
11133 17421
16348 29698
5654 85301
39028 82544
1905 37003
34153 78822
49577 73984
25677 77261
28170 43363
16105 60251
24505 36692
9028 54291
35314 87878
17874 85001
3442 26282
33302 65947
39509 68205
29538 35299
23698 36245
68996 70751
57848 87795
117 28291
5694 56359
63569 75129
6025 22430
18451 47077
81540 90209
3855 36163
23108 48011
13553 86554
52188 87507
29452 42301
17285 41144
25889 39657
44809 58028
50296 91428
36761 80916
50441 61626
27001 48748
18087 78594
13823 64061
63156 68057
8770 39872
3339 55706
9250 71344
66652 76788
17287 86236
62693 83396
24888 81641
58727 73590
14865 88129
1640 79945
3573 15399
38795 80796
87220 89069
9 11416
24347 44718
19165 89073
60648 72656
8894 31585
13126 14059
14984 33954
21353 90167
32171 41714
16330 50732
46034 51640
38745 44439
18676 91009
33615 37716
3639 4482
12726 72692
71602 78971
62573 64337
37660 52159
38983 71701
16614 33979
744 42010
1287 69269
88783 90264
69144 75048
35454 60255
8037 64987
38798 40641
67779 81093
27895 46739
58704 81230
8616 31009
24668 78858
523 40204
55686 80478
15155 27136
22258 79668
5778 54004
77719 79873
9529 12265
55601 68719
8168 70965
21825 64489
67664 84961
8182 8305
2022 79889
57241 68192
31456 89591
39210 42440
35738 63066
12202 90245
24288 54751
23629 41097
17171 19990
27446 71538
60854 84359
50901 74095
78216 90338
18594 32453
48208 49002
28731 81845
29128 46072
40716 63688
14136 46285
72465 84645
1910 19089
40205 53058
12882 35213
45281 46085
15233 64931
24568 66396
56944 62821
73678 89282
22886 86011
89135 89821
24117 31677
68359 76677
44555 79750
79906 80743
64702 68701
22126 51407
33891 65680
73713 78360
66612 84883
11464 52502
18614 34765
47053 75362
23092 23311
6625 15103
19833 33676
34020 45231
33131 46518
11997 72368
5735 84888
11939 58066
6865 19535
28539 47558
23732 35003
78546 85528
7916 21575
34247 44671
1357 67264
7067 13739
17218 48651
49400 81087
9590 38660
40699 47277
26348 27050
27794 83648
69257 79930
39103 47884
58675 84649
11434 80580
71574 74890
22265 28569
2938 90040
23667 83873
14507 57809
48627 76119
5124 75148
15424 36901
33334 50438
28632 83827
54009 69607
10192 47625
8480 87683
3414 66150
31007 71123
6758 36202
10123 66375
30487 42164
27881 49044
63007 76404
20839 85473
32285 40556
9676 27941
15104 87485
19707 60428
14231 31256
54077 82039
49072 74249
52430 79083
49451 58324
52855 64666
34956 49434
48103 55259
4276 39198
14814 16567
31723 64010
51156 73900
33655 48392
40800 68910
27455 41619
22020 33605
40184 65640
1779 54010
4306 85460
7145 81640
2441 58363
27923 39027
53577 62315
24524 69031
8496 39986
30406 56753
18921 78886
11432 76001
381 523
57329 59628
74715 85732
20234 27162
24613 81476
8708 38760
32771 52803
20710 66777
32122 81538
36795 41502
14542 90713
19658 50040
68213 72319
17775 35914
52717 58167
31467 59639
19090 26431
10447 80655
40559 52768
25692 86344
24634 49435
58351 64971
7702 70387
48372 88460
61842 72000
13331 77831
24546 91658
50558 67861
42426 48438
35035 42144
25264 46758
62963 65190
18464 80412
69308 77167
38099 58865
32792 84868
21105 39422
71382 85007
6367 57300
21001 49588
116 1233
19979 33206
37396 86375
20191 72480
8601 66542
49909 62455
18143 35752
9662 34216
18638 42371
18169 64591
7951 27978
24575 40235
23301 89161
24603 67789
60877 88051
40234 46040
17229 81229
3446 45549
5362 27021
51775 57818
32766 71234
53644 65099
75902 90071
56182 69152
49151 91291
40183 40666
28118 33706
15718 26817
73351 86223
27715 31067
32951 72622
47762 63765
33659 77478
88410 88661
63369 86544
20793 76051
18693 35811
16533 70697
1900 52817
39211 47375
5759 48961
36011 51845
33048 64475
32402 70627
5745 69215
52332 71142
2140 62413
25567 87604
40896 60718
8295 24742
46583 70843
28330 40563
29799 58172
5008 8227
15685 86072
13153 51669
10843 29946
15767 29053
43373 65017
65996 71993
34824 75664
47007 86541
23021 56403
4343 62261
27064 45460
39761 82072
43920 44656
61697 71035
9635 34702
37195 49330
41846 78695
48325 83113
32510 65524
4652 13752
14522 47256
11534 30636
40634 55718
43698 88191
33034 35326
6139 26829
1468 24467
5832 44705
24354 64501
30684 42086
854 33603
32591 78926
89255 90587
45024 71676
27633 78667
41595 46974
14797 33807
27368 36575
27979 38881
11221 80576
10945 45976
13828 14671
35998 77817
84856 85865
73981 79204
6958 19479
35880 53990
1230 75663
29249 72683
32199 77705
53309 71745
24569 83325
27731 78625
16074 79506
35280 60586
60733 74045
86200 88225
28433 82542
24430 32522
37129 49872
45093 68537
38280 52238
24003 73129
12356 38875
51212 64268
11194 25735
26141 38297
21500 48229
13877 46145
36017 40358
12592 44252
22405 76164
24151 29117
41892 47594
42901 90978
24297 59355
831 73728
59604 69323
18090 58940
42272 87373
69979 81207
26636 41789
55235 77371
23321 77376
28135 38058
12758 28310
18050 82542
33511 69701
33607 89245
8878 70781
21583 36934
789 88097
21728 28396
7839 36726
20427 63447
19572 34859
19584 84201
80585 89035
12616 71923
25966 34301
10583 42790
54768 82136
1678 63018
28193 71101
12345 14703
31635 63033
11209 51348
23781 51849
49605 67624
3686 12047
3950 60292
47172 76157
21766 57588
15699 71646
25561 71789
6074 79389
60471 65355
35219 57964
43400 83678
41148 45326
8828 35327
51432 73645
35347 87154
26313 82421
22955 59817
73358 90421
4961 48784
4844 60043
52206 69695
54212 87566
36024 60189
35083 87330
10286 85711
3814 65262
21463 54866
36852 48933
14094 62810
30328 83324
8397 86215
28514 81487
42838 50046
2673 46863
14478 58582
37882 52277
45564 60650
21809 88188
49534 58706
14267 53665
82958 85865
39162 79416
3461 3482
34760 88578
66735 85390
32372 70378
25653 49065
28667 31867
8581 47141
46852 53526
3985 17441
76047 84321
55088 82619
28488 79330
49010 66390
9678 68618
13096 79044
39846 86570
23717 24193
68971 81656
9820 12975
17630 83111
36885 41139
24602 50503
13445 64836
35472 86634
42684 52216
14854 27764
65693 89857
1516 73849
12950 43579
75799 90613
23538 25043
41122 56235
39991 74822
16329 70274
11698 35040
42841 80787
20631 74810
6995 58973
41191 76290
3230 72731
28987 40970
81237 83532
85391 88719
32781 71061
22601 55293
27891 61642
62122 81320
49694 82609
11828 81344
37543 75288
25467 51929
39226 48477
11879 79498
27676 30577
9232 69000
3282 68994
19848 33092
9424 45831
30010 42729
14017 74193
58823 88006
30815 63557
39072 72227
67950 82073
10994 67832
53975 71445
8233 25621
2442 56257
2083 18348
3618 89198
2256 57393
28800 42871
7684 80977
30614 87610
474 11675
17119 47374
5300 69311
30603 84383
29264 90136
13096 28383
8272 25920
25270 84487
62969 82091
18692 81638
1639 35207
17222 55165
445 7009
46200 67817
2147 37475
1398 8589
31678 70580
73349 85961
34998 61651
66235 72894
60569 81168
86993 89039
7244 65197
45924 76061
41428 68630
45070 49311
21839 22276
941 56164
420 84203
74151 85170
1389 44540
9113 50249
27348 80273
18633 68938
21888 85255
4465 74372
38312 67253
54893 60293
8062 86173
36524 85691
38947 62718
49736 77220
62219 83397
13224 36714
57975 60845
3446 27578
58964 73682
68698 85538
30182 54737
29469 79145
10023 71044
85827 86558
23720 42229
3504 60876
56169 82129
43165 58884
3896 36924
3710 47560
76982 79479
38314 42765
39111 58157
9959 69698
57277 87451
877 84872
46662 69801
82332 85123
19043 88294
16194 22461
28014 90694
25583 31911
23407 35054
51219 88852
41301 60566
26828 64557
19700 26055
77806 82753
51401 79273
28448 50761
22804 50534
8321 89628
44113 58743
50824 64547
78114 84045
48151 55156
58063 80833
60659 66116
45450 83634
21074 85922
60129 65437
35828 88835
72616 87224
9356 87746
14526 15941
10227 61231
4274 10078
39505 66492
3885 18818
61666 67925
68456 91033
37223 41970
31842 53350
54999 83643
46507 48072
43069 91095
37774 64754
28775 63881
11180 27541
9935 75133
16362 50247
54111 79214
23609 58786
4218 23545
65573 73134
26612 50635
20332 69505
19830 66184
9391 28058
12583 25952
33822 59170
13603 55499
2923 30686
49534 90787
55661 65645
36598 69858
18455 28970
18011 88187
42359 50846
43149 73917
27968 48822
30993 58178
23065 41495
30743 61323
62407 89798
24355 49131
7319 68776
2648 61160
84776 90484
38799 65084
6337 75873
8771 51976
11426 38852
44584 74039
15054 78449
10939 38361
22316 65885
25096 69018
12424 48694
66068 87133
7818 27560
62267 83701
14084 76004
35146 75828
187 65750
3233 59356
74190 81562
30771 68331
54701 74873
36937 56377
7771 52033
1183 53262
13839 47225
10300 51219
10850 79017
3586 16470
12854 31783
51025 74896
40389 86389
62152 70702
47082 79355
46049 73019
17218 52560
39965 90677
7958 36615
11371 83655
16435 43707
47736 49975
48386 49272
39791 68031
5246 75312
22121 68186
26565 48075
1806 15321
50888 85610
39008 62676
22597 28218
70567 88297
55962 78123
20216 73828
1932 41256
49387 76828
33709 47756
58418 70308
47342 75431
47788 69160
27099 42731
33005 85370
12163 50669
26428 64875
28609 42085
8903 23083
38472 86326
1257 73910
24325 35076
4356 51114
64566 78614
2695 30272
44338 46172
53337 88890
62200 72446
23942 52643
71463 87672
11872 82022
69512 89480
14962 36525
3152 90377
2619 7502
68396 89968
22366 57682
38254 52507
1883 47698
34085 47120
31859 54607
44250 79987
52588 89214
64926 87538
20478 77861
18469 42644
227 53826
8639 27897
41162 54945
58236 61851
34060 53854
42302 88533
4605 49607
48257 63152
26171 46852
48583 59712
24866 34083
48219 53380
42398 81236
12633 55322
55229 71413
608 24564
8131 56647
1755 9696
8900 11771
41359 47240
15600 91336
38914 46299
12070 90326
66900 75296
46531 85399
30154 90926
8737 56873
61804 67394
33536 90124
74762 84707
43 66743
3174 34124
12901 78616
20585 42730
70271 81051
48722 49660
21707 65825
18666 88157
7960 17732
5409 18288
55341 89451
49805 54549
26680 90146
31658 83374
48627 49986
43385 69261
19616 43490
33723 70532
36458 38321
8860 45950
12889 41613
42441 62900
26612 60539
82062 86687
53086 73166
39294 87236
52873 88670
23538 80254
29533 39573
34293 91297
50177 77133
70992 78912
15649 19297
54126 85913
45178 74456
30047 62209
26596 70753
81217 81767
3905 15998
14215 89858
26378 49844
26236 84100
4686 80794
15802 41476
10817 38171
51181 83234
17626 59005
6093 7501
11756 50026
5335 23039
17285 74273
37526 88364
33413 83880
7937 19419
55470 59520
46608 57563
27057 34006
60125 88848
32560 61534
35564 50794
5918 42975
66176 87557
34153 74740
14189 33028
53952 83797
37861 80692
13703 52064
74975 77425
17688 66764
32463 40919
49352 55979
13251 37545
41233 58104
54751 67262
45913 74441
416 20939
16623 76231
27373 81769
32787 82150
8442 52745
5073 65109
57997 68787
73921 81669
6278 17142
45509 76260
7594 38569
2111 80675
78412 87571
18782 24615
9422 73739
20497 80448
40944 54654
22547 80262
11047 77838
38727 39850
68379 73568
58423 65803
52310 85760
5117 41334
64676 80111
61999 73569
68194 80732
39237 53695
24356 85519
12678 23771
1305 47054
19331 38086
32643 35225
54724 67164
14627 27141
3245 6228
8954 62565
32825 84952
5553 54008
36982 54566
11382 63852
63002 84604
5664 61828
29181 55035
25441 79102
17476 54883
51166 60767
25094 90700
42149 53792
15298 77108
56630 87273
47468 49798
36953 49463
33245 75950
19431 83030
1151 26740
52381 76769
22913 50174
27594 45400
55631 74596
13769 59808
14513 27212
18822 36026
33422 58669
18269 25648
37211 38651
3585 75671
4624 17299
5520 27454
22923 77673
16341 89935
47865 84738
31527 84127
5074 60067
22398 51473
4402 18961
13922 15713
30554 90616
21252 91005
3831 71130
3506 50461
19367 65662
4860 44242
50646 74967
41318 59309
1312 14260
49606 51061
63622 63813
31946 78325
18000 73525
56565 80855
28771 73307
77760 81973
84061 89686
11887 13688
70781 78292
62625 68805
40253 84286
45066 64280
23887 47253
11287 65650
34867 79371
80084 81396
27986 80644
27725 71863
30367 73930
14736 28634
32 17099
28903 80883
17514 45521
74793 77587
25161 69824
14764 72831
31667 68487
74917 84681
54359 57447
28604 79177
11733 81925
33734 48972
6180 12281
512 44170
337 39977
12267 71806
40651 90901
75039 82315
85539 91310
61859 63291
5024 58358
61423 76566
31729 87236
35591 50903
17552 87559
45072 73733
61316 72915
1199 83282
77130 90857
499 49455
56329 58523
62708 72734
42673 57320
8437 57081
17740 74560
1903 48788
27292 33239
63631 67195
47163 48833
75752 80768
25721 48799
25052 32085
4080 24640
30671 42047
32818 82834
29839 76422
19850 27716
44521 64161
51420 88537
48793 69883
19306 85094
33768 86440
9935 90627
78814 88263
11433 65162
58167 82959
13585 40339
30827 42786
30351 69120
33818 42164
47892 80216
25614 38560
20228 52689
40030 75559
23920 76080
34784 75696
30810 69105
2323 53589
77614 86131
21227 91508
9691 66972
24061 67522
26420 55849
29259 53470
6005 18683
47043 51617
35580 36096
21430 26753
42192 72295
5597 19385
13645 39764
47101 85006
31623 32464
8503 31452
33692 38001
4138 11046
54421 77172
20813 60893
11983 71998
52541 55946
526 40479
21564 32557
3118 53652
39959 60263
22836 31570
31508 52951
27313 49325
50875 60354
48448 64386
81901 82466
8955 72706
62128 84258
31466 70604
30455 86932
59337 89458
51088 90643
2337 6485
8020 36240
1697 10602
69104 85495
10952 69152
28165 46509
2359 37356
11066 55628
1975 2906
60013 61033
1485 79612
41471 61513
1672 7178
42416 83658
46805 75759
47446 88233
24219 76998
43499 52830
13174 20178
25498 57418
60971 89769
35269 47724
15605 85081
804 2988
43654 55644
13717 30693
64813 65051
75614 79577
23286 73876
65465 78219
30998 38025
77279 83838
66047 78373
15669 22539
43874 50307
38635 90947
1693 34821
4740 77526
24352 49389
20761 87932
3141 90502
20323 90724
22404 28275
7180 49017
34962 52328
5166 68819
30807 51260
70962 72513
9417 43924
7994 17161
17280 29528
36085 36485
32477 90172
37916 60580
953 65565
1432 26119
14094 38456
61929 64607
8699 44620
12120 28718
26583 34620
2644 41719
63515 80211
32736 44739
23678 56109
8396 78992
8117 69700
18462 74194
2882 7329
10465 19203
19508 32475
17401 39668
44123 44584
55244 83799
39466 48335
13140 87550
7791 12199
4033 69931
4046 91073
81471 87748
6217 56719
749 19121
26547 42443
29454 76619
21178 63424
47550 75058
39245 89629
36617 39105
75533 87069
3582 28824
5028 22989
58813 87118
9701 36163
24217 52388
85061 88361
15863 32796
30 16872
58545 81809
10339 33238
33359 68999
22888 51945
38467 78211
35722 69863
85718 85813
9531 22338
2632 52105
3073 63438
5794 45073
39000 63032
23563 35947
26835 35757
31056 78011
52584 71644
55230 70809
22456 77421
463 74802
1793 50300
38300 50574
30611 90201
47882 80926
49090 84541
5045 41290
18937 35545
568 2281
82717 83180
39551 82227
44323 76779
2496 85647
11066 35568
26306 84194
46041 50656
1919 39588
56548 74379
11521 80833
29832 33266
74447 82839
58632 77669
1927 63103
22229 44251
15695 18307
43642 74256
22554 31279
65670 81994
31464 71318
20287 77442
23483 41210
24295 78813
59948 71106
11265 70218
54469 80763
22791 63895
3511 83311
34129 38993
20160 71244
6445 42301
44949 76286
12165 72921
25010 65351
26426 35495
32750 85508
47842 62961
69823 82603
34533 48220
18551 64227
33860 59098
9246 10471
79013 82989
68 65211
967 22602
35117 39516
28719 31820
55926 89966
25337 72782
41798 74733
30603 41722
29549 34082
48207 69869
21224 54422
7996 34255
47699 80665
38002 53010
19827 38768
12517 17148
305 35870
15657 85401
33392 90146
81884 90440
2257 38717
42822 74068
46398 79732
59268 67497
7700 35282
43486 67777
6806 71963
65145 73100
70564 80931
39841 74114
5210 78164
17236 78404
68660 83026
3784 9423
56403 58947
19554 86355
46328 57180
37993 78124
23224 45065
20252 44731
17394 63910
5136 72991
515 52372
3956 65200
3945 53133
12877 46199
45360 84382
89370 89699
8520 9493
1747 83264
52638 57465
23802 83379
6811 30991
66693 68076
15343 59221
6255 70407
24593 77716
45313 52774
13911 46217
16525 55517
57175 72598
29680 60652
4232 53350
4125 49754
53342 56231
31060 53458
31652 87822
1480 77553
35785 55193
26495 51710
69341 70609
50490 83199
25250 26772
33766 77273
25848 69247
41863 53430
14939 27557
8871 73017
20988 64384
15834 36432
7109 25016
56974 78468
19440 36966
41412 57521
47709 75841
3285 44480
42134 49015
2246 39831
10638 78029
31094 87849
42218 68535
54490 84139
7200 72647
30237 88036
35023 68727
2604 61286
31993 62396
76130 79637
64574 80422
33436 62756
49687 77992
75115 77412
18959 64631
60794 71046
13001 26781
33107 49435
66612 71767
7503 21350
16063 63646
3967 24698
2573 66964
4756 77512
6786 67151
41957 86833
10041 69642
8584 86017
41102 74631
16630 30111
70785 82700
8442 60065
2710 18264
34831 57954
10880 53711
35367 82189
24409 40975
1874 38240
64132 84303
6494 34031
37667 65233
53691 75988
26860 29752
64132 81667
31575 74505
26356 78066
39890 61411
44847 66520
11440 59251
30532 55992
32514 68906
9236 54783
12547 90216
58930 67307
63376 77832
44742 72722
47546 53735
19987 69893
24725 81623
13672 27390
33269 75330
30710 34240
47832 76480
41689 53949
16555 62079
27976 39954
10385 91141
71176 76557
45981 65156
14987 84729
9132 37136
2095 20651
24217 69942
62768 76718
45572 89752
35156 88038
53850 80437
48277 90803
83984 87917
39448 67879
45604 58244
27885 43468
7612 10391
19945 78717
53248 68575
83322 88889
14768 27673
24775 53782
5044 71767
50213 56388
33815 41368
17175 65728
24602 47284
56599 75086
16394 24484
23961 26420
3825 56984
22799 55324
35102 39926
20712 49890
56396 91304
31507 38501
43753 62037
20207 38424
37300 52799
23518 71634
41263 74093
5232 41901
50749 73342
36590 85669
19563 58681
5138 89132
52460 70797
10129 11910
4608 71987
42188 71122
26953 47675
3792 65625
23605 55368
19790 27486
43754 79280
6298 78872
43370 82385
41685 51321
7102 77162
14797 27438
55338 82629
41829 73594
10713 14795
51741 76401
55656 57890
13307 37960
9120 64580
16545 84898
42785 87604
76474 83902
21293 56653
23132 30963
46290 81207
27410 61062
14202 22185
49972 87806
24388 43891
60374 77601
24029 41215
59975 70088
55681 79183
46293 64947
1656 9862
8391 18776
35175 45475
41816 86824
83486 83614
27134 46091
3816 40417
7751 28420
9266 34277
17658 90966
9050 61018
57383 57935
71723 80369
41741 74398
47655 65033
1044 32665
17133 86197
76964 88499
43905 58227
37519 72745
67716 71488
54410 63271
40804 90056
84458 86335
38404 51493
79242 79800
2251 66284
31321 32499
7209 88442
6113 39282
43792 71902
6171 86004
10560 37556
10975 90162
68199 73689
18562 41725
52061 65862
5197 37457
63320 91473
59853 68206
19016 21676
59184 91126
55049 56287
40276 75521
5218 68039
18214 67815
47095 64439
30302 78067
2971 27685
2362 70774
32974 70180
2838 56385
78990 86478
36923 71352
44894 63980
36580 69830
34995 75506
38135 85848
5788 78286
82391 83621
32870 48186
26824 45540
31183 50089
4232 14692
49630 78890
52640 68362
12856 64876
32354 40472
18631 59170
86146 87209
14934 68728
64929 85645
23249 38707
31433 64473
45073 54715
9337 80804
4782 8042
45105 83412
28059 71794
28416 65013
34126 45554
32676 32914
28434 31737
57561 84658
69408 71118
38487 38875
22993 83656
22595 35265
54275 65130
45226 87265
4562 90483
72595 80102
12414 70647
19407 86316
18674 67287
10632 59350
66 114
21397 84687
30410 89418
48547 84880
23600 27184
383 55397
54922 69486
18880 80318
68890 81751
26605 48372
7111 10300
37599 90255
911 39183
65397 90862
55444 80511
29 25336
66581 67164
57637 90919
49485 90831
29450 59566
16855 47593
65678 74486
15726 22008
1768 53865
67446 71856
1320 56824
53426 56682
20566 37239
9038 66229
33520 74776
17117 82020
819 21713
8873 54363
28168 61664
52987 61978
42173 51138
20333 29807
14809 82390
4186 57831
1729 82946
21566 39998
40411 69098
69249 74661
6516 14002
7862 18920
23421 81800
28903 60808
11235 83852
8449 47476
3866 22753
20682 70792
39855 85451
68064 77278
14013 14960
42649 57763
44015 67944
9471 64141
50082 83701
15770 51731
21212 41058
28702 44673
13726 43428
14080 24201
20766 26255
30389 83841
34999 51421
86818 89861
21625 55274
21861 65384
34592 56733
21933 45078
76163 89898
19767 70290
34701 48095
39933 76674
25557 40282
77635 91056
12146 77310
44056 45906
87446 90267
15054 64854
36026 42404
32508 78841
13254 62973
2804 84783
53559 89965
20834 64371
45526 70557
6394 35508
35262 44849
12846 69020
42187 48245
46650 51568
38037 87200
38713 41110
32448 50634
5524 58208
58489 61323
26334 72741
8077 36349
25475 31637
49622 82744
30435 51996
10939 79076
26906 33929
29882 32519
1570 18857
35470 81466
72145 72902
6578 43892
30615 67313
34897 83191
23248 90649
22396 44380
7225 41461
21478 28820
16096 60410
29380 34867
37220 91102
58653 82669
14384 89127
1731 3854
19502 64911
6323 13912
46288 70761
86221 88947
52906 68323
9227 68426
42099 78323
36850 60971
26556 82118
31896 74410
56339 73767
22645 32528
78578 84957
21521 24627
42006 88639
26371 78835
45437 58668
31217 52229
9938 15380
22817 48456
47255 66679
80456 86057
46566 86429
30963 78627
1302 34405
4538 56839
48467 49245
3231 90695
3121 63803
16300 17801
44468 52838
65945 82483
4823 5387
33044 43483
17871 88028
56000 73129
50963 88791
3326 69513
15050 20394
2314 3666
4388 5770
753 24020
19541 31475
250 24948
18520 70199
1145 59179
29867 30436
17047 73333
57412 84256
305 2321
2573 9223
77042 84169
17025 24744
29333 30366
58812 85638
59802 63971
66827 80561
30668 33459
60241 65574
4112 33956
31923 55730
6935 35748
35208 56387
27980 48623
48490 87779
77668 83086
71045 74048
57225 82777
29944 44801
40 12467
65213 66295
6559 50710
27903 67842
14021 53565
62136 87327
53016 63046
27329 65909
4651 9827
25891 88717
35919 81855
41727 56849
14742 29814
14913 39945
54557 58692
56377 82043
70869 91344
17539 50865
5873 36467
3466 13637
15580 54754
59007 70283
6903 10574
60749 70885
13903 65369
16225 73984
19267 44542
30822 79567
31572 70789
23345 28382
29625 32691
15627 47101
5563 56275
27347 90560
10709 11285
33354 55401
62816 76733
15234 44554
48153 79760
56367 58075
37577 48105
5082 63404
53682 54756
3072 72670
27556 59560
4600 45855
28199 39029
31902 47772
37051 63417
7640 67032
28970 64445
38387 79197
48662 53143
23105 90854
8439 42004
6110 24690
13805 27420
37805 77571
7905 67759
54056 90626
41724 48471
34549 73230
62594 74994
43837 61295
21771 77941
88983 90965
33094 89372
38877 60335
9502 17188
28178 72913
12300 87421
15706 89113
21775 46244
40029 89787
20242 55863
23471 90833
33438 85522
58090 85378
44616 70389
46600 54451
34534 52628
85433 88779
13754 31845
69303 80339
42513 79215
14367 79584
49033 90189
42742 52304
11928 48350
21522 39117
32577 82796
33114 86705
35884 44433
12595 28334
10616 65243
11336 22564
65649 89334
29265 62285
18985 80918
6210 47093
11311 38606
31831 65973
34943 45640
15315 38757
32433 55605
60106 76272
14191 42859
19151 51774
38782 70616
19402 25253
15932 62088
23849 91061
16453 81121
47572 67700
2245 22147
9716 70168
50928 59659
35635 43482
81536 91382
47790 64295
75527 79591
3039 10275
45720 76390
23895 39345
925 91039
19244 61922
41059 62850
359 65003
26682 73396
12642 84129
29733 85757
42081 66467
20422 50639
52620 71616
62154 85734
57315 64142
16291 30601
88868 91278
39301 41468
32825 32896
14030 86843
38174 73098
5150 83291
49474 85244
46739 50437
43471 88069
36673 42416
45127 76825
48641 75194
31767 58644
23879 36328
49903 54002
37669 64719
39792 45379
9734 64679
33488 71891
39433 43056
71238 79562
69690 88796
55651 87562
68692 86348
51401 88286
501 57283
5902 55535
63705 86876
40527 82990
49671 71310
49325 83391
45756 49595
19263 85975
50164 80459
67927 89927
19399 61929
1110 75812
30165 90645
8398 33692
7856 14294
31287 73140
13307 54426
77034 85892
15049 68087
71668 77752
31100 60330
51587 55592
16129 83363
36846 57172
25780 45500
13307 66909
13139 45584
25132 72324
50245 57561
46708 72637
68950 90058
4792 24713
7989 42297
32651 87319
21800 39251
60155 63781
39680 91630
62140 89114
36821 80515
45463 66621
56870 77747
43094 46633
6352 56394
10869 70523
27018 52009
65400 79365
51252 60692
11763 26778
4797 60884
19257 47984
34430 64341
15785 68432
29844 51471
27574 84531
8376 76204
36042 46084
60347 79586
9936 18111
2437 40280
63304 77069
51611 75847
2075 3961
47627 81380
61421 73275
34557 61945
47431 64988
24552 31185
11149 33522
38517 74374
18198 83968
49218 85934
46437 87467
9059 75788
21756 66414
20253 40264
31187 77440
27427 62644
32578 46187
34232 54026
28332 65631
30141 86593
16425 41670
6655 90957
6023 38906
453 30365
59 15188
15251 57445
23504 52937
13462 58807
46962 66356
53240 68477
23091 31517
11398 81751
83616 85795
18149 23512
24824 34163
3737 48321
41953 70417
40516 83139
38804 87250
6224 34102
5407 11904
1799 25379
33718 74261
68370 69116
14320 53293
1560 35128
27310 75997
47287 60886
72087 72630
29150 43857
12573 44295
6067 25036
69806 71536
59327 76736
61494 71642
44862 75319
38309 47220
68558 75554
52549 70748
29624 71866
52880 74804
40793 89229
34680 73152
14108 68960
20626 58954
10717 85511
23130 44739
12765 87813
15331 17779
16700 33499
54206 71819
26504 87490
31775 61993
30878 81249
23308 39173
2281 57351
40135 64308
37 71267
56441 82048
25758 81616
49762 86188
5860 28316
37752 69213
24517 39721
7266 27164
47218 83655
48054 74422
20959 23328
41457 89534
20384 85876
84358 88395
25261 53482
64637 72911
52615 81982
38860 74337
51708 55491
40266 53307
64100 74515
17474 57985
42466 86736
13782 61192
21146 46499
24187 89365
39510 77791
81476 86018
58228 65917
19137 91446
34031 45681
2826 62657
19383 64907
16077 68586
58238 61000
40408 77688
60144 86769
27328 88950
29149 66295
11715 25142
29298 59036
21880 87710
411 79397
60479 90957
11239 20956
54995 82891
40657 58666
40657 49203
8562 33528
9129 33666
9843 47039
26658 77525
4114 75966
3786 20039
55483 75687
5772 82298
13092 15009
55460 70625
25925 41146
80657 82612
28720 76200
95 64402
44385 89480
82805 89322
8823 48869
30717 46081
40878 66893
22381 89666
1225 13700
13859 20318
30648 65429
18012 20133
2693 79255
40781 81107
30986 41659
24728 53661
77875 84259
26449 85215
56733 88542
66617 85140
75663 79954
60600 80355
45587 66004
3945 27735
49099 74205
39526 58003
11194 21414
62430 66121
27988 84764
80728 87524
847 14525
25007 65455
3050 45398
69443 73451
12683 16490
18027 68797
67717 77086
9383 55699
25096 60796
46907 47092
47206 67386
9395 53108
27698 33011
29591 40329
23144 33126
31828 80556
74461 77578
19061 83886
28570 75409
1462 69684
66036 86678
28494 58475
24202 88601
19180 89534
11422 41991
18792 53828
71516 76574
13499 48494
21529 91034
4401 4786
22252 77057
41468 69463
66488 90102
2464 12680
18566 51932
42197 51124
59781 86795
8151 31377
1959 4403
24470 37920
79785 80161
12707 37368
13798 63620
54954 61685
25479 34709
58883 64964
23483 55644
17580 60290
27865 53313
21890 89689
4079 64260
53639 69813
56540 72670
27545 76448
55794 67978
82957 85348
5832 54595
24354 29168
58097 75984
15708 75657
55716 82276
25112 75259
25963 31984
78012 89782
62844 74838
45779 62605
8894 14465
16583 22696
14096 79836
3743 90332
52458 74774
32688 39873
25721 63761
1682 81210
44135 71977
49236 57112
22610 52790
3008 48592
1430 9091
37853 74279
41969 86386
15283 23965
29031 46619
7917 56761
30578 88159
19703 68657
59595 78642
35810 64684
2438 72747
2272 59095
1104 37702
25403 68324
43119 84770
20086 67769
57458 71091
36454 61411
68414 78496
2457 82351
28275 44781
10263 82022
52676 80309
28077 71107
100 2627
49487 85717
45677 52952
39076 71178
26306 65715
22852 59404
33563 41408
51001 75523
4466 20490
21157 38761
62175 80378
7447 87527
617 24708
4059 25831
3650 61240
66105 83715
61479 81505
75801 79922
10501 73048
29114 42468
34913 81882
26478 78665
22505 76229
19217 48727
39895 51517
27297 38504
11324 40312
29729 52804
50442 74500
22491 83861
37787 73305
2925 7765
35756 44960
4970 88028
47137 51966
14546 51003
3685 16338
57391 87370
47079 83774
5901 85518
25615 70240
37030 81048
17256 81449
8076 33469
61937 77203
3307 65972
46550 90742
8277 38469
83546 90300
31501 40689
28525 33292
61407 62219
42940 59774
40194 56876
2124 2158
668 27919
42111 66086
14621 58275
16212 84683
55871 82638
39609 76834
48478 55260
58969 61618
89552 91387
5492 73953
56223 77455
38543 59044
26891 62112
18749 54429
17619 86823
14861 82729
63406 70671
28364 74068
4414 31832
41461 48154
25381 89365
2198 12943
2010 30696
16914 34611
78674 88303
13493 25053
67079 71337
3421 49478
6678 80857
5808 6335
58492 76035
18424 88785
18425 66780
4059 84304
43814 52531
6754 42719
57873 90181
18849 37314
7635 13601
24287 80961
3416 35766
60555 69432
16520 44210
31129 55893
37379 69733
55670 82047
14256 57372
52977 89024
25615 80465
41450 75606
8182 74428
19448 27201
10550 11065
14596 88131
33765 90956
28462 90886
5665 59632
5551 9239
53322 67132
8301 75029
14038 83291
17227 62519
43514 87865
15891 19935
28827 70321
37293 83753
16405 76199
49069 82913
32107 59220
23479 42498
44568 89469
18078 59868
10477 14088
41915 42054
9462 45142
65992 81627
43767 48770
26987 70497
42051 48081
12185 19815
11867 73730
5369 71317
26421 90141
1501 67179
5199 35001
30966 54241
2477 72907
27816 84622
3912 52526
23305 39138
56046 63702
16435 31383
8171 54243
37782 71375
12831 45018
17730 29401
60506 60616
25189 73017
73710 77505
18207 31204
1192 54922
38778 52714
8898 21158
27734 62023
9358 56429
42619 62629
20095 75985
12931 29983
71601 73928
4733 39591
31444 65062
62701 74504
90161 90856
11200 87088
37330 56370
70584 75071
46597 77163
15638 78076
88335 89112
24987 86794
42450 45078
56938 79537
40075 90409
9200 64589
30852 55570
9811 65922
87653 90173
13774 62163
70766 74569
2124 78416
29793 45606
44025 53658
26104 75151
31014 63221
29536 43525
22920 30948
8818 30745
6522 67559
51070 83127
5333 43397
51098 66694
31663 66048
51815 62107
67913 87393
22905 33696
67329 87788
10491 82334
33663 72766
1791 63492
14016 20840
11567 77759
80536 85453
29508 42415
32617 76378
9849 79016
48067 69036
73949 90056
5465 40000
84093 84655
4353 57982
28545 56778
2384 18860
64065 77641
4470 60376
54798 89375
53870 68877
3174 27715
6627 68549
25878 74042
31967 68986
23168 38444
50163 59912
52105 72655
30027 85892
80000 86889
18111 33385
37714 54492
8160 45614
8394 47211
33040 41500
56765 61579
34005 62390
51658 87889
2064 41424
88690 90344
13973 52072
18287 89745
47170 74765
46241 47600
25413 39726
33651 37291
23093 71242
53414 76534
31969 39893
61060 84298
11518 38560
11774 32027
24243 69151
15315 60747
2658 19940
67595 81253
39194 53311
19777 87186
48638 77601
78546 84804
22567 30749
45996 59534
4183 26596
33421 76211
51851 54816
59806 86904
52227 68549
30863 49686
40553 71933
42167 79565
1046 66027
22466 83165
35504 75462
1184 43837
33818 89072
47415 87600
36473 50941
10608 11951
5596 66424
13100 85074
11130 22376
17899 30618
51199 55238
10755 41948
5655 11241
72208 73749
22624 35038
1507 87211
28600 61212
29854 68003
1491 30506
54394 82994
3590 43718
2608 89001
11781 58262
22776 37622
42361 75774
8839 67468
13423 75283
4177 31905
54612 84993
13779 31094
19065 39808
677 90852
45412 48601
26064 28815
35944 71587
70957 85417
36686 87553
64095 71081
16110 40609
18902 32627
9294 27914
47241 51979
17693 44458
13990 55192
38259 56109
27964 76700
2520 41296
12318 31069
62505 80828
49639 54947
36711 52392
25780 56122
12620 35688
7634 38967
78510 90715
20228 59704
12445 68008
52759 75565
15192 67069
9383 69354
37130 58716
50940 91511
16024 47973
40573 86412
21535 71563
28853 57341
61164 72212
48387 91234
3759 53046
6504 58039
59775 72284
1716 56146
21188 91550
32022 49611
35272 65438
24597 48326
29595 48345
35900 84513
70300 79192
20774 26607
6432 34486
28514 83091
26298 63742
44143 66399
19597 34506
12890 58135
20697 84302
9958 91518
63076 72387
55775 90351
45254 69845
55377 85648
15094 89683
50950 63652
24780 45961
24683 84127
17683 66062
25756 48385
30052 73040
9084 26320
20120 36827
38636 46396
17465 30141
28340 65631
40384 50965
67620 82021
1936 29284
26199 87403
16954 57501
13006 51245
15319 53964
43122 49562
7472 70501
58771 65398
23854 38713
15397 85998
41763 59124
11498 42225
27192 28186
28216 37657
48227 63260
46252 83473
72191 74510
18391 37525
53980 89016
76655 90027
51146 82930
59323 64589
5938 83783
69814 72935
56110 79023
22552 69325
54741 81320
60707 82540
23007 26430
26504 84877
7829 81025
55914 91162
34332 38503
29226 51319
40865 58566
22740 46518
27802 44010
45051 90821
67558 89111
24468 82074
6210 82845
11539 65035
19349 48630
532 10515
29936 45571
4474 64052
24142 67093
66710 85159
11953 71177
2039 20637
17796 22018
41607 47320
17003 46999
639 62374
10286 20123
40585 79740
1589 66484
49809 77405
70409 88596
56578 86974
51028 80552
3592 41596
25649 87481
13222 56719
668 68410
22006 48514
48501 82490
33940 57469
86423 89964
6560 21593
35440 55659
43537 57568
7942 69941
17296 29013
24135 60721
30004 41964
7987 11145
20172 48551
33252 73753
63627 75551
110 7114
35257 35545
73723 87218
3071 44398
17185 69364
21300 23964
22080 72095
2859 45961
55034 84362
14448 59639
13776 68914
50176 70832
43070 57934
45701 53539
77606 79051
9166 73590
22798 83460
33137 62179
56520 68983
2988 60343
62545 72404
43089 66223
22037 49450
21785 61960
6795 52769
52800 54421
58141 72324
40683 64837
11642 42415
17742 85966
33547 70395
79205 81380
68520 83093
9613 43441
21312 47306
13474 32797
5511 10844
23480 25028
55776 87269
30885 89186
78492 87694
51293 64473
34748 64315
3645 11978
12488 82494
2058 41350
54860 58171
18361 60228
1633 47540
5781 45877
44633 63206
31119 59424
70444 86715
38690 62242
6078 77751
17443 32208
12904 14883
44110 52447
23169 27845
25482 32347
63960 90224
5080 24406
23696 53992
50443 67084
29966 64011
52482 54840
46082 81174
30679 82891
26473 74353
45898 58470
47776 48281
31000 90869
69367 86633
32000 80053
5432 27377
46501 56688
62322 75914
505 1191
13450 17774
22275 74818
12404 17954
42467 86470
32971 52283
21935 87522
383 772
16620 28351
3846 83058
52562 62701
31707 43794
4140 79459
1038 62339
15897 55357
37640 51885
29405 67759
59384 83723
22203 33360
74834 90395
63069 77946
11360 36532
10617 52085
58093 60308
36387 53021
1968 70409
41494 64502
6076 50896
74895 83598
58145 77859
65214 78490
13285 30310
29370 84575
37509 90493
78532 89433
19788 50667
53053 69315
18229 85564
8508 68167
59314 63773
30429 90557
42878 90746
2253 21302
70740 72719
85690 91103
52214 72634
884 9682
72459 82669
10979 90462
2059 39468
22221 63139
53809 73993
26245 61829
2244 53863
9060 57483
1198 69317
55079 87026
58959 85733
19766 53145
70523 90421
1636 1690
19427 35330
38079 79537
24047 53701
47339 71863
50922 75369
17998 42466
48398 80323
8709 16878
19279 68250
34438 66804
63087 85160
15590 63095
37370 85138
57847 83376
65605 90874
19764 70868
30660 33922
76033 86689
40716 51501
31172 63802
24207 31925
1469 18837
1848 25759
32275 76175
13254 21921
20464 62456
32496 57057
9626 28679
35427 55842
63525 79720
25562 52899
3636 59300
26517 88709
31347 45578
2099 81199
28851 87572
7003 59653
51713 82073
4234 15364
21619 86428
85500 90366
1251 84105
19252 84110
8215 65403
18255 39602
37642 77685
3669 39869
41015 57803
4382 36183
6120 45868
49700 50046
6565 67215
69512 73114
7524 84267
67304 73424
70630 88002
63940 89962
51366 67555
60070 63810
46426 63498
41174 45183
15762 37459
1507 70246
20094 55227
43048 74106
76093 85103
1425 54751
27049 83846
71464 91259
4868 66003
54469 87610
12975 19027
79897 82059
39787 70780
69532 75416
34441 83619
37411 43404
49683 80082
39922 77252
15950 16450
44155 89631
63493 75243
27078 75436
32852 84524
19794 45867
61126 64439
18586 73075
58206 84915
21463 78831
3422 38346
22951 45709
77599 85597
48647 90816
9083 17467
61361 63898
18434 47155
35723 89973
43060 88567
21716 56975
20228 21409
32152 57048
1661 82762
496 82046
89291 91066
56744 60557
15826 39169
54778 58348
444 43819
43893 67522
25604 52086
26741 33831
27114 84595
9362 58622
8369 25604
10687 27581
22875 84039
33510 79869
40621 60624
13712 71677
8965 42107
9062 89633
21652 24503
36235 63733
81753 87617
21942 39471
1030 24916
1382 80231
71670 91036
12841 34875
44754 53824
43930 72397
74785 91566
63853 81241
161 39774
2735 74342
45064 60248
14204 60658
41667 64453
34133 63867
23504 62426
2283 81471
58609 84238
33189 62398
12203 29835
55291 58908
80232 90922
13652 78206
23969 30601
3165 20329
38032 44524
22265 71332
41208 65280
12207 26157
81311 84064
36013 55639
32097 39252
23918 83165
14488 41523
65362 74874
7124 46489
36120 77640
54001 55490
11549 78750
37387 38979
62379 90886
64239 72794
52131 64143
113 78571
7927 40357
13049 33027
18537 44787
70089 81959
5968 47227
9832 23856
24652 25307
45059 51045
6640 45463
10242 32056
55033 58984
18270 75861
39269 63984
34911 63867
15675 79471
42897 42971
53021 65370
5478 40605
28237 39212
12957 68510
52543 61677
39503 68284
75364 82894
54815 77939
83869 90863
11146 81882
38373 63710
18714 53144
44971 82992
29283 56426
67883 82350
23877 77846
38564 51185
46017 53047
51333 55308
1463 14054
31830 43425
26491 30087
65259 85132
28868 81869
37627 41285
16363 91420
55281 78028
24299 67293
12030 51843
26648 55088
12956 34174
4536 84963
3774 7758
13515 72505
27207 78445
32277 66193
1178 29030
37613 52307
20633 86498
35250 77437
17666 19905
72849 83693
53357 76329
34641 74518
4207 60124
7217 67995
39097 68671
22356 40778
45067 64163
1393 61661
29824 30331
26605 46576
1424 31701
4654 29598
54440 67165
40836 53666
46341 73346
11572 16257
59686 70224
3994 57926
3925 60818
26446 90432
24552 39125
22926 88230
6681 79172
9768 56995
39581 77842
51404 87261
32319 44912
80891 86431
24631 72875
38036 67318
20582 50541
1921 86525
18557 29474
36710 64679
27085 53966
61364 79128
66699 88625
27167 30179
16637 82157
4497 64053
20328 61089
40041 49996
854 71739
624 37785
41934 90146
26399 71497
22805 32358
63929 78021
15892 32547
37104 68188
724 43735
14760 48292
54100 54958
26239 65529
58289 82130
19476 85122
50009 70783
13905 60453
22969 47061
18597 85193
14997 50914
18632 88008
77881 80648
79176 91655
19942 90668
34252 52233
28181 86736
4653 26376
14759 37398
16871 26471
5423 34789
31519 87530
24576 38492
63069 78695
18651 81951
32814 57979
29236 35973
42704 71103
48798 74349
18113 88070
24832 39021
29876 69301
60554 68002
62749 64641
2399 84787
18180 87393
13189 13814
48850 60916
52883 58810
1954 84366
76745 81484
9162 42154
22796 79241
33899 53710
4382 89522
16166 56599
73696 89111
51715 68459
12798 59035
10967 70953
63504 76787
629 87403
9699 90054
22311 83529
769 11425
24381 61296
54447 76532
2328 48913
51693 55805
31449 91611
43639 64458
30559 70870
13048 77941
47082 88727
9906 37002
2942 46742
28048 43950
25152 49847
11914 70433
47771 51706
56821 72033
35449 71969
41740 87105
20920 39027
40694 43457
19567 91660
2580 71239
10497 30968
13215 64773
28704 33277
529 9257
64768 73357
80321 84712
64694 66284
2084 58791
20097 39367
16599 72546
22006 74133
60482 66076
13952 23379
15642 29591
56195 68633
37782 54087
30146 76886
74620 78061
61918 66640
9719 44990
117 51657
26 64055
1336 38518
4673 28767
605 41192
19313 31982
3192 88907
3790 29068
39951 89870
2406 65539
45324 83009
33143 49787
16076 69777
5896 44310
83486 87919
54157 80556
5716 30943
83515 89947
11410 66720
21198 31251
33421 63985
17612 53584
13512 62355
26157 51140
10046 31220
51902 91184
5141 54536
46616 48869
24152 30982
24989 78333
37788 39917
18262 34481
11754 21774
49587 90274
34836 87899
14891 23905
16351 18125
22233 34125
10793 61709
25064 52862
6981 17735
17867 28906
53015 90558
54183 65324
1093 7337
24407 43613
47583 59067
20734 74207
58392 84868
34693 51729
14301 60047
27601 58350
41241 66712
83285 91660
32460 68913
5829 17193
31673 63639
52920 71571
20040 64962
10782 40649
39733 68967
59398 90684
83071 87502
18724 87016
17346 44380
48423 49649
63730 73093
41292 72596
30435 61737
18887 87976
5485 29113
31306 38567
36191 61978
38492 58732
13296 72420
20894 42546
10164 79544
33621 76772
39560 86293
30495 64611
7 62876
41401 66047
18055 63284
7619 31822
17367 60180
4152 76467
49035 58898
62548 88033
18314 60063
27756 44679
35133 86959
13448 13982
66767 80933
29285 30765
45551 62466
53875 80510
49191 82746
26336 75596
2433 40910
58122 90015
34525 54009
17802 86503
39577 46693
43594 89303
7326 30680
53884 63292
2406 33096
47714 69774
30411 46777
42556 80991
13509 45023
29308 53967
31414 75756
11823 12077
71597 76584
27323 63344
7622 74447
2660 77562
6730 20289
46581 85167
47591 67201
14970 36989
3884 58211
18801 30386
529 62913
29254 72949
70656 88834
21298 23005
11214 76841
12905 67309
54366 54933
7278 8689
32228 66406
17062 69734
63297 84659
82300 85172
46287 90636
13196 53111
67869 70609
52933 79840
21651 61881
32740 54463
79269 89214
44458 70054
30707 63175
40462 79913
58424 77895
3539 45165
47136 51985
66820 76793
80522 83041
6906 75034
4182 65115
8955 73723
20662 66338
10699 11590
22524 50028
22681 32071
23943 47397
9795 51628
71669 81203
53939 81714
33780 77986
26350 49901
22387 59157
5376 31714
6488 45108
20568 59312
34114 53913
68588 86486
10641 12785
37912 73828
45215 62830
49521 63403
3005 26577
53394 64730
32537 46627
26387 50724
49230 87936
17545 27387
15877 51700
31425 60053
32309 90546
1049 69472
35368 89814
7312 32813
6396 35486
10934 39321
8705 83711
36562 40743
36891 38655
45491 76025
4270 91100
19631 63227
18276 20413
87061 90290
40832 78716
38549 48875
27203 72182
66101 71424
2440 74093
441 23922
9810 28135
40543 87027
40164 54399
16811 29913
48814 89415
54835 72462
32825 48482
15337 52305
1974 57740
5958 8579
50050 75087
15137 60125
53921 80261
5524 28573
7449 28100
41787 51150
16747 69405
30617 68478
16468 84159
1501 45948
46055 81132
24632 25391
43188 73683
14688 90429
79926 85964
41893 59866
3433 12028
6195 66170
7124 42704
70568 74946
24289 80680
15642 42384
48438 67703
22447 27543
20553 37635
33071 46650
11295 90476
24532 44620
22792 60025
14214 34218
19681 41839
45210 72026
4013 8717
74413 88557
52114 54433
8916 60736
5169 86002
42427 60406
21231 53382
22633 90611
38627 62744
53229 54504
43779 61722
36643 57898
50092 54665
7327 65988
9947 15725
63306 74584
72830 78629
40091 78383
10894 34055
76180 80307
43925 56199
26427 37761
10886 28530
35725 47528
38190 40121
31660 79700
41240 85148
74688 80396
23057 35658
38778 40761
84936 89930
6355 31114
15818 73508
78704 88365
531 31994
21458 41742
7254 84374
18839 64668
16927 80683
38188 80402
14039 70571
57251 76500
44178 70360
8669 26106
30738 35923
329 67723
28307 68650
58845 75400
86599 89155
5595 37776
43436 51379
15488 86316
23050 58466
10924 42602
11009 81790
59800 62614
11644 28788
28523 54593
34373 66458
20760 20917
58794 71401
8594 59058
60807 90576
75988 76677
7103 86768
15704 21421
38744 91169
15579 62309
24258 87701
24621 74289
53061 73928
29251 79315
26394 38672
14083 27218
62883 75255
1547 11704
37584 38060
16531 22031
25589 34997
4336 9621
27267 77039
23809 80216
37450 75291
20677 83910
1698 3234
4282 23354
8523 50569
72207 78613
29186 65377
15934 88838
53876 83339
11315 63616
11084 80683
5358 77717
66414 85403
60472 72065
26289 73962
24195 67483
12217 86185
7966 16477
55864 55879
33697 61373
41907 88067
31810 85883
54593 90530
14348 35717
53047 58798
82210 90432
22302 31521
15297 69230
49000 68401
15761 42267
28410 68739
38597 71567
25852 71965
38315 49931
24367 31241
23047 63705
67139 78168
1999 45921
21116 29959
27990 54752
47661 87615
44110 73079
25464 52129
61458 79001
25155 36378
5435 62513
19352 38055
9824 16761
29262 30011
24772 89942
12215 20624
19032 76944
61433 72095
58068 76737
24918 47601
71546 89519
1780 47668
18803 33814
10058 44251
24418 43438
63897 70852
36256 49944
30991 89759
82095 88167
54064 55544
4501 43986
28253 61107
9524 58693
32279 65290
68227 85808
46743 85313
46046 62405
57847 79425
48517 87157
7924 75889
43125 70849
17545 44618
59978 63580
37508 91195
7035 25334
61848 64117
15239 86861
45300 51103
28782 35121
47290 67592
16240 19802
60596 63684
8612 84329
44883 46744
1446 69423
61803 74357
80144 84106
8040 87540
76664 88751
37131 59506
13199 59243
10964 88665
21495 79136
47650 75900
2330 6494
75282 88706
18840 19179
5957 74603
8723 41706
35106 45466
36966 66931
15297 36803
85202 91201
50710 52217
56834 69563
79966 82243
4262 69994
30517 37449
37483 51447
19267 84477
70847 80293
62254 71191
28320 80857
10596 78351
36925 72698
8963 90087
28347 77229
2135 90376
6985 46307
3468 51750
20891 74678
16436 43029
35842 80087
18110 28257
6600 26633
59035 70536
33880 71132
24318 41172
35686 80480
18575 32506
33712 53151
70924 76227
20207 42040
5657 7710
10590 23884
69908 90270
8112 67732
6193 56632
23599 51982
610 16776
34022 43440
42274 83778
26465 74222
7646 91229
31738 75947
55398 75840
6464 27895
40421 64656
54585 71349
45727 51356
1477 64284
8092 73151
11400 49793
12191 22847
7710 63320
40458 89443
22453 91647
53054 56162
21827 87666
36191 39346
54554 61225
34967 63936
1331 45226
13845 52208
42951 65201
11736 62898
17871 87493
5266 27361
5973 84274
15842 52990
25709 38550
24827 32447
37216 69917
35448 39452
13497 25054
30102 72192
54056 72055
712 65551
15457 57086
75014 79068
3542 6989
11530 66527
13067 56390
10549 33199
27187 64528
23055 85198
65120 82002
25906 43395
12728 41564
13915 77868
28718 79014
28491 40431
6539 41432
49066 80654
30339 51293
75665 91645
2989 74742
13638 63712
15594 64154
8566 55473
50292 52444
8212 37260
14291 59852
18876 21033
14521 50005
65603 90250
20692 22058
3750 25661
3920 57188
23302 41526
45197 61641
14518 55684
9960 78397
14959 54979
34431 54871
14835 24191
6369 47176
10455 69453
49953 75379
19755 53057
10304 44469
7282 34924
41009 50917
5901 56011
11580 83633
37646 56805
14985 78554
19172 26054
45093 75232
24512 56698
20983 85602
17071 51323
35557 65281
70088 79109
53129 68503
49373 55482
18304 91280
35294 37074
35236 86056
64473 65814
62976 66409
41574 51775
12522 51263
39379 90488
52695 59569
56774 90914
11480 64236
33245 78366
35957 39484
20642 27434
69090 84472
19606 37217
40786 77801
27633 75253
415 16216
3229 86382
8167 52222
75805 83502
72812 81640
48739 75085
14067 46554
24900 89810
20200 36018
26492 75034
7510 51998
28448 33400
43323 59421
28433 49506
30396 39946
56683 74190
65599 85986
56959 88890
42235 52145
52948 62861
7691 81887
6962 75287
5047 22488
1287 26618
9222 29362
53342 79893
27597 75539
75480 88498
41403 89538
17312 28808
15156 52167
35120 89808
2081 86454
59419 72922
21786 83389
18220 41550
6862 60698
17387 61883
8708 38785
17744 41380
45491 72089
57967 87293
31529 66549
19657 57870
7924 45103
56530 89185
31712 58312
21531 75372
33481 48075
1675 44585
56 8491
34969 76289
48619 77868
31209 75451
46003 60413
10778 29793
76613 84834
18758 19396
33250 65141
34397 88028
45398 90625
36043 60736
18405 29925
46867 70133
26918 34218
1540 83434
1303 17918
15923 88104
46028 51292
65101 67744
36853 44792
15118 21917
16298 72322
44703 64503
36684 66948
58873 84933
23890 75242
57005 90740
10795 27001
7159 64782
72959 83464
19771 87419
21865 45300
55512 66598
52524 66204
13407 79597
9692 51854
49164 71731
9299 87153
9820 13333
53067 57316
48854 74742
43205 68124
16192 38978
40307 47508
1310 14419
18931 79168
12711 25116
8322 57919
24580 32250
67502 79983
7068 84679
10145 47435
18006 63119
20358 34768
39409 43969
12623 89883
13799 84052
31654 77938
71015 79261
60562 81612
31334 59561
54881 84323
24694 56461
31208 52803
19436 36090
872 26537
32414 44379
14616 18054
6274 48659
22303 47490
57690 78728
65546 72778
36757 58615
56800 58574
15177 88123
1893 66270
17543 88586
21221 83176
6136 80726
23075 70357
4061 69265
55917 91447
8065 66490
7198 80221
24682 47344
31478 34735
31945 89466
21037 64446
30895 73285
23644 49288
31038 78603
10842 82188
27552 59639
24255 62421
65476 90740
71692 75458
59286 63350
79335 80576
256 58486
5613 25319
18227 52277
20965 71499
11650 71848
10725 13981
20750 40975
54604 71094
3645 15065
4406 9723
38255 89417
2503 17979
53405 70726
5877 35686
35247 43454
57346 62364
42878 82026
14077 43102
81582 90465
62188 88279
29032 51184
8806 21448
6162 43657
12845 80887
57098 67531
7941 70543
39993 60645
28567 58466
50944 69633
42999 48678
32969 79481
8975 84196
31349 70478
1048 12132
69763 89865
3056 30361
30639 83082
62830 90610
40993 43050
51225 68474
15262 86084
9504 52309
22761 33183
5922 86618
14578 63532
7326 12328
47043 69441
47495 84968
9024 41864
77863 79243
835 38208
63415 76084
45816 71344
13017 37260
18724 63925
62642 68209
40752 43300
24618 79190
56629 61917
35287 68835
4221 74587
43433 74630
41849 71019
57518 88587
46355 49111
22210 63525
6393 9178
73773 86215
13614 72493
598 63306
14988 62891
22880 78741
17730 28946
7341 89441
181 23424
2502 51134
1079 6566
30696 55135
36630 83281
4147 18785
62843 87323
6696 42973
73088 80811
15465 61158
68958 91057
70993 72577
29730 42033
16659 32589
24876 66801
58245 61108
19439 40339
46271 50916
4438 75592
37367 58797
23624 29813
28222 52769
23478 43567
24716 47147
4413 15437
40883 83519
73212 89227
47222 82533
15489 68537
38972 59030
10391 83421
66154 72597
64113 89098
2249 36691
44758 80494
19439 53794
46553 70520
20104 78777
64092 69450
61205 62692
26751 62923
67929 80643
14783 72370
1465 25866
11614 87961
6733 10838
24892 42093
15701 67137
65639 79636
11128 68889
74 55494
22474 50046
58418 60087
28899 88521
71565 83599
7519 47483
42646 74171
40596 59258
2612 27098
3856 46933
80185 83398
24381 35823
1119 76070
18697 68848
30715 82769
68941 72920
1098 90718
34381 47608
37215 45948
9190 87160
20514 89972
37590 72667
34430 66049
84426 85130
51190 72684
5031 18853
7821 61451
69930 89436
10743 64295
11238 43462
17918 50774
11011 80518
13500 31239
10078 34924
51356 76261
20569 88969
38714 78611
38139 44954
16067 57256
29914 80835
42491 71982
5957 16117
41226 64900
2765 62370
12549 87943
6424 35298
25874 38699
49787 65960
68441 81986
26140 84383
35089 42197
21434 35017
45642 50707
2667 29389
26584 40663
13065 69096
12221 26986
36392 54692
86852 88740
59287 79762
14618 42435
9903 85200
38661 61448
86972 90999
630 46970
46293 77658
56542 69185
12162 49946
9262 54674
30519 69137
18144 84786
44055 68452
34860 62937
50413 53185
26595 30265
15468 86045
71881 83716
80177 88367
150 37791
56236 84658
35229 83782
16056 52492
58383 81201
33207 42555
52273 89894
9604 43917
29958 43448
57028 67431
18892 29003
18159 88223
73740 79640
38119 77093
48999 90960
16495 67260
58637 59392
43416 57263
38636 87214
77646 81674
59993 60945
5858 25420
16559 64796
4662 41311
34177 51162
5493 70194
1728 37678
5731 53139
10996 26781
1395 42941
25204 33534
35719 80042
18864 56109
65570 87791
29131 48154
37145 58249
25893 89737
63365 77172
12167 73025
39918 50945
30222 41496
40604 82917
25601 91338
631 28438
20813 57313
35522 81812
21447 55743
81463 90104
34049 43022
14451 25160
63490 68159
34312 69403
15558 59616
68608 85019
18283 73028
13723 78982
11461 57127
45040 77407
42216 63490
28015 68406
1490 69891
6128 51440
20462 83319
21445 61387
15058 84811
31972 59316
14177 44593
27739 86721
34090 60603
3563 52985
24180 35865
29395 39940
1641 3094
1172 21234
80536 84673
12603 87760
42895 47158
39905 88171
32871 73244
23948 28071
12023 79684
26114 83821
19049 31089
52541 74297
33676 64984
70323 71440
2017 56675
41834 66312
44641 69995
17057 83552
54582 73883
19015 27209
11399 80875
40691 91081
35602 43514
31542 89714
33719 48840
11931 56881
45267 67440
3265 69572
14830 24399
10936 20386
22974 75358
33712 62907
1420 4794
63267 87109
3787 6809
11866 13939
40386 61864
2908 50324
11403 21389
11566 25874
12344 72988
6264 69311
32798 50228
15520 87170
65167 86179
12170 81355
29964 57006
40376 76791
5358 59080
74018 77578
29663 65159
34229 43957
9978 23020
1850 25115
22608 53396
24820 70191
16816 40802
46204 64955
10509 79181
7363 9473
49335 83376
37123 91611
15863 19682
35717 86689
7426 18055
87325 90567
32907 35608
13936 63663
56795 61843
23432 77559
73758 84255
32943 37962
12032 12552
12522 37316
2991 75757
20907 23065
9461 12419
22558 76026
24607 82361
58436 78028
56525 83840
11733 62831
50527 70416
69542 73842
56785 65136
25114 36680
65173 68795
7569 51459
8058 43132
14270 75389
40309 70485
39936 71620
18122 85432
22787 55576
12486 78424
26559 90298
4510 19991
7428 36916
18749 43669
32023 53412
2142 11919
27797 77459
41226 52105
31219 60523
38010 77074
35347 42090
54624 76430
10491 48628
49059 55949
5358 58841
46067 54298
8057 62283
35237 76203
58472 73409
10300 52531
20822 70095
35889 86107
33219 67308
35104 39598
19004 61009
28905 90525
25105 59660
25425 70707
16883 44119
48971 56350
33370 56917
9258 31936
15884 67003
27670 70433
6572 85846
5840 90685
7386 35521
17383 48372
47338 74929
22967 81107
68989 83583
48119 56337
2237 7178
43947 58833
13585 53382
947 37981
41063 67353
13783 55650
6856 20039
14016 29958
65292 71883
56099 77048
38551 68389
34570 45610
50543 55974
13548 48493
7998 71755
5407 20452
53654 69532
56069 84951
64922 71136
15846 28834
9006 77923
52034 79125
32039 65959
32045 39157
1505 64836
911 80508
70685 88319
150 23719
51559 66859
7172 78904
11671 85565
27331 77306
42115 54408
41784 57519
24008 78739
1881 80652
7209 62625
42123 85531
15850 49046
21217 75454
34199 35148
30537 55112
40427 67379
79362 84175
44168 48545
16877 62152
51274 67235
32640 36720
43165 70653
32752 39646
41050 78113
13815 21265
6422 12077
50225 60025
43601 66420
54788 65576
30127 70300
103 51183
12132 23731
14809 60172
63286 70700
74751 79739
7120 73513
6099 74408
896 33471
6853 53463
9487 61381
52961 57651
595 48590
28486 75670
19254 72007
39133 68104
26752 67277
24129 25565
9926 41168
11471 67421
14386 16547
23112 63150
22551 78066
621 73021
16980 40162
70040 77916
1576 28839
71669 87000
65709 74813
10264 71433
22045 81442
83395 86050
20275 83250
41128 89164
1968 33179
34352 35424
28537 47504
47010 70434
4726 11382
7704 52914
73689 75407
38142 68936
31739 43289
51638 51811
29540 54411
49094 70389
16746 58958
7601 17575
68003 81107
54699 79033
25229 61052
84558 86816
52130 69935
34771 49111
2814 89347
922 34599
21772 25086
8331 66630
71887 87117
40934 72562
47853 90413
27411 62672
55245 79226
56525 70001
8798 29574
24846 56503
74013 86319
35733 90252
37930 57745
18841 63710
43504 65212
45969 83292
62267 73017
53762 79820
53841 75561
36362 59389
28411 54002
51649 57587
10852 64214
3415 81156
2382 45414
25512 61333
60938 90149
44826 91196
47948 58798
21471 63421
67402 74169
40172 83163
10289 12840
22191 61325
53559 66972
2626 40597
63756 91144
5589 17251
19133 54886
29426 59775
57883 66803
45975 71492
39162 69262
33778 88421
33501 71909
2763 59958
12814 49272
10317 79683
66065 80743
9808 29169
9817 84712
21507 24297
64839 76309
507 82076
33550 50005
10381 38729
39082 83955
59184 83493
1954 71535
52716 53376
1103 75329
1607 20892
36030 56011
11914 90597
37153 70750
55531 66041
29469 40590
24298 25866
35442 74254
64017 91312
28156 68222
12466 79124
88250 90735
31066 34519
17072 21006
30891 77440
41147 86724
89392 90122
44557 48047
1572 85514
19725 32894
15438 22485
37234 68967
56524 73587
55179 80152
25315 76870
74376 81488
11995 64755
29018 33160
30604 68167
19714 49185
22227 78232
16082 48888
7575 74300
9636 28634
12992 32206
30309 80833
50448 62043
68973 76496
9981 49812
18469 90140
30246 74704
10648 54802
45814 70826
48569 52243
36484 49796
16926 64403
3280 16684
11917 39504
18587 27342
15304 70684
53357 77348
55396 60577
20038 64807
8852 36053
10917 26101
37412 88338
41551 70620
48614 53272
10183 73958
88922 88989
2966 63244
37056 90103
46969 53270
77954 89506
2224 40686
3305 68948
30983 79492
14311 88071
63632 78290
32050 62326
289 44889
9903 82726
75576 79099
36343 77575
31013 31890
14273 71937
60552 83073
77255 77323
16320 45474
1865 51356
11256 63522
5939 82870
10576 77573
5848 82566
33175 68792
2107 30993
15476 76428
5844 46889
5430 13534
13 22558
46836 54085
25485 33307
15513 35888
5329 68927
65350 74797
3875 3935
53283 70553
43708 77841
33558 36566
38632 64966
67613 79361
14137 31586
25754 82283
9737 75615
57397 71896
50430 80469
12679 79260
2791 8044
50410 91098
139 13927
553 14007
24707 85113
10930 17328
30239 85500
35438 65631
3873 38440
4028 39858
13234 80069
32564 41423
61108 64162
38830 61609
7046 74566
22626 61319
51810 67863
23774 69579
42466 75279
29783 45621
68765 71734
23722 38358
14757 20928
28554 73027
67619 83970
119 8263
9986 51547
41963 52980
28693 35042
52184 58999
15077 79376
56023 75361
290 62094
64607 86866
34875 50878
55617 78757
4742 64055
2348 14963
6033 68548
360 9120
40560 52799
41834 61557
24837 40155
37787 77297
15377 39865
10887 80170
5422 9989
9280 73288
24102 73773
18056 41857
43421 55002
1784 89632
16244 32160
19476 55780
41320 75464
1786 16608
33243 56282
38232 81120
21146 58577
11672 34366
44636 77610
51665 57503
17438 58254
5006 41053
18376 84335
38255 79303
6625 31207
35075 54168
30242 52400
68071 70305
6337 55754
58381 72085
1805 25034
11846 79323
988 88785
52348 85892
28355 67335
54275 74586
1352 74763
44183 69442
3505 58381
10533 14314
98 62619
65032 65136
88381 89714
44853 62200
34382 88482
6654 62715
4693 58330
19663 57470
30367 71627
40140 80232
10039 91299
47927 53085
74079 75766
11145 79749
36908 37215
64861 77617
19460 69793
53093 54293
67350 81110
6737 29231
7868 77726
4257 74482
30258 83095
51953 65349
51452 75035
9671 32607
16648 81975
64054 89653
22876 59822
28400 57088
23797 51220
8437 28151
64914 82405
47502 60843
5983 21292
46513 50564
68440 78403
4687 82268
31583 33862
37276 38122
47064 57524
47572 58657
12183 31626
7753 19078
31036 57656
60239 90518
16578 71448
25035 87542
61065 79709
40358 77615
41589 71307
8115 74360
21939 28944
46527 47694
25601 66732
3975 27300
5856 71701
69658 81900
19771 44577
29388 61574
69060 79656
13989 22920
3212 85739
31974 70393
20027 64709
6985 80620
57371 61122
9264 13682
64241 91138
5494 15508
7118 21621
46652 73263
14389 57259
72280 86571
68472 71099
22558 53601
4496 53408
9586 35407
64788 87242
38489 51284
60104 89335
14275 52197
2006 51417
37483 76228
15126 79566
25294 27841
65325 90190
7555 17321
47080 50813
8225 43562
11654 41706
17136 35854
52943 81622
1772 53790
33198 66450
26966 56987
25296 57479
48342 62868
39628 81828
18616 91634
45132 60977
45962 57761
42221 57478
1714 47651
1 19013
17088 59027
14905 79882
328 22207
41833 84788
37647 54884
46210 66470
57119 75867
2896 64166
11825 25434
8972 9771
28663 86729
29899 85960
9200 79958
7763 69398
10338 76780
19540 57512
37255 83739
43008 72327
17751 43931
66613 83309
7405 76362
66136 67608
35425 35583
48259 60908
63407 66469
31238 76268
44561 61327
20167 90579
55188 64823
52334 71782
58025 83237
47964 81360
37129 90253
50036 79101
74210 77763
18919 59957
15363 53387
1680 69864
65270 75300
11341 39117
25063 27637
56265 79298
1503 67138
39994 84784
24200 32174
821 1662
32554 70816
41598 44851
16978 67988
55430 69578
42123 65918
62760 91376
10903 38413
28572 77441
40995 72168
74465 84139
33372 45587
17894 69274
38515 61838
8774 74466
9547 15002
13290 91452
53383 55439
22875 26655
18156 71673
8649 20975
32854 51819
42862 53297
48524 63358
40575 80262
76526 86499
27590 40632
1255 44499
11648 57791
1333 54224
61241 85030
43318 70546
5312 91297
4805 47371
55805 62020
6091 89416
39970 58894
12978 64035
1611 9073
35237 86322
16206 63020
62716 85967
56725 88771
53553 68016
43976 79449
54569 84332
681 8128
73259 90651
13601 81053
25164 73236
1121 13273
55581 80652
81057 86576
14876 75086
17999 90326
32203 70430
63656 78268
60346 71490
13618 56530
13268 77788
38776 57142
20509 43494
35789 45111
28071 50813
33297 66663
68874 74821
18749 91487
9374 24291
30809 45096
10419 77017
34880 74692
72725 75050
17811 70889
1291 82983
14445 17092
1672 60593
149 84362
10144 22539
50838 53119
4362 50441
43514 67613
14521 55568
39437 73554
52612 54414
56286 83797
6582 84889
2587 53552
50207 69562
41396 63351
29578 35725
5226 37038
45545 47890
36149 58174
32835 33868
1059 74156
32065 50794
24150 43594
7088 10592
18843 59896
33408 52424
13991 50259
78375 84918
71790 86457
34613 51851
34778 44189
14841 90075
24105 59208
22682 30644
42289 44541
44576 60056
51237 56096
1359 62334
30273 39026
58810 66855
5327 85098
42518 81569
50613 51018
40103 66283
27852 41667
31888 48967
8610 80734
53412 60375
5472 64599
1767 89744
15408 82010
22903 46138
11678 91319
15501 58688
25221 75566
43729 78267
15793 24825
5451 34707
39478 63337
8357 37265
63581 84082
8064 82350
13059 81910
27474 33959
14401 67036
5224 57988
9871 73184
14210 74487
28995 90792
957 16336
30890 71865
6068 33887
71582 87488
48398 85450
13232 13645
5845 60056
41719 91102
17221 51380
20733 54706
32932 80478
2468 4974
30131 79206
19162 84819
339 6334
35362 49851
13431 83899
69703 80543
45367 86662
29973 83679
12693 29422
9763 58233
50739 68076
18739 63490
44132 63763
15067 85831
50937 63787
33522 73503
22124 65379
32622 72230
50986 71732
77210 79110
34022 46237
36878 78218
19785 38810
59617 70117
27876 56553
37184 86977
8623 61302
44658 74787
22398 48982
10355 16650
7548 67063
49847 79788
20483 54175
83742 90815
22452 41926
16716 39274
23432 40188
42769 80834
7953 32987
34950 36123
9446 67930
17397 20760
7158 46873
33023 37192
75000 80139
13908 65752
33951 74702
27226 30696
44675 74508
22461 27459
11821 33053
74734 83271
7598 38326
73454 75820
7992 53468
467 59283
19743 75999
39645 53943
38084 55276
10532 74670
1970 10286
947 36248
60514 74966
50088 81322
46347 56025
41429 61605
43277 59089
45062 53105
32666 46684
23388 78182
39722 70862
7313 59222
20107 67974
28243 48307
62273 88632
19602 61872
34408 90644
6934 7468
34780 70726
20662 73807
52934 86447
3005 20477
25816 34142
54638 88749
8011 73257
67893 71778
7940 59385
60218 78076
5501 48111
39553 46306
2003 23536
57614 61674
59916 88178
37484 65274
38460 88757
2360 68750
26694 87582
8718 30883
4789 46605
76099 86352
19949 63480
32152 58340
26880 30957
57847 81368
21222 70961
55090 86101
53604 65632
8372 9841
10706 45648
20745 74236
17685 21101
6150 91481
70493 71761
12561 13389
2579 22400
26960 88907
67348 70480
17582 17880
42 72180
25478 80049
24809 31552
44912 67134
33686 55007
18716 72527
979 2579
73187 86709
42911 86716
22008 74641
71734 71760
13537 58386
6226 36635
40929 87409
26131 67381
30741 32987
54202 81828
57190 65813
25061 84926
9742 57175
20423 27652
58036 88495
24229 33208
9631 46518
54932 84516
28862 75900
85964 89993
81805 86976
17683 43856
24688 52078
36912 81380
32335 47368
25684 77310
27107 78281
9898 45697
1219 2361
37014 90778
6649 89703
28570 41690
740 14603
1158 65779
24651 91546
55951 71414
40422 74658
6315 39946
25073 31132
4965 67128
38555 67702
18969 32215
81935 87771
5062 14940
62068 74377
38605 70385
3443 10119
61628 89656
18028 19833
71053 84030
19613 78563
10112 74804
17000 26665
8500 60318
10960 35928
38809 91299
3492 25973
1522 18541
61641 62189
44477 45293
9915 78348
85118 89159
31483 87622
14978 29925
23029 24512
39252 58481
65995 81674
12485 70915
43747 83863
14438 28186
25766 44012
758 71823
34030 72660
3183 38160
6765 33760
28854 75892
43825 59788
42512 62660
88266 90658
59790 73459
30181 89662
16678 87590
34476 74756
35768 81406
20381 65993
19174 59592
6705 66256
31852 87611
33149 61865
45411 86262
36135 36485
5335 53295
28951 29819
1557 22596
37572 73599
23952 57543
33897 61912
10105 27508
31042 83620
39001 54205
56611 84039
37246 38475
76730 90225
15875 61816
12006 58814
27539 85876
39442 89137
17242 63225
3530 42315
72322 81550
58029 75217
63053 91197
67570 84532
12697 52148
82393 90715
28185 52748
73729 88596
11308 39314
18351 74579
21193 35496
59969 65720
5065 46189
10720 36782
56637 76278
71672 78132
36155 80710
63939 64032
32832 38767
31149 37827
14913 60967
27493 45320
26273 52480
49523 68308
66314 80656
77653 91458
27613 75765
18231 71488
22528 65331
72388 91019
1178 84629
53422 63785
5853 32958
7014 51602
3689 64596
61264 91260
56846 71773
15560 53395
5819 91217
43701 58096
57072 66109
33440 43107
69968 75189
7386 17456
34436 79928
27250 75221
31258 39472
35980 54310
1925 66793
25369 47345
18392 19046
14180 39716
89327 89955
36589 86628
43849 69329
6819 25750
5513 47353
17323 71334
5167 20387
40066 68970
25425 64103
80256 80428
42396 59843
42814 74857
429 9194
32838 69452
50018 53795
8046 67177
18438 86736
73942 76690
62433 68377
46633 59966
48016 68655
38974 76081
73775 89330
58880 75067
8222 10040
670 17639
7969 60856
26446 89367
31784 66188
14882 24818
50650 70202
30370 55295
26079 66839
17727 38555
82037 87000
57586 77549
1896 28483
17044 87554
58248 59061
46216 82423
9893 37594
9908 46213
77310 79808
4436 26974
38443 39251
54464 67376
28340 67334
19461 87769
30307 62517
5631 50591
13190 21567
56574 91152
31086 83414
4114 29599
272 6029
17716 58666
13500 83137
55523 58311
26249 73650
33454 46216
34214 54469
398 81523
29790 90815
2075 84530
62571 87719
36578 65926
5360 62554
19485 62674
5976 41215
6844 84115
50401 61737
1537 60930
19566 88881
75125 79929
69966 76916
53592 75332
10826 83399
61366 68166
17499 66197
16570 54066
55305 59174
20620 39091
27804 39638
29523 69489
67511 75088
27908 77470
64930 73214
2515 41254
19170 66570
6856 61906
34477 85289
75828 83571
24500 36947
1057 80140
38810 88613
53792 67970
31275 57803
27197 72340
54105 81710
57335 72461
46064 65643
30963 69232
26021 68038
18883 54269
429 2655
21151 45224
61559 80313
1125 77801
52536 90295
992 87742
34767 49042
20885 39377
38224 60129
33712 45090
72489 89689
36773 40702
35640 60333
22238 35480
29869 45407
7841 78734
35321 83033
36744 42485
30146 84943
65770 76558
60037 63204
15868 63236
23067 46142
39604 81727
59441 82493
3736 69955
86587 87711
37560 90811
10781 76215
40940 72218
87298 90482
46529 56736
56227 68108
16908 49294
8834 37708
10016 29932
18009 79595
74735 80714
19760 91604
16979 44942
12748 35296
58155 67253
17441 63442
31942 62959
6777 89238
37799 41042
28326 45985
19027 52025
13055 16997
40512 72145
31252 69581
7358 55177
15476 65279
24737 67706
9991 74458
51693 86424
45413 77787
30210 74852
32516 90354
16283 18257
9476 60500
18782 46587
4467 49840
39408 61157
35367 82338
38396 48709
51354 57845
27532 37140
58703 71937
56654 63345
220 78680
62826 76049
3576 44416
39294 81165
17148 67483
78219 79872
6686 35124
33367 48872
32001 88620
32927 38255
56564 71630
9443 10757
43254 51040
15383 39058
48305 82114
39742 61869
43933 53838
19098 65853
26778 36176
25448 37230
49121 71303
2203 65370
7973 48905
59292 68160
5731 38419
13756 37869
13269 37912
926 21863
50974 76935
59279 73272
31690 88671
34717 41454
60475 80774
72967 90992
21581 87670
13128 17857
45819 52748
31248 43300
44527 45489
35617 71487
58756 87183
38469 43367
30473 57025
45304 75025
20939 37680
12883 18301
43491 45198
24668 59464
57603 64951
27965 75883
27659 44797
43237 65778
63718 79881
54810 85844
16602 80684
4604 11498
27312 74763
34568 72201
45241 60785
6436 9508
5646 31103
72725 88829
26888 58557
30832 37362
4198 48267
60467 83526
45785 73548
12732 43711
4774 80114
29906 52548
275 48067
43739 88513
83129 87971
26390 77992
1686 83033
25600 64347
2891 9790
64946 70267
71418 85160
21604 25456
39964 43480
62706 76070
13583 78010
42334 55033
24031 76020
35516 70317
50555 87166
6008 63376
15064 28823
6603 14427
7655 21283
5895 26007
86984 90311
41322 89209
50939 57845
68271 76922
12995 55664
68965 69403
30254 83285
65025 70048
25010 53468
56494 58995
32732 44041
51886 65860
90131 91398
11447 50748
40404 65489
56753 75775
40862 56501
34498 85115
5205 86413
66528 87351
59171 71951
10116 67602
4382 48145
3184 53342
29470 49914
32661 65233
58748 71575
40689 88954
5290 65164
54426 88697
12369 69455
23604 66464
15216 39834
78898 81200
51069 88164
43807 65108
43986 46238
14787 15295
22719 55062
43417 79214
372 19956
15839 50666
22554 76068
56207 71401
6892 30082
16338 50588
1472 9376
43214 56047
68213 84073
36698 49693
5897 42281
11806 83202
5077 10048
14919 41898
3881 8560
18001 40746
2123 47354
20563 77955
35486 81479
11636 44454
19397 60758
4190 19752
67355 73389
2515 28571
54016 67528
25039 26064
20616 27898
12682 74197
17380 37420
46095 82762
7898 52977
59322 61570
15993 74465
17507 25637
69260 80866
28045 40082
26014 44043
10622 64808
46292 83248
1144 10251
13545 49591
39518 66020
52174 55814
21025 62125
28354 32867
20704 41496
29800 87428
5171 15462
29674 38358
11935 40694
13820 63895
53264 79959
6415 45802
19855 69629
3960 68784
2396 61160
28041 67435
3059 32184
62694 70464
80637 83339
23493 86964
5191 37629
35860 89988
54580 77398
38100 82948
52769 63710
24188 43991
23883 62555
40728 59193
22598 46748
79035 89898
37271 39878
9112 26572
4206 72520
67577 90251
24238 79194
81505 82861
8632 85762
6360 32970
78272 88145
31242 63993
41895 50522
14454 91179
16309 63751
26043 31625
17683 45073
25215 72545
54796 78251
21201 62463
6956 21951
56853 63691
71845 76405
32571 78827
17755 64876
66188 82448
39850 50803
834 48066
13315 79097
5083 40232
6749 39241
31720 60047
62307 75822
19852 46627
21692 66884
65283 91346
39959 49107
56988 69105
30885 57801
67681 72192
35588 66497
36529 71653
19287 53910
13575 63882
13236 69117
6850 48076
7041 18164
64560 88160
33620 90550
77410 89211
36673 64998
7337 75241
844 83551
52405 74035
31692 63645
47581 58298
72542 83527
25405 79755
2650 69283
14788 88189
27832 68427
66306 75568
9410 74613
24242 47202
26510 69198
44570 85755
26261 43809
10315 17053
5498 34575
34750 41618
27585 67272
39162 59347
80010 83523
5515 50028
38022 39502
37772 82093
40141 80047
12398 89834
59122 69216
30352 64990
61495 74665
48115 91234
29593 62017
64805 79062
41689 57731
16063 17623
19667 34027
23541 69924
10691 90041
3848 69563
57821 84583
70629 81428
29191 81252
1148 3992
12198 22528
37875 82532
80384 90160
18558 27867
41910 77252
42867 71930
23493 75832
42745 51977
12399 55553
22484 44697
54972 67465
50099 71788
34981 48385
30432 44468
45373 55237
14020 26999
34571 41506
78752 90857
43541 66945
51807 83867
33123 88661
37449 79287
44526 83165
5968 66477
11631 87855
12907 48408
40626 68227
49829 60568
30326 83103
31169 66609
7168 58183
30390 57970
9181 14817
29704 71130
53671 65401
66583 78747
33026 79428
61039 68043
661 13336
13475 61070
8214 18061
3000 38205
18987 70132
7487 15327
31774 50390
70406 72703
81393 87959
34254 78389
5328 10800
13826 78016
30347 30536
22749 58694
23653 50499
58852 85220
4999 14842
47140 83115
27612 61823
29534 54700
25734 68035
14631 48915
25430 49202
4620 59948
42944 86073
60219 72542
8927 69008
25884 77977
11302 50741
55035 69884
7765 76435
13428 13973
19579 49913
62194 74717
70102 71329
23895 61162
59050 70365
9742 55779
18116 41172
1524 54480
17428 19017
27609 38923
15694 23925
10544 17658
20176 40357
49905 72775
4355 87266
22373 49603
33535 69529
11023 20765
29724 82948
3606 87054
13351 90802
13056 37398
19974 51034
20380 56723
58602 88975
53324 77816
81880 89341
25521 66097
33838 89919
29439 38462
42866 90608
36137 57929
14089 55841
1425 44070
24373 33060
12978 88803
26088 63680
19024 86595
39001 64408
3357 81127
23237 54544
58702 74576
7366 23738
27136 65823
18576 34750
1905 49748
4722 51883
69385 75461
36439 38592
17566 56125
24682 77834
19155 61992
9394 51672
10413 86633
34338 74446
65034 91506
61067 78228
8894 13848
38704 49265
16425 68256
13994 78661
73217 77856
41277 47510
26877 91319
20812 46118
62138 66534
30143 69500
54437 68950
56012 85050
19820 34732
10562 56828
67764 86401
59725 82076
14197 82081
77602 90152
47577 89018
1935 30454
38413 54141
19467 43850
6086 89405
811 85994
5739 71056
7342 33674
83113 85786
19817 34975
16621 70677
6158 40039
19371 89780
52344 82223
33253 64832
2498 85468
57205 86082
50276 87576
14362 83298
20378 61339
1180 26497
2302 14502
33771 58146
35057 88527
84580 89087
21349 32198
60475 91098
9559 84379
14378 38929
21668 62297
74519 77768
29029 51625
33802 74864
56398 72744
21775 37726
34015 58181
30586 74313
56185 86492
25820 88620
17158 83686
39993 75166
40397 59780
25702 86702
41590 58974
29203 44252
2804 11573
40074 68957
12444 74826
11172 89172
33353 46027
21328 37024
32902 72213
24345 80431
1227 4777
14410 37952
36054 65195
12152 16066
25383 34031
11261 20849
20898 60946
87474 89464
18509 72272
21129 79044
45861 58322
17014 85360
60612 79703
8263 55272
76947 78513
4171 21161
46051 84839
6107 7096
26572 47290
32853 56597
32771 33010
13482 53351
31466 80383
33426 38053
41400 91247
34126 84678
22443 82507
41551 73315
14301 79955
34120 59151
3209 58979
37356 65375
14282 72560
39399 40410
67501 84737
30054 70752
47832 70512
19923 34719
5438 31135
2290 6818
4063 49870
16204 62407
28002 73581
10019 36751
24518 67388
4566 27664
4603 85697
16362 70532
2443 18416
5525 51824
34206 51037
27429 57923
34048 43927
26831 53332
5439 34569
17843 83863
12772 34656
37343 51493
56434 69679
11562 65437
45754 62287
26459 81017
10440 15506
28470 82665
23258 52629
18244 64285
15266 28479
9028 65188
25001 42270
15537 38281
34949 69369
34155 81652
13659 17228
10876 35067
362 54635
65346 74829
76160 89673
25788 34509
13315 21127
26853 85156
51518 68244
1551 10783
2794 87056
58067 86877
21246 86977
29621 88275
10291 91127
68737 82850
7381 62259
67104 78494
7873 14197
55053 78123
31073 79428
27262 53773
11941 45017
65485 70409
43308 71372
26815 36017
43515 57967
17500 58840
61347 63727
17313 64077
28510 44605
29916 70197
3489 57171
8654 71151
41660 86715
26739 35797
8906 87838
70839 83064
6586 26704
47379 83646
82377 83815
71054 78259
35461 61887
82430 85463
19666 61455
17440 34895
49801 84868
24829 73387
39605 58518
9120 15153
28159 39274
28526 78923
1644 44013
58640 63509
81092 87618
17814 52978
13543 76862
20490 51414
26620 90633
25814 45271
17715 62541
27602 68997
14097 87543
43903 59152
16813 73565
58295 64751
18670 43827
44791 85231
1728 25451
31058 91250
55991 62652
5853 71229
70664 81620
49679 78684
21923 89464
25959 65723
757 50785
43091 45819
67850 73810
34304 40237
67 76483
45707 58772
31045 54545
57265 61897
23721 60794
41170 69953
40388 52206
53783 58964
24500 36986
51682 70384
29808 70761
31701 52584
373 35144
17746 59496
1132 16978
32715 88210
31350 56339
52769 58406
30514 86120
51225 56540
7128 35221
51347 72996
27128 30977
5014 19757
25291 74064
44966 64558
28757 29952
6486 41897
17991 59025
40773 73838
64149 75809
4580 54291
5566 49477
28473 91633
20459 87706
844 31091
41220 63005
30500 49859
40615 73398
1826 36032
6991 23596
4373 54512
32805 85484
16850 70171
23578 84399
74797 79072
3231 30907
1197 37478
38256 87086
36734 59390
63368 76470
35922 47656
46329 78383
39347 68859
32816 56843
31076 67848
26732 31369
30803 81401
3046 45689
20485 43620
6696 42979
59794 89936
18295 85788
16503 38086
32101 70943
31516 46827
243 36463
55292 69425
43799 48832
5730 63945
21407 61843
64146 79041
16758 17068
2367 10396
21155 67079
70427 85920
11408 68005
38032 87073
7398 57766
32321 58742
31804 41083
13417 74259
56436 80650
39439 47395
87138 90509
49149 67843
61755 91579
79608 90226
42210 60526
43859 44637
55252 67470
8717 49813
65116 73888
17085 84259
48970 68371
55409 55455
31026 87143
6873 14932
63177 72627
17008 80513
1620 52363
10348 58841
15066 86878
9602 67417
30630 68792
6842 35373
40850 87915
66088 80318
89117 91326
2779 37926
30851 31899
7073 74070
47168 79362
51668 80189
40313 66831
43856 58849
59923 61656
2724 30218
1442 73027
32209 77808
38457 83340
53213 91682
60204 68933
31826 44177
10712 34864
48195 52194
9898 58794
21852 87744
1274 24356
80803 90740
44998 70152
6020 78348
35669 74315
21921 22259
71606 84556
56731 75612
50103 88459
53988 64089
44062 72137
40976 80729
73464 83823
22037 60950
7072 52806
18162 90964
54537 75645
48938 81765
9252 54165
50492 54776
26450 35211
2482 38279
59839 62653
6662 14081
46451 74569
1544 7020
5740 83987
63094 76575
20714 66405
15165 87848
8636 81991
4905 47169
20963 26832
13935 27671
60867 85435
36538 85183
31703 63052
33920 71914
12069 90421
14004 65987
61370 86883
78112 86643
31934 89906
40702 68239
56633 77086
482 74155
46439 46541
8816 18385
11794 66511
2078 49011
68737 75888
5941 67064
30181 53380
71974 87373
55319 74215
5774 64294
22222 37304
13010 16315
17088 64075
53821 81153
43444 46459
22250 59444
27660 41806
15158 89427
10019 81911
67638 85979
59088 82005
19290 40702
14321 80377
6810 52371
49094 63947
20802 86663
35412 77180
23173 77102
4708 11999
10018 78043
3360 24911
76521 80657
23741 88314
74595 77527
18748 23670
15238 61197
50432 74999
25016 32374
66892 85201
46125 75707
36980 50893
1028 3546
47733 68238
75262 87607
83238 85549
22534 33933
22472 47916
81535 89869
6040 60316
65106 71063
26590 77569
45792 53794
43962 79505
26763 66942
40672 65122
14402 41755
63936 79690
8440 57263
302 351
16531 24419
9431 18966
9081 80673
25681 37742
15914 26961
61417 64421
5258 68370
18085 58771
21820 22924
6259 24030
24535 88051
22629 63968
7973 53150
20358 87674
12136 61745
73464 90328
22897 39636
6920 58007
20436 90607
33922 69851
33806 59551
7409 9942
10005 48657
64971 73986
16895 22087
51502 84923
22886 67591
10671 24441
20392 51799
20964 80655
7380 86782
27363 78547
31850 76833
67960 75580
38516 73100
46734 58628
46353 90329
2848 39052
16775 35592
41992 77180
25790 37097
51550 51930
82408 82869
7941 18206
30359 51629
15322 71825
47580 67320
14112 37941
67752 83238
82833 83371
41034 86282
50092 75198
55 19711
34923 43763
52886 87439
41765 72931
56145 73020
28791 88361
203 24342
68028 75833
29021 45063
50520 68240
47236 51895
26533 35413
36649 59252
45933 73103
10315 38913
3019 67984
22044 66125
60534 87068
2469 69499
57349 76668
26461 39418
74343 85140
21440 42520
8530 59481
47745 51416
31186 62462
96 18561
31128 38878
37075 72975
60241 66349
60282 75829
38226 72783
36522 84477
972 74383
22125 85756
61370 70011
82144 90624
51488 71146
69396 79958
14209 70732
54378 68716
8303 23222
50838 89641
45381 71923
65870 77637
24961 41941
39467 59603
28794 56744
10908 44542
36703 59234
10697 39429
7467 21162
4255 69938
3298 61837
7785 22614
33293 64137
15329 55603
54790 62494
57503 90911
47204 54775
29606 86407
19415 86767
13825 69364
46755 71670
72657 73879
1016 70696
6134 38526
42181 58492
52712 78989
19566 75269
17026 33016
63222 63250
26322 42345
7744 60074
29585 87248
53552 59774
7506 63260
57797 64400
20466 54234
21548 41974
220 72720
31913 69106
10040 62124
22606 66593
20381 68284
80841 91058
10424 87889
59039 72492
1424 65274
38217 40545
31115 77804
23295 84119
7347 63665
23889 25199
7527 57692
12053 76193
57810 71845
61047 89729
17295 19431
4245 84774
21642 52295
45253 83944
40183 69718
684 91262
11522 47694
14984 36239
24373 26837
17717 51494
26029 79802
29476 85281
2183 40755
58925 65995
41562 88109
7553 68610
17110 86405
41197 58224
47432 54834
56368 74700
62758 87705
62560 82436
23619 63950
32396 60483
18032 65914
63871 79133
2180 8018
5136 53692
29941 60218
55535 79922
704 2175
8300 86825
32740 73682
6583 89504
14057 24133
38096 48723
49431 55399
43854 80785
36681 76370
29232 49198
3350 3354
8931 26040
46237 62363
75975 90779
37111 83452
62945 73251
47649 84775
5723 57224
7679 40047
46521 57548
5462 34213
3441 63834
39969 50407
21784 37574
16019 89617
33057 74000
46269 53290
19787 26495
18163 21713
16209 74220
15356 85616
13933 54411
48188 58333
1125 59579
38346 64492
28702 42791
8209 56113
43016 90779
35419 57755
22323 46411
56493 76852
19790 83951
59772 66881
60335 82637
31501 48923
13587 58363
43584 46024
73781 91010
49010 90996
66627 86381
47256 74463
2306 29713
19275 57071
25950 71091
25744 36737
12335 89283
50933 56657
39266 74045
79764 90948
42600 68409
5784 32681
2943 10010
55589 79555
80404 85769
5352 42263
59682 69954
13871 58198
14577 75458
17635 84363
39116 70476
19680 89347
6499 51468
13708 24435
25954 36082
52970 57450
16649 40416
38472 67244
25379 32755
22676 31712
16296 60235
25123 89191
61552 87243
26511 26683
8265 89912
38477 86869
2283 57044
75179 89807
81544 88706
16540 56134
37657 38963
61110 66153
40304 44799
79393 90990
79440 79623
32015 87460
1137 90998
30392 79241
39683 54504
9252 87551
17181 35212
24964 44152
31891 61528
34649 55819
15734 22225
20770 62965
31911 39596
22323 73518
15898 89889
54988 63035
1272 17487
9119 49226
80083 81129
44290 75980
11848 64342
5663 63672
1673 64175
4323 91446
12567 50953
69824 76074
25558 46431
24361 77430
26862 81016
56357 59781
62760 75866
57872 64167
60763 68660
26487 81766
47395 64692
22501 87473
48334 82786
80804 83636
5738 68220
27672 28106
14446 75897
19755 60571
15409 81570
50374 63704
6110 73866
8452 67448
36919 78598
6752 63743
22455 22801
9652 90540
35105 62005
31995 62924
4266 38889
1015 74341
54146 72255
12859 55691
3192 57252
32644 81931
2904 31536
63437 73801
38420 54122
8570 48083
25725 79783
1534 75991
50151 55435
12894 26946
71462 80380
36648 54303
53901 87444
73672 81395
18864 63908
35475 62979
31524 61067
52697 76085
38567 82179
75576 83654
12882 31292
80724 83631
24342 89541
67862 75523
18077 59584
63627 66434
61318 70560
65294 74818
44377 62116
5794 59447
5557 30400
8133 80001
63973 86838
10539 25817
19092 21926
39758 85759
12532 18364
11984 13252
19670 64976
15138 29359
75080 75381
29320 36932
51256 70357
29367 86460
3619 68852
63782 64213
1043 47025
11471 27442
4556 80800
48932 90490
31787 62294
50897 83166
28517 57798
1219 3406
54764 65746
8304 55851
32353 44061
12882 70812
8063 71464
16457 25724
79 46814
30930 33357
9789 86991
59348 72909
44310 51147
26715 45276
7264 90848
67221 73016
39123 56839
20356 45095
910 61119
24777 91445
13219 39979
13163 65220
22074 78566
52368 70357
61772 74550
26187 53033
11364 19425
15652 30539
19910 73712
10492 28392
38161 85579
11190 38506
52835 75053
4747 54332
27171 70297
3056 64081
35033 36921
9070 80211
62781 63936
15669 22608
13426 18997
2866 26167
2839 64850
59217 69282
30880 43210
63800 65551
24598 25281
6754 9865
52655 74622
27548 49567
23849 86940
25664 44537
31454 34202
54436 55430
1149 67659
82836 83417
37872 75525
6382 20620
43398 60701
21661 24854
36037 51049
27407 66659
43899 79486
8278 9631
29975 69435
49365 76692
29612 44774
14361 59167
654 20691
20097 60354
52706 81140
31128 68383
14507 79145
36651 62846
36102 64567
6062 8119
12533 31287
71923 91138
57091 85761
45699 84341
36897 88270
2776 42231
37791 58049
4729 50805
28246 44381
25063 67973
30375 67609
14617 56573
15840 16739
38018 89312
64628 65225
16065 50624
17208 28585
7026 32625
33068 46899
50496 66227
18186 55487
22746 70890
60606 79634
30301 52056
1581 50440
2379 23917
50561 69736
53688 59226
24641 42109
29408 73218
19862 57014
15422 70777
5371 35640
60971 88300
610 5781
6288 44034
8563 67823
30396 83581
27968 38897
25923 54281
60034 79655
13690 20034
65547 72828
70040 73914
61303 82023
36945 85670
85691 87943
21297 89204
79209 88575
23014 23418
28022 85539
56692 70181
75687 90343
39304 47420
67452 77621
35124 57730
28913 30818
63370 89101
17809 90554
27141 51043
23679 31154
31303 54764
71920 81734
20397 46050
11481 77664
19634 73700
33493 38103
19674 49408
11526 74848
8484 74013
25483 30498
52925 68529
83780 88244
65367 88790
63556 86929
23544 42245
12872 36245
14970 90449
22848 26483
5371 48479
30797 58390
76985 77135
19829 59994
55288 66607
1784 14340
20819 66205
67546 88666
5786 52290
32054 48644
8523 66207
29245 29433
10507 21796
14230 82931
55000 73289
34477 43560
66254 76833
7712 87403
7592 36467
53452 86402
2550 54307
39193 41862
49246 72627
50220 79736
74445 80136
26145 63051
40316 81416
33046 74162
18317 30591
35869 36620
51042 53218
50735 86834
52046 78133
29179 38449
10518 62133
204 42478
1179 18840
39755 80740
15171 16663
79768 83935
2849 53868
4588 54632
31569 61835
42834 85621
1345 7198
39157 80596
14552 66608
89185 91243
63184 80759
22214 59449
10757 39995
73594 86786
8457 73644
26415 29167
39505 77431
58097 60923
45815 69912
10399 61308
14267 45609
5595 58563
28223 55449
12947 72012
25243 47139
16119 53270
20650 41131
2791 83462
6030 43992
41588 65791
36471 52399
39929 91300
20638 44001
2542 4699
34225 58460
4395 32645
69181 70439
32429 52181
12792 45374
4033 50192
42814 77003
21261 43287
32367 55679
33754 86703
18989 67800
2160 3307
36514 54297
1269 85684
3362 75567
26778 91274
805 63463
47709 67002
8546 57295
25140 52046
4056 80773
55730 77040
56068 76703
10547 52228
22512 51831
12812 46812
2543 69007
45305 50237
20026 22924
19818 80130
14033 39158
41384 47441
24197 46288
27878 62099
51629 72284
28619 75209
41754 73863
24430 90046
9400 25336
28013 29356
7303 68129
2370 49237
3486 39272
1588 33684
29835 33505
5820 23763
76277 88875
32974 61949
49452 58815
16004 36410
18622 45480
70492 79124
75635 85818
30694 79369
80137 81670
13932 79830
67673 80330
10081 70666
40060 61068
69061 83805
67013 71455
80462 87861
31674 54904
5149 26804
30212 73620
2819 28309
8054 87774
34532 65843
3901 31318
19299 29551
32348 56906
62881 74820
12414 49854
11479 58641
44968 83645
69083 88368
43251 78627
26861 29323
48163 57420
2361 19891
59476 87704
38622 66953
37202 88621
15486 20141
12351 68786
52268 59625
59745 66410
74610 75539
24190 34412
6190 62007
18727 50361
78602 85420
11802 81454
32146 80399
54060 76924
72257 79629
12951 81265
5612 51674
9468 50149
46754 54345
5144 8250
56840 83907
11532 69757
85095 90793
2156 36109
38364 82778
21792 69743
5364 87383
31821 86545
54412 79281
14177 72762
32720 91535
86816 88966
3818 48106
40424 78305
45657 84403
66167 88962
1827 11919
60129 79300
16798 17317
2087 60323
73381 79335
33187 58900
20637 56810
68688 69322
29531 79093
11747 34414
28178 30576
46496 89408
46406 63442
1720 50270
21958 89981
75211 77617
31030 79727
75028 91574
24632 90438
19026 24730
9139 32978
20763 61280
28679 86130
23829 38742
21855 60537
4290 42738
27989 85242
44821 52245
1943 88353
44372 57892
54587 60797
2725 23161
34940 87059
32038 70558
37543 42346
18702 43139
16583 32410
26293 80658
36430 89840
63551 90090
18038 48499
36113 75944
30396 79794
3137 37158
78408 82726
2157 12374
2181 49126
66617 68734
11926 16919
51817 61228
40192 56919
27308 57860
79816 82820
1738 89717
25083 64360
24880 46778
41948 61303
4570 50634
54336 88759
21329 22178
31247 33493
22542 75472
21616 32116
18295 21120
34777 65475
17296 70178
11704 69767
19483 38180
72300 72929
22944 43695
10350 50544
43650 82605
73416 84829
217 81812
29561 86436
15135 49220
15073 64397
58092 77745
41496 61769
13256 36887
387 26093
83442 90810
43530 82259
8084 90381
19339 28094
42822 52298
48746 56746
44514 49015
63118 73465
81868 82012
75282 81825
23631 88143
31509 68466
42611 67732
45473 90146
38434 58336
29925 85396
34210 61512
19960 44936
38070 75748
53017 59109
15846 56041
37877 62803
65422 77592
55588 86075
58101 64829
5976 51771
53437 82292
14239 23720
4309 19501
8555 13990
37106 75736
14080 85428
1097 82950
16788 82250
48990 64058
10978 60934
58362 80444
63932 69867
52933 63861
56755 66223
32694 44045
64841 91646
39973 81375
151 80218
81035 89809
32729 51482
12584 87035
5417 20914
45112 75738
25428 81425
40078 49674
46673 62334
52010 79597
15537 50093
7207 21260
22180 79384
43091 48951
44310 57415
18800 85346
19917 21329
14212 82741
34933 89258
41668 82487
55860 77599
86419 90192
49501 64773
22960 24370
11655 18501
62106 90234
18849 40483
82251 89790
16880 47892
29272 57846
41905 59742
11747 41830
85770 87808
6441 34589
16964 84543
35228 70355
45862 51242
7072 14404
14421 55841
76094 76570
4383 18618
45989 72784
7409 75664
24233 24407
26754 56124
35393 44337
23747 67074
28508 53508
17655 20610
39690 73676
40497 60135
57500 69187
22415 63902
11419 44000
17639 38439
24530 60274
33885 36256
36879 87182
57924 60643
32078 84841
27907 57068
10812 23047
38105 91517
491 52662
49096 66779
27599 89300
1531 80978
45825 82820
37552 55728
51551 88152
41396 86349
74128 75937
25057 42131
8490 87105
57659 60329
26506 69798
46560 75979
2599 77851
66665 76081
40187 50721
40680 48005
19512 77517
22857 76684
10237 48135
28480 57766
19305 53950
22047 50805
3878 88507
28007 51538
58839 70920
24952 52567
2186 75938
31662 57395
24993 42463
13213 79253
66256 90858
15977 57717
28815 47961
34315 84089
23185 56729
73167 80492
35308 77371
34386 65829
77192 91042
37179 88136
4397 58732
42121 84672
16081 16428
27098 69542
66799 88376
23431 47127
18229 23484
59269 60937
33772 80492
67912 71449
14605 54514
5781 65485
60508 91468
8844 60991
11994 71216
79432 81060
1424 82728
35935 71020
43462 61740
9623 61472
25388 33875
19579 71398
726 13721
38085 62287
15036 38179
22929 54018
5485 52017
84336 90877
1516 62542
61705 82024
20802 20874
5578 24688
59581 66544
17316 49181
4009 60566
12998 45033
5674 38857
12460 75249
24141 76583
42515 71209
15340 36254
17771 25665
39032 46960
55842 87816
59547 82230
45170 60696
44588 72770
34499 70157
55024 60066
16891 87405
3160 43589
651 80847
47025 69779
28857 79915
27308 70647
201 35133
56224 89668
5130 88766
8760 38854
53792 73672
58838 67417
25914 71687
48597 50874
64079 87626
18661 67786
6170 19734
63470 67397
25363 68726
53795 81946
34553 58520
9976 24072
32132 44897
50648 83945
2145 44727
49634 86994
14193 64251
42931 47936
66238 87888
16867 21358
67041 79427
13394 32600
2620 39425
9057 70297
15741 20229
20885 34096
32664 46905
195 67248
30936 87620
35169 44597
19923 44169
15779 69920
45662 89603
56945 78117
32316 62565
24286 38847
52498 71969
2939 26246
22376 90404
24229 27046
33506 79685
6961 87351
20996 72970
12673 85756
39747 63611
60579 86955
35151 58990
18659 60760
34714 89261
35557 47808
43033 60199
27688 65848
17072 45417
82973 85719
25827 39280
84363 85618
74108 81669
22112 64243
16061 53315
75040 84827
9528 80030
23491 63642
17643 46778
58666 64441
33526 72696
36726 58908
46181 49663
37324 66004
40031 46568
10778 20061
17844 23163
5708 44827
48631 64631
20970 64624
50596 51021
27523 62157
23270 66285
24627 80340
14089 71372
76766 78186
27660 48948
26770 47124
13095 81915
72137 88523
16192 53779
56221 71707
14093 25163
34351 91373
63121 90441
63384 83438
58360 73754
3909 78222
5367 8404
2106 73776
16920 81230
8093 69576
36738 51497
28549 72590
12684 33177
15784 42289
38463 67056
12991 46951
29648 81900
43348 57775
70100 79608
77873 88087
53052 55102
62649 77477
15534 72604
13191 77531
22786 64614
4106 42045
27822 56930
57052 90806
59325 66484
4431 44582
38486 59488
19204 70382
19163 58535
27540 61945
17869 61585
1208 5349
6808 56327
18287 84635
700 5853
35313 47506
18148 22897
4114 86686
13045 29475
4729 76582
75247 77865
6059 26814
13455 91511
9257 73669
56302 59125
6731 64113
6308 83690
41679 46157
69531 70895
33818 87819
13085 52122
6644 10261
38503 55022
30870 82897
36004 49172
9207 33121
35209 83998
8218 68378
26137 80315
42625 52298
28440 70764
13283 70326
12089 87291
58731 68464
21836 64588
305 40523
11652 12511
31222 75943
56801 87641
149 34032
35574 75561
30454 79864
54051 58108
52587 81650
30059 73305
39195 66812
48905 87604
7870 13802
23733 49610
2656 20173
54215 56086
19967 68976
44578 88373
12917 48203
33781 47579
11722 57538
38783 77866
1406 42489
7614 56130
61634 87846
18854 49596
25661 58342
25000 58246
48105 77234
83808 85806
8616 33157
15729 19384
76074 88421
18093 62830
61412 62537
20714 28614
13226 39518
32005 47920
9752 37692
44272 46620
72718 78352
35282 36279
32201 91073
29537 81109
10236 83202
7713 41946
59865 89731
8680 47342
22182 70037
37282 48896
4900 53101
52491 58666
24153 81119
21133 69026
24433 59282
37373 65765
42581 71300
45595 55565
10551 46140
13478 33036
26582 35796
59770 63819
37187 54895
53562 58054
49845 76939
52186 61491
4513 58564
41417 71362
16404 73507
53630 79171
25189 38639
37965 60715
843 37220
1111 86764
11857 66440
47336 80706
20130 89003
7823 47148
52697 77468
74174 88828
11066 69254
53714 68663
9515 9651
9685 64909
60562 85497
35234 48131
34546 48912
82685 90115
32660 46722
55070 58298
78023 88365
22989 42930
48597 75626
42718 47523
1770 33238
17058 50242
29751 62802
5948 51885
40761 83982
60399 85577
16940 53924
28268 87060
165 44831
27094 53965
20148 87213
5474 75887
4171 79270
23782 59092
21450 32386
42964 58974
63050 73477
71305 77112
44059 58631
26995 84165
28979 43250
12116 14818
68357 85575
202 78744
26612 79169
32892 46652
22284 30832
5684 85032
14903 27676
26263 85780
50381 59839
44197 64622
6033 51667
45064 51906
19035 38513
23062 60479
23081 26815
6904 28422
13103 67284
28763 73698
43667 56368
63963 68608
14613 78082
2697 33705
35541 66804
233 20441
25847 29896
16532 48413
82228 88654
15417 57681
86798 90935
2325 10257
28029 59609
32542 40292
522 52227
20762 72872
40419 84883
7835 73971
2338 34627
38317 62517
32216 53014
57898 80309
5960 45543
18329 41005
1460 80957
67136 90568
38258 76254
5588 43008
17485 25836
80535 87510
72412 78999
49665 62150
3500 86331
53511 69770
14543 49812
2703 67655
39222 87587
48686 87008
22604 44637
28974 76011
5502 81333
65282 76247
66175 77903
57702 75107
15235 81457
9915 54659
75549 85165
12858 46305
23469 74913
7003 89834
6876 8441
27655 87504
8468 42693
14304 43890
34810 46585
25435 60977
37844 46525
48533 85680
8846 89029
51932 79051
44131 83856
12077 20851
62802 76633
58647 65379
17747 39980
12106 33852
52897 76240
37506 85833
56729 64492
64426 69376
55447 79993
9440 62605
19279 36348
5725 10763
21283 35604
4094 82071
20984 53629
17218 70446
30511 87582
12157 57870
30253 50618
59229 76922
13288 89158
24567 83731
12425 29050
7387 28270
49950 53688
54731 64838
50168 67730
16380 38183
13569 52042
15499 34267
41438 58045
50233 88316
27840 85400
29927 64274
43454 46056
21911 90733
44008 60630
57148 66896
22850 38830
31747 75568
29283 74178
31517 35829
78562 79997
8013 61117
31767 36250
17433 44474
29737 66647
4662 15233
41998 57590
42550 44425
8073 85642
35192 81053
112 23723
11093 50036
59112 85570
1372 36008
27880 58902
53544 64456
598 42439
50436 84553
75042 79615
480 51220
7760 9052
22619 40959
40488 71757
105 50777
38209 66213
31129 50474
26680 40251
22873 76660
31376 71332
7193 84689
496 49379
9824 75501
18681 20676
9191 78451
38040 50313
11286 64849
5716 17334
987 53776
12746 75456
77476 79645
4057 87430
17257 25514
49543 83487
75365 83373
29190 31472
65576 79489
751 18216
22613 81098
8427 18427
8695 36696
49431 67908
35252 65830
37772 86336
17134 42272
30854 70937
19251 50735
54609 83529
10645 78780
32635 85248
14889 28646
6542 85182
65804 82686
25411 80769
68440 79071
52942 87064
32906 40882
56174 74801
76659 87568
4318 49406
25069 58652
50382 66513
7753 86459
77718 77958
48110 67917
1948 32682
33428 90130
1152 43378
17389 77730
29375 35342
11252 22582
57044 62862
27793 71326
15321 25702
16410 54680
4726 19146
12955 31821
12506 60371
46087 75639
3196 84697
41173 60566
12690 55344
8102 38399
32051 84288
21282 37958
38283 79173
20012 28583
3851 84193
25351 90449
24788 85384
75434 90329
43528 53073
6744 14802
72784 89757
23955 30256
18097 79782
48196 67166
37691 53807
68962 73657
75288 84523
25759 57155
32062 41289
66610 87739
14741 68247
32269 90139
16541 23434
10124 29166
15605 82919
48957 88501
48712 51382
64244 69009
19118 64883
54619 77606
32160 85976
50250 63367
34863 89914
8849 27432
25959 53199
28623 60003
20052 76132
14311 84868
43573 67274
4527 73608
42348 76219
77213 87925
22537 68428
24477 90342
18796 28823
43781 47306
62171 72198
23867 37197
29108 78960
28985 41607
57353 67904
50619 69518
7938 57826
21461 28735
5434 32309
84553 85260
1622 91038
46475 87585
7852 45286
73238 86301
32861 64310
23731 53224
23012 26779
63707 83099
49809 76370
12760 56885
17098 65831
34667 46082
41498 85694
29667 78089
41953 43974
24728 58712
25642 47197
12596 25297
32822 64925
32636 56147
7213 28535
40495 65488
73436 80072
26246 41473
10792 17449
18996 79356
22219 79421
86440 87666
34721 35992
1111 22592
47650 56562
27175 58021
57402 58516
22197 66105
15091 28430
16282 46805
28317 79518
69016 91119
19955 22345
556 17059
55840 89904
34879 66861
38507 65906
72447 90928
22237 56811
59782 90550
12111 32772
8342 83581
35644 81731
25490 75767
31689 81219
13337 42988
53564 65426
26995 37269
17162 68827
12634 55936
25199 60968
60736 77046
38126 39267
17846 32074
273 78805
13609 88296
3092 6007
14727 28584
31975 45528
8100 81090
35980 67649
50430 56419
80858 87793
59790 65147
16883 26438
2806 22135
34393 66194
3891 74824
32137 65507
35563 55198
34129 39152
50758 64848
57627 66580
49678 82862
22798 80820
20150 87416
23690 50595
45314 58179
46578 88477
16385 84499
65155 76815
18039 73774
28465 81783
34542 68771
7563 60510
15105 47226
42647 47227
14912 66953
31788 51189
662 23508
53168 90801
21515 90664
40706 57953
19765 30150
61394 71060
24037 32933
13598 53330
32585 89858
11632 13772
12076 16315
2658 77361
28149 59890
9111 25392
38740 70159
53287 89616
12640 39102
79027 86799
41636 58441
5874 9277
28866 66989
27891 37783
57002 66513
46316 52119
75593 75822
56638 58570
44296 68465
19049 19189
35965 59904
43499 47673
51813 65126
1402 67116
6144 81730
24640 66739
9188 61036
37271 67090
19517 29676
65493 69354
20291 36448
55590 59115
12860 45499
8395 16285
20306 58538
35461 79403
3583 42655
34974 80539
43422 62825
20546 43198
64279 86612
11754 17082
18329 52617
28078 34368
4549 88091
28434 89332
40574 68594
3229 90077
8058 75447
22270 23861
48093 60901
24181 62960
68795 81459
43648 89593
38673 82843
46753 70758
5510 76104
44693 60460
1478 59138
289 25579
71394 74910
21899 79802
50542 57501
39380 52460
7721 37315
13309 84770
8545 65708
80610 81175
13263 38440
87386 89587
40027 71027
9351 75701
60255 69435
35445 84041
46086 72818
64448 77168
12108 18854
20005 27921
27947 60492
15191 82669
10442 43734
7318 14463
70942 75098
21277 55663
44262 48355
23764 88613
18767 27405
73271 87002
74564 76150
14846 67351
26403 52068
71363 77168
56211 56804
31901 87555
79797 83962
21626 82216
37338 62997
18853 89720
44880 47580
30611 66701
60749 75626
54453 89178
64733 83404
3220 79820
37548 58091
22818 29874
4943 71644
52506 70587
86689 88851
13949 89362
52926 77408
28684 87621
23718 52715
29768 64086
59920 82472
26168 43363
67841 86427
2112 67857
63216 89374
23995 25079
17812 48960
5532 79688
37259 65462
14216 76076
24631 57132
10244 47159
22961 35954
6630 34754
20760 76183
46181 83813
87487 91484
2207 76925
21264 41422
50432 60633
9406 58950
14142 47305
11896 91483
14711 61926
43338 69757
27659 42937
32215 73362
13784 28454
3394 46100
55765 87717
23354 39582
21209 53505
7669 47912
57507 88039
21243 37753
1950 20298
79250 88870
19293 91129
53708 91184
32541 91493
20314 36814
67157 86990
2235 42048
39687 53265
4708 75067
4396 84293
10848 32821
6687 83516
51070 58081
5673 66750
38427 78466
68561 87220
52172 81814
4137 36719
29102 67073
79796 88127
34178 67102
44083 85960
44958 56084
23812 52008
4486 79141
50543 76784
59109 65809
48064 48114
9543 88212
13045 56414
33825 45084
824 69111
2955 57934
66002 81793
18599 62631
57367 67480
54292 78828
46397 69519
20981 38099
30029 89407
53215 67611
16710 45859
63318 82847
25117 87626
17354 80838
3761 78462
16339 46056
46990 84808
44320 49932
14444 60406
42592 87553
26771 52434
49535 74574
4545 90485
27638 79816
62440 76371
72186 84754
83399 90558
20942 35257
20731 42289
38337 40745
55246 63939
45050 61905
19266 52172
62455 85607
76397 78986
22069 54093
48147 56963
44604 54271
42305 76320
48333 84201
66863 73932
801 76997
15345 88233
13182 72605
55292 76587
237 21224
43919 52976
60828 66031
11150 78050
5841 32043
32109 60278
8381 9700
79148 89153
34292 50694
5338 65998
26961 68222
54052 66358
20673 57692
64068 67261
63810 82242
30485 72501
34643 39855
18457 84483
21988 77681
8457 54243
24290 68082
52522 59100
31930 89567
62757 86224
6314 14807
32545 46516
22793 50801
16609 84083
59274 87179
18571 42276
47253 64940
13053 88048
12048 48647
11648 39177
11197 67154
82635 89389
8350 37518
35995 87601
35360 38071
13892 81619
44837 57746
79829 89729
3922 72991
17429 36259
26404 42681
58916 62227
18661 21744
58085 85878
24957 53674
24033 71509
5925 89787
39260 66295
10767 57093
11619 91544
996 35252
34923 41793
26660 51179
87395 91336
1702 28786
49324 72053
47222 91416
32757 72587
37772 40168
66477 73504
10296 17743
53886 61768
24104 75352
27280 67263
56508 69673
25747 64439
13838 29961
56445 74885
8235 90360
70371 91436
9039 10186
14683 89351
58538 87895
12036 25391
23544 61761
54288 90670
43056 49927
28490 45891
33007 48927
5046 70633
22603 47139
57963 59062
15599 23683
40335 83375
44937 61477
13280 30568
1570 27014
26143 56845
71589 89178
53349 88579
10346 17416
26594 41668
37701 53533
58691 83493
9801 28081
6089 91485
59209 81070
53989 75428
16387 48040
51997 71038
18696 58328
31308 78738
14841 39422
24008 48380
887 12934
38370 81832
5931 40766
49679 90869
18974 78256
13014 27287
24480 59451
7628 73466
22950 59678
23089 73815
46471 70001
81567 85670
5360 81873
34442 42970
61766 64563
25350 86036
14842 29115
15213 26677
21037 67965
25412 70723
45950 85017
2381 84028
61011 81760
1344 63277
48653 85774
19624 71703
19814 58879
50334 75001
9388 81589
8575 89842
21260 22758
3141 23247
10692 76191
33862 68441
26235 82098
5139 26349
50072 55654
7001 24567
67671 69050
25676 43898
62410 72105
37262 47071
15175 16652
37807 48776
19506 33592
30207 71022
10983 47854
75684 91046
57290 81768
70734 82783
13263 71933
10797 75166
16686 56019
15646 29609
38892 85577
63453 71528
45906 79887
25630 72153
37088 76900
41151 64981
3676 40809
4253 64505
32336 36928
39548 54031
22072 64838
49309 72929
21262 58786
15590 63573
22882 47923
62589 84192
57998 69378
10368 89775
8074 26551
65249 81383
13024 52525
4646 54062
31190 42872
47692 70630
20227 89166
9596 85433
61599 62045
24447 80344
24677 89097
51037 89020
23762 45445
13648 73510
12766 40570
72148 76426
15325 41519
15830 24408
38463 57296
18843 20569
33287 44221
4587 28178
29207 90596
13192 31173
43365 67472
55494 67762
42070 78328
10159 28430
59916 62923
733 90042
33396 88867
16893 33996
47837 79619
49115 72674
9564 62648
29271 89255
36721 42169
76950 83054
41218 43299
2889 42690
36728 84067
44603 49844
3000 74713
4334 65607
39248 83223
28832 76427
49579 86200
76176 84639
7241 34111
15872 17220
685 68654
11406 85995
38883 56509
8413 58270
3502 52080
49844 83835
54570 87243
14772 67763
64470 73299
21593 71393
7278 47122
64418 91320
2569 17384
38535 86759
31812 77329
40964 49056
29001 64100
36281 51856
54398 57654
4348 53529
41901 80491
61939 63753
28302 44587
46811 78615
44993 59576
77353 88267
66808 76125
52722 67663
35629 46122
67261 81798
39917 85339
50958 71940
37868 87662
31439 43129
39762 89283
25767 79494
9025 32986
10454 48866
15854 27609
52730 63948
287 3608
4896 17845
8796 47649
17323 71503
1346 65510
24368 70317
27667 32251
44708 79396
13114 76980
47844 78552
54941 63459
13092 41951
80030 83820
30587 62898
83075 88487
15627 59983
561 21464
10628 72153
61613 90911
11015 35598
49425 53098
39240 78058
65292 65820
28682 30837
18166 41388
29474 37730
7388 64602
40768 75728
5396 27119
6903 16930
77558 85036
84127 84655
61246 86250
43267 43300
43962 65758
14581 46840
53055 62969
181 23651
68859 74984
3414 3513
41701 83198
4310 83606
44529 67702
35049 47956
2629 67939
8483 21519
15490 89425
27587 53885
3165 65538
10154 32068
78177 81507
29505 87552
9712 36061
4210 11898
55098 56166
1857 51403
6990 28681
19290 68152
31753 82168
6080 36413
17010 83536
32691 90094
8379 84724
20514 47446
33970 84896
10499 30902
33867 54598
2537 77322
51023 71076
11124 48924
37330 38147
16708 19231
30911 38695
20877 28275
42913 43292
11172 37262
22143 45436
23692 63752
27708 37663
61249 87030
10162 42358
51496 52131
50016 76935
39337 48538
66332 76536
66721 80408
31900 47008
17537 91346
3254 86764
33409 78780
42771 61406
49622 78887
3457 58419
960 91217
58053 89280
2399 49725
2226 18306
6775 61130
18923 19267
10206 26761
40573 60437
17235 55926
2041 18061
59321 64035
20202 90299
50760 73457
49066 72027
38050 77997
2199 74147
14017 14834
29486 51734
19412 25459
27381 28959
22799 35146
35571 41883
77762 87480
50817 57236
6995 50636
68551 69016
61109 90211
24773 71629
33998 70531
6987 33857
53370 57899
54097 91361
35633 90769
54801 86774
43684 76397
24746 25650
26027 47786
54635 72888
8406 15310
51633 89324
42947 62021
54919 74531
4956 37257
21720 28574
39053 86701
19524 68414
75670 83169
62038 69427
46674 80233
77771 89828
21440 83089
5232 90900
17103 21796
23061 84861
35496 53539
12403 66292
1737 38484
2294 79103
4159 39605
14677 29924
1063 33105
15708 73893
11781 60383
67751 69845
2069 78214
45275 61958
37280 88988
51840 80944
11858 63305
29731 69849
53363 56887
20867 33146
32446 87667
23976 69378
10617 57750
27969 60458
1407 12934
19546 55512
13040 15105
23382 36081
15834 37813
57444 82184
19247 86204
47265 90873
10370 78300
18386 89168
7387 87589
47035 70332
13797 26810
19970 64452
11386 88326
15169 21675
71955 77373
33547 83040
13016 22652
22459 65241
12609 20047
22972 82049
38592 49490
68500 88541
11388 16115
12901 53862
20347 48681
30554 55869
37373 47300
51930 55477
22597 45608
7866 13219
16146 58759
52124 86210
33552 49778
425 40800
11434 78128
5716 60504
76985 82308
21985 90039
9562 39929
65472 85475
23636 34915
16002 34028
57854 81560
4891 7963
463 68726
62750 74010
13544 37402
70583 81051
12274 35426
61880 63156
41518 69070
21721 47663
5034 20042
16521 83646
57020 69466
31773 33633
70765 84625
26329 38134
25892 50338
401 2849
4772 78870
5161 40528
7085 28963
38341 57861
17361 60875
16266 34984
8341 44876
51866 88245
33054 88146
21743 27452
58728 65284
38600 88820
62938 71907
29725 78987
24561 64346
47453 71655
8277 22568
10386 38860
14856 31820
74030 79362
28171 56798
61194 77056
61893 91097
36702 63814
26672 36994
21771 61758
47945 55628
23727 44941
20734 51555
45491 66401
18177 33524
9250 58277
62507 78425
22300 34849
70140 70673
25737 74388
3989 10369
22751 91036
8554 56022
10065 76982
16949 54130
30907 87543
20339 33042
66038 91061
31679 54884
44008 90000
23438 46679
2907 13665
4432 68841
37660 45527
43482 44302
65241 72215
31124 74673
9998 37161
34882 53371
12852 23612
56488 88811
56087 71225
56612 66255
24411 74868
76941 87865
62242 76720
43009 64018
24104 70572
712 12980
43868 49210
9694 67883
37455 37695
39116 84357
8733 57872
46440 87234
29363 83136
4780 85569
58114 71693
20691 59199
43088 47060
5318 89246
21526 78452
21990 89259
41761 53507
23259 79882
5073 19807
60300 76368
5752 25238
35374 78010
21330 64552
2712 88064
3044 49654
16787 79175
49244 74449
4251 68380
37312 63704
66238 89498
17131 26947
50911 51308
43011 71788
13568 40152
18027 76414
5918 10613
4231 29775
15996 22053
4070 69699
45004 85403
16572 40874
16027 77980
22609 62781
17173 90485
3464 5241
13090 13840
24944 79962
39204 39571
41962 69866
7534 28296
31418 88511
52671 58074
16541 71270
39950 56717
17553 64635
16037 91173
29724 52728
10395 24712
5778 11586
44721 67459
1504 3130
20524 47463
70667 83269
23677 26827
50655 54181
17915 46025
24337 32726
32708 38057
63589 67031
13408 87387
49217 86731
16433 69104
37581 41093
6579 64107
76236 80532
72558 89462
30614 33003
48176 60907
27199 67895
35184 74831
10875 21056
40039 68620
34140 84531
11292 82054
22720 49719
24948 65748
64801 80520
50401 65382
34207 61541
63778 71128
3658 34827
2055 66676
67873 89060
24176 68124
21118 84247
4475 90628
2927 30426
10768 31698
59396 66836
12149 73794
18899 70280
34131 59471
33474 90775
16246 52431
940 39045
42766 62072
58448 77356
65013 67024
10587 33166
23023 30810
6092 29847
53333 60456
36353 56123
41263 73840
5043 44819
4261 51517
44582 57818
26201 75320
34038 45800
67708 85652
38858 66967
11148 61220
24939 74868
23334 49782
25767 74263
10062 87668
22979 32284
2463 89517
9036 13962
9515 70386
77913 80084
9374 62982
29945 77912
23094 47909
2437 33528
7675 47634
30536 53457
59970 91554
25585 44431
17762 70789
32222 82417
4004 72613
30222 61213
3217 84219
64917 91177
10197 65590
22717 24926
28608 60505
25861 72542
4702 54712
19801 24471
4764 53937
27755 28708
6042 41599
3440 89276
54759 65401
9270 44666
9439 73151
7637 63857
22781 82171
45036 70313
26697 76102
31012 33840
28824 45498
3804 32135
34277 63061
49980 77722
13084 61473
80464 82543
58956 84591
436 49667
55581 87212
1499 85884
33894 88251
6022 64491
2292 83654
42525 70602
59301 72406
5253 48620
179 21033
28206 89937
40802 72522
19521 20327
42843 66555
71176 72162
29080 76867
54591 74163
65477 90844
39730 43626
13756 45765
2290 3652
63795 77756
33986 88154
54741 63033
72487 86298
16463 50901
7876 86190
59356 59772
34489 76304
6294 15956
24006 65555
37703 90156
70536 91394
60528 79490
54753 86662
35127 65954
12084 39872
58577 72365
80439 81561
58148 58666
61624 64116
43 40074
10414 28125
21921 59801
41192 68189
44827 52747
35650 89302
31540 43475
13701 32054
45936 49512
26781 46316
49481 63921
74928 88251
24604 86956
74537 75397
26175 83346
34675 39778
64809 70165
28788 74537
50980 88056
12670 72694
82721 85994
32380 45983
3177 55620
24408 44576
18468 53236
74116 83904
25025 50375
31641 78472
53935 81504
66015 73356
2377 8406
3047 85984
13150 37484
33844 72258
25275 61401
15230 56368
55766 81721
12842 55101
977 46076
18642 27822
48687 65373
8572 78123
18699 37100
10305 59694
21639 81248
7352 19813
21818 57702
21741 76264
20013 20070
9292 58164
47607 53864
8883 23019
76681 85198
32191 57636
37485 46587
13735 69426
2115 68580
44393 47023
4064 19861
2555 76207
21911 51503
6060 9919
4845 65153
27839 76623
4615 55547
3601 23442
57759 66663
26810 27270
19619 85595
16302 65203
50924 75876
80617 85846
4060 20308
21302 69443
28719 81451
16323 80131
21094 45576
44009 88529
33685 77538
33593 60453
31402 68482
22529 41482
1727 48735
83920 89896
58331 69947
5473 36829
4277 14031
41327 84728
33725 72552
24713 60489
60116 86943
35967 82683
13950 80991
5993 17951
20104 70211
20449 46280
17046 79616
22667 36658
54780 90570
2774 59069
50669 65622
62964 79109
31170 70170
43252 51667
13302 83139
6901 27150
26131 81556
13809 64708
67451 73212
3072 63331
47289 82207
50559 60515
1100 60556
974 41449
11489 84365
74280 86209
41760 53730
483 58739
5271 67463
75932 76781
50581 76357
51306 52748
18504 42865
43714 44107
23732 81228
61729 77166
34641 36801
45886 55843
6312 47909
15520 60671
53840 56843
36490 73943
70279 80433
37562 45976
46677 58868
47086 78597
33224 62147
73564 87948
42762 81378
18819 22143
13196 82018
25365 44858
12167 44474
3523 59367
43767 59963
43122 57489
3334 4344
5366 57702
33758 63994
26291 60461
31801 79915
16053 88320
9700 33804
21394 90782
6015 81168
6104 90996
35042 88648
27809 79696
4128 63480
10316 30052
71996 80441
15674 31579
26611 31459
2938 43664
26654 79036
17202 67130
59853 63490
8277 64540
7167 80217
14969 25040
22781 45515
16675 68313
29751 69375
3805 9238
14337 86659
59590 91112
42167 86683
14087 40773
20998 58767
13260 57621
21702 77707
21252 88558
59740 87058
36650 46414
41446 42830
49640 55718
4863 57678
4957 20772
10020 26481
5054 24699
46890 85013
10252 88377
37330 39463
39540 78524
5842 68700
61990 88194
36167 52792
31453 59180
57638 74619
46115 83939
42577 73214
62452 82475
621 17635
67584 73020
2169 41845
5544 61580
24780 48879
45217 86869
3870 68405
40750 85446
44806 64978
36348 48560
80972 91518
13834 31713
28969 63536
12084 71695
73584 90339
51880 79647
11025 42621
15394 73532
57086 82830
76708 84735
37089 52681
6363 42617
34205 75200
72587 90600
29180 30878
83963 84788
20039 64479
6270 17006
20211 56388
53287 65106
10766 36407
78263 80289
26144 86261
43776 49946
44543 49888
72328 83300
25131 66316
26321 68046
56505 63077
15846 64133
20415 45173
8424 57500
44021 51966
14763 19543
45532 48136
2717 15693
50788 90294
33311 53182
11148 19450
25966 68276
51935 66164
72735 79654
31750 59086
46125 55212
47027 89626
24734 69500
60704 74864
33772 73979
13104 49287
595 58144
2745 86488
54500 66826
6031 55572
4499 83249
14399 64624
29626 54319
30476 77791
54116 61945
8315 72666
58951 63710
5745 87558
20856 28256
36442 62772
61794 69788
30561 79342
76557 84387
67898 75202
45871 84821
17022 46636
54823 81447
14565 41693
44245 67266
33997 44159
28211 73677
65626 76654
14080 33420
35932 89481
12068 14086
4065 6090
50465 64749
6157 52069
14937 76826
56163 61870
41444 83078
3364 22958
37508 48811
23642 43773
47299 62795
26891 86819
58232 68705
75041 89305
27053 34500
39332 41749
50813 86837
90065 90840
26930 43098
34278 71131
7064 55371
4794 54338
43241 88037
2299 34920
11203 86791
18770 59693
36027 72430
58086 73706
39932 77369
67818 87552
21438 40180
67131 76693
56833 90597
79694 84405
27794 84889
50779 66908
19988 40253
40833 72572
65362 73644
38680 73463
65429 71060
19584 38045
48459 84559
28979 54914
13900 88520
6056 37548
2187 76633
4112 72395
31674 88509
66197 74370
8522 37459
24506 85486
18184 71002
29506 50503
4549 67187
45678 58621
14205 44515
9089 83828
27452 80051
71054 85274
22502 23536
36743 43522
18537 78262
26617 76585
21919 29385
9625 46818
32141 69298
8362 13035
51697 72793
51379 65875
17981 81621
31959 59690
38231 40419
3697 40630
20027 27036
16778 26374
89330 91253
17539 64806
89233 90212
52009 55316
47468 79713
28045 66233
18750 83303
10929 22311
7416 84111
317 18349
8349 17360
72459 77834
56670 81628
6240 64962
6260 8923
58598 65804
46675 79787
26634 85292
48432 69224
59752 79344
33121 62943
19231 60848
63630 71785
16222 61832
67687 78113
4747 84087
2063 8084
78802 80372
6758 8390
12229 27052
11502 20389
15453 73469
55431 58839
1437 47168
27141 83521
16083 19115
16514 46059
32928 45714
1113 39189
24557 32279
8609 41909
22268 90064
9072 13138
5890 6827
20038 82592
7418 87261
7313 58716
4080 67693
17971 75038
4879 69973
14065 52203
52120 77391
44745 74876
10254 75391
12788 67811
42548 43797
15867 86604
22662 51212
6714 84951
16793 49655
30656 69352
68869 78991
50334 50821
21112 60981
4949 67311
31748 81188
1018 13385
2655 10256
4425 10515
50437 57613
61150 75387
61532 78087
48168 61391
75697 79729
74855 88712
23175 72387
56900 59023
33253 58491
23565 88729
36175 74600
46855 76912
8201 89592
43903 58469
36757 38277
7141 75233
308 32803
13171 52012
12080 50846
21768 77956
36018 73795
30800 41385
28134 36709
4218 25427
3612 36438
53424 86421
22460 35673
78252 85120
37072 75901
5735 78146
46923 76170
496 75762
63248 72725
41126 79794
12872 74620
20276 34654
57690 90273
50948 61764
54177 63677
60629 82560
12249 28766
6578 24818
78499 88459
48946 55118
36366 51516
10723 75235
21138 49594
24730 82109
5613 88288
14526 36064
14608 24848
55726 58808
80493 81148
29085 53419
58296 85505
8927 43503
77944 80933
19701 38301
61565 76868
13167 28693
42650 78575
70127 79552
20346 83286
53707 55634
2593 48504
12039 53461
22604 72013
51986 79085
35010 79082
16818 42403
53589 75259
8821 59307
35956 85546
14813 58050
4320 36832
67849 88220
2573 48392
12949 15449
25711 47182
6164 30518
19274 33382
15944 38838
15602 81215
80701 83519
33267 72102
5991 37630
65802 79605
72082 73615
51600 67599
74041 78839
22078 78763
33293 61201
52083 58547
5747 15375
23625 60977
61694 69860
14788 85802
37723 55592
4530 14382
9943 56376
14422 29366
2856 41905
38758 77515
30254 57299
25775 31977
44535 82706
30645 48803
49321 82765
51217 75154
15404 72375
55727 82939
89530 90335
6924 15547
17555 45639
35363 85252
16627 34517
61234 61557
5144 43668
4944 25222
19777 72861
45153 90226
31337 69262
59568 76110
26174 65819
41823 45545
18388 75885
39021 64811
57948 80540
24412 49475
53611 89321
30572 38715
34106 39835
7147 90101
43478 74506
17674 46211
3428 57721
15562 44002
72032 86713
41816 46956
5716 68002
45587 46988
30070 68930
6667 27846
16278 57989
3916 37430
6591 86239
7633 51232
40753 64368
26389 47022
37004 37969
1164 88842
9744 24120
13355 37499
29112 41168
36401 80797
75019 87858
26357 51009
3489 12062
10064 18900
10053 61166
47783 48344
44373 71309
22700 72059
46684 48166
9733 21238
29212 50644
84563 84878
2311 7195
29927 88868
32217 84616
17236 46261
13232 56484
2802 90973
14337 23439
30574 82153
35798 64515
7441 44069
46740 69762
24332 71278
76465 88247
4356 25965
68807 78126
4995 22447
9009 17549
52950 54206
29557 61975
50666 74021
49037 86096
62379 80343
36347 90765
30324 30389
67486 77943
77221 83809
1178 11996
9206 33859
7478 75920
5805 84230
4480 64287
21997 67301
24673 37414
71563 80751
86879 87119
26978 90013
4496 26545
32437 39851
41305 43861
41880 80382
43375 51395
5768 24491
21799 73455
3771 29791
25715 26063
66741 85721
10508 28666
88972 90677
18118 56131
79273 82281
21083 47787
81198 87261
12675 44509
10078 69322
20095 83173
10752 51587
11067 78846
68252 81940
42880 70690
6748 72894
10607 64072
80370 86829
50201 71256
38524 90963
7051 65668
10482 70782
6130 10716
890 76997
38392 67701
2477 76117
28365 71044
18077 72533
19630 55874
57671 74415
8224 64643
8108 74923
6230 53198
78042 86314
3044 76676
66608 81272
31423 91546
44226 58033
22622 70751
18923 72571
66156 89991
36707 72886
13466 89313
30515 89336
64152 76204
17748 19137
7778 31932
1249 7903
19437 68285
14391 76352
39580 90303
32841 61846
22588 88296
28975 55291
13344 46249
70937 88032
54383 62311
84384 85081
3963 40270
85574 88907
26659 41099
7894 31239
26370 58512
3079 38445
44001 72198
1414 14097
11767 14390
7568 34281
8375 78941
69245 73900
16564 47921
13025 67948
45289 57015
82500 86765
22449 91281
36481 46395
33956 83541
15433 83937
29226 72639
45887 87980
21727 32934
25379 61178
25769 40094
32767 88080
34822 37340
29446 38580
50241 80747
20532 21057
34767 67806
47356 48056
49181 72029
18477 31213
19 52769
9168 33067
29788 30581
38204 51969
63737 82698
59422 65413
38278 61566
25737 75914
42917 45450
9564 54404
10140 77970
27850 28308
67974 80595
31511 90045
78439 85059
28066 38236
73068 87160
4567 87993
6966 79888
3744 79734
641 80634
59601 89014
79696 87968
18986 47617
34318 65365
38300 82451
1444 86756
16827 18452
54811 90708
24088 40506
9794 41204
36511 37042
21240 78817
79356 80285
81514 89872
30575 30854
63725 69056
23889 74736
65946 86417
21156 79304
79660 91062
17551 38690
21671 87579
2312 67664
36176 75178
77098 82602
3834 23745
23711 37154
28636 73658
16838 33971
18129 34264
44126 71993
14418 79526
9542 40131
13238 62787
74518 87720
25514 62678
23922 74200
11825 56066
8365 22159
2364 11999
55134 80320
31072 85475
27231 55837
27259 45608
50408 86128
56369 89599
25243 87986
16123 75486
13154 75162
77678 87844
11894 65616
21825 49550
73701 85832
44781 71783
9459 26535
43526 90299
33214 77685
46039 74577
38397 69285
25746 89210
2195 80872
28295 52807
58258 61497
39399 83039
11750 50262
5627 38855
37580 76578
20513 35199
60375 66124
26679 78220
64665 79545
5220 78131
6662 11637
12937 25812
31509 33917
51856 65258
59319 86295
26065 67222
7410 35491
61443 76787
10822 65325
37990 39995
25349 68230
54487 81338
46596 80176
42630 58828
24854 51670
34046 51012
49259 56007
31360 36414
91 24763
26485 76357
11976 14330
33519 65637
50461 82332
47158 85810
3568 86355
5658 33360
9304 78922
13082 77434
21541 68931
28540 76874
8912 67616
2631 49673
23460 43926
30843 59954
4473 79088
52405 91058
28036 31868
49009 55555
7776 57642
2530 62998
13574 31414
12199 72287
15632 70525
25905 37827
13534 68728
70344 80017
21465 21854
50987 55213
20437 27091
23998 24358
38795 63634
5369 17523
18053 55214
51303 60154
16126 79935
11210 57321
46263 46360
78623 88521
981 77879
69513 88114
20179 27656
45171 80617
17838 43014
22451 85178
17275 46206
8282 62453
12939 47066
33949 91182
19643 86335
12280 37545
37396 58197
33359 82400
10038 70213
59706 83153
12729 17857
6383 14046
71826 77999
8630 61928
1909 81901
43901 63357
2031 25752
11411 55544
21643 37229
46673 88287
43679 75609
58187 86669
5932 13437
52857 57909
13369 82242
13590 17152
11455 56209
2644 76677
1176 73967
73300 89399
12896 74071
50834 60110
12510 70342
67566 70347
32563 37434
17504 22851
6541 17020
32011 58638
59048 67012
35698 45627
48325 79600
1455 57459
5338 36723
44771 75441
5876 70211
18049 55071
17387 68056
25137 63633
13898 19866
9462 69673
5599 68444
80948 88744
12085 60789
18740 54779
3316 45116
20367 76175
62930 70321
3115 30368
28858 64418
76459 80563
42199 84694
36651 89541
28102 72279
9228 73705
41767 65075
10460 65560
49139 51727
1410 32511
73 56240
44889 48747
26421 54059
19522 43730
54512 76251
9929 87946
79655 90821
10140 57662
25297 43829
46078 75593
55807 71009
63202 68965
2528 55423
29205 41804
1255 54955
34168 51519
10546 17736
12712 13538
14098 40642
10506 48257
20696 61083
25313 42647
4522 28953
14827 59862
63688 83970
494 31585
10390 82690
40370 80811
12365 26791
32351 56795
32648 87266
59755 61999
4161 25028
4744 42033
17097 63909
5040 19417
30681 37161
5140 55901
27931 31135
48805 76046
31279 45975
639 29993
1761 19929
6795 55715
20928 63156
19981 28159
1074 77148
3909 27064
4024 62474
14515 66720
68345 79886
5221 26472
9068 79214
22739 70027
55179 68351
29644 86612
51104 79295
21405 67429
18014 79781
58005 90778
64517 74114
52264 55281
22065 86354
3214 63447
53486 85949
17571 69965
80427 88535
16638 52807
16904 52138
30607 60069
75880 81337
32626 38577
52365 66893
44250 76037
13971 47897
78168 78786
3266 80802
3371 40700
24073 48518
25879 26831
35191 72920
86712 89866
18025 21380
10018 89594
1677 82884
45358 73703
24524 48193
28469 89257
2101 88638
503 54101
17499 81669
42625 75475
20424 26670
52166 86007
5416 25681
31288 41615
29823 86098
32965 33969
930 68345
35391 51252
31158 54559
43313 85414
70859 79794
64518 73604
17821 78760
48741 69426
36720 53284
20495 77968
11012 50506
38129 47866
64143 82406
36050 64482
68813 74917
50545 67915
10299 49844
62605 67762
28955 61899
9787 28755
42097 69915
7078 36937
25425 64160
60056 81191
61929 69524
36598 71619
5265 59632
49703 83565
61417 91026
34265 68615
21228 72903
32036 55198
56132 64262
13103 22232
59113 66939
24627 65500
42571 61563
9664 39352
81998 83388
1111 1792
68549 74361
4293 71030
73722 86973
60994 64829
38960 59933
9722 14974
25513 88271
38293 76997
15312 18727
21687 40886
17219 52981
10418 23749
5086 70956
56340 57681
10103 25775
37724 89627
40314 50458
40592 40839
35245 81153
11184 51943
10360 32063
41353 69134
7027 51320
57941 60899
59810 67962
16276 54965
11614 73992
31914 71574
60507 60691
35544 69557
47728 52398
63366 74218
51673 77258
38604 80898
78899 90591
30156 55983
50652 75230
15036 66681
47207 55095
50638 58345
44139 77836
14599 80353
7139 23898
29585 49991
13090 22696
15715 23828
31123 75148
37145 72570
34121 36536
6578 83962
40810 90121
28636 55621
7358 71963
46017 81644
8196 72681
71188 80914
11525 62922
36918 67073
16409 60768
17613 34043
32690 75516
15533 52269
7286 33496
9038 22416
8970 70633
21319 80762
26540 48071
52948 87055
6698 49535
13853 88118
50696 72155
4697 25704
10025 64670
27857 88041
7991 9672
54776 61875
53468 75992
69881 74159
41828 51834
5893 86101
9715 79935
66357 80976
23846 27248
69366 79478
40194 55767
66307 82653
63615 75646
7668 34784
71811 89812
14181 70999
44495 73294
19211 69585
45088 67741
1203 91228
72220 87662
41103 76255
10921 45361
25388 51334
1656 11741
29551 83814
31949 63657
2364 52125
17499 64814
40417 55577
30624 56322
46346 50063
29761 87804
55352 83852
5161 12995
56003 57482
15414 45482
63543 84836
70484 71776
1868 28426
37057 76998
1996 42147
1502 80732
317 23416
14157 37316
35306 90088
58718 90424
34186 64331
34139 35993
11302 62125
29669 82912
12620 48466
1688 2341
8830 30265
873 40289
20257 26254
29059 84023
17354 81524
8155 88313
7369 48770
37741 78458
34747 60417
34859 77700
2713 68100
7260 88863
87422 88086
39236 89155
19421 78385
12702 64733
17649 74754
62140 89143
45033 61408
17721 67537
18876 40972
51018 63732
83567 87925
66235 82625
2665 54155
16783 54240
61966 65658
10889 27520
27776 45756
40291 82780
71574 78087
15638 87413
12732 47553
43008 66907
51161 57743
55701 70831
7879 62136
9351 9707
8216 51195
62151 64557
42609 71119
65515 74043
38625 74367
64894 91175
52976 82699
15953 71417
21340 52487
23388 69760
56304 82753
27865 76309
42302 88046
29706 86052
17028 59302
68066 69614
66033 77806
4620 11656
8631 8919
2168 12768
31374 54789
16963 44381
36020 87024
6007 60005
50103 63813
18129 48125
12352 88782
17595 21320
8620 32484
54508 85216
53449 81453
4312 87585
78549 78962
12113 54606
10779 50247
29226 76902
42665 74232
31751 84148
23945 42714
22338 48839
15045 79488
61777 85784
13183 22652
8772 78856
9700 60951
78881 82709
64199 64597
9013 25313
2862 82534
36820 70069
23737 64755
14694 44334
5381 28789
60709 87082
2848 89878
17013 50525
9711 85711
23944 91044
43839 85407
38722 81142
27383 51590
69862 85819
12087 84246
30073 82874
850 32849
2995 27712
6015 23320
1771 16697
11185 61946
20645 74321
18456 55455
59875 73410
76915 81935
15948 20244
51380 81035
29987 37917
59917 64502
30213 88638
5700 37586
22802 50072
6187 49314
60014 72784
32027 42353
41895 83416
85997 90610
34103 50986
13919 50119
12787 56772
20931 43499
61712 87125
59024 68626
21276 30780
7609 16511
13108 58257
47404 57719
2599 67858
45115 54107
16041 81414
12942 86669
38924 47764
21600 57984
29055 56188
22730 57910
46703 48137
9451 52362
34524 89954
26594 46455
30040 49782
6645 57569
38341 83518
39042 49465
8450 64034
79035 87919
71122 87940
11154 79022
52094 89526
77754 88896
12443 24727
10516 82697
62144 67868
43910 55739
65089 89047
27343 64920
31151 72596
28458 50120
48441 89509
5496 9471
29846 91682
17790 59768
11355 25012
64630 84482
21941 53789
3795 63486
40748 76685
48586 51451
41139 47337
2607 71921
14909 49468
17388 29125
29039 50711
13344 67474
12161 79993
43917 68325
6196 29344
87801 89326
25715 54326
36610 49819
25974 41945
32290 82278
2193 54572
31574 52437
6059 26033
53545 67291
13712 45240
1603 86135
2433 56484
36127 43635
22321 65422
33820 58550
55175 91075
54151 87263
5698 43424
27026 39919
58100 91221
11064 32904
30393 75818
49231 72307
18873 58461
46936 58086
37310 37444
35784 43733
19947 62757
63835 83741
67317 68720
36738 42851
25686 64242
15187 57072
7547 87601
12685 82498
13494 80029
29997 30827
57204 75005
1002 41516
7855 52531
48668 83006
81465 86370
22930 43949
71940 81225
43709 76282
69832 85026
51187 83428
25041 76719
19407 62764
13987 67961
9662 86329
10557 74409
30886 64674
73810 83828
54722 72946
5892 87194
23243 39514
44186 56884
29141 64494
34146 58174
1738 23250
2345 70464
158 38287
51078 88304
57070 80186
5420 8705
7782 85221
24870 79123
30277 89694
2839 8868
3261 74782
12378 52949
62850 74502
19733 71839
12156 91361
22117 47016
65085 72624
10761 65641
3795 81441
4522 18918
6936 83595
23585 27216
13258 21924
20232 47373
25887 44567
74144 90977
23478 62478
11117 34034
19025 27733
15402 32148
12439 54110
79245 82048
18018 32653
52183 83796
42697 52313
9437 9899
68653 74294
11588 44019
20875 73110
22540 58590
29666 31227
48308 57518
68926 72035
6851 53198
68658 80141
3411 67057
60834 75852
40790 84599
9373 17041
9650 20017
71 80568
1440 48657
24251 64953
80316 83301
25224 30818
29967 77693
36199 51546
23575 48945
13042 35454
285 10182
1992 60784
3005 46955
4020 74089
16286 60424
8848 91553
39361 53766
66966 75345
11285 30135
21353 23138
39027 48871
29139 44275
14445 73693
8166 33181
5671 83381
22209 70940
11091 85704
23084 48524
35921 46071
2463 42625
35446 79164
44329 64773
59515 67240
19814 30647
22953 39216
14094 80834
49018 74070
656 87697
35139 68435
21249 62134
11043 67902
25506 60230
1551 54788
1628 89049
85243 91334
48341 88110
48161 80541
8561 27092
70848 72202
26735 80231
72247 74354
51105 57840
42377 77287
58800 63758
19172 88709
27482 58813
22429 70410
10907 13832
80096 90104
18065 31058
64558 68388
39437 59079
4942 69806
13017 36498
13424 64543
6597 86991
12930 52292
58415 82136
11350 15469
40733 48452
44293 64030
27624 48566
34700 85793
16303 58494
57508 63060
59989 72598
3514 69410
21249 81071
24722 73155
6336 90038
73306 89384
8569 16003
169 63655
52005 90645
45776 84054
17874 83105
34424 50970
4359 50086
40649 83410
38341 90768
23271 86547
71822 89901
24707 38078
27650 80396
12664 24466
40512 79861
3577 53458
44503 70305
12447 14028
27278 35667
73635 79455
16314 48636
21231 79215
7254 39230
65422 67867
84162 85488
535 80460
37492 59580
30410 30525
8079 9427
19116 44917
5934 75145
5359 31119
32042 77713
7684 10305
7330 78516
40609 56429
15815 31237
34476 42279
47756 72293
30516 42848
16895 29885
31338 63623
43491 78442
5147 88934
68160 72980
15574 31048
6835 26804
14307 62188
8738 14968
45891 46118
3127 90861
1488 58831
68333 72106
7784 79515
13571 17922
725 4157
36470 58250
1402 16195
43837 81979
7039 24879
24793 59851
25787 58961
66436 73039
24810 72106
16933 41799
32009 80898
25797 78636
6945 54302
8584 27465
56867 83074
23408 47425
17765 25794
36116 69780
35179 67774
58545 84819
41359 68289
59044 73998
12817 72683
22661 86380
4755 7303
60584 82011
28966 83341
26721 50922
13650 49459
65404 74019
8240 60952
42260 75847
22505 56246
3761 68384
80881 89269
35965 77910
21973 89114
26528 36767
9108 88083
1884 69820
34521 91470
63447 72801
7682 66271
14442 31318
43613 73151
1334 17746
6067 86282
7433 40722
15427 55338
43573 46753
52408 84590
12115 73656
29819 55670
56551 59169
35196 41144
30772 39692
23205 59156
27506 68128
3907 65197
66549 89260
41468 72439
5624 62801
67796 83423
73093 81630
79500 86853
4787 80459
35637 59700
64093 70885
14034 87710
53031 62549
64076 87805
4136 73501
36645 60152
44080 62462
43391 85627
12285 86581
19591 22664
29659 79597
2238 64751
50157 61107
69680 72096
13412 64731
6888 43505
16730 53558
53428 73350
20005 90881
8777 32647
81947 82080
69712 79151
24986 88188
70246 79199
19110 46782
22174 85215
3999 12004
6954 31760
19284 52707
16110 52886
13577 71196
65514 75466
11452 69259
2239 26796
17403 63138
9284 72396
3301 25640
50367 80395
2729 58315
48389 57589
25732 53253
13247 88937
57544 74692
64308 78541
10756 87050
63529 86058
39606 56590
6395 81543
33674 51772
577 6029
13912 76443
15326 28533
49656 58997
43304 61790
38796 42713
25675 46575
34960 60308
16390 41337
32268 75492
32370 33054
2576 45180
43 85900
23433 46004
6672 53806
35155 80628
5634 28843
5904 80163
11670 36589
9994 43141
41685 91503
39360 75698
4516 8465
32927 62839
29269 82453
30163 81887
59609 89002
16966 73221
17532 29164
21359 65775
16674 36992
30631 44593
6118 48176
2219 15881
42362 63511
6740 16806
12745 31427
33362 88889
4731 61168
14534 15917
13878 75649
24773 64028
7185 39114
60879 70123
44746 81456
23786 35223
45155 87295
1978 52528
41301 82908
48762 91260
16163 43787
60001 91277
22438 68760
21389 78073
15941 46309
31915 46818
8230 82326
12819 39687
44481 56448
20546 90775
61526 85855
23569 30813
54184 82770
10439 74635
29192 89199
8634 82177
9147 51708
3977 85469
17765 47667
85359 86115
20550 61504
47749 62580
27201 80283
17744 35187
34593 48099
23143 64026
3535 15480
24600 71262
32751 33946
6747 83839
37846 78942
27981 56369
47372 57003
43199 80199
11955 44067
76122 77652
58470 80877
158 60613
40931 43184
62928 91672
78685 89539
9689 28312
33695 48384
32065 33031
19656 48915
82870 86523
21030 76565
61559 78530
4855 30445
18428 24094
44354 54586
35096 90711
79181 85476
44814 57576
4906 65553
48295 67576
16441 77580
404 28834
18750 66577
52271 64098
43980 66753
37395 42809
11367 53506
27192 82422
26962 71178
48936 49513
4060 63436
4364 20903
19809 55644
35684 53406
58670 87982
44833 75471
67819 88095
17951 47767
47124 77453
24199 56687
29984 88622
52432 68992
22243 88727
3090 8115
11430 15036
45919 58530
59828 72384
60001 81421
18337 25591
31348 72562
432 17510
1109 87707
20367 80406
8467 65202
32719 66380
15159 40372
42262 73013
8201 30451
64528 86286
7518 62019
8166 48033
9632 48895
83094 88570
36513 69995
25156 61422
33515 60708
37544 82715
29190 39093
70489 86036
11435 29780
45930 47578
17354 29276
10853 38381
28706 72832
12786 33724
2233 52780
76527 85267
21829 53338
63519 74927
58335 79225
17063 79135
9996 49198
17427 50751
52088 81722
3041 21837
786 81798
38002 52358
63798 81288
17154 67901
2376 61774
35111 49088
388 5320
34038 58980
11664 88970
21202 39463
919 23085
28239 36713
4769 54553
22970 88048
38569 82077
24429 36046
30549 74772
32974 86522
69017 89142
6241 57128
21848 65689
71749 85344
9897 69010
31268 61652
8244 27427
82214 89828
7436 13847
45719 67299
30436 56937
13565 60519
54731 83507
23157 77018
24756 35262
31848 43733
61523 80957
68697 77670
9614 30762
39014 74646
1162 58539
8823 87574
45854 53341
32060 45869
3362 72906
55874 56997
49083 72675
30202 32064
78269 79915
18368 63495
46187 90199
45262 77707
40605 42749
51467 68528
1147 42033
14215 39895
53790 75849
11772 34968
32681 69249
13947 69189
40618 68634
67802 73625
26423 77788
29931 33693
10583 90961
71009 73127
10788 82025
1784 39233
21743 61006
64688 72749
