94975 63316
16307 71012
74360 84458
42239 85366
46922 64821
18201 24795
24812 74694
22277 74199
46624 50325
53987 90286
2612 79116
14576 52089
34659 94185
23704 56598
40689 90844
50882 90592
32001 37316
18427 25587
33050 81422
1822 55814
61015 81569
27071 61276
36595 52414
11865 41757
41672 92970
38708 76610
45980 56893
15366 78840
48994 89099
28827 65776
74281 78716
16959 39976
16940 38101
33565 37439
8877 78983
8826 26413
49168 81941
50590 79253
15990 49085
4415 4535
45740 55809
65853 76873
51099 51433
18779 89385
12941 79603
47938 63911
3260 67014
5545 78228
24334 71213
52257 65837
47237 57242
36199 41822
325 74778
54765 79128
65379 89723
1136 77540
47935 69087
45697 68656
35452 50549
4833 8281
36333 81219
21200 53603
33412 35906
44899 74690
46220 51744
36057 69699
79938 91075
65395 87053
57907 69398
30168 59357
40519 46315
66314 79806
27094 61631
3592 26628
46698 92253
58118 79519
33489 59109
4876 69677
70903 94127
15470 26146
86638 87777
34466 55821
18986 37121
40526 61690
28983 65447
22875 62071
8790 21466
58604 90181
12651 40138
52546 59536
25049 35352
7935 55419
32967 37784
27567 33304
14119 82152
12198 49934
37952 87290
4109 49888
19142 40270
68907 78616
4963 19555
18571 28568
69933 94431
67226 72915
18857 94248
72019 78914
3724 60274
12059 65032
20182 92847
34990 85405
12583 14893
61649 77039
21800 35104
38910 93176
15106 63226
55603 63993
24025 93956
4535 33816
86445 91220
33392 67460
7195 27360
37224 89833
42233 87523
14656 41022
55772 80559
29596 70852
42134 58049
41705 88735
41484 42081
29258 56159
54776 90412
6706 53167
17394 93234
4272 84402
6507 20471
51844 81739
9548 53013
35948 66832
23115 27208
61762 90915
21007 60630
35399 74896
68061 90475
14061 53446
25363 45298
20876 45761
51804 73483
30688 79828
25293 81748
19059 70154
24637 27833
50915 92170
20893 80874
77763 87252
2083 43502
1282 4788
29294 64515
53864 58315
78316 82233
58421 60034
47710 88205
16385 45566
13850 29242
81978 90600
22155 63792
42329 74595
24553 87102
17846 68959
43442 49613
64604 84276
49043 59549
43305 61774
13599 42323
82306 83094
14228 46354
3692 26176
15706 89035
29501 94808
56241 90551
20445 85986
43060 71502
29777 64870
21726 43874
65755 92845
51584 52136
54019 92195
40249 78767
6484 55059
59486 65048
36126 41670
83203 84452
42585 91525
35420 92885
47091 78376
32724 49503
57025 65063
36812 53911
53711 75405
54435 61406
32565 91909
37046 43329
67393 67726
35059 51977
27673 82797
21255 57718
64171 89664
42583 79263
55136 81892
23277 86675
27091 43140
57289 84386
25481 70119
62167 75790
19222 70793
18010 62182
31368 88599
15518 48273
53647 85510
54344 66823
71270 90506
1593 32091
25575 29709
27592 75621
2120 42242
19340 92456
14661 56257
3805 21806
58073 84851
6279 94704
25479 60803
22842 64365
80549 80764
14615 73836
43500 81615
313 25750
69612 72424
10182 91042
42456 56275
62207 65315
87557 94874
5729 36678
27859 50316
23310 26892
35628 67130
19214 59959
7182 76145
71212 84519
15946 72975
34359 62726
12218 76590
4669 45126
11313 55123
17776 88518
30008 72608
22925 72814
77320 93247
27093 47355
53348 92149
16045 33184
10283 55343
3636 31870
22603 62043
26552 30472
51439 92790
35917 63474
36537 57531
72460 75250
62031 84624
21832 91963
12535 21373
13330 79772
13647 23361
62862 77762
16480 31316
45213 49754
69038 93083
70439 89634
62410 82341
16569 79529
1345 80583
19548 70153
27431 72965
16145 79148
8078 32961
69389 80473
2105 62899
16768 30917
37694 58939
2279 64138
8151 32743
16320 32071
14805 78119
7917 47673
48679 71695
8979 80990
51380 84085
18545 93199
42202 75633
13332 80410
47037 62891
29263 87648
36729 65789
76656 79732
23791 75346
14200 17277
28166 61335
4845 81421
24704 41568
10027 78620
34113 73044
50316 73484
63968 89356
58894 71978
48825 51369
77381 83347
51944 85299
69281 83604
34056 68006
36910 69945
30086 46888
1026 71942
44239 74262
35136 35407
5061 40219
35844 53853
19467 60244
21394 85456
62662 68805
14135 75491
21865 69546
66726 68001
26878 33521
9176 36072
41934 68424
52925 84523
27115 72964
3260 69516
63396 76985
15394 58485
6036 69262
4107 61051
7146 52054
9230 18096
242 11608
27599 76702
45810 76052
68509 91731
913 87412
17089 84674
31415 73148
18960 36941
12767 32110
23148 82502
29663 33389
41 19289
1626 41183
39135 57812
4005 12113
21054 44783
9381 76056
80298 84125
5371 61296
5941 24136
37580 77700
92207 93322
60887 88657
18058 35279
561 78276
71390 82384
21326 80457
49655 85978
17444 69924
35115 92019
7391 49024
56930 90230
25356 80640
29265 74470
1360 9466
59745 74353
29877 79196
17471 58671
24488 93547
58432 66916
42030 94832
66426 91827
18258 34922
47765 66072
35701 58362
12225 73013
512 69559
32339 62821
19108 21095
6960 52594
53896 71988
34889 82931
9541 57113
23047 57158
66539 81014
18193 22236
2652 60968
7234 76985
8008 46544
7562 19211
9953 82504
47848 61719
24148 40703
69496 75285
79765 91909
20414 66416
13901 31344
56232 72571
79119 84014
10796 57212
9141 82007
15246 49288
47461 56399
36392 74872
6003 75872
34991 81442
82128 83168
76562 87248
42545 83287
20886 38289
48657 77055
4066 74626
5299 54028
46692 69697
11748 91884
16678 75459
3701 74703
51901 78738
32355 67171
22811 39115
6921 23164
74869 83145
54322 62113
30835 81326
17861 82776
35739 41346
9888 24041
31162 39427
51786 81441
17580 77884
20195 79390
76842 79883
25337 85119
53483 55096
46782 63350
15230 70511
19808 36796
17637 38336
33758 63757
28820 47911
22068 85838
26727 63183
6909 22569
4637 44183
15610 16119
16688 84009
68781 87775
51252 81988
699 60764
30397 48339
19668 91568
68770 84811
37282 75811
61912 73376
38200 92546
20582 34757
6867 39739
41625 49107
29397 44379
6994 17490
54456 94952
4890 10089
56622 84587
6108 45739
20790 27778
25020 48700
6593 33383
34010 48965
881 42643
17148 76884
58319 78584
45340 58748
40240 68953
57924 76548
10682 37687
52896 83143
49606 86430
18403 57362
6587 80193
2331 75913
55791 67145
54228 61330
52160 55178
18680 72956
12791 84694
23499 53721
13168 65691
5065 24756
51243 87720
34104 66414
795 28550
13040 93515
33579 59530
41627 48167
10380 88775
42241 86627
78264 78371
12647 27903
5403 80051
13859 34207
7330 54110
9307 36322
61892 82118
14681 31218
52112 69400
2312 35067
39790 60106
63674 79105
20515 25200
54722 82409
6783 38256
15629 86376
28668 46229
36793 52433
46745 80034
56332 81089
9953 60417
42419 61474
2192 51563
28076 80238
2941 66370
4656 73571
26825 45997
9431 31509
28197 70455
38299 78177
67801 70456
4275 22636
25194 27299
16987 58505
7053 80188
11747 24711
12659 48656
5146 56530
53102 62454
53054 63675
42457 76657
3008 91377
52925 71887
988 61306
7801 42639
8229 44900
40024 92967
27319 41013
78287 84324
70400 83066
60016 78257
18924 56729
4231 4420
18307 84814
42885 43036
31090 34606
7311 45847
3224 54829
25801 49829
3615 76277
13151 52263
28459 81273
2918 70114
64645 94251
7871 62046
29890 85671
11633 25321
6383 93127
15868 72145
79503 86175
9712 20932
16899 62578
44105 82004
24980 38093
62727 74584
39085 45164
46588 77730
2748 35456
7860 58447
41931 75345
30624 86342
15474 87629
3406 20873
26530 28722
4103 82664
20260 71972
21855 80137
23998 94252
12866 69567
2278 31935
2415 27435
27884 69114
40073 86851
14964 94461
33125 73938
1451 9410
76602 81870
9014 66402
59507 89026
21284 93244
36083 36925
7384 77995
48737 62351
50269 56524
18083 82075
27969 73862
44127 52435
39938 58033
54926 81372
31342 33449
16211 45286
13524 53351
5536 66282
33784 41156
465 24160
9906 35428
32652 78856
7101 53273
22124 74100
41899 81280
12723 87187
63104 67966
36349 61218
60740 89829
7539 45249
406 53687
60694 65453
79858 82029
5617 56644
6320 34989
26251 91799
75336 81941
18321 45547
44183 79024
2957 57654
76322 80429
34834 56763
35231 89575
24116 51403
45927 89708
67947 88976
36838 66256
20968 40752
45227 45327
24777 29162
13839 15315
56860 78123
2580 40904
30811 72065
61732 77402
1521 37296
17748 34775
9680 69252
31246 60937
16725 46039
47232 65690
37159 38277
15712 73860
86566 91450
30849 62676
5322 90630
22681 53757
22941 62524
27295 88008
41036 54496
62075 79075
14044 79762
45259 57877
26284 67274
49403 57962
10538 43356
40805 76214
32068 58863
5423 15787
14506 26944
16822 50960
63143 63665
6107 77672
11791 80704
18674 62926
9905 13965
40627 93324
55531 69472
41550 79156
57759 82048
41150 70196
13976 59757
1024 50465
25069 52217
3666 71712
42443 82867
22537 39882
5840 81645
25248 55497
67901 83083
47681 65153
12238 39877
21052 93172
83980 93060
6870 94923
57360 65567
49615 90851
28357 68327
1693 30175
38407 63365
48220 57428
20631 83489
44950 73442
10043 11909
34926 69588
74490 85574
12825 50235
6721 32123
42697 45017
26361 93289
6504 87824
590 30218
48504 78923
7401 41323
59392 88078
9737 65074
60953 72155
17318 17345
15338 73225
29902 79058
5592 11960
76080 84459
13667 19684
36814 53171
23995 80811
13357 27914
61523 71257
33692 51141
6293 31173
4104 40828
37578 44812
30762 62164
51306 91562
42079 89039
9746 33010
27195 90603
5449 37832
46756 88735
9694 87092
32415 90791
22676 40980
43172 88130
36571 84553
16939 70771
59456 74688
4981 46587
7889 66547
33335 67383
215 82921
17326 76892
4225 76138
25076 64816
32537 66334
45018 51955
71225 71785
14156 15851
53335 71561
41823 81400
42788 60508
83104 93284
51446 73019
27199 58684
80467 85215
15038 31897
54356 93982
483 90189
35756 75383
27534 65436
77537 87445
39341 59822
28044 42864
35718 49526
70357 92525
5773 72318
3486 4856
9359 18731
22200 24796
42862 65864
7031 41113
12055 47644
49527 56388
63931 85070
46818 87644
71944 84735
6909 12714
7715 86656
10623 90166
15454 38281
51331 54096
28463 42537
49578 69357
1013 90714
901 24119
29854 80615
57435 62534
71585 79516
81735 89047
7536 92857
55670 80424
51122 89415
14645 65345
17965 65772
33205 38960
10436 38061
46960 66685
55463 89462
68899 86460
19298 44950
49937 71135
43440 54549
19955 55734
49610 86203
33429 77157
12249 30367
52493 75469
20940 41787
57789 88303
48931 78155
33634 78115
9619 90100
82434 82786
42386 54804
43740 63185
4373 88900
35995 67185
15231 79286
15365 61306
60726 94686
59326 74950
5165 21965
43076 76727
56211 83024
30551 70697
29366 44903
53797 64422
2432 41601
17303 45580
8974 18185
41438 62104
31120 32079
5703 91758
24815 42606
4410 88777
26633 69547
6582 12119
64050 68472
9414 21202
47274 79512
22525 59437
12301 87364
2333 38551
63612 70268
44509 90050
5612 28966
13336 55545
24777 61047
29789 92821
7061 87137
26065 57265
7055 7651
13176 38178
5650 64353
30679 55846
19751 56730
58722 94453
41478 82537
41792 79653
1440 11721
81237 85991
44597 65282
37472 41101
20824 33699
2487 24948
12243 13255
60927 82033
56408 60221
26394 81425
20691 75038
39543 85189
10416 64459
50769 65559
78049 81046
14901 37676
66920 68954
4389 87722
41847 62561
53591 83189
54983 89572
68075 93261
43522 65552
36682 47401
15766 34513
81935 92929
55387 72698
5508 64348
55868 88090
32827 54980
65878 69456
19854 84797
555 68774
73730 75269
29361 38948
33107 66740
6591 7047
22039 80204
24431 71420
9610 39296
1539 67778
5427 27379
69803 81007
15427 66362
81137 87795
55047 80746
6855 90078
4475 81216
22737 87633
20068 22755
20619 48463
43220 60927
62793 92693
48541 81597
51884 94278
35467 71996
19701 81276
72273 83338
21751 75040
38205 42381
49616 85516
25893 53771
22052 80104
65483 89961
16755 32765
48401 65772
21399 23970
67913 74404
77495 86099
24794 47138
10169 46549
70992 76127
33515 72578
4833 70181
23166 52039
5601 39090
69061 87885
34568 47089
12849 41459
48681 82552
6994 44955
6871 72983
13543 71215
11484 47105
52386 75324
56886 75507
51509 56995
25324 72788
6625 45937
38737 73099
47579 81331
5436 30806
33004 63911
7642 37622
12685 73645
21508 84115
29867 54656
20196 44960
13568 58534
23806 72563
11379 35492
81590 82502
2296 47507
27692 27749
19587 45575
4625 44474
551 35698
11669 88630
17901 28400
8165 29994
19849 69959
2343 64366
2388 63409
36842 42410
5385 86036
3221 42132
20806 62133
21812 52141
56721 85651
7104 27821
9391 50327
3583 60188
63979 68026
57647 92735
31739 76310
47076 88108
20528 49430
49252 88658
49653 56881
11151 88413
35748 39576
30833 93528
37260 64748
17047 57624
62236 87836
468 68641
24309 27264
9638 59034
8785 59632
53874 64142
6178 12985
61204 92409
79969 81017
34872 55524
5161 76847
29000 81080
8595 33511
28975 35327
21663 28043
43331 81596
17720 24171
14131 21590
51733 53820
3734 49467
16317 86825
66948 86609
5176 93866
2379 24433
76012 87744
315 57243
44222 55752
54645 69440
69646 76900
13826 91649
9966 51664
29566 55485
32911 58537
46149 53541
34873 57992
879 46255
61672 80530
57742 88890
27400 42777
15966 53004
9761 62039
9798 62556
57836 61016
52208 66362
33981 34392
8341 87965
37267 55225
31427 87167
73208 92600
9065 78740
19233 90537
42233 70286
6192 30614
22527 75927
45554 52510
45331 62193
7275 66318
73600 79572
55877 76205
33657 88405
22469 42731
38937 56546
29823 47733
3028 94382
22734 88078
8421 44863
2822 5733
3421 78481
71118 77344
4629 84611
15148 84624
8924 81865
49056 90511
50460 72936
179 63469
8772 8869
37459 61508
22621 79044
2732 73361
8718 25312
73475 86865
50668 73222
65017 77318
22399 68722
1499 86439
21618 42694
46041 64653
58981 63377
5542 49679
23889 66157
51015 83712
22421 79513
56896 82824
27582 35672
26822 47256
14046 85107
13074 16259
33415 82368
56207 75915
76616 86820
51744 51958
27631 44051
15807 75538
36491 37691
88720 93571
8180 52934
7557 51600
55648 77133
2691 38792
26950 59930
34214 67642
10057 38172
9300 41010
12674 81243
50776 68806
52816 75740
39608 94680
58621 87098
14040 49002
42368 55013
38175 51983
49507 78960
51642 59706
17821 20329
68544 90025
56795 76138
40315 94293
46836 92597
71755 74114
30581 75512
66678 78480
45675 49658
28859 86660
29652 34317
10433 30503
45593 84130
19010 23217
46438 91180
715 29231
36691 58858
68020 69084
15492 37932
8595 60200
24887 79879
36363 88134
614 45684
46126 72709
44152 81933
745 37343
55982 75079
21270 73855
69367 89556
1971 39948
12882 22158
4678 28584
66186 69592
56489 92951
28430 79816
70429 90654
12961 64633
49817 60825
22426 59552
16195 65213
11871 35743
4205 54982
27133 55677
47466 55701
11262 74234
20687 33781
68525 80099
49348 74582
12119 76965
14022 54161
18088 86094
37515 63505
16202 67256
19165 22992
9798 47953
53287 63918
11916 92729
53635 92951
84812 90380
84686 91665
73360 78264
29437 80469
12151 88442
20814 44750
25248 57407
5350 23140
1072 31548
10093 52480
62714 85731
50058 87573
541 37011
39714 90091
55399 57640
21501 75827
66279 91904
13289 88284
60980 62593
74187 91882
5776 78992
29944 85212
85087 85713
18877 19630
49210 57413
1273 3172
21761 91752
7094 40804
4315 84581
34163 89495
7126 76051
48526 85810
25684 84397
9798 36231
30005 68786
8023 21817
16574 43163
37961 41579
52165 83835
10404 14344
41730 66277
33574 48325
84346 91550
83531 90791
58047 82433
12006 17834
52483 89667
38039 73659
8120 82462
36993 56007
27786 79980
83105 93579
11121 42697
362 3828
10578 56352
55572 81695
64522 92846
5886 14805
37191 66616
9341 24530
84501 85798
28969 75732
773 87096
391 84831
7562 88740
21068 53686
20362 71378
30 8659
63619 71111
6037 67056
9065 13258
10461 36032
5267 24307
75168 76323
45377 86947
34012 38931
29060 71802
30830 67828
17365 59174
63453 72413
564 23050
29521 30134
38835 53977
4237 16127
26303 29555
75853 86443
78485 85519
35930 66804
8362 55973
14376 32573
31640 46024
53261 85404
683 39346
33855 80787
910 71030
37307 44646
74870 82904
59721 64758
7405 93514
36706 85321
41304 70132
79260 93995
58157 62300
14248 28161
12769 68051
40799 82406
43841 91003
35977 47597
1828 91622
23692 49451
46529 57249
40485 53676
56621 91304
28825 79780
46098 67698
20771 61601
63564 72434
6006 23519
23358 75195
31980 51979
11858 39220
79490 84900
1406 59978
57381 58058
91817 92161
61375 91164
13902 32067
15710 88875
12905 18391
26671 30698
4069 82625
56175 77794
33306 64392
1873 10285
22600 84582
15242 60735
7527 30180
68678 88816
22326 57208
24933 58167
10939 86971
52075 67543
56557 72740
71254 75292
5996 93546
28636 66985
68390 77460
5905 51085
63363 84611
51278 69718
39971 92794
21950 92052
20388 49228
48533 83846
1758 89824
4770 5794
33666 35173
11041 33024
2465 59793
14217 92143
32628 52296
18296 25599
19411 31688
62595 85580
50709 61403
31285 37291
53222 79710
69862 78376
29782 43908
25793 62048
5864 35291
408 58493
12564 41353
2485 87913
38335 83142
33671 45351
28681 74699
679 68729
83310 87029
24098 82024
15995 43059
1212 85639
86069 86500
76015 80524
7245 79805
36963 79149
62765 64150
17788 66700
59587 72861
57203 57807
15429 15957
3681 68011
23411 73644
58333 68681
44956 82153
20958 68107
53770 66189
21530 69057
42663 84788
33510 84627
22713 72699
44841 53894
40768 41561
37238 94548
38217 67363
63567 82296
30504 59451
27510 85776
30761 75520
21248 73672
27641 51805
14193 19152
45147 91619
26074 66749
60260 93151
7830 86625
57901 69370
6912 38448
2085 86974
9969 18280
11643 26247
13996 29085
30439 39661
3708 41983
6827 21053
24219 25614
8357 27676
1328 26657
18090 72305
5905 65564
60318 77121
25334 68512
41109 88871
69533 85931
84528 91935
14883 69419
35549 54082
65607 85607
6099 83690
12091 59762
19090 34655
43989 58641
20064 88848
50660 92134
18659 61223
12594 26025
8490 76398
25251 39092
37824 68497
30591 61392
23666 48806
70102 91763
38173 94122
49292 87724
49115 66950
33071 48820
2545 54484
28247 40355
82372 88793
5971 17346
45542 86864
27561 72952
47984 93743
1632 83159
11607 91232
5937 41793
60366 94945
17225 64929
43725 56538
62496 77949
33720 87179
20963 37390
38607 49986
4745 50102
13135 67157
15083 21966
63192 86279
57970 91934
29518 35032
15932 31316
10649 25071
30298 93276
2920 41449
10163 91319
5279 53162
8522 15947
21423 23402
33963 91416
34201 79121
6282 65349
37370 51748
3448 11198
12613 42147
72909 74257
27458 31652
3937 92399
39288 42730
26779 82041
2374 27941
22319 28711
34983 84345
66637 85256
43430 47856
60738 88070
14018 73546
8562 72401
44689 91681
4305 28383
25819 79438
1617 19638
91301 91947
26563 68390
1074 24128
12527 87802
21942 61914
7658 28039
37925 42586
5415 85336
28185 40785
35322 43053
48400 73717
53913 74571
22878 70648
25544 59419
23675 70169
40560 76112
8689 81819
16346 67311
8661 76002
64296 74208
17579 87220
4293 91386
24228 76000
53059 53364
45587 82756
27221 64599
9360 65846
50589 56231
49357 49463
45373 59657
15377 49846
30963 56291
18988 49162
33641 86270
33502 51840
20527 32453
35704 87000
64132 93295
29706 58876
1871 16797
62662 93120
67211 92673
14471 79828
13882 65456
22881 76417
30457 59412
22982 34731
13428 20172
82258 91715
74823 93547
15656 78531
8162 59791
75809 92244
44549 57656
64856 86107
5473 22757
4503 75649
29119 34963
44357 57715
32001 35927
4552 66534
56413 63334
39911 72250
48144 65708
2274 47674
18241 83324
71112 73760
40813 91089
13194 93047
35283 65514
68901 71852
7409 68301
74045 91407
48152 48874
37785 50744
30217 73254
19377 25771
18318 69561
66114 69810
32725 62518
17918 53079
47944 74815
3416 37943
28367 89056
72939 74817
76533 83297
54545 68747
1773 77410
42984 54194
4103 55929
25023 71473
60781 79816
9037 25853
42058 51485
25544 78766
27061 62664
53511 90508
26371 92147
14816 34843
7832 90619
34616 50955
11234 61600
15118 83882
42466 83760
31630 91300
3889 14510
38582 73143
10536 58262
50102 92472
53957 91342
24009 56098
29120 71819
62984 71464
16810 35895
44677 64407
23194 60604
16127 81230
13765 23936
40319 83928
51312 71169
29422 44068
34951 37899
13804 32827
54087 61703
1602 94262
34361 91804
17831 57692
28727 45185
14511 69838
51073 93240
74193 85117
2732 79644
11952 62183
1363 60465
82434 89192
5122 18097
20686 36862
41871 47091
55897 92318
43360 49498
3637 16619
51727 71418
35532 85315
59571 88191
27194 66045
62012 83672
28572 36712
13994 24929
51570 58252
1722 54149
3883 52173
1842 93620
50877 54101
40782 88617
3295 5902
74166 85324
6881 36340
32086 36623
8533 89486
67211 74497
26078 75023
70585 83766
36729 75928
20555 31119
61735 86042
28107 73138
17350 93252
63425 93236
25581 85460
25111 71739
32722 37034
11609 37004
6217 79469
18832 32748
48015 70844
15705 84590
1426 77389
2989 24761
33580 36423
48429 71711
4837 16646
18816 33569
42069 82266
42736 70119
10134 17448
34487 87032
507 73243
978 75800
31211 59104
33939 63898
215 44100
47650 52631
32524 33234
2269 79310
4802 13530
38659 58852
6867 74254
49348 82531
861 36875
23368 29503
51579 83425
49983 69868
29459 41531
15990 32200
4301 87779
83680 86937
25861 48659
6883 25939
10196 22439
26092 35929
9923 40232
7620 68429
5535 19353
47207 69279
2373 64790
50451 54945
4834 74179
29269 85993
2654 47214
32251 33362
35817 35845
36164 92019
18314 94814
30861 45543
46937 91945
15051 92191
6041 19665
21743 28260
16992 33992
15016 74394
33532 41127
12458 46922
19002 65150
13934 14223
32792 45936
80352 87198
47832 69317
20430 73186
31455 61231
30447 62468
8565 12886
7489 91763
69179 77296
27250 48659
9897 17491
1567 91811
28805 86026
9283 28239
42088 83278
66416 85244
3404 15366
12036 28500
75964 84876
14444 55021
52350 74783
30711 75212
25260 80922
23004 87103
53758 71326
84433 88523
78377 79210
49452 66040
50275 67336
50921 74175
47155 84628
12017 77088
2410 40461
8688 76821
38370 79087
21068 92784
7042 85710
70080 72751
1739 64061
45595 57359
9161 12569
3560 18534
56421 78776
78244 84275
8296 39953
63170 74141
23882 38418
66310 91839
8575 38108
61656 66566
35580 86882
6230 16125
61320 73028
6669 57478
54519 89519
25535 48343
56984 81316
42940 68156
22260 35946
19148 52924
2966 71689
11043 54134
8343 51322
22166 28904
27587 63523
4505 65739
14118 33660
14335 62081
2535 72914
32108 65410
4990 49582
68828 74113
51067 55943
3625 28340
24531 56649
23173 82016
38423 49695
34570 61460
47419 94665
17352 33149
14077 37286
27268 79057
5190 92686
4872 26507
29034 40222
20403 37405
80841 87896
39074 59440
26151 53360
30911 45369
18974 90248
37523 74205
7028 80297
61707 62827
23991 33633
37844 46936
13840 55390
23890 88587
31845 80890
68089 70373
11026 90170
67303 73283
12338 87915
69668 80764
37673 87520
29413 37779
32602 42658
41436 84139
83755 83876
35602 51330
63902 73386
34520 87168
33458 35210
28129 64767
39043 71835
2594 45503
37241 80432
20175 89889
1815 55711
55247 63332
47748 62757
81850 85009
35048 60063
5974 78479
65631 71618
27925 56856
3639 5009
50381 76141
31876 36677
45198 63223
14961 21463
23833 33580
40195 93504
11137 91850
14822 82582
32889 62967
25983 67688
51541 90918
60925 71869
15536 88455
67158 69352
33227 42997
46179 63807
38185 45073
52913 91326
37241 60503
21571 86080
10340 86842
65444 72209
79371 80031
54295 62966
24760 72724
3178 57926
28002 63858
37376 49453
31208 79652
37357 83311
4044 53403
10261 55961
7935 59549
724 30804
4893 92146
51457 77231
74070 92751
70972 90205
8685 9673
34430 60145
45133 71568
10177 35016
64404 88787
79455 85344
8675 85201
27723 52553
7756 50954
46062 70527
2903 51489
6005 88511
3239 20737
42435 87339
22948 67285
34364 69338
16129 41142
30477 62276
3819 78991
57745 67912
23969 52860
18608 75861
16244 27710
51448 76396
40004 63369
33597 73302
14268 54835
41399 94322
48377 80484
30995 86845
30878 58089
41649 62939
76338 84252
9106 11024
14967 75721
8125 22148
59031 84336
4825 33703
82457 83360
61323 92636
45068 78601
73425 90747
31886 67905
5453 23105
43480 92045
3890 44797
15270 40036
64824 70334
11869 80234
52808 83448
9742 35742
62393 66162
1501 29654
44045 63665
15473 92596
27831 74297
17541 87210
9976 89931
10565 53583
37829 51149
5411 86085
52437 68232
50351 76136
15315 45075
37433 57572
28130 50626
1158 57380
26439 88164
48114 73034
46971 67977
27783 41971
54375 81295
4456 64991
26801 92938
60098 63977
17277 65994
24452 45872
15426 89310
24633 92565
25250 94965
10479 20430
9760 20849
32794 63270
28630 83619
44733 58147
76447 91930
32862 68668
35395 42184
64325 94474
71846 86302
4941 13707
33491 47542
21402 69936
35303 51322
27675 81807
50829 65372
53837 68412
42758 75835
24973 35657
50328 69445
20037 91324
22598 75367
81543 91242
44920 89684
27899 42906
41973 74066
88345 93930
13734 22265
25918 26278
25084 45014
23590 75603
35094 59591
58023 66875
47335 53272
45459 84873
18921 94693
70995 72267
33904 69479
10958 85846
46445 86131
54388 91120
11586 59603
29776 30548
28814 52504
30315 35489
59929 88254
68851 87070
41962 93175
27912 28693
7130 20051
55308 77296
44102 93268
390 90102
77 72678
15181 39265
43691 49435
54981 55611
15567 84401
25672 41752
11341 44615
89370 94742
53915 54021
44727 61186
41336 62583
67671 78725
4056 17849
46757 86330
31648 77732
43335 67529
19039 43148
37239 59655
74493 89219
21472 92290
18099 92968
61062 64761
34181 63640
51064 73383
66375 70605
29579 84796
26376 81425
77526 88379
86186 92246
4422 19523
31885 42791
54840 81661
12895 72629
75168 75937
29875 90017
60229 88907
26567 68554
8878 39795
2156 62941
33179 40706
51078 82296
745 53884
34874 78987
38985 92239
14770 28405
13025 59110
47030 85399
53617 58235
49913 50274
25429 70308
27291 43271
26208 38595
47124 82757
3433 78005
9559 36871
64436 77163
64557 74084
76563 90046
72644 86851
5046 33657
25259 35633
20003 29647
42235 68727
52956 93162
70700 88297
15868 64470
47730 52977
33273 67074
84453 89365
50011 67017
24377 91847
49165 56025
20250 64800
70037 81973
24030 61170
37368 44672
11369 86733
29846 68315
38236 57559
11696 55633
10405 77790
26784 28446
4981 33500
47676 65389
70367 83824
15288 86671
23615 33095
22730 76101
15015 78670
1897 29263
1182 8802
20069 39039
52339 75015
15587 90388
10153 69259
8240 20349
1512 18337
35614 50104
28164 49541
38704 64074
40188 74512
856 76981
33306 41373
3350 57750
57105 91891
41032 54822
5456 25620
40546 42001
6055 49366
83720 91992
52911 90929
36107 86632
27922 52871
408 48426
12353 29338
25621 81754
58218 58241
19989 21422
52605 72530
11125 66503
72647 91785
8007 18995
90331 92430
63160 66768
2494 25989
53548 62729
32942 40379
70308 78960
80341 91899
2693 79983
33136 53249
62596 66918
48156 88474
16713 25030
74421 93161
85700 88497
28073 74019
34097 63068
23841 78122
3859 38710
3834 33455
13606 18567
30994 53671
7228 62699
21685 90864
61069 65065
37447 74539
11931 38188
60055 67375
4831 48212
19007 29807
23449 45411
30817 51580
13048 50034
3202 21371
24762 25578
70220 77493
9449 75267
32508 44382
14619 49446
22401 34407
20651 78358
30201 89350
76055 83062
3137 55344
1194 5175
13023 46717
34064 85955
45018 71492
10231 30181
2899 71987
29135 65478
39482 54236
30787 49902
26691 44988
9432 54751
28996 53124
1116 92511
47727 86931
19474 68195
62865 70696
76938 92738
6705 11262
24073 44319
8610 69128
6613 41342
18131 74321
71269 71876
27070 53348
31564 87261
23887 87786
71044 77803
14018 40868
73789 83697
45715 94467
15518 69891
5784 64100
31051 45607
53900 62762
37287 71696
9770 45553
65881 90750
6416 45387
32708 51904
53255 57237
5556 42629
20936 69759
13363 19763
38954 60275
59155 77943
66748 91214
77410 84420
64746 77353
50293 53008
27626 75759
365 76967
11223 93604
41175 65635
79872 88872
1118 74099
15428 58857
4401 46189
36806 39845
22461 34353
10154 84873
43615 87139
38270 55758
9721 36064
6915 64769
11683 53562
6111 92392
2441 61059
5371 68484
57796 71046
708 7947
45279 49656
21821 45880
78049 90403
7735 77775
26939 90448
51514 77612
34938 56841
50519 76695
13627 48476
6227 74177
11646 85723
82342 93264
2456 31776
13838 74813
59528 85017
65535 85604
54483 81422
45483 51163
56732 80021
9246 12792
35636 48097
45556 67456
73294 82325
7372 22938
12530 14848
66168 77505
13003 78465
25951 36290
33724 46171
23044 69922
45682 51447
32427 81287
19490 84097
7443 67407
32560 54519
5123 33061
19351 56053
321 87028
2114 45400
33604 57707
37613 72603
5922 80975
12651 48976
14094 23364
57586 78784
69790 86054
1220 2017
11590 38910
54016 60699
40036 58813
12916 91571
15610 36610
4465 63195
54375 88445
23209 35338
6208 90357
18175 90709
79733 89903
42413 91492
9587 29759
13362 45496
12522 80098
41404 51123
78262 85912
41682 75666
53118 64062
26171 37581
42486 72671
8647 50384
38527 58035
41137 61029
23038 60161
4279 69462
29018 32966
51867 70309
39762 63238
54419 83752
4794 46355
52728 67226
6570 86643
8776 71966
62598 63063
64885 83696
20246 57581
40993 92710
26150 57149
10778 78532
21906 53840
17814 48088
33153 39568
29044 58874
3080 7536
29236 91838
9914 76187
79787 86381
19487 59535
61502 65014
56855 92364
51520 57171
54757 88814
69630 87291
37707 37798
14413 32723
1668 13323
54756 72036
48921 54092
46202 77528
15176 47488
18284 52236
17503 32028
5512 61850
77176 88215
42901 94143
44366 85333
17240 31429
27423 61052
48930 71837
31731 75560
16580 42957
2650 88936
26294 40398
3109 83492
14321 20435
3806 19075
44583 48879
47808 66343
14915 91791
33577 93279
51960 90433
14538 76154
49217 74127
5668 23153
48079 69009
59771 61461
31491 52759
7053 88791
34806 47573
12649 88128
10094 10483
1016 72987
17959 27732
14348 91746
6607 74617
40328 86548
55865 58119
26888 89888
44175 54063
36661 78573
34653 50052
37061 72933
26953 88383
29351 39761
20415 57681
62799 74430
941 8515
72869 91772
40470 94573
2503 76946
5528 11964
3313 93587
91115 91134
42979 71963
37293 65700
79969 80061
51784 65780
43257 76683
47404 53532
4719 43657
56368 91589
74758 78370
36009 83908
31435 80076
2071 70609
3439 83572
32337 42076
63133 64749
52490 92866
2393 84756
53948 64352
32576 85261
6849 14970
12512 75375
13937 26002
7792 23872
87266 91050
80574 90638
10887 75983
13357 24991
16466 58650
37484 73277
7940 57273
41676 47051
5533 52506
41093 70228
35785 62824
7097 77003
6658 31266
70396 80902
56489 61314
18846 77720
2637 17639
42619 48272
51632 82625
12013 81744
78211 81683
54843 58216
27418 86516
52552 74353
18207 50127
20552 56235
26929 50402
23736 65673
7149 36693
41326 62848
9732 68012
14060 60950
12103 19630
4660 43452
11023 41803
49690 75915
5377 45471
15565 38419
18910 53473
36354 79191
10753 43899
56507 85716
83079 83559
20636 45037
49855 58566
1402 34167
11941 75754
75219 86854
67002 81454
12387 54362
11529 34628
60118 67956
50226 67325
5673 54544
21645 49517
12335 59273
42253 84883
19638 77552
21998 43822
45154 89676
19394 68980
51303 88364
4915 41669
41858 57221
28710 37864
37992 88429
15357 38191
23417 39718
37098 94409
37449 69388
53419 78321
31044 57860
13854 22357
76703 89162
82441 88064
74365 87236
413 63270
78166 80898
72 21892
25753 70638
15095 31425
35247 66393
11613 61592
37913 71009
3273 64195
27843 79870
40651 45910
11068 34059
45323 66654
14970 72977
2402 34047
31331 41224
78357 90944
3283 58603
27383 79954
15001 25846
37076 43321
19562 64193
64828 73380
52010 92989
52086 84431
59738 72553
47381 67890
23562 61480
15017 39698
54610 86746
15493 26791
45360 56125
20401 28642
18675 68176
66398 68292
60665 83285
31178 58267
16200 68836
43641 77128
33283 60937
12501 13956
11628 72157
68616 87433
22188 39154
28889 51916
23031 58794
20923 80357
32520 60190
55053 81756
88524 90125
5162 84911
836 25199
63207 68260
21504 49304
3649 70886
49585 94352
15148 81385
43763 57123
45375 75290
3465 73006
22933 86676
940 31481
15345 68231
22768 64339
49782 50036
82259 84250
39603 50420
65448 84517
42705 45324
40264 77751
21859 59532
26369 65872
13157 37843
22706 59816
7478 20641
32536 83250
42246 72770
56290 59978
14016 75043
26946 86804
42310 52676
68677 72977
48712 90226
320 15707
12739 28019
10387 17688
3912 21846
27964 30075
2724 89804
39241 89613
46291 58545
45858 79987
37435 91890
45969 76446
2632 86077
58526 81925
45024 83420
21211 40620
6322 92595
43544 80030
57114 86333
70651 72923
8995 68774
53620 85000
3340 29562
32002 35325
27244 81595
44748 63024
35557 47180
53680 93853
74289 86423
74577 89940
43243 60964
29031 79265
40846 82858
10723 52438
38967 61394
20664 87951
41714 88463
46616 63244
58507 94729
1867 31495
5698 89322
24168 60950
52709 65099
31305 63420
55389 69444
9330 62309
1030 87170
34880 77916
21641 85004
23247 28920
45678 57961
27268 29322
7445 35881
45828 55918
36520 72012
31885 80248
20576 28871
27261 45581
21094 35728
23387 86982
34487 66806
10428 32596
57215 79212
32657 64532
31628 88159
28125 52175
29785 92212
63186 89397
30981 51626
38671 48893
104 79275
22024 74140
60071 65510
37921 46842
22172 41577
37289 86937
5841 13247
42954 83140
11156 44874
25831 63626
39739 49367
57007 61981
15318 58662
44977 63732
3074 22052
32704 56014
22390 29811
41571 57312
10708 15889
816 33559
57644 86536
53760 79075
43006 80880
66965 75879
86435 93896
45120 54089
16649 66428
46716 47621
41091 72981
59050 71458
50027 84825
5722 13784
80399 87155
22015 81702
6220 66907
30938 81993
1692 66816
56300 92343
27166 44222
14261 29233
68760 70363
91025 91197
41356 70433
19555 76255
8865 33991
64133 82046
85260 92879
39463 62006
82766 88486
9201 20694
48113 91246
31375 93244
18225 35861
74690 91233
21850 45379
73179 88471
56319 90047
22844 79593
10489 54282
26902 39222
44424 65213
25430 73442
20152 61826
56143 79060
37803 77130
38022 63585
69953 78178
28446 75732
26831 76396
5185 51697
7234 64076
12926 87359
13265 33388
60802 69327
48843 63206
35006 94435
18713 40276
46310 70466
37446 91059
60807 77683
225 87272
45026 77781
8585 64597
50736 76391
261 35216
14498 23541
8292 56188
54395 81125
23578 65891
4410 59430
12518 13279
76828 92823
50779 74219
46833 50806
465 93511
20785 54032
60164 73461
26246 67035
75276 85260
17585 39715
63853 80559
51278 52612
43263 87539
59056 78408
10318 41010
45305 60703
31741 93417
41126 63390
22238 66602
5280 51502
27011 50414
48238 75707
15 48537
9429 44958
36782 85214
11047 42827
39078 92666
14961 60687
11022 61263
48056 89127
61783 84047
16706 49235
72784 81870
2653 70187
12545 40126
14821 35996
10587 67904
74876 75016
30906 31565
24244 58822
32463 87495
53517 94698
58378 82506
80785 92586
60132 82937
43036 56290
48711 53572
12199 68398
8725 58365
10905 36073
1443 83714
33594 41433
13312 71999
58841 84193
20526 68252
60522 86477
38513 66888
41856 78163
4310 47151
101 66590
24835 61503
2202 32210
61601 92321
35208 37525
38080 58809
4928 16621
80243 86838
27765 58788
3877 69782
57940 64810
33783 91149
15540 64021
45268 72922
10314 76580
42742 65683
36851 61603
37063 49510
9859 19906
26177 80576
23914 47472
13357 86669
23598 78493
29919 88108
12341 37000
565 77914
52710 59749
34759 93498
39086 59104
43352 92654
11572 76227
23231 83853
58006 93342
52613 80707
24064 45888
8198 89426
33033 76332
728 18950
36612 68654
8674 20681
61165 61655
23273 69794
42665 61266
16555 81227
59247 67913
20195 78029
34909 72376
26436 80628
34396 51815
44088 94115
23245 85262
37577 65028
3313 80265
41100 92879
68001 73175
24892 93017
1271 20197
30420 69633
46122 65905
23860 40212
3036 74202
2335 80841
57872 83369
38702 64752
27444 81069
26952 71349
5273 94180
5553 61684
16200 16996
2688 47150
22189 69816
21548 47318
32004 78199
67538 83353
14926 28062
3241 86041
25282 75682
1688 43505
287 58246
59772 68061
25788 68426
31915 90294
20136 65539
2398 84391
82498 84735
6188 31717
52607 72680
2698 28947
10445 82964
10388 47682
42078 68215
4964 10029
46471 46915
9008 15181
27027 65277
49313 82590
34693 89937
12193 27186
12103 40822
20631 60107
49880 94076
18626 73545
53541 81324
21986 61568
11926 21670
5704 40542
44227 74662
2647 70654
43097 49588
3349 80899
4623 55048
27080 52610
27115 38077
66037 75780
57901 67774
7649 16506
12641 33723
35179 67433
22571 91819
32585 92766
87946 93993
58869 72841
3523 82200
8059 30689
14539 20101
18454 36042
3489 64319
73809 77054
4570 94115
13509 15796
17313 92283
45602 64530
6128 24942
6741 40425
4882 6802
48212 77403
2535 10489
18158 45547
57021 61317
45239 77428
30847 82763
21660 41611
20538 30723
18828 46233
46707 59808
49170 80731
44424 83780
44791 64491
39748 85618
25690 87141
22353 42766
8993 93145
73986 78968
54910 93401
71367 93484
63339 83565
41630 85128
24097 84449
38975 69745
59685 94530
50869 78657
40190 84399
18461 85560
85 51366
28304 44194
65109 86750
66612 69171
53165 80767
26112 81225
10051 34512
57267 65789
6792 41129
5076 45536
67374 93752
12073 68226
27397 67512
10066 44525
55143 56295
11748 27129
20995 48663
31848 68043
76780 80725
25709 76561
39575 72458
28792 86564
10734 82053
48316 64718
35592 57533
8625 34611
22786 87974
26612 29522
10350 31021
42015 58741
50831 70467
84571 87987
33838 90730
17587 77099
27914 31807
40508 76951
45419 72307
62105 89923
40335 55256
24705 80642
48401 83921
2610 63766
57013 78606
12752 84993
9556 63477
12173 81561
24184 36899
6613 61302
36320 67450
13480 19542
22478 88763
14429 23047
37389 39599
76295 94271
20499 93209
35048 51190
26715 54508
29468 93716
62333 86453
8546 80762
56696 77259
811 72152
60564 93536
14154 61001
3128 46451
45432 73958
65747 72022
1219 83143
60271 65192
65266 80538
66613 93788
31545 77049
39944 41992
43882 85121
68040 87963
26520 57701
14058 42143
53528 71054
12565 90809
12564 74642
44958 79045
41576 68744
4829 86119
9783 31832
49563 57217
16093 71081
26067 43341
64190 66442
36346 61712
25377 58363
75549 88396
16233 88353
9818 33483
3653 23439
3813 52052
69446 69582
3809 63658
37577 76389
51514 92364
83095 90069
85670 86245
38053 59847
21871 53571
15428 61150
21842 67282
9420 69210
11134 57506
20301 56143
14151 44771
27854 91827
49860 76987
72116 86371
7775 47048
20376 51216
66625 84684
57785 64282
54988 59697
3984 93984
15525 74025
29384 67644
8435 38000
60703 76142
38470 87436
25979 77678
46538 91905
37151 88830
46070 56492
69371 85802
1829 67646
24261 90013
55052 61826
41371 82346
4638 18487
58338 76498
62951 77693
48347 84576
2165 44608
30504 43794
22690 74974
30378 62266
35515 66787
79098 85836
9858 10205
36100 89576
7318 61176
8188 78592
65675 88125
587 66266
4014 11663
34450 52593
74651 82421
2659 16026
45063 47587
37059 80978
62842 77494
49587 67587
44744 90536
4554 78748
60390 72717
50125 65153
7593 92905
10287 92265
43918 86773
16552 36720
48338 72075
82614 94696
22986 75530
10055 45246
27134 48447
69993 80584
26192 80351
4977 63248
85453 93512
73901 90337
5647 47473
68687 79089
19787 38575
10593 74554
3126 60645
52992 83359
10574 22322
28886 39805
23516 87611
58313 81810
39536 64210
49321 84783
5427 62002
51618 85208
2591 93890
24744 81436
1714 58707
32339 70167
2961 9818
283 3125
38633 46951
46471 83482
42123 75235
29626 71783
50631 75227
25531 69419
68855 78814
10133 43263
10239 62008
55627 82093
11444 44219
63734 83982
40460 57483
36590 67743
365 35588
58321 73106
47102 88110
41701 81268
45875 61664
5247 74514
32539 37650
2840 92331
25465 61069
244 59975
2921 47846
18580 38448
73004 74078
34355 78236
21150 81193
50045 74069
15996 32265
9069 12060
48770 87203
17185 63784
9002 89481
23100 83001
56934 71455
15717 73427
32386 66543
39934 93587
67276 81899
23926 53123
78166 87643
7322 56606
66961 80160
26974 41592
2907 58506
31125 55550
22165 62474
65233 76515
5416 89195
43481 64164
4617 64459
11418 43090
30560 48288
13480 93876
36001 66080
10257 74713
30999 91401
11696 82658
34327 89416
27487 55327
50329 71830
65435 89227
42227 67492
86445 92398
25965 65081
1345 35474
49885 59116
9511 26475
41884 63076
47118 83839
57495 89444
3266 65534
38377 73637
9437 28284
32250 77848
26993 73182
28414 87291
1221 79661
69337 79153
24067 56698
12706 51168
15800 28426
19746 42180
8199 80982
11062 93404
25290 72732
18624 72680
40100 91500
28635 85951
21413 41100
49130 88309
35819 36225
21013 57102
21251 75672
56492 65802
26917 50148
2742 70778
58171 78068
19439 36562
68591 82944
67886 76248
52111 92520
13340 91142
60376 67817
52468 60744
39167 74844
2934 38689
25456 51862
8700 89356
18412 79056
61766 85565
25443 45684
59188 69418
21988 27084
12020 67722
21850 24683
75082 90084
44654 75137
16437 54230
32109 37823
28816 62801
17925 21398
48642 69095
35777 65873
9462 25220
32795 41480
22958 24221
7858 81988
6512 58918
21378 87751
22079 47406
37566 71351
82517 85258
60589 91067
45885 88598
59326 59819
16308 79184
68726 70056
42750 75757
47918 75494
38811 61225
67225 93688
685 80627
13840 41607
38428 70398
34065 37061
189 28579
499 58927
20429 27703
54784 55785
4540 35172
44208 52915
31917 55658
7083 64329
52222 64919
9164 34624
3282 72334
54058 56732
28348 92140
22782 65409
5304 44696
41643 63867
21835 91830
6481 81129
21260 92590
2600 13258
159 42404
71500 93060
2197 7729
42384 70455
10436 93015
10600 50367
40695 46379
31666 89262
13999 54989
33462 58984
66038 79592
31394 55231
50669 78461
12009 92764
16059 58029
63705 76296
47733 81248
62012 84559
6913 53762
63718 72066
63171 91110
38079 68890
21886 52463
41841 57960
71131 78876
21247 77371
10184 15861
42908 51997
60183 67521
22091 91729
8704 21757
5059 89653
27961 69787
66809 93369
24834 62639
7572 89545
35078 44377
8579 53678
5538 84780
31464 50953
1839 7041
28974 78969
12728 40718
9223 28214
54804 89876
22262 23334
8922 90044
35099 72841
58469 62525
29919 58752
49111 88335
41140 76144
1477 83122
3507 23990
40949 71993
15739 80832
2106 23556
84404 85943
42412 87171
68893 72828
20132 52850
29937 55247
40509 50274
65345 79669
50344 65483
10920 24072
27217 69455
33905 36419
31556 45835
38324 93998
10539 48199
56742 72233
39997 62776
41230 58230
48031 74148
2234 61256
26852 40639
30597 83876
27754 77812
65556 88349
22483 34536
30752 46318
1856 33294
2250 83780
19738 53974
21289 55621
35837 71449
13012 89759
65793 91001
49747 51587
15741 45303
17851 36792
76913 94787
5419 88267
7903 30287
60456 91417
66515 90842
25784 67047
21485 84338
16832 60334
66728 94024
31839 71489
46037 89921
20930 66644
53150 81272
4214 62854
10689 79513
809 29137
35835 55716
55159 62133
17631 72119
66560 84626
1589 18794
18720 26623
45679 46007
13566 39569
6629 88494
78743 94364
38844 51569
46602 92680
39067 51657
12742 15092
31212 89852
22134 87739
10613 15233
10636 26568
16417 82805
46863 87336
27791 56813
18461 34904
40240 77080
24599 56985
54497 69047
9888 62298
23134 31738
38818 69258
64375 71267
4104 42241
40549 90842
7425 33844
7451 90620
34516 80068
13876 46432
13896 42827
35503 80480
57923 91598
42998 71314
18120 62629
67208 73063
6222 7957
7402 18096
39717 69570
18605 84939
58798 76692
16374 65760
72377 72967
53237 76505
19700 19820
286 59487
74024 79080
50853 60264
3584 52647
82981 91763
33909 86863
81022 94449
28345 89786
50505 81377
205 45004
61518 69169
19139 47175
4609 9253
66768 82970
7001 41449
3490 14812
45100 69731
5848 77421
27985 71789
18612 24046
33127 35663
74321 79515
36303 57693
5508 33748
35603 80214
56131 65443
62065 84927
57320 74539
45530 45574
11263 94442
28733 41954
11819 35614
41566 75924
64820 86523
60358 62284
43692 72217
63068 88959
10230 79989
89088 92720
24153 44430
4632 35035
22178 79986
91828 94087
23983 88762
39686 63355
40611 47476
8442 58374
37434 72979
12194 40921
86571 93291
36548 59674
86702 91474
74602 90967
6571 27056
24198 56053
62764 71563
41890 67034
37863 66802
60889 94644
44703 91032
47219 49420
19311 23800
52071 93368
42211 94154
23553 54110
19840 43891
52471 65348
16952 44142
5442 64413
68115 81440
34178 60044
3379 73426
91665 93150
8723 37742
26773 53987
43971 47077
83375 87613
57307 71881
13427 93178
15126 23836
53631 73504
2577 85243
25424 71336
43152 79433
33473 61051
4137 46275
24545 56076
4119 77723
73 37859
22305 71583
45002 84195
3768 18788
56951 60522
54382 62522
62882 76831
10221 89544
52961 84874
57417 83829
19906 63530
17082 70809
5161 79154
34344 44487
15292 78291
5630 79798
30190 37661
4623 78512
47335 53837
15443 36058
9645 89477
3917 89568
43842 52191
16648 56530
76811 80028
57996 71607
77095 94578
84678 84714
17498 24799
17031 48192
39366 57013
35668 37028
31432 78333
4164 86072
6730 89595
40877 49276
32877 65707
7200 24139
40543 92071
45793 78462
16814 82664
39884 41533
79720 84324
53957 83869
82573 82607
25593 54791
77411 94503
47941 85870
47820 93955
11172 35911
44855 67430
29223 72000
40153 86261
72883 83936
15427 47901
5530 14684
32953 39124
7705 88319
41269 64143
2660 33039
7541 13276
13504 82373
50535 81869
1588 82402
44518 81811
79803 90556
13655 77487
26407 45432
56966 59193
32781 59366
14804 76451
31518 86955
68855 75050
60461 85231
30446 41186
35340 92939
50722 62261
48131 89394
42612 91088
29050 81517
11907 44844
18114 59198
18618 74767
11279 32230
22782 91262
18304 70917
38278 89376
33626 66559
1332 18213
4577 39321
57359 73748
60081 75751
37725 52858
31432 47116
21552 68252
18201 20398
48516 80094
45262 48716
32179 60572
27979 81934
31745 54646
2098 31213
22043 26024
24308 62671
34110 62653
40332 59585
43366 89402
71945 81698
67297 94903
26719 79386
1852 57257
25829 40094
7847 53236
42806 53620
21283 93428
59129 81553
2836 14407
26846 44448
20920 52842
4458 15872
5617 78707
331 68803
7935 36532
34775 52435
8975 41726
45050 73260
10158 37928
87504 94811
158 88726
37657 71143
31815 81852
15376 67501
37486 64511
36863 78494
38390 60663
58810 79447
40992 78681
6724 43967
42904 79195
20375 90564
61832 91229
969 80752
5340 61908
35493 78972
29653 74425
2579 8108
18691 70839
40444 83215
66829 78879
22177 46300
36692 82615
14043 53303
13418 36531
20199 87055
697 89139
5112 31913
6445 14878
75768 85538
58336 91610
39226 85756
9095 70369
69536 69577
67839 88997
15429 71408
48698 50562
28266 93688
24523 69800
5067 12674
6940 44091
20991 69678
65118 79760
26410 84365
21468 62279
30279 51572
36052 81116
8549 23838
42710 61559
24936 38481
44129 94942
52302 80444
23968 34463
6658 22050
18609 37766
22241 38201
3423 89788
28240 53306
49676 64167
12410 60979
21968 64607
27860 90658
62559 90892
31316 61655
22845 55002
2466 28574
8674 62732
31863 69663
13056 80132
24294 38005
35284 76700
15055 45641
46709 61954
9957 48917
46197 70173
1587 87144
9156 87865
6432 22665
42776 47883
20756 54954
40488 57410
36055 84564
22226 57764
38855 76443
14092 63772
15382 35906
3005 63538
51984 59106
55271 87537
34490 65357
43687 74628
2351 61721
32889 38366
46868 54940
32047 51548
19408 60244
13243 66591
18316 38530
18170 27861
14844 64453
19857 92237
42333 79233
34077 47102
6011 38972
61741 92332
48329 59788
56087 87978
15765 92983
70887 75080
2166 11338
80301 90746
27348 65840
22023 30642
40006 48672
10765 15775
24807 43843
71800 73914
5815 52233
23302 54099
65208 77142
27279 43238
47190 93539
26907 65273
6427 70135
52141 52881
68014 77828
20202 30542
2536 86042
1048 76038
3242 37005
62248 70203
15295 36554
82064 85688
45851 60656
44699 93237
50318 52183
1492 20645
15828 87946
18803 48827
241 26415
15644 73318
60944 66573
71166 79492
11214 94102
17467 64413
15859 91983
4257 76994
77374 88182
31933 70997
7614 38863
52859 76226
3175 79941
64766 78455
54739 83658
40648 67173
12635 51956
19459 24566
21328 88168
63861 77386
51738 76090
38814 56690
28467 69977
19743 51970
22287 61130
8002 20774
835 11936
46392 94613
31453 94302
728 20849
8411 62892
17477 35040
21767 85623
19644 22401
31232 82180
6360 64251
23626 81389
64079 76882
14200 66552
30852 67716
86316 92031
14676 24938
27414 71194
43970 62308
44158 87992
17775 34154
68099 76433
5732 36075
39954 60981
45783 47446
16571 28083
23859 31776
32647 37540
73256 92574
21376 57683
48031 49848
17735 89453
33618 53320
54135 86475
5277 49883
62899 65087
16295 42073
4958 34034
29137 31337
37711 50264
7109 41491
23951 44074
75652 83078
14191 71285
12925 52467
25595 56333
20101 66457
44511 55110
4128 67592
17838 51747
79910 93997
6177 7984
2470 88246
60116 76557
17632 53971
11412 32987
47305 71580
25697 80932
27082 45317
42431 94633
9769 63509
13369 70529
13785 67973
1211 84730
811 74587
17882 90221
37265 70115
41361 83193
19216 92666
55287 72547
32877 81819
76529 94667
3505 52222
5194 63381
54796 66775
23084 37138
16033 41504
35318 77637
10755 42873
29598 42929
60360 94074
68160 86195
30935 88619
77832 88617
40106 78266
4706 37608
15062 23241
21314 90284
30720 63216
54609 79886
51991 91144
9752 54667
27392 27761
21765 22397
58044 88791
58198 87491
66080 94361
20482 64442
27619 41242
64512 92608
48500 63625
30560 72937
30178 56079
41482 84424
7850 28708
61648 75761
603 54326
63565 77047
9832 22311
41584 42480
40300 94227
49501 87266
45427 84013
68070 71478
57468 73564
18689 23318
46619 47100
895 9916
10915 92151
40798 79316
65882 75104
15914 24510
10950 60721
13017 15318
53671 53941
10029 71035
39770 74637
69498 92409
1065 51894
17265 29848
1763 39110
16406 88548
5491 55626
31057 90488
37951 75340
59171 81846
55291 75323
26279 72870
67245 87102
6925 67616
6535 83148
740 48126
7747 88659
32639 78999
43046 46754
20068 48378
53501 85136
17311 64993
71527 80621
19112 77006
42969 93540
53907 92306
12352 20448
47974 56210
10960 43269
28207 35042
3883 48408
19946 48049
6474 43274
52281 89245
15995 21386
27834 60867
29250 41672
54296 79229
12789 38130
42177 50457
17146 24172
16054 29421
20700 87395
29468 53325
65564 89244
22857 28107
40343 79283
37214 46865
36394 68101
61183 72353
64082 86807
16611 20312
18001 90583
19329 52874
54257 94597
26731 70397
38580 81105
7974 81729
19483 20588
72450 79398
11041 70412
62327 93478
23365 84630
969 70929
35919 63752
31247 94254
18170 55204
15286 29031
2925 68943
32191 68097
4655 50604
56574 93722
59177 60571
45978 76083
58144 67563
26276 79692
68893 74955
18950 57889
28980 35846
22801 22925
41341 75427
64906 72357
30614 58854
27119 28211
63972 90835
11961 28624
12582 74370
11894 59487
34637 85103
58444 93779
40343 63385
9861 47143
13257 76856
42942 74317
3995 69432
20842 32423
24695 25121
7409 64999
36822 78023
56319 72740
48665 53944
888 43062
46464 63829
59094 94265
27284 49825
12187 60420
12011 59441
33794 36043
30290 36082
3061 36216
2574 67096
55092 60039
30334 63624
35853 48289
23346 77943
4740 28562
7794 41545
45318 76723
56241 85060
31204 77676
19431 82914
26757 87235
1028 13096
6781 13069
68426 83736
12839 62307
34923 58727
3832 10008
27004 90600
58340 70591
41638 87146
12337 26030
63343 74114
28958 82295
23215 49337
64010 65034
16625 44323
10213 64213
50727 70159
28637 37915
75691 75990
69216 90882
63238 77860
87108 89846
61400 92526
2566 21538
52724 61767
47070 68042
45438 73607
21860 32791
78137 92706
26326 32264
22629 81619
36234 51734
77092 84154
55333 90314
45629 58654
34451 41472
63772 94689
18297 63171
40108 80152
21605 51190
46523 52507
4531 26156
39220 92939
16855 23322
2905 13770
28885 33571
63575 70952
58289 90409
22614 80880
419 13886
13068 71692
8430 38198
25390 59648
10337 30860
31305 59712
56437 80198
33879 94927
39703 45314
45672 87508
58058 91326
20033 85210
55956 84039
48052 80510
26126 37439
83316 84999
4490 55788
14802 14899
19047 19359
78051 79948
30889 45054
39203 45646
88906 93385
47709 93887
41905 93559
9493 27584
22888 26483
68383 93317
24004 24524
48040 89003
13653 86554
55174 79806
18069 77291
37293 60724
60555 81907
28081 76682
36146 87016
5285 53560
58928 82076
16339 85856
22078 75263
34856 92540
65823 91088
22949 69454
56402 85201
48097 77386
36658 92498
16594 19563
61214 82891
29549 73482
29284 30430
42427 42463
45432 76027
40874 92126
23280 74746
76939 93938
59770 76977
33791 58727
17753 37567
10834 14734
23193 37950
5046 13650
25164 57023
46591 47625
73775 91606
22691 79175
43263 92975
27513 61465
42400 83087
582 20838
6558 73084
17981 18721
37349 90859
45632 59293
23910 56500
7300 9502
27884 75930
78806 88271
19889 30792
13205 25702
34466 58814
29640 89272
18442 34094
10870 86920
27367 36535
14878 90972
14023 41741
63778 88999
21864 29115
38509 87148
43310 56356
11065 87504
69828 77959
89005 92558
318 41886
36687 43113
18358 35497
27479 47974
630 32765
13738 88048
31615 63587
76990 80256
36744 72332
63001 93320
102 16140
3014 90073
46167 73291
48050 64707
66252 75222
17747 29498
2415 66511
2141 74816
8444 69866
26951 29272
22743 23482
659 60402
27015 84054
20446 66497
19755 64242
19783 57851
67574 81042
9223 64006
39417 47408
51020 64023
82228 93725
58369 66800
82345 84850
22542 44292
47035 73677
42070 76003
70870 82826
23132 90144
73909 84772
35357 64682
46428 58006
1028 29179
129 94146
22890 86634
46201 77907
34602 93790
64129 66298
13360 61506
42413 57411
20649 74579
8308 52266
26311 69112
15407 78182
4481 66210
22469 66840
16673 51848
67911 93103
131 93687
4771 25467
31582 32698
46485 83347
2949 91944
35380 72728
53964 81383
17071 32363
30616 76620
4529 73180
26610 66841
3833 31729
51847 73655
32773 94167
4619 4873
5394 32560
40216 66982
13148 18132
3483 66501
57460 75090
65872 79101
27295 42130
56588 59282
52173 60549
60067 84882
45031 51247
52907 84921
12948 74781
18602 90099
56849 62476
2327 36256
40196 66175
43571 94086
34367 82995
23937 89319
788 2478
4565 61988
27672 39750
75898 78677
550 66408
44264 80007
33064 56092
32999 82463
14496 86169
36705 92437
4811 13572
66988 79073
23067 78404
29389 42547
35936 92015
36229 57694
12160 82063
5437 72055
45743 46196
14026 45853
19597 21087
3484 17766
16287 69416
9986 38939
32913 90197
7488 14062
46825 82455
67586 78565
59669 62733
26933 50450
30764 36857
16369 84571
50081 93760
30315 59534
8027 10715
48071 84217
32541 82859
13673 73944
35022 39772
19973 48049
31425 46295
32067 74569
1527 88277
23107 61973
28070 76990
39322 47003
45487 89989
41946 60150
48271 62776
9757 50860
29093 30088
33433 41543
991 65734
78519 94413
42682 74364
10441 66023
55959 74096
25634 46763
53174 79082
38038 64281
54652 78270
54410 74732
53672 57978
42607 62945
38617 62781
45524 90483
9670 72840
1185 34963
2439 40261
4980 26288
10896 30670
22424 34512
42709 66346
9128 75529
52647 73631
4086 73047
10875 64359
7092 19753
2549 32801
34843 50752
2735 73308
15373 72813
55594 63458
48263 58823
29475 74453
43364 70273
80143 87288
41268 71927
2551 53682
16299 18986
24292 46976
3132 6539
17861 70779
24493 32497
8530 54799
10174 93521
45431 80180
40758 92675
37823 50101
70800 85399
87210 94193
54167 71902
14445 57995
49920 91141
8309 47216
4765 47264
14061 15052
76494 88068
73980 77258
14811 67145
61867 63897
36135 69746
8698 24223
26514 87563
25832 68979
22639 70310
8309 53943
86979 88688
56000 81566
7772 42825
67998 81396
54591 64348
20171 92244
265 93700
34143 68582
65063 73556
45512 51281
15347 31413
28566 72167
19554 57841
80053 87699
49451 67262
2274 48154
4950 24071
31798 65097
36727 93385
62782 85709
6771 53629
57460 92177
11907 26611
6835 54908
31421 68592
45991 47716
14721 55444
34086 89990
43568 78374
53144 56723
73576 83920
15687 15816
641 3231
54260 61253
78048 91462
14508 52892
27379 62702
12497 71285
32003 47364
36541 41372
62336 81678
13253 68832
19564 29069
27128 85600
64591 71883
21582 50889
11522 57791
28516 37444
43138 69345
8042 15247
50123 63626
31882 41072
7148 78913
24064 57431
7024 35124
46691 63011
28528 42925
16880 45872
14313 66996
2809 37204
38794 53635
32296 46346
39309 63651
31089 45481
20115 36368
30956 44231
89942 90779
25529 78233
1914 41706
24968 37527
59419 73040
41466 71200
19886 49582
18513 86846
54572 88300
13868 33072
2757 8073
77922 80643
21041 75677
60362 76668
769 80768
23115 83433
85477 91189
12293 91272
44591 92886
68836 83515
18554 48190
37208 43943
38468 87413
20297 21675
7020 71696
470 33740
5938 33278
36543 86403
18405 19254
41061 82936
24863 61701
15556 94890
45743 78748
19382 46558
7364 34975
24757 35372
43497 77008
55522 63693
8660 20480
258 20944
30341 43737
76902 90433
35101 57152
81772 82713
8419 71428
27010 31380
533 21683
9094 93510
59878 78143
32870 90260
87461 87567
53692 68973
16658 69701
33432 81254
25810 76039
47318 63080
69078 80266
40278 74369
52017 87640
48317 58020
77568 85226
77845 90196
8505 38638
17434 91473
64111 65667
27606 68011
40973 75655
72687 94670
9079 14032
9865 56782
9372 49191
19668 90855
17715 94401
10512 82811
6436 10004
2890 92831
3461 93504
19815 54451
10775 81009
49491 67138
2242 83584
26823 41048
6934 31969
45758 62412
67483 69271
2876 73966
8748 40947
16927 82039
37119 81255
54803 73889
9692 46823
8598 47865
18793 71097
12082 77506
74329 79934
4689 30836
5835 32423
22924 74491
45137 66654
5214 80838
5365 50818
11611 73460
1515 64519
29240 67715
40888 85852
36953 57250
35838 40028
21058 28908
35423 77594
18012 82214
18170 84253
26487 67751
53110 55340
23783 90513
3489 44639
37427 67255
32442 79909
22022 93822
7522 26926
9777 88185
10913 42929
146 53936
24 78517
64219 66531
4817 75784
11935 65109
71948 76615
72866 86750
72208 89074
10440 29317
22369 36777
3044 23050
22126 67415
28908 51891
6608 73412
6609 14699
15602 58355
23089 46065
26621 72282
1898 73442
14413 89580
63242 92310
7566 69902
21164 57426
43259 59612
32078 86924
48917 63349
3306 19228
33810 59199
5477 35908
30988 91504
41719 86816
3977 22112
2263 83572
67868 68230
43767 73362
55510 77852
29726 80220
38642 53958
16664 42593
21819 72584
39883 41963
48949 51931
67994 86831
50753 55512
74309 90555
11577 68038
3990 71289
25373 83139
1358 50386
11505 26940
29307 94819
36244 66572
60335 89106
33327 65268
12888 38278
35366 59655
31671 64819
39273 65638
54029 93066
1667 37614
31209 87248
30292 56248
61591 92208
6196 46056
54389 88523
46987 69495
41844 88998
29301 94645
9634 38800
3246 80931
15780 83853
1341 22404
24431 77050
9283 12323
51469 62968
11178 78362
59987 82362
52298 73561
946 76402
20050 53010
57690 69872
22428 25771
21863 23921
10941 26740
8002 18928
2898 64314
24021 76702
9791 43125
10986 51850
32826 63154
38023 73948
27894 30547
56320 71911
8415 14854
23033 80896
11315 64857
14119 32152
36536 46704
12940 32936
19403 69650
48745 80497
51835 87818
17823 24253
14401 23111
21235 83147
57536 59412
8642 27323
18636 51806
21357 68129
38010 69634
14325 18637
672 20323
70508 80306
67651 71295
27019 76999
1517 12535
29980 88076
5389 32631
77122 90392
45682 52165
23549 67449
3090 33987
36894 84744
39568 88848
3993 55475
62791 88168
204 78637
72187 76125
24585 36343
34703 40642
29642 56960
42084 90670
6264 57735
11618 64189
54782 79845
41412 54558
68329 94119
18723 54910
49077 59363
24494 91220
40663 45385
53379 73506
7588 32304
75153 86492
47367 57351
8547 12437
15360 37271
21807 54784
50813 56267
204 66848
5906 90667
5825 41418
2995 77570
12531 52208
27528 43516
34876 57074
10617 79792
39195 45662
21125 21420
8267 23529
30099 37289
36454 89761
4857 44145
33437 62689
73688 86582
17875 24822
43512 87109
42256 48671
14924 58313
22989 57086
6914 30964
65411 76366
27529 59566
86817 90637
6989 72803
36117 45570
68396 81315
7404 89501
353 67836
29580 55276
2919 46645
10754 55942
77526 93491
86740 94943
12170 17708
18871 45066
40864 83969
8377 28941
29209 74955
61879 93228
38882 83432
6957 62560
57098 62533
59909 89905
5848 32531
11403 24220
33754 49776
25745 70975
6629 36383
91914 94322
48584 53782
138 23076
1834 54886
81459 81652
45017 59536
34044 52542
13829 86608
14369 53233
1203 64766
67884 75735
6158 30939
86681 87909
36453 71279
16231 70686
2148 94757
65260 68624
4261 5252
19848 54655
66848 92953
15138 93325
47257 50125
35991 68741
66260 80986
69141 83869
63327 84945
22681 73873
14662 39888
12061 18743
9389 54122
23120 42445
29641 76261
4970 78167
6239 65548
9039 19003
56397 61646
82413 89558
55359 92350
41693 43428
48805 60997
12239 87752
3850 83978
30588 57371
33268 50434
6453 65476
57470 72110
4044 81272
44061 78831
588 9818
36557 63485
25069 55853
47453 68263
19211 51373
26663 72981
40825 45305
28049 78819
42485 90581
3470 6646
35686 46819
12714 32385
5365 69722
19124 28656
38672 67464
4379 60002
4433 77381
41005 79175
19911 23097
30469 63795
38935 78271
82311 93617
6348 88618
1941 22222
5586 60972
15954 28790
10858 83909
25805 70211
70923 88819
33764 39723
8867 87780
21209 75667
14818 22347
23007 85466
49667 85772
12714 17152
77399 92759
73531 79577
6679 22997
23375 29538
2594 14143
28274 53272
41812 94210
44809 87070
44110 59294
2384 48707
28618 74280
89516 90185
11457 21950
12913 72445
5612 72262
31283 86507
34844 53752
15962 60495
39630 47308
24692 80147
8859 34362
35926 50551
9122 72066
11442 35579
25360 43618
53030 77097
68636 91199
17292 74011
11979 52508
43837 90862
8703 35974
29827 66326
68660 91717
13137 71637
33619 35189
47701 67180
14812 26287
74257 84430
14843 60108
39145 62684
31772 44169
18168 73523
14375 39970
86762 91490
61704 72513
57274 75851
11623 63786
19328 87484
38641 57460
7432 21320
59234 79367
12796 76580
5990 65325
22523 23447
33965 53789
16492 82862
51358 52284
82821 93542
8640 73501
43339 65631
35862 74702
24988 75924
18728 79980
65007 80591
47195 51306
71151 77689
57427 78100
21013 53653
18094 71291
26394 30684
48784 59288
6954 73954
60212 67273
66996 67118
83810 85698
5998 54899
79608 91624
59217 67168
1549 52764
7960 84063
41239 79781
38301 50275
28686 86015
53946 70322
29765 86397
1648 77158
37076 57488
37960 85852
35281 56841
85428 92241
7773 23947
77432 78051
67744 92346
33249 44856
60915 72946
16008 94863
7550 39350
431 11656
29715 76671
2149 72740
28951 30254
7317 36931
28371 72426
6495 38278
552 78326
53500 68498
37371 73415
31908 41016
44525 45970
14597 89306
14207 54234
53452 68826
21116 40496
13073 85041
15910 51336
37080 67488
81848 92788
10573 91133
52818 56987
60776 66233
10234 79545
32035 52866
91932 92830
7257 50310
53579 71380
1944 47596
35170 50198
43844 51471
39736 70026
20207 26856
39720 46420
41509 52531
30189 42231
19375 56689
22430 43362
26344 73284
7292 49511
28689 89270
41076 90237
19588 60406
20664 43268
57009 93770
26499 54786
18798 54981
5142 90226
42181 45139
36961 47690
74823 94538
43708 71047
11412 86929
80091 81709
45897 64076
24995 61989
15632 42923
59223 63461
20015 40564
14505 16756
9415 82119
66081 75678
9807 22277
53721 55217
61558 78331
16600 91012
49876 85782
32137 89799
51910 57902
36286 60302
9054 14507
1763 86387
72099 72713
91450 91621
8177 64659
9738 68153
38463 68077
15939 51084
17977 53468
36923 79893
78110 87234
61214 91348
41167 82708
49658 54078
46053 64303
27440 49198
15636 32510
29249 52310
77991 90695
67380 92754
45582 59401
9983 48304
59216 64040
22969 91659
39542 93403
43869 71916
27466 32365
45147 57589
56677 60878
4083 76405
36126 69188
30781 35799
77833 82770
5243 51449
4501 74013
62547 67957
46253 51093
17944 44651
26978 70430
12371 76988
66527 84149
5729 94262
10136 43737
23766 78567
80258 91667
6121 37253
5205 74278
34609 39811
15179 64104
7778 77162
3333 83176
30099 81886
23881 81054
32292 46827
82210 85261
6673 90265
4366 34408
29512 37203
49963 55146
3665 72637
37070 39782
11510 45432
14759 27725
60997 72739
56661 78390
30924 42714
39743 42615
72870 84158
4898 88478
32775 84129
46825 84603
17987 86807
42913 72172
61175 74419
17936 71557
1922 59178
73930 74343
34358 66450
20336 26907
19394 40795
53789 74358
9353 22364
16664 32168
33909 69210
6492 64696
9201 69588
14621 37464
72273 81918
61422 91561
25716 47999
16618 80318
85724 87382
38427 54915
36669 89877
66723 87825
35516 59635
31253 42736
33064 90158
33269 45514
45610 62196
3526 28299
22024 57857
23016 33409
44585 64890
73308 73925
53541 90126
28329 91387
21937 37874
22085 56012
82691 90585
12948 64471
53493 61429
71123 81911
2989 31810
1717 69810
19576 42436
32346 51318
11881 34737
70126 75734
85121 89085
66500 78014
1012 41082
19904 66183
41014 79206
6481 36561
5521 22166
70485 78697
8833 53348
78213 92618
9749 68052
20387 44386
63763 89560
48005 74139
7536 42416
13749 21349
5459 47537
1153 21159
40181 76840
65282 94382
46778 55814
13608 39605
49603 80927
67894 79119
73799 88599
6679 84802
1251 86623
27931 41141
53960 72109
15387 76568
3646 16705
12157 32586
2057 74527
38596 59325
40917 59664
44448 88035
21193 25354
78408 83713
4424 93912
67741 77851
69574 88247
30370 31259
9355 19576
9033 33652
20781 23897
53323 59904
44402 75556
31754 42393
42097 85893
54444 66199
30783 93873
53687 84934
85406 94170
47706 84744
27496 87512
70123 94911
17385 78910
55566 73802
19058 44415
65255 82153
62420 86211
43198 73000
25256 36352
22452 90795
69893 75316
45458 46542
45333 85209
50920 93806
49209 88819
15138 45150
38390 76289
23503 52408
10389 38142
62352 91936
45727 61023
62 54421
58668 78834
42733 45525
69900 74360
53064 84781
25351 80932
42822 77189
18985 54871
7884 35698
18302 38762
16015 20887
61818 80992
56575 92997
10333 39107
8596 41568
5811 67613
8299 33076
900 48475
14416 30916
26856 93711
31989 38847
50564 53297
9781 82939
35841 84679
57735 81467
72390 88318
21436 34345
41857 42282
12015 82292
19693 43018
90652 94521
44346 73619
2364 51119
16861 70567
36880 54585
31791 93837
34815 45979
615 1088
1340 84469
29708 64294
69024 87743
46191 56915
21389 22530
50186 66464
18852 28223
41756 92862
18736 94911
35889 49978
84929 85807
3192 86429
35872 92121
550 69875
55255 68221
11171 41537
849 59670
10754 29283
54920 69251
27839 52847
15210 59748
39148 47602
70013 77618
46030 58756
12451 28384
70303 81000
25228 72161
27281 36077
7367 90233
70389 89236
40694 56758
79895 87336
72581 79102
33503 71306
37214 46487
31762 58305
43104 59927
34104 53681
57987 74139
41246 75906
25326 52233
60670 89112
43990 93901
57065 62172
64775 93459
12076 70159
24735 92198
47137 57334
34050 80796
40910 90569
45168 91293
62926 89137
52093 52639
31093 85934
26638 68800
48637 66971
11330 36805
13037 91566
6815 11943
10472 10697
26417 73952
15357 90838
12044 25435
28506 84295
44616 68091
3123 15254
6964 92335
5951 69896
13241 49842
24988 48031
25433 82241
11144 89562
55500 70726
58878 92315
82372 83220
24223 55059
6307 94315
39582 57395
25737 56787
9532 59515
33059 33176
73272 86517
27471 39561
11386 71935
24675 78337
40744 47372
58972 70877
52904 70409
24945 59143
30528 75118
11227 26381
24481 78312
69504 93555
89511 93221
58579 82489
31672 48416
3621 58272
41548 67838
40632 82276
42084 54105
14606 82060
64268 73950
80420 89330
50520 69650
4089 25890
14213 65516
19250 28129
7162 9486
16379 80786
44097 75949
45422 46458
45770 46870
45406 75447
32761 79880
1361 74882
17782 79854
31441 54975
46116 80230
14141 69521
1813 77431
29271 68844
47767 54318
1123 13414
11664 85497
28304 57848
25552 93578
72594 87273
27659 89821
60280 79784
33159 76405
2136 90792
42237 62736
40784 88378
2264 31969
15546 36630
18675 73988
3170 11495
48246 72855
19954 72826
49182 90534
21764 51329
61342 65120
70233 91415
17706 69533
66765 80754
57392 71860
47884 86400
70103 78087
34712 87466
21925 34190
49282 59789
54287 87712
13200 77010
53424 74861
35213 83891
6203 14681
30995 72229
154 74723
42117 57238
68228 84716
85058 89349
5473 54756
15696 32822
79886 94498
6184 36589
43373 90469
43641 86265
46536 53958
13142 90219
86033 93792
30987 34407
24899 53928
19863 51968
17576 32079
26441 61815
4238 42809
17348 48086
12489 78956
44141 81432
32989 64561
33997 60372
9470 38600
87511 88760
33380 61395
24604 67245
39647 58418
74289 76751
41210 79772
69032 89102
42272 54676
18640 53933
59529 87284
30404 70262
4807 36369
44156 57883
10008 75437
15314 89228
21309 49475
9595 57020
45398 72909
27512 69614
16487 85012
10905 67454
1301 47588
71216 93285
15257 78187
55563 76527
20334 36018
43772 94644
76591 82623
37765 90191
4800 41128
24280 78941
68204 73106
52173 90387
5260 65542
155 10153
34468 53477
48758 77245
41088 90746
25127 83515
6670 17819
7522 82131
31194 43872
2433 28572
21330 86530
42022 91971
51948 81260
41164 87422
28813 32184
16937 90244
37799 90638
84081 92056
30908 77122
9679 64632
48260 57353
40527 49066
19715 61087
8809 43085
9810 67527
58628 92398
74936 78556
67365 88506
34890 45129
25938 34536
28600 38760
12701 81939
42395 68897
33330 76078
59387 77449
40232 66765
46480 82973
63391 70486
2090 21647
27714 89798
18549 41809
27491 62137
1573 79090
18439 38977
55575 88831
29708 61361
41186 78045
72796 75756
64096 87021
28156 84223
22605 84269
33980 60897
51444 78602
54351 85973
13068 88853
40269 90338
45866 50389
52244 65846
49980 60137
20238 46797
43574 61536
27331 84924
13252 43910
20458 59689
77496 77898
60118 90709
23580 67700
45457 51072
50055 76994
31533 78882
38959 64929
19824 22549
5472 48384
4722 57875
25206 46355
49451 94798
34019 81092
67707 94920
6925 59821
26495 62395
16168 76931
50256 85726
14255 52756
13280 39611
9042 80762
17307 75939
21043 26868
34625 94597
25051 72054
54478 88843
29542 67583
39186 91255
23906 30249
59062 82317
59299 89645
38684 67032
8977 38373
11672 63541
23960 24202
50059 57055
39393 73292
17401 21391
11916 76479
9287 67829
56638 60746
7176 18315
10355 91629
5955 41013
45722 61252
7803 69282
58744 86586
21971 35499
66263 85133
47325 76223
53441 78341
77120 94447
7015 40633
56322 73196
11543 51826
50661 58531
5045 60007
26482 42847
69533 72115
308 66090
31629 55291
25777 70699
13371 17484
9595 54663
29260 66022
8486 74772
14980 34765
22329 65369
32058 77287
16716 87180
54938 70634
8566 56091
42291 48121
32709 54117
36791 81176
2798 12333
31448 75267
51938 80202
26798 52723
20292 67141
8604 12486
15183 28142
59333 73735
3617 18922
46264 65614
51544 58677
86959 88362
76209 77375
15664 67853
15298 25166
63772 71610
7002 31664
10418 31522
16499 89451
37774 49528
65374 91697
50021 88295
25587 58541
24995 81628
14919 33828
48673 92961
25470 76712
28293 41543
65686 72863
26034 55968
7561 84088
77709 87165
28951 68227
27948 91448
38922 49603
42730 45246
7495 44685
38919 50898
5460 60886
30139 79877
78961 94188
74280 87234
72907 73686
42701 49988
44614 88379
49407 86022
19748 40755
79345 85777
38464 80643
26715 66672
5336 8741
69134 78635
2136 19625
13386 83851
11978 43394
61129 77760
35847 35903
51829 58074
62510 84733
6065 32765
8866 89666
30372 54279
59787 76181
14939 15834
2172 29574
40241 55116
3745 36213
38968 43673
6084 83465
26071 73343
72646 78438
25660 78863
4704 68675
14093 29860
26191 44449
51411 73970
9723 75758
7332 73918
23585 68686
4802 77770
54310 92929
7922 51194
59160 94456
8455 68314
14047 68789
6743 13420
1866 73522
21519 52992
14351 35001
55234 87605
12716 90273
44222 87826
44583 84634
57637 86958
57729 83279
23282 76053
12599 63632
31185 63347
40878 79364
23695 91020
9300 49394
33301 39686
12247 90847
72919 83450
12029 72764
19787 84874
55389 64381
18689 70356
16274 19332
49118 66794
26266 61523
44549 60098
62765 92197
4124 18103
7493 50716
32958 68626
30675 52187
48883 76494
18475 79090
50319 54299
22457 93228
6004 18291
58924 61103
16462 48968
43927 71114
20613 81008
73787 90092
23168 48966
57854 92589
12540 60942
54920 77367
12605 78667
32074 47544
38455 56717
71147 78190
51060 67492
8899 10110
52347 74959
57437 66266
35782 49759
29706 78831
11147 26814
29184 77628
15103 58262
24166 61177
16153 28727
63447 94721
36533 59674
14475 21259
11037 68977
25419 84966
29167 61273
58476 59043
59380 68269
15499 86528
5891 91490
20802 63318
55780 67680
3962 24682
27448 76154
64374 81261
44322 46713
29135 80178
25849 65795
34802 64748
3353 72259
9867 76790
9287 68399
73539 76101
47848 70669
57531 58822
36296 70079
31804 66198
52534 57926
51864 82825
44074 60172
46703 66028
59893 92630
15440 41833
37542 89474
88285 93346
55169 80002
56376 88692
56521 83497
38150 63662
67569 84401
17203 88756
20866 27060
878 3871
22867 67231
4393 32541
56578 62946
38476 76768
26206 67345
75409 91487
837 14599
11945 55809
14052 89777
26309 41474
1157 39823
1164 7306
9609 27461
9657 66987
22998 34838
51563 67460
23120 80522
24387 52939
63339 64989
38338 48283
75826 76364
50991 55758
5968 25136
69021 69937
14564 71887
45417 78235
14350 88743
27224 38865
61828 68734
1368 32120
28938 63853
49500 81790
84099 88297
13033 48473
34481 67654
25372 88610
60042 61044
23020 59875
16091 29773
6560 27812
62888 69877
12416 43766
73224 86206
65286 79584
27990 92170
50160 92366
17793 48046
2618 35910
47591 76914
45243 82218
39667 68954
16922 86559
33326 42528
5425 11190
88487 91566
49336 92113
41706 76989
78993 92386
3593 4842
7629 77512
1949 52983
42635 84854
22937 93559
47234 75746
14027 16951
57766 67521
43664 48129
20689 44006
56729 66460
32186 51176
20031 68815
6686 34696
39918 54562
16657 40679
7683 61286
25694 34060
79000 93846
54898 71290
38046 73342
45149 73714
10212 80489
24029 71353
32248 61466
51062 71734
53593 56082
2986 74927
16616 64577
7403 52230
9688 94721
68279 84167
25043 42954
17753 50850
7253 40283
51238 88823
42530 58201
56877 66437
52456 88006
9493 68279
602 34888
21875 33057
50360 93437
35727 58157
603 21038
62021 82879
10058 53133
27900 70341
11111 34342
43439 90153
53832 91372
58126 74947
79548 84230
3265 73364
857 50043
25272 37363
17958 69828
65350 71634
53931 61476
9589 80190
10940 48703
46521 46883
46793 54216
24347 35208
14950 20137
1341 24748
91065 92338
1313 34632
29357 58539
11807 84619
26200 57916
452 72405
34216 40200
13392 63778
33239 46367
13234 79369
37289 72401
59276 63679
33465 81948
86392 94119
31770 47727
73563 85524
79610 82898
58958 74760
18157 76294
27675 70397
11004 32149
57701 90640
56757 89953
74699 78278
38758 91688
20837 25265
71653 88948
31267 39083
45862 92936
23295 30781
45149 49421
9854 39399
14983 79550
69488 83269
43975 47016
18484 51697
42801 77366
15457 83876
49111 62478
29897 68801
37897 87708
36975 47846
36561 87115
57749 85922
2302 41297
18239 31765
50173 82365
10709 79807
84203 92753
69447 73023
27036 52525
49932 80327
8017 14707
18513 43124
26238 40912
28362 74884
31702 59365
29751 51430
41154 73188
18392 36282
10720 81536
9483 75817
8482 40646
18441 62615
1543 44811
80066 92209
9076 53912
46010 63099
10836 55216
33039 59543
16640 63340
6811 20674
25699 59341
38304 76442
26267 80351
38150 47316
31360 36344
31640 42403
14089 36191
15604 63592
35270 55405
35834 79571
37227 48301
140 46796
18399 21887
51851 66616
58473 89849
31555 74134
25402 38923
70268 91157
36119 89097
32460 51627
28416 93696
11720 34548
1042 20528
45932 94017
2141 82295
51531 86856
6626 48547
36429 64067
55791 85926
40535 89219
46017 64667
33667 42046
14368 80999
1189 78289
69565 72027
6977 20425
42526 71363
4199 45818
74874 77240
51138 69063
50328 75200
25959 48582
54992 78992
12924 68418
19009 58933
3219 70216
58736 70809
14263 26070
27867 91293
20420 76957
12382 18691
31537 48117
78231 88698
21518 74161
60258 86249
39432 66070
23711 29648
15072 69885
33631 55939
19002 79496
39275 66950
38100 47521
32520 47831
15063 63395
42197 43541
85662 87457
17802 58684
24643 43487
81129 88449
45831 92963
13744 45062
13598 21112
25100 49418
28018 56435
63009 67488
44299 93218
28772 45224
12536 41232
50842 93719
2558 17337
21157 30944
12066 44292
58625 75344
48713 55098
28472 55167
4410 49530
22705 43817
2073 93430
17478 63324
5871 88855
37277 37562
54209 83727
27869 37561
1729 34334
21502 68511
25273 54695
36249 74317
18808 56326
61378 66233
39210 70492
61396 93147
10359 52538
694 75289
18687 65819
13984 47984
10421 33673
43638 85995
37796 93927
39133 63305
75108 94869
36661 85250
38831 48085
24510 70167
28070 44422
23958 58733
52310 88472
17937 91539
2195 28500
28845 40892
93953 94094
9149 21114
16150 33010
35627 63238
70651 94336
55983 59380
26898 83933
26646 87488
10286 82558
6753 10604
1037 63264
47574 73611
44492 75539
37579 80821
39925 79086
46465 48696
2689 56555
21801 77645
79204 84480
21886 74305
2773 7707
78181 80977
76306 84268
36814 48554
19184 26091
4372 80953
38827 58612
36367 92356
6572 88433
41781 89981
31737 78588
56368 89664
11564 55951
29853 87566
59857 82385
1703 27093
42556 65045
22247 72187
39183 43669
14442 49308
29898 43254
2427 16617
32464 88962
2080 78107
35514 56628
3835 49124
34881 83864
12337 57932
17713 93968
46444 80114
57401 93920
29657 56551
10589 14364
44352 57507
66361 76733
17103 92039
55494 86335
36212 39159
7070 58936
42381 76806
88834 89717
15846 91257
32551 77326
6885 59198
7398 81700
32990 38571
10740 38904
25965 74918
25885 88086
22406 64478
32085 74201
68363 88777
41751 68857
7606 17963
24784 32113
29834 77277
69059 75887
15595 24573
52130 59882
16895 36628
24984 42578
39124 66882
38664 94546
32263 75283
45562 58213
2741 87247
2517 43392
62158 93599
19696 69039
20648 37145
32529 94353
70118 88682
8949 18584
5771 33225
775 33161
9353 14527
39286 54985
8137 14437
36803 72838
86404 88577
36858 45850
10758 32094
30625 93973
17502 61556
58641 71702
4570 49194
60608 60863
1805 39256
53187 75817
22506 59885
29517 48575
20189 23604
3309 33559
19364 86271
33893 43699
41355 82710
58809 63463
13709 47916
59107 92308
24258 81090
24793 67471
29215 90149
59662 89455
63533 80885
42919 88197
12568 43887
40034 57411
43158 79516
8697 88933
45245 54502
31354 59109
34866 91823
14364 66183
17106 92840
21063 55073
43597 77804
50249 58674
35513 65914
29024 83481
29944 38360
72620 91277
27780 67297
30357 49664
64528 83385
40477 46024
35625 93396
35650 48086
59607 92484
24463 41126
13183 80007
53239 75238
55835 59976
31774 49406
33210 51836
65683 81513
33170 81451
59048 91356
904 87605
45604 86058
48463 77001
23497 73830
15038 49416
12880 78032
10312 77554
38650 41670
2673 70404
18763 54093
21449 42205
10350 57117
27062 62960
26280 54553
43228 88504
84334 92351
5985 60298
43946 53359
56850 85844
10920 38333
7075 65770
34028 48089
21825 57881
55765 68327
14247 16150
55312 89781
53352 72108
20257 20614
8527 94136
60890 67146
2954 53495
4352 90933
60150 79678
27858 93394
59861 77883
5004 12198
57388 74062
41979 71717
23568 64895
57252 58558
24321 68218
71230 78698
2604 82880
34595 91432
5868 32327
7535 21614
12523 47267
74652 85919
51899 93238
45382 73459
133 10953
27588 46832
33231 73649
22192 56131
1012 52741
5349 24494
59917 65468
5324 28573
30847 59236
67500 75494
8599 76983
12814 30438
43065 82334
8741 38367
19246 58258
39343 41366
18532 70325
13 45388
52963 78558
49675 63783
50145 74728
34923 74156
28860 55413
31785 45684
45056 63414
45997 50070
19833 92342
58668 66483
4616 51829
23716 44260
34482 44070
5372 13394
72181 75744
12122 13009
12075 70175
30670 79259
4805 4854
9137 32608
43657 73742
28622 76206
25076 77893
721 79713
38121 76417
9765 85926
12225 52302
4749 57104
31944 91708
59283 63330
28385 69834
83842 87334
2542 10206
78501 87689
24844 25190
75362 80774
6613 92629
29072 59827
17447 86180
61704 94410
1260 52993
40263 78924
40787 66868
21756 43455
30297 78719
64586 94264
39624 40133
22546 48695
32694 43460
8126 29428
7810 59797
3220 40994
38948 62733
74143 76652
18004 38950
33381 63349
43339 46326
6937 33798
41482 78623
59258 71313
28720 47160
8302 9668
41593 76570
24092 24315
14929 86576
44795 57865
21333 80653
4992 23808
11423 11989
69867 70520
35548 40502
3384 47572
31287 69595
25124 61421
14727 73265
28202 36235
15084 35803
18633 66688
212 85871
383 84735
3586 31625
17823 88416
31108 89901
36385 70692
32311 45557
15235 59014
34810 77589
6823 19004
15086 83564
50034 61695
62674 87148
9298 94147
43172 92317
32939 87224
63557 91609
7900 84013
28985 59652
42408 73879
52419 83167
6322 26029
28717 80682
40783 51110
290 87904
8198 46261
29573 81218
70061 70693
66819 71833
3084 35196
47111 66957
46910 72310
33112 76783
20614 92701
39679 49570
78649 92514
25724 60011
59117 73937
26440 27294
17446 88164
36923 73135
3021 12256
2624 35708
36650 52983
12054 17324
68813 83352
37857 87316
23055 88932
28043 42506
24201 93072
38856 85700
68244 85746
6443 83037
4659 33277
21651 22792
12054 84373
42870 89442
43126 77433
20241 57210
26755 86531
42805 72745
9085 67536
29702 29789
45677 66693
31759 87301
57193 60894
43505 55891
51475 93358
17378 62577
3028 79961
60566 84658
9160 67170
40737 55669
73568 87396
27089 73003
11239 77189
41337 54289
16123 28107
12140 13758
3774 54040
86105 88110
71615 76178
59720 90401
22251 37430
38767 83429
31349 41601
69328 83116
19703 94140
46645 57752
3888 45355
3499 53800
677 38201
44503 77166
866 57703
974 25510
1951 32433
49477 49567
59326 75717
33177 75058
11153 54116
47155 78019
43285 80897
69747 91343
34663 44172
27855 65424
7797 84756
6240 46428
17186 69630
1798 74513
37116 80258
8178 29565
21710 31518
42959 91672
24903 28961
37746 71068
11256 25831
22173 39322
36044 81928
62735 81510
17935 69878
32485 36820
10792 31768
61891 69367
22824 31745
88231 89193
22081 34402
6696 46520
11068 40379
34947 73973
35864 54011
2798 65370
50763 62077
12884 48876
74879 84876
2061 4214
53967 60911
21054 28681
6220 54439
31854 49370
54732 80729
16565 62106
30648 75348
6909 39244
51997 92364
1298 50065
3714 63938
29 69244
813 19026
16485 63934
468 58677
30897 35926
37726 83473
49035 87373
15772 37499
26756 70340
3416 46907
32372 57630
11823 12448
39281 70282
25456 54276
9717 71340
17070 73586
6076 43778
26825 94949
10212 61183
58633 66314
41822 68706
66576 89825
25637 66379
8455 24607
2950 82654
51706 56761
70478 85593
28705 78942
7062 79143
13289 91467
64 21283
42929 68275
15525 78427
33733 79027
20270 93531
61030 82740
82775 91477
31424 44165
71595 72696
31792 75507
40493 46590
9065 45771
27625 74770
11623 91307
3363 19314
18692 77494
7680 59594
11327 12890
28934 33640
38126 53912
726 11830
23096 48302
16329 47516
19119 88023
45052 50692
45324 60193
19512 52756
14519 65520
25574 71360
4855 13877
37165 86991
43180 51714
47660 88427
12883 83441
55115 60705
19639 34121
24089 65160
44775 81753
4069 57034
1747 68880
1023 43330
38164 44437
15717 41646
2252 23646
62329 69199
20285 81045
30302 52016
64634 79845
10850 25342
19865 42672
20621 56776
5154 57355
7713 89700
18523 49504
1977 52232
31304 58477
70772 88309
44705 73691
16269 42190
9664 55584
52067 71999
75831 85184
38375 71209
2829 77530
18584 50783
36962 70075
2285 14290
35147 62590
14354 44371
53300 71457
32103 57957
1319 23492
12682 75870
24481 57971
2668 92804
6646 15204
30490 62119
77023 91226
84094 90700
37171 63306
43684 94741
81285 87555
20791 37258
432 40045
30387 48060
48372 87782
34500 89401
31829 49785
59890 76476
49462 62722
32030 34208
71649 81817
42181 75440
68660 72170
73015 81196
14664 79781
47652 84823
18684 54243
13090 75978
823 41256
29982 32361
21775 56016
58443 84540
9781 26378
1540 43445
9090 50810
29012 50771
14180 65706
57155 76029
57305 83621
21861 34462
56498 67533
78259 79046
45735 87257
5193 36680
8731 48789
68339 85838
52932 78995
5059 48286
10420 90780
47058 88850
21482 88670
26141 81858
38719 53911
36279 54792
64565 89854
5821 80914
240 84986
56666 68129
31003 45839
44961 77609
36154 89524
10577 70180
526 21221
37768 45593
5533 83976
16649 31303
10582 93040
36816 42738
15484 91258
29459 56592
32674 36731
77567 82285
10656 48499
33910 74761
20961 66169
12980 68607
59026 88004
2465 52678
3831 48088
20464 30798
10372 30120
3383 8469
6042 35011
62922 86935
74 84107
36249 46860
24189 83275
67691 73380
51796 58140
21563 32045
10369 43148
23797 65322
3847 50160
14775 40393
38196 45338
19288 19730
56387 79220
78033 82934
7578 38895
8211 17251
45787 89382
49458 49939
49879 51303
55252 84875
21249 81936
79330 92747
1105 64402
46104 50558
34691 90407
36214 53893
51902 79833
61025 77506
82792 83825
23690 56377
85760 93824
28375 32952
21168 83212
58722 92508
28611 61727
11054 63448
70732 92540
9737 80627
26834 40686
24342 30957
4001 24499
56897 80239
12655 74339
72383 74822
13869 79070
17739 65535
45793 66854
56883 59000
17141 67916
37180 69834
77712 80417
37831 46238
14618 89563
8623 50780
18663 66934
3305 49544
71442 79153
26375 51165
49606 79702
4062 19302
42846 49264
18110 80248
7207 15688
52185 76807
48068 93906
49618 83065
24698 35587
33780 81136
76722 87371
65968 88624
31168 87832
33480 78733
15889 85805
6578 44661
65288 92856
6530 78712
76343 83098
37618 67735
6936 64480
12266 76729
44312 91543
6408 64341
180 26218
22514 24004
56730 92989
12053 68404
22813 88638
40790 41124
51401 91748
10608 76807
78752 78819
10890 58871
21237 41542
51135 64402
34187 57825
66284 83536
53418 69566
18019 70539
2492 84113
28072 82085
883 9388
28615 65151
33236 34380
1615 91512
50147 69499
2075 40413
70533 92979
19864 93583
52152 82958
65089 70220
35401 64019
51206 94670
56031 67419
15341 70157
34656 67350
13325 73543
19869 77169
350 94035
51929 81922
73970 79109
47352 50349
8391 71159
24116 81823
78896 85278
33842 62137
74568 93093
45620 50262
6002 36753
16601 31483
2568 28490
40259 94251
32380 92522
63604 63813
23029 65681
37098 50184
2627 56420
41978 58638
23153 89394
2039 91218
20366 47673
29293 58209
51250 69102
18040 84995
60465 83868
24547 54670
40547 51859
8391 91700
25223 25906
8061 48041
25554 79630
50278 51320
42331 74945
6955 73686
9240 26590
8809 11258
68350 90294
26074 48258
14836 16024
2191 21810
61020 78297
24321 64997
64229 72194
20334 24791
39235 85590
74793 87564
61597 92656
43522 67484
63472 84726
27040 70700
29180 88339
66966 75157
9379 27375
25874 40968
44419 89887
37047 52330
6651 45392
63054 71848
5723 87648
29965 72426
25341 69156
18262 29804
36438 72623
32635 91832
17479 40305
41138 56517
7707 85704
34884 83856
55271 88352
14860 24438
35386 94769
1114 36205
30738 37516
5327 88474
10568 62386
47433 69361
2704 63686
51110 73714
52622 78713
32231 58174
59674 94589
8711 25359
16386 24332
18600 63893
2339 52616
40210 54205
44798 91229
22424 72454
10642 22342
53652 68974
19511 85977
76384 87147
75196 80082
8620 32751
24025 42048
27084 56826
36567 54422
1433 5966
23464 49761
17830 26941
54251 78324
29838 64846
68325 89903
34999 47661
38283 85506
73144 83666
31102 74225
44966 76034
55937 93203
28927 55115
25783 73127
23454 57114
19653 76218
2702 75231
22455 71917
50648 68636
46678 79385
64384 74044
6415 45650
39950 40172
60888 77499
67442 91435
59455 61390
5481 37652
38085 63076
16245 87473
50372 50390
54888 69798
18212 85254
2168 50666
74662 89667
15604 63996
44029 93821
39366 74443
33403 63987
78099 85468
11342 37633
46517 50802
28852 88759
9785 55541
9684 75032
60215 64720
49872 59027
4567 56567
6084 56999
61756 79061
10169 18553
18247 73011
57129 75969
42306 75736
80249 93170
20024 75288
75594 85652
17709 24437
12312 60900
17424 77410
16760 48268
24133 72683
39363 39927
23950 52523
56821 92692
40491 44179
43513 76820
28438 64029
20238 91871
13628 47750
34959 60863
24309 32845
7034 47082
11724 24986
6032 53564
10571 12550
14733 65184
29054 56009
11349 78761
26421 59725
8887 74750
20731 65660
884 47494
85993 94450
30531 65058
27614 31362
4751 50786
34843 78644
67280 81632
53388 75669
32673 70235
5018 44343
80054 87557
129 48420
47283 84221
45173 46368
11317 62016
35836 45748
40879 42367
5033 45308
79760 89672
54859 72557
24151 75141
60117 94622
726 93234
12255 48054
6179 11788
19898 25212
1898 29544
24962 42240
29815 57863
22543 36353
87148 92247
52209 79194
12125 21676
73423 79107
9207 55559
26543 37221
64047 86182
4610 19827
8654 42031
11497 49494
8090 91278
7730 14136
29346 89365
12312 77471
27180 79087
20623 70912
49088 77432
2481 38107
847 30647
16534 68474
8079 56344
81259 94373
71110 89346
21891 50550
5570 33719
31851 47932
6047 34241
54007 92354
59972 66037
61069 76677
32050 72691
21036 80211
27402 77022
27243 57431
56846 82355
39789 83731
48350 78020
5408 26970
23427 26711
59799 93829
24582 59316
57776 90068
3036 69955
8825 57376
5571 46422
43637 82681
37129 53556
30882 91946
24504 89681
9205 89841
31867 60214
30686 46374
26883 61375
20205 62732
3647 68248
27718 91772
61764 85843
72506 93868
85661 90200
35995 86742
57886 78187
74241 87290
11694 69448
46888 61648
19464 72082
25955 64248
15411 47588
7115 73360
6675 68055
6632 78778
25168 80520
40841 74305
19950 26256
86511 92453
14306 72154
22607 83198
45454 73257
12955 74933
38142 85850
20346 46657
35404 91877
3662 68017
58238 71329
32250 51808
39806 71085
20001 23588
70325 89286
60954 94756
36693 65417
32289 53504
46696 92394
23837 70950
55520 83542
6107 62522
12089 21033
6131 50758
52013 87026
38158 92199
25220 60927
23300 49449
44584 81626
14681 72299
63747 86042
27130 75213
42798 70639
6162 45194
10492 66660
39627 52663
70920 94954
52833 87753
31401 38319
65451 73565
5676 85741
883 91896
15966 70480
38583 47629
25010 35638
9465 78896
54755 72271
8557 24140
85592 91646
84075 90880
12125 52430
49541 58723
10417 60716
44922 67481
28981 82689
83712 84529
10113 43265
27132 44810
56889 65621
33456 76386
3358 55311
70558 71027
46636 66257
48991 52800
32863 48107
80269 83859
26164 72264
12019 80164
15055 75460
117 92975
14750 17896
1556 46220
52474 89905
16372 88096
4537 27742
18120 74020
55381 74038
66316 73269
8587 20543
20198 53418
1460 74892
1171 88119
16184 73364
34152 74890
54733 79327
58309 87743
57173 74973
20427 35780
41426 88767
54010 60112
4055 40748
25746 56029
6682 25627
56892 78932
31427 34433
49826 79717
67335 86800
35757 92050
16931 70987
1185 23771
6407 38999
15455 63628
4524 54696
13073 80778
25544 33841
4987 54023
52218 78674
25315 63199
33667 85132
28872 33969
5672 9474
16635 70651
38343 76003
24633 80026
28606 32438
46526 64908
10356 45632
17213 56290
27581 59479
1658 50878
83141 92558
24666 27469
81996 82947
69574 75785
31074 81655
84138 86346
32379 67483
15804 24498
32264 50352
30386 73707
43301 57284
64217 94881
11960 44741
65797 94117
72435 73930
32848 38279
2891 50071
34202 83834
4514 59412
4529 80882
25868 38586
18550 19005
22279 57232
49480 77945
38171 89771
36533 52706
1320 80357
58665 79277
2557 37945
45659 65695
20526 48393
6960 89985
30457 81398
64321 67890
64673 80401
41324 68398
36453 53400
1506 46721
15597 76902
40681 80195
13947 76216
46448 57273
26143 85817
31367 59465
4718 15082
11450 68471
29427 31596
32008 81020
34341 65190
13821 28863
11409 41521
31156 85508
4744 28491
23089 77869
4937 29089
74806 82539
78657 89101
16059 86674
29899 61525
17478 30446
1599 53035
28792 57900
24825 26493
73408 87675
28653 66478
5096 20151
765 61923
54643 82149
18716 25862
62534 92171
715 42330
65986 66973
1064 2453
52700 56555
10666 57848
70043 86921
18166 30947
25850 83407
51668 86260
47148 59020
3690 59865
18452 67866
76206 85059
31545 79275
13182 25169
45128 59021
72777 81520
73954 88097
32330 69175
2696 18212
90679 94870
88451 92676
47626 66259
31989 74214
53382 93675
18909 53358
69551 72309
82537 85940
16043 24802
4174 67164
17645 48947
33378 91127
42291 60616
1348 9332
29110 80066
1398 46259
18235 53589
34625 53890
37556 56367
61949 86178
66718 84732
29139 52019
15041 17957
31377 34199
78014 88266
48076 79513
35835 84525
51386 90925
11271 90977
31500 86744
36520 57959
42787 90534
18386 90015
64897 75880
34035 49746
2866 56156
14145 34212
44194 46698
56051 90585
843 1344
56607 94459
20217 82800
16264 58504
49823 84787
43843 61925
7928 45421
68816 88410
20262 63142
82723 86301
3880 76736
15337 29833
2630 13840
53445 54117
82068 82929
7037 86765
22840 34057
53096 61792
32252 84843
26276 86334
23946 66893
17106 87712
5354 19317
11965 85148
467 87904
41107 67136
86901 88293
71228 94358
31867 68602
77656 80124
15861 18208
47412 77539
17610 56663
29432 81089
5447 57542
14456 51058
15875 38776
21365 50923
16541 58921
14883 86929
12724 54406
3158 51380
4114 54246
67106 87056
3372 21016
27070 90789
70465 85776
31713 82353
44035 79310
20286 88304
24787 82152
9751 53806
85173 90255
15394 73740
145 39956
35220 46836
7720 49550
54051 67994
78298 93175
48524 68101
11950 29139
15977 49909
47560 56912
19189 80942
75477 81913
3140 78806
19418 77237
31159 66935
11502 26630
9853 64981
71782 81608
15939 47194
29436 48288
14972 77903
31100 78055
58879 71919
9864 41698
53708 67804
25101 36602
6192 32144
23788 93258
4793 19259
69484 90966
3329 53246
67752 80498
35346 37166
39890 59227
87277 89101
50020 75131
40802 67783
63111 77736
21571 24181
78116 92086
46510 51671
32664 69596
4057 89586
32779 33010
17349 51470
39886 67356
52966 61158
14133 66799
4938 63580
51175 71013
3153 89323
4556 36102
49915 60589
71970 77871
58007 66083
21052 56505
60046 86051
58605 77388
64906 78976
20444 42416
3882 13529
5421 23406
4571 52042
57728 92395
34479 81178
45485 74082
30353 71061
3932 60452
57010 80637
17359 58449
59561 94101
18755 65505
29617 61354
17739 62896
50524 80576
10818 24166
8029 76772
41872 51732
13552 16331
29378 71084
35642 83130
46998 60172
68406 90261
13909 77280
1605 64208
26327 82721
17429 80063
68153 88869
11407 92369
3338 23745
7667 28043
20216 73507
52149 73056
67531 84225
13965 62451
2197 39090
21401 33689
81905 92364
57629 77108
75103 76827
28405 48985
63587 75580
11209 71077
40676 60602
37556 49347
16588 28479
6857 80814
1685 54609
39257 77939
33341 41001
12489 87133
31598 32322
25770 34797
31003 89111
29106 62648
12594 84740
44220 68237
77683 86784
38097 53220
2196 48734
26597 79784
40374 48344
24059 67003
45754 50932
5434 27216
71557 85452
26744 47648
27498 44550
57163 86823
19155 69044
44792 60744
88957 89212
18511 19045
8108 49311
1724 39142
19068 59547
13486 46992
62198 69110
36928 86537
56920 63738
40653 60121
68126 92630
34869 79168
48899 77130
42396 91302
37529 72316
43214 52810
13533 77460
1864 93217
15002 23513
27313 79422
5903 74196
6860 11897
38335 84296
14439 80247
14657 87741
62622 84628
10023 14036
49108 79885
55862 58894
38486 54184
75169 80501
27509 94384
55579 79571
44034 63451
48219 59403
20600 29964
36019 72870
53873 55997
21110 51926
40360 68749
19902 94943
45087 87175
9706 91486
23780 52564
19958 67719
16081 79480
23911 36679
11839 89697
13385 94808
53449 65810
46213 66584
65097 81638
35100 47948
961 6724
20191 33413
29106 89423
46842 49183
13450 37943
19384 59376
3989 54960
35176 47799
33888 84347
15033 40761
25787 75118
24742 76676
65331 72204
214 11830
42603 69933
57032 67982
11676 60961
7173 80729
65517 73112
1480 91482
17825 79740
25644 39542
23446 62701
53803 87796
36309 83139
35115 39284
69002 82683
1442 2569
58651 94284
41586 90911
32827 39746
17052 62519
3374 74580
5958 62034
23849 26653
57411 71055
79224 91492
50942 55473
35554 38577
30946 88571
18946 57023
29562 61062
11280 42518
36811 40918
1063 32491
19343 40511
10116 23265
18807 74787
20543 74351
42725 90699
28957 73861
775 75846
5829 41537
67037 68957
12503 15896
68629 84955
51143 88762
10671 32510
26315 78700
16026 65710
28559 79914
14587 26748
41294 53170
4730 54514
23421 37216
49538 72775
14126 30368
4041 33492
25743 50645
66897 78297
72574 94200
9367 35539
61110 64543
68440 94390
26666 38271
24262 82085
18025 28500
92560 93585
6471 67558
14219 27138
38214 55239
39030 65150
51114 69252
4342 82027
72563 85084
21015 37336
494 65577
21036 43622
29914 50068
5524 52828
15640 65257
57425 89006
53803 77640
18777 83964
169 14955
56190 81157
56044 64281
46330 83112
75680 88867
864 64561
57749 86843
86028 92355
48291 74573
41346 45640
74076 92771
76496 88581
63224 64220
67625 68975
27495 49743
38725 66965
85892 88483
36104 44701
45503 86763
42623 78288
13597 49029
31639 38419
39307 51392
79561 93872
27815 32895
11413 53974
14389 46498
65481 70451
5272 94422
5476 39785
22397 72454
34498 56686
48214 80438
23737 73901
2702 39930
11135 34903
81085 88107
29829 78837
17075 64623
53788 88479
2311 89748
60126 73650
72899 81002
10789 29695
20905 79200
5293 30909
43671 81185
84521 93809
41741 82359
44838 90258
14687 66242
22876 57435
48091 63058
33588 93631
17868 66425
13864 60168
11628 29579
2828 59418
7917 48217
14070 65888
18766 53966
54721 72101
64567 85826
38918 59240
29630 34256
31955 63087
46015 75661
26455 30121
13893 50804
61077 62977
39137 48936
75723 76723
45695 91875
26967 83080
49611 78560
8063 79736
22067 61056
42195 88831
8528 91926
5401 49111
25247 91236
14784 86955
27951 45164
92760 94284
26573 66052
21063 50718
51363 73004
54446 67767
15338 46767
13052 92986
72911 88020
29753 67065
61617 78762
38617 65483
20584 40586
16419 21767
44959 81728
5836 49834
2638 6373
30938 88618
25734 63532
50350 54585
29138 40372
10791 77822
32725 76976
41874 61569
17991 32401
48857 88126
36023 39032
25588 87475
32438 78739
5990 32386
5331 12439
21659 52781
26640 69436
72410 81948
48473 50232
91118 94973
41570 44517
37122 50655
10165 57505
25003 68595
43581 57538
16014 88704
27435 50587
34633 75325
65129 86581
41542 45866
7783 44651
28539 77284
33628 57509
10113 32406
48632 85411
11863 91407
14614 94345
16552 87021
10432 57777
53915 78479
11032 86564
21540 80899
58579 78298
26319 80631
35754 59254
22397 51666
37248 64870
46771 58058
2522 45536
78482 91164
34701 64641
33419 86921
37613 49998
12422 70851
71521 75730
24720 79798
69999 76062
8617 43434
16341 18863
31476 63907
514 61057
39061 77751
11491 33127
19858 28595
2679 34393
11180 68430
11671 35505
41255 90373
36038 53948
49174 70442
24726 61084
68050 83635
10470 41697
2543 88050
52859 62638
31052 61379
33705 37512
37380 77071
43242 94352
39136 44903
40543 88897
85627 86529
65388 79296
58651 85154
29318 48011
67172 93121
3338 5731
25973 90426
49554 81615
4844 94047
23527 84457
62064 80826
23962 44112
72275 79887
11232 76555
46924 90179
28954 44393
14521 62770
15479 92204
37975 91437
14015 30563
44239 53969
5889 11970
48529 80888
57105 90552
48217 87951
49493 74096
2625 43245
66127 76504
11930 49428
9296 48314
28079 29536
48536 93921
47667 68113
1466 37431
3721 41010
60125 88278
29312 83479
22657 70524
72210 85408
3666 47677
20532 68491
18623 32054
50749 67318
13721 47498
6884 38207
72724 84631
21678 27698
73398 84578
42235 89480
45057 78650
7649 48144
5518 79441
65977 68515
39556 52370
33271 34267
7250 53288
13693 45842
2442 9074
44078 83494
21359 24133
19214 71761
35161 57530
34841 75814
44857 61399
3793 39637
45220 70419
22909 70034
5156 62112
8861 19930
40614 77712
44714 52276
30308 71483
7362 93367
40480 48888
68092 94128
4284 59558
9041 32641
78374 89334
17961 78678
26274 54363
22298 36773
25862 72929
32976 40425
62159 79470
61755 71410
55990 84539
49914 49945
12722 74426
24316 31765
22739 23227
46722 70700
20960 28412
28766 85811
9625 11151
52511 84986
20900 59542
46425 83366
28909 50358
5492 78707
4871 32188
711 9097
52965 74389
9606 62653
69147 80668
56497 65008
3243 79710
49557 55654
62621 64497
1687 60316
56694 57059
29665 30690
39543 67739
71841 76718
27155 63769
58680 94294
45414 75402
40468 54040
12459 90944
19127 23105
49114 83604
80619 81967
49391 68038
27525 29973
33339 50383
23610 92460
47246 67340
49912 70618
28453 46324
37252 42086
19553 31263
12032 53639
48347 76071
14636 80034
2811 57086
19890 79631
62567 81388
28448 37677
22112 47589
8835 45284
44088 93575
57154 68464
30509 79628
36536 82450
33838 49258
50785 94892
11168 13562
26167 85649
31492 46747
26333 67069
53465 72060
81156 89067
11138 11865
400 30965
12272 14927
19373 56555
2742 84231
37772 64067
30011 63006
1236 42735
21938 64766
87396 93251
30899 43000
3014 11632
76465 85401
58831 64416
50919 83795
11674 55365
11005 13269
45299 53235
5871 52540
70492 90499
15426 42041
7051 86301
15364 32381
39394 81755
3455 65245
50775 76495
45868 66378
4182 12300
19331 85639
69565 77656
40217 59433
49898 71762
30289 91513
70049 82218
28656 52362
2287 67376
45944 74759
63567 86238
9874 88847
14193 19597
9865 11624
48897 76084
32007 66611
1897 24290
34021 52418
4038 77896
64931 69342
70663 84507
9050 10930
39053 43335
29836 90127
81180 83150
28029 38396
29762 49536
66843 87936
60125 87023
24126 46203
67313 78041
29877 60369
35499 93696
20736 84698
8488 60817
34775 60197
11526 76622
1842 23453
2813 83516
64346 89371
608 24064
63902 70409
37908 54959
22560 78913
66157 75006
20156 63770
16048 45364
13546 25046
47854 90761
9218 13944
4438 60006
16388 65168
946 22782
48973 92157
41896 54599
5635 27949
18244 49275
23177 89695
2268 67615
902 5532
46336 49093
58303 84134
6607 21819
46528 85413
2387 65174
17346 70451
19374 25979
19091 88311
52678 52837
29914 45151
80311 83453
2822 17195
19172 28215
38437 58294
3395 70892
14351 19386
9901 74358
17211 78500
15557 92286
32189 41008
2273 31327
12541 79579
73982 90919
41 27570
19437 50757
43533 83414
3528 52340
36022 63820
59614 86273
35116 93867
71107 82386
25052 52543
27067 35075
44344 80765
3795 92216
20617 25705
16045 85197
6159 82174
41068 88785
60656 80378
33258 85960
60323 79605
28382 69926
73868 92067
47020 80383
16200 85488
8934 40233
66362 71477
17271 79621
29719 62909
22348 47201
31213 49418
31595 58896
13811 90575
11287 19409
31676 82586
12692 92948
6652 8567
48071 49195
28722 57705
69365 69554
44882 82002
18341 63617
13353 76135
4348 47251
47774 91597
17303 26249
268 85553
187 22978
15524 18864
8809 20427
1446 92882
4370 16036
11724 70426
39300 56824
31580 72881
77831 89088
12517 75724
32156 69539
48158 94545
24892 60595
31085 35586
18131 69286
23322 35910
34465 56196
16846 84905
29708 58016
21909 69934
40351 73835
48821 64756
89844 94290
7871 82362
59368 65030
65793 85797
9789 57378
36553 74659
48733 77301
12133 83116
28295 75972
27266 60613
40181 62260
53334 65991
10384 42121
38590 91443
44098 93910
70129 92984
42309 85856
7619 13903
76108 90266
5566 36761
7966 64812
49906 61198
25691 39197
23321 43022
48490 69839
18070 27433
35738 86579
38107 90262
6444 11466
49235 59151
23116 51290
63969 81491
12490 76790
89663 92545
17663 56439
16067 27604
7580 90677
20947 53926
4335 7684
18022 40197
27167 49351
19337 23669
25835 86935
1439 78005
85573 86888
3792 15194
84159 90609
18174 93319
8280 35944
27526 48626
29215 87732
38322 90913
40128 72803
75890 80879
23348 30263
33708 44871
51716 74843
10370 12589
37251 39068
23471 69928
38957 70160
47601 93850
69069 75052
76235 86829
49372 86940
9561 30062
62679 70439
31948 87041
65677 80678
31950 36564
42769 57433
59373 88853
66885 88578
20034 92650
37954 93151
51100 79000
4306 57114
19090 88997
9464 47822
11541 49887
38666 63351
23771 28091
67094 67442
50098 73971
4048 64983
66457 94038
61004 81270
35291 74048
77243 93492
8170 23968
19564 34873
38641 87477
26169 56131
14881 37551
34786 62661
19566 90950
54204 92450
17918 77744
65166 70541
80853 94083
3829 15072
12334 17440
47246 55399
42549 68020
7275 84757
6476 45990
29035 47287
14906 44678
17524 24669
41382 66611
20213 34652
54572 83555
41597 69147
8894 29635
59346 87782
62364 64140
34317 56990
50800 54101
31969 82275
23285 88992
11757 36888
20445 61390
5465 92697
5695 47022
18301 33580
76508 86771
32419 83886
1070 12008
802 27070
3723 87136
65537 78828
80046 88627
43224 50376
4495 43973
3347 31530
25635 43150
23754 87890
23908 76774
34160 70525
16978 55552
636 1174
52302 92971
4876 75247
42660 50794
1417 82854
6359 85204
41447 69181
68040 79802
23862 82895
59575 76616
2361 92697
22184 93016
40449 83554
62495 79966
19979 74390
52291 79689
2303 56384
64829 69478
39086 50281
54496 87462
23868 28128
16236 39210
7769 39618
65726 81107
23656 69670
16798 88398
72859 91854
47333 51817
9641 60454
3861 60096
5514 31578
18152 73532
10169 70441
24993 57622
8346 29331
2079 25504
37164 75704
68868 90257
5334 19386
23179 46285
26171 37295
1237 39419
50558 76000
23819 53751
62738 89396
1032 68966
49646 86693
52042 56327
21460 34992
44468 88895
42555 56427
51137 66992
11307 58370
15181 53005
4419 80223
40972 46550
22808 40257
15654 89551
1001 85153
23630 51297
13590 38584
29029 67694
4449 12073
10056 49425
63527 64049
30669 91506
68441 84789
51561 60334
41394 59594
74986 85665
6853 84440
32410 40855
6195 51652
42625 58640
6907 60631
732 905
26054 47856
83900 85876
49047 70092
9972 59868
13984 64526
28246 74320
22294 51212
4404 81708
14014 46486
3070 34620
31493 50173
50515 65123
57919 65653
27244 87951
28855 37898
26269 42863
1071 74218
10576 76118
11265 40391
40348 56426
50374 85014
4966 66521
59661 67098
27983 81280
35384 90150
27671 33383
18198 69523
34117 54440
37599 50959
76342 93448
88988 90932
56892 64427
72447 81981
18507 89796
58196 88417
58523 80936
377 77799
36023 42273
39117 45176
67968 85686
45466 66035
1395 58699
40594 41717
60941 62688
31404 71019
18624 86616
11120 21732
15388 56462
22255 28779
26850 92877
25993 56916
19713 73826
73030 87425
40302 73812
69328 90850
43564 65674
10886 83990
23384 40637
22600 32778
983 70398
34022 81539
23792 25951
16773 31263
48997 63343
41201 69997
52959 77564
44295 59322
7457 37948
38457 61100
79318 91480
43301 66287
35193 79836
48932 58248
65282 82832
11559 79038
43829 68102
7520 91967
17544 65769
19877 84939
9696 28329
33500 81519
9382 45637
68136 91807
60816 94437
31360 76850
45548 50589
21515 26937
21388 26229
33023 80926
3997 84412
51416 54642
5340 67880
36975 86934
33731 92567
30299 90658
40921 75869
49041 60959
13983 76271
32424 33435
6623 84151
10511 32844
20469 25778
31372 54455
19799 22530
57997 87782
62134 70381
11061 77723
48556 94903
31639 81571
482 88311
45576 80884
11109 42023
20539 46456
38555 60536
51789 56826
29731 67999
46618 69947
37630 44656
34240 66019
43357 84951
37255 89774
4718 63138
59865 68517
28031 78074
75132 75491
31126 59107
32954 72443
18228 56184
48862 87187
72315 91620
52368 84822
19376 61826
9318 85551
9653 59764
31740 53534
8052 49686
48853 78660
21814 24447
16572 78303
39415 92062
26988 54100
79692 83656
1022 15102
32095 74148
29471 59938
8878 91473
75824 81780
34975 41667
4595 62614
80594 88482
8907 69632
38284 77415
5152 21211
40428 61709
14582 57557
15428 61751
63515 81010
77625 86771
24458 66481
64256 78827
20933 41958
9829 41805
3240 7232
14048 32348
1185 57331
14699 53148
7679 85188
39254 51591
892 86442
31985 53832
9798 36837
3329 75698
12782 18893
16213 23880
36995 73413
6955 9862
43449 58095
80367 92592
30595 43945
29203 61837
8557 15929
39845 69605
41179 80081
8969 26844
7310 37497
18419 89791
45228 88814
39382 67510
33576 84758
32330 55404
25856 32909
82237 93695
79140 91308
52365 93916
62627 93871
11158 27252
43786 64924
19907 90293
31845 32254
57601 70844
49574 70372
48612 74342
32974 61507
5237 88087
74427 88377
37757 47210
33543 94514
5864 24073
44677 92531
246 11854
47973 90357
5768 81928
20762 68984
86823 93740
60049 86597
40890 48223
12039 29964
30836 57266
21429 86340
59950 60363
5719 9244
4914 34452
54924 88959
64024 91984
23917 40536
26266 47893
12832 27352
10312 37828
22831 59289
7066 36496
14498 17482
3176 65697
44277 61209
48548 70091
73551 91648
2141 45611
18523 63406
19876 22320
28242 90898
38870 67724
650 80072
46362 48454
34017 53100
34766 79328
3991 55806
6682 71065
12711 89616
6581 49288
14481 67577
11951 27186
56952 70548
5880 62852
2241 77617
26700 69698
7366 85935
28094 76086
72469 91804
75837 86417
3648 4516
27888 91925
12915 52052
43437 68176
44644 51076
1844 86528
16390 33676
31323 53605
35739 67160
4967 59917
32050 45163
69911 77910
20490 94417
58516 81054
34510 75638
27687 76360
63125 77186
6440 31679
11607 51230
57161 82153
54157 72031
64908 90492
73048 86546
64654 90078
8929 67975
4776 27507
13566 26144
400 1216
11487 53544
8061 56870
4558 83023
34884 41272
46560 52859
27309 33898
16348 38601
25598 80142
4827 8293
5897 83468
29699 78032
33333 77709
4787 43223
57045 64193
55066 82223
6274 11994
15884 19597
17395 51303
53426 60457
26615 81976
37121 59222
53491 76428
8311 12408
23605 33858
34481 40767
60454 78321
36953 86813
43459 84018
12068 49683
50162 65441
37551 37843
24292 59003
17562 41763
7306 26270
29801 70614
40143 50095
32436 64255
35861 58760
2216 36607
82520 84887
72061 87264
49000 59286
33823 58067
8325 56263
34494 43519
36149 75276
17749 21257
72801 74392
19481 28859
3893 17622
8689 29625
86386 93927
43649 87801
36259 62516
13435 79498
11194 65918
16098 30034
49177 73133
67026 82676
24712 77640
40105 92808
26894 82158
57512 66162
35758 79991
33509 88125
45581 50844
25456 69051
53987 71789
29883 33840
15321 49356
13445 29913
17301 72007
66676 70183
5091 47173
33068 66021
70822 90716
22768 26830
62801 73573
70653 76148
26530 60949
72996 75744
26429 57186
40776 77959
47671 66725
30105 71006
58979 80106
13618 90227
23780 45531
6644 13231
28111 70404
22570 37074
25150 73306
8449 9513
24498 89519
7532 33221
20610 68562
10787 43602
62662 75109
26393 26960
27940 45466
49186 89206
33414 86716
6958 89690
12332 39361
32348 46980
25232 70543
46596 68245
10811 42094
77557 79100
18780 48804
11428 13213
43770 62451
11692 32591
7817 78551
92595 93514
38644 76401
38961 82549
55999 67746
4235 55346
10591 72045
43183 74923
8975 76402
26414 74996
78001 87451
50449 90252
47182 88136
44380 44407
29199 81324
4779 21781
20723 21921
20393 77574
58289 70778
23925 78417
46007 79143
13273 77060
48062 87851
79905 84009
6637 72867
9803 10961
13327 61893
64188 86229
20775 39024
16191 57341
53379 53692
44856 87124
17625 84637
333 62950
7783 39733
29331 67935
12016 86800
19006 44144
10108 91735
77920 88209
24891 65871
35338 90753
44931 88151
16517 24926
15482 48161
63126 89247
44834 45125
76115 90201
28886 68651
43447 77201
49014 63867
9498 49780
24713 91894
45891 76297
80268 87899
6785 74366
18982 29314
26726 88205
47992 86819
50310 76163
1883 72183
22890 89970
46129 51454
61386 88390
54495 71064
20392 34091
38246 78370
57101 67857
21372 42041
37300 50946
15772 38836
35505 40825
27396 76204
14768 36907
52836 85976
31425 42317
37084 38750
79606 84886
15278 27890
4165 11489
78652 84311
33881 54316
9111 16209
50933 83410
11449 32451
40730 78704
45380 70228
20388 73218
73520 85108
48111 80006
54277 82791
17727 36289
53207 91936
40431 83136
5189 49946
60417 89180
49719 66200
84419 91664
34818 79975
52922 74379
9482 47012
33612 66620
3325 45146
1547 49832
22042 30031
266 79377
72393 87100
57804 83471
54794 55164
70566 85406
14691 56130
38488 71177
10194 81921
9972 88711
48476 82875
9814 78061
13652 83412
59954 68384
18640 41605
20674 87285
46091 85026
7331 33862
31051 51334
32461 80004
65615 67357
57889 90158
26023 71880
20338 70947
66246 77383
29789 80698
6485 76069
55358 88880
4146 41905
21858 91586
11383 66492
52757 86094
28833 91945
14719 63304
24016 94903
20005 89351
11067 42852
17096 63849
74974 88148
7928 85575
47412 87769
28024 86421
72777 81992
8423 15672
9105 48197
62996 85066
22491 49828
6322 14133
72498 94236
2584 86235
21430 60753
18503 70770
63718 84492
29453 36717
61329 79984
16581 88439
15631 72749
30154 57716
13583 54850
47308 60736
49710 73511
40306 81899
444 6004
26633 72130
11417 45813
59841 63142
13465 21974
82845 88784
61298 76092
19619 78595
426 60822
11379 81875
76560 91707
14483 47443
67128 94303
335 49922
41229 77357
41206 69524
18822 36085
44359 75981
25448 71705
29559 29919
3874 28644
11681 19826
27681 59994
3839 28912
11725 87049
1819 6617
29529 91085
3446 51920
4424 65895
1634 82022
47899 56743
37141 51833
32974 94380
36144 75802
574 67249
2272 49739
47177 78542
10020 87112
9216 43823
33626 50797
76855 79031
14007 88597
48739 87676
37822 47183
46900 52230
53685 84518
47716 79923
42832 83117
83416 87358
25576 86020
18667 72728
45600 76951
23151 55896
25 40779
42305 88637
16055 34151
42769 86391
15885 16482
29908 36058
41123 80300
49794 81070
8553 35131
38215 42702
49219 70857
62875 72185
22913 92646
8061 28127
75410 91779
9485 90356
10869 82258
5350 55146
77592 88162
15193 87724
17086 49431
35824 50267
27093 55093
50830 74464
70323 75083
77327 93453
67255 69743
9291 43115
16656 42427
25591 68825
8642 52043
51130 57520
50226 53232
45561 70940
19225 58138
3168 59323
1461 89361
28731 49965
24190 66846
7023 30100
1398 22407
15924 67365
47754 60671
22545 74020
36167 89801
49923 51988
10121 38714
17062 61410
62678 70418
61311 79039
33910 60194
4200 74356
45035 75443
10442 77889
19505 52636
31753 31892
10970 13359
20830 60159
33331 38678
50254 66079
27743 44220
63878 77746
13355 18410
28457 33300
58188 65329
6708 25363
22076 39248
28993 58011
5142 56590
81891 82227
62148 83431
53557 65696
11004 74944
11135 23620
35033 87272
46028 76431
76485 77389
55439 70760
20398 67096
8341 86748
26012 34007
5712 27730
11423 33384
47945 71199
7237 94114
27879 28059
29796 79687
86906 94560
68481 72385
62527 92561
8273 59414
8795 48540
40063 72711
55568 76692
25264 32702
6063 43720
41099 83744
45069 82372
28978 74081
55321 83673
68669 78206
26837 42222
12117 42495
33272 40189
42161 85807
6907 14144
24897 79591
16495 85403
40726 53033
3668 76073
56848 90015
28609 81272
24847 55977
15410 80629
38166 67887
24959 45132
21104 79477
26615 86862
28927 73588
70414 71525
70940 84799
72304 73418
65983 84469
6996 58633
31687 93728
32702 77231
64593 94799
49287 81266
40331 50904
83909 84818
2364 13113
30179 58323
2089 46914
3337 40848
33156 60090
35829 87567
73513 80683
46810 81185
7308 18214
25296 36882
1015 92444
19634 90866
26323 37345
23487 54404
66009 85130
8394 41558
14087 68369
69840 89703
37361 62828
28890 85222
37779 79311
2801 3586
27360 69893
52235 59745
71310 88825
33242 41860
18624 33325
25079 87967
47765 61521
1830 79855
60007 84821
20409 46704
35582 55576
22122 62146
25895 70615
53910 54944
11670 80505
7236 61250
13217 36265
63997 66527
56186 83801
40487 61105
22987 93843
46992 48562
21450 54486
79319 86420
8969 83126
15733 47681
81307 94184
36563 48195
5534 91129
11269 18747
70226 70607
8103 12102
50016 51740
16298 26273
24225 94672
5390 44533
66477 88061
80695 87627
13993 56513
75841 84636
4788 87653
6937 43999
29100 81623
66155 66282
4626 28218
16399 74392
7262 24235
4300 40036
20739 23429
14321 37874
47812 80868
4131 39307
10541 18846
72570 93771
12238 21418
72873 75893
6809 91324
26270 50206
56491 69240
19380 47400
62683 92617
12721 87779
53985 54777
35111 79548
50260 85636
6826 17652
21587 75461
4650 82542
8043 38680
24781 38916
36108 84005
46963 90435
39159 58216
13974 87798
6497 76442
45685 92509
57498 65335
53497 94387
6121 27907
31390 61260
51599 54663
7275 15281
65286 67392
77717 94504
24773 71981
36499 50707
22223 64211
71962 91970
21883 80507
14872 73285
31544 33532
26183 65506
34315 46794
9207 59604
56809 68666
27591 77264
36313 38407
3419 17323
22156 32824
10460 60302
13950 72102
12119 79868
5354 55398
43988 57424
54229 75741
40274 90359
57707 80289
3705 89980
1639 46494
69164 92517
20007 65838
12371 45028
11971 64919
20693 28010
60292 87035
36334 82717
26514 69435
38670 57404
36296 89630
55703 57245
75981 80075
25727 54026
24811 65321
19165 49861
27230 36270
20322 65264
48855 76120
1718 64296
40726 65137
26337 81681
35734 86586
24113 31742
24288 46571
63057 82412
32147 60005
11896 61140
2456 26792
52411 54838
53399 86170
25480 94461
6283 79718
55195 55632
1764 18713
29533 37773
77964 85585
14472 46934
80850 84838
13283 40415
2714 73740
60323 83509
42669 54011
7577 15428
30790 74272
19781 58642
6212 66035
45744 91405
23563 32731
38803 43094
48962 68003
21562 66235
57196 62823
35502 74419
43958 51172
502 72907
31824 60194
10124 44679
16592 40599
9986 55552
14778 22252
29269 81920
54308 55008
28786 76987
9464 36351
72387 91199
87336 87667
16113 23125
29155 52155
3913 33817
40164 81256
82249 85118
25918 61841
67367 87668
63038 91356
60512 70111
21847 69791
24671 42637
49002 83606
12398 24127
28084 58139
10927 53710
33006 94393
41229 67161
61426 63567
43029 85310
45883 48759
34759 79948
5377 36263
342 43240
34437 50125
11813 63134
4645 18548
53385 78507
45539 87466
8231 23689
32208 64625
55327 67115
56329 82463
80074 82254
38872 78948
9033 74663
14050 64744
14619 63255
26297 85893
66092 73897
15414 71202
1833 70678
37888 74173
7766 89989
6695 74553
66770 67198
38080 50578
4319 21536
15944 22470
63823 86617
51925 65118
24160 35824
1581 29871
17946 26943
101 24271
36763 67178
58702 89928
27098 37226
23830 88146
894 84172
23802 32504
28100 73052
11195 60822
6012 35984
70343 80726
13713 60120
1392 90237
15905 90261
51411 89658
5536 90457
3234 94701
15978 44501
66186 85335
33124 65608
49510 88661
82595 94432
38405 47967
15006 56433
1856 45159
7819 82272
20905 50532
68182 69786
78031 80507
59823 69194
34231 58991
20967 85481
80042 94669
53129 75966
51487 58337
46006 76291
27601 88123
14986 18010
9652 84422
26528 92970
27860 36034
1066 53021
68189 76233
89369 91020
12356 80074
53845 88074
29954 60357
20119 88491
29855 57603
18343 77371
13367 68141
9137 64518
61029 88487
18686 89299
46490 47247
12231 94948
18824 64938
12193 25690
34085 65391
14697 39130
61438 65819
4320 11772
40164 58777
52327 64736
60628 68940
49483 90161
9624 55462
7418 79162
50427 79972
25081 40489
21544 88023
15287 89654
27909 35785
13060 58821
2103 63866
9448 66062
9939 62755
57383 89609
3347 88980
52207 91276
76890 91366
20116 60429
61351 92411
28881 76431
5319 83674
41415 88303
10617 41437
81661 88744
12356 78967
12659 77526
72977 73398
15753 46443
12490 48424
19769 20080
20889 57384
7010 76266
63508 72398
58522 86285
31172 82660
11214 49686
9928 24264
12418 85083
1127 8713
71231 81816
42077 45337
45653 83585
52470 59770
41788 80144
8589 25552
18954 77716
14165 53269
53667 83310
62022 94836
44978 70718
14312 62630
14289 23519
13631 14542
51 4244
22527 52071
65563 89189
12983 51432
26499 84858
18908 24722
37300 62954
5459 61646
26525 46420
446 50246
77125 92364
2145 40376
14796 85757
15275 54857
15703 82914
35937 53567
14487 17045
29125 88696
53233 61795
76184 92687
28337 70200
33822 71238
26234 74412
30902 51449
21521 29836
45348 68189
67874 71710
45944 87958
8931 32194
37682 76431
56885 66196
6713 79032
43384 74220
38121 46776
27813 73177
43269 46429
30628 52682
1886 39415
30245 88940
4597 40562
88327 94014
25741 56939
60869 72326
66365 86595
21565 61051
32678 89119
50266 92762
70834 76686
11501 88319
7978 49987
72255 78921
29545 93479
52422 85151
2801 77133
8081 41889
278 14774
45260 58272
25853 59085
16804 27485
62159 69668
26079 43094
21648 47260
57433 67877
46424 78788
39786 81272
45357 56647
6668 74663
22831 45956
12724 22816
28628 76078
31924 38022
20502 94460
23969 62433
45417 89115
10973 85958
36684 94454
33668 50365
69662 90157
14352 77664
32751 87551
33481 62125
41633 70494
19164 23451
2616 75957
58206 71105
56919 91035
51112 54878
34562 50076
51130 67621
27934 42414
23448 25501
48825 56780
47365 78607
53601 79683
5606 49271
21008 42212
10906 49161
24467 39716
10596 71414
6104 31601
88470 91629
5873 36778
2042 75350
22755 70174
69221 77819
16207 35236
5617 53740
53567 79394
17082 25480
14243 53494
67039 87650
9667 72441
9716 90553
43175 52161
27785 40605
25254 68292
33754 56469
25212 27609
8993 15559
23395 70223
80754 86987
46364 63605
9808 41601
36725 82648
26870 47362
21328 64239
42258 47696
8287 16991
30729 74535
71281 73376
26620 40287
6825 25217
34550 57601
48656 83220
57534 60977
4162 50959
94129 94322
52171 60005
14059 87350
52723 70353
48150 90615
14943 40063
32973 66050
1930 28948
12685 86211
19975 65006
81800 85319
31538 43382
61674 80230
4128 44240
15216 64556
66165 81422
22364 85867
4288 32068
19333 28920
2048 79341
51061 73585
10437 82812
17932 34361
24142 67628
27229 51226
45289 67390
8809 39489
19915 81681
6540 91086
42606 61442
32393 37852
31947 83327
74421 77426
18779 65029
70474 73926
7006 8026
7538 28985
6459 50386
2292 8662
29478 78491
25639 38016
39055 58590
20774 49542
5308 15549
54305 73870
19234 31893
24483 50437
29810 77046
35808 93554
8827 62701
9282 93354
37556 51039
22208 53830
6701 63961
3966 52578
17586 91121
25588 81436
51319 88705
10978 16406
44975 59691
14923 28040
38475 49037
26667 65045
19416 82780
53071 54308
56092 64789
10977 86434
20086 75093
63721 78460
61259 81130
36739 40590
27749 89253
35185 83754
53633 71051
72986 75742
37265 74799
75763 92279
3680 75137
31386 44198
14758 35032
47406 53616
15492 22493
30802 94245
42184 88991
55273 60353
4019 41424
21040 24664
31346 57821
27372 53404
8201 14890
17017 58380
64113 92780
32647 69482
42039 72889
9732 65404
8433 39514
17909 51872
41422 81342
7195 50857
26915 94516
49819 74555
80821 87201
24377 32103
36652 52179
65642 65742
43405 47273
13814 70467
47151 65366
39165 77103
24731 59719
11521 70095
71237 74966
1862 79530
52910 79915
58299 68019
32239 38731
71779 87063
69494 70820
54529 74491
42308 83664
16817 40965
8886 85110
10947 45610
25420 77945
31612 94329
6182 28598
34447 46741
32547 54652
82454 83030
49878 75638
23108 55630
34374 70927
67820 70657
37881 53593
40514 49118
37448 77912
18073 69348
23197 56294
43997 65326
330 51304
59185 77697
32060 78735
37482 45629
68268 79611
61140 76730
22663 26497
41068 70497
54260 87319
2905 83123
25690 53482
37969 85839
12317 48379
77177 93931
21032 57204
10502 45530
49591 74876
14364 40813
41522 42624
39712 44192
28284 61598
1256 73707
15079 64848
24086 36401
21733 33192
6370 18402
5381 92467
57007 84531
7081 19367
15446 63956
42336 72364
23648 36009
48018 63786
13573 80036
24906 56969
11421 77516
11809 15288
39953 57012
55121 71551
18851 28272
6336 74229
8467 11943
23009 85980
5599 86370
34831 52920
19621 46138
55224 88343
33816 50771
54258 56188
69490 93768
13981 17005
46624 84537
27211 89066
67124 71322
23752 37427
13714 22863
71090 77660
93094 93391
63446 69755
28852 54735
8432 26164
12021 64782
43987 53510
25120 87457
43749 61175
18311 23179
16092 31529
54776 89346
41596 46119
27913 34471
16483 62632
44824 51742
3345 61571
2316 20545
20568 22122
20131 35258
27552 94505
66114 69898
11993 84403
34708 86209
15969 93418
48258 69242
7304 52205
13744 67326
33799 93174
20731 69922
7666 88244
480 54453
9965 21840
47504 50769
49235 77671
20217 72393
47801 59870
7898 54963
7822 89102
3292 5314
21161 57377
20004 80061
31672 74641
29166 50691
11277 35271
18987 65439
59819 70825
28407 32792
22744 60763
54566 83022
74798 78850
79350 94653
21498 32468
18173 34880
25488 72998
16111 52673
51011 66332
66168 85692
29682 48730
39927 79853
6238 89789
49839 76760
48484 73981
31539 70587
44685 74953
73214 87169
45156 88083
51661 63328
85455 93032
59358 91784
4600 65180
2339 93666
40911 86419
86840 91028
39150 39183
38626 64169
16079 94793
60810 73365
8893 83850
82363 94036
18280 40323
12673 58472
32990 49144
49672 72827
32248 71742
9596 65801
2654 67432
45653 91883
10751 90116
28500 66956
36563 80701
45658 91154
14401 41245
52029 85826
55606 87156
28672 67956
22738 44916
2561 67604
78949 85212
75303 86823
30099 81132
69403 75068
12761 14116
52800 68944
47205 54126
65203 78785
21136 24770
20347 85256
46259 46521
56508 83422
37874 93095
48296 73065
21637 80042
48252 62111
48476 80325
29338 32640
29554 38716
70379 79707
5966 59579
19032 40749
52230 53060
6908 56948
17720 63866
45834 68101
21834 47039
30457 74718
62895 74618
83643 87112
11427 58220
40045 52799
16219 78384
7042 27825
12205 24289
3664 4808
4507 50738
11724 53175
51515 94880
1280 39677
6605 58801
15817 89307
24821 58205
54135 74677
71048 93929
28174 42003
36069 63054
26968 46030
11491 69623
24710 81450
31480 46505
3909 85482
69750 91657
10715 76548
3536 73295
37247 94337
3506 36385
70880 78601
39028 87039
1361 46192
15132 84579
52295 55630
13150 13880
22035 66134
22470 36430
26619 50596
4558 64924
38534 80221
46771 87357
15514 60710
11967 94510
28738 54393
22886 74734
13365 14276
19896 39572
18088 71830
29795 74330
25242 55422
34826 55421
23199 37734
82508 85919
81338 87364
50658 85857
5770 24531
3376 46469
45676 92397
25621 69536
38368 67408
38635 78504
60808 86846
20260 21040
2671 79304
34844 94078
7318 77185
1635 63408
16946 80134
29099 93114
24993 70739
26524 89053
46707 84285
25375 57628
22648 89843
76058 80138
18636 93289
42855 86693
59424 65017
28555 67923
61014 63818
42462 85858
57775 93541
20421 45969
8323 55728
21886 41545
56130 89412
10025 40808
47655 91535
22867 25505
19547 89178
5470 75006
26797 57454
74432 75548
26103 66757
9751 38223
14998 19745
47657 68887
9453 17799
69668 84599
5258 51178
74751 86164
65049 75016
47194 53572
42278 64421
44196 64149
6094 69808
1807 45173
25125 26581
21746 34237
18982 67227
74659 84658
16429 33487
37328 55235
56358 64812
25275 37790
32356 92168
14158 29234
46525 73841
30366 88280
18920 53066
15306 32838
12202 13472
32085 44827
33122 67339
50484 64821
70651 71606
7919 61339
45969 56511
44319 53810
30342 90555
2557 58781
24211 84101
50463 76836
55264 88448
21207 56396
62334 68721
28218 84587
50180 87133
15955 67525
16585 42265
37236 83078
47562 56278
46730 74301
5264 91658
56979 92963
18964 49717
81641 89401
10298 32554
35850 61879
28991 47808
51585 76767
28524 58274
12020 23869
24622 90575
47555 79794
57367 65164
6434 54095
31394 75254
1174 34461
10822 66656
24788 79904
44746 46135
11080 93118
6630 12598
22279 94742
34073 87304
45086 73774
27608 94014
9715 69662
4731 55513
4773 88143
43199 71420
56203 60293
29365 35004
38277 90284
3447 82595
30989 34433
37669 45470
70241 94222
17817 38600
33095 80509
53702 74882
16500 72324
14056 35273
6848 75129
60078 83729
45806 62579
48174 62270
17868 56594
23930 80258
23525 32204
41424 77125
70629 75375
24234 45929
35956 50955
23579 46644
67609 73706
28344 59802
65066 70570
12098 86874
50438 89151
20662 35972
42826 44502
21483 57400
1382 57507
64130 92115
22599 67516
16465 52298
89241 92863
10528 69496
23606 48057
15497 65026
49808 87999
21481 27029
16410 19826
42233 92694
17500 91220
20622 69229
15997 38016
74704 83709
10521 77703
52235 86137
16905 63258
74288 86053
56854 60352
24845 39568
27249 46746
47117 80007
16258 82072
6910 10561
77824 82491
3775 77115
19899 76129
51673 62846
34770 48366
38156 75099
48157 69567
1324 73674
22077 89745
73698 80226
12237 59488
24543 76037
16813 65109
18158 83764
10037 31662
73436 91382
42256 73299
26758 56708
24198 42050
6302 67483
3505 57316
7016 36972
60488 67569
46602 88688
23727 59262
31526 61367
45452 90738
72882 82757
33187 39173
2942 76407
64733 89706
7455 61893
52439 89629
36108 60898
1395 77136
69521 75111
43913 72744
32122 53732
20014 74978
32797 46849
49161 69222
19436 85252
25725 94967
66955 69430
14895 56029
47001 74588
16043 25667
30126 59512
4795 58903
70391 88840
58580 83581
13248 94262
38392 90494
32957 42924
11564 82815
22558 58833
10271 12327
951 55742
81296 86490
30263 61851
70305 85170
20638 72420
14062 55690
10818 70500
37871 41269
16583 94545
38339 51154
6422 58290
1224 94083
67489 80005
8290 44756
69421 92010
16122 31351
57729 78384
2126 15936
17089 18298
46781 85124
25383 31156
18762 21644
3331 69504
40634 69751
14214 86252
28339 63567
4659 68461
67745 69913
33448 39362
50797 80114
65415 85495
47402 69929
73977 93313
9244 60082
66227 90279
4885 60655
21325 37412
38736 67415
28849 67803
26576 75058
40570 66853
58421 83317
32403 74035
26110 56990
45893 52884
55301 78232
36691 44320
19903 93571
4681 12682
36318 50204
47714 73183
50710 68609
3467 48511
46987 47445
11583 39629
24992 40364
58133 89423
9702 19531
43874 76663
36002 70415
59688 66333
4875 83757
89905 91701
874 43389
12258 26028
6376 43517
64108 72001
48660 68841
14326 86818
20930 65672
16633 22361
22593 29084
7758 24449
13455 35232
11280 18933
31978 48840
3502 28021
1254 60628
54130 90244
9569 56696
42053 61706
54039 60373
644 60936
6168 8648
26520 72296
25890 41347
54199 86124
33213 76361
33168 53226
13446 39287
4867 39594
42206 75101
33102 59785
64618 82229
12405 19483
53962 93518
79682 91590
5925 77455
7635 37049
27903 37133
41682 69317
73017 75933
48637 64317
997 1246
37535 94278
23012 44162
10949 56447
37706 88872
29445 81417
29331 31965
51855 94586
21782 31227
11533 53912
3961 12626
70968 94144
33705 62745
43371 46108
7071 40461
2362 61192
50545 87418
55089 64396
3291 55550
6624 37929
15592 39319
63826 81510
58488 59087
4460 32545
57035 64860
69548 69844
58040 71768
23540 63712
46872 77467
31725 71888
60716 87237
19267 25577
55019 66101
57883 58956
10676 25941
27068 38645
3981 55145
26972 67318
61816 79620
11221 55381
56037 91805
23438 57528
30330 85824
31231 39217
22690 45309
9925 91995
61085 78614
31306 34646
20821 31883
45248 79895
15239 18032
3858 77823
35466 88009
33948 46025
37700 41349
69793 94331
30720 32414
65981 92077
15700 21247
43039 71005
82598 87209
1189 6805
66889 69881
82237 89751
56337 64343
1184 65931
77916 90568
26457 60325
10106 40911
658 78619
10904 48681
74842 92405
77111 92949
18130 28292
17494 20538
81362 81600
46427 65016
54437 92752
45675 69398
8328 57149
34914 59486
29110 80540
1248 14456
36438 44645
48715 66135
57393 73809
23282 58450
26777 75765
54674 69099
44376 77947
62634 75985
59596 82351
65324 88435
17691 62228
20406 63607
20427 46363
41182 73088
270 76992
12901 47922
19583 43438
3754 64416
23888 93181
749 11172
27905 50707
63921 66122
15120 37805
27144 39294
16918 45961
68431 69010
2200 8559
5027 13636
1133 38613
24491 84664
34705 87543
12994 94167
726 46414
50703 86502
49528 69306
23543 77648
9209 22822
2922 74346
48341 90302
86802 91710
11997 38883
32876 35861
28979 50432
36247 93523
21558 58991
46824 87174
27690 33318
39468 45630
1145 13850
49858 84748
13654 16585
30987 41726
5629 28282
28892 31028
9162 67930
33449 67936
29639 48626
48816 81997
6068 94310
1992 43321
59745 88638
28985 61286
7063 51081
75054 85266
21832 48505
35693 93260
71486 92276
80333 89920
13171 18294
86674 94491
50394 78318
18144 58219
15162 23498
30524 51960
76544 93569
28113 53198
55839 68382
51844 82377
37467 48877
2542 14539
73538 84386
40593 80670
69234 83481
46444 60616
79597 93490
49290 53790
35491 62080
69005 88109
30423 90680
37295 46725
32708 61390
59645 70966
25091 73019
5883 15361
20256 20922
6763 23595
54645 82311
30748 58519
68548 73545
55441 83400
60726 85498
30905 61004
76900 85506
61424 64300
92 11715
42463 76440
6481 92244
10906 23608
915 54947
22315 77444
61707 66060
61655 90175
33976 78695
10185 47902
50978 64159
10491 81407
63807 82188
71369 90997
32483 32808
4904 54898
32377 53491
13066 51291
5195 84971
26985 87959
4030 28492
51300 94467
24522 55001
45086 80830
24469 50869
15519 81610
1645 28140
68526 70476
17223 39742
9210 76060
26827 48478
12801 70559
51822 75356
1628 30067
36365 52639
64369 77004
21436 31948
16510 90096
8661 46331
25372 64597
46617 69988
25597 35038
21617 44215
3012 74530
13977 32320
59076 69863
66037 84664
72799 88425
24647 33943
51597 69751
14886 20886
61919 74656
42968 80663
1762 2658
1972 64337
39206 90824
11428 89383
28414 29100
64843 69234
56882 93466
6627 21071
57767 74192
63400 86409
21164 86567
36357 94767
91171 94726
16892 50317
79594 92173
69190 92203
83582 94925
8141 34125
61879 64520
27478 83563
25022 57529
56127 64760
7091 47364
8792 11180
17688 49943
7043 63973
44130 66670
32875 64332
55576 72355
16101 26509
86987 90966
39773 72163
483 18596
60985 76625
33205 66441
30984 66282
12923 79859
28719 31411
21799 48733
26327 93170
37640 93357
16940 17663
26621 76346
55858 68745
79975 89753
69948 78354
53617 71722
16464 26832
59364 68068
945 24163
5155 42067
31062 92754
27685 40816
67485 83301
426 10447
31827 78320
23414 58552
1361 60745
7796 76583
42831 93679
5526 44200
3799 48710
56664 69363
29475 61899
41232 76545
73626 78541
9646 34239
67474 92984
10649 88796
11859 61568
13965 76853
48096 79442
2692 31512
53639 81727
26353 94892
31849 56309
396 60972
11171 26171
7793 58058
20319 33623
11373 20487
27911 47662
90497 93617
1155 29833
64193 89641
45557 87224
12733 19672
38629 71577
45325 72544
55832 71194
26021 37413
32493 61079
75846 88033
15756 20157
24908 73372
52105 72709
33138 69453
321 18726
34601 60340
54478 93866
26834 66836
35361 44851
26165 55429
12966 17876
45771 77302
24155 25415
66217 76462
21791 32963
49495 70997
14679 86776
15531 34140
40268 93173
9038 82750
59294 85270
40302 81339
46412 56506
42082 43620
35957 51599
63782 89147
75587 91000
12801 63933
64588 94795
46609 81589
20359 55862
7811 68910
27769 70530
33570 91617
41952 52380
12182 15230
9555 65210
24444 65914
3443 88412
15443 58738
22212 54019
17089 26304
35526 41349
67562 86254
7174 27730
74669 86647
75582 78850
4455 40368
15598 39823
53021 90319
1158 75604
33059 59477
51821 65369
4672 82956
38518 43322
7742 60835
50549 91739
8080 11858
46932 84181
3397 12101
20219 82585
1951 83064
14636 68078
71051 82740
38941 60159
27304 89040
53960 82012
59019 86498
39389 63452
2005 76308
39652 90344
78817 88911
9057 17683
56833 60597
41198 83243
11270 23115
1136 63310
856 3127
44070 70643
22080 80882
5654 74960
36265 77772
1889 13400
16232 76026
63968 73726
75919 85148
54002 76287
11397 44719
56035 88601
2617 51252
78652 82644
26715 91715
8989 76741
19601 53930
77191 89047
27832 84689
15464 68429
66789 76053
2535 51748
9975 71537
26512 56947
22470 84316
18938 42699
76199 84839
10874 78601
23453 37792
10214 93547
35979 68422
10096 51069
62065 72793
60308 77541
69164 84795
24024 69959
27815 36033
63365 69041
21238 31356
3112 93831
17332 39153
23553 38170
45040 79689
35795 71764
21430 85531
2620 68740
28696 36232
24302 91334
40822 86519
28664 36667
52239 83564
24425 46879
23693 52585
5159 89498
35424 50232
7673 30884
18216 56271
13234 17278
23721 47937
13250 82179
27902 59253
37206 75241
47261 50556
52557 80080
24939 61609
19071 39562
12942 67918
31857 72414
18405 26873
17997 48807
5492 59727
25550 27261
51 10944
36362 84598
36329 63665
9195 60804
36156 66528
26850 73789
60238 77078
2893 10638
35696 69561
49744 66022
47000 53106
13242 33068
14688 41703
27459 74466
63440 84579
25408 63303
61402 81009
38203 46405
21045 87120
26727 34890
6302 68915
67128 77593
85163 92954
6655 9651
55062 56656
35646 80365
38064 47670
48847 65875
12291 61432
86069 89136
1087 26403
43747 67780
6462 28323
65847 67808
37729 91166
79283 89498
18437 47699
38175 62037
77387 84248
38473 56491
33008 61226
29744 91162
11279 79445
69895 94635
9968 14308
74711 82532
3616 40737
18854 85456
10412 61976
1301 73462
40156 41095
26028 47688
29842 45280
5088 84009
37284 82331
33772 67860
24126 42645
1236 94952
13098 60296
12655 32778
8421 24716
73066 92399
40724 88891
15197 64296
55324 90073
3835 7545
10276 12273
80197 92403
8075 75423
88408 93919
27182 73434
8628 27175
1819 85526
6800 31644
50429 80814
8672 92626
54072 92067
76861 92396
18765 87310
22135 73018
32896 72231
1396 4667
5851 55441
56973 78537
16990 77267
16420 39965
6437 9214
2518 28309
63615 88209
5837 61897
75021 86423
73287 90459
22082 79471
7994 71321
5812 42073
59623 88097
3355 63699
8223 80560
12279 60008
62834 88613
40982 82391
77002 82039
47394 88041
20745 58253
37435 39930
91092 93055
26610 90811
88026 88186
34740 71662
56857 94588
59669 71134
3867 14317
39607 68847
57885 87074
57281 63691
18595 84258
6218 70306
21679 32090
589 66890
42725 55957
39673 74277
474 32509
49502 54312
60375 72443
70287 72046
68138 77713
3644 12465
61014 79447
57797 58565
79193 82025
65115 70263
30696 36457
33860 79203
13375 58571
9171 63180
33617 89987
9634 74475
39772 57278
12776 80548
57126 66335
14682 82246
19650 39732
54732 88901
40093 88786
30345 40803
47749 64210
50385 78425
28393 91995
45853 93371
23499 41968
39256 45902
24842 86432
60026 73060
74484 79109
37350 74385
842 44662
39915 55731
7815 94061
44665 91574
47367 52043
31626 87887
34350 81867
29502 39523
26884 83478
51418 94178
32947 84797
11987 33611
62313 66768
65383 86884
26034 53653
51246 64882
42864 79695
9741 18835
26755 41361
32017 71947
42112 79178
28194 73825
15099 52082
80745 82478
22668 77438
63799 71487
66929 71514
13415 66236
37388 47174
17461 39784
14536 84928
46179 71758
24394 25665
74297 77644
22155 87641
4626 19023
41796 67297
46191 78035
6619 37156
12223 15404
58144 68417
4385 68619
29384 81072
3152 21071
175 74025
14369 30532
23294 49104
7736 63259
26759 41655
37993 70741
19483 73282
34031 38128
37446 60334
9692 24352
23694 25611
73364 80162
52699 70303
50915 60135
61838 92708
43107 55595
14793 61282
52330 92494
3529 56059
5207 53509
29829 90958
19936 72961
31063 59133
4696 37884
70907 89607
55236 64258
49302 84323
15015 81034
62104 70919
40175 56742
25759 42916
29593 93949
66899 89916
35628 70574
33876 43752
9690 50862
15242 65094
8209 91892
29880 49194
21556 90236
37816 62665
71821 75936
5988 55569
49839 60586
61697 73931
12323 36530
33158 94322
63912 91079
69305 71058
79002 80856
66921 80874
42781 90233
8065 65719
61488 68590
36522 84154
42 42619
39069 71224
33369 66845
46762 63467
33141 46954
20489 57956
38293 41878
17837 40103
25434 86908
32673 49893
13353 72366
55931 86746
39449 90658
35894 91601
21719 43361
12232 51625
35700 70916
78163 90271
28798 94698
19098 92237
20237 48678
3891 46037
20609 29426
56190 82393
25682 67496
50360 69230
17306 33578
46326 77869
57771 89373
72400 92124
80717 92678
11586 21426
32070 94906
40073 62704
86784 94225
548 39957
4019 72484
28896 56178
34029 44166
51820 92335
8353 14925
14164 66462
10420 40003
7031 19133
8142 43592
42589 44765
55051 91780
12590 57226
60917 82968
8392 40644
70183 82564
51318 83889
67361 79215
5716 60246
39461 46886
38566 73525
29843 68937
42390 53653
64788 70506
8608 40377
8974 26108
25923 65256
22277 87419
9776 71867
40101 48358
30365 94420
38344 51408
29727 47880
20630 77801
56053 76425
22092 32417
21301 26974
35878 43570
1328 2775
8398 58746
3507 65266
20656 94438
24094 70470
39822 82696
29886 75666
20382 21900
18827 80887
33868 47574
27497 72753
17038 91540
33411 66125
13216 57511
25871 34793
555 32486
22512 76012
7002 42804
28709 42845
37371 77003
40942 91654
16315 28991
62292 79771
60851 91591
10852 77828
38294 61294
13961 71155
42934 45762
16731 80891
58679 90390
7124 11439
4344 76938
1415 10549
32973 54422
10522 44595
52535 67753
59660 69122
39056 90882
76577 92399
4047 39342
26285 56275
26415 78711
17248 93925
25964 80665
13943 41460
40181 62826
28302 41606
59562 92581
21869 30037
4985 38405
31462 84627
27087 29122
77384 79705
70479 78105
39574 59882
21619 41364
72752 81384
1351 20277
64188 91000
13482 14756
900 82581
31731 52238
1469 8049
29432 81447
61902 62992
35994 82075
68709 82089
15755 44520
72041 72840
17036 67221
13011 76636
29894 74685
37108 63985
6489 34504
20987 84102
6576 18316
64282 76287
17117 70194
28502 49101
6664 60267
37204 37608
38570 60027
80212 89626
9310 88780
27671 36860
24365 35730
54010 60573
5344 42111
2893 33410
38550 81775
38418 51937
17780 24932
17978 84754
41257 63852
60457 63082
24934 42382
2128 13361
1131 43656
18235 84000
21962 30854
29599 59273
46181 89629
46571 56807
50910 60757
4658 44789
22052 89911
9689 30437
55252 67168
28198 89240
26790 63950
39114 62467
64078 72298
33674 34910
55383 57535
26741 68304
18664 84527
48514 57432
23669 70791
61311 70017
46442 83768
11572 31145
25505 78592
14394 49353
59627 77923
6284 11471
24847 65288
10252 66705
18664 66177
72991 76370
15436 19936
51146 86577
29257 86388
47814 78482
40610 93070
2096 92677
545 74874
3758 71402
2832 22960
16139 29536
4441 69978
24910 42122
61610 84326
57092 61429
70521 82193
76862 89320
62386 68205
3972 54572
1790 69369
49734 53083
14692 83925
51079 56317
60871 91793
50794 81140
14432 22879
30104 78749
20015 69921
42659 94793
13588 70847
62399 62712
3066 30589
50634 76623
26501 33506
6957 18809
19360 86060
15777 93510
71458 72024
50951 92535
24221 53850
44794 45780
64581 74651
22836 85174
7159 93321
9 85688
49300 92639
20208 91616
64692 76076
5730 49635
16411 87173
41366 57554
20729 53993
26464 64230
17360 59795
84086 85010
26497 74453
41323 76542
46652 65995
6523 9360
5065 90061
31611 69991
37834 51861
15574 52480
43732 59823
61993 69802
22448 65545
56145 61013
167 29256
31183 56576
14750 62886
20480 37172
36452 65433
19734 22341
1518 81619
39958 48528
32609 59121
2816 15754
59614 78660
12736 64239
21067 81991
13956 66627
935 28627
24210 82461
7469 57650
49139 92270
31350 31358
62075 64976
41531 43241
23835 80977
2828 2938
8036 12751
16808 79788
71541 74802
36245 40927
65830 90504
42484 74884
6799 7806
88607 90887
61556 78766
17777 47140
27102 78397
11422 17792
55076 71170
22119 50776
41679 66183
38629 75645
13812 81230
79218 93191
4687 21962
8039 31866
26824 63276
16608 73380
28126 41171
29994 94567
33890 74223
4412 61494
8521 26384
29160 49905
11893 36725
55298 62070
32611 67810
63057 83226
8116 22975
16921 89505
16808 29050
21089 36216
5966 86516
20427 31334
68033 74078
9226 93227
14641 45672
795 28275
61151 91894
26475 60045
48035 67116
31029 87364
56188 86947
32864 72444
13545 27815
62176 88924
44986 51943
62409 92730
35104 72066
34914 44821
60472 62753
15834 78068
62411 72529
50949 65132
9914 81974
47945 90244
36263 92924
80484 88316
57196 62843
39043 78414
32650 57791
25931 51162
34674 85523
46197 69866
32677 68389
28840 59323
36466 66570
21160 67841
75796 83746
61634 86791
60594 66414
4774 23482
37486 68471
18866 84326
22783 51227
49736 92909
8412 44758
30583 77821
678 75530
16165 60546
77355 79857
62058 66496
10558 29432
3521 42106
11449 24939
13987 68189
46131 80524
60178 93689
776 58643
52108 66356
42505 59684
11379 19375
34167 78579
68216 89961
5059 43075
66157 83979
27866 88165
23304 79422
35039 70197
9416 27275
16688 31142
58972 60537
13021 69145
48664 66885
11198 47541
13921 50962
82458 90396
28539 57499
9474 39060
33336 47343
47170 74468
1862 65181
50905 62360
14525 77221
33760 66682
50028 68861
53988 86306
4654 15840
49723 50992
594 77280
3567 56494
44970 74197
2709 79137
30026 57991
26751 60173
40578 52138
54467 59362
48038 80879
49318 52954
33643 41093
43035 62727
30240 80509
18050 19261
41596 91897
1672 31551
32170 32571
80804 89094
43404 60929
19719 44169
43432 54948
11220 79202
17645 54421
22873 75766
70292 90806
27528 39510
2046 11870
71933 91137
2690 32564
7343 20645
14283 50541
1892 49314
18352 25179
1792 4054
10760 58052
59334 77976
32088 84568
253 64041
65082 74171
4082 71136
58190 94844
15893 21277
34452 77353
57910 86041
6354 27678
35585 91936
26343 71066
19394 64470
4509 11810
36414 92430
38309 47121
54515 87764
37995 93322
12900 57153
32580 53674
11153 37337
10160 81022
50158 76466
87452 90591
25350 69672
34163 62295
24835 63394
82118 83778
6867 44426
13338 15025
5511 38903
7898 60255
11375 86252
30424 85754
21246 32434
153 80930
61496 86849
30594 40307
19590 39226
68909 74102
24554 49821
7261 40066
86621 87622
26937 82268
32866 66377
42365 46619
24090 28300
3614 42534
69422 78668
16055 43474
49099 90012
12635 53750
23585 25971
59532 62318
1805 14177
86639 94498
17112 83948
69565 89142
38848 60822
34103 53501
55461 65642
41585 43915
8407 58815
36536 90402
7526 60378
41232 90987
13072 82211
29341 51316
56116 91338
26275 67209
23907 70140
16259 55046
6610 49924
72481 75543
15996 90331
22913 54951
16417 17670
947 83583
10684 28999
63492 69493
126 8001
10274 75869
4026 57236
58504 90891
1508 57431
47302 52646
10518 13713
70923 79198
92537 93089
23811 34731
27619 40875
44662 91229
31177 41701
2608 79751
82331 89736
2650 79676
77746 79152
3472 59387
61662 81973
5160 88828
18199 90147
14513 49918
62122 78981
12183 69375
31877 62997
43021 53406
38588 94919
6848 27102
15141 89296
12276 32299
80765 92417
18561 40525
67343 71490
71645 89738
51575 63852
26718 72626
1668 90456
40487 53348
16140 27435
19015 56766
45289 70179
84333 91213
34114 70756
40560 41244
11797 77713
44630 76848
4362 84135
28661 83687
19727 37353
45935 82339
68298 75694
10817 47002
5315 37172
18064 22742
23297 64916
8964 12957
38482 64131
37459 56823
5655 26772
25661 94590
6393 29857
63087 92425
4073 80733
51463 94079
38885 47369
2159 34418
20392 90452
58347 93756
30979 37664
16948 60552
6621 78663
23572 60152
15237 84216
23758 88190
9875 92829
8572 84406
7404 81875
2888 89680
63339 89057
13707 64113
28860 44217
21449 94687
48804 60803
57125 86594
39003 84975
47111 82732
59934 68191
5724 45534
44365 48575
67338 80807
30754 63698
5435 55448
45003 92497
27340 66197
32358 55892
43633 60601
12539 83413
3049 31949
26383 77819
23574 26630
71581 80045
16202 53104
61061 90285
10996 33641
48765 65277
13914 87144
67042 73843
50588 92569
57522 64130
33089 34187
61448 81633
26054 50128
50558 52568
60105 88963
216 13177
63673 89956
24023 68457
89345 90385
75211 78538
83630 86678
25597 94460
3708 53602
2475 80293
920 84701
79927 84786
3450 19062
28313 37514
62620 89060
82533 84629
14431 76086
4219 94856
32305 80578
27242 46730
51455 70945
64157 81355
61224 64677
10385 26985
14856 20218
46172 66509
16177 48631
12748 94334
16673 51095
11975 65785
32595 74176
81761 87032
31584 49280
55954 58064
49750 78053
66876 88814
65021 67850
15723 54531
11196 21052
48083 52592
2210 55067
24063 68974
46876 71645
47 82294
62352 82736
47782 91018
47502 49314
36215 51394
40183 85312
56190 73969
33912 53095
9768 89937
13130 84883
70608 86263
70813 92822
17662 45084
8883 31858
15896 54599
19742 60287
60999 84104
2079 33142
57651 88866
33752 34347
31351 60760
49856 70429
63394 75739
7407 46955
37454 88283
7583 62686
48830 84809
42213 59114
21552 86363
15001 71814
24721 50191
20193 36089
4013 25353
33408 64473
15391 32878
28723 40391
39149 46066
957 5502
20039 49811
6874 14105
39665 50271
5754 55575
54542 94726
72308 73400
15418 82372
40362 93784
23286 82683
32453 42142
14768 28529
16877 82857
66994 80476
23704 55130
25471 38009
20985 30149
51101 70292
34256 49560
18825 52546
49493 66874
39110 66434
14256 76305
5701 40166
26368 90914
54080 83554
61367 84173
69940 91420
33138 67217
26551 83049
3556 37209
9586 27371
17431 33353
48051 58846
25540 91940
20458 25647
16563 61587
5027 44044
51487 69887
42123 94139
23847 80398
3620 67386
18040 89523
12481 93866
2780 72832
83641 89316
76857 82702
1996 9988
58098 79917
1053 77133
16830 47613
6165 33345
45718 50998
35312 58925
15744 84482
8734 70481
42763 79337
13358 34950
52167 54041
50321 93244
7307 87589
42562 62308
46543 93049
30576 70448
8267 69922
62039 91169
34084 48326
5985 54206
60793 77225
72162 78750
30827 44148
70507 83646
18158 53818
49352 76866
3820 66084
84589 94787
14656 40433
14779 28725
10714 39671
29458 41299
23055 37562
8023 22749
61057 68977
71830 93877
17954 69160
55573 67353
56375 77634
42135 79698
58680 67613
32170 54135
61295 91023
35578 71127
44809 87184
45178 79956
10232 39360
15739 17689
18079 22243
58756 81928
55567 70167
23233 24322
28944 67767
46794 48222
58891 87923
37408 92679
7582 27801
21420 37549
30715 92998
9740 71281
24665 59241
55680 81403
35202 90740
16940 83351
44647 89300
449 88804
9912 36123
36337 41305
12267 33708
63356 88079
28544 51601
11607 77631
11571 68128
36509 36903
36098 50873
21516 82585
12130 24935
6433 73154
50615 56125
24955 45387
81562 82952
38910 77402
18990 55644
8899 29698
69460 82108
21150 45415
7833 42661
51438 67715
12422 50747
22274 25871
72115 90737
22817 68828
47609 56873
8696 86359
30714 33374
16321 83445
34173 50822
35076 39909
78280 80490
53559 90453
50520 53925
49993 71942
61869 69801
20897 77990
686 43298
65480 85222
3667 50054
28105 64577
5012 45243
86402 87579
37380 90872
30093 47750
3802 13344
43072 83711
53367 85857
22592 79896
53466 81078
20766 90612
44806 78873
75329 81056
13196 60916
21839 53996
17096 88516
29809 86224
23036 70136
13773 62488
41469 75052
20662 59741
71974 84470
16102 70788
10255 41066
4666 39017
46385 56121
33903 47113
77738 80550
5691 40674
29579 45712
16105 49060
20637 48906
23167 68613
2899 85734
8353 11456
9028 72021
29551 33000
93207 93468
80825 85724
6242 94032
57015 63131
201 60168
85761 87317
37561 50355
74660 76225
17733 19961
41413 50717
36398 58009
26654 62121
25139 78153
30060 85412
47164 70837
20304 23272
13895 67521
66592 92542
7416 55203
48490 93333
9160 42256
12502 38566
5893 24755
54317 55902
30692 94539
28200 81033
12538 14271
26787 33601
663 19761
49047 67591
3554 22817
23479 89450
272 61057
67398 87196
15597 75874
2512 13109
41510 45036
25875 64083
34485 80713
35276 63351
34475 36427
60632 81175
38644 39886
50728 83827
33298 87805
36907 71108
11028 59014
71226 91354
6407 16592
62616 78121
42847 45704
57482 68690
12588 69828
30715 53075
12210 26704
72783 74072
14411 56291
79117 92239
37791 43895
59221 63198
9268 72779
60054 74061
18434 70824
10599 84364
24398 41515
67344 77557
49524 68396
12555 20210
3515 81199
2218 85051
48036 65018
2678 71890
20 49383
5247 15335
49628 72708
10433 14155
45598 47298
7125 55216
37181 48209
29811 49810
66996 87018
40429 94483
22391 39032
14378 50977
57503 94812
21617 39372
5552 72015
23597 32430
2765 74558
33045 54240
17089 43485
27810 78933
4146 71151
24405 80127
24706 32919
48944 65169
32567 89042
35727 71600
29705 49993
24876 93281
66767 72627
63928 71991
281 19122
72 77578
82784 92631
12143 41952
66320 73880
51675 78939
6516 61668
61032 73875
38511 46031
50707 51964
42659 64406
20493 76937
13834 22098
27856 59348
10275 18416
41874 76276
11189 92497
1941 45971
30771 41520
52523 55072
20239 58378
5543 29881
49495 93871
22498 29987
40487 89502
27936 82196
22733 70145
23234 71023
19960 73176
2782 69269
54202 91318
32848 47306
45715 93386
32823 79999
8365 91014
20047 48470
25010 93949
40932 55065
72058 93752
64752 81973
51707 84844
38500 94766
5849 73423
41626 88807
13897 58067
45175 67172
23105 89663
61640 84148
16401 26212
66298 68443
20467 49815
2353 23743
59536 82715
36945 86237
46889 75023
11284 85607
49905 62025
16122 18490
44565 76220
7060 85334
26241 47616
26466 94353
39887 57655
49934 61527
13287 89660
62977 70550
12917 28664
31346 37336
4461 32701
38811 45439
65661 80647
15721 18267
15522 79513
19440 51660
24030 40815
54020 57243
21993 32342
29892 44024
314 85860
49014 79046
18273 44573
36786 79619
8285 32082
38467 61904
1521 72688
35232 67414
92 71038
28708 91134
15287 29175
21767 42049
17866 40834
63417 90568
56116 62328
49609 84301
2075 87879
4213 36959
8665 19565
47490 69994
22364 38223
13498 35575
8329 24598
11928 22046
52065 71299
33139 72323
24093 71797
46135 61532
7152 44499
55920 86497
15673 45819
27586 42467
72928 88380
66361 86921
2741 19454
6693 32301
38356 52930
28328 37678
6698 63063
19300 31523
5876 14374
1816 31732
2984 15156
46838 94872
32088 91263
4756 62318
1707 29759
23216 31828
23528 39383
80416 89850
69776 93436
32497 69316
7639 90841
56402 90138
41448 51714
68344 86939
32663 72680
2992 63324
35176 87695
44924 62790
8906 21904
59189 77516
6039 41100
56643 64449
52851 59445
7733 13317
21122 52096
17987 67223
35237 69481
26831 61892
18003 21297
13099 32951
16756 20897
63762 70339
24543 58694
24627 42395
56398 72015
2785 90296
248 37117
49431 69867
8587 45865
61132 75085
56369 63034
27915 92929
19408 88884
52351 52785
13367 69001
63089 73904
58245 59174
6446 88346
17609 38048
25026 70548
11841 25057
4731 20979
38634 86155
11786 19976
56210 92192
50744 73269
78525 93220
51592 65183
19557 38984
15319 68807
62738 67948
24412 25065
18851 55805
23169 67546
74149 80735
49155 87209
15684 23736
15172 70291
48873 85620
50370 86078
7627 39793
37133 85910
5504 80741
70484 83231
38214 64001
4428 18382
72264 88751
40720 46335
21980 71445
44660 87343
9339 62960
2960 12834
20043 94208
49372 93984
14788 59975
3022 77697
10163 21504
2581 78647
56810 58435
17560 89179
6294 11502
84131 88020
47757 89164
6986 84769
45063 83415
14498 17233
28030 50339
39207 42235
1880 62427
45914 74738
645 81526
40154 72006
47263 80074
44311 76070
3538 77472
21733 40436
16411 33066
16126 56300
2854 32953
17334 48634
48809 54429
49101 59804
68194 94694
9325 44212
21347 70970
43400 89826
28009 89113
28724 40671
67073 84076
69215 84044
10504 21253
24569 85247
54212 83101
41658 46679
56573 91455
18860 20963
67999 94409
44539 58936
25526 82326
24747 68410
9644 40942
5258 83620
52654 92013
49549 94780
40636 45724
2237 22193
23332 57811
13358 53667
21382 81577
9767 13959
58254 79790
40185 55232
51023 80858
62739 64312
53463 80297
24674 68617
6027 59338
8441 78068
37754 49496
12912 45573
2064 3977
10102 27707
14476 28920
50003 59642
71889 78385
81305 84178
58790 94032
22790 23625
21177 30743
32063 82269
26597 70337
234 61408
45634 87095
17759 61546
10628 73855
64071 78372
42969 85663
8775 45041
44332 72928
35529 49244
94027 94894
10052 93050
6099 56020
28033 70849
24935 29508
24757 25832
84362 91422
6465 15153
13943 48861
34023 64384
25727 80778
73133 93574
7792 75198
74048 93406
37599 65800
32122 83705
28043 66396
29778 94316
46134 48509
6701 83620
68346 79803
24569 39491
24327 64505
22169 36461
6501 69751
30062 36808
58965 64148
1295 48715
39274 52572
1357 77631
32468 85122
5339 59431
56077 90034
58943 77147
13362 69668
10190 45365
14149 49089
2509 65656
73763 79494
34403 47130
24973 91326
72654 85158
18089 33408
13243 68486
47990 67158
30932 42452
1268 45151
42188 43259
919 94103
3732 45641
25762 28148
9018 73274
12743 16464
36200 68890
44257 90327
33408 90515
12053 55315
34772 93736
59426 84516
42286 72375
65400 93069
2123 62254
2261 33688
17039 74576
31010 55116
28415 37911
38027 58294
55951 77787
821 44234
10863 62524
22784 52356
11512 92708
25749 82464
10543 26082
65428 86411
26531 70107
45757 91828
11341 92654
53174 87134
66597 91671
6209 89113
20638 59900
409 58176
26909 54387
13329 59691
2221 19431
40127 72273
70813 78147
44982 48162
11052 30524
34154 86699
84617 85976
10148 94440
6111 70202
20409 54269
5297 20799
50347 79412
14014 72167
68342 86859
2142 72233
12490 82171
27327 47220
7637 26559
66143 91146
9070 25968
39788 57151
20543 48078
19772 82372
27386 63927
44707 77718
6927 57270
67354 86325
65758 70769
18413 78871
18426 40093
34301 67689
5903 83090
12426 23395
20041 71988
5792 25815
20608 21942
20873 69164
55292 74231
28677 29082
40968 58487
9182 26020
48872 65031
16180 79488
11128 88755
3895 65015
47953 59307
55446 81104
4874 55853
35715 71821
35128 92229
231 55103
19485 78955
14461 28161
29657 58801
7799 39569
19142 46410
40154 55665
30145 64847
12427 46285
71505 72106
32966 34784
24567 51426
61023 92923
21173 21422
1836 80062
9065 88094
14353 50602
53560 92889
10183 88696
36772 55995
52516 89984
3089 35028
10014 19227
19587 48318
40593 87248
53621 61942
60776 87176
15923 41265
68158 86617
32855 34592
37693 53824
2392 42382
49686 91352
43437 74502
49597 60298
93600 94632
6523 8977
70464 92794
16409 68332
43856 57417
55334 57915
10240 63362
9637 41239
4465 53713
45251 80365
21300 88621
39249 71145
23969 77532
23377 76975
22548 76610
7659 78364
27366 92683
22192 55200
17996 71236
6102 93438
36093 41090
50142 80421
50467 55983
1379 30990
72690 80155
11674 39849
12272 35679
59859 86220
46731 60935
49628 54727
29534 46181
22656 36076
73683 75905
12340 79208
1065 34381
13282 53731
20488 41732
18445 74821
68623 73127
24940 86499
25634 42151
27642 75795
4535 55350
58448 65127
24572 70770
39542 57436
14921 51795
69625 91661
12521 83634
16161 44601
3998 26369
30207 45022
16819 53010
31431 59560
38609 48827
26952 36446
37776 42735
48974 79697
50063 59060
18349 46833
57245 81733
28159 34667
45392 51584
70358 81594
28490 30963
8433 84148
55313 60387
13975 81694
41067 85307
8242 22550
12960 46411
8647 82603
24190 70027
59822 61462
53822 68503
19118 45004
17344 32590
6238 81175
5793 62480
32720 71587
15307 57479
16061 86641
35020 47681
50740 93927
30509 55771
9574 42143
31425 89284
43769 84766
19009 90670
45763 64356
16359 47858
11232 82767
69572 77764
90778 92216
36880 40960
27584 87523
12346 89673
55019 89362
75196 78907
20779 88140
4649 83478
18930 48622
13917 67765
332 9371
80592 86908
2220 32101
5843 46162
9592 27105
6252 64869
37050 40823
47697 52089
13375 56661
27078 85381
64248 65703
14783 86179
67865 90599
2241 50556
16940 27265
12933 29311
22746 43474
4209 63297
18974 80139
69790 83512
1112 27901
31429 67907
10885 54052
11432 85071
28427 37415
61999 88733
12987 22982
39698 79123
66576 88020
13556 36387
25972 28194
39796 58468
4387 12229
3575 50861
36774 38457
11881 48308
7947 25896
22504 29095
22387 71808
25607 76379
28191 81488
27475 53846
17352 52421
17926 68906
15287 75987
9576 51057
29713 37874
19591 26689
55620 66925
71162 87723
44294 64849
7743 79909
10372 81201
25552 40424
61756 73526
77472 86784
57172 83433
31572 82087
11829 67721
46097 68190
82676 84251
10832 91480
29010 68222
22615 87008
8466 14224
54010 87520
14484 24127
54514 87514
26087 38453
7210 69457
15509 25180
15315 16176
26364 58795
762 52118
35426 42997
6959 41999
8730 47645
13317 26043
7323 73278
2152 82877
26973 74990
39948 53515
7641 89313
6161 8131
86139 86394
3218 52800
34060 61665
19968 74727
55786 76410
42440 60405
2296 44454
1973 46619
60800 64607
45225 86101
26270 93856
47283 90540
23073 58102
48189 63401
31461 50507
67932 71231
37628 83649
32477 65237
51513 82865
13677 42843
40525 40978
18227 82218
4179 88404
49912 63408
20651 53900
26811 82535
34948 53399
77330 85926
45576 78047
36813 77211
71809 72004
15779 55417
20736 74828
10682 16929
10116 52351
23711 60227
419 632
666 59687
35000 56396
76136 77363
65994 66888
23881 56645
36331 70774
19843 41962
38308 91072
6707 78029
12252 87548
19889 59135
80492 92183
7840 79549
5502 39385
64938 76361
17006 43748
81891 82025
46805 56253
7673 28274
17642 76202
9169 75347
38500 41109
52858 57716
15630 30252
30550 69451
26398 46513
53686 77354
47267 88414
44887 68786
8295 74976
4505 46654
843 53482
46734 87554
29227 64146
41230 64863
9273 53954
23623 55163
11203 79082
75689 83756
30440 75039
14081 45653
57194 82509
50438 84841
36592 53285
54844 82497
26615 57680
35957 74706
8417 13176
4514 74993
28239 80848
4072 13700
29866 64981
29440 72214
62779 70849
1057 43067
15400 75028
11820 63707
67843 93281
21699 40860
54077 71528
77588 86478
41794 86781
54881 80557
26887 93473
39194 61136
23627 76474
27187 47704
58132 79378
2326 60086
317 48935
71222 93244
40400 55747
89205 92599
38540 44706
22478 63569
2741 44127
38571 91386
15138 63228
88598 92881
60921 70309
72619 83093
84650 89030
33337 57104
21826 69966
36866 60595
24682 32020
56867 76090
25382 54546
48705 88541
42877 53678
53853 83084
47889 51434
59983 64377
11820 73502
26095 57615
59475 66105
61591 93286
35811 55669
17436 68074
50419 55122
10233 70611
82601 86477
14017 25802
29482 30818
8352 33295
20784 59490
15122 27586
1502 11423
16429 67178
87463 91548
56304 60842
63069 86273
70524 78310
39088 77758
36841 78467
37049 66178
54273 56302
17255 83770
34340 92113
68299 81819
35867 50930
17013 54719
50656 67809
7234 75112
37185 84163
3687 72039
61966 83891
31048 43580
23819 73261
34336 87115
42434 94145
44701 63099
9097 22185
30677 80014
30400 89518
31708 47313
11640 80703
26017 36093
43204 56506
9580 49279
19413 73731
39993 79455
27847 43940
269 72796
53045 79651
10558 50935
30446 72612
16071 59671
6079 65979
20451 78424
1973 19150
14613 83227
25792 41896
36521 42399
58318 80958
18298 82142
9659 10841
35268 53257
8204 93084
22460 28107
65156 77817
8119 47205
3674 42964
34266 82927
30553 55318
41121 43196
8037 69208
29237 63597
58643 68675
51457 54869
46236 86747
43671 83478
7581 80246
27214 36298
69112 87931
21391 85268
15196 30011
11361 54561
12085 57628
24656 43878
152 8189
2102 16177
51369 85723
40867 75091
35253 50990
23698 59238
3304 15382
5226 34574
44215 53642
13856 90865
70447 87948
17024 42393
11316 91920
14240 23829
23883 45841
29196 50720
15653 56163
8718 78920
69311 84116
31118 45368
25102 90705
26099 43893
68049 75326
55108 83210
39980 65525
56781 86193
87418 90373
37326 75070
23739 84819
11546 50223
7960 14371
29629 59684
79030 86675
1596 20235
88216 92378
47655 90500
21524 94662
21141 53091
74832 89528
50512 71631
50142 89292
22634 41375
57133 67289
17330 46212
5855 21294
91254 92235
23173 89642
35909 39001
52067 68540
4740 48061
39310 82212
76917 82671
50426 62840
11835 92765
41616 76060
37310 94173
15136 40074
31155 31911
35342 42535
45832 46743
16081 84622
61390 62994
9908 42488
25625 37241
3768 44781
5600 86956
11529 83117
85875 87818
24621 51008
1934 64821
4914 73456
681 62769
43643 44811
21719 85119
36656 38632
15449 32038
6887 92484
79263 88942
57237 94479
187 13840
31592 45115
15924 77078
36376 41634
81887 92162
40581 52314
24489 25065
1526 73647
33339 33989
4012 83847
14735 15295
56459 78670
16480 56475
29090 88745
50779 79344
6942 90269
22711 92914
78237 88667
29574 35374
11776 80556
2093 37613
7127 39230
10640 33290
37138 57818
14249 80070
39408 70769
11277 43259
2307 80056
5394 12073
16575 37145
56154 62640
23684 67099
63973 79358
20934 67667
25248 75904
10998 78910
19838 35099
22663 91677
33482 73507
13081 61690
21935 27027
18525 93253
76149 81777
23246 54354
19122 51912
46662 83885
41356 47305
21830 76642
4248 46860
35087 46888
53145 89412
20850 38864
17836 23890
20215 73650
67136 77807
69947 74345
34235 60700
56895 94836
1945 70153
3906 4947
63865 88527
6932 70403
15072 67569
5239 46812
7300 69266
9788 88078
49671 61038
21211 34318
40061 70263
27160 40095
36306 49390
12466 33678
49605 90336
17366 37047
43946 51382
16679 18465
23116 84364
60867 92252
80220 91932
35066 80543
29917 39015
61784 72470
3268 93022
75946 78507
40259 54680
14237 73784
7544 27565
49734 61743
57253 57378
39804 67054
30194 91926
33085 86549
57777 85004
31594 39602
46168 47862
6146 6911
4037 63648
60036 73475
43739 74137
14134 78685
9804 20851
18859 88793
11541 88205
38849 91558
25955 84948
61243 84372
20621 94347
10995 83551
31134 41896
10287 56313
41500 45962
36128 50735
5657 54360
39673 84219
9237 23419
35699 88248
61297 66144
4011 80671
16605 36765
21061 87026
57990 65503
18681 40156
44824 81857
15644 75344
70392 86693
62809 66749
42462 73678
355 21250
24157 81573
83124 88050
17450 36317
66363 69827
7401 39907
39005 47862
10838 14573
19549 59361
15926 87099
31868 81721
15515 90542
4306 12007
63577 74608
8679 87315
34491 34596
28975 81638
83994 93010
38940 86098
15610 26989
45218 60144
30003 75308
76459 94733
48650 87959
28480 46750
20130 45904
91580 92419
30979 77708
61209 90686
30529 59099
63789 75618
31670 62155
31412 75359
121 85627
66676 91690
38255 47375
20786 73917
9719 83593
28098 48014
9989 56106
32806 71109
24401 61841
8081 78598
1447 88388
15557 69615
24415 73810
5653 24337
18877 89529
45728 50806
53698 85826
60674 91836
3975 33647
10857 46434
11203 19378
10996 13386
2961 61814
17216 86206
13354 52647
42399 87993
45141 84854
9447 89019
84278 93650
39273 54365
78453 93833
57056 60961
20035 70356
10370 81189
55324 61862
28980 76978
10221 94011
14701 64190
42463 75694
38553 78817
72112 82206
24189 93396
45551 57351
24160 38459
73735 75314
47975 87255
1616 44985
69172 81717
3057 16611
27877 70238
48885 53554
31053 66200
10790 13620
69678 79356
17465 82038
70670 88953
80386 86685
52971 59477
14176 69036
9527 76740
60436 84520
83583 87953
3506 31375
26809 69175
61411 88713
72398 74580
21156 33544
71954 84105
3653 73572
39004 62397
28885 84271
72506 93859
34030 38443
14174 75214
27379 72902
29656 88718
18436 80554
15302 76835
20419 62932
83181 87439
56190 84445
1350 7805
37569 46069
5583 15805
8537 59837
29813 78324
15757 65329
6996 91029
51988 94872
39789 92431
70579 75943
12099 30700
57275 60817
27132 70611
48048 55116
83444 94254
49493 55380
38424 88330
33703 91551
7228 57836
33895 57426
20738 49135
49451 93164
20810 94307
46737 91869
2956 27698
55566 70018
8219 92968
18836 64200
11390 52505
48638 49258
24976 86233
3961 63350
30868 51326
50434 88377
58382 92263
16188 33621
37441 61531
55702 74023
29786 36131
49871 86025
75794 86652
3484 3655
28536 91001
18072 61875
27777 37180
29356 42599
29997 78676
23027 60304
72676 87153
77592 87442
23898 93214
35712 55513
4661 58399
43437 65961
8700 37944
8899 60541
7058 21996
72820 77191
34070 53002
6857 70380
63760 80312
23891 65612
59528 74671
83972 91683
20715 91003
24015 94487
77296 78149
76607 81774
37189 81902
29469 65837
52116 65659
49248 61953
20054 63143
29964 59004
1102 22127
8938 84308
34892 46388
19330 47194
10659 29481
9009 94684
1291 49553
43831 54070
7826 53467
30000 72979
1933 2260
36596 39772
30497 49041
19106 61417
41531 44243
59303 67787
26433 65726
24100 82502
34435 50660
39074 39257
59676 60502
42765 58993
48157 91398
47693 80451
91223 94408
7757 73175
20831 80865
63108 79280
18582 48924
4492 41704
27388 74448
8426 48233
20815 57633
26928 71078
2548 89409
22418 50401
3213 5917
23988 50911
70980 89426
2125 73340
26228 85162
21830 27473
26090 66755
70922 85890
12925 34655
71467 87678
6940 20186
11520 59860
2508 34829
27079 83778
54721 88740
75795 76720
62068 76379
69810 93062
89185 92631
81704 85889
33419 75392
55094 76329
44048 84324
10205 63826
23443 91326
12157 52792
80518 86013
46099 77234
793 80956
22538 77953
5311 61991
40997 85199
5957 13699
25109 45973
19810 58359
10932 33885
15144 19120
2487 77236
33478 53160
1840 15480
23873 76765
8121 60210
40283 90388
13818 82854
26311 31346
88233 88663
79282 90665
19757 33117
26411 92020
23869 41105
14791 39534
57712 66955
24579 30362
3698 91766
27425 39085
18257 64676
34373 78447
6323 68953
28344 76709
51091 63772
21980 93785
3019 29799
33752 60425
30173 48579
21911 35404
66501 93242
4745 79219
4665 25369
9262 39762
39745 91271
7011 28698
8391 9119
2787 85318
24944 79550
73179 79200
2673 68938
79801 86957
11597 59609
55022 70470
22314 72072
32202 53356
49724 74762
63 90533
29064 31463
12873 89858
26355 54524
60672 93284
81205 89888
71847 91938
22247 52508
967 50686
17748 26052
44224 79213
35132 45384
16129 85190
16052 79598
35517 93641
34270 83077
73618 77321
12743 49933
34644 83119
73219 91164
21343 23643
4093 43670
23279 52239
11669 32421
5883 42870
15088 88256
53929 92545
12779 37970
13668 38385
24237 57241
5388 66942
53722 58085
28855 52586
15904 84959
27921 66343
14470 91322
30931 34551
11007 11941
31520 93146
27419 41349
22955 33871
31116 57849
6777 23962
43328 56436
27022 28902
60057 65176
20429 54506
20533 41711
75979 93965
83443 90952
38300 41654
19373 39023
8378 27728
2444 14805
45242 80122
55505 77011
319 65123
38294 74818
39185 60433
21450 65215
26141 74961
46954 70020
31437 47263
17419 82787
56211 94255
2129 61621
20304 66061
35809 52226
21407 91102
25145 85113
34369 58225
29257 90358
35711 67822
54374 85438
10974 58810
42584 71586
53648 74519
9071 75306
78162 93181
3002 35898
40351 66110
36363 72420
13185 72392
29558 36195
1956 68630
28103 62226
70932 82792
23375 79047
19936 80799
10203 22633
70800 85154
30397 55509
17163 31931
55590 92248
16743 59238
51637 92805
64180 85183
8588 90277
51955 72643
40944 89314
30263 58919
34533 64914
33162 86479
25338 91851
57404 58174
34385 45055
20044 84765
10822 19999
55817 67512
26450 53737
13248 58020
39177 40422
26856 77806
38914 85133
6149 16489
74992 85915
34264 56567
1426 12635
6722 24535
8927 80171
11375 62611
84434 84748
37863 86695
23312 32087
103 51241
8582 17699
27298 45303
248 62551
38163 66293
33900 87366
6197 9574
17793 49969
68349 86821
58100 78179
50086 79374
64484 67260
9287 39836
45844 56723
21376 88564
555 79624
45934 69951
5518 44458
19683 45739
21819 55340
35569 77178
34187 55419
34833 71103
35008 84931
7099 71479
15441 27337
3134 71142
54971 57783
4065 67309
48692 93691
54406 59722
5215 71609
10591 80664
51336 86923
70979 77273
26324 49848
22658 80564
5693 29912
20254 24980
74297 94761
80073 80458
68084 72988
4271 44026
44315 47399
29921 88561
58706 72964
84093 91455
75927 94514
20913 21963
68643 83308
69521 70324
5989 33571
66878 94155
27512 64301
9414 15269
77994 84300
34926 80668
22991 34812
45715 52024
4008 8512
10122 20278
67923 79137
30111 44927
69558 89231
13213 73494
42723 72151
12769 40146
42198 46072
33813 93188
46976 67178
34895 41741
49455 72432
5610 88330
32385 74827
69849 75493
11141 89049
828 56120
29160 83644
16005 64083
34898 62702
62773 72341
12509 83779
33051 63962
61263 70239
8802 15221
68566 92341
26257 30195
51588 81450
23428 62450
11325 34994
53905 71615
24772 31840
56025 71705
6599 88684
17488 17679
55826 91190
53655 65548
47621 51035
66086 89328
42136 60404
39989 85180
26570 85778
79254 81440
46206 61457
39538 48628
37843 43275
24286 86578
39529 53354
15629 60608
1727 50956
5229 86256
29539 44963
30697 42163
51575 67839
33699 54787
13617 44709
16 2027
58680 65799
3289 56384
7756 52627
60094 86328
6785 69944
30151 59715
15558 88386
27616 68387
12982 29679
47894 75319
50357 88638
87438 93880
2601 94809
35938 55609
71712 78311
37926 69875
22762 42947
11761 64361
949 45010
65230 92218
21728 71946
38420 50637
49437 51371
1726 47488
6704 77924
18508 60555
58997 69287
20000 61448
6142 12790
80755 94611
16549 37796
19213 56324
5580 19791
33710 41805
2433 23542
80692 84250
16739 59580
3437 73622
44978 74351
81944 87309
58845 73702
16341 72262
1336 27007
71518 77063
13866 65703
49807 71646
43149 63405
22566 36216
24623 38740
16918 23294
18806 63468
21248 65299
14789 93731
29488 89873
52281 68224
1427 5994
34057 65388
67308 69483
21842 56422
17474 72478
18167 33839
8951 73005
6955 28265
64035 80358
52429 54187
54535 88434
13094 87848
11879 93411
3186 64025
65953 94601
2490 51792
6854 67329
13085 60977
76296 85191
37930 81932
16041 52732
48886 93342
26795 85566
12107 22530
4072 15116
7496 52040
51195 55228
57098 92233
33461 73174
88649 92721
27442 51016
37355 81375
1029 71900
56333 77136
9478 59359
482 62481
5312 77022
73315 87593
26200 79558
107 17595
81088 82363
40015 55269
29485 64925
9962 31020
26149 67185
31186 48661
9779 92881
65407 72337
53245 56207
5724 87835
8150 77627
35459 92846
9179 54974
47209 87174
34470 87886
35232 73981
34513 87215
4626 24918
44639 79898
35617 73088
1583 12440
24125 79382
33934 94794
13010 90361
8700 28229
20130 62231
5170 67593
37045 72502
57464 67787
25721 58066
50958 92791
65784 86975
17177 35657
16812 59492
87694 93234
24902 64579
59290 91441
33409 86504
11620 19160
79757 84222
50185 67087
57923 77833
5124 34476
61814 94378
69321 84510
54361 77257
53542 71782
3703 75083
43696 44927
70207 76994
23812 63064
25647 42579
49272 76952
25223 41059
32087 70724
51823 93253
26616 63667
21461 85211
6785 78997
63453 90654
64561 77546
64910 66044
16429 38586
66327 86650
84559 85868
55157 83841
6233 92974
35830 41349
64457 82568
72550 77213
13371 43545
1216 11804
6754 30551
34394 72154
47300 59176
56564 85440
31862 68626
3916 79469
19683 45649
42036 66279
60624 64506
42608 58137
36403 54032
60990 93907
53187 70011
4251 13797
2963 27756
22797 34733
10188 46737
44644 85241
65275 91089
19322 72733
7614 11007
59923 90553
19452 70277
29647 59803
14495 94620
8132 86622
33754 74880
47481 86399
1393 35238
22292 65538
22223 81337
17607 38762
31421 64375
25384 74592
11922 76139
947 13671
61441 75469
2948 52381
10379 20432
33869 72367
30839 90507
3618 55866
48608 89907
57600 90971
26435 56158
24926 73766
16114 29975
12406 21666
24857 61385
85945 93744
31355 59386
36078 88851
17854 23553
43467 46996
54084 75818
23502 70973
71459 74035
32732 37274
13128 22510
41660 87984
37799 56622
106 19951
37851 56781
16627 57557
17160 39355
34129 83044
40347 90792
36018 71467
57202 87445
13216 93776
9041 65523
43246 73930
25818 63318
11465 88602
58652 66278
40829 79775
10830 35747
3015 3898
65687 89196
5431 31446
12374 13942
20477 31118
64921 88916
9211 37034
27368 64799
65102 81701
86243 87379
30302 61084
109 93012
35353 77303
47503 78597
9280 31341
11052 30514
11969 56411
64066 72127
82855 83054
33142 48324
71726 91142
63027 75354
69813 72075
5436 65810
19063 28768
73213 73493
50186 67843
28793 59588
67611 93741
57584 76780
20817 37795
55173 80287
64056 73416
29252 65275
49924 94098
35718 51524
13176 83404
36035 83065
46511 64480
3857 75496
20683 41444
29474 53305
25621 29297
76624 94813
31501 92998
45247 83116
49458 61806
67855 72031
23101 35936
48178 67450
3451 73041
18470 36880
69081 93702
37628 51288
5337 5742
23683 61710
45581 65045
28729 43345
23174 59695
29427 77168
47584 64805
12141 35708
52185 68364
19083 56877
22814 53185
3556 33981
78717 92945
5601 63632
53008 90129
58344 93806
54248 92176
47195 55385
42312 61086
78853 82715
34564 77698
26991 56148
16225 27728
44810 51340
25659 42896
35694 70514
33222 56050
57870 92929
33479 63213
22055 64338
65028 78047
16903 93379
25927 48807
30681 54497
22711 47843
32986 87237
9109 27359
7568 33675
60274 73464
27881 57140
48750 78002
45777 82591
15219 74158
49795 60968
33770 82783
5020 52097
20352 70062
69155 91805
37180 71678
14134 35900
2824 46068
70215 89463
11242 67967
65034 87206
34918 72252
8259 36798
5131 32701
26046 50969
19418 78925
28466 94789
1792 37933
63473 83865
21875 27132
6758 60056
919 65225
49343 91913
27212 27295
9011 93371
5577 68329
30976 33496
3665 17897
28578 83935
38943 74436
43029 58534
28828 32983
80744 82771
36540 63008
1960 52519
10690 34681
6756 68568
22063 84951
75336 92944
21597 57108
6933 52709
36123 64213
19998 93598
25851 46104
14080 15270
43629 76051
17453 54005
50778 58980
18527 48242
25179 67019
16365 78594
71116 92383
67764 69124
55592 62125
81936 84511
3980 52301
55791 57411
21313 55015
49466 81827
17011 43952
27805 93926
47019 75444
25457 62451
69735 90976
30283 63999
46752 51319
27092 87662
32965 93430
13479 20396
45705 77450
38996 42513
24790 79560
49793 59123
3127 12238
29233 66690
12352 42041
34237 46383
806 93986
47112 63966
29340 69430
12470 78445
51040 75816
70023 80380
16327 52637
21750 91643
53433 92278
3814 31292
65591 69059
13362 37715
19700 64460
59237 61356
41318 89082
16945 51416
2331 9407
8562 75804
14177 82199
62017 78794
1868 72394
14812 15322
39179 55248
13014 36262
23851 50651
11002 11367
33337 37019
851 45304
4404 23239
69541 86945
52678 70765
23074 56244
43707 62079
3207 25205
45563 77559
14377 42505
50812 66748
1828 70968
1090 35623
55550 86134
8177 9418
26282 61178
40324 82663
11002 24104
45313 60020
60128 84238
8413 23638
65548 71389
8173 45559
6679 76550
11676 86435
50137 61847
31875 58700
19330 19906
15662 47148
62613 69210
40595 48205
31247 43251
22778 91530
34497 87036
27927 29446
56984 89114
78888 86196
91938 94831
18324 29445
8025 53448
30800 58823
15171 94447
5625 71821
33558 85287
33547 49621
38686 87734
20247 66432
10030 85329
7994 77351
78116 92052
3526 52183
54114 71600
42272 63743
33045 90947
49799 73120
15576 89072
20250 26849
6319 63413
16639 19858
36527 39136
33450 52603
49769 58933
22438 32622
23549 36455
49286 80060
8382 53149
29616 57934
44911 59026
2644 42309
995 56297
4792 9492
19985 81935
25425 68170
39136 48908
9507 21151
1841 54472
18067 68771
46271 61699
21183 73789
15531 55387
46416 58746
26882 91016
22469 35095
38463 63528
63006 65074
61513 82559
25339 78389
59360 66239
60175 76024
23019 24930
31818 78798
5165 12731
47284 68614
12867 86660
22719 54660
15493 83613
8428 93219
74778 80807
41987 63028
5099 82651
74262 83368
7001 66249
12392 42067
13688 88891
18839 87682
44846 71404
29138 39578
32865 48918
43586 49480
86941 94678
9940 41866
43713 60693
28371 73515
10893 77855
4752 8920
35950 43041
30504 40176
34923 72100
13995 15091
29170 73615
66176 77407
81604 81850
173 39113
9167 82489
27618 32234
84363 86878
1036 13136
32577 45074
55835 88135
52104 63531
47423 66014
47795 87506
88332 92561
48439 56541
4805 76919
3874 94759
54945 65149
69785 91138
80439 92266
8831 23725
50159 73962
70587 83031
26064 42225
21151 79868
54934 66436
62933 84007
68316 82984
47636 48757
40820 62729
35208 38974
55840 86579
65784 92517
17273 84751
913 71609
14933 62010
20268 81292
23941 71552
65035 82202
8694 53912
8965 34472
56801 76055
22734 64362
201 91283
61616 64247
49870 89431
1027 73599
39163 67988
32162 86739
25775 81063
20261 79246
70236 91952
8118 52949
37187 84557
34924 70837
76478 78970
15699 35685
29527 93957
25037 94542
39444 62288
4678 67630
56285 65763
23506 80370
27523 64292
83828 84058
32063 52881
19966 57718
22925 24519
233 12323
84494 94876
24304 73389
21164 33596
6333 87112
8340 62698
48978 70841
74110 90943
19359 27909
6741 92973
58296 62849
81530 91842
17 42541
5843 67516
4356 90244
25951 77700
42397 85019
3115 12069
18231 65630
24228 58695
20333 78127
52169 73779
52627 91792
48812 48832
57611 66715
20971 48811
45823 60812
48582 53988
42044 48713
30672 31891
13451 19238
32507 47607
7612 86155
27949 86914
83937 90918
38654 66615
20726 74000
7063 59108
21633 82262
222 32077
14483 73385
33151 64417
20055 88540
6751 48293
6274 28647
72934 92533
1222 87261
28450 77505
8435 30536
39061 83104
25220 62316
11463 67049
81016 92037
26172 67038
51169 63131
13808 64549
8356 14447
13518 73122
18023 59074
25146 58261
8874 77575
50098 66015
40536 94476
16278 45263
35230 85924
73905 85402
18531 43902
9707 18936
37320 45026
50030 90975
11489 71140
59013 90758
42232 74756
27681 68371
38750 61370
78113 93425
6436 41305
20420 62418
28805 73037
32020 63837
12778 43182
10651 50549
45120 93002
62906 82245
59908 90410
42744 88121
67642 78447
5394 17427
6431 90856
516 9734
21014 60850
35693 94211
47154 52208
15965 73846
22403 75349
49818 57858
59525 60400
4267 18403
78098 90813
56961 94851
10505 68277
67924 76331
53242 79651
186 87033
30904 77946
40678 43889
36238 48803
59711 92938
39728 50048
53238 56392
24251 56077
76124 87727
9237 84265
6004 35649
34947 47147
23229 59792
38074 85422
7364 74287
19556 61415
42778 59587
16544 65265
24397 43356
37894 85623
50423 91123
61466 82097
18104 54882
24079 58804
33646 77098
1509 22686
23569 35498
22351 25383
53811 66122
33601 73328
3686 49175
1610 45983
84001 93515
36522 64128
18721 47630
5532 9353
76100 78375
31362 51924
18302 64078
108 86015
30032 31009
15965 22328
12862 37745
4536 80815
11134 64718
58747 76978
227 29239
776 89073
8183 51448
3944 77257
9370 64301
76522 83886
8195 66930
13956 86194
4020 70653
7747 21994
69056 81593
78270 79216
52852 61200
3187 92607
69698 91056
2658 22136
32088 57827
50222 61330
59042 68978
35527 73697
12944 52213
50002 67875
13642 59797
6600 94173
2369 53691
24487 42235
36355 91202
2024 26581
50294 68690
28348 88531
2820 34873
38884 84890
10116 36849
41235 85851
16948 39224
5544 36073
2737 5507
12578 68583
197 80071
3607 17436
34679 69661
24387 37944
40627 46285
81354 81982
1055 42071
33531 51013
3406 37537
31288 67067
48145 62496
40054 65492
87889 94366
46341 57124
46348 94788
16798 21484
58496 75677
4449 53187
18110 62577
72020 91362
36717 56376
9724 30278
13040 77865
46640 84168
17102 68821
22563 65935
22661 86830
59187 68519
28875 56047
45559 91123
14243 29913
19930 21198
30466 93276
55476 91864
69543 82641
3416 21280
88837 91216
20633 50176
31128 54021
80671 94175
59509 64632
91262 94204
14311 33846
36224 89570
23959 34138
27929 59024
45185 70886
76952 91966
36062 56859
12973 27865
58091 64420
25579 61136
45179 86736
1716 90433
47937 80960
22256 70460
26648 72424
20438 66325
64195 90005
23503 81605
4865 24886
28375 49564
18357 46138
27487 41045
79280 88205
8799 13153
34344 54723
27041 77396
23273 53488
11331 64428
4591 18573
29495 69838
35427 78212
30918 49557
15776 68698
42053 81805
44813 78424
44355 74592
6426 12119
19675 74725
27081 57808
9099 91618
45369 94867
27327 62407
43199 43337
4715 21774
34374 40964
55635 57298
28707 51011
41842 71664
16564 47496
8501 50009
4590 81112
14304 21478
35746 64015
49516 51764
47850 79526
1084 91035
59561 72266
13986 83240
33796 88606
79967 92919
29621 32765
39842 50326
75737 82294
14641 28644
454 50606
60550 68746
47210 49578
65282 92663
76933 80078
64363 94541
36014 90642
24635 28494
31705 46680
11939 55800
43907 92589
41085 74624
21639 58242
12085 86864
80038 84575
9957 75321
25332 54662
68045 87472
84581 85455
54056 65107
83761 85838
74882 83557
43264 83938
51691 94130
65971 86636
54204 88480
54443 62613
31353 60600
49422 88450
22373 81989
4362 88352
57049 83520
28962 34801
19691 81762
56887 75213
2933 82909
41883 71449
2008 57997
37016 83951
56008 81541
9876 39368
45007 93960
18141 43917
55648 76972
22739 72193
64471 76907
48976 90618
25708 38453
21895 74023
19688 53143
41263 44841
52756 88433
9761 68342
1750 5529
26343 51571
43382 81044
14055 68083
38879 79879
4797 39700
2275 50734
54992 87347
41471 65959
25532 87162
4725 53697
6372 58479
29225 60323
38843 60764
17471 83916
26626 41994
46715 61105
46950 84951
2568 19919
54354 86181
31516 41952
11374 64305
15165 45387
63157 90538
49173 62145
19109 72839
48977 78805
64103 75557
57099 72369
1707 22958
67617 69020
12353 62436
39422 89025
13352 56286
2378 82205
24101 36112
40150 41072
20254 37296
4858 27840
26757 59191
72911 93604
87815 93767
41190 86527
33160 52902
19783 49586
10944 73423
57946 94767
72459 78658
53578 55905
13190 43665
18706 21433
12787 15263
70406 85960
13359 57743
17056 39535
76240 91201
53478 70024
56 51224
33624 38590
23557 32583
6071 72793
46013 89372
46053 78140
23929 47258
72208 86584
4623 73875
12114 65327
1907 64296
44832 89631
15436 72102
56129 78808
1817 86777
36315 89631
76988 85318
19281 43072
20352 91646
25087 27315
18854 69192
65953 78389
81471 85393
21234 58146
1587 62530
13300 87819
16510 93338
10207 72224
34737 74654
14015 36071
3586 49176
11335 76137
56111 67287
47737 71507
3999 77683
77237 91867
45580 79382
47063 75336
44507 69060
18035 75416
20768 63074
42201 65418
14652 28350
43697 66695
28411 45852
559 39374
1437 93359
52158 77177
3039 61945
51369 72465
18758 58929
52158 57513
53376 74142
10668 77998
4530 81670
21334 72992
80355 91256
26602 64950
58502 78894
59558 80247
11827 47845
74571 92361
51385 94217
41585 92764
66644 90672
24210 61445
48257 63340
6903 81313
69990 71330
23186 32645
10199 61861
1780 2410
3474 64358
30411 55465
53722 74026
79633 92583
3257 39840
63317 64482
7857 84920
5964 27652
14586 73402
22797 52720
24218 40257
49438 56669
53967 60310
11614 84718
14416 52990
39635 83799
46008 50769
69477 87563
600 69327
51575 74919
8413 14717
46945 71961
35612 38665
3100 7699
31044 52545
2322 70712
38577 61867
26185 42855
16934 41953
11727 31738
25808 32634
14494 56336
36809 93724
36750 65007
6553 19886
7147 57323
63559 64923
26917 68051
3791 58502
68919 84858
15993 18703
34933 38891
55052 70693
13798 63916
36237 39108
82583 94425
57245 93331
9114 54101
14485 44331
5550 45330
29838 36258
4718 18995
59526 76964
2440 76030
45851 73255
8111 90941
49497 85125
16650 47292
16583 19615
4900 27818
43571 87226
5074 72771
57844 80393
11960 32602
21316 76290
56716 71313
49396 73001
38762 38842
45002 81984
5705 66143
45150 81484
25767 66758
33909 48315
32582 65220
38323 51897
47500 72869
30540 64716
15712 21763
8485 81220
57074 65805
776 4665
70884 89456
50974 82111
15841 79979
16468 86851
17039 85678
13752 23393
77093 91446
20420 37888
49145 78479
28403 91869
29104 62228
2629 83943
30077 77609
16517 45531
7108 94443
28172 84743
14175 56935
28834 42894
69554 89852
65712 67163
16933 86880
24737 84944
20818 59965
549 46035
8266 36163
21882 43387
7559 28210
9945 94240
66111 75755
25668 29712
42847 47332
66067 70006
38374 59192
11997 77298
7260 39190
77954 91838
52844 80840
14062 93733
24921 74925
15702 73158
39720 76725
6852 30317
58524 59771
53470 63730
36345 67005
85664 88775
32748 85051
1393 82238
17484 93278
23477 53193
34435 59041
56026 75539
53334 61757
18810 74748
5461 27253
45434 89049
51659 52969
49219 79085
39669 63650
69078 73325
50258 55769
81560 92159
26415 34285
6714 17425
11952 67348
41558 52499
85520 91177
28228 36533
26763 90665
35957 45644
28113 49039
18094 80714
29334 73750
10965 13970
48775 63637
177 18173
62960 81118
62305 92143
1527 75483
54797 65474
24616 82980
39227 56492
13094 48858
16949 34258
58268 70497
43553 60768
24155 50136
12905 85375
12381 73888
13080 28874
23141 89193
14405 39873
39189 52813
66295 83493
20462 38073
65099 71600
73475 85018
58017 67316
59755 79382
83495 86718
3627 85651
38177 66225
11100 76967
19103 59716
60684 88520
19866 94669
11206 84916
808 16318
38114 93752
5918 46776
36985 47244
36741 71595
21453 22980
15205 48442
52279 83378
22118 32462
2333 59150
37527 45885
68647 76815
45296 72671
75414 88176
23159 27797
12791 94453
7130 76287
12691 59102
39065 89357
17593 60934
21186 42174
75 27809
56881 68130
30266 44300
47696 76762
21531 69959
26183 64649
29556 62497
34995 58207
59314 83601
70662 80474
15451 16620
16774 90103
30886 91432
20252 56342
31053 55395
32721 49369
13094 16231
46782 52961
12660 58534
37269 54013
59196 89239
32140 50095
43590 53866
28971 64686
38857 64927
44045 73773
37300 71134
64974 90751
58021 67039
43127 49470
535 75627
7934 8089
49507 50510
44102 88675
19851 26857
13163 16815
57977 77747
68186 75057
34136 87627
51344 82938
42456 52630
1602 43939
75172 81937
23619 51054
29203 35880
25132 84285
27523 76409
10379 33350
13260 76348
12696 68116
57416 77042
3221 56498
68095 68801
60257 61663
41240 59291
72844 93462
33201 67874
4131 43126
68851 91448
4578 49987
85965 90890
34905 37923
38830 76878
6934 54220
205 64600
37354 74156
25939 80595
35008 77793
1595 92201
25732 55633
29406 91338
41990 51096
54810 57705
12242 35772
3174 44116
24032 34706
22655 34775
55000 72387
4133 7248
6854 41195
37658 65195
47892 64098
52428 71159
7056 90029
57178 62421
3913 90798
19290 89781
24549 43440
21052 31571
66946 80216
61987 94607
34958 40874
12252 23564
25740 62115
4611 36221
19174 85575
199 49671
45885 61252
69583 92516
58825 88014
1419 92564
32157 61408
19700 30493
11687 61671
38074 63804
37694 86195
49580 92251
4648 86110
49032 90529
9559 33844
25854 65460
55 55415
48245 74083
39556 62936
23799 31434
12193 69154
32923 35997
34691 35932
7246 62838
89476 92544
53151 69932
48216 67870
16817 64409
12868 75736
25910 81927
27066 60050
31382 75238
4130 49053
35949 54777
53573 66499
16793 17935
65899 75460
34108 60247
5979 90475
21711 50999
12861 13714
18217 29226
6731 11283
51925 91051
24403 29810
17506 74386
32278 71789
12320 68454
20810 69199
13366 78227
36341 67421
47372 52646
6386 26025
22477 51213
71448 92719
56706 61434
45625 58257
17345 46286
6835 32647
35825 38372
48475 78639
16911 77632
17063 74171
18647 83805
30523 54319
49303 54617
55301 65314
31148 55804
63051 88738
82327 85712
44514 89776
7389 26193
58042 67204
9303 38167
19561 20693
39091 84106
64705 87847
38083 92774
20165 49954
82346 90774
11266 42466
7997 89765
24277 33600
71280 75596
32869 38530
42199 85163
24106 43221
66068 92272
72709 84296
38243 70589
12024 24855
35628 37802
1151 28695
7177 7813
53449 66338
20455 91327
31986 85246
51623 88900
18881 28588
30585 93297
33780 65054
2751 69627
18292 72886
15145 17443
54090 62462
29387 70242
11403 65155
15047 52446
24563 56632
9179 48950
34992 77938
39641 80684
24738 44437
46078 90612
13723 60169
43491 81425
39146 79875
39238 82074
8610 86299
91696 94498
13310 36096
317 67570
40196 59686
39889 67896
47075 86324
23843 74922
35229 62487
43165 86111
45530 87122
12262 65378
7337 11435
5639 31986
76306 92976
32266 88860
59211 93821
20584 27793
42945 58612
64344 66344
52768 69359
42189 53154
14789 92726
35227 76858
60596 94175
11770 36670
13449 91704
23614 54694
11599 47723
11903 24585
42494 89820
20074 40568
49287 67778
24610 47828
9547 37997
72825 81732
28001 88753
35458 35884
42779 66466
15543 36342
78850 80306
13374 89579
47831 67901
31974 81871
19359 40098
72229 94701
33288 40662
23189 27486
65003 92857
18205 82880
29902 30738
9972 61476
26439 76446
8921 12049
16909 79920
55845 76896
20947 71065
85976 90804
2768 47325
40865 84440
35649 45367
15619 28348
22235 73641
44647 73581
27005 47173
9505 35898
66117 77938
60743 61376
15707 94008
42177 63851
4587 8541
7473 83807
28959 93997
3380 3415
56868 76941
964 35151
7797 43788
6719 35734
71645 71994
33044 94255
42856 85977
62429 65850
18602 32739
49296 93261
13161 79610
20995 62813
40534 67882
22565 27292
8402 18818
9865 44592
43439 86583
38982 44692
6746 23134
21748 61826
16997 87106
28539 82725
12122 78245
65350 83452
46339 70984
45060 61713
12514 39525
29601 77134
41589 88879
11921 71471
10218 60511
6709 20746
37982 54861
21751 70526
9602 12420
1949 80045
42192 46126
51122 68059
20413 69440
35612 42051
26844 90201
4634 31468
15979 84885
62065 73638
21491 46709
2228 47498
5826 32462
22893 76820
59475 92712
10215 54783
59951 87346
2666 19563
83220 86641
82217 90201
62937 91584
27087 43329
9903 28182
19946 61734
6603 32073
17164 50560
3938 39437
44387 57556
10559 23161
65496 84591
80302 92172
46734 54563
1268 23798
10162 49904
75197 83680
22413 70573
6464 93086
33728 49732
31322 36052
9738 84617
17087 53973
25595 46702
23658 27183
86675 87352
27874 71215
26415 31289
9909 81761
74873 82159
5877 50398
2554 48881
60057 83281
24887 65702
36225 66545
37455 78860
76474 83868
826 39846
44540 73815
26863 72915
2742 66155
34224 79651
30994 87039
2433 58651
10887 35931
19882 31184
64890 85839
44409 76109
20569 75939
6360 62779
1735 9488
278 48554
321 55355
3722 68719
5128 44481
29643 92513
3732 11631
49707 70009
11925 86143
157 9182
51262 60197
51600 89331
22147 92966
18513 28936
87880 91960
33627 45717
1867 69075
62569 72679
57089 71563
2716 16804
6407 28879
47394 70168
58534 88414
5384 18788
48508 93625
5208 66842
43676 44257
25284 59067
21741 34121
5994 65014
27762 64032
47385 55649
65233 76629
42894 88160
71387 85956
18977 41022
53818 57666
5753 53831
57835 94367
24304 83672
9307 85683
22037 68922
32084 89932
52118 81086
5835 18561
9825 36369
34782 60532
7752 53472
25402 74642
33860 51999
3274 31978
46700 46974
36145 81102
15772 28214
22834 38876
73302 80847
16354 80257
42636 54762
51260 62060
14316 28094
26507 77903
39484 79451
4311 24674
39145 54232
47034 71763
9485 23617
7689 11115
2664 37693
5887 22056
2566 90497
22132 71506
69197 70305
8636 44781
53419 57064
1633 29185
81152 92329
43079 66094
21284 53293
14051 53961
15264 54999
5289 85687
13493 14262
50230 74404
31464 71555
29734 58619
39916 55346
18541 69298
89967 90176
32494 72937
16319 26068
9574 42765
3686 43446
30267 58380
79372 83853
25238 31573
11350 40925
20590 71034
21624 38921
77025 79915
34761 88174
1841 91429
45315 48149
21331 45326
47087 50956
25271 50308
21866 58906
48548 92347
24731 45151
1368 54207
31654 84827
13629 20544
49968 88311
10778 31098
11959 74730
67679 74819
34588 72500
79512 94483
3038 60832
8940 35170
49550 86366
14041 74762
65519 67916
60779 66020
36497 52309
15444 18265
40320 92751
70313 78615
14937 77978
77734 93651
20635 94299
22565 25698
63919 72779
32574 72329
14422 92400
15046 65658
18224 82705
31571 58542
54518 62663
3062 80207
69345 70882
24021 94648
22460 45079
54306 79367
68566 73794
45141 83787
1142 17713
77833 91565
29899 86474
10778 63353
13623 63308
7135 48981
84285 94892
50312 86031
31377 50672
2777 77970
56862 78789
1028 81305
8108 51209
70140 84687
45766 53758
66406 75194
12240 58870
79220 89986
50102 91765
68400 94623
11489 49691
32003 77426
46984 78619
27524 36458
16366 64494
65058 89837
48556 85604
25730 59881
31467 83599
2722 51258
33399 76989
55972 83910
23967 89276
30433 73611
9034 10057
70140 92426
2470 40514
16513 70184
58079 83473
9388 25435
56277 88558
3371 9682
51324 72217
18112 62952
38566 89281
9365 80570
8955 9857
69992 76856
24021 36999
75578 85508
6721 60154
25987 80899
54480 58604
35313 68604
17775 24740
39504 47938
19938 41613
32360 74768
61361 66865
20387 81786
28154 90320
50201 57364
5497 90604
15232 30150
72491 94037
24437 48820
78855 93661
9874 40065
66332 69182
30561 55407
58858 90576
49724 77399
33239 92645
64204 93005
17433 56725
91904 92261
36662 51893
9665 84674
22895 79088
10164 94250
66928 84279
24352 62622
13211 79519
51020 94195
4676 88676
19616 85571
5234 13524
53332 80223
48081 82796
86705 88067
47901 85144
18445 94030
2875 86156
56410 72634
21683 38185
1786 33840
30499 35524
75444 84001
676 35689
25995 88005
79161 79295
10537 14956
10731 48153
18361 39694
28145 59036
29419 70763
64905 70538
1353 32783
16566 91751
17043 29404
43694 61350
39056 44287
32465 55325
34255 41460
3868 9132
1262 35280
55206 69578
41245 84063
13475 90990
32911 55264
5323 9580
8987 33650
33974 51925
75889 94514
21070 46262
82414 92758
5982 77608
75333 77261
40554 85901
81259 94563
32809 52773
19912 83312
19336 51688
24372 64590
14280 47757
42063 53852
19304 66573
6848 60054
27327 85105
10939 63378
74841 94975
15386 73549
12837 68557
20247 50840
69527 78767
13381 80191
1935 89931
1144 13003
44777 86361
75011 92753
8278 86832
24338 86942
9355 54489
4982 7873
52013 71069
5335 69048
22685 79503
63732 71965
6253 30757
554 73663
15993 70004
29708 38406
23061 45468
35964 58533
7505 53956
15772 43598
20007 28292
80015 84533
17031 36337
54518 72690
52164 77029
79100 81640
44095 86222
1200 61362
37795 93705
27621 60661
16055 16214
85061 88458
65002 65188
23652 29770
62000 62087
38187 81975
49379 50898
14629 84143
2863 85169
14536 43610
44651 89379
70769 83522
6119 28067
67536 92610
8244 8761
14238 48407
8520 74078
23659 72673
8202 74411
7351 63224
73849 74905
5409 49557
85829 89609
53266 53751
27938 77704
5901 25285
28096 64436
53599 59474
47491 49343
37131 46648
66082 81965
11961 86856
76905 78692
67279 79686
75705 80823
61754 76209
62909 86106
12835 39352
15434 46738
15240 50011
32259 92407
9774 88350
28912 53906
59753 68988
65542 71286
39225 50183
22992 30010
48006 88542
35681 50122
36493 72104
48591 94529
65092 88374
69931 87341
14213 70844
86669 88605
12569 58669
10836 60814
82527 86226
23100 62116
10468 40406
71140 76919
44611 49604
22001 25826
26109 48779
10463 88946
20171 23978
10379 63980
63009 75705
55879 69056
32456 83607
73288 82399
14582 51854
15045 55747
58584 86760
35967 51702
16429 69126
48310 75529
34239 46081
12034 72898
38360 40758
6695 28237
13794 37276
30556 91279
11838 76480
25160 27533
8342 9158
11389 58359
27750 52966
1385 94619
16620 82673
54305 59475
5548 74389
55096 66043
52507 62503
16237 53064
38989 91955
24602 81476
54747 62354
4314 82647
54732 78750
43237 49254
2337 5151
50602 86813
50657 94970
25069 92897
51424 69503
73722 79934
36826 72046
38731 66054
29422 63886
47837 77865
25578 50704
2178 68383
53758 91732
81773 91798
11551 46270
25740 87207
3561 8725
20349 48670
12143 87203
39914 48673
31593 93562
29942 53741
27376 50094
59774 60651
50198 83166
75742 91569
13454 28229
44170 93058
81272 87411
74529 90620
18486 79183
49876 71324
18673 24992
39384 47761
25092 94726
34571 61827
13725 33909
42902 59174
9643 88079
24226 26667
19825 29146
18699 22766
14061 92704
55128 61076
70073 84804
74517 81369
25365 66874
62498 66026
8921 52640
61300 92351
29884 54864
26160 33922
42751 93705
13152 71292
581 1293
22511 90048
6841 49799
57650 58200
16719 93446
13722 48517
11517 11723
41547 43400
6516 27686
24449 33954
82581 86931
15834 42493
5065 66704
20047 44742
15802 24269
8023 52185
57045 85509
42472 58336
21580 43577
26906 71372
23963 60703
36653 90211
10940 44783
29011 43559
66507 78711
51390 73896
3703 27017
4218 35845
64935 82572
23994 66681
14829 55771
689 57727
37937 61347
21183 93396
25448 71073
25643 56707
53281 83494
14006 23684
25394 64878
8419 34891
21085 53946
10761 66152
11418 61274
54457 71886
83 12648
4322 91786
58772 85668
59381 89588
53759 67898
64823 86648
11814 32166
11098 37039
6038 77282
67903 92771
46053 80861
40344 48547
19481 20023
30029 41677
39732 93184
8974 87936
56406 76393
31562 56403
80021 92104
61094 89839
28039 54877
71383 79956
47160 55735
1328 53380
37320 74000
30324 90545
23720 79405
25995 30683
20403 29231
42217 45523
1911 31744
55893 72376
17669 89422
30340 67951
15262 46858
32842 51988
40536 41368
4959 60871
23508 43725
18993 87115
29605 43846
24456 87407
21312 83042
8455 28715
459 83527
69475 76879
28290 73355
13313 83342
36222 55539
22455 49459
7828 73138
33294 91908
44282 55378
17697 55923
34011 36480
14511 49934
3707 41619
32242 63060
35244 42799
32440 51596
20949 56183
11464 44036
15685 33534
18979 33324
24974 51235
23972 58822
42325 45783
6024 65995
10510 75281
290 12790
68643 71263
19395 24264
11979 13250
39763 67735
36394 61593
1856 88864
8179 70154
16045 83706
4784 29079
47933 56176
28519 68889
66938 83112
33140 84060
71206 84747
31153 48286
19060 40579
78955 84525
48954 79516
5025 48473
63545 74934
54425 70067
62665 85846
18470 79333
2072 16146
17533 48560
38406 46165
29303 87606
2371 74260
10485 69645
69111 76487
88167 90597
24990 71995
10829 53103
6810 88533
13412 75218
9 55123
47955 75733
39425 65640
857 63709
33495 42134
35952 41422
50985 60230
54490 69172
12754 73796
33075 40128
37395 94558
51304 93985
12260 53934
13805 37503
9512 18292
42219 86339
54489 66719
70020 81178
47246 60168
53736 61985
12293 24980
19508 63213
7913 88627
6389 34863
32431 62977
31197 65632
27229 67840
40806 73247
2241 45973
45481 81890
9005 40029
39030 44871
61654 67815
42260 55130
49845 90395
6536 74340
5073 84347
78132 87223
38332 69846
31136 92420
32114 70283
30715 62211
9757 21860
49705 61010
8900 74794
8607 29767
70284 91231
37629 90629
72005 77279
61566 82709
89681 94266
53050 70264
25969 44367
2729 45204
43814 55908
63739 89697
22609 73501
7637 31155
15540 67075
37054 37946
36348 57895
12514 52408
17469 29876
35511 71879
61442 92330
8128 49702
61912 86682
42366 59558
70968 84202
10305 39277
49204 64190
79617 86302
33563 46958
51528 66695
12059 22700
26834 47935
40549 73178
54371 88273
39165 87426
69382 87802
71416 73017
56356 62054
20840 40180
4854 74778
29180 40959
40188 72451
54391 93541
38096 44357
63029 86245
37873 51238
41186 61231
597 88079
38611 50556
32481 74239
9051 81289
19222 50232
16604 47899
23484 77074
34145 71134
18636 32105
40940 67270
22036 58695
30095 55395
3331 89210
41974 83293
4580 29712
4636 46689
28545 92866
23437 79201
15517 85997
61850 62324
22923 31153
44437 52672
59629 65858
475 77840
48 58637
19165 47575
74214 87993
28863 56833
92620 94645
277 92479
57566 86613
66386 85194
11818 87261
54394 80837
30347 53740
73624 80940
35717 43929
26303 26472
9358 25664
71704 73231
45087 47624
30891 38103
62133 65476
1980 48020
20056 40131
67154 91888
21209 35574
14744 27700
9549 18133
46741 93065
18226 83352
36804 59422
33475 44607
23196 24327
31955 92169
52256 57908
2038 88612
26367 29775
9582 74325
44853 75562
58642 73031
37924 39669
8513 63259
59399 60536
66808 69810
61174 82003
13781 39058
60507 90630
55982 56143
67421 68462
20246 49813
55758 92247
18068 53983
17242 52951
72124 80446
2893 28450
46852 76072
33423 91097
20962 54443
21910 36871
63334 88320
21716 87781
17594 52114
55285 93837
40185 54324
44748 87758
33233 47467
47836 48422
61226 80839
9257 57967
1210 94671
9310 90473
75376 83971
6479 23871
14617 45282
52563 73024
14098 59060
19443 31673
59407 92907
4480 12372
23149 37842
18445 24941
10302 46194
259 25528
20881 46463
13017 42313
31954 67430
27648 78684
38348 92781
38028 51492
21384 80216
48776 55395
16256 39152
10194 43436
18183 26534
76585 89559
53362 60561
33216 41755
60431 71350
46225 71762
14856 19778
24168 87381
24509 35997
48082 78364
63444 76097
45388 51258
22810 72293
38418 63617
45847 51681
34077 54138
78096 88441
18448 60877
8134 66963
17570 45782
27555 71687
30232 67193
4614 35447
4618 43335
49208 60000
2661 32151
55143 85948
36513 51827
64852 86397
29335 36870
28259 57818
9005 50042
32967 71693
5984 38300
255 84759
89200 90217
58227 65030
1306 22776
3817 63298
18433 37666
5769 69450
49879 53045
79083 94655
65902 73894
67674 87623
8064 56278
17299 34662
10335 32034
57863 67056
29611 80198
67205 91571
35418 78527
86967 87273
46483 73842
67813 81560
61548 90840
3947 37970
60761 65526
257 76434
63460 81476
22063 94284
18492 92297
1876 53016
2049 67395
4235 6042
44653 76033
32722 89606
61428 78462
39712 80881
62687 79017
27457 85801
3838 94844
43692 75603
35498 63358
59141 65559
32249 38948
69553 93188
61715 74394
34579 79936
24144 76975
3475 42723
14027 37153
55671 90909
9995 27463
54210 90632
9494 60422
39342 60342
25498 49194
39987 93578
19332 47497
30962 46298
57707 91737
29207 83415
2191 14521
53895 66488
68005 81108
53997 78388
42800 65350
8675 93988
52584 73412
2338 78292
53648 94601
37461 40493
22963 34270
34205 56212
39936 67202
81902 85827
2639 6149
20219 29506
1305 39014
8012 67416
75387 88390
61611 81190
22251 43916
19075 88476
89556 93132
62207 82904
498 93785
62848 80992
42381 48099
24309 40360
83883 90335
27438 46557
3083 76087
10052 47683
6063 91439
38167 59702
5527 19571
60973 63801
52701 68811
14582 81594
3029 91924
208 56435
6567 51916
47278 75013
39024 56739
25914 51311
31885 56462
92561 94786
32225 82771
22991 68783
61100 78705
1954 16378
37089 82417
27183 60977
27641 35611
8440 87150
27217 56431
24691 86304
31886 65032
6492 23974
26954 92544
68183 93898
26409 81310
28673 53173
55419 67056
31783 43570
72308 82521
30296 63301
54869 73334
7647 34830
11114 22571
75098 79079
18033 20222
85424 87615
86522 90564
14949 75912
42134 59704
3137 49371
5421 33337
49679 92815
36003 84950
26346 49340
54655 87495
79112 93615
5482 70516
41968 65766
45711 50772
16782 37962
49113 63172
39372 41815
33991 72375
32016 45160
10995 86272
862 16725
1931 14508
14077 75199
36014 49874
4494 18812
10612 56530
54910 80631
32323 36260
5065 80996
57298 75542
21118 45270
3909 15729
14347 35130
34361 35313
1153 40644
84122 92800
16103 59294
81653 87772
7408 14216
39044 61884
1074 80174
76402 76799
48349 59300
10662 72733
14944 35780
22932 61528
831 67091
29483 69047
2779 38723
64781 82630
7757 71394
8443 86724
54369 73446
6962 91152
33155 35528
35715 91146
3470 36521
45278 52741
22990 31943
21013 27133
43651 50770
8928 49824
27961 76810
7048 53816
7836 44508
502 90319
59426 81894
76314 88501
23851 66953
17904 37326
17228 51766
53892 87585
14858 17684
40077 40897
2006 18178
55433 82282
32784 67552
22761 82301
37640 57481
61877 79587
78229 92618
7774 44213
14855 39403
2786 40810
52950 72449
13792 47950
6172 26652
4923 66185
9523 20937
25468 32208
7831 66722
53693 60161
45654 85082
15378 58723
42824 91490
50674 71433
18844 23295
5272 77189
2768 45607
74016 84154
12887 17791
11337 36069
35121 88987
354 13559
20610 29264
1569 40511
21832 49836
69098 92640
21824 41951
20891 70237
57253 81521
2759 68372
28072 32294
26294 30562
5808 25028
3596 76349
8754 39340
40312 63006
14997 60381
22045 71255
55533 62130
11442 33461
49160 86151
30378 66375
72144 74804
50901 51029
70871 90188
1355 31636
41019 42766
63190 92455
6624 76911
8450 21613
62449 76148
13824 80351
24834 70035
9045 13641
16015 16794
12017 51518
43303 76964
2546 31394
14895 19421
28561 56984
21819 25677
30790 94787
72347 88234
39210 66996
19911 52352
16449 19211
24106 41498
56199 87572
65420 80640
10876 32135
12480 77401
29872 36059
3536 62716
20249 93734
11633 19220
56841 82787
17441 82002
14354 66706
43927 60130
42958 76744
28592 49271
58669 77524
47765 62493
8588 43434
4217 46373
6198 86410
40671 85389
61437 93705
1962 5019
79981 86425
23850 75620
32442 46283
39911 81028
4622 70237
43672 91100
37071 78439
36063 69650
4430 72613
31462 73713
4282 7426
42332 42790
17395 37519
75822 78737
3663 27341
54746 77751
13080 56072
13867 73677
41079 50519
5518 65998
63131 91167
15747 77707
3816 47404
83874 94621
8307 92743
24542 65111
32242 39646
17915 38575
20619 84668
86329 90698
33565 54598
21331 32442
56517 64328
30729 56921
5735 67129
86596 86785
24454 24801
13938 82563
44747 44980
11225 46636
21153 68923
48346 94684
20571 61205
21938 23310
34717 72753
25079 76862
38787 69810
21137 55234
32359 81775
216 7959
32677 46869
5624 10663
34561 93706
79464 90188
39645 54706
4166 10987
26071 56604
7159 37434
27991 55658
58075 62240
6981 70511
34146 61565
4553 57484
77348 88187
34754 64301
4284 13203
39327 83731
5495 76879
48176 61905
28524 49030
3935 77682
62537 89527
12325 91631
65121 89913
58425 60492
19925 63791
47411 47498
49926 90526
55647 81803
68894 89409
65698 71088
58857 92959
5566 94500
30162 30353
29069 61203
12504 47590
43715 48000
10082 53855
13050 56178
28557 93139
6734 90361
5164 26031
1061 1078
39671 51701
5462 72268
62933 91507
85555 90644
34598 39243
35025 83514
51103 69762
3979 80174
22263 29688
5959 8474
52729 61572
15966 81503
68283 74993
23463 25875
1632 5437
11768 29531
32184 59344
24510 92453
42935 94864
47993 57579
46568 92877
13009 57288
6369 69191
10599 57587
42153 79000
7323 65878
46714 71611
44107 64562
2076 84020
9586 55658
15650 85696
73762 86682
69669 83901
32168 40983
72638 83865
34584 36307
20623 43329
52014 85070
2614 55094
7739 22835
51286 59219
51256 78483
44819 49733
13791 16277
48790 89535
11936 77998
92494 93155
65990 75416
15216 61209
19580 64744
10235 40273
39522 73533
26618 80272
11006 16167
22934 93885
61151 92181
36721 68806
24393 56192
88146 93415
4315 48113
39090 81499
11185 60246
17338 85056
47446 92060
33243 75656
68464 92263
8559 68500
38732 62191
32757 50561
3521 82277
51011 65440
16551 93182
6910 87892
11452 25307
48855 53853
13834 69736
64270 86410
53915 60883
59396 69748
24579 36356
10051 60190
48893 64083
2440 10917
11740 33113
23160 85876
5156 36022
30806 54334
28846 29394
33151 40126
19620 94733
41652 52502
24378 33452
3210 15430
56837 60890
10554 20320
57965 79456
21549 78707
43068 55402
6248 8203
46970 49226
19230 89019
19662 61138
38545 93044
25524 53803
17643 20530
21986 92580
17474 82270
10559 44867
36685 75192
14073 41691
27495 39588
52735 87686
29991 86451
80964 84641
70806 91849
5066 78187
25525 70297
39924 88436
82 47981
6739 64550
57946 58509
11966 83599
22804 49306
50618 73891
12405 70363
9176 40741
9141 23774
7963 70994
1449 48159
28757 56408
59403 62275
19675 47437
8888 73915
30798 82167
3571 4315
1021 28016
33487 48702
49662 74682
80445 89946
64766 79293
11560 74920
67986 88762
36055 41224
21731 27638
22016 54292
30470 64442
5090 81351
42178 50984
33114 68813
12189 88870
16693 51623
3910 69680
66018 71757
1820 7743
1306 19105
2092 20672
4027 4519
21480 38123
45698 56215
34265 78581
29929 33299
38 85473
26008 78248
80646 92481
60771 90051
11359 15817
36159 53405
75887 88588
29929 84495
15952 35618
12977 86124
12602 43725
59301 74956
16563 27263
79938 84459
58134 94585
10668 28704
28779 34220
11692 94284
73546 92888
11108 34130
5180 14142
25304 26744
7296 67429
48480 80289
11709 34607
86460 87552
2005 15927
45133 86112
10538 35974
59946 91461
18242 91407
24333 41532
16538 41208
12277 29302
5113 85827
16386 40815
10963 85585
68762 86461
64842 74731
26535 29138
21656 75275
70619 94344
3381 26908
22805 40827
19022 39250
27728 64493
49245 93131
65093 75769
32504 76096
24867 50968
36283 71056
12085 27000
19174 77366
7442 24752
22258 86199
10785 90101
16755 55473
9672 71830
14171 34603
2064 64394
25116 38415
12711 45338
52199 64869
59912 70424
33044 57088
67740 91022
25141 53904
14562 78435
8282 88348
7551 22271
62253 87113
79171 90847
24012 92224
14286 28127
66570 91989
11431 83093
6885 75135
24450 68435
34663 56317
26671 51101
41382 79678
61740 86568
67044 69997
44350 50982
75259 88708
63938 83487
909 65555
2760 10232
16319 69152
51932 88312
30277 82453
66326 84224
34116 56331
34483 88075
33469 57795
18000 89487
27808 28247
18985 51343
37110 85898
1977 78724
47135 55163
27969 87743
44237 65579
30918 39701
20892 43140
79242 83629
1418 49403
6987 57448
23976 48605
14456 53436
28319 57746
41721 52188
35575 59722
11895 51400
40732 89461
3434 64045
67779 89185
12326 86493
20563 46312
2392 43272
80410 85003
34572 70889
4440 77795
22700 59339
33482 60476
18509 64353
40020 57808
7847 74062
51798 53482
2370 79631
56137 76470
37160 63145
60666 67139
1841 25319
28864 43118
40348 61027
5002 34052
23130 77249
46448 80896
42083 73729
37317 57957
4218 4999
5987 54391
22324 92923
42668 86167
25152 79527
44432 76512
2829 85250
20163 88702
1538 66518
41260 51479
60264 90112
16355 26930
34439 75691
23772 89477
8005 22659
25810 55551
63593 67819
17862 46696
51882 72581
14851 32925
35676 37023
54626 56015
6742 30926
35432 37136
12061 64321
33045 57274
17890 47089
73768 89681
56203 91546
23598 88283
52191 90281
48180 52948
57560 83996
16321 83392
23508 30698
37991 80570
62634 76893
58997 89716
26100 61726
12181 27421
54590 91193
14756 54610
34251 46878
12702 33291
4410 37074
14494 53899
56387 89407
36630 82701
5664 25312
25893 35977
24691 38396
73008 92503
60433 92032
49042 85717
1725 84568
64358 87766
35931 47087
26990 56895
71304 89194
30423 45961
29285 52825
29438 32452
3368 46003
55731 68003
55902 83882
38336 43397
61844 84158
34883 68730
13496 80836
37930 76187
11804 12040
29614 55354
15471 34151
12235 68057
5592 26766
38537 40190
18153 88101
58154 68947
32039 53870
85600 90575
76097 83317
12578 34829
21877 41108
7140 21248
22076 25858
3397 15848
47372 74127
10619 20465
11998 43632
74897 79936
60933 86688
54273 91442
59024 65308
19931 29440
17376 78128
7115 34465
21943 28625
18889 26202
40231 47586
24088 82306
41536 81048
71722 85411
17857 24120
45670 58348
10904 59147
22628 86589
41180 83685
4321 38403
77233 86568
67512 90780
4183 72227
13740 25793
28308 50068
34393 72675
25420 37376
64172 75480
17132 68220
30729 77936
3744 70823
2029 75703
41307 83248
1172 19804
62966 75388
62162 84463
11057 36394
60034 77692
59351 61277
20546 73565
29326 62760
72526 88563
17581 79837
19146 78886
14658 22512
5126 57261
25755 86758
62426 81599
19375 55655
20458 50458
47049 73212
15286 55376
20571 36788
20225 94526
2656 91480
14859 88281
44214 54582
60211 82148
49056 53594
71181 93467
45055 77822
7772 11003
58194 58970
69225 85718
68205 91546
76299 78533
81291 94006
21303 34958
33513 72908
11991 59277
27150 92634
25746 69185
22687 92025
16673 79220
27991 87997
19595 36065
12211 66906
68519 91605
15601 82870
59729 82411
60564 71806
52498 81935
26314 71646
65288 87603
42010 70805
41964 63247
5128 26340
22846 86719
3132 56590
467 92422
26940 87569
75865 86266
56103 71370
29557 46897
65594 89359
40313 49577
34171 38095
68676 71260
40621 89729
6526 60249
15188 60346
82161 82807
31608 82352
81149 83427
34969 56787
43857 58913
31576 93357
14410 40765
26494 94346
12115 93392
7461 10067
21579 70555
5955 42146
1693 6102
10389 34666
63090 77043
6648 60352
23707 48393
15906 67336
1405 75424
18428 43802
45530 94525
35793 83946
78418 92514
74184 81821
74001 76431
191 25178
58842 68322
30142 78449
19412 51747
18157 75248
40 73133
2831 17861
6256 14865
5147 23338
9989 53354
48806 70682
43263 91021
5848 5868
7520 59759
10100 22589
5306 52289
33548 64793
58546 72485
9432 41396
57790 90317
56156 65836
89399 93001
11104 20056
68268 74356
7363 70406
13224 69484
2374 63227
82946 85429
3746 16216
7553 58123
16483 24302
22814 45417
1951 66797
19888 22159
3110 64957
59416 79894
6162 93220
34963 92208
18004 18095
10078 27990
70201 77540
41117 61839
31336 90033
28843 50296
10558 22322
27807 90601
20522 32761
84650 85831
22356 45137
8303 66330
988 8509
42627 80818
6155 9100
15839 38408
44264 63901
66060 91508
426 11399
37719 40336
15014 51371
38375 50085
19716 29429
28593 77300
30528 51178
20714 38828
73060 93433
16853 85632
43626 47137
3997 39536
1772 13107
18232 74890
28493 64206
82722 82896
35424 67182
4257 57547
27835 70059
18724 63421
38165 53492
22842 60655
32224 85258
8692 38112
2000 74256
63972 93001
39892 93150
47404 91053
42539 54272
2570 43083
21105 42957
40444 87442
41973 89658
24039 93239
40577 83362
43078 73658
3669 50899
2652 73407
30791 93849
19257 47664
72057 93916
783 64944
27825 40740
30565 60157
10882 51847
203 65777
48908 84930
65599 75116
4107 92312
30900 62897
4465 36713
77381 80193
8516 24396
30822 45121
57869 63256
23715 76311
61753 84076
30348 86228
12549 66146
15638 49517
80285 82092
63954 66328
9490 56658
11249 20686
20534 65885
8726 49410
33921 55029
45264 60199
12076 91746
11300 11852
48299 85638
32563 66725
44986 67839
20676 33689
54718 91318
27423 30399
69524 85998
2970 48944
45717 49035
190 44517
10250 14944
32057 69759
45683 56108
20749 79635
18003 39168
36897 76812
59362 79184
67255 94815
27694 66563
55734 87364
90619 93375
24136 49951
11396 86632
28435 60167
27947 44369
8985 74346
26362 27671
12030 12286
60858 73874
37770 79341
32461 38702
23667 76090
2809 87186
26667 43654
38220 80727
13488 84052
28636 70851
10789 27330
85921 92552
59524 67474
21489 52393
44178 63210
90440 92467
44230 47265
85395 88660
15321 88583
160 89464
28020 30632
37935 93951
67157 89857
25961 90160
42552 51297
64963 85637
10865 90026
8877 86722
3897 33597
36935 45499
4211 82214
51431 71414
87420 88371
52858 91232
41563 77054
37698 63786
46724 58767
59156 65016
63179 68969
48152 71363
71143 71976
24912 46509
38903 56468
17844 76272
8465 23085
19967 66289
47869 68777
68596 94771
82108 82654
11523 94639
13897 77061
44173 53889
38075 72730
36867 49384
41535 90981
44064 44880
27088 79115
7738 57492
31104 60177
14228 16965
31593 67827
46330 65862
3149 26771
21090 38498
26226 87113
23466 89653
46870 77996
91398 91709
4202 38661
49025 83694
28310 51406
22137 76887
11654 35347
64816 81573
17383 49960
1742 42118
26864 44003
33526 94099
14195 29324
25614 58015
35015 45180
22369 91714
7911 55194
2875 85898
15400 19994
23871 76340
13118 61746
19524 45004
54937 89350
16141 90681
19769 47104
18625 26351
31753 60786
69090 88662
3949 30455
17611 17800
6664 43884
57109 59818
16299 57676
14099 78801
20561 43744
6704 68552
5745 82724
15941 45420
19280 25910
66541 84453
16929 29429
21966 69829
5960 59010
15322 23452
16287 49585
34138 82253
13926 51315
31419 43766
39029 40552
72368 73898
37352 38857
3675 89354
13260 30598
3496 72892
2036 48567
6312 76960
39290 73770
63484 92786
6355 31595
8111 84447
32676 65661
55148 78153
368 66113
59580 70372
24817 53699
3458 15171
13850 47858
41775 80105
38239 68651
57279 70663
34964 35106
23976 82318
26398 51080
28964 61454
19362 28409
1663 76079
14955 93905
80421 94524
78140 85828
57367 84788
828 70609
10768 72836
44238 55913
1756 2978
7414 63976
68011 83806
49977 84621
27834 70929
58907 60185
55132 67970
65427 85797
46867 89362
753 67903
1922 38342
29223 43163
1118 14346
37033 77964
7008 28846
9146 86837
6849 53831
21671 65456
3807 82324
18099 86544
60031 85920
48696 85605
58674 62314
64586 74145
23946 81521
11697 78457
65149 90514
48686 65300
51637 59193
14857 89531
19907 84616
55467 62995
89441 91306
21857 60138
83398 91888
34725 43233
73491 76642
61494 78162
73077 77175
25289 30403
32904 56442
6845 59744
16841 29720
44697 88185
60813 69584
67456 85782
50513 75055
10474 22145
15302 27194
26388 49013
72876 92455
16397 44245
12391 47338
88426 89382
36067 40114
60345 73111
43372 64746
36654 63535
40505 77851
6585 22894
18311 60803
62164 70034
13742 31836
66177 88365
14796 35023
36773 62431
11135 87519
25795 91770
64611 87121
25371 93482
28896 67738
4952 35404
45452 56483
15286 66243
63049 88575
6863 16084
22479 23308
75534 80628
33283 65493
24175 48289
57614 72033
1482 31770
76408 90322
21945 77498
1209 62986
24722 39663
19025 37691
40340 70456
23551 78304
86087 91850
24017 39260
14737 66073
11728 48822
17886 39290
30355 61230
58458 63570
16308 81970
21932 27421
30975 93743
44988 78209
559 42381
37308 86122
16390 56100
14361 20927
16317 80779
5546 50123
55311 58228
19999 54168
33286 42066
59822 90810
14419 66818
32331 90250
59179 69606
49923 52805
78202 82206
29309 84030
44629 52442
26759 79672
1477 86787
704 45796
76700 94196
39536 75500
29484 68991
34502 48377
38370 94427
7767 76297
40764 47246
77664 85543
36832 89853
11426 58900
8107 88380
35106 50074
74619 89441
21236 82176
11107 24816
22728 41143
26815 88100
14510 92543
26536 71068
35305 64401
20063 77436
46486 74926
9054 63628
7350 55319
3639 17785
59628 72493
13086 82848
20611 33320
16828 82097
49430 64346
55424 87767
5991 73436
16557 43698
9223 25474
56065 62388
2125 18006
35693 91626
66737 75115
64981 73921
41770 80462
2800 16509
27750 28012
58439 81712
11433 88713
24888 77655
6948 15295
9737 87717
43452 49581
68289 89020
51527 63604
49525 69617
76376 90802
278 67030
72391 77949
12554 86659
4055 64562
12292 63414
85714 89567
48601 67511
42107 47381
61830 89207
6672 23298
71552 79930
21637 94509
53396 61861
12764 61394
4221 7868
87038 90058
17575 47725
10199 18081
51766 88101
74780 87263
81624 92644
58584 84293
88942 91535
54286 61592
6153 72719
25457 55385
5153 93522
56476 67791
59415 63203
24457 30089
19971 72388
20107 92507
4896 27582
24557 80622
58746 72000
33971 52168
33059 77899
9676 90739
14839 80248
23701 37244
31759 63049
65028 68525
17558 26447
10307 14023
787 83244
10001 46908
58442 91942
36297 84562
10447 68281
47533 76495
16829 56316
8890 14420
42278 82576
24242 70600
15148 71777
16269 76917
11519 27876
19133 29758
17824 51646
30004 47886
8522 91317
79056 91029
48971 61794
12717 67824
55166 71748
53206 79679
26334 63279
250 64786
7350 65892
58747 62333
49981 65140
12076 31906
66583 79940
8638 78593
48594 89345
21019 94041
59192 61211
60131 84601
27046 70785
80416 81996
71566 84930
29769 92928
52717 66507
41323 67621
485 89348
5574 44491
41046 50963
28522 78798
3693 28312
70048 74868
6155 23710
30917 72056
1062 15023
48941 61142
23007 62694
54097 62909
27815 46169
19328 23043
3707 77143
26326 59310
15260 85041
41037 43202
60088 63537
72463 73505
40424 92562
59058 82887
84 4942
84 94609
71354 76719
58518 59843
65410 80621
81994 94792
5155 91721
12069 37550
75210 92378
67806 78693
10703 88157
29267 54356
55517 69419
46383 57900
24719 28442
13225 15621
57572 66345
15614 67727
17687 49814
28146 74493
18344 33376
18667 22327
5965 83670
60517 68592
21217 38191
18735 68256
48406 86286
44017 55622
70868 84787
2694 5661
44919 56723
28975 68210
62 53987
35900 36580
12673 33785
39823 94747
69351 73708
62658 87108
62854 75502
42467 43140
63152 83211
55960 70469
18827 50331
14650 64763
1364 60481
18570 66585
7479 71962
30772 31826
44117 89309
74427 75632
6543 32681
18440 61793
1137 64797
30745 37096
28169 82700
40617 53156
53039 65123
9515 27604
59966 71455
31868 59853
2015 61673
31145 55437
9538 65275
53294 78209
21515 85813
24411 33478
6755 77242
39551 68332
43733 55416
10063 16452
51972 60216
47563 94488
31952 90680
44978 47638
25017 72723
8545 62559
5802 65769
26388 94334
3621 80697
25728 89451
10295 83619
43646 85874
51183 81272
26626 42488
3777 88868
60516 74885
14383 85615
1695 93736
11004 40829
24203 28717
33924 40036
43925 54090
771 39414
5475 36899
42473 75481
11936 19142
38199 82078
31234 87759
12346 56747
46171 85593
11413 49247
24483 50492
35590 89624
62451 85827
72826 92113
12737 58676
28865 38084
53969 57778
6596 12688
36247 66141
17569 65940
33391 38458
17585 28058
18390 26741
9864 12678
9837 25731
50536 68400
22883 43197
6696 7267
13934 56051
34917 82477
1716 28132
56650 65847
79466 82032
49725 85189
23369 78115
75648 85093
17566 90548
43578 56104
35059 88246
19567 84983
42793 82814
60634 91711
54404 75145
40129 94202
53545 92156
4998 60836
35366 56582
3035 78826
15988 25845
3905 65572
36054 77280
47598 78820
74014 78520
29682 45087
40556 92254
43305 57689
79288 87757
31626 54049
57404 69028
19161 48807
2867 26355
60706 71269
9900 45361
16088 88313
67977 70830
23226 91280
63530 66283
16369 63998
14490 28277
8681 67819
31018 31952
16533 60981
14880 17184
59682 90810
35446 49375
23209 36727
28840 47487
13519 23116
33385 62626
22264 58166
24091 45843
2929 52145
54167 63310
26127 51878
31829 45971
58242 81526
13236 80285
64403 75875
25880 34206
71531 84460
6575 53531
14598 90294
16095 63587
52520 89093
62276 62741
41662 90756
2691 7040
8914 17061
39593 82711
2198 84987
49624 87518
61543 66325
40203 89598
21564 78740
11360 46427
6191 89837
47120 86269
41794 61409
9499 10754
83432 87615
2894 93439
80189 81297
1560 12332
4988 41234
34152 62432
53076 89475
14378 65850
26393 54492
11731 78043
23601 26124
13347 42854
77042 90493
14171 74838
18633 82565
33960 94547
58447 60931
12967 48054
30742 62762
13705 22451
47048 85363
49139 77077
54600 67416
55293 78992
63862 84482
2021 49741
33247 94787
43545 79197
51284 90550
53009 71083
48167 64589
69680 76864
18242 23108
49165 64847
42465 78818
31098 68028
53687 81607
38075 57379
58589 76444
189 91343
6261 58855
54100 87093
19282 80320
12930 83798
38422 75874
12621 56431
74228 89743
1266 92903
48074 57000
3717 41736
21207 61661
38296 88982
41703 42223
28617 55457
49695 73208
65180 71161
2407 67846
19386 65952
52289 94407
3312 49053
17510 93405
72679 94962
37180 84894
17846 32534
77226 85516
12210 25415
58217 83116
25371 84688
36675 45884
40257 74080
14005 33650
11483 59806
10063 86099
14570 57988
35809 52538
44991 78894
4203 50496
57288 66672
80667 91127
20388 46400
20754 45935
23853 36697
51520 89216
9496 52322
25778 64686
20694 48769
37972 93038
24964 58839
33036 57517
66216 82778
47558 54093
61090 93262
16657 28642
67497 89689
63802 71696
39779 40237
2718 23455
22999 64736
7856 93923
34720 46746
40399 59369
17769 89485
66497 72535
30796 40241
6301 77667
26346 74743
21538 68475
8779 43773
81928 85559
22045 64625
69223 92448
17124 81692
31008 43929
46724 57115
51788 70318
20089 30191
75732 76574
21633 64660
1344 53102
68248 68642
19663 82377
33070 74017
69495 87684
46683 63053
34206 77625
31421 59137
24460 41762
34137 34431
31791 52480
53030 68717
1967 4385
29169 30389
31870 54549
21294 54255
21928 59781
7803 72559
43071 66906
57775 76821
5449 41952
8377 34731
26393 47995
3428 79631
22836 59918
17410 46094
16450 44099
5247 61411
28154 88007
42720 54634
53170 56748
66975 76172
24411 26563
32903 55974
70024 83745
585 55425
45065 47858
39405 50023
73682 75851
30692 43493
1757 17718
33142 55582
11574 45326
23043 39168
27218 38015
53388 91867
37809 88149
28051 59145
15486 80269
77522 93401
44108 66894
16648 65010
48965 90900
41563 42104
40855 44804
80272 89244
54620 88732
39484 89249
53282 81311
74430 82907
37849 88692
27406 39339
47015 93771
43896 62300
1704 46590
54945 90578
13048 63793
29328 37587
26385 62758
30077 84915
50780 91727
10367 74701
3244 20729
4699 23198
54167 66783
69017 89408
37627 70390
45424 58904
28813 50051
37491 64972
20935 43316
46132 46576
6045 66429
42317 69796
6521 46356
50454 56554
4496 92089
26097 37174
15017 16058
24259 29636
22911 87343
29479 35695
40006 75654
29932 64467
24368 85072
48183 58592
14030 81935
2734 49884
22864 25055
11520 48299
22144 30355
52518 92063
14376 31758
6398 45612
31774 49413
27004 30012
13433 85925
3820 3994
40701 88776
35191 94135
70558 94312
50218 60261
47130 69790
42429 63313
11835 80931
2106 30935
5618 77007
14018 34225
52101 72987
22048 63961
14670 30487
63605 91555
54678 89448
12447 21391
6700 44807
12062 31542
3830 53107
22314 83231
42387 70876
37513 49546
4208 23387
21418 93358
55923 69430
38592 71363
53731 79438
38960 73610
68932 79988
20239 61213
37577 38734
39371 72175
2767 60524
11688 77977
7004 12199
20035 85105
73826 88105
49393 61930
57747 62181
12000 51446
7424 85495
29815 66755
7761 29274
36716 53652
5509 78750
18752 70000
61693 92877
54275 81858
11082 90837
5791 6012
6506 36308
304 90722
34775 41674
8003 74927
4213 8113
59479 69111
50653 92090
81818 92331
20422 33172
903 75266
62272 91461
55449 92969
19596 80403
440 21592
43749 78961
68754 69565
13693 50561
9567 13737
38267 59995
4000 36502
37058 67228
11818 89887
17375 40932
13861 65315
48164 83163
2641 84192
71668 88498
72430 74645
17500 28654
8071 79909
11790 15845
30578 76908
9599 77302
706 52363
2314 67190
17849 48716
61147 94139
51019 84492
33900 90850
9261 65892
45646 75101
17048 70522
42308 57464
34640 70353
78442 86937
2815 75827
6268 87893
24202 56360
17904 50883
86086 94704
35062 67898
65989 66658
39233 88319
24580 57167
40181 51771
33338 78172
19981 52707
46456 47697
25321 89723
26547 51115
18514 84232
4034 71915
3477 79096
72472 85378
20427 80129
46218 72854
35774 54778
11492 86667
17171 47884
24405 50861
56271 63230
4549 85099
8798 25548
12385 23664
37958 58528
18494 80201
31802 46283
74937 92370
34640 59714
9577 10688
44940 88961
20511 52914
32833 90071
10302 76925
38500 70304
44865 77728
13949 77427
26071 44942
11492 45211
12650 13784
2539 93152
44973 47216
29210 32234
30067 81104
6486 70502
42743 47417
1815 33661
18742 23019
3520 68770
61064 68739
13776 35090
19252 57210
4111 34601
40350 88010
46541 94145
31762 39945
64706 90819
18290 61053
1417 44783
30386 60992
32103 81746
45331 49536
50892 64573
1336 22161
80353 81692
19019 49573
20196 65796
20416 40523
87079 90484
85129 88934
73083 90551
11401 71274
7365 32439
76801 84114
53122 54583
86728 86966
15447 50976
27040 81408
14809 61371
48731 87211
14310 25632
78218 79012
15608 47948
7687 73540
13345 85658
2986 91157
45067 71195
29656 31187
36969 49099
64253 66667
18510 47598
9519 81274
24442 46062
17693 51557
42248 46412
31204 67900
4210 71117
27387 90636
51295 52003
4926 7187
21063 77759
53713 69397
23661 24988
29296 86865
5435 19206
7833 35608
776 5584
46662 52804
41323 73216
31097 86428
8666 61909
83259 83701
17104 72469
46046 52383
15985 77693
76321 89994
57785 63296
52388 81567
52660 70638
41448 63776
10256 12001
17780 38341
85607 93554
15495 41020
37071 80975
13976 26688
1033 34711
49951 88016
28696 29597
21299 28781
22411 58974
19261 65852
17158 39199
7612 34122
57571 94672
8507 57719
40239 53312
32697 58185
20054 29697
34195 91203
68979 78150
18216 75762
3498 90904
8395 91784
45688 50609
41962 86138
23734 77276
35853 69380
46088 54162
3211 94446
20602 23510
32662 33594
76417 84867
49772 55924
10448 73031
36796 58939
43295 62726
14500 19386
30285 84646
7662 38844
35345 79783
47743 81572
23310 73265
58893 58927
76336 94637
20502 68282
14549 26067
11008 47343
75117 90425
69680 74339
27608 49238
11388 38270
67206 78013
77645 80143
37129 46577
19909 87546
37850 69857
1284 82081
57583 64019
6912 28026
44173 81098
18089 19452
7894 81570
23903 28537
38064 63049
35495 50081
40323 90041
68837 69425
11607 76716
43185 56009
18834 88823
15909 58973
1111 77950
14444 54551
51791 57786
10663 77561
4918 73491
87176 88091
25294 49562
25409 79891
36731 69034
52053 67865
39299 72185
92147 93853
13161 41750
21779 50189
62219 63077
26554 32351
65897 74003
31538 35369
83285 89937
71344 92006
23042 36088
57285 61833
64161 71569
63802 93113
17284 90061
51303 72759
3932 70787
3143 30213
23136 63172
21584 55490
32683 71795
47345 88592
28440 78385
76871 78885
39316 90595
16632 93486
8490 17151
25666 78749
15962 92249
39696 73709
39566 46081
45880 86926
8650 35033
25674 54983
31581 76415
2818 89373
53144 92490
32979 83919
59455 63206
41854 64097
71200 73367
43729 56646
52028 81888
23458 90745
62928 90207
54352 85744
56755 61881
66422 71455
29467 70991
725 35222
31007 36354
9437 39585
21207 30797
16775 51869
14495 18039
2777 55680
4716 10902
23815 56921
31588 43574
77678 84671
26575 60922
71522 87810
42303 76078
14216 83290
9719 56192
18477 29519
7174 12714
25735 85855
9437 15500
4528 19012
20812 32154
24322 92171
30479 42434
42646 57981
9698 69113
56706 72299
2688 16493
47783 66451
38575 51076
33961 41994
2315 10102
41855 45987
18333 67252
19095 75157
36117 57253
12369 79392
45119 56965
11704 50436
12159 38529
34064 87981
35617 60365
59070 86840
82333 89729
15511 32409
35704 57892
32265 33305
21859 41052
79679 82502
4896 9543
66804 71477
41740 57980
5033 86326
20650 79473
18625 57460
56942 91436
63655 71436
57095 72489
17202 93755
78355 91059
46068 65781
72018 94918
37894 77879
26277 69346
17355 48142
36270 53903
14361 93149
38744 56931
30215 58225
1545 35307
59422 76250
29416 82282
23908 30186
84292 92086
76225 81284
74943 82815
846 54181
28283 32708
76646 87772
61195 78163
16550 50608
32461 46517
11990 12403
46420 58187
46262 87380
245 72187
22162 49766
27744 29480
84506 87777
12215 57221
81498 89829
70011 93327
78342 94148
31263 80095
80501 91186
72805 78752
19773 63729
25103 37958
23654 37728
14835 45812
20593 68956
49675 61094
26376 43597
67046 71126
47856 69109
51636 81701
17917 56790
15100 42085
12538 78894
11958 32611
53100 88614
10918 73409
13678 57400
50219 94631
1256 92742
13343 71728
28415 38139
57404 60756
48874 73743
13934 37193
4701 81965
25934 73715
24872 41088
34955 84155
19468 41887
5438 27719
53715 60503
86844 91288
68340 75625
5906 16588
2437 49499
26981 37265
25689 94040
14885 82850
1231 38361
40668 61683
19307 53433
51707 91787
26730 87467
43184 84577
13713 85921
67914 73548
63478 89097
40508 54799
13017 71881
49564 71655
61727 80473
23350 31434
13356 48667
4909 50950
37633 40153
53867 91361
44857 89747
4264 12038
67444 76885
55707 66441
24989 39298
3291 63891
6910 79177
74973 87514
40252 43399
55541 86500
8695 9165
31297 94104
23450 76448
42980 61623
37514 88852
9136 87582
32769 45819
19755 86389
7980 94480
19430 42130
22536 46133
38166 89792
4184 89549
4161 12156
10264 46043
24368 40613
11204 41120
55263 80606
4043 45573
66288 87954
15119 86931
8871 58683
53897 55499
43582 86514
53418 62299
37849 92402
61465 67687
32318 80459
20529 72944
73452 89222
14788 18213
12669 66177
12398 59157
70769 93996
35279 80374
66348 77398
9648 73035
57459 89494
23161 36069
19664 78622
33607 92923
20200 65919
45846 53509
15238 64204
4129 93548
52669 57477
576 83858
12270 19655
10400 27502
38762 77923
5070 66144
81013 85222
56599 76800
1588 13660
19677 31954
46138 61501
8334 45558
11037 60727
33201 42814
38814 75513
19461 65682
24958 78731
41579 85194
54327 92967
5042 28406
1851 81972
27073 46781
5293 18593
20707 89444
33781 59147
6948 39732
3104 22454
2719 76794
40360 74160
8507 34914
25009 70747
51749 86227
19761 80973
14644 25512
11033 79019
28680 80544
49933 90673
59546 67682
15893 82302
36373 41109
84626 94257
3168 63383
4439 46023
24022 73719
10878 48633
4482 74743
5383 56410
29934 90252
22400 33620
9257 65509
4059 32633
85685 92841
27581 55730
35408 44984
55471 79413
74760 93593
38840 74943
14007 40084
3745 24883
22263 26700
19647 49007
46741 79447
53171 53792
513 12799
30597 75748
74619 78531
6467 80589
17977 63704
38486 43410
27507 55989
5788 39671
13662 32434
10916 88048
56971 79089
13853 79709
17638 85463
36971 87722
7740 45712
16766 45341
56896 64811
62679 66965
3291 94411
61638 85108
12934 51606
7321 45438
45419 89313
3149 82175
56845 90079
51933 53365
5241 73908
40850 58642
27595 30673
11940 37486
28190 93924
12632 64904
8788 51456
31683 93836
11976 52730
38113 85225
52603 71952
69904 84152
25845 57573
62124 74866
37768 93103
646 40937
27104 48836
52619 57988
60456 62371
3646 72232
21588 59385
57246 73042
61199 81940
8090 37910
10870 66818
50569 62168
54220 72000
26583 29550
22512 70095
62194 71330
4468 35812
18031 86222
51699 87290
513 53972
49976 72915
6126 80762
21346 49042
6532 91917
10867 77423
35719 58501
5251 79077
42525 84324
8784 20703
13617 28504
45636 57577
67342 69950
14012 90288
6822 18315
16153 81497
34118 93420
8381 40048
56795 94451
47791 61509
16318 79091
7835 31622
83075 84327
60748 74501
31230 78151
16597 36045
4832 25143
43633 48847
34010 72957
11006 58058
44023 68931
71367 83812
37493 73799
23705 64709
42914 67302
28404 33786
25223 81444
13113 42259
59990 86453
2581 89964
32713 74982
27131 62992
6433 20568
7442 14550
11983 77321
58092 75698
76423 77721
79930 84370
79128 92157
84508 91592
7177 27352
18747 93734
27498 83877
7991 20655
2975 51400
26912 31675
27677 85505
8616 23616
48626 60919
47226 91073
6815 26394
2535 24860
21532 21672
13737 60515
55612 82851
11784 66932
61444 87930
52179 74730
57288 77537
41450 57945
66072 84188
6185 31179
80049 84623
1876 33287
55581 87434
65008 89027
11090 53176
75302 76779
9530 17401
44551 78124
58022 90687
3092 63937
26224 81918
26453 43570
58887 75076
8753 45837
51239 69377
29928 42112
69275 90179
73392 94249
59540 83751
41187 66438
26116 77472
63348 83199
25628 77634
4009 92733
16384 92739
5009 79795
39132 79686
83655 90187
150 44151
5375 84160
4961 37491
3327 52326
36452 71379
20150 88568
37703 75283
64264 79182
60109 71071
26719 70978
1896 20892
35584 60594
35404 80507
7008 69120
43027 59188
11646 34583
59217 94821
16298 30637
36384 92731
1854 80332
60364 64909
380 50279
56549 89291
2237 66007
92657 93525
6300 7945
39522 82686
63980 73249
35982 83187
1987 53901
3607 34149
8173 36392
32737 45634
47113 83846
15650 90910
3358 7342
12251 93490
16647 78857
10568 23107
3898 45517
45900 68716
65074 80170
29813 64036
34620 43989
28955 64327
78198 78218
35393 36069
59735 86732
5869 22973
32198 72363
14436 68294
3190 16696
7172 82870
20112 35983
58192 61153
16351 70181
56310 79156
64970 86798
18754 80836
45081 67288
17035 44803
51388 55567
134 23436
23937 88986
4460 50745
4363 41144
16908 76349
26781 78113
54218 82787
64946 84696
72748 91352
46516 62601
21799 87933
21019 59762
55791 66897
601 1001
17140 49193
17846 40082
39996 62060
56238 93865
29248 54609
22678 41846
22809 84676
2226 13120
57711 61892
20608 41505
67177 92102
59890 78808
60229 81596
5348 22339
449 39859
52636 71487
68721 76281
33035 61372
38077 64563
40401 82923
12388 31697
19796 53294
22288 76317
3864 50790
43860 76144
56 14733
2659 9542
33897 60217
24010 73025
29107 68777
2581 59599
25151 86658
1858 15234
2363 72788
197 7850
43141 83144
14714 91859
41230 90928
11451 27515
68584 75292
1991 60291
12183 44578
8261 17093
28545 39823
20466 80369
45488 64120
6428 20626
23959 49357
24166 51817
18332 70660
21529 89125
12789 39949
4349 10864
25116 49250
25412 78819
25437 91433
20315 42664
20926 43990
87759 92980
31110 91886
49177 71988
47742 86343
11052 27097
23268 90704
17900 52648
5751 42928
15906 76585
18033 64656
82934 85901
50421 76934
56443 61957
5605 21638
21285 64483
10830 18327
15657 81924
18202 41506
20959 65119
16521 35671
44018 84571
43795 59512
7880 46189
60405 86113
67771 92247
12443 28236
34043 51981
7692 94425
13489 23103
17326 93553
83661 89759
37843 90633
15284 66731
4533 48698
7607 57861
67190 86611
55285 84792
8921 44377
39247 62092
11224 36118
7573 15478
14272 53949
16020 42666
18516 64349
6778 91841
55223 56301
12693 90914
5333 63793
34697 88494
4096 71623
14698 36451
35390 57147
5800 86693
60092 79253
1555 4769
82406 94944
54968 65709
57802 80597
52074 67593
21839 84356
12770 16899
4539 15268
38100 92999
3728 89472
10303 65479
29389 47033
15186 71683
21399 51726
15219 20939
49892 79458
11644 72291
22913 23843
18544 91563
68829 94363
20603 63725
18887 27226
9216 31455
22711 78442
72447 93370
4513 86175
7800 43134
19855 29284
1787 32030
66208 77711
37069 67021
25103 41539
35453 94945
5330 45605
6365 71209
29167 76618
6863 70043
43116 70309
7731 26659
11797 30211
4368 13674
38472 52326
60128 64238
78315 93416
56818 57758
9800 51265
368 29529
13212 27622
58182 64531
2478 78667
72807 87500
24752 85161
61778 84517
22296 67807
73715 90644
84465 87722
62673 79389
11834 36621
1404 7935
19257 58928
37399 58842
13261 72362
11070 46040
33237 58378
10157 47527
12273 59836
46272 56388
60 10593
2807 92318
46324 46937
46857 81748
41405 57897
34148 42943
43581 77955
28370 60674
58511 74806
6017 89711
57430 85426
30409 68775
31911 72163
320 87873
42446 61745
2858 53165
129 4632
8238 55526
19132 40881
3153 69953
37066 58208
71663 82925
22369 33302
24545 58551
32647 71916
21326 59627
34278 79135
31000 75999
25060 42331
52651 65997
57708 61171
56264 60623
45320 57423
20263 78589
41548 90634
56238 86853
65705 75394
50385 57198
60554 74076
70615 86957
39322 73942
4152 36276
12316 21107
70773 88866
8063 29947
7605 36473
10941 87694
25220 68668
7221 29126
22026 25024
63296 92368
54055 65713
54722 75614
6717 45167
9202 75506
76205 85042
29495 63543
1202 27226
18958 50286
60739 70847
6260 74195
5141 40042
12812 91927
58217 84476
53978 66750
23807 72526
27627 67491
21676 60465
70816 84941
37587 37979
30207 55766
30980 89466
57420 73941
22932 58496
64298 77709
28177 30878
25591 59885
1506 92219
27132 87098
37315 75975
15846 30243
8773 82950
24069 27297
3016 63616
2199 39697
58708 66326
1590 48840
42697 68693
32826 92883
22524 91121
30632 46982
26511 78754
46679 53296
58329 86244
47115 93016
4232 14544
57868 66545
53523 73911
21599 61646
6924 40974
27227 55463
70305 89322
38104 54568
12910 59566
76405 77140
31313 71349
45237 81286
8293 40389
73658 83076
35386 87032
33733 62935
42173 78169
49231 90627
74113 77219
26043 29574
34589 37236
42355 54583
40098 48123
2815 20995
15078 47193
25135 93369
63525 94187
65421 90335
1579 11410
59654 93728
25319 35649
58908 78740
15867 60625
3517 10424
2160 60253
3291 4727
6287 82338
1526 39359
38596 82511
73543 92726
61524 69293
25624 73861
57126 75805
35370 84845
30459 70063
16588 19866
42827 88537
19573 74357
20930 38348
31319 83664
41884 44258
12490 87591
71587 72228
46805 80111
33175 61487
4614 21733
17585 17649
38326 82726
7578 76864
16753 85678
8152 14778
31016 44253
9594 52516
3750 92017
2916 93494
9479 71413
86944 89691
43338 60074
74144 82138
36251 40406
13444 32496
25003 51576
73644 79598
57163 87339
24823 75566
534 38615
78073 87364
61715 75822
9472 72050
35553 75591
22030 87205
80236 93104
37964 56862
15358 92660
51972 88005
58308 67184
9389 47675
39232 40631
13829 71610
55010 56152
78347 91801
8687 56268
26795 89038
38291 51298
16021 32016
80671 85149
22551 91918
5844 83847
47139 74094
37040 89826
44830 45270
66514 85251
611 84614
11499 18200
40004 84585
8391 40532
16468 77957
6442 87542
4614 89411
6758 45848
36588 39259
88571 93991
36265 45366
22401 63494
13759 86727
38661 52120
33680 51573
56609 68061
68163 76002
6047 63963
31707 60494
26588 89765
82514 85826
13979 40400
57984 72115
64247 90005
15978 52034
17957 66048
16130 55633
42437 86738
59452 85540
27888 37235
7621 26283
85199 89577
70712 82119
28093 68188
37319 60043
22399 27126
12 50726
34540 45302
63871 85368
18168 29972
26997 43317
21017 86700
46555 93375
81132 82288
20778 44385
49463 87969
29922 56284
20989 43181
56350 83738
54742 70909
438 57835
42011 75998
20647 32849
3418 56689
5751 64705
85825 94687
4891 50712
5841 38241
35623 68151
75260 82138
61474 89505
12473 59055
78806 87512
44869 50831
91099 92681
10694 34644
21839 72071
57091 81686
58753 60248
43774 81924
30634 43049
43241 48024
7215 41044
8560 40224
24042 93372
25770 47789
16915 59008
10279 43832
927 74543
10813 39002
2 3959
5898 71235
41208 47574
2682 91683
994 43904
61576 76420
13807 60451
6544 35286
31496 81847
40749 72170
53222 59698
73973 93961
49006 58612
20750 84790
32339 69082
25936 79796
91179 93345
18352 53983
38129 44435
22090 57276
40400 55679
73274 88225
35197 52291
26108 41720
54711 84856
630 78240
27354 49771
585 19772
22922 76021
62223 63522
34889 50142
11332 28648
44868 72289
1631 4369
14225 37872
1401 34004
11578 76507
47526 52914
33543 33985
55368 56059
1935 75140
61799 66303
31099 56728
18437 20166
37338 81123
77508 81904
36130 38281
4777 62793
33483 49154
4861 46226
71525 71765
6627 19114
145 38388
32421 33235
35179 76937
11501 88239
8064 33357
44168 51931
23930 73960
39992 47347
8178 57291
18939 46783
718 16883
48807 71526
1863 53240
31851 75618
29376 86678
55995 59954
56959 94193
56751 64733
21697 40267
25175 69896
40980 58805
9585 64290
17721 23085
26148 51583
12246 80111
46796 81918
65791 82207
62637 79937
25851 36745
82376 88244
55195 84753
34130 90443
4109 39016
31199 73547
24273 77140
15126 61458
34465 82099
12925 93377
13208 37100
53755 74878
50164 59890
69173 70222
17163 66469
413 6683
29887 65238
52744 85167
7222 80800
5219 37125
4486 63883
22178 26410
44062 49013
64756 81809
18745 53082
40998 85610
42341 46234
61074 62897
70211 79868
32693 69133
26457 36063
71584 87254
7755 77427
32329 87614
40785 53494
42403 88725
29890 44478
11468 45775
51565 79189
33868 70475
7934 39049
48046 71214
1936 84788
6590 68843
4083 50275
8605 85763
55880 83192
16601 37770
69863 93461
22565 62848
10642 86336
13160 18221
35872 91733
21912 50120
56195 77444
45361 62577
24311 42177
30245 75978
9200 65909
32236 82339
34520 54354
3882 21282
58822 62978
69295 90731
16705 87546
39627 45526
76978 77147
22876 48456
84719 88936
68445 84543
12269 37312
67706 82252
16307 23643
18510 88228
49056 61007
44326 77388
40422 79373
58023 64750
8911 10333
83919 90913
47078 76800
27453 91031
25557 82842
55893 69089
7947 74724
36116 44727
63158 69848
276 6716
19350 87671
25318 44605
32799 85131
52349 82618
18169 46485
42261 94177
40867 70997
73082 75843
24195 76959
80257 88480
43350 53234
19907 45358
46733 86553
73831 83874
32398 74624
12675 22148
15460 59699
7723 27228
76983 83049
2336 2518
38001 61411
18039 61075
35597 78981
44393 86489
61352 63172
55151 61862
13197 42785
13003 58450
455 33782
27405 87079
13438 33576
46575 60123
33494 78809
24996 64608
135 77919
53703 58196
68905 89566
11324 23857
67087 73637
44147 67492
29375 56302
73830 91434
57259 81199
50277 88142
15527 78117
10316 91730
58730 77108
46366 60625
16925 90168
39831 60759
41363 44470
36214 36694
45995 65643
70865 91748
20280 85460
54121 59010
3049 6828
42410 50719
32111 46804
42514 89451
5999 92499
32891 91506
1605 64554
60506 88290
61494 63729
19525 34869
11408 82725
30423 42968
37614 86886
9953 55819
31109 72449
17232 61628
16723 45292
24940 65077
53434 76043
15288 15290
769 42146
29191 34763
5204 6185
24854 90188
33975 77574
15948 53131
10747 47444
22758 57109
29661 46975
59520 78214
56521 63005
10559 19127
17912 22626
39757 83082
26617 28269
36615 43862
23640 54709
30992 84967
24822 74834
4424 11658
49049 68205
4948 37445
52009 77443
19916 58908
63689 74783
23002 29094
23869 72938
31067 66022
63894 93964
4908 34028
24435 39523
63530 88476
20053 61672
1131 9907
53506 61946
62031 94227
2916 5128
23050 67716
34874 91235
39262 71256
39548 54492
6562 40569
66388 70627
14088 59939
3192 89966
2180 5977
53924 86341
19820 56993
80319 86742
11607 70462
9265 83070
5545 11440
61044 78614
40560 84713
35406 54374
38758 58354
59067 73460
31205 44325
33124 66366
59636 63494
2606 55391
27108 64891
43388 69899
54439 88806
27607 31341
64943 68593
48660 91488
1825 48553
37580 80042
23054 77802
31248 54373
27366 49214
12333 64022
23979 36913
17854 88534
19187 48968
27209 88019
33623 67873
51976 63172
2561 73039
46078 79841
6679 61418
44817 60985
79912 89307
59044 69280
41859 92472
34274 82992
13495 19015
11930 66879
60191 78043
22881 53394
22069 89866
14720 86900
52121 91757
55547 67893
44975 53479
6563 91184
63503 86594
18002 63056
65284 89392
49640 50470
16772 53496
62836 74497
36594 67088
13537 34698
89312 92620
64354 66343
34495 60693
37686 77017
53566 65920
22067 56822
1906 26034
305 44519
29534 51095
10236 94944
11974 73878
65066 71278
2489 70784
44818 58360
11362 76814
88973 94920
10052 28680
12514 46112
92737 92819
43349 75877
49485 63193
14424 69436
60501 86556
12743 93467
37295 68508
19421 45862
38965 40047
17483 24780
42805 52055
12558 85355
28843 94804
5010 73949
65047 85344
49215 66482
18486 76295
53057 70473
78480 91998
41408 41409
23403 64821
8195 50130
13690 37263
79571 86058
61126 80116
8097 55809
8349 59300
30903 60007
2256 23731
9381 15595
49791 53742
84943 84964
16906 64289
9604 16758
50213 84340
10194 70581
6225 30494
36565 89648
32801 47765
13298 42037
8029 16755
3034 91219
11196 13547
57277 67642
45099 71391
51843 75682
8919 92786
49856 67323
1762 86122
16094 49006
17547 32758
41781 47699
24906 29660
37089 39258
39586 40537
15594 85123
16461 73280
38475 78913
71668 80818
42556 70431
16431 83616
74404 94221
44300 60401
30613 88368
34907 76986
13608 49657
39676 80607
22451 30301
18885 44005
25578 26742
48999 80172
15750 51387
4633 10132
1694 23569
59463 88608
48596 59806
33873 59409
17591 82952
38850 49203
10773 28311
30571 49419
21199 34800
39985 83309
36049 63031
90784 94313
25514 30376
26706 82222
10572 61957
38089 83006
8084 15482
18829 94690
93043 94759
43504 61902
10930 78466
71938 81692
43812 82342
1158 80758
60970 73986
60005 64732
31707 57363
38551 92073
10327 78253
15159 28597
38573 68875
8475 53666
2279 73940
40443 59591
20533 46993
45673 63493
22735 28275
72702 88135
14804 79958
4208 22080
14068 82885
36716 76442
38329 90337
72131 85063
61579 94222
23818 72864
1999 3646
24773 27939
1138 26289
9850 68557
40977 69858
32059 61410
65040 71686
47936 79524
15884 22705
28535 87665
44803 93267
13298 44939
30414 83454
51267 72148
6550 94953
12047 55112
4292 10398
5557 88249
29304 85443
58145 72661
29978 51522
48268 75201
3843 8865
58114 68334
436 59754
2489 27476
4832 83380
44596 87652
64244 88757
42371 63723
41303 70604
11893 34138
36498 72271
55616 64505
27529 66745
19957 83451
21182 36814
7701 56159
55790 87481
16424 80293
59190 84675
10315 66494
34538 67242
37518 91707
22955 45602
5761 7500
6818 7808
37228 88439
39563 68447
8315 59642
36532 53487
16733 49860
10720 18036
30954 59528
7328 51992
33584 67980
51343 65495
15689 71629
3115 82921
13101 51620
24929 41448
2520 49783
10292 35847
17683 79165
4576 26714
30633 48614
16217 70303
11312 57979
43620 64993
4638 18073
22247 83862
33872 47569
22405 76471
58882 66733
2171 5133
8429 48441
11991 84092
44365 71201
5886 6017
59370 90448
80124 87536
9273 35663
22648 82217
3381 78008
39113 70428
1330 94875
6760 10383
36871 89470
20211 82221
61928 71228
24368 87617
1132 13252
34693 69224
41976 77536
40846 49104
3020 15235
38589 52162
55432 82585
13252 57780
68476 81188
4103 69460
12292 41907
43600 86361
50017 62697
14568 72038
38358 40955
24994 47481
57142 60355
62264 83715
17140 91275
35771 68540
7285 24091
24730 68834
45570 45714
53241 85031
48310 88117
14777 70864
41680 59391
23707 85279
17558 39470
34450 89071
21188 58006
7132 59893
37715 75791
51701 58389
57170 83518
56403 69528
46317 94479
24821 82602
41046 65308
43738 57840
50641 91865
3799 18664
1705 31427
27880 84606
44338 93467
37655 83987
12506 32186
64622 87882
24780 50986
161 16706
22365 88123
2864 39027
51292 89600
14934 69765
18153 56704
67383 86505
11525 33011
53651 70488
6927 54076
40766 46359
61790 87863
32001 74265
63282 88427
29238 70069
19680 77969
58395 90376
43945 52648
23563 61067
10467 88971
63603 75424
8635 57601
12501 58046
48154 64140
17383 65177
33973 68125
73667 80246
38040 51512
12418 61972
31278 78113
45828 66374
4351 69251
30578 31113
67362 78916
23111 90066
60661 62542
58909 86663
151 62549
17561 62161
52672 58541
27083 52944
17318 59437
46448 51328
22930 29901
72415 76114
24101 36084
55380 59001
83745 87868
70496 88306
21270 65584
53698 79238
69095 71284
2672 58715
62100 85641
86535 91436
49210 63285
18856 82216
24574 77381
74610 78633
18514 31711
5341 90030
56121 76948
45241 55466
12492 90551
19144 57486
79055 89166
39890 72648
24931 80332
60533 67868
45701 72839
71693 76451
31761 47166
23761 27213
9222 41695
71244 86864
9055 84992
73057 89992
62946 81566
25540 77736
9529 35070
9849 52965
73305 91641
85004 93032
10410 38244
11920 92494
7044 10260
17418 51880
28607 65110
70824 75048
18485 55847
20739 25362
74230 94847
9409 83840
37259 82669
15837 54554
23361 86540
4490 80823
28149 65564
19830 23987
24059 52594
63768 84752
60375 94689
18839 66660
4776 91820
18251 29950
4191 42715
37513 59082
7338 39137
23689 80907
88842 94054
39924 67866
12401 90933
272 45861
11041 11344
18700 20106
13504 83627
32585 86313
65219 89119
8629 43586
44736 45500
78419 85440
52855 93829
536 72221
31693 70230
69663 87957
46896 60982
30400 59949
47451 66071
63355 63909
1655 80724
49260 65133
25452 51034
37323 78592
17807 41384
57502 64041
38676 73778
68910 72362
5014 8315
19441 43480
53417 89975
73083 78013
52985 85252
3560 19340
17228 72652
3099 10410
8544 85409
10277 90299
43515 59365
50193 92455
4340 53510
5562 22003
47347 54081
14103 89019
20606 56033
24863 47733
7182 47646
39615 46683
8080 82362
13164 60354
51652 75777
673 64331
82187 91069
3656 86253
31755 71440
4852 42612
44450 85566
17972 67883
31395 37775
44354 92947
3371 31601
77619 90363
19005 48646
57289 70094
26762 68472
83937 84177
7335 31385
31966 34220
37374 52811
2965 9255
4492 7986
14102 70167
57112 93567
81863 94267
10491 42242
21024 64834
21992 65544
10864 45437
48361 57018
25963 44406
37795 77106
62776 90830
1886 72331
10513 22416
13597 66864
21942 22546
65 92242
49136 89655
25414 51689
68569 90714
22436 60498
37894 73265
4939 56654
3096 22433
3070 93275
27121 92480
13931 70047
13196 48863
19479 43959
44637 89191
7280 25435
20212 37162
7076 13277
16816 36490
2290 51384
4614 92814
13282 59246
41252 78060
18327 44142
18304 75277
36378 41444
30403 33263
13920 75999
47407 94312
60529 62679
35497 70989
73394 87681
34483 56769
30753 93872
2155 47783
14977 66069
13011 82621
20354 24616
16450 82001
6348 70045
35979 72012
14855 65370
39897 86068
699 31325
2999 40149
19035 37151
3838 13481
5583 27228
29764 40146
49602 72104
14086 51236
52361 68711
15922 69332
31905 77831
20560 73485
76856 88957
31091 57057
12286 71124
24178 87357
41133 57108
37640 60281
6544 42391
8388 74770
28198 29853
76009 90429
41905 88147
64052 89609
36121 62644
3700 70240
78797 79730
20769 37971
13258 56249
55293 85848
35125 59622
76530 76768
34303 37914
25313 64863
43348 52711
24148 25818
18275 62121
79199 92195
41750 81233
1826 53415
3188 61451
9822 56663
90126 93444
26487 88580
24863 76874
16029 86786
29229 77272
39615 40332
15897 44966
30926 59682
11820 73777
47484 55607
48283 81580
64513 66810
58605 73273
27899 58286
19141 41031
14240 78296
8190 42511
14491 25646
3637 16383
40000 94553
77033 93245
11136 12311
39923 74013
30134 91483
43344 45372
26767 70112
49901 90302
21659 26347
29891 54301
26014 60004
1888 21466
69387 90912
47631 91248
34631 57267
17595 63850
30951 86431
35068 85707
31247 77598
61225 87679
16993 82912
36776 53979
11662 53794
13295 92783
13999 45124
3108 90642
76564 84887
85189 86937
731 85158
31200 52586
49321 79065
34039 50257
23719 53530
12943 72384
11105 50724
5137 22100
73193 85102
60084 91113
13763 52413
20391 38928
18199 81588
17449 45339
32819 87463
62438 67110
70150 90815
436 19706
2482 92803
12458 46284
32028 68567
13613 31925
12436 75727
67044 81065
8895 85874
30823 61659
6892 79916
19124 89117
1804 91964
9404 81352
5672 32193
54746 57038
28548 77036
45611 65765
33873 57695
39756 86579
487 82993
12888 18101
4146 11899
29320 67433
30462 91071
26147 57116
72538 87281
32666 34554
25503 34508
24682 54934
63694 67278
3857 40472
35945 75510
71909 82330
17205 36792
11399 79814
31624 84135
26088 80167
8955 75483
38604 67906
153 11432
22385 88916
13986 25821
488 47618
30213 38665
1043 80239
41366 80275
11747 83286
2596 3129
1086 30710
27605 35233
38771 83917
39557 93704
56078 68320
86127 94328
22201 86268
11186 87967
13141 16227
61168 64007
40857 75350
8933 90482
21746 48329
9511 31027
7142 44563
64617 73544
42274 58021
13720 67784
12853 67534
3539 83005
29690 72136
40017 79107
79218 93468
10844 52709
7403 26974
42727 88376
30221 31249
10464 64090
11900 48995
54922 78191
50154 56769
66844 73338
22146 48869
41328 76545
13247 49630
55139 76506
33853 94004
60281 77838
26618 59388
15229 51115
46334 78884
38588 41469
24531 76292
85524 87527
21001 75013
33622 75906
38611 79323
59435 94798
30977 49678
25622 59427
25314 62716
1901 64695
2429 26369
6224 69962
64299 92579
8766 58890
51606 89607
35011 59957
15654 24921
12626 59698
3272 50613
60657 79619
59500 88640
38951 59746
50232 78418
33917 36383
67417 93487
73200 86287
40639 85444
6575 79255
25101 53794
55337 68365
74722 93580
8031 44273
56602 85617
259 34251
36295 65295
30512 77452
2479 8782
1542 4219
76908 93665
17479 39686
28770 67617
71553 79442
33569 63913
2481 16953
15442 72534
41334 53569
62005 74953
2063 39464
31201 93360
34235 48382
77026 86660
52714 94311
39111 55224
18966 47990
3214 63990
17811 70331
59069 63068
18408 51324
23831 49945
32691 55233
20130 53940
23013 24389
14726 91486
46759 64649
64191 71461
7647 79030
65051 85638
13141 34876
15036 49218
922 50445
39049 81308
32152 77777
18841 48673
4160 50325
53817 67490
52738 59867
54446 63847
20623 52007
9111 9165
72443 80761
34134 73772
57281 86054
3102 26703
28059 72275
4243 53635
33322 34366
23792 93196
23219 92347
88038 89848
8732 78875
23319 91553
49322 67018
6206 32521
495 16347
1496 59900
5697 7584
76271 92612
25418 68692
22293 62487
4875 60298
72664 78457
34496 78948
20052 65674
4237 84663
10914 92350
14890 25800
49454 56079
32502 84754
6129 35673
9161 32214
27422 65950
6978 12124
33399 88877
53102 75348
22446 38137
36510 59985
29 86277
19704 79625
45258 50257
27431 72729
61178 82009
18535 49958
24910 58479
3877 8409
41665 81573
8595 30470
67169 89238
24596 80556
4762 88285
41583 72016
27353 74540
36845 80275
34366 94143
23346 29637
64403 69416
12485 67222
81699 88462
84115 86639
38597 60487
15346 76533
73146 77315
33396 41997
3991 18564
48712 80186
24020 30013
16351 19703
67124 74212
7587 59753
42385 49895
13643 89027
16758 56164
7702 41826
16510 32768
46321 60137
9580 63951
30786 87258
28234 42707
1800 90549
25989 70122
58169 93620
67715 87711
8381 81704
17948 91769
67919 87719
81648 94202
4082 69245
5863 14060
20811 24299
33478 61605
22298 83475
25044 90435
21399 91626
15220 18001
49771 68720
1293 8758
71902 89822
20293 22677
53436 93963
28301 53717
2285 88989
37922 64430
26243 53792
10420 69380
39150 62454
65361 87568
42519 67789
68305 69250
14384 21952
17524 18710
21154 69431
15881 46898
28802 45989
21908 24270
37432 65327
33906 41196
46497 47688
19800 36776
23394 43189
60577 61980
38700 61427
13737 33526
592 51710
45078 71428
48269 83736
77216 80153
19595 25238
71630 92879
2199 39026
24935 37625
66196 88729
33509 84074
85339 86450
26631 48063
3356 17059
46597 80005
23207 34296
6943 91700
50589 83635
9268 90274
16975 24908
14139 54626
9019 42129
17283 59956
73932 77012
2188 89101
7141 81992
35295 84100
22895 76539
47992 51447
41819 68538
877 88677
41898 65417
52968 65589
27580 51538
33449 64318
15886 60693
8077 21434
45024 55861
29672 87450
22555 85892
30566 83477
31872 63484
39023 86074
47749 78731
41081 72144
2297 11982
48907 72927
7304 82790
64322 86787
71133 87856
1108 12712
7593 9940
35721 56321
48715 70689
32537 36298
39328 70254
10981 69964
31623 74794
45019 66162
40733 94638
6320 50266
21387 33197
72611 93121
36997 89018
25628 30308
34770 86671
2733 20759
4587 84955
35964 81727
27722 39194
2355 49887
29935 46229
44809 72697
2413 44212
58681 76146
12193 62459
15994 76617
23936 40807
82462 86785
59441 84540
11555 42079
18759 42524
146 48116
3653 49375
31603 50717
22454 27524
8265 16893
43170 56209
63538 83819
18487 19612
57449 88564
68981 93799
32535 61798
17696 69175
53922 62330
50922 60139
11101 22500
54728 64078
30623 87975
43044 71418
39652 62628
44472 83152
5286 45038
29135 91245
10307 81391
15118 49721
18319 22462
55260 91673
40242 86344
36564 44577
3872 65494
56938 86064
51344 53462
788 76351
17233 68309
18755 51845
18735 45945
11133 61366
1978 74090
27667 84109
20686 38023
87120 88218
45220 51497
2489 4305
16966 56468
25033 48427
30158 72617
26133 58878
52722 54061
41237 83323
17014 86792
58379 58591
974 43871
39902 71461
44300 54610
11013 66020
47747 73012
34282 94766
8239 48209
20319 44464
50438 59462
31947 50403
13955 31942
5050 74874
17552 76603
40894 82995
49332 80120
54465 92221
10959 92832
8435 31009
13992 73031
19158 23595
16805 55712
54513 85810
58628 94319
9422 67627
88721 92796
29305 74814
18127 35336
371 36543
83991 85220
14842 77088
33203 39812
2839 27547
81601 90595
19209 70423
20082 28502
61154 72893
9328 59991
4663 30442
20953 72471
74554 85198
51021 71037
46868 91875
35954 64118
28331 89300
53829 84602
4497 85234
56813 84233
11247 30595
49486 87951
14263 45971
25812 29726
43481 69497
20437 86496
18369 33962
18599 79017
34555 56885
59277 77862
65382 80206
30727 80645
4183 52021
9027 23733
71999 88010
182 81609
20006 78860
42919 75220
14465 43924
1050 24623
9844 53167
17034 79640
83168 93110
23604 36783
30808 40553
12455 58798
2955 38715
1955 39851
71265 73600
31247 32572
46255 68719
43239 52393
59598 93089
1460 67565
11938 85749
5366 40084
34743 36109
494 5301
20355 77943
83257 85724
77356 85770
4302 24343
39761 93535
1523 8041
84357 87753
10949 45996
27960 62404
74490 90858
78495 86892
21309 49027
58499 63876
81470 92920
49882 75908
62931 66428
45265 46714
16804 81892
62698 75234
8893 55045
29956 40126
39447 84465
7518 18622
5360 15390
31749 53742
53268 54755
43436 56545
62856 73546
28570 86431
41439 75528
15741 55863
40271 93781
13008 81482
9768 22271
57415 91528
28411 64909
22357 66834
15788 87492
32736 93690
13176 22509
39080 40375
65761 86901
373 60823
42277 47300
32494 50188
17119 26048
57633 93792
4 18002
40880 66245
44506 54660
23159 24861
24065 69569
9327 93525
26605 43287
6184 34844
14367 41320
1676 10670
36474 70309
27028 42145
36746 79245
46340 73992
90903 93716
47189 84935
61885 91438
46054 94717
8730 72325
47601 70534
24507 92587
16513 28088
11265 49468
1903 65132
71511 94787
16216 26478
40450 77527
9109 90610
51708 74265
24926 79479
4148 6665
34614 47572
7075 44994
19936 42582
31775 73699
41700 59352
26288 76345
16866 36710
49894 52446
37170 63111
16086 53795
16943 64289
39934 94461
14646 38524
7624 26731
45973 73383
55363 79011
19970 27767
36453 93067
22745 32883
789 1152
53366 69015
1067 31757
1952 22734
14601 20593
36286 91225
41802 56284
5316 26946
52974 65645
40859 57951
2028 86887
16976 71853
33326 75620
17038 56422
52006 78572
33636 38629
44610 44908
27198 70353
930 6392
57355 79149
57434 74974
30161 55832
35585 68625
27690 47553
15612 71515
10404 80631
25726 84054
32316 77849
39473 67110
80972 92945
40448 58833
59323 81380
33955 69623
37619 69929
59281 68472
48481 93179
43235 64270
2562 73000
9070 47553
28844 45138
15109 59432
3647 91415
24850 29377
6621 85009
43475 88649
34273 48437
4383 65252
21255 63139
69408 80237
22492 94689
4517 36371
32088 89849
76860 91649
40284 86876
5354 60780
15790 45131
54372 71823
3921 44538
27466 67075
12133 32807
2505 23617
63489 72715
331 41248
37321 49577
15077 27716
29979 58421
16011 94001
31109 43865
71223 85334
37833 60583
946 51585
13241 84815
43801 57745
63444 90020
378 23010
16240 81010
70964 88078
990 40482
4914 26352
40098 61150
13057 71319
5895 41838
53728 75572
33386 70927
19847 74515
53259 64601
35798 57101
22985 23332
39244 65357
15188 17337
32601 78557
6583 89582
27571 33518
37460 78702
33155 74382
14618 34743
8764 65937
21210 52155
38748 38990
52067 81528
39028 81149
38146 38325
18002 92086
20800 62011
45356 70276
13880 37881
29595 80412
3524 9589
17228 32951
15545 20950
75715 92084
15518 51114
9920 23764
31467 61009
8445 71658
65206 77107
13038 28181
45260 81249
807 40803
20524 47672
18396 79679
37148 66042
87563 89959
7133 7674
8522 14306
12443 26036
52308 93500
16920 46919
4789 12896
36475 70355
44211 65249
8281 31189
7691 69774
4634 35680
4892 59106
55286 72025
795 58054
31033 74954
16320 46537
5747 16382
26027 85546
14063 40688
42396 80859
35586 74312
8963 21064
11029 63924
38684 88725
42054 46381
4835 78795
3442 33271
23005 36928
63063 80452
11564 20105
22607 65744
60980 73836
52684 81346
28849 54942
15024 60197
28576 59517
53809 71117
22264 82776
23899 78238
9923 44629
12138 49739
40848 44270
79083 84063
50667 64468
19856 61548
20427 79018
12679 50146
1029 27315
31503 70046
80704 92996
25211 33463
72687 84330
54299 75110
15147 85821
5484 72111
12703 84031
68965 82705
6294 26938
62523 70960
20303 39670
23932 37363
49850 60313
16105 34095
12572 57864
40412 75670
28079 58324
48133 92549
10403 22678
51255 72945
37606 38245
51487 84407
20061 33128
521 31517
21671 82331
76170 79422
18995 78242
67304 79396
8733 18238
86274 92049
27223 60139
29630 78423
18135 76601
11096 75685
25869 42931
13781 60111
18520 94031
49342 84262
13477 18465
44285 50616
9862 92922
38515 91728
37303 57658
12004 81564
64812 92216
20182 94498
69388 84479
69272 85029
15279 20852
47250 62670
53625 77484
25120 80466
3405 75409
38326 82216
9594 78917
38782 77454
56896 85874
39120 47875
12483 86847
83449 89141
17849 31030
18083 52992
20549 64683
42698 54913
64682 84013
49903 56237
74303 76904
4963 45824
69788 80656
48153 70168
39918 73578
22195 28445
7915 89481
62897 80352
77140 89280
16254 93580
18738 62426
45225 79734
42077 75757
27610 67310
79355 89762
24057 43825
12592 72511
1194 19492
8354 51259
58940 78011
18844 32530
61613 65359
16502 81376
34917 75644
47105 90695
36418 91508
3958 19618
56548 87441
7830 21059
30068 34951
10756 36070
51306 59318
61347 80909
22548 51796
45444 80837
47333 76747
4565 59582
38860 94566
9424 41822
17946 63923
13233 39657
65192 83926
14707 31447
7470 66806
31035 73832
90675 91120
39894 42571
55996 77086
56313 82835
7861 75023
29883 33307
60577 62833
8597 25452
22563 83144
2642 31379
74876 76325
44764 61613
23942 86145
69336 93030
74053 79904
20730 45553
13543 91054
26404 45846
4073 17453
7922 58454
6387 72452
41230 52640
69539 89989
50395 93592
60441 79903
56448 77168
6050 53203
9342 61351
65459 82558
5904 77931
34130 87282
74886 88707
33792 84595
42704 86331
4501 47993
31944 35727
33945 52056
30600 45131
8747 75986
52777 82430
57101 81030
14918 28885
45698 54226
30897 45812
86956 88850
990 80114
78091 81046
45540 56058
10233 52855
9917 42482
2675 22303
39143 45441
5955 43372
33068 58658
39409 51549
71186 85403
14682 42704
74318 79165
38326 44866
27828 60621
25017 91941
31836 71642
25045 88644
2192 52972
3738 69380
37548 59878
5829 50484
5828 48128
8446 76292
58909 71197
29841 89311
35904 73121
38407 51541
57598 81784
880 73962
8930 91922
91224 93345
29106 34231
50005 86751
69348 88442
12065 49302
41389 49485
19292 67844
25297 40106
20942 84822
26801 42596
53010 73981
52860 72413
62752 89253
37128 40956
49134 79106
50639 59875
32533 93425
42245 45367
77944 82928
60801 74499
12886 15385
20058 52149
41715 68692
42800 44261
9412 91902
52111 89035
19617 47432
34330 47840
8039 33630
74712 94814
264 30555
40330 88097
24375 79048
1493 20702
60941 65668
6086 8296
5188 32941
9071 86621
44558 58512
17436 25930
27707 48289
44824 68369
43020 44100
12001 58491
14747 46231
35087 39015
15629 16036
35796 66375
5961 76593
8976 65280
5206 80992
63098 91412
30897 30939
9635 84386
33564 80416
7311 22507
23455 61016
6474 84028
37747 86981
24434 47522
10721 92898
31451 88668
18870 58246
4024 40064
19848 80024
9847 89966
33917 34387
18530 71561
24968 28229
3239 24679
23568 68123
69000 81914
15613 81826
52839 59443
25122 36484
14364 63822
57793 83582
59108 88560
39852 84907
13164 62565
4718 44754
24537 78507
50339 76043
18319 49061
33611 63792
19919 58875
23205 62272
6676 38521
28719 44069
50794 83174
10632 29975
12622 51676
66419 86523
2956 20939
62634 65984
10761 94246
7782 89969
52106 71395
10569 51167
38430 49827
37622 54350
48015 81938
19781 23045
44833 90828
11119 35537
74994 84055
8934 39089
21635 82971
20472 81118
39441 62726
25274 81382
35875 80643
61771 89920
25432 91299
9635 72502
11635 64836
18561 91846
78356 92298
91301 92119
34534 52782
66031 87764
73061 90799
58485 80696
23654 88459
9869 87703
20249 53440
66556 82701
24311 52251
467 71527
18634 60388
17800 84952
4142 45179
49277 78222
40199 94065
5207 14938
57944 86508
16762 59379
1316 37341
13777 78003
25697 76547
25290 41049
4992 16386
18763 41822
51677 60405
52998 88283
2322 36874
17142 68910
38963 52462
1501 35766
436 26343
52955 56382
57615 84216
16554 56926
38016 45318
5765 66682
51074 87677
22172 68953
29006 52091
21845 89439
38631 81457
44821 46719
14764 61007
41194 92207
25759 93081
22948 86288
3422 15467
40769 84324
21328 22769
74822 83629
18228 66307
35826 85242
36087 69064
41986 62284
2750 27346
32514 87392
75083 93962
4437 81307
20631 38211
37862 81606
5846 54236
58624 86325
46846 61368
13070 75351
39340 70583
56502 70417
17702 63118
55426 93088
61501 71605
27895 27928
58107 67354
33049 56571
15618 15800
15601 22004
40690 68311
29472 82046
53133 54755
13642 26834
12477 26072
59179 79658
30309 77583
35823 94719
61974 82668
28404 49029
6163 72609
19698 43341
69467 88787
7165 12392
7670 93912
25444 26930
31813 71363
8383 11137
24622 70698
61109 91741
2724 43630
21482 33557
27692 82064
55099 55114
9590 82072
18908 30956
60230 64627
19641 34347
9922 53752
23597 79284
60517 89793
7533 93565
10268 37292
15413 77242
7966 31250
61644 62899
3468 59774
20231 73040
34616 35012
42540 45088
11023 40942
37804 61083
20533 84421
5944 25664
47836 60600
45665 75374
30421 78274
14411 73832
48488 94434
38321 47238
22696 46349
59629 71172
38212 87968
21251 63064
29773 55295
33577 47583
5206 61095
11398 61768
47520 91881
11177 74855
10988 38311
51382 81553
21608 24716
4493 83242
11568 54499
28918 54734
18790 53074
22502 34058
11008 46071
8140 79988
41508 93373
60040 60683
9710 68083
1300 68222
21855 68867
2626 87313
5307 34843
31310 33343
69812 94219
14734 93255
31297 81930
43439 74417
54132 94913
21890 36995
60197 90199
19664 50235
87105 89185
66377 68714
12256 70422
4627 64203
33759 44254
23055 76761
23889 81445
20872 22201
9366 92859
10949 65398
15736 28370
53557 83015
27822 38341
9856 10108
19396 86214
43521 93565
56886 85998
36266 62755
29142 50869
75351 85167
2154 76169
29215 36853
21942 74253
9112 24514
22434 64131
27528 57368
3067 59914
30504 84061
32366 42723
60308 65834
32688 45621
42930 87660
1007 60443
5291 24220
17600 71127
85803 86093
11543 44807
29404 34879
8447 75755
49675 59422
693 44716
8064 20851
30381 53184
13016 80028
37380 88780
26735 60522
36585 57977
60085 60348
20932 41439
20794 92323
33112 58155
25944 29601
53615 79486
39051 48685
49162 75873
1243 9281
12084 39600
37628 46883
29753 79765
36355 69433
25575 30143
9461 23503
32591 42823
6502 27393
10732 42867
59077 64429
26350 85040
39133 77276
11798 35518
45402 70235
25408 70263
37083 70727
43101 71346
12977 90298
3505 19953
26005 72218
33276 91062
23600 78321
35680 53899
28681 32220
34981 72162
28462 82483
58349 80379
2603 60404
19545 68490
11642 84919
71751 85880
9551 60579
47215 67783
31612 34760
37898 92537
24605 42537
65907 91205
1775 93472
18144 43046
23482 35413
54756 78010
2886 7992
21389 80873
9515 71583
45573 59287
21859 66237
9493 14796
31112 68887
48157 84292
29993 57664
47836 70320
17508 28280
49960 70947
55431 88570
46447 59028
77121 84495
13016 53433
31257 39866
88853 91709
20596 88155
20960 43895
20814 79661
59230 75247
33239 47979
705 44833
46256 88483
71033 83207
53622 91260
5624 29823
42580 54878
29201 44385
52468 65379
37025 66252
9129 92198
34300 61561
8955 61955
15020 94913
10062 21189
13593 76492
45680 62818
34389 94675
68078 86208
8970 83993
55142 62817
32077 42882
13791 50008
63248 69568
73344 94177
36500 74839
65169 87177
58938 77237
9609 35662
60801 70534
45869 65373
27130 38133
49794 60127
2151 22401
60511 87325
64012 86321
1538 80767
40686 42621
6935 36339
36813 56546
51992 84295
12700 34410
38894 55378
34950 85297
38147 66830
72433 75767
56055 86422
26890 76977
68629 93535
27 51005
15226 17736
78151 83224
54359 62001
2131 37496
27109 80837
15040 39934
2610 41224
29955 66187
9254 73160
46309 89242
30398 86588
5947 56024
40536 70845
41627 42011
12665 60346
40475 87482
30513 72404
58349 67244
81149 82430
22753 86441
41141 49352
72246 86367
5449 50142
24919 73281
40070 48151
20991 87744
39881 68704
1533 46515
2581 77971
14479 73197
18865 59653
43265 78315
24011 75607
79154 86058
10125 75392
5143 57962
30972 64373
17423 27087
31693 61044
55460 57302
25505 58996
20457 76035
18738 65164
4705 58810
8877 79956
26606 32156
1418 17060
37841 40962
2480 56826
52767 54499
4698 7564
43885 59744
33730 60149
49565 87579
5227 14161
55062 90744
7922 35016
41361 80788
51741 75105
14551 32900
37011 67773
1636 60859
6823 70555
64953 71774
11469 45996
72406 82117
3542 92930
77941 80944
32804 81598
63710 89880
28095 33537
9712 56136
24664 91930
6185 10125
10081 44121
6220 19652
13074 91937
32673 93106
12603 70287
25372 87860
20139 52697
42787 92473
73312 92481
27982 53846
52368 77733
40074 65473
50949 61252
17191 65501
30244 52141
12793 89114
3569 42049
43721 62927
18241 29417
42516 82232
49626 52413
39961 71054
64875 86541
90386 90990
15251 77326
27427 40358
56835 82640
2278 28691
11742 14490
66027 83539
42463 51683
64957 88062
13301 20903
8356 12757
30444 57026
30773 52749
22754 82948
26160 33479
26083 51272
20936 48483
62993 74997
13268 15516
32069 32355
16885 22183
14187 39947
80889 81562
12093 23278
12672 83445
22701 49094
20259 40473
2090 26143
6604 39753
5377 62218
3143 55810
26874 33543
49248 89971
11279 22252
40371 64639
33511 39742
66421 71518
28538 60337
6856 7529
11334 58062
30072 88142
9263 84749
10353 27580
5492 31278
27630 28944
10444 21450
16440 46922
30518 46755
72507 93882
37321 59077
31889 83333
21145 74991
17161 91728
4495 43129
7273 33571
19311 74811
72799 77154
22418 34851
11780 41265
7716 31426
54703 66918
26667 38433
5846 81723
6549 17404
32079 94911
86226 92822
49915 76201
37734 89753
15740 84307
25263 62006
85354 85726
5591 7464
16660 75326
79153 83499
75076 75292
18173 18783
80534 82148
37883 77540
42454 86826
60723 84346
67554 93919
49292 91485
77384 91343
28045 41300
31157 78367
29444 35148
13611 34763
26058 77587
28433 52621
857 94439
39737 44474
2381 72832
73809 78245
2186 12401
48564 90412
45825 63137
79466 90505
72592 78845
11670 88847
2163 10553
64094 79681
65840 79421
1016 37204
13843 67960
15419 19700
71953 77546
54493 79557
57494 80140
37851 55588
68698 77303
55195 60677
28886 58533
56731 57846
75994 86327
75122 75920
7455 81879
394 87225
53072 85496
1492 8190
19238 41054
58213 82254
9652 18657
30122 33187
28575 64152
78709 94213
31800 68292
56678 91154
16338 33395
9612 71820
30405 34404
53891 79055
36140 65641
43490 91841
37657 56790
27118 70807
11933 92128
62750 91549
20151 92149
28970 78638
18348 63267
21622 76317
6722 87270
10135 48243
11735 62933
51332 57821
82578 92973
5814 89043
25028 52728
44022 83080
34967 82057
15179 64763
985 67988
55431 55715
12819 90261
89839 94227
46910 94352
51440 90317
6160 59944
57617 94840
30157 46929
6967 60566
38608 91246
43335 75596
15263 67563
24594 36055
25235 68730
1500 90086
6221 6446
4787 45124
40838 48292
11252 46293
51122 55127
20294 38571
30917 62504
4093 15122
63773 86645
56678 73297
27286 41923
69880 74300
50715 78060
32565 80559
3224 67999
21011 77887
10499 61850
1286 52138
24521 64064
1972 2630
40037 74950
17576 83780
57875 90597
20713 91162
71621 84921
57816 83967
20995 84171
49765 79638
18575 72488
29598 44604
6950 69459
14502 72171
64213 68860
33538 79764
56834 62238
14465 53277
9393 63465
70489 76853
40764 49796
60897 90683
33302 70743
45545 93482
45824 82861
11852 25429
25143 33271
46118 65349
68308 90857
36945 75743
35672 92974
5985 79882
18864 45286
23507 66403
32237 67787
64578 65935
26738 38545
3715 3884
22788 28482
19415 71218
58543 85857
42786 55696
5098 7932
18512 25060
6231 28853
70983 88794
3633 38716
25022 80226
76031 81660
34263 58645
27381 31896
2515 6556
35386 48568
58045 81509
35729 57812
50660 69138
30461 92014
81981 93789
80417 81488
826 6591
60436 86454
5247 48114
17541 68909
27291 50263
33465 64167
14361 69819
26356 32658
9807 92568
26827 89819
30415 61929
23030 24842
24146 72722
38234 88548
8644 89667
69956 78367
32912 93671
64939 71548
62281 70079
34176 64913
50015 87445
15263 53275
15826 66620
52803 76241
28493 84999
3145 49388
54794 70687
70764 76364
2146 17138
15250 80669
28033 74805
61252 94550
21260 35206
39799 58827
40481 70101
1354 64358
2695 87355
4808 75143
9421 36260
11610 41692
17279 69809
57528 77760
62173 69793
18145 29864
11795 13149
93785 94974
58898 69078
8232 88003
80944 84294
24499 72806
10471 62530
41231 63949
12206 47252
64808 64953
2330 23087
28133 81970
37873 46326
28014 31918
53507 87983
62377 72855
30840 39343
79374 84317
28753 88713
11645 15917
36975 80094
8028 17423
17825 40269
435 84141
38819 61543
38026 91726
19971 68527
1822 20616
20921 70141
12273 62426
23276 36652
22722 66575
13299 68721
19614 58097
76312 88533
90405 94078
81329 91071
57219 60559
42645 61155
77096 92156
20265 77212
24100 44422
76333 93896
24658 41679
65671 76940
40641 57307
634 23006
37423 66407
87104 90032
25379 46062
5164 26553
12578 16044
20865 87494
24476 36206
5088 50581
11794 27475
14902 44173
53850 78237
5619 53468
29405 93465
17871 19739
42992 49962
57780 93320
24753 69223
40909 68748
8321 54188
41310 61419
10301 64196
18725 59141
26429 60946
5085 93815
13439 62468
3624 69354
10838 23015
3556 69320
76088 81671
5033 15498
13049 38592
54159 54299
28346 32381
59146 76386
40683 58646
4580 49488
71271 81438
39134 73349
41152 75640
46451 53358
2089 77936
70910 78580
31000 37718
37619 69035
82392 92133
35212 46820
28539 51607
42564 73243
26447 50625
39813 75827
58263 79904
32183 94887
10330 27894
8014 90058
2591 39300
2662 42441
24878 52963
46036 94307
62685 92997
43710 73402
67557 86359
31010 71728
31878 84881
47330 50425
2547 34094
38516 86585
17597 77703
19832 49350
20318 53543
2736 13437
48018 58686
30183 57484
1705 61662
25873 37953
44060 66877
30774 43793
48847 71161
82469 88391
17803 18730
25351 26106
14335 42196
61705 85604
48433 85163
1963 74443
17029 41602
25392 55096
65794 89418
4886 32607
29389 80798
13642 90049
19753 73017
67558 74874
5929 45565
505 45759
48762 71786
21662 52419
22515 23410
62318 63410
27854 28195
18115 66397
27758 88737
39855 53758
16125 77890
33361 85676
4316 38937
43136 47212
74497 77982
60930 82458
27720 39908
29379 74773
16502 45215
9204 41657
53908 86308
62643 66713
27246 38785
59629 89260
30279 91617
6773 37591
7007 77453
9572 88833
33363 76283
72059 84463
4183 81588
74989 83471
38248 41661
38190 45234
31209 83267
43292 85632
41453 70353
22708 30115
5273 57691
35039 61787
50078 75316
9178 25755
36762 90384
28963 75932
9308 83402
47105 52097
65950 68491
64929 81044
28762 35727
5499 93057
73794 87293
62269 82132
29235 90897
40646 83983
42294 59694
78320 84773
8948 77586
15713 78540
31375 51462
59462 66590
14813 45547
79571 90984
69598 80283
5135 35106
25482 63854
13626 43705
18927 55325
5173 34822
15173 69343
32379 39409
40634 64770
22275 27451
46300 51240
7233 12984
68581 79874
17109 93980
7287 30685
61212 78079
20886 37803
10315 20017
3044 80717
37473 48890
44699 86965
15445 47300
37374 43756
9507 89216
6975 34278
10530 25773
12913 63226
51673 79696
16868 57539
25746 91321
27014 80241
72890 80739
17582 29452
17083 36999
8421 39624
48411 75804
51659 76513
39540 44629
31063 82029
21101 42662
31380 80212
49851 58693
26977 85897
33901 70981
24174 88602
5281 41982
1485 51210
10577 58466
25535 90039
8118 38762
55106 70345
62299 73245
50404 65296
79959 86546
57256 86068
6535 52903
10754 54052
3028 64849
16191 84013
36645 88976
56671 60383
77954 89867
28410 46606
4425 41886
56165 86375
56751 79064
28451 71150
1317 59239
5718 39077
8740 49264
31004 86165
21974 72559
30498 37282
43425 93049
41353 46072
44156 81032
25434 92211
8343 92534
72046 88477
2392 58380
43604 54164
68483 73915
31103 87616
52183 56651
8426 68173
14740 76974
36248 41806
55113 82440
30632 47854
30450 85393
1298 8117
70594 84727
38394 41569
51154 87648
22198 88224
65957 90885
463 42255
17216 79697
8569 8986
55210 83478
75961 76671
21303 56748
3745 76178
15220 50026
33010 82750
11326 24804
42923 83831
21279 57990
33353 61577
44081 72862
37202 48750
22724 40911
15519 45400
60716 77629
16201 33184
36041 78656
3067 34896
48711 56134
14368 80523
66037 80964
21339 47222
7796 49439
12966 15720
38115 39828
69088 75428
260 24358
37444 64802
11498 61442
7696 91465
39192 47941
69353 71535
28339 51246
88931 94553
10746 31498
20256 26696
9678 72726
73563 91537
13688 85417
12316 63907
6158 37609
3562 39879
23944 43575
11025 77123
28998 34663
30815 89754
17657 51825
36867 73614
1196 69956
78669 89162
38534 44043
35952 64525
17632 45846
34178 79793
4308 52445
54577 83347
11106 59936
27025 84574
62185 73095
359 82599
38369 73444
12911 82917
23606 26307
17175 21008
46581 79041
47215 94292
26168 80059
27663 93767
9686 72888
17151 52459
3052 56242
25063 54896
15376 47573
52981 84516
24979 27712
11689 68969
3162 7603
78317 79534
17630 25803
19066 86661
39048 59498
7900 80808
45922 74924
24906 66327
55015 92670
38145 39353
66760 80546
12612 73671
42151 85200
29204 42763
24651 50739
25297 46037
39316 63353
78524 84203
11555 13502
52664 79263
18836 54833
22925 69336
55473 76373
63537 81373
51957 89915
81423 83278
42045 85872
26426 59004
48560 93909
72555 77409
37688 65227
35560 64482
4475 71536
20150 82953
60188 83905
57 58326
5801 47571
17311 40466
3693 24991
36896 77216
57863 66298
42803 86825
67499 93346
47937 88593
28275 45914
59131 86547
15768 16839
18555 80364
24983 33821
53744 69800
47337 69114
50113 58014
23007 27068
22264 45810
8960 89265
31733 46697
38496 67739
68776 75613
12295 30113
42651 53271
14449 49815
54565 66045
1472 2127
45224 76413
33205 53327
76118 88658
18609 83356
60419 72127
7566 68449
24951 54435
38687 85305
23145 86987
48180 49395
779 68313
49877 61084
8220 40769
21241 36354
27474 55331
71653 82881
40055 46224
4891 40544
28454 50617
11085 88754
11098 68408
2555 58274
16165 20361
11039 24250
67166 82831
16120 28899
37189 59263
34129 60202
2979 65570
27257 27321
25355 81795
34413 81699
86364 94777
12995 92376
22772 38069
45303 82909
19350 35852
50669 76002
26162 80510
3778 38042
24623 42130
17182 46508
71366 84891
168 93128
34909 66161
40832 50367
14326 16934
47056 75153
16079 17410
2482 48386
1586 81135
62641 79435
16154 62677
14463 65446
6182 45048
48111 59539
11046 35995
25685 86892
40000 61621
27345 35284
3992 83049
24809 63872
58046 63833
14639 42725
2843 49333
47315 87087
47159 51355
18210 33638
23893 69416
5680 31367
58727 93637
17024 94415
49938 65022
28006 91029
14745 72578
57173 76119
2196 56102
4230 72043
1783 23708
69941 85400
30260 81682
14398 55311
11848 30631
9631 89780
58077 70039
6600 77376
33002 36392
63303 65144
69491 70077
2738 81301
977 12908
72492 86337
32936 70977
41085 89238
16295 43590
892 12060
30667 85204
41104 53007
11626 81351
45943 84798
864 83784
81308 90401
53844 80372
54601 75540
23838 81797
14182 87153
11222 67741
20292 75055
16748 38299
54600 73700
11367 82209
14266 57381
11413 91074
9456 62787
36441 58568
20004 66222
15780 54072
51040 73055
23004 82325
13929 92194
32893 73959
42817 47316
45598 51766
9972 43246
13623 33204
29526 62561
37042 68853
28237 31006
20074 80085
13852 83167
27809 29810
75637 88430
23300 34636
8829 94751
20895 49578
50631 70573
18390 78932
26193 63402
2345 32316
27212 32136
6708 84900
9098 28834
15081 82201
34586 71934
20275 59328
9350 79517
3949 90450
32704 85438
28785 70332
40916 58215
47961 60664
1460 58932
25334 68362
41246 47133
4446 62102
38817 86442
25360 52776
49191 87243
60446 67104
62542 67757
31323 74587
12418 54283
16086 71293
31555 49239
7261 21910
25019 53255
48594 57354
56527 91947
2927 55902
63552 94888
50332 85525
907 73372
27657 92821
15009 33361
87017 88080
21188 55067
44901 50568
42788 68057
40429 85571
18377 56547
35909 55203
83211 88294
6287 43075
3331 89886
20155 40053
19028 63501
35173 62889
14663 71931
20839 74457
21422 66921
2095 86660
33895 90514
42791 51271
53832 76828
31458 33750
3789 33444
79119 92665
11405 30651
35696 42132
19249 43807
53992 87763
70453 93999
8802 23495
30137 83622
30422 45993
40356 84196
21513 67136
66140 75314
1461 74995
8112 35670
56315 85474
61961 81908
78193 92117
3708 86867
2763 62466
7113 10852
25322 87324
8192 63736
36154 64640
29073 31528
52132 70268
26241 69230
4424 44829
2714 51918
20193 82674
86294 92749
24934 84620
20613 84743
17775 32536
3212 94110
6764 89356
77792 93954
23873 36630
52067 78946
53869 88959
3452 41364
11117 50142
805 54480
2074 14891
14676 77398
26953 44079
24851 32680
20670 92850
5742 89137
55864 73937
38876 90293
54955 69685
11691 74891
21454 69473
9840 91803
31509 36270
47820 49547
20457 51207
36236 44026
45002 68972
50569 90033
5369 42746
27513 55742
28811 41372
36982 55547
81331 93432
19346 62235
47035 76943
60933 72120
6524 65630
70588 85741
2476 22195
39548 63494
16995 64591
33332 87721
12257 22857
3829 76129
15525 38638
8225 57569
17300 33542
12428 62819
23182 55859
32145 59855
4631 16409
14047 73561
35747 85557
51044 63179
25380 35748
32510 61870
49375 92307
4713 34353
75671 80506
31718 47080
60814 65280
87187 93722
41828 51780
5161 68390
8344 85874
5119 27970
7469 78753
28725 39267
177 77597
11023 12940
20767 30318
11677 26761
58678 87363
48028 87439
24291 27145
20582 67397
51639 71368
28557 82353
29981 67830
19910 56738
30125 60048
43020 79888
62776 87065
59782 87139
57434 74048
51106 87874
17241 90200
56896 71086
53854 67582
28527 58048
13751 75603
112 93279
7330 82335
63634 85955
57930 89903
30123 61660
8343 40351
36796 92594
9874 52200
4903 73240
3907 11331
27660 28702
30307 83326
59477 89821
46198 85019
1481 6442
26551 64552
8038 15839
25217 43678
80912 94781
45961 81901
30879 44678
42805 88021
58069 59454
57140 86995
62077 76268
34927 51009
2809 79842
77964 93467
65979 94796
20022 88152
18599 60284
14683 78331
68405 83095
6160 55908
24117 49290
15023 41769
84545 86701
10571 77269
36587 80969
6942 23520
20640 32874
12532 84640
11024 42245
18124 51469
21136 42711
8276 75180
30295 87424
25991 60278
36116 51550
33607 47840
4930 20060
18507 91869
5365 89742
60226 94547
4647 54787
953 52417
34439 47730
14354 71562
28045 33839
51545 80499
37816 55444
12994 23432
51179 75194
5764 62240
7605 79174
77515 84424
29786 89883
3915 3971
62592 77451
45717 83412
37879 76852
80786 83484
16139 47852
20986 27576
3034 89047
78882 86719
2782 41538
5958 62014
2566 8103
45467 76568
3683 90579
23724 83706
9997 15350
24555 83837
14275 50371
52294 84296
17604 38307
24043 50897
43837 69686
30672 92998
22031 38233
71024 80923
63074 89322
40041 85317
4959 89597
9749 83250
32143 65542
44993 71662
10215 22897
12769 52815
35282 48368
56562 60277
50466 58582
2746 3256
7764 62103
6909 23435
37947 93126
14520 15792
27341 73928
62159 89562
24275 92595
42412 92254
39798 85666
29993 39396
38970 85655
11369 43247
32197 94680
14129 79395
65101 89949
1872 26518
30897 49561
8579 51906
36634 59580
7869 8979
11479 45667
30331 49127
6033 52757
26476 35990
62606 65198
53204 82830
78078 90277
73981 84807
54729 76312
4755 30410
9646 19037
33575 38335
27942 39618
7852 62279
49813 94481
16232 67151
60521 86209
35528 70130
10567 61284
43122 94598
66934 76004
17376 64126
71935 90518
147 47805
15150 73513
23766 91066
63115 85182
17531 53850
7946 67189
59319 66135
73199 76400
6882 92451
4366 16819
43970 47123
12986 28256
22438 79824
35297 51713
49025 87321
1049 6679
17674 92974
21044 52528
61700 82686
4661 39705
36273 94602
2171 17044
5992 57217
17944 59748
37220 84118
25140 33195
41186 87332
4413 74058
7441 35033
12885 65041
13937 62424
14562 53427
483 86411
44499 78188
1345 25267
23961 77510
74680 74800
39181 72241
15964 29914
76338 80441
38625 80275
16960 60778
9280 15845
11318 90591
64615 71001
4598 21468
12710 61221
52427 64396
49632 94312
6382 83029
54523 73155
28133 88627
24106 51237
4567 79984
22139 43314
38756 47734
71930 86369
1622 10091
68350 93510
31994 61171
45779 90869
2124 55009
38854 57653
10238 77615
29816 85876
8723 48065
26677 53188
62042 69947
54248 88490
41267 84857
15098 49944
61015 80885
12582 37747
69627 81177
13521 56999
78068 83466
27381 93165
12720 22526
79356 87676
51401 86748
43902 58996
597 77986
17047 77143
38772 66503
43060 53712
41904 84027
8231 13520
52818 93442
1796 65133
37 28502
35803 54004
10778 91945
17059 74140
62269 64258
1530 73422
29139 29248
36533 94225
66685 68828
20608 69187
45307 75357
36473 78033
20017 45410
90503 94496
30705 94895
7416 80378
24326 34100
66395 90395
9998 28751
8692 42999
39465 76555
32151 37878
46649 94113
21214 36422
18663 25362
21266 76684
2933 93885
38400 71522
8808 90552
9128 9595
10106 38729
21796 56394
9745 12433
2409 31053
11106 29912
2645 83692
55533 59676
5938 56418
29670 44625
25411 92380
80616 84193
22634 67171
4607 44269
31612 47306
57904 70254
20545 57453
22761 33461
58598 89729
57716 87654
35914 75226
12943 69088
7845 10059
37837 65495
13398 36322
1397 31688
70580 80170
69143 91014
4159 76953
24670 69712
19094 85780
27241 32626
59557 60991
55470 55474
68633 89786
63714 84561
10662 44745
14332 92461
48550 82739
7219 66196
50728 66149
67989 88884
71684 94262
20592 58824
47015 70630
37542 66279
79943 85857
72929 94231
62731 62895
2212 59062
28797 39743
72707 84189
27867 70085
25694 39720
50481 75087
75727 91710
10671 89542
31102 39837
38760 47317
27044 82146
18321 62619
83195 85045
40117 74882
45025 58873
15432 47163
71246 79859
49165 52608
9791 69514
20111 28177
40729 48074
65120 94560
4935 85652
20562 64534
71982 83789
19555 85840
35176 90118
21321 66653
41965 89041
48540 94040
9647 21401
26343 49409
21905 63413
12237 16576
11114 57576
21936 67495
28140 28364
26420 48505
52935 82986
34950 72174
34990 41943
12658 83642
13597 67949
9342 87668
37187 50054
12422 47718
15405 69992
3331 49495
521 42902
7737 35257
23814 65807
35209 66882
63444 67469
36393 76100
33631 37607
64466 87229
52079 78732
86544 90360
28245 61232
30652 64556
31256 91717
25710 70240
21067 26183
59109 72037
7182 39100
5015 76577
60210 66284
60392 94201
3641 89703
22297 76167
33417 93483
789 9182
38081 42905
62313 85643
1807 4319
44654 64455
26292 94345
4883 47835
14602 48806
37253 79760
20983 65949
21400 88153
47878 50905
23287 77977
32056 34674
24255 43632
35621 41179
44226 48867
16650 75391
22830 84280
58655 76768
27886 73653
48003 75410
57275 79444
38856 71752
68681 81302
56675 86086
4308 20887
62846 80419
52174 63477
41681 48158
79602 94388
36469 78898
30191 71056
59230 61806
6181 43053
69813 92157
42456 49668
52967 59063
16640 67488
14338 36751
34702 42645
1518 4759
642 38051
11524 67981
65772 84335
21273 34784
31655 90360
30245 67506
62840 87652
34147 76677
31576 70436
58530 78968
7030 82427
58888 94490
68314 77510
19878 51916
59153 67500
18529 62437
11026 46873
20 28730
20264 35075
56890 57584
28909 69506
78673 92972
19157 61258
74299 84061
47387 76426
6269 23246
9085 12517
41547 72985
53549 86110
2180 92689
26580 64980
22726 51557
84678 86432
3120 74389
4284 7344
9604 71893
30943 37780
44124 86187
42072 46636
29009 63388
10534 42835
38409 71672
21691 23625
45098 49443
20278 79915
33638 39939
4147 23420
49522 73493
7288 60823
50805 65947
12831 17499
30832 68257
10512 88248
30223 81727
28972 88265
4345 9414
38331 38763
83311 91286
34900 64645
3959 54922
73077 93981
20898 72497
29088 45875
60545 80016
21549 71764
11890 78866
83871 87353
62329 94353
82590 92709
49497 62462
33860 39865
10141 53468
16360 35412
72475 93872
35637 39349
80134 92056
18259 21281
26317 67431
14557 87167
68049 70575
53386 89605
53970 93027
12149 34417
8108 69559
68683 86561
29240 88981
4859 53174
4146 41289
15241 22314
13128 39350
21680 50862
72212 76417
43825 54785
371 82376
18969 53140
11724 64086
26537 56534
51028 52254
41582 69369
13577 91889
15352 23053
6416 93984
77573 82693
16608 62813
27739 46579
64804 82777
8896 41901
24896 70400
27050 76420
77750 86292
15325 18007
49374 55004
28498 59541
54607 88767
3911 41812
5084 94740
27563 79048
55696 60480
70374 90913
85093 90997
72872 86503
26749 74574
20358 50799
36054 40942
19488 83568
6037 21428
55355 69321
29781 58018
66768 67447
26305 91842
34896 49317
35 46977
4835 49465
60390 90295
2019 74126
46364 57376
4168 89260
16156 16621
56306 59925
27724 91312
13506 85292
31277 60927
40954 54246
9019 22368
13105 45896
72143 86743
48319 68807
72590 74494
106 73649
17837 83046
14073 51143
19373 87910
48868 89365
66236 72207
17402 86307
36380 47092
41337 62890
61179 84987
68406 87411
50738 56344
22808 32944
17990 71960
16451 34620
36017 42642
5197 94524
63713 65173
31723 33524
81996 88358
48590 50686
25209 41222
43367 93716
19257 77548
2145 20273
17398 36202
44123 69581
29020 46653
25979 55564
5429 81582
73596 93607
10135 12067
3732 9614
26790 33594
51687 91289
72733 77117
23585 94949
15963 18809
61907 90408
66971 67045
17631 35264
39235 50952
14957 52185
26126 43537
32272 94050
57169 69095
10318 58142
14466 81479
66512 72210
79818 85352
33805 68504
59493 72399
22549 85520
31431 69796
54751 91742
46392 62997
74520 81542
43519 47798
84242 84811
57943 72033
17828 33775
46165 53209
9895 83355
23409 73848
27812 46089
21980 54029
11518 41446
42892 67221
48222 59190
20392 93975
9395 22999
28209 59088
27362 47544
3029 75662
23239 68159
15401 18753
18897 29629
1863 42558
14086 50689
64120 88422
63296 87640
49972 50950
25205 60284
4563 19982
30686 88897
461 35895
39832 46704
6843 37202
10607 68867
19232 59495
77911 88793
50388 50911
32828 70251
49709 68031
12097 47175
69278 71299
44828 86936
733 72142
42394 53337
11080 81393
13843 40427
64533 83846
9912 47201
13871 15499
69475 70278
84194 94774
15704 83139
72715 81924
19014 84395
46902 49903
76060 87712
54530 71435
28330 80244
9502 85325
64708 79195
49953 50754
5229 10087
9589 38572
18291 30844
65126 90983
25112 85331
69227 87348
14951 93941
27594 32396
29506 94067
12429 88004
30985 40299
2800 7679
2946 30349
4953 85362
8421 45770
63102 73372
14433 16752
68562 71789
8292 15186
35745 71889
58704 65975
6281 9889
72431 80535
33543 67312
16087 86529
20927 78428
21360 39107
20149 64884
1475 92618
1080 62481
4973 46158
24811 56478
3793 24902
47202 70028
1139 13582
56496 82193
12260 80647
17542 30836
24564 52038
30852 59549
45255 52314
29709 77816
41114 78918
13661 54383
12892 79243
25660 37293
30697 51693
11675 83754
5185 94484
32357 88069
9291 21543
25871 81729
7742 19018
20760 57724
77303 85728
85832 94055
332 7611
10768 93452
68526 72163
77780 94033
30454 58216
32912 59026
38484 61778
74413 87316
41163 54449
56307 57274
69345 85852
61 36395
35018 53216
29535 64772
53799 62411
32396 75891
32599 47245
90137 94600
6162 75491
21683 54613
29580 92389
32357 34608
44809 46155
47752 75731
38009 63378
82658 83222
86031 93454
52719 89344
8909 46244
15332 30223
44916 74041
63974 68580
28723 35214
20189 52051
22167 68573
48257 66577
33154 93613
74977 91351
10293 31741
21494 88851
37634 89174
59041 84418
56954 62645
24067 78097
7321 12157
2286 78456
14671 72422
34061 46779
37158 82701
1818 53519
13335 49290
10607 12156
5167 84792
21202 28577
41043 68362
45277 82815
46922 91061
64346 84451
19361 93656
30759 71283
21604 68724
65535 89440
18141 45087
4528 76937
21584 32688
31606 77416
29131 38895
25264 83548
88 19320
1921 84960
47894 86236
36377 81432
56831 57822
13789 77528
49988 78920
22477 46160
21252 72996
54305 60967
61035 84586
7356 44236
13777 43292
50531 85389
79789 93084
11206 29130
29400 56467
795 35433
19121 41952
65071 66732
11971 81352
9920 28695
67528 70432
74507 83073
13922 64903
57572 70276
13999 93764
24966 33271
31670 78818
17548 66572
39225 69619
14395 30457
10909 57462
42340 60018
10832 54908
53341 67871
21983 36651
11723 49781
6438 74768
21567 91710
24962 79288
2095 86833
56386 75876
7939 35787
37789 67816
69126 75749
1135 63833
64075 68994
17482 84248
30656 51342
29085 63926
49707 94589
45156 63787
16446 92158
40558 49522
19868 44801
7165 29991
9313 15449
21172 54505
15715 78745
70435 77522
27377 78809
26725 51328
14144 31053
45812 71901
20134 45476
5492 84810
13221 67367
72378 92825
56715 58757
1699 29034
42330 90441
42182 57860
31249 68061
45370 58689
16003 29006
31958 81645
55864 67765
2827 91233
18274 41048
10844 58663
2365 15570
35034 86382
5651 69150
15017 69912
21461 75868
22419 40686
42138 48252
34897 87100
9191 14548
21633 79487
29056 42310
18888 85027
53357 82146
43804 85609
77498 88051
33771 42827
14912 15800
65574 68199
74956 93658
3624 51925
14581 77320
54164 54910
41832 81413
31137 44252
3623 59956
8105 71828
48295 84732
21000 69478
9613 32163
60964 94616
7325 31157
47889 69417
6150 36405
3989 49644
6811 27592
66013 93255
76715 84997
929 2495
32745 78893
9533 38242
44077 49068
48571 86048
5213 32849
26551 67919
30907 32369
5183 46844
21535 23892
9620 42000
12201 43060
6877 34080
13521 40176
56080 92434
63984 77556
14834 92425
21922 29724
39524 51735
4981 63298
69481 81249
44312 66051
74121 91788
3738 33900
10191 58015
20654 76623
10009 18864
31492 43338
22997 90757
27574 67549
3562 64007
19772 20081
6584 82330
33191 91257
73928 75134
3699 25110
58010 70602
29131 67843
28676 67579
2898 12888
7239 85661
41701 70863
59779 90671
57381 91445
46158 51178
68722 75338
64937 78931
78891 85094
1447 67331
18247 18498
77998 86196
25074 79003
10357 62827
74293 76438
55507 58385
53120 58571
66265 76680
81723 91498
78313 86726
51329 85904
40921 60075
22171 62364
52461 71369
38471 89285
16431 45140
16438 42863
91242 92892
40943 71203
1539 57902
45986 52286
51894 84961
34819 57527
14224 87455
29225 90075
2769 64926
13931 29246
28911 90377
68498 86625
21932 89131
6155 53389
16955 73533
70287 72450
17209 51039
7974 58412
56406 73049
25382 53907
60377 65344
86108 94425
2381 61270
32460 39222
68939 92877
35198 54370
50962 76844
65084 79355
70349 78255
30815 85557
21923 82326
12681 20573
71288 81304
54896 62441
33646 78015
14061 32706
20218 64865
28777 37043
76680 86064
600 90437
87012 88333
48336 82842
90880 93521
84153 90641
36966 91220
4790 13617
45191 55861
30425 77613
73004 85112
83539 88467
62171 89625
19331 64350
2076 12105
60650 61455
2144 85037
66838 83785
17997 80652
14778 31581
325 78259
4169 64983
46639 59117
20709 60969
19661 41672
12126 16762
17418 75493
58797 63900
52601 79878
13672 27897
4458 69321
82446 83530
9862 10609
44854 68582
24241 81937
52285 55999
8676 67748
58659 61239
67777 89591
37853 59332
9364 83689
28570 35341
4992 19615
28662 66442
4714 78924
18355 67599
37388 60258
14530 66723
7141 68536
13574 80506
42729 53830
42005 80514
1756 8711
32529 46111
64839 90243
83598 84798
15285 87117
40230 79786
18597 30468
47899 68995
27001 84159
58774 67660
31245 79968
11248 46072
18445 68247
10816 15580
60964 85558
5236 12990
18583 90042
18369 74292
22663 59709
67520 92642
26973 63598
4381 75590
61070 85135
29724 88634
36723 45490
44657 76042
20972 37881
6313 52817
17455 38143
67696 76533
10024 38878
22437 88056
16610 30370
1128 12206
2161 73992
41852 43587
2745 42566
83788 93526
92612 93283
1628 13627
8097 8702
1356 14430
21973 25338
38908 44242
8134 35505
56874 57541
49903 91940
50794 81423
57175 60281
58724 68649
18099 18474
28696 81622
65588 82114
38276 87355
33171 93435
63481 83497
22007 90609
8323 31884
18314 91792
50709 82572
13953 55185
16053 47279
3446 82428
55390 83412
883 44985
37720 52159
6472 94968
38037 57569
53978 93711
6912 88331
59127 77107
52637 73140
5071 52628
164 89606
15612 16904
11997 19714
28767 84111
1811 31884
16923 56145
35432 88003
65015 67669
6378 54546
62194 72359
30109 33457
33544 36824
13786 85899
50087 74721
14343 40986
14054 75543
8730 53264
13953 40503
16503 62095
43166 83104
28993 80394
58291 82341
1802 31553
32642 47740
39719 88481
41808 82409
13565 36085
3907 62901
22117 45671
13291 35996
63968 94650
11176 50489
9588 91767
52514 61457
3706 88055
63278 74269
39104 81127
5433 56644
39624 74500
41055 86063
6000 49282
27780 37919
20946 23273
1075 79641
67690 88293
37991 60382
43955 54099
27017 77232
1840 60364
35344 37857
4629 7453
9860 9998
64691 82350
71861 74255
40342 60062
6078 64129
50657 93372
26926 33647
14278 15937
6468 25425
235 31946
8195 89042
12347 26358
2065 72784
34449 93065
16387 18016
61908 89295
18379 41090
42957 93600
6130 49986
75076 89240
44219 55448
47096 59807
52553 85043
43226 77208
20488 38690
2311 55568
45095 70275
56685 94449
10162 57919
27256 41780
62979 94406
613 77685
52566 89016
58918 69129
7347 20363
39540 59647
48897 88219
8449 35075
2731 22397
8146 17784
38647 64733
4615 64940
36945 40156
52603 77298
20056 91215
2258 41622
13953 15933
17572 45448
393 63291
19290 46936
52592 56030
38440 57605
5070 75293
50384 92682
25712 64808
7476 39657
46205 93881
7368 17491
47929 61088
19231 39441
33003 65142
41413 80495
18515 56421
43350 54615
25253 62225
80754 90838
16400 87610
62151 84436
5244 31425
49930 65436
46768 60861
34696 63215
79666 90955
36184 61739
37510 77627
4255 17574
67285 72185
28396 33721
9212 51215
5244 66443
38452 89001
21980 39335
9526 85976
29569 69530
23810 92168
37671 62619
29841 40944
12193 65572
36306 69580
1560 17961
6036 33973
26335 85439
1167 27532
57918 69949
30694 52850
51448 73866
62779 91361
34139 58552
55395 76729
32393 47753
61549 87752
70657 71107
70647 76816
58830 63067
36301 43031
1876 12422
2858 8421
59227 69644
46057 71509
2503 92270
20867 58013
20528 53000
56345 76945
12134 82823
48607 55621
20164 45286
11920 13535
12705 92066
1932 91451
33208 57753
36506 58012
39459 67571
72955 91195
46024 54760
41015 64783
1795 31855
1993 65517
11575 44045
21702 38517
11773 16705
11182 67439
50950 53507
51168 76654
10186 68100
36761 82730
72351 91979
45955 85098
34640 89588
8342 20658
61545 94351
73265 82830
26672 65806
60550 70896
12326 17330
53662 94776
21497 64959
29800 45379
31340 61069
64361 76925
49754 51015
7189 40780
47511 79767
2845 23344
2324 76509
58150 72622
49667 50179
39055 62125
49448 65391
63696 82774
65455 84737
39 6716
15171 89077
45621 59968
27693 33965
5434 45086
4433 46287
16504 76932
9998 68622
22608 59380
58855 74943
72092 85756
28218 40113
22832 26090
5505 53488
10497 54846
4249 78406
9588 67075
46305 50010
56874 70844
26511 45919
10906 87041
22777 48104
41119 72930
15490 50092
2850 62607
43317 54042
61860 94404
37745 44456
47698 67344
24886 39910
21033 47128
60192 66405
11723 75941
28905 35275
55709 80191
14626 65817
42369 65794
925 56315
3443 33299
10680 12808
5221 70569
41758 88817
41650 89496
61817 92759
42865 76073
26194 89689
25207 43946
46196 46811
47159 82777
16576 17913
2234 93244
16060 78418
10241 34068
75761 78818
20655 59960
62308 81529
7099 15608
1481 46962
7016 76454
12094 42053
2243 11203
6266 29195
62803 93079
33339 59733
20382 48840
3663 78842
2492 4962
6283 36266
34126 59481
26234 53033
57091 65101
62191 84301
60277 82319
19198 38985
5877 72035
19777 78255
3489 44789
51505 71758
43677 70894
54390 88089
67467 93679
41292 89520
13239 86039
72217 77423
52998 92109
1584 19227
57974 87288
20175 80810
53149 54554
12331 90912
24982 37982
22562 94770
2774 56234
12417 83920
25215 58581
10432 78979
56894 88089
7933 48505
1246 59838
36971 61688
63480 77637
7782 10740
328 12388
12849 19064
27406 89928
3695 27878
15912 36870
26709 55278
54771 61006
25387 45384
7511 87111
9027 68736
21755 53615
5267 13553
8355 38683
29928 61979
85507 88243
37493 40046
19547 66965
10958 39514
8113 47181
27254 81719
13049 62818
9291 75380
45803 46688
85019 88398
34606 85865
68214 79479
5614 40965
26237 86349
13467 21197
64375 67632
1605 17898
67205 71656
43847 69891
17023 50105
1208 16563
4373 89345
8165 57852
30094 44595
35195 57765
4064 55016
346 19572
25062 40416
42470 72066
10569 46946
17751 84303
33265 93705
75473 84371
58316 88961
37432 52864
72248 85349
52764 59249
41580 47552
25571 85552
46677 87680
28875 84794
15966 75468
10683 93155
42607 77717
54426 81180
40212 75925
48450 56764
7393 21445
6584 85163
1276 49431
6940 33962
27727 72479
36083 77362
23202 73063
10269 17302
27253 50456
30480 59773
43340 44985
24813 56089
46895 81373
11594 71564
46269 75799
12214 22966
47527 91424
50850 66922
18799 56813
45789 92677
49410 50716
46466 92088
9119 65490
30318 60735
2548 93712
80822 86676
12826 72007
23747 78182
41329 54118
36764 58106
24825 36748
66630 68084
16339 19806
32703 42827
17439 44026
8149 92962
40712 90570
39905 45636
17954 88587
54550 59046
46497 77670
23351 72376
32355 56089
9320 85601
24563 43100
1551 52638
13619 13972
52817 54953
34952 88009
83739 84854
77504 87646
10335 34197
31821 94946
35411 88155
20741 42878
12112 32539
12152 64149
1078 42467
43397 58462
14750 60268
12148 22430
9655 82796
1523 54317
43001 67468
50571 54797
8519 71614
36757 60424
50040 58495
5759 70621
26350 59197
2229 9356
41839 72527
387 34791
73635 80422
56847 76748
3687 44957
13221 88034
58760 89518
52781 92695
458 88222
83702 92979
23874 50700
76906 87298
18048 32518
34613 88351
54730 93272
40359 66796
67908 86301
29817 33439
34338 68478
50932 92296
16044 61557
39154 77202
62337 83692
77365 85098
58656 86262
45303 61836
38768 89991
64828 79073
8417 69899
64438 84307
6488 60462
35478 50695
70075 90244
32695 67299
14802 83693
17284 54537
47326 50060
16034 85962
14223 52224
63597 75479
11520 85775
40691 75651
22900 38009
89589 92878
10955 18492
55375 91888
70296 85486
15144 35335
13566 66352
23832 90993
29914 82007
67118 84232
4262 27751
42703 60934
72020 86213
5036 70256
28128 55302
10357 66660
4480 54915
11282 38486
11382 29722
667 53858
58059 59108
55356 78498
31850 72743
7938 26700
70475 85011
31285 72664
63475 67958
15558 83137
10272 29040
34821 79798
5783 77894
35234 79431
15840 87517
12525 14357
19287 79217
21527 81242
20628 53136
28774 65004
61282 77203
1747 48856
55315 69072
3939 66631
5485 13321
26777 59737
10020 31033
11151 30683
29027 36865
8859 77104
51861 65552
47592 68810
58066 88677
31835 62872
48241 91726
60479 68236
38517 78463
13279 75368
50195 54754
14804 84153
37016 51187
51074 75547
3589 88777
21382 32152
6319 65698
55244 76610
53864 80093
16753 57899
22795 93509
15466 63999
2965 65724
11330 30965
42946 53189
52275 53739
38129 70449
3748 8545
89189 93891
7408 90130
10307 28297
23435 59413
29601 36223
13655 49424
56210 60053
26931 86794
27524 93825
13754 48875
43741 55987
36650 44819
3818 93955
36106 54811
9572 35153
25611 92923
21864 58305
37958 77546
35896 38554
89626 91685
92424 94646
31741 78506
29810 94033
4972 55322
12971 63912
4818 60276
35542 57337
70216 70531
13321 56020
92803 94133
30951 73527
46408 49175
12334 22470
1115 56072
50411 71607
3594 81235
36548 45712
37085 67278
40767 67549
4867 21210
19594 50774
17372 36467
47754 60133
84498 86535
67915 90139
21089 84246
7007 53134
14925 91943
17926 47266
5618 11290
36237 38504
53030 75682
38549 78990
71622 82793
79825 82059
23658 71734
5451 61648
8732 72356
11472 23817
63721 89390
36892 55392
16348 65412
36405 37438
66526 91696
13300 85622
21789 85385
28020 41680
21379 42524
57439 94521
45182 51301
56816 59311
9963 56625
29400 49337
19024 55743
68669 72798
21199 72466
35354 63062
3010 48051
41547 43785
46549 93234
68962 94460
24197 37265
8972 10231
53075 86362
43807 66519
13141 77286
52409 72001
22023 53419
11414 17906
52497 53240
14372 31275
41428 47592
26869 73424
11362 22580
3854 64817
6276 84919
51065 92013
16956 35671
22308 82666
20558 63480
12864 51984
45190 73091
36255 39785
18539 77388
51543 80431
27909 28904
12111 82879
11003 53445
17605 51042
12756 75511
77079 78435
34996 72394
5100 32977
34199 40402
35849 77043
39067 77373
12943 94410
699 14704
67730 73622
21475 44788
50664 66836
4055 82262
44565 92668
14738 91831
72173 72564
69152 79039
4556 45151
1479 14623
32698 88643
1737 59333
15458 87922
63306 63433
48427 66894
50334 51440
30060 73924
37911 65731
70713 93151
7653 37132
16302 46398
24056 90006
52627 68173
29874 56767
59541 70015
26434 53874
2393 57306
12311 16049
75562 81437
71648 80464
76174 77747
5736 63719
1799 58608
16773 91076
8152 35683
22067 83124
45247 82133
1537 6295
53071 87647
55323 77291
16178 48663
73297 84102
34950 69185
51092 59008
20952 23394
40677 42975
4540 26582
48835 51427
19529 75302
5908 68332
29229 65987
4461 54595
16518 78380
58330 68190
11376 37293
13093 19404
22631 49712
30726 31834
11090 43978
30047 59572
520 58712
50770 53070
31607 68644
7509 18958
15154 61891
30838 76371
1458 13207
79059 85259
41142 62748
44617 81522
12874 43062
29807 89939
14213 64075
35313 50975
49008 93933
9311 48678
76926 89095
30886 67432
76947 82713
37160 83546
247 84743
38287 71007
42986 78347
12236 26082
16688 86612
22915 26809
64780 90311
67481 88372
31470 68855
47966 83457
22437 69086
1824 87801
1474 42638
72029 87902
408 38823
39644 70163
14921 69150
28885 52821
73550 87789
20648 34418
58681 92028
34263 37422
14761 30453
23243 36021
73779 83775
32780 93397
15660 36630
13262 85209
6147 36229
16690 71155
14241 64207
39949 45650
33789 59968
61932 88078
12881 26314
29339 42300
11792 91869
40304 49160
23671 48638
9489 11688
30244 51114
8600 61935
24053 38138
43633 47987
67755 90990
47305 58293
15711 16834
32116 33654
61725 84391
27486 27593
8048 22732
59795 94931
1441 60526
52604 78996
5345 10645
49695 56977
8831 89846
6075 68239
5396 66061
9456 92168
12564 61008
2250 14945
6674 41191
3153 54987
39880 67106
3686 42591
44559 54842
9495 63995
28674 85581
44555 65120
23625 93105
10807 75065
5924 85855
4702 8541
1747 90348
17952 67757
5488 65855
20753 48650
10488 36097
79669 91700
64109 86890
4197 32477
49972 79969
20379 74005
16317 93974
29732 85340
16369 75809
17834 33342
26871 78822
36904 43317
34333 94577
13761 21561
21804 39410
24751 28471
9803 67077
20765 44011
53699 65937
2382 73257
55519 70286
45367 59726
26148 79640
55103 74447
7695 92729
4626 76797
62329 70074
2046 56043
18232 23456
76134 82116
48497 84796
11334 50129
35977 66015
4678 10485
53590 54971
6412 73865
16385 19860
28642 64818
15620 64452
20120 79421
1972 26378
10740 55799
52858 69473
25225 46281
9619 66269
9985 59387
45001 60717
20329 89263
67894 87915
2997 32256
35828 94890
11741 61159
14377 52378
15560 68208
4232 22937
21449 54766
2933 94316
2748 61812
1957 5591
76214 85581
29255 69829
28109 63666
62094 79169
14503 44415
11740 18739
7209 92558
48496 92380
26457 85400
19480 67958
34923 82084
33442 71797
9612 57530
8427 49526
34463 41734
8046 66440
68193 68983
32387 46357
3919 46812
15513 64108
65772 66886
62281 68947
12107 69583
25120 94884
40871 64387
46873 92972
7215 22573
29296 92179
3786 20354
27634 49829
47076 94166
16523 60645
25833 45268
19750 22042
35971 57659
4593 79008
6823 75593
17676 25350
26518 75305
35078 56738
28487 35354
54265 56699
69067 87984
17454 47512
7355 63332
8461 51209
46200 76290
44194 78626
73855 79649
13234 86092
27396 66445
526 47156
50162 84049
22480 89972
42498 44895
33811 45849
73539 78027
20166 27084
2763 30698
22772 65308
17939 39713
2440 14419
48283 77529
17518 73561
20069 56155
47903 89371
7065 44954
19348 65428
66461 73587
38650 52474
14807 34460
3864 70648
37035 73140
80570 93711
60408 87048
8672 58081
6457 83281
3266 28809
5677 25736
10093 34306
3530 46460
13656 27534
50456 62444
19944 90685
11111 35716
10328 17004
16568 47635
41432 46904
25496 56355
34848 49016
48194 50484
55510 83293
66209 72742
16942 39593
18382 54079
14293 94843
69338 85938
22322 67728
11182 61909
29019 40599
32787 72829
3104 39441
41057 51379
43500 88296
2837 71996
26022 45365
15430 26739
21889 43827
61117 61869
48525 60420
838 5239
31888 42927
28892 78326
46588 86352
77842 88648
8548 10303
33618 54065
31935 88582
69952 85881
46588 71061
9374 70793
7337 27800
16510 50991
30444 46708
52778 59332
8720 28084
33561 88033
53488 65576
84382 94893
8773 87720
9504 58227
70328 91661
4952 46624
36948 76633
77287 82479
63670 87207
82983 92726
50587 94834
47220 67700
22259 60413
51416 79728
8661 35841
7170 48713
14397 55890
23097 58126
11779 44058
20511 30041
8522 62036
51256 67718
16903 59443
21251 81866
44302 62617
22983 68090
27722 87257
47348 74662
41314 62710
17469 29088
10242 25879
38708 41524
16963 21973
11279 72919
65418 74841
64044 84865
53357 75473
26799 90876
39607 88051
12976 15051
26611 31540
36317 78223
4693 20864
65333 76726
10886 59376
76505 89231
13328 60011
18383 31221
20061 48377
59039 59993
18860 55863
28084 31060
58454 65622
5479 78579
17824 40275
46632 64722
34250 39401
17766 54422
42403 45329
14903 34920
30643 68217
6054 73057
69285 90376
19205 75410
12241 45758
22809 49474
53794 60916
18559 25821
39742 86921
35653 51001
37648 40922
47661 87401
24281 70160
34192 65393
15589 34986
42994 43817
43726 69363
11301 30701
15744 19178
42968 69984
66629 76873
44327 80277
32790 56278
27839 31665
1743 82114
1021 86574
26897 75706
22788 34213
26698 45367
30367 94282
55586 64315
20371 80810
9193 61833
51201 80632
48737 73339
34282 70257
1937 19389
81529 85375
23249 38201
34895 53668
890 67855
8144 18888
31301 48772
26351 27960
4076 94862
28019 62599
51079 90248
40 21196
16773 33081
24448 39133
3649 20137
8698 18598
13313 93714
33242 74627
10155 43738
42489 57120
76612 83830
55351 77271
1539 10117
37206 50459
38749 47365
25022 28697
53186 57388
1642 36935
37825 73238
73462 85567
19996 22537
28235 87882
25550 77367
5533 55212
3397 5079
73624 93513
37753 55383
4614 6341
14833 82826
11519 43928
48923 87599
339 88585
73099 87018
16836 84847
45252 90682
8423 93843
31013 61411
24801 84929
46515 88926
52855 80973
50771 87519
8555 22886
42065 88253
64066 81165
62586 76990
10106 45530
12154 16645
13972 16540
6437 66277
1193 23975
17853 77662
29853 82928
21548 75850
63953 88131
43999 76326
6578 18073
25884 58234
1855 58378
12058 71115
32117 86851
23650 50197
50836 57116
40408 48621
20515 25243
74214 78896
56047 60452
7673 51912
13688 60030
51434 90426
4847 71508
53716 77978
1989 43443
75928 81113
312 3042
15619 93459
43164 48937
68968 80772
1993 45603
15663 42275
35903 75035
57903 73079
70775 84781
53527 53611
8702 42932
922 40525
71753 93760
21045 86785
4097 20412
17907 60903
52494 57676
33133 54246
21519 54211
31430 93438
91709 93775
5065 47166
15355 61120
21719 49730
27589 73818
52933 70860
40172 59589
43523 70368
67472 74987
28102 30669
34831 44057
56094 88280
77582 79145
57781 89640
17357 83119
35583 79437
29929 34440
25175 70027
78303 84181
50227 50679
46622 80630
17147 47198
12664 40681
536 40952
4647 59212
48028 92365
26236 58669
31744 58911
36382 82205
43286 69977
15981 92983
16378 51383
1420 93338
10724 91031
70877 80386
43009 46146
75950 76674
15640 24996
61854 87172
19351 59815
72788 85247
20379 51549
33920 91355
21393 47288
37718 82703
36733 79430
17904 87118
6190 80228
52347 74700
29897 94627
58511 89272
269 75193
63968 72604
416 34225
41488 48995
18182 58489
34430 93363
33378 88555
25815 30416
40089 84502
10211 61397
11797 13905
4445 18710
52099 55890
38718 82200
21781 38423
49935 67389
37358 65906
35863 74377
20668 29094
5241 83244
45839 64491
19238 47128
9122 23945
5713 90685
42711 92751
42593 69752
9722 92610
86272 87147
14792 86163
69389 92062
7722 77209
15378 68165
2725 84772
14201 56216
40898 48365
10481 54656
14466 87251
10621 89313
77475 78039
19278 94810
35333 78232
4223 40176
20192 43463
29143 67802
32834 78298
19697 93059
47490 85237
38759 92030
29678 68874
36120 85507
18342 66132
25276 37989
13573 42121
12751 78264
67907 75106
52724 91062
25665 90540
12987 36176
17399 48724
8864 46431
627 53485
42226 55393
91 2380
40814 85029
74659 76534
51455 59855
35230 40597
7122 10574
39381 46331
41769 66410
61837 94506
35743 52856
65590 90991
67553 91235
4388 53795
31553 93073
10913 87067
24142 39711
23140 93770
67287 86367
26951 75131
53054 78890
38533 38607
43378 62917
1060 88753
40276 68779
6015 60568
18025 40154
66995 94006
5756 73536
6275 64580
6224 11409
2173 88772
87616 91818
11644 33683
15240 43132
25448 59174
31482 37190
6692 9069
20300 89380
26634 64007
11360 85523
4686 72307
4404 17011
21550 75340
38841 48118
43524 65473
57779 58449
59778 67314
10423 27038
40854 78989
64118 86219
29235 57490
781 30071
60294 91855
45561 80978
16835 86266
4732 6593
45194 79750
36762 48284
59476 91247
24728 73379
42164 57979
13537 65212
25879 75776
7298 77455
12181 36405
39178 88206
49255 81733
47576 75371
31002 76910
73975 84528
66237 80757
26986 31338
595 48830
11145 65451
32197 65328
39555 47555
51283 86749
38887 89187
21312 71566
22799 88816
63825 93184
36341 64689
46752 64554
11765 29973
61385 62191
55073 84928
54652 70190
12465 87210
18286 35970
14829 43781
4160 9389
70956 91339
76639 90939
19100 50414
67588 88542
10360 51921
35969 60732
30478 39375
19731 65882
74915 93640
32311 63078
18185 78912
15863 41973
19620 65095
22754 42870
13323 39178
1654 23697
1019 74544
30576 31778
68525 89694
45370 62928
41387 72895
2045 85641
32003 91834
11306 50375
16305 45663
43519 66802
13347 21384
7603 41375
8941 55601
2674 77822
7565 29154
35960 57505
18019 90165
21929 87884
27746 71424
32756 70116
12976 33833
63057 69973
57731 64643
64311 67336
13566 70366
10482 59256
27968 72385
27506 47970
23554 76808
27715 93812
664 48130
55547 69215
75187 84751
84970 85075
3188 94717
37781 46527
78602 93270
26419 87724
20817 55776
34376 77464
22138 78714
43391 51563
35621 48681
45679 63030
36470 84571
55028 89157
23702 26171
18393 82369
50783 94892
238 4835
3034 14210
15299 64440
56590 69073
57864 74199
53513 57177
23303 61952
6375 71832
35389 55775
22310 79620
6505 56884
30081 78182
48924 89813
14829 81899
6838 23114
18380 21417
42478 44873
33510 55579
5626 61441
14924 32102
37437 78035
57247 62385
16187 68888
29738 94949
1735 16172
8478 84477
66850 94508
39387 85210
52829 77270
36261 57778
13350 47408
47666 79656
9316 77349
7454 91634
14352 89361
2293 66810
44599 91644
62307 89537
30019 37730
56905 92905
49456 81008
7707 92773
13475 64172
62654 65860
65093 77333
27291 45286
80179 88656
43225 85533
36613 59729
3773 63694
55130 71573
34577 43555
21455 28943
3232 18291
988 14685
13131 93671
2323 34087
9093 37264
4170 91990
2297 69517
27312 41020
2592 71209
81328 89510
62860 67120
24988 87311
27230 36306
56598 94297
66736 72982
3591 29133
30608 47265
34411 38143
76588 79983
5621 49880
89160 90442
19205 25950
31870 53652
30251 88315
25112 77012
36517 93775
14976 87182
53649 84515
50962 73337
24572 50551
51166 83691
40597 72966
66838 93186
33801 70088
54927 86772
11268 32766
4952 35315
42250 94173
54494 79846
10629 54319
15489 78877
12016 94798
40998 77121
30254 67247
41458 63794
30307 64044
17210 36325
1525 71182
31592 40532
9371 17534
7595 79305
10522 62715
61265 86086
8059 49357
37916 94047
44990 92828
28836 78263
39414 78151
20385 40626
21930 41059
2346 73809
17254 89923
83562 85631
46501 53479
22146 77892
39449 42760
23282 52217
6591 65447
63574 85179
23386 73590
80054 80319
52283 85941
26147 71886
8921 35634
26424 89697
16811 79722
62347 77694
54231 85631
29152 41937
54163 57506
17821 74857
36 9978
61339 63031
21949 90694
46421 83255
4344 73948
13546 50195
13806 75374
40485 72449
80779 83459
9085 92052
25444 31260
23041 89610
16186 87131
53910 79819
15595 18572
15644 42831
27555 61246
9401 12279
26759 32366
20908 29820
78057 81058
44315 63729
62144 92079
9861 73936
1582 12992
60528 72641
68239 90313
44439 79766
1951 36263
37736 62619
69456 79963
1876 88792
76194 91769
3218 39491
21367 22399
92428 93333
871 78330
38876 77720
67352 74157
43674 88516
45622 46631
64282 85875
11269 18755
35029 57765
29246 89799
58024 72736
80385 89111
8520 77981
88089 92655
44452 65047
26202 78115
28331 72291
61050 77298
52368 63945
51022 65283
1180 68054
71045 82704
53116 73976
38983 84370
90103 90505
5952 82211
595 13506
53116 83569
36088 38959
35894 39401
26795 81288
58953 75104
65210 73853
24625 36136
13517 45806
28631 92018
63684 69774
7727 15034
29248 55800
1159 73580
23974 33100
30623 56567
43449 51529
73433 88694
48422 85036
4512 90148
29029 71834
30445 78240
41188 43619
48653 90236
22554 55899
44715 68528
49293 93901
31115 76201
28195 75544
22578 56011
18765 94021
15917 73488
8669 19775
24011 59765
240 83279
33673 75037
7612 88841
6053 64158
19449 42474
34735 57127
54512 56073
4809 34394
69171 92254
23414 38967
5613 88323
7588 62797
52688 59480
45672 65208
34007 48200
36056 37724
14056 44100
60713 77777
15268 46229
40306 79700
48473 51555
1138 65765
44790 85750
2481 85250
22102 48878
8686 29285
67601 89558
55776 56701
21233 23867
70728 75032
34146 93315
58320 89420
27825 68151
16563 51582
37416 42807
39968 69530
8115 26511
2142 6769
45009 90867
14545 73419
29019 29399
8284 14766
58867 84121
28568 80968
3797 47322
3818 19955
20481 25013
46066 47887
19703 52371
339 56037
54308 88073
79361 93868
31784 35703
74214 75653
34320 44215
19003 32225
34656 72256
81033 83477
4923 80186
1113 9886
14041 51156
78594 94447
29703 63064
23738 82112
21508 55648
13971 19708
3126 54175
55662 76194
15227 79749
15588 80423
36604 78313
42087 70073
30477 44617
31089 80427
12969 15590
77163 82131
3766 34123
8035 13375
8609 24796
36621 43348
34000 71149
28428 73322
15922 61976
29845 77270
20840 27711
87981 93229
27922 37884
43673 45468
5825 52259
23244 93581
11622 87393
5267 69453
46291 91689
61407 75599
4658 79827
8684 32991
79138 87834
29708 33975
57359 79256
8238 73877
9109 33713
18205 66013
11202 16438
32143 59420
40004 85549
25304 40849
38575 40380
12942 63223
6558 48158
11563 83692
43479 83407
7677 17586
53991 70939
5484 37331
39457 61067
4937 84469
25185 55825
26813 85072
50649 59554
53387 63526
80741 88632
337 41421
90371 92960
24247 67477
33922 42636
9439 82771
26781 90035
75999 86038
31594 43846
17569 76583
10669 31552
22675 73132
28569 77645
48878 57137
34707 78874
50209 73608
28016 88849
9755 14420
7872 50992
49 74327
57733 66388
4938 59437
58304 91630
70122 86368
48114 87687
43278 89994
22364 30036
26725 51333
68338 78049
28313 59141
12042 79156
13729 72630
57155 82591
57215 92037
38335 76980
9254 77271
11499 63422
73749 92528
56801 78304
24207 48890
69356 87578
4009 20811
28495 34202
3708 33733
48730 68257
18880 64421
4355 27348
62101 89343
47098 86367
65689 78581
11854 52225
19652 94394
10007 31254
65039 70232
10030 84513
75730 79315
18000 36627
28142 63564
1146 52194
1422 81841
37963 86646
4541 84821
30396 71635
22831 79385
38628 68546
23610 80705
8964 87294
22792 61449
37272 76160
52093 90984
29512 63719
80207 82162
6105 15281
47433 87714
32787 81718
27631 40919
9246 32444
24038 81880
11844 48612
40693 91548
17145 89781
24129 84737
52468 80686
54186 70866
60601 63261
24085 63228
16954 35625
22007 55831
56567 60945
37654 76329
52917 55561
53934 54643
80771 87226
21301 34844
4608 11812
28482 70450
14932 33960
17745 38161
52869 56027
52881 66732
53711 94525
7488 30992
14845 93168
59555 93477
67056 70588
30760 56018
56015 64250
29330 36559
28533 48004
37974 46512
28845 89307
7608 83210
13913 23971
27215 33028
37004 85946
10285 51558
45349 75069
45837 51819
6371 44398
8602 43826
64512 74907
10225 25871
50492 92442
9577 67474
17541 78680
18780 51979
15868 85850
37362 91685
41145 70123
24813 62799
15873 44002
58070 74166
30317 79008
24753 93551
17166 23687
58979 70233
78264 85950
8846 89276
26842 36222
51709 57302
32342 52648
9595 73569
69971 76291
70000 83921
71703 77748
8297 37229
13370 68483
17402 91956
11533 81167
23967 61788
29027 81868
74672 83427
17087 52242
36574 47635
82496 92237
39458 57293
24753 64834
74823 94950
45356 54930
16153 75372
11464 17953
57234 76038
16197 18767
5540 19570
14052 64031
22842 34685
34759 92712
61525 64930
16235 71674
9298 85368
36795 83633
33537 80303
19691 39685
11356 35371
1656 36073
15588 28852
11258 81131
15812 88141
9962 35437
49723 91730
25795 42104
83286 92746
13111 28813
45257 61428
21584 35608
62906 83324
14407 58702
14958 55298
61666 94690
66754 88403
22742 41581
35504 39305
67357 89884
17860 47472
16526 30495
22962 66012
2100 14230
10468 31538
1382 90090
39243 74449
59596 61087
77748 89649
1867 59815
19604 28108
35051 79767
15336 20778
31831 33137
24347 65217
36596 46382
11532 87644
1441 59947
8273 38503
33459 67557
23382 73975
48875 69769
25463 64585
11461 73315
13576 50125
9761 51744
46481 56945
60714 85122
58991 91744
37528 78372
47641 90180
85176 92127
12259 13275
9765 10595
43567 65943
38115 41820
59188 78812
24894 53014
52496 71473
2482 20356
10327 35460
25597 79449
56982 65334
28666 28976
41958 49653
14071 37928
340 57344
30570 60153
46 49902
2589 10148
44437 72716
9106 33905
55575 92145
36371 57371
82972 86480
15734 17819
44804 58325
27495 42623
61441 74688
54843 62592
5474 35642
6828 29219
37523 82501
62327 66836
52418 92680
42341 92618
11430 89581
9885 24619
46613 87809
80450 90134
25813 79427
84195 86853
92203 94444
66341 79848
37586 53308
7398 49154
62052 80054
42663 84982
1417 70440
62584 74232
78450 88537
33170 65105
71545 94803
12619 16639
41090 55515
28766 28874
49055 57849
36897 36900
76202 86883
10599 52837
5703 85791
32416 75330
53987 80554
36122 40549
20468 29239
16784 71436
40594 90771
71759 71802
9695 82303
1268 27112
12489 88590
22182 66710
46351 70627
63605 82497
36441 73804
45101 75597
33654 70381
23797 56439
24670 52198
22752 49419
22321 91037
16354 75005
1802 21086
21601 23739
41143 90548
20496 36833
36804 56080
13359 61486
42967 51700
2601 58052
32472 73278
33317 86845
11330 67307
61643 78360
7339 56050
6965 19359
62896 72793
25146 57619
43935 63432
6950 73965
4956 30622
14914 35572
25093 47079
45941 65199
31198 44777
12970 64774
37319 42932
31033 38474
343 19249
4901 84116
32930 62220
16988 72679
10096 76820
57888 94759
27472 73748
602 42546
48383 50637
58216 67795
3984 35300
31009 35025
8690 39320
1994 90481
10936 37571
5556 32347
63027 71182
23402 61814
31644 57302
48792 80686
50179 71541
48433 59504
63267 76091
56400 75934
33534 57132
16154 29059
23543 53595
27839 46916
1166 30242
58156 58185
31062 38827
54659 72707
33687 89307
13348 69295
5211 14652
45114 87723
40156 46354
25875 83577
14123 79488
20663 80119
54841 60438
6908 67513
32060 93439
44153 69439
53063 71224
13097 65978
13542 57979
4695 20941
59036 66123
18357 77706
34430 76942
13723 75977
9297 93367
34188 77331
29802 78307
66957 72249
39208 59491
32886 85028
24689 73344
5877 63190
42130 87933
13140 31894
35595 47172
4792 83694
8304 56890
7311 93086
97 72306
3813 6836
4783 21078
30248 53976
26661 61977
37905 80454
20180 72984
83715 91643
70366 83209
27475 83852
7755 20212
49687 66835
11876 50122
25335 32250
59182 88365
18826 21298
10184 15561
2556 34279
25097 28152
16167 44195
78174 85685
77629 83393
56326 80157
80591 87367
9378 41567
38883 71141
28185 67322
70469 70687
6867 49361
129 10313
55057 67520
24302 48263
27426 89262
201 3057
11999 23160
31515 45281
52283 66257
42406 81334
24949 90179
39572 69188
2025 34666
16117 72828
33581 60983
70678 92711
55962 81435
61256 70397
71764 87738
21866 36082
37068 56700
16894 29341
18693 28710
79645 94304
58975 79085
49621 57039
56640 62221
29856 31377
15734 43647
52688 67686
54725 63857
8885 52063
10751 11646
27384 38313
2787 7913
14998 88835
2111 86215
17872 57811
17057 24373
18531 91766
25406 28402
55430 74919
24921 30778
62189 72980
46173 88155
7384 88506
25777 88692
15240 18453
52639 74008
31519 46979
55005 64505
7597 42342
12717 26640
17491 83800
657 12027
858 94223
49259 60359
40327 82226
10580 34545
4761 62243
56851 64910
59751 74797
42353 50438
7313 87959
3252 38520
9562 45494
6960 12922
3898 66553
46630 64136
12939 74327
34656 45233
64976 83622
72982 84202
33280 94735
52088 86093
20249 54758
32915 33665
27014 62350
53393 69060
21682 63546
32960 49882
481 42064
34695 66791
63489 79675
2432 60639
87873 92492
1404 82938
39808 79138
11715 12068
57764 63309
1480 6279
54111 77437
55263 84919
19467 29097
1125 13690
63564 69597
7020 26949
67 25544
27103 70149
3805 19847
14738 80205
10167 34727
17884 46700
12899 54561
43908 89846
46348 81182
1057 48494
34287 50513
28096 62053
29192 50447
7066 69142
1651 17171
25768 62267
7208 76259
52156 65653
13339 44622
3528 73552
28406 94290
26764 80279
48484 83137
27218 43135
59537 70254
51977 93348
6222 90458
18876 90802
40692 65960
57176 58993
4636 20741
17794 72583
11258 45975
51185 59501
20190 91108
58407 58720
43704 82871
27911 58671
7175 28653
963 66011
19290 52327
1781 21667
42886 67894
3631 14134
25499 32177
2320 45548
35908 81428
34023 60474
9171 72212
22243 80565
13630 52069
53785 90519
20667 59177
74869 80004
22882 79143
39354 80267
38654 54082
60943 76201
4937 88105
94050 94768
63041 75195
57270 70366
59155 62746
16821 27403
3318 37531
14795 92597
59697 60861
44618 58927
54833 89516
14022 20700
50504 70835
25383 45818
109 3187
9809 32669
30482 63912
32951 83660
9360 71570
37419 50966
32441 69495
30553 91466
30868 32128
16707 33615
12820 32805
27233 31783
62301 66346
52027 89216
31600 39188
1342 36529
50816 77092
2185 11195
31782 77906
4354 29361
26460 66295
10177 29332
66536 90148
36052 89552
55134 57238
44145 64225
68169 75197
57100 74498
28635 33351
5170 30049
42325 78295
28378 38318
17618 21374
58528 92112
48319 68291
7709 36824
1721 69562
80829 94453
2621 27912
59542 92171
78818 80998
4379 55804
71103 93072
46225 51064
57871 92901
65553 88287
42569 61653
28787 73940
34987 62244
34583 39437
11134 78722
19699 67004
32313 80556
376 57961
83821 89551
3351 84045
30967 36415
37741 41853
55387 77919
58530 75758
33446 71890
42476 63902
82840 91530
11680 41137
1207 5245
23222 88106
31016 59792
53312 56057
15234 49114
11744 30463
13839 89496
18012 75090
39000 41669
46450 65984
70335 71186
50819 77894
43658 54254
16611 74113
69241 78422
29573 84040
22462 66553
9785 25184
29646 38533
1724 87555
53788 64548
4153 30963
11695 28123
35759 67919
26681 35493
5303 50315
23300 83346
31503 86017
30976 39034
48757 94813
57111 59335
2721 31974
9312 59276
31729 83589
81535 87113
4791 57352
9944 34154
26313 43626
1766 46222
13994 40598
26284 88383
7695 87593
9818 77157
50009 83073
53038 89009
7704 30518
21819 92934
34757 57177
60233 65838
46496 88660
29562 79094
60616 84975
16598 27603
54529 61241
13252 28070
5832 75788
2022 87023
8258 11388
18573 22014
43828 52908
11865 34448
76804 81408
74211 75730
21792 52978
49400 49944
51658 91266
28598 75278
63628 80323
1751 83783
66872 77404
52291 57323
34439 41540
58111 72526
14000 78802
32122 62670
29597 66558
34721 78790
21989 22473
52597 71901
997 46852
25667 67036
55901 59632
14199 74390
10812 38493
63077 91123
72013 92489
56964 76318
32785 92936
68268 94210
2624 58686
26156 77637
56678 73170
81160 89418
25613 35277
79213 85440
29973 52334
23905 85163
3885 14404
24920 55410
3795 30699
33531 62235
31693 61529
6204 78543
25276 60891
36031 36121
81804 94391
40756 52136
18572 23606
61086 71712
41883 72373
28190 28667
12900 26915
57733 58761
3412 46619
24743 82756
11046 82103
55994 76759
15243 54573
10941 46016
11144 79967
7707 69074
41417 53167
28006 48553
64487 81653
57657 68350
84468 93371
15608 65992
19729 48297
82868 87011
47738 67496
32814 68413
56780 78779
67558 71590
4304 38381
22934 38749
49023 71211
19910 84453
34407 39447
30670 83647
40207 44427
44394 60773
2615 30175
49759 58009
61787 91741
13362 16702
56477 76089
60195 74977
64591 67790
12582 87758
72538 80126
27283 46127
22405 25688
17663 28971
26186 72603
15576 26514
4433 19910
273 13062
27624 41060
19175 83733
15538 64229
71758 74164
50939 56369
7162 48328
10359 62045
16935 39564
10099 13304
22775 36731
66758 80997
21945 66065
12234 40780
11409 69164
70446 85283
22723 66991
37348 84887
72294 81611
48943 62827
24168 75480
19794 62881
63288 69802
8006 73863
12566 83488
12488 31663
37960 57071
40939 74791
11473 36979
11157 44841
48285 48308
4433 64068
14660 83050
58771 68672
53495 94180
17546 49255
8298 11009
77441 88749
9127 63516
21975 65108
38435 68346
25491 66919
18614 89598
53533 82343
17372 48199
38121 67309
76325 85598
22868 92270
42959 56250
28855 60741
53100 89757
8964 29737
71056 75118
27464 28039
13607 18739
41233 61388
42288 61361
955 94121
35545 88691
29163 76883
39935 79597
70778 78634
45226 46587
40381 51345
45759 78890
18694 20029
45528 65332
36799 82049
43136 47297
567 13689
1761 83815
20648 79887
34538 67815
39351 77780
23634 94053
10232 81183
41541 58932
36500 75177
69333 74470
22113 30282
7994 21421
71451 79724
34666 70300
52816 56692
32714 38240
21679 63312
52712 94362
81698 83939
64412 75815
26998 50499
43333 77875
40039 82098
36178 55390
1867 82904
70832 75378
12407 44147
51906 54391
63132 93764
22445 75025
13489 76801
29643 46276
33667 36701
74337 79018
10721 83818
33767 70961
31514 62653
70436 90445
17623 40302
33805 89845
3937 48096
11037 18519
25298 60206
6712 7007
68337 82067
10539 58594
6276 32869
73424 90356
20329 75428
212 61379
41400 45336
14597 64114
18679 37930
72263 78525
3238 23374
35426 52565
58584 93030
65583 92794
21892 38777
2277 88927
14501 71216
64724 72766
5659 47529
33386 80902
39698 57085
57703 79721
19089 37593
23605 37613
47549 91960
30832 40720
9727 36964
12164 45481
25788 45460
61437 82154
2230 65497
12335 59086
38310 44258
33461 66475
260 14851
72761 90626
22465 42581
11723 27562
38402 72927
54882 81892
48173 54342
58823 79576
34418 59782
5608 12564
19058 34813
11533 42017
28126 86193
69846 83118
19314 64589
15767 20425
29878 77381
72076 78372
46795 73530
8622 50670
7073 35327
15292 88679
41636 61603
6938 75132
25092 57618
10212 33427
13550 54656
10242 87584
17030 94662
1705 55264
40806 42410
37492 66988
20079 61268
9617 50143
18527 46634
41411 81365
34650 54799
21886 80305
40141 79809
8334 32478
52766 83459
23594 60366
44383 76392
7110 32246
37867 64317
14398 92766
21630 58914
4508 54546
34653 45797
21894 91048
3836 67361
45282 90718
5821 55170
8028 83768
18931 89968
16861 64578
12689 41498
38747 83315
66726 80869
76 79872
6255 85202
4858 71443
7729 59182
11337 55610
38826 42544
4299 66772
14375 87445
26446 94423
61456 84805
52746 89246
48400 74323
58922 60100
33197 46326
2045 33425
14855 54127
1141 42926
2557 82520
19253 90307
71156 80927
53013 71674
18197 28056
19156 48048
68156 90435
2187 67066
35937 46483
9637 28875
37832 52155
35219 77364
11320 12146
46358 85319
70329 91835
24595 52381
9060 32731
8109 92857
1599 35327
48362 72052
61074 94695
875 52776
31904 67429
39380 84164
38336 47993
25493 86751
28405 45318
1567 45547
51977 81084
15651 57659
61210 68912
43228 90282
52425 84254
2748 19070
15466 90451
31694 83652
21067 24701
29342 34920
6520 31798
48577 91072
46463 74964
32031 51839
1202 23753
65770 76268
11739 69674
25151 59429
70249 93170
35481 91167
60067 81413
63806 88989
66651 93448
14753 22726
7850 82399
5134 74841
36737 78551
2533 8785
25329 68748
33701 43322
3030 22951
4674 52164
10494 20356
5439 14229
23248 68007
42410 74938
76639 94567
4814 78738
12132 82083
67530 70825
26654 57253
72913 89855
4592 57541
41102 50687
59163 63319
46831 67561
21334 59416
20538 33898
65401 75539
24375 40002
11906 79208
38264 60424
18036 29014
48251 92308
47420 63158
53687 59833
13025 94456
63090 78599
12522 22167
43443 43879
55005 83909
7137 31583
18243 27447
63923 66882
26211 59490
56189 72895
13280 86828
53566 92561
52202 90244
49602 62850
26992 83562
63755 65420
22872 92241
30341 57938
12672 44897
38739 87303
2876 8188
34368 91695
21531 27895
31382 73420
46786 77313
74371 84846
32950 75676
40094 50125
27407 28240
59716 82308
37347 77034
47233 93078
12462 94557
22773 40541
24866 78003
49848 58056
33728 51416
39731 82212
12669 79629
2449 90174
33233 50219
16001 64598
7008 42537
52863 77728
22349 76244
1549 9415
53375 61094
30436 43197
42723 59478
76686 91620
233 52452
8044 92612
6666 76020
29174 42914
67820 90494
47315 72773
56065 70389
25373 46279
3429 34518
67951 89654
49428 85223
59762 69220
16307 50889
3261 33994
26724 34112
7233 82937
37105 52475
71123 81967
21812 47240
5446 10346
16176 22361
18942 43238
13963 49468
1870 65505
24517 81915
47693 56307
31037 37585
14846 40057
23846 77772
13775 19972
3222 55018
33307 81151
16507 61958
41835 59679
3816 12571
57643 73991
9689 78895
73348 91373
23255 85031
23722 59929
12391 51498
10909 78854
31890 44466
24733 87665
27650 76284
64000 82436
33318 83532
13839 84598
69154 73557
72417 75097
22774 56873
9017 77670
3529 54639
44041 51492
26405 29743
13957 51780
24727 71676
35362 75076
11565 41043
33606 81064
1927 43122
61501 73345
23915 51411
30472 85111
16003 44672
53526 64195
27590 29477
30847 43414
42601 79469
6513 37888
64764 85625
16031 36110
1894 57868
7303 67571
79316 79724
67372 71553
17119 65555
34863 65109
21997 52766
30015 75389
12358 35093
43929 68765
37984 69977
23611 30550
48796 61668
26995 77370
3944 5567
78249 84728
47160 73579
23260 71314
5838 24473
31830 71500
16983 31353
39695 63060
10274 11806
54844 92571
45938 92881
47548 86504
30931 43434
16458 34063
62962 83025
25227 49725
10409 83818
58169 85608
37315 94199
79883 90761
62324 63701
26787 71684
31627 59187
17011 19618
26663 86199
13068 16881
10158 30783
24092 57406
42885 62382
17795 49767
30332 86384
38860 68771
66865 91956
25654 62077
22356 61827
69092 79428
26827 55222
4855 65609
4481 11704
38852 68770
23761 62563
53045 56549
63801 88357
12222 70904
12940 84795
13792 52965
7667 91030
24024 42608
28986 49887
14394 82625
90771 93168
38437 83308
12361 34108
11129 62013
62367 63343
21533 90649
4409 15517
25121 52808
8140 39751
19199 45500
69926 80659
63802 65021
32907 68567
16373 45434
15937 36416
11031 45647
1001 44529
14168 70745
65535 91294
72717 91899
1503 62309
38007 77610
64719 74438
17223 73602
20787 67987
61668 92211
25772 30016
6303 43763
34920 94786
56720 83236
57672 86175
66750 90161
13195 56439
29498 86352
27526 75769
30460 69642
68827 81280
10313 15815
65303 86178
16260 29202
36836 73194
24501 67562
50791 72810
6433 42131
19739 26354
17018 91535
7879 57091
36715 83916
19755 36110
25591 87101
20267 77546
2859 59489
36317 56162
20525 41022
24082 80703
64066 67260
70710 86118
4935 69834
54194 76733
70668 73259
5410 45545
38520 79568
37208 87193
7402 18947
46440 85559
4070 48360
19211 23524
42025 66090
65838 69815
1541 89700
44038 73537
63321 88157
18623 91406
40871 75831
1694 14691
34889 43731
34555 93400
26371 47576
38500 83370
30071 41889
945 48288
24531 49235
5186 42141
12538 52865
14378 65703
2055 23284
16774 21713
31177 48459
17526 38551
24788 50872
27995 39005
24463 38707
30799 79096
22042 75026
1907 39562
13966 79889
10007 34847
28769 60393
18626 66211
46680 81197
52336 60879
21296 38976
32289 69282
82032 93948
19109 55097
3752 77846
691 57376
88571 91948
45238 92052
42880 45729
43675 54627
12968 79236
10995 45238
18274 40049
59398 85910
45710 73196
18577 51785
47109 85455
52622 69359
70852 71333
59001 66355
53270 83858
64352 71883
299 37293
11227 15164
68138 88430
45197 72156
68129 81312
8138 61076
78355 81485
58951 90213
56903 84819
6195 83958
67464 75277
10245 54769
7895 64219
36161 50151
28985 43900
21770 84252
36235 89291
29671 93206
19662 62804
37420 45879
41015 41668
20845 38452
60405 89837
504 85061
73311 79293
27028 42999
85976 90341
53036 75697
38415 61715
30593 76581
28041 38743
23875 41186
15390 85225
58072 72927
43184 54222
44899 52108
26346 87774
20777 56252
19821 25042
22728 61847
77710 93365
56125 71668
25742 50539
65808 72109
20616 90731
18093 38122
73856 81071
51150 80345
50452 80253
31300 36553
16317 23244
42940 44416
80296 91811
60132 75034
62346 82484
26175 47616
27585 60514
36147 50855
15686 72943
11096 17632
4022 46230
9146 62065
4250 30581
27819 37356
51590 74708
40287 76428
71661 87322
40207 48031
8220 17829
50289 73707
55169 67099
52101 73643
4005 43306
20947 33821
15809 47061
5480 65743
29133 86965
43888 74753
69666 72555
51521 75640
54742 77509
10067 29520
73622 75155
28662 33901
7964 77321
65967 87390
81572 89684
39932 41535
17135 76864
749 36059
43010 86777
2434 26291
20043 31382
14966 70769
35529 67628
14768 87491
37990 81812
5261 34611
17065 31448
59475 92247
11232 21679
20129 91414
40844 76152
14557 85554
4353 27083
43679 61022
76758 87157
46981 91155
39055 39857
69263 83270
23513 67833
64413 75850
39441 86892
12337 87615
62590 69304
38132 53012
65445 70524
41187 74159
41496 82533
29538 67560
66347 77343
63063 89039
49218 87536
16042 24312
15682 68731
16023 23339
1908 69790
62369 63868
53882 84723
57589 60777
12908 51063
46780 77377
55457 78839
1499 25763
37395 47780
39812 68400
53976 55044
19117 81066
35937 92726
6907 45580
37891 50818
27597 87108
8176 30319
4058 17818
31449 41801
67246 72013
23720 75779
28185 32592
11077 25555
34032 61298
39216 58733
6880 29063
54834 75583
44962 77817
17842 61788
39378 82276
59694 61405
172 32325
5696 39453
58812 67877
45363 75475
8466 75015
21641 87180
60674 91187
72115 74786
14656 40962
54751 92058
47500 74199
34144 52663
13008 23701
2898 60117
12995 94584
16641 30501
8749 9416
73111 92703
64397 80376
32233 35843
9874 60721
46633 94722
34896 81527
22730 22822
67959 81096
25614 76419
65294 68965
31192 44503
4427 15361
11586 28274
35882 62442
39413 57110
28632 94248
64909 70399
26031 27298
1414 47922
39267 75041
87772 88418
54069 74266
64689 70610
29332 94082
70185 77041
48555 82504
62443 86058
49124 52659
70799 87141
52723 93611
24962 30130
40062 67709
25812 78961
29626 74581
7489 9128
4304 88166
42946 69108
1283 50420
17574 75913
13209 71668
23525 75170
64746 73491
4312 7279
78181 79195
42534 80529
27755 91603
23085 81684
46243 83474
6164 67164
15844 61593
52689 94707
3904 38939
24984 92784
575 31453
62472 79268
19838 58040
8610 28903
35783 74214
7815 22883
14826 50432
1531 29306
64088 89248
62448 87009
19469 21226
28376 46987
32483 85928
60176 81439
40120 91091
30441 90886
34838 90861
21744 39326
15827 90147
57113 88123
29117 91965
62182 63645
75435 86140
21533 26183
63241 83468
51396 87919
74977 75088
28181 32026
11521 21277
24379 52558
68035 72370
11614 76756
5551 94031
8543 94860
6326 94193
5024 20615
42819 71993
75108 85188
33592 70187
56272 65196
32228 93644
48805 90499
31258 80852
59621 89869
11354 11539
55355 85647
12468 21703
30065 42417
28032 75412
5731 37699
33913 74624
69798 73603
41490 92370
17064 26168
10127 86338
7000 9942
233 4044
28917 91112
17762 20441
19815 57560
1177 72056
2479 94870
57301 74237
35024 90365
4246 73909
20326 62154
22024 68655
28447 80381
5854 10420
30838 80605
29137 82345
4173 32950
37615 80553
69709 78195
56070 65963
43515 59406
15643 61861
24592 70795
51525 78475
18230 49300
61059 77858
12733 76035
3278 68889
23424 25107
45688 69746
68475 93644
27079 81465
22338 23954
6014 40486
14204 85310
18021 20719
5074 87049
1623 27238
48627 51933
52640 67865
31653 36768
6716 29021
27719 49370
46138 94005
67434 79836
17817 79734
11117 65704
44040 66284
23820 85510
63708 82154
5265 60954
7841 84124
25633 59557
27456 32838
53557 64077
21122 38718
22924 51659
48836 67770
16654 36976
1774 47270
8934 89022
18789 32949
18119 36660
23991 69576
3515 54260
41781 54939
18948 59902
41461 76587
18197 33119
55 18016
21879 39476
13684 46852
69538 81612
11328 44590
47059 79440
30080 93901
2166 33638
20168 80722
36596 89275
12449 37876
31439 94221
46557 92915
8589 49650
44672 70651
37145 43930
32359 71355
31227 72155
17478 25005
16083 30640
32606 66910
51532 54684
42126 54055
37291 40243
22319 94932
90 920
35718 45986
59880 65789
42574 85321
22897 63572
127 55226
11012 21197
44653 65397
50942 67049
9501 18547
17851 53205
42526 49798
9100 16678
8778 21321
24763 46884
29636 45125
26481 78961
17411 20750
68911 76024
54090 63508
5916 90102
18073 43805
44703 76940
1883 31597
31079 69257
40325 91234
18153 91027
42682 66288
57962 64777
14723 18033
36875 75295
49852 87808
42942 64390
29901 80304
3968 9807
682 48135
47105 77494
24819 78700
8743 31758
15111 47845
33689 45940
932 31474
6797 75512
4494 26519
44970 82777
9861 89343
47154 68053
23417 25769
32556 38472
20431 70615
69353 88556
67758 77192
62978 76648
20995 51626
54067 85250
17950 94007
26815 33503
3735 59593
1901 87733
11284 62623
68123 77420
26266 57020
23791 83893
19606 28071
49830 50697
54771 60243
45894 57669
5869 7591
49903 60628
25144 85710
1260 53797
13957 93842
26900 89369
4937 21176
642 2201
56566 91839
61316 69911
8711 39324
12660 59748
30807 83946
74450 90150
9024 71448
25540 74651
40323 66854
2444 43225
25941 91170
55420 58517
11964 55822
71731 81763
5297 37032
28883 66417
46000 89335
28094 51846
21579 63392
34189 35523
49631 57737
11289 11480
19583 50012
6470 45387
54325 92107
68402 94451
42741 64579
24998 35214
30435 47535
31336 48961
35595 82468
6147 86655
21515 44028
70364 78951
55831 67625
7258 82049
4272 17949
31771 38517
89615 90202
43110 82130
55365 60848
43639 45216
3155 30045
8622 67273
59694 91739
33707 57183
55694 67968
9009 34251
15791 46025
39373 70925
26666 88164
25567 43541
34839 38081
35801 59690
26756 41776
15658 25298
48698 56199
46357 93724
5804 51298
82363 91046
35959 37919
39819 55810
10434 15415
7566 54847
59213 82461
20724 25446
22045 27544
24402 57361
21013 86283
22388 81750
61831 65480
22690 89174
37552 39684
18664 30602
29983 92338
20556 83363
14219 68545
2012 34006
61163 92113
52519 53376
1239 66358
68806 85403
52115 84995
25564 37897
34065 70898
29388 77759
64351 90418
37226 94342
41207 45171
29059 84361
14084 35533
30464 47266
4246 25658
186 49732
11525 12601
67 69088
13426 58343
48346 73115
240 3276
7307 64599
23480 51013
54439 86036
18531 57673
53958 55289
23192 71957
40963 47378
44360 84759
17818 21397
14674 70214
60200 82158
22799 44090
64693 66850
66753 84061
65556 78443
61842 66930
27968 46622
30318 45141
53129 82608
30300 67362
35013 91231
213 77080
71689 91774
27402 32038
18399 75994
11809 12507
79534 90831
70599 94065
61365 68061
43079 44270
35309 55384
18454 18646
47410 49377
31176 48527
26085 76361
16638 58264
32836 72235
2455 3573
32015 58744
11231 94614
59548 92667
17696 83682
13918 38997
61412 89395
9037 75652
710 46115
16262 57802
2730 53616
69429 91769
14112 17099
60052 76325
62267 70923
69011 71734
22028 69812
17771 88431
12634 39164
16785 46781
39988 79072
56079 75373
22484 41503
10088 85705
73923 91466
15908 42533
8629 61957
33318 61856
14127 26008
28051 50883
10093 88158
1785 78068
16079 42025
83868 89002
56952 86979
87819 88978
908 17752
22541 45977
33905 59935
51005 61507
61490 89240
1847 51059
51052 94748
786 65590
56451 69405
8813 21460
1735 34846
46125 91225
77691 84626
3119 90777
29740 34723
43080 72158
17787 54525
45514 71268
48842 53836
30173 39406
18944 80050
574 28672
19721 32178
83446 90216
51513 82521
52965 62073
15788 91547
86482 90334
46250 81433
40332 65657
24128 28081
48166 78081
2735 4304
24224 60734
20172 62658
45407 91133
38693 87517
14737 56045
43331 59354
22030 72308
11805 76386
37038 55539
24965 82362
88592 88595
6697 81223
8572 43277
35803 54667
4490 78348
3521 79977
18015 27606
11540 87336
40486 52704
12164 24312
6507 72519
43900 67818
1831 22973
34913 81873
30775 92201
57406 71629
54841 75951
3119 50914
49245 61356
22878 65393
12836 54340
64522 87126
14729 63055
14686 39040
21713 80359
48945 59455
33827 75826
45611 48622
12790 68717
11087 13540
43840 82159
67088 83465
16835 29225
13242 75858
66650 85656
14917 30037
52945 80176
16522 63378
9735 36636
9303 38935
51221 79423
54954 85601
50797 72553
10740 32936
21257 36985
63118 77238
18111 50218
70201 79678
28125 67098
21409 53949
27350 58765
32180 40710
40895 53602
59385 71916
12242 79897
9862 90611
43623 46291
4124 68901
11557 62794
44993 67755
23222 77022
60154 81756
90377 92909
78481 93971
67157 70298
52208 76234
62769 74037
48563 58346
12850 39826
41688 70122
6369 36762
7228 68869
84441 91667
31894 58463
42362 72158
635 80321
38324 52714
72118 81844
535 72799
35002 35182
998 89144
80897 82894
9923 18663
42347 83534
48169 72556
53612 83746
16793 84820
11594 51486
90340 94576
32974 40016
60224 89698
1847 3284
74218 78622
58678 78285
59172 86003
14776 23336
22298 77270
11961 63008
26073 82948
58806 91530
41071 75580
74533 74943
2993 34999
43494 63228
65313 66694
14226 69067
2878 58544
75473 91836
1706 31414
24726 56017
46441 60254
65499 75785
55787 72583
68145 68792
5089 76010
71216 84358
3791 90275
40607 62153
84450 94470
13580 40417
3458 44454
12933 20228
53473 93848
13120 55032
3464 20849
10955 44352
12534 63879
27070 76404
565 77997
87062 89231
70862 72222
57398 85226
33461 49068
59255 92969
3875 9952
4746 27959
59017 78450
43738 79735
30546 38155
26140 29364
25462 73404
54717 71918
15768 69389
39620 63598
14718 79732
19763 83767
19011 73531
65777 66612
51405 76214
38805 56588
5732 31420
14394 21361
57631 93577
50301 65233
56075 92956
4462 9697
5960 73668
62222 65871
10398 23504
11818 66454
53264 60864
42030 75624
21428 26007
37643 53774
52791 72776
8385 32464
36389 47746
38315 68595
31080 67335
26717 41937
11854 18275
25062 48449
20869 62871
37034 45878
75537 89601
3424 37507
71147 88019
7703 67078
5537 81734
22458 83798
19663 88275
26001 90374
19987 38368
39117 74619
5429 14825
73922 74375
10802 82453
28735 58207
31019 56455
17382 51296
71979 85558
41186 89336
51902 64335
24409 27246
83232 84671
5494 44164
14556 65258
42060 68599
55248 90230
44683 76236
36518 74890
64409 78450
16120 54826
1139 57184
23292 35868
46119 81873
33735 73315
77362 85284
38478 40980
38065 70586
32219 82864
2468 73608
9524 89738
8381 42768
44372 59228
3478 56146
43553 81054
10525 69714
18687 66722
73630 78893
23584 42259
26523 32981
25015 76049
1403 3159
43723 67526
19091 30137
12709 26378
62414 80803
75924 78351
23038 39694
20854 93830
13583 40932
41215 56159
43800 88176
41455 45830
55693 68567
12359 93093
423 57147
13283 13404
34026 63523
21907 93207
29180 34281
54439 87249
40088 54236
45447 51349
55735 69847
36182 89143
21675 90152
23228 47741
31485 67903
21236 91643
8670 23144
21728 73557
34754 69247
46131 84332
28921 45686
19265 41802
21480 60516
62922 69287
17 61019
26319 94885
54262 94561
6359 78164
30567 71288
36222 62422
5736 60725
57911 73329
19173 49348
24336 89327
76493 82598
25362 56243
22390 49628
40817 66689
64208 68651
11540 91220
50050 82117
81131 85335
25145 87997
14050 28733
6910 86303
71208 90281
25423 85538
47563 81190
29326 85819
14272 66950
78347 82742
54026 93384
4524 82105
4467 28091
12750 83475
4972 74814
12636 59946
80915 94792
10855 34446
73049 87971
16015 77928
11279 72317
47778 56900
67082 73774
66144 92341
43709 86035
65701 79839
11537 41656
18373 64322
16940 73633
6204 12965
43037 55203
8437 75722
28699 88837
10883 42974
27980 45491
75474 78025
4068 7775
9359 29843
52303 65821
27818 27925
20272 55396
27643 54926
30118 61525
36428 61799
31924 88576
12946 86671
42912 49777
14422 56029
18081 85515
65924 67296
31119 77038
40183 90864
3489 69328
17334 76833
166 840
18925 78265
8934 93882
26099 85484
31113 75253
14696 94650
32159 62085
49169 87238
27654 93615
23376 40696
8359 87471
27679 69747
13306 86421
2247 48703
19524 47967
16470 85824
10440 17413
11391 37594
47433 85894
19631 38074
48419 61062
8774 40140
59285 72747
7791 35370
11227 12422
7722 80366
19980 28586
55146 93141
54346 73602
15338 27710
2074 53346
14266 63161
50195 71676
30343 40799
7841 52167
7336 87920
37816 58222
28672 46318
8376 22983
6381 64464
4394 56150
16019 57289
324 66495
39431 92860
62799 70967
17619 34770
7875 62700
1616 46076
55207 72894
76388 78218
47859 89760
29742 74766
7747 36242
34783 77258
12894 69630
32284 62858
40546 74184
76792 83659
22074 78315
5199 94738
31642 62136
970 73379
11345 76094
33869 46175
2389 13428
48750 63918
13959 22999
2877 46418
19965 47132
35877 89522
59522 85893
24880 78352
45861 76093
58162 82198
14492 43886
3054 42395
90401 94009
58828 76604
3923 75563
38002 57810
16303 92712
58026 77978
42599 73581
47422 81876
77471 91778
1827 90509
50763 93436
30677 76312
7242 25698
48136 75664
3853 44481
9668 20855
53114 70518
56998 90001
1883 15717
6774 88857
27197 70885
38223 65057
27306 42216
72045 78433
4538 88002
3377 36967
4905 14802
67634 76822
58186 82595
877 49625
2994 15724
9708 12372
17267 74942
4017 86032
23560 54231
41751 65459
12605 64174
71123 93841
44669 48288
49529 70270
28374 83683
9630 93483
48157 59364
35426 80421
26159 63615
57975 85832
20789 87343
5081 86517
10915 26992
12710 59313
54457 68115
82146 88402
27188 53174
14882 19476
436 10808
25423 94327
61691 65349
70091 88736
30742 33848
73017 85920
56384 84491
2286 78912
56790 84394
18043 61627
13725 21972
2892 44231
90195 91587
86734 93382
11438 39553
769 20800
40808 65425
26405 57209
52711 76235
9653 51707
17725 59032
64705 88096
41187 47197
3775 64897
1440 44653
16084 58918
7319 79618
60015 77680
38645 46058
53969 83524
42460 70242
54556 65960
73144 80959
871 29243
24210 94115
81002 89988
1309 11440
6237 15842
38449 56306
36485 42154
35917 93716
30617 83187
3805 79716
40979 87757
69120 94852
8526 87071
34958 53398
4553 16624
7887 59528
23109 27037
7150 15619
50827 82563
58485 66369
13068 22740
17014 37903
35861 47698
85361 91330
16979 35810
88171 90479
16129 69482
25647 57844
50179 75545
30945 32766
55893 56907
29167 63982
35709 68326
31221 74684
48032 64563
14102 72512
3564 36786
50363 85905
14337 36428
39815 43154
5429 26634
68092 92033
20910 67724
35500 89445
20020 94225
19549 86669
2694 40918
26236 43245
57301 84207
59992 75139
46563 57412
18693 28304
30598 80628
53190 71610
11880 55882
14773 84323
55374 84137
12525 52096
57493 80104
41787 89541
27136 41314
37465 55180
30812 70898
6709 28109
30644 87699
42011 89843
62308 65384
15789 66964
22206 71330
5268 82097
50664 72692
41974 65381
12809 28117
30317 31518
39954 78702
36834 60612
8740 12021
25849 31355
68690 81966
15676 68502
27820 53679
10098 21837
19016 86005
17355 25817
1660 14838
12598 71503
20138 86722
30009 82301
20404 43354
72697 74955
68203 91412
46551 71048
8335 65814
32548 82996
27482 44650
5183 12190
79811 79834
73309 75535
2928 65419
53818 67738
59130 90897
36550 63312
76554 79340
52259 72457
33178 68730
28950 68217
9267 17532
30762 44985
16983 85310
24813 81698
69340 84281
8876 91017
12819 57217
43035 73983
26652 80084
19821 47354
12471 24711
36840 88751
45835 47387
55775 94765
21366 70579
80623 93757
32772 33289
60612 86396
49450 86458
27983 71906
27852 39248
63214 83838
18810 30091
58559 58645
15857 17581
4843 32722
10072 86148
7891 11313
9519 24294
63506 86102
33792 69813
12515 69259
53423 85426
37652 75639
61175 69917
23360 67315
27571 28790
2417 46752
2245 64795
62581 90780
55774 56478
4211 63105
45808 49682
37517 62080
26503 29775
32452 73271
49141 61069
13062 32059
7374 36576
24456 37331
7600 14669
57606 59327
36744 77638
31214 93218
29499 66045
14726 94014
65725 86522
58373 62390
42721 86836
10315 45146
19752 39504
12410 23454
24633 79806
68086 94951
37587 66017
35010 91813
35628 93517
3560 67971
20161 93437
4251 51644
49573 53249
24512 93856
45880 64031
35844 62060
33207 77946
13778 28481
12196 82641
22922 81039
88337 92973
28653 88161
67352 71996
36863 94507
68060 89240
5725 57103
41688 48685
40813 45135
42834 77354
42020 58772
58016 63229
18257 78834
38928 72747
12677 88457
30924 64423
75703 91955
11725 56979
12936 55548
17010 90387
20354 43217
17737 40427
35229 90211
36909 82407
28102 68234
82707 92163
75495 77012
57391 72192
70020 78614
68039 86124
47880 68703
27280 54828
61296 70750
11494 15166
30328 67729
3221 87482
44260 50323
13793 83257
4859 49014
9343 57540
11301 84457
34654 62999
20167 45019
7885 72066
80124 90633
831 91947
59068 76495
47034 91590
10723 60053
23945 62157
62247 85637
6889 68062
27297 81630
48314 82096
28486 53418
7008 74936
41819 70829
89292 94208
53427 75211
24552 88432
15510 69657
2743 78732
50 80775
23812 24999
49525 55447
10407 76815
34486 60966
41048 49622
70420 77813
60338 91068
25126 49828
2189 19630
30085 36099
57393 73430
14654 85545
6909 53242
5782 78642
6093 41832
11434 74028
35417 93736
63972 65104
11724 58297
13257 26869
31278 52729
43966 58469
35918 56212
71844 86315
126 62371
89404 93766
8635 27942
37758 45468
15521 71682
17451 39155
71045 86309
5824 67144
54355 60865
13373 44689
48223 89180
13648 31703
35068 38730
1354 53120
18607 37748
43872 78561
13535 86105
47366 63857
7 22486
50053 53411
19660 22809
4020 4687
7025 22062
16100 91068
16971 76926
8708 45450
11795 30668
20848 23501
18013 63979
6647 10473
11391 32558
58314 70977
24093 33126
13069 85627
27792 94365
5199 35963
34727 94404
12330 48002
33297 70209
16327 45951
3984 53840
26521 67807
107 83581
25518 45154
19595 83900
12841 60602
18540 80071
47659 78999
73324 78554
10431 74839
2701 16998
70964 84712
31317 42835
53497 65518
12695 24227
15475 20068
13232 14911
27967 35959
42311 72899
3192 66104
70119 92670
11933 24734
10009 18624
5247 68860
60237 73012
66886 74255
71886 81090
34497 69884
43731 47123
39028 82179
52493 68675
32797 47527
60499 70343
16216 43721
30657 37660
67537 93990
2750 34297
28101 43500
15002 46665
64578 89733
26280 37921
11121 53445
70686 89791
34280 72750
32844 68170
82744 84942
52978 68552
9451 74615
75037 88931
85522 94597
7237 31109
59683 82183
1730 44854
61238 79997
50349 56645
70188 93311
45280 76581
3833 22434
34059 91161
26890 54800
20225 68009
534 66998
14926 69797
59579 62022
2421 66367
45265 74886
22359 70992
13401 33219
10249 24102
47182 54921
50585 89501
35498 46666
54395 68778
56274 94169
68043 70451
14578 93110
3658 62715
52339 59248
746 28238
21750 60188
25853 55882
18171 42590
44158 65927
17004 85483
16329 40138
56307 90695
21753 41036
35626 92747
50036 88306
4817 87025
27312 94889
16423 57420
29564 75655
4746 45309
38389 79008
13611 56859
1017 5141
53872 73499
142 91029
8434 28052
36406 36751
7091 87497
50232 60931
4880 79813
42918 50513
58866 83605
10497 43778
25394 37384
19674 67841
35081 39821
33618 66162
55927 93188
25809 51949
18455 86207
56726 74031
34347 77860
54752 64014
768 1779
58848 82007
14794 25837
12976 36030
62641 65527
14550 47994
3093 24534
2135 70401
19428 81305
39235 51522
7925 88070
24608 75047
17818 91233
9357 45586
34076 51221
697 38813
1867 46074
20266 61531
45546 59252
63766 64357
7985 14619
16718 45084
18991 79512
21293 23353
6389 76955
7240 36210
30139 37517
4336 14061
47200 62361
73384 89211
37622 91212
48071 92237
33661 67331
33214 42498
34806 47323
48940 69496
49867 55209
19546 43725
15563 75379
35314 58376
71083 78143
47041 50711
25972 93638
53915 84578
26667 74061
44460 82847
6655 76679
38600 62752
10474 58443
37650 74080
7524 8658
36394 53026
6420 81199
2211 31894
44853 93921
38281 55048
21569 78654
57562 60263
55719 76526
15040 39932
33717 48521
35423 63276
17781 53100
10705 68111
34780 89652
5810 25943
62340 87647
48525 73855
32654 71292
1109 74820
59138 80690
38426 46967
30252 47953
20247 72943
27374 93292
39424 86553
50328 93511
3406 37308
7609 31788
35174 62549
66 81408
20028 54319
58623 83795
14316 16663
38279 68356
33922 58187
5974 28567
3410 17167
14160 84808
25491 50253
3006 10694
36894 77675
22945 91690
14199 17282
13762 57905
14530 46646
225 23575
63421 86345
24133 62191
52320 83331
65050 81028
8396 82420
44956 71138
2916 61227
18277 71102
17643 80647
670 72120
41780 88266
2121 80627
33483 67713
68360 76700
29496 57389
246 45623
56152 57422
36044 69973
13233 70724
79036 93715
9988 50753
62929 66529
31879 74484
31716 33544
2325 26360
31859 60138
31364 77998
8014 35082
54476 61004
21164 28236
13110 60934
9278 46552
32825 43912
30779 64531
26247 81183
50405 51232
34357 36807
2179 21360
10487 58744
26251 42557
66356 74160
30680 92280
56172 94005
51536 79347
1841 65155
32217 58496
10737 16404
26337 78774
23064 26726
45749 88002
20817 83217
12090 69403
31336 88681
19312 46326
22243 49013
35413 87958
6108 53326
31269 83696
9236 49957
33676 42786
71078 76419
4321 47750
52703 88551
1528 83767
23066 72502
50331 81571
51546 58379
32549 61019
60258 62139
31795 59839
8274 40648
18483 24497
36806 37528
14745 46428
39675 50087
50003 61613
66036 68889
1394 87255
32020 33227
43694 76299
8877 91607
45204 47094
25484 75958
7347 18203
63612 64945
53042 90007
9676 28866
50775 76233
55338 94574
26072 49819
29912 52171
24368 25593
65085 90928
61781 62145
37168 81860
41408 70046
11934 90293
41175 45118
22217 64688
2112 78796
58595 66923
64902 71580
3556 44627
54179 82302
85806 88728
34070 87907
28707 75450
1543 34973
28338 61173
29832 37709
14974 80440
4822 88261
13154 77730
5801 35885
22254 85557
25545 30091
21763 88212
57312 72108
37472 69091
43980 74485
5831 49214
60184 89156
45476 53571
7611 8023
3769 12206
9472 49602
315 81379
16758 46932
10459 15198
3986 80797
8868 83548
6643 49080
21158 50073
13578 78038
1041 29454
48765 90754
43527 92655
18927 49834
16939 33103
716 16114
26651 50706
69741 84073
28868 45246
31671 49566
2091 14404
74463 75417
13918 89171
13831 93093
22784 66596
44264 71656
34762 84166
71330 77259
2801 36373
22387 22772
22326 85042
36680 38617
53242 92684
55790 65165
22706 94830
33985 34245
37589 94613
3393 33782
29342 59276
70836 71467
24281 53334
15460 43911
41827 85352
55612 70923
4059 50743
4687 23123
19544 89055
756 49138
79506 90083
16346 21326
90680 91726
57583 82301
3245 87630
33432 46507
3627 56207
6488 48455
81904 84206
49431 60619
91970 91976
42267 48929
7653 85029
28289 64597
10220 94860
14751 73478
52741 83315
49706 66038
36301 82541
29729 90849
58622 73432
8575 78267
2833 34107
42961 94741
22544 30830
6704 69504
52414 53671
14859 32229
73842 81756
31001 92604
19427 83543
51061 92710
62511 87181
39190 48296
12713 77058
35484 41619
39045 44371
10043 71831
44971 87734
27001 69954
37515 39302
47396 68895
29235 41273
5698 54085
34130 44425
5015 84783
14841 39650
39535 82885
15461 59807
7446 77047
14379 64482
16704 63892
26462 81751
8766 60426
45162 61010
14040 41082
88070 91752
32242 54444
10430 45171
95 82723
8272 56707
12378 58727
5707 58568
91001 91423
51558 66680
11135 50882
82075 84774
15555 63704
9227 24217
21190 43301
19521 25526
7137 9691
34079 80072
26232 28059
34888 93319
43230 91173
49519 92878
28657 35003
39698 40902
16875 75875
26428 81990
82496 87548
82918 93447
32751 34145
24067 69094
83380 94140
4755 13644
69593 73446
15761 70189
8693 11449
2688 74489
7593 38533
18799 91731
8478 75613
59434 83614
17872 46225
57308 70854
61212 72289
16076 23322
24230 74990
1065 71930
57880 92235
59579 65099
8974 34659
47288 85125
10169 39838
28073 90718
44769 93129
40292 43551
10654 21737
55220 91133
18095 85356
36090 68131
46204 70152
12155 69778
11486 62389
568 79533
2578 24043
22989 30405
70129 80018
28348 51955
3359 22068
9109 13044
50329 57695
63854 70288
59355 62301
23248 61547
45064 86386
31989 76689
846 52215
53081 94534
11479 87185
10514 42911
37649 88798
69015 93603
30013 66862
41880 70020
1985 8082
66352 86824
9349 66345
42006 93174
21323 69163
42857 53755
151 90697
42308 80296
1667 2568
62887 81295
51318 71521
8004 34497
4233 31457
25933 32129
7900 38613
16130 86817
892 29201
64709 92773
4419 24128
23443 53124
33094 42298
17287 28591
17795 25501
26366 26983
27058 66138
26883 91545
28749 93024
7517 55212
11838 34080
12480 49709
22412 84113
70727 93875
6759 42541
47702 48545
4675 93949
54338 79765
4667 36837
52276 87619
2875 94221
46311 85577
53866 70404
67362 76724
21390 46929
68181 89554
43412 82670
19670 22608
4477 40709
12049 91479
15243 35660
10476 11742
39103 40398
3385 43368
69291 91234
47930 76093
24195 84490
2826 78133
15148 70279
63396 69549
46618 69825
84372 93728
27938 64769
58863 90511
64364 83143
25521 84292
28121 60213
102 92516
38908 72480
60392 81474
46362 80112
78015 91012
409 77711
62790 66744
4028 19070
11530 18400
38472 66562
44441 47611
42874 56654
48608 65916
3831 79331
56479 64709
17138 51240
42185 62179
21930 60177
64854 93914
62991 78585
19877 42999
9249 24743
68608 88196
79985 91979
50864 91271
83003 92950
46575 49266
33368 71230
5137 59944
204 28189
19953 85759
20742 43808
46335 70560
49065 94683
46256 77911
2439 78468
3434 84953
8102 89016
63712 87988
13087 74695
3456 44132
37691 91948
8739 50450
9273 37146
39472 41611
1870 2201
56608 84695
14959 46800
27886 51742
69588 74592
4445 20918
83313 93541
8147 59323
30887 47661
19568 20399
24106 90621
41816 49958
19627 65015
20905 76346
30955 88284
12937 82614
31397 41410
32517 59385
7608 23136
16239 56565
70359 87236
2576 54270
53840 85009
30912 40581
19428 54643
54260 92379
8523 56593
27144 57231
63010 68308
75157 91662
20719 55220
18914 52900
22608 73636
81202 92501
63007 78468
11617 21052
10742 20676
28214 66371
11407 41682
56355 69539
39888 59114
66445 71536
5845 35221
12242 85709
85557 87631
44465 81451
19263 92787
9257 70111
15316 16427
50700 64734
13021 60560
33702 78498
72218 80599
55545 67510
18460 73163
40433 72178
17596 34835
24892 69160
52704 91277
92319 93258
13952 86872
82862 91340
21787 73231
64519 66268
34312 39426
12103 64939
11725 89257
8580 19399
1902 65918
26323 48776
26930 48065
38348 88898
39898 56171
1661 47677
13887 20730
19151 57050
18161 68133
60595 86362
47789 62832
13478 42148
25218 28686
23081 65865
10259 42109
80100 85568
4320 46324
11766 38739
26103 34310
28908 59089
4267 78612
46508 91921
20771 92983
7179 69257
15421 34869
56331 92461
17496 91231
43805 64506
1716 53285
76435 93408
37811 42774
36728 87008
27562 55876
4851 35199
5103 76910
83530 90501
1459 32046
10342 52431
5472 77433
9373 24356
45108 59313
31347 41161
81348 92082
69153 83107
58003 78226
37777 48470
37205 73019
11928 65042
4755 5495
67194 83381
12467 88484
17688 34337
33312 48974
52483 76063
20695 90576
65825 74882
48717 69917
39552 39987
63466 78341
5866 92398
37695 70964
76932 84575
33563 63191
20728 30240
1662 71221
5209 11425
85199 94330
2813 73723
57539 79228
33724 89832
28395 81730
13552 13716
38088 80576
50047 59031
7809 38633
42995 84433
6060 67902
47561 49419
2716 64890
10749 21377
28010 53353
28053 39775
47039 81550
17128 93315
12542 87512
41331 91826
13787 76602
57093 65704
24523 79020
35518 70734
66288 86296
20137 67705
51448 52667
71644 72581
49521 74467
79650 90854
84398 88584
66321 77660
36934 53293
15297 67910
41794 47685
61129 90359
24391 42755
22203 66787
26562 35687
45091 59923
71262 91328
89285 91001
30873 43523
39997 78482
16338 83329
13973 60901
62790 94529
30633 38755
79241 94885
38158 91686
29679 66682
39127 65089
2362 47151
59951 70465
56653 67871
9249 62053
43749 84027
18866 67001
16339 53767
39452 82401
27298 51055
56647 73372
38153 38828
22111 33102
22864 73195
40378 45383
25166 37166
15667 53179
29394 55960
23847 86983
19016 28805
75299 79201
5008 78015
35655 42946
43118 54996
13943 68543
31329 81072
46534 83649
13575 79268
12903 20014
59045 90730
33046 38772
29534 92437
26455 33376
7981 58773
91424 92417
13029 74144
33803 37008
13466 21389
5629 73510
19905 69887
42877 68586
52142 75371
55915 58648
44374 48899
33252 55546
64653 69874
16921 63186
11379 93880
22304 83111
18311 44148
23549 47791
20179 72993
25826 29294
5527 58255
10705 11353
4550 70718
62319 70381
25226 93336
21692 41785
53727 91664
10946 65462
30300 79964
8766 27338
33413 37554
61028 73001
23415 73987
2839 18927
61043 77060
20793 79113
62407 70495
35993 59802
57041 86620
14343 32122
3817 82081
36714 56524
24390 76091
9158 20424
27903 45370
8810 87557
33880 84577
63221 92347
41465 52163
13175 79788
35812 91128
8246 40932
74116 94833
44461 53666
17700 88028
46558 63818
18718 25892
39442 86698
8160 34803
42056 60905
8104 89695
31687 91259
38042 63291
70072 91535
28418 54345
32867 78647
53724 55031
61110 79021
243 35515
10319 67599
49963 64483
16493 39552
10297 24355
8464 67521
26772 32309
4869 31401
25326 84270
15894 48170
48716 82501
28681 69642
82935 92769
83087 89756
60203 91285
38593 69112
9351 13500
44880 78112
27006 48011
38936 63965
67116 94193
12803 54658
6534 15432
55050 73270
14110 41589
29545 71935
56897 72285
78905 93007
38456 64726
39582 39699
27131 94881
18049 75713
28617 74226
80845 82840
3210 48274
13747 73732
20091 48999
39346 61803
55584 90246
35440 57095
51588 76873
35325 86550
68500 71382
37540 42852
8341 17460
7479 85125
43985 59476
19194 55824
45875 47124
36451 38889
10832 27755
11237 72669
53769 60154
68413 94162
39577 56767
24486 73502
81271 92841
56740 77032
26693 76711
7744 11577
71910 72245
22067 36166
26121 47555
818 52281
29597 51514
45963 47238
54424 81804
7568 13057
24058 72922
10866 31674
21194 40357
80154 94362
128 22079
71705 76845
40024 90606
40666 41405
44330 51985
3860 52919
5696 45231
11644 81225
37001 72113
31796 89665
16731 49612
5109 10522
9305 80906
11254 89697
54148 79553
62208 82989
82922 93739
64675 89352
65425 75271
23156 27128
26983 61455
11939 35916
28578 90440
33953 41270
9479 93067
52683 87555
9822 64672
68884 91969
79085 82448
18170 55968
86648 94474
35001 40940
8919 46247
26238 81412
5145 64747
90499 93357
42630 59237
36098 88126
38396 64454
72376 82015
13948 51849
35875 69266
29931 54313
34071 41764
23196 54092
11763 66854
29212 83700
3867 61199
47382 86817
83559 85417
28379 58860
49173 75341
18049 58434
18283 41635
81056 87035
25527 88514
54585 87656
83937 92590
65182 74850
75265 88527
6679 10553
62088 94133
46312 72093
67556 80944
20673 79667
39714 87538
30308 81398
64080 64574
22978 23935
50992 82086
62183 63040
34409 73582
69840 83278
58440 87984
19168 77225
27693 41902
24797 73840
29196 50703
12448 43132
17589 28733
12602 87369
72018 73082
14613 15067
73997 91287
2007 56679
1695 87046
68435 81988
29620 92670
26716 49498
670 61260
39306 56367
18414 74100
7919 42559
39130 56550
7417 51993
24398 66953
86578 89374
51954 80495
87675 88104
41593 80796
13316 36136
8744 59949
80770 94770
15055 65867
23597 81113
44358 92977
9045 9790
71479 72126
6495 43211
31224 59136
33535 70285
3374 50426
18245 65231
44505 85106
39178 57771
70635 88355
56891 75031
3195 76272
82527 89414
44344 64423
2438 53475
82134 87984
44530 58424
22604 72900
13913 26241
8130 76564
52492 78245
475 91741
52422 61758
52611 63156
15095 88143
73716 74940
55930 69972
27537 30278
1027 30457
12856 16715
9672 14379
249 52976
28003 73571
23800 49912
40192 55530
46486 78283
12594 70822
87545 88294
21404 21472
44035 62899
7214 58525
12421 36101
19622 41664
60989 84229
41050 50056
2135 37757
38871 85816
5812 85585
56173 79322
18361 28866
32482 55396
37876 55719
41529 81586
36387 48542
59062 75418
1950 28244
17190 92960
63659 72633
16353 88437
18516 36747
45635 48821
379 78887
47538 59570
27908 76766
45212 48305
79658 91946
30049 77445
6523 11025
26524 79189
35244 55014
11521 67174
4873 34971
12976 40832
19852 32583
19846 73159
950 48285
28401 62627
37798 71930
14602 94225
41620 80577
19169 51666
12244 43429
44089 87035
6030 72799
60086 68460
1242 38693
61025 79703
9559 85676
87170 88030
53810 74997
8067 25355
11437 40407
7658 32439
33018 36370
38760 64534
25376 51159
70780 94429
54847 83295
6808 62687
41719 83317
61043 77332
23908 77089
28117 94100
7278 16649
8780 36624
68972 70898
46697 93001
37291 48694
41467 90609
22753 54667
80135 92256
56478 93291
1113 66019
14864 89562
53228 63798
9308 59367
64212 90726
10206 42062
76779 91207
22531 37133
60310 94229
8862 9112
18279 39175
8340 58403
1041 56200
44693 50786
21208 92256
63383 80614
28361 45052
2455 72995
2168 61019
27994 79737
3432 48876
42923 51224
22318 49914
24185 92520
6996 63898
21739 85737
11274 27812
21307 65436
6643 48233
4454 25986
13988 15036
28753 29570
20891 75821
1791 32030
31919 41454
10793 41840
45403 75391
49763 84568
3321 15618
643 54129
42809 84809
9803 92101
54669 73011
14105 89028
10975 62487
14911 94656
34525 57813
49439 53918
72762 90831
44135 76675
63734 82340
11747 43050
39960 84078
31754 46426
50473 84163
9128 90723
69845 71631
7321 77022
17919 70869
25132 62577
11822 33269
28945 73799
4649 35996
49905 72232
51825 85605
4608 41943
54089 64420
39917 92212
53332 59862
1927 48778
74848 83230
27457 85635
413 11464
11140 80782
75697 87893
69493 84164
36873 51938
28838 74362
45573 62206
10061 11092
21176 65833
43613 80074
28151 29073
4366 27260
64791 85287
28926 35408
67220 81098
5058 35879
57617 93152
17354 32390
10867 51095
42757 72619
7826 91261
5543 59328
22379 92438
6048 24745
15248 84231
18148 82962
31224 45739
16057 61891
20570 81229
33693 61109
11543 52950
8567 69256
32853 81110
32245 62649
68477 75792
39209 71822
920 10713
933 77589
7847 8923
58696 75770
51326 53340
40763 42611
4014 71433
1015 54286
36673 81863
4641 56884
34868 57863
31560 93311
5423 9891
34452 67621
42122 93617
24130 91363
5271 84891
7998 25488
2463 80370
53849 80294
48037 79221
1824 39357
47964 59048
31350 55952
22504 83325
10372 17959
51630 91572
7325 67075
74955 89882
16181 67338
6074 32129
76642 84101
7699 10940
20522 49289
25286 60394
20873 31112
10578 66885
20251 64435
7577 18549
13188 89238
8259 67878
14636 85198
61614 73691
50769 82903
40101 75916
20205 28232
30797 36674
68073 75401
9661 82563
36609 37950
4608 45370
61152 83000
42060 70723
35682 59055
13215 30905
25058 94570
17061 40073
19524 93289
44482 70497
12804 57336
56757 86466
3277 18722
38236 50536
12775 37629
4446 8499
44965 67383
1928 80129
21031 58475
8129 93277
6316 31141
5609 83828
38854 43955
34051 88111
41306 92918
7320 87936
26279 58404
32706 57308
51026 59234
25624 88147
43260 71152
28566 87209
3438 85192
54081 75750
9894 19185
23014 37853
4665 69897
63663 84489
13674 88209
471 753
52189 92420
30848 48921
43548 94970
2040 23627
3955 73968
11236 18890
1179 43142
9594 81376
25598 90251
12446 90203
79164 87473
60331 79675
70894 72713
49457 83082
43336 53700
17578 18010
20801 22607
1799 19380
9099 43421
33003 52733
74438 75717
21854 42530
79718 81308
82490 87049
36832 57516
36181 67048
58376 87467
16606 47043
47116 92640
21788 62247
37869 55420
46117 65417
26349 48670
13814 47273
16483 83996
22150 63108
35679 71793
2464 82626
54165 81221
6782 40241
58307 81129
12883 88614
18757 56079
1325 63924
35943 62820
7092 12836
52448 70275
50227 62937
56754 93026
3830 56774
36828 39862
37481 45953
72509 87916
10843 90491
3405 84146
9859 92661
34913 54506
13146 49541
83760 91435
17698 90315
15935 70515
52026 58872
455 86794
78342 91271
29225 55146
20411 73127
8234 83854
26472 41555
2518 22860
21799 21961
29527 66105
26555 54955
34189 81419
50170 60680
49127 73456
1774 40503
53308 56830
36982 61987
58437 63178
26178 47898
18214 54666
30705 92864
55580 65646
3082 8570
25475 93971
5196 72943
42636 93396
75843 77734
31739 49829
30563 77601
14331 35374
80088 90143
29608 89502
28756 93707
47938 82611
57348 88544
661 53076
55893 85364
17869 53498
35936 77040
18877 71233
1477 38295
13060 34910
14152 27183
43532 80065
3692 82636
15380 59865
12767 36044
39529 73158
32468 70455
43861 78114
80954 83963
11671 17727
9049 79948
42670 84330
36691 69953
53721 68177
39927 64272
49395 69401
41436 75250
44838 85085
8264 28655
16473 94664
73335 93160
24445 58123
18154 91890
44549 56801
25086 69380
72977 80297
34753 66916
31785 47803
47820 77733
60307 72872
22936 30522
29620 42053
39800 44873
37657 62185
28316 49514
69319 71836
3980 91114
49976 85188
75640 82404
1191 9300
9889 57116
22181 39960
42399 78793
26498 31837
25803 37958
37059 85328
30699 57803
78925 86108
22745 59323
42733 42984
28435 57707
69385 74276
30857 63433
78108 79312
25248 52714
75120 90325
27695 89798
27953 51631
58506 74910
30774 65220
6978 43205
27153 34042
1420 80165
50809 76393
5294 32532
10558 36586
55269 77855
15125 46593
30132 84552
29794 30082
66219 75443
3024 74959
21298 61001
41510 89381
27755 35506
22331 94753
15537 22398
4341 6767
25462 46324
74507 81860
68769 84463
2454 90272
40091 53507
65216 85890
27329 77111
3052 17120
69003 87918
14567 56897
32577 54704
12143 71060
15868 79709
53403 64708
21712 43763
21596 85903
5261 35672
32095 91766
38897 46519
28971 34662
18841 58393
71073 86133
15399 53432
14425 58264
6907 24781
67335 82388
5155 63830
8037 15386
18450 71187
18341 56496
59015 71438
61496 70940
27311 89052
20370 90146
36294 78469
30042 34246
24602 41676
8063 32106
5354 63885
21796 79496
30505 67738
11192 32712
11257 91259
63341 64129
10917 34092
6499 93999
2899 82844
22889 71219
32431 82413
6293 16632
493 91324
47036 66254
6982 10267
80669 83936
28896 83572
12426 22899
54091 78045
26615 89092
29129 83249
37746 47290
64305 82962
74334 94379
8700 37855
39812 94471
35324 55271
16620 84247
13629 32535
12324 45880
23350 39984
5470 7739
5865 34784
14795 68676
24932 60445
17366 38809
29373 72032
2561 25283
3854 76982
9867 17841
65918 71337
109 27371
2962 26001
1625 46879
9104 70909
53687 79150
21637 75425
28642 34102
42107 86850
60690 92491
26353 56307
64744 73020
28042 32259
28448 68722
34312 70974
6997 7527
51055 77951
28298 79728
11887 74984
60953 76333
48316 76936
10046 42553
44268 84469
28985 63096
10598 52043
21521 48940
28075 35345
90376 93744
34910 83374
8297 63238
47521 56108
7608 76598
20998 52695
57265 93395
35428 66446
59459 79304
5881 33110
57357 83213
12740 21114
3972 84997
35613 60216
63302 94566
16250 20432
14447 83883
4923 87570
34383 82920
65983 68481
62102 76319
25635 39724
2231 73149
14008 84108
22918 46750
15221 91123
30765 46707
26672 37415
40663 41461
25187 61555
32937 54239
2762 53872
2352 47271
3052 11314
15601 71359
31233 73107
15589 33654
15050 45394
22680 61477
25117 44444
61394 68268
5623 76532
24334 60507
45228 88468
1493 36631
66055 86334
3125 64205
2393 86948
21555 89491
12506 63703
7220 14286
27979 71852
33112 43143
2842 13911
37311 55171
13086 47709
25022 62619
35253 91949
26700 91612
46911 82470
28809 41433
76874 79874
6119 70631
23714 42113
30796 93675
28455 67142
2656 38803
7516 24749
26082 71474
17497 80486
83572 92509
38318 44272
70447 73802
34290 86477
1087 74941
65325 73228
36737 42760
64636 89311
47662 48239
4269 51225
17122 82812
1663 61658
33003 86595
61104 84064
9800 63530
28951 89161
11006 51353
29533 78260
13298 20498
26122 42549
45032 89687
53978 75020
14879 22472
11962 74407
3803 29058
44408 88526
49796 92773
15340 22669
29488 83647
6717 40000
9005 54522
37452 53377
28531 30917
1366 62850
1616 10921
18512 53777
44371 78087
84775 86828
44085 82112
60298 88027
42406 89790
29217 40696
2422 3758
8321 91432
15209 91944
53826 84425
150 39508
6061 59218
24064 82048
17208 51551
436 54241
20098 58637
8814 89242
34047 42402
61574 70471
44234 78032
25552 53031
1989 8353
15579 16830
14275 69365
73493 82682
37376 51884
6341 67568
9388 15693
58135 84814
76526 83449
60876 93026
28462 31790
4021 40209
12254 91374
7513 43187
58913 91048
29189 64935
7040 54637
51916 60264
31509 64582
44790 61381
63450 91651
4774 82161
14270 22054
3296 15311
12590 24492
50129 72187
56506 70366
37085 65250
16587 91085
13470 75243
40561 53689
17059 22982
2890 41382
55902 70451
5749 15821
19810 73755
29260 29584
10502 42057
16565 59266
18965 94259
8604 76578
41842 83529
55518 73710
34263 49425
82884 87632
27537 38471
78583 89745
6176 7587
15170 66853
20600 55302
16648 51342
72412 75231
30092 61159
50423 53465
16602 80667
20793 58895
68095 86428
12977 66965
22632 78619
53189 82263
53106 56881
10486 74813
70497 86842
6992 29033
31023 53307
36189 88160
1931 30767
4586 47933
62542 87622
137 57554
75430 76538
61951 76041
81854 91559
11126 57786
121 16626
56866 72033
23945 35123
27440 47551
8831 54290
1556 73633
51888 82919
60735 66058
53118 63749
11817 44157
14984 89546
13475 59493
12524 63779
40247 72026
532 47916
19073 72867
1105 37963
49762 88884
41444 55369
69320 70807
30156 65299
16037 47371
741 10494
6093 17167
54748 72726
37599 80679
36257 43436
246 15672
3358 11967
330 51697
6994 26677
15707 87581
71296 94855
13956 82807
59265 91025
57863 69647
78618 82176
14401 76183
167 85582
45351 57011
36480 49875
16219 37191
11105 50179
707 40943
34143 81393
4847 73830
11419 17639
31734 90979
16572 70363
2736 73997
8568 87503
67581 91094
12678 32268
36652 55628
66866 88724
63921 79835
27210 66816
25588 27845
38802 52425
21839 66975
54300 90325
45752 89910
11517 63965
51591 63237
744 75982
26360 44217
60267 78362
85783 87343
22666 32771
38431 94710
35857 85312
58834 81931
21262 45809
40842 68365
34949 59079
25158 72337
34347 94073
8372 36774
9769 90868
14300 17738
11538 40332
21520 26044
89091 89220
67220 69342
47912 54791
70337 83712
25727 70203
21229 86594
26991 82254
51807 59951
5560 39910
24185 76324
41957 58356
19689 40899
5182 56075
41312 92044
8144 87301
1016 49472
11018 23114
11003 40348
31867 68031
67825 72405
83045 85052
26391 42769
66688 83736
30277 42014
66037 90028
43027 52586
66415 71902
22104 90764
17796 91728
33548 33641
64268 91534
36021 54614
35760 53075
20862 40938
25242 84150
47443 80280
13936 89627
17196 80488
57209 93716
5063 28356
799 37649
31303 64405
15700 92115
2900 75606
37548 42800
13454 76783
44703 69258
41966 85306
29911 94294
67214 87584
2565 18752
21538 86660
15106 23193
2630 4304
19363 19718
13819 33707
21800 35871
12809 78271
23715 87031
67194 72446
2909 74297
10947 14850
13273 65363
7887 58490
88800 88866
37294 90284
14206 39809
4259 21328
5965 24760
22031 34853
13163 72932
47793 68517
44819 46028
20042 55058
54975 91080
23507 56715
36013 38206
25425 26215
63302 86097
47209 54674
60072 73400
22193 93796
10563 11471
19688 93439
11507 89589
84219 86989
7745 59420
47825 94930
23390 64256
19532 43682
16048 30398
27957 57424
75174 85266
33047 61294
63142 91956
32972 47269
57953 92641
23181 80276
41377 43550
28884 76131
72673 92891
33516 39086
54901 81250
59300 73486
26134 64850
34697 76199
22919 23793
30314 85797
13583 70112
76741 82497
5907 87653
1355 62669
22311 73851
11709 91586
9958 39951
34941 46818
69305 91382
69255 78038
49863 51765
32527 49511
39624 90565
51241 85335
69928 91908
5571 85858
34031 68037
33295 69836
64029 83762
4011 39260
71141 86953
12677 34487
14127 47422
23806 88739
35820 51448
67383 90848
73604 80357
44694 54804
75402 88900
13710 86556
74253 81100
6378 90125
32367 36727
21329 79087
47436 56841
21396 88983
21079 84987
4990 13265
43907 55663
11861 37927
58102 58321
70360 91997
37247 93436
45842 52284
14713 72527
18805 80110
38349 53026
86183 93964
265 8849
31619 33500
26535 52614
23313 85926
34882 39861
38227 89840
65706 71181
41310 85505
58545 80511
49326 87136
37422 65480
23176 28755
24424 52914
4083 19721
36145 71129
26375 71557
2038 24472
3697 26025
54479 57007
13679 19453
45228 50647
42118 80600
25095 48582
41492 83367
61051 87795
22530 42926
8781 52740
67223 83706
52082 70558
25293 39644
6614 52870
6608 26052
31015 90861
78539 83380
34998 67046
42420 53440
64537 70637
70837 86013
6507 18762
2160 74552
37102 39044
39903 78782
3187 51205
69842 88671
81108 91266
24530 26810
8294 76003
31296 52190
11672 78341
18801 70596
3876 88740
65610 79299
40100 68124
73799 79436
39491 93926
34955 71770
56216 93039
48948 94144
13958 24745
64408 68437
36993 74494
85031 90234
22972 48040
15448 52450
7658 52000
18323 59329
13923 41122
34495 91750
2201 90934
41032 66471
64722 78454
23959 50303
35181 58771
6387 57579
31139 56478
16475 46503
2398 56387
13391 50152
51197 65168
8722 53382
47710 81282
1543 35249
2802 38508
32608 34983
13397 58870
62175 74806
14047 54776
2811 64417
6949 93844
24456 50277
36512 77916
58334 87270
56380 62203
58306 94507
2130 49581
22310 89468
31071 63891
4007 10877
48571 48622
73364 94267
22920 43545
6516 39315
25058 41059
51050 59892
52801 91198
39421 55306
56308 76724
604 27842
70367 88565
16320 93046
10654 16073
70345 79598
3848 50816
19139 60938
79843 81140
29118 62297
1159 94394
49800 57094
3183 92253
48236 68811
44387 84135
9832 21668
13135 14715
60293 74559
591 68435
55835 80624
39476 61961
33783 62197
24287 76640
23375 60815
10054 50823
52344 91839
71342 79181
2769 39666
20774 86917
10133 29252
18324 32992
35864 57075
9638 11803
3457 42312
32731 51007
53616 78615
18126 28504
28650 90526
28474 47867
25206 76009
81233 88754
16397 23577
37884 66151
35996 69539
47449 89264
73868 84464
21157 77077
63469 72146
14661 82856
5367 5691
30312 35909
63054 77778
32443 59678
15339 44564
23445 78168
2326 22004
16564 40232
3031 10767
68345 91271
55222 81553
8953 92034
5036 31090
26736 89911
5945 79229
27070 42809
2711 56927
54615 60943
27305 80471
52839 59002
31036 84088
38873 85446
20463 42712
62241 89196
9078 90518
24524 45964
49106 82408
27215 70189
81822 82194
3461 85657
50417 78710
25661 33677
36461 71019
45508 75711
72207 73464
17965 26545
7268 57508
11613 71178
6906 83447
2543 79859
17688 82110
1828 3128
49648 80438
50864 52408
40827 45841
72564 90086
53751 81223
7562 59689
3262 45568
29568 87403
38078 44245
40948 54552
49236 70163
46853 68618
58918 76710
37038 67594
77279 86659
89020 89087
15231 51034
15598 32608
28779 63831
65551 87894
59293 73224
55576 67029
12048 56151
45367 76113
18941 59263
28549 43260
25133 63244
38643 71434
39233 44925
10991 54784
29754 92889
43248 78570
28092 79313
14779 63058
80703 87968
6280 20565
20274 79008
45315 88193
34624 72575
71785 86114
64430 77486
41028 92212
6909 63122
14029 15126
11107 47041
25486 69930
33794 53289
28329 45259
42196 64039
56462 72776
65990 79140
3758 78977
58048 60363
66960 90447
44444 72406
9360 85004
10286 86893
26182 58913
9363 35812
2202 88135
34738 36309
90059 93567
19621 76324
42630 75231
58404 63164
5079 31194
7096 10746
22153 49182
24879 89931
47987 66901
83511 90393
73768 91597
15667 88212
18168 68148
11721 16617
36070 49385
71120 89270
70374 88898
8284 16573
56182 58239
8037 31489
3522 35580
77008 91955
2740 54085
163 27593
72998 77045
1892 12819
52010 60772
57559 90256
35253 89887
27545 61627
45939 72320
62445 85845
67010 85583
29111 48166
36141 65392
74365 75485
24141 85641
14134 68854
8955 43645
51577 53721
38596 54629
26292 63640
38195 43398
24408 35185
59677 82255
12500 44803
22073 55539
11485 91758
36778 54655
38988 59216
303 66685
67019 71739
3511 13337
64085 91453
17064 65554
13607 91176
4117 63058
69170 87258
44284 83780
53762 54905
10539 87215
6803 47295
10148 59091
30006 45536
3461 35654
31374 68572
2039 94887
45626 81102
31871 40751
29301 75759
13481 32291
39543 51970
76010 92793
23744 31838
81792 94967
14446 60355
48455 77349
58415 61371
35449 92530
46378 91867
38395 43386
29674 55322
34855 57355
44587 59295
7314 27739
12064 89534
45646 94438
15215 47440
16045 35316
81753 87133
70604 84583
9877 88380
31105 60177
7672 69430
10318 50364
9474 78018
21251 44519
25997 74576
69442 74256
37327 57801
21556 36313
12018 76733
14834 93100
30763 30999
56337 64251
9857 50708
5045 79406
15678 86121
42852 80755
52901 81265
23575 32651
72915 88219
11289 57354
9765 47973
70977 83399
17174 89421
13127 61967
70848 71530
11946 45737
2581 27622
9225 31541
30505 31350
47950 91500
19405 30387
7499 12252
57059 64898
70754 75941
37350 83377
3817 74690
59895 90308
32370 39057
25742 92204
5363 63706
19564 60344
64579 66514
37175 39066
1819 43451
879 46091
78682 80486
25733 87528
32958 66966
34287 85508
52818 77584
74920 79765
65203 67737
7294 41827
41739 47349
51539 65856
65040 68420
6504 25896
4639 34133
52094 68677
44829 73090
35354 55452
64502 80398
66677 93508
43562 56951
39701 39927
3180 41618
56756 91287
54931 92859
28082 70693
19278 79442
28720 67523
67244 84728
521 49761
47071 70439
24911 93237
49926 52244
49491 78312
3561 69438
33764 87198
5211 91312
77825 81021
26945 59960
60515 86093
61619 82019
27946 78165
35254 44196
603 44812
52674 70301
12870 82084
66497 81726
21746 73739
35616 38977
61317 88015
25218 56634
516 92378
47775 75203
31831 66435
14192 79120
10132 70811
72762 87456
29246 64535
42139 48217
34558 73108
71042 75916
36540 60152
29089 64783
35810 91952
38881 80775
132 55067
8840 73027
35027 43351
13283 42049
29780 52609
44021 44703
32262 32644
51447 84583
66902 71369
26757 29851
11412 38062
16586 57881
10882 67337
47002 81446
37028 74023
11725 23537
14847 84708
39167 43104
40641 61898
36934 56682
36622 39630
31896 43509
24647 64216
28835 51380
3607 23243
44101 67445
88249 91783
3202 49494
26325 40255
9440 82911
31429 66905
55135 93884
5248 87455
69503 85173
61733 72447
25843 91990
48378 93447
16659 44697
27388 81412
26823 29722
33070 37561
79870 82955
36394 39495
46797 51124
20643 42658
66038 89986
27088 60321
44913 48639
26936 84037
24086 31335
57426 77302
3235 11661
43703 62211
58158 58461
6149 92757
34783 91178
36765 48643
59278 62711
7259 33209
16542 40757
29874 63119
50351 60199
2237 53093
10756 73453
71313 90668
31225 41503
76035 77929
56490 83693
2758 9633
2454 25891
12078 62502
41526 49192
29353 83189
27191 70196
4630 52005
43582 67605
1747 87054
11272 28631
55674 93393
33049 50482
57972 83528
49901 92069
19735 67103
3554 42102
12231 48042
88206 90765
69083 77213
42175 64353
28724 88407
72440 77160
41542 78295
19670 55295
43902 71446
34126 81761
19064 55146
47631 66179
18769 85456
28181 42937
31162 83787
6799 18785
12301 70255
51400 75122
26513 81293
14324 54496
29781 39671
29932 50994
25133 30288
47489 47627
14758 59541
37163 47737
13668 28628
20161 51156
31804 94867
2443 92231
45318 60163
51593 94483
37097 38368
31477 59663
33678 67050
44952 91283
53203 64689
13825 85402
18520 67173
32 61494
26763 79693
19142 37389
87713 92708
1051 59615
13120 33785
36958 62983
51909 88823
28549 55894
717 4123
59995 88161
37664 41498
41944 92876
29070 35353
6967 7122
53005 77288
21991 66879
32508 63394
46591 87267
13616 93242
14312 85319
3709 45586
10224 81923
9156 78340
1175 81060
18212 49863
18708 56774
2242 58876
8479 34299
59066 80170
82662 92872
24726 58159
8700 37038
12631 77567
43583 73346
24536 27140
24763 29122
409 89762
55335 91015
60586 72334
66861 82737
56924 58488
48218 55279
6025 53240
1515 90939
49770 64731
16913 88402
10537 18511
21286 25172
26018 79275
12213 33004
4677 56491
3284 34306
3159 84106
9219 89496
21560 90673
18178 49591
20747 77489
12976 54091
7470 72533
896 26846
24824 92829
46699 70374
672 48662
28532 76226
41888 65031
40453 54977
23172 78062
41562 85449
4448 77645
15129 34917
30480 47737
49679 79031
158 47108
2689 59593
25619 92018
12581 89552
30876 94831
21327 92405
74263 88817
61092 64523
27574 87818
2867 78799
56336 60901
44053 54083
14798 55296
36275 58136
66815 67878
45347 64531
4845 38466
55712 86912
55361 78954
11254 64235
30813 87221
12059 49186
54066 62049
7187 76651
37631 83902
50540 70155
13390 36320
14823 71990
10204 78623
10735 41749
37530 59351
4700 91459
2918 64463
14130 48983
35557 49213
35136 52053
20619 47297
8078 32248
61247 68656
13694 43198
12389 68618
40923 69318
5384 66423
39341 78248
41308 78850
82427 88840
54309 61028
41849 64356
61074 71666
35094 70634
46336 51654
22722 26322
23692 56004
21676 68625
42358 78947
11133 20788
39231 91294
8614 94618
23869 34966
53060 83629
19117 48996
13406 44474
28462 64442
27633 38526
61046 90865
15592 28895
10075 27273
50235 82622
62315 91746
14646 38178
8640 67733
51349 89034
14122 78513
25778 54612
38820 44013
25537 83357
10446 73167
40431 78184
54666 58964
86233 93981
51653 80038
31791 40671
57948 61890
37631 61920
2266 36057
22105 61031
84051 90740
62433 86569
2417 77602
1343 48685
69113 89486
51570 66400
72599 74664
26252 53091
3461 77314
9831 15393
33053 62149
6750 33615
15073 27353
41213 82107
35560 53760
28269 76363
19081 46755
34114 68223
33728 81023
640 22386
17217 40832
27638 43103
7427 12787
30129 54338
53181 74574
48092 94880
89560 91123
22232 77512
35356 40505
39795 68151
35112 53774
43074 88133
18043 45629
18386 37257
17516 94566
9035 52587
26342 84515
23852 31107
62102 86898
52208 52416
14154 69996
29247 53479
376 10558
12638 35538
35650 50909
4491 38858
49556 90609
15023 68850
61385 85887
43928 77848
44956 91884
28376 38874
33793 54455
40339 71603
12823 91414
19303 29067
22777 49003
6680 25779
26202 66898
67022 68334
40017 56074
18860 45947
52452 70026
24773 37531
43482 47256
36045 52162
27108 29464
29047 39785
8189 15549
41794 58230
44995 81689
10312 50231
51395 66947
2943 23519
12816 19981
17335 63692
35762 51828
66031 77110
3093 25258
22872 71865
51227 84510
36272 66705
19118 50084
10232 20476
33448 58084
43425 51169
31114 61740
35320 58369
15715 61299
45090 87515
21342 86291
15278 44337
60027 62214
25414 62965
33977 37350
1589 83957
12474 79417
11373 69353
7297 23284
22027 84133
48231 89932
3718 64987
27211 63932
17004 30591
21317 94715
77960 88077
24183 86027
16049 41252
61401 69050
35275 44081
52525 68273
36674 39860
88809 91861
2897 34264
8309 81897
25552 66663
54805 79067
59619 74483
86517 88112
7806 13992
7009 11301
7437 20347
41788 47557
66570 86808
8979 41636
29450 50510
27012 40292
85628 87368
37284 90690
38172 89135
63025 82374
40701 69153
36654 43599
17491 30979
2492 24243
8440 70835
14902 39387
2516 7854
5914 60399
25238 25638
13826 68692
45752 50652
40346 83708
22430 53179
34376 46718
21916 27406
4539 25595
28935 72930
43947 61996
74352 92332
72485 91443
5268 17004
65688 79715
1096 27853
31091 43057
16130 31315
1062 15684
46021 56086
34140 94933
24236 60172
40512 69018
15491 90002
62220 86550
33816 91658
42690 86185
32590 51803
33564 74140
16296 85362
39798 67684
10013 50936
76427 93775
26744 76010
39742 50917
22321 24704
8862 59949
18500 20560
34166 85967
11231 14289
41404 87559
34238 62360
56446 77161
25157 72906
7180 80068
30049 83227
13177 73327
2227 92624
19074 38506
5643 63242
63141 84290
16821 29900
20390 74916
7368 51865
14400 85062
52294 66876
40410 46470
23846 41557
53576 68339
62791 77811
8180 28257
55353 82416
15950 60930
52268 80689
8718 25937
7508 12937
52830 87466
38283 83588
58211 86608
3539 82722
8731 30414
83781 85934
38946 89688
19103 93758
14989 64811
2514 68057
7336 41236
59767 91443
32440 51683
17538 91145
28371 30768
62252 74987
39553 54763
5076 66836
17745 37202
1107 46940
58577 70794
41888 89655
4766 30147
28523 72617
62561 87883
17789 40084
14053 71836
67511 84013
19053 47653
4637 28550
35523 57004
12744 60076
41536 67919
56530 78878
22587 35417
43929 59632
40924 46955
58083 59328
20528 35927
19265 81079
26219 37799
37789 91077
14059 94501
1976 77299
44859 77397
6286 58538
77247 86152
21492 73447
38326 85644
44472 49787
62798 83397
1561 87432
72248 87246
35307 58520
85143 89916
3373 18603
29445 67680
8086 79435
18265 31787
54922 88351
60347 66809
13446 25204
11114 71226
50539 72246
57956 84862
58777 89041
15113 40040
18905 61798
1864 53115
36696 42938
30137 32581
28863 94428
18400 19613
62231 74407
18019 40766
33581 73586
20753 49399
23876 27198
64538 77860
28456 84538
24394 82607
31721 34965
6876 16415
7662 87686
35685 37614
35844 37162
13660 80325
28968 32273
8899 84462
5177 44274
70980 72581
28327 62878
5715 41249
17990 30747
18066 37713
39154 82338
4996 71717
1405 1466
42101 56648
80341 83889
605 23116
41987 69973
3333 69159
55183 66504
57708 59630
38246 91148
359 10137
45419 76159
65812 85972
15683 80501
61847 65740
5013 64361
63464 72890
4215 73499
15076 81616
1534 73606
74269 84529
31645 90743
30489 90792
6559 9387
33574 44695
32757 60809
5128 67903
55749 65419
1272 85091
21574 86323
53109 87892
43841 45093
5803 92425
17648 60424
9548 91448
25558 27659
15098 82229
8951 71747
30829 63656
44022 77611
43759 54906
20705 92406
61948 67918
44871 63982
43386 89629
13455 26340
6038 58161
48185 81085
36087 46621
36464 57533
54622 84201
27711 31327
35215 84407
22123 25552
20711 22001
14842 25847
13466 71822
61071 87632
52125 87997
2248 67582
40165 57015
11043 85298
41385 67313
32067 61319
19501 75205
30975 86775
15850 70528
27508 48027
3121 45532
67899 78406
3827 51232
4736 82164
23694 93092
7381 74585
19387 76537
1274 70019
79267 85972
13551 21666
4261 16496
533 55838
4196 32946
45645 69653
4100 48297
4730 20239
47447 55918
59607 77987
13262 34436
12677 69368
25245 45436
9006 57143
6939 85060
31424 40315
33924 38127
22123 60587
46652 82268
46925 51064
28356 82651
56296 57677
85366 93609
13858 35987
16250 45993
31434 91377
4677 36356
3790 10263
3536 61624
54524 85310
79399 91582
35333 91766
28440 44978
3891 13808
21139 39460
49968 78685
17465 17967
64526 64865
39937 62114
79083 89956
74895 78605
18063 51324
54183 61448
56817 88856
30405 55453
8197 55649
23430 29179
4021 28123
55217 84624
39857 82372
56209 81196
14107 48026
57 56492
3729 50971
40487 70265
48270 74705
7738 40646
52188 77224
19954 24204
48393 57365
40039 42229
8394 64763
9527 65948
20145 61462
31140 71430
12680 76779
28116 67789
26043 47815
3707 32927
24762 32634
12226 57906
7412 7579
19583 78455
54170 93579
34836 60921
68250 83776
23271 65962
10500 24722
6389 22542
51341 51478
16979 67406
44960 76313
5253 11306
27399 84024
64 35773
4774 26228
62565 72512
61999 83958
9992 10432
29703 60804
33723 58104
50415 83816
23967 54635
44718 76338
38527 49693
9445 82545
32456 68300
24464 47449
40643 44239
69316 76749
9952 58458
31909 82644
93256 94396
35622 60438
3799 22580
10025 46316
6064 63456
7289 46307
50533 94488
46384 84288
28838 68867
18082 26018
1928 53501
70757 86825
27632 29206
45256 57327
5710 25682
1321 10578
38996 50990
25232 83452
24220 87569
58295 74234
44623 81407
26612 73563
40338 55506
88201 94288
20548 35330
6203 59850
46793 67393
3329 57668
72191 89338
63591 66109
28814 31246
54769 84138
29241 60111
4540 72978
45035 59763
58910 75008
14818 86886
71143 71837
12696 70319
23363 44907
16309 25785
24605 64772
6211 67437
74968 79390
56919 62978
8850 18993
39206 80018
18657 37507
53957 74990
14488 80225
400 36311
73768 88037
9740 14135
83561 89900
26777 36460
34449 69523
35826 52197
35639 69426
32234 33724
31965 57925
16009 72890
7071 40126
64459 76303
32433 41861
69034 81862
1881 2126
45517 74787
35084 63051
20988 61189
50283 88937
27150 29239
52274 69925
42848 80513
1347 20602
57035 91463
43244 51640
60734 64417
140 35347
76492 93584
26878 33211
4542 66830
4531 16468
6900 11451
61435 68065
24751 86834
19706 34017
67217 74931
15782 84531
936 63255
79892 82784
51886 66071
62071 75275
3878 57551
42203 51824
35174 72582
28845 88821
8312 56850
874 67887
22778 43004
22502 36369
46894 93077
1509 13026
67968 82496
80080 80165
42015 93237
43154 80929
67595 84712
62570 94124
32970 67251
42930 65124
66372 76074
12571 51550
79774 88750
34337 44238
38128 64503
47242 57666
1397 55291
26468 86983
43300 59345
32373 94939
36715 82212
52044 68965
1847 69271
21696 38299
3190 48472
57570 92981
53020 66238
48349 78010
17986 41108
21370 76803
54699 61374
4430 79217
78819 83086
21493 86606
32463 53186
4040 8254
5010 81386
34546 42275
51688 63707
52174 79301
42010 56730
24452 35514
24102 37223
18702 45849
47801 89713
36667 79025
32034 40926
18296 25333
12135 66933
14305 19730
3464 86532
44629 64578
31243 92475
27564 93325
15365 75404
35055 92495
80480 88298
42266 43126
19225 87555
6593 60706
7732 42012
45901 60747
27495 49958
26706 50547
52649 53815
46072 94219
3721 17373
6822 37053
39006 47060
67590 81953
41431 82428
55721 75396
34276 66935
2028 87963
15264 30204
10112 39630
64265 88959
14297 47120
77486 84356
53733 87217
44578 45302
5342 38473
16158 64383
2970 7441
71968 91484
12459 18778
65244 81201
17806 51331
58593 59378
77488 92849
40642 88285
8122 47384
76359 80436
137 24542
25750 68472
54813 79578
26387 62197
8218 22770
38480 54464
29015 65591
24951 79586
67211 87535
56899 57286
13907 86934
36494 89111
35283 78266
13112 36105
3648 72542
12777 73644
36645 55929
68519 88931
68130 93797
41769 74945
37979 53737
42423 49276
55520 64569
47590 69250
32801 49285
34066 86837
5352 47539
36253 54298
23663 93937
8090 49020
29435 62331
5192 64968
19379 69825
37130 54015
20211 41819
41908 82891
29445 82129
29323 33880
21264 34395
64915 74497
26455 71662
37195 49004
1928 46552
9329 25488
5635 78368
5989 73790
14335 30638
22176 82915
45935 80855
29860 44786
13151 60236
8881 55198
50534 84136
6639 60678
19347 26108
79338 93134
48209 57397
26729 80722
15556 41023
40392 45451
6456 84318
15640 27078
13467 31409
46617 89685
10533 84888
53349 60566
7571 68354
22464 61263
21317 30345
6775 12536
71736 87193
54601 67322
63218 82668
79058 80628
10475 30522
15931 16294
14853 68050
11863 24511
13432 51014
36899 53996
69518 77380
2957 20901
15245 81721
10620 66985
18058 26155
50313 74052
63754 88829
57343 87569
24068 38243
36732 58288
48471 90102
64181 69385
10775 66890
72368 94930
68039 91804
13814 47668
20444 70359
23342 38820
24098 58934
27907 69471
22535 72761
66479 88687
1044 2169
45163 73835
27994 46046
19170 40944
10551 34245
5415 42965
67938 68483
37115 88769
34233 75724
8197 52040
842 54487
26119 48516
75736 79772
12066 33752
34623 47964
20206 56402
67929 83143
10882 26928
34440 74664
4423 76048
28915 62234
1560 53300
5115 52311
45137 77016
74539 79422
73059 79516
21222 91320
2522 15166
34362 63629
22813 30518
53472 59272
79527 81650
69558 78094
19401 78820
11530 31455
84049 87748
1996 17671
24042 46831
21272 54255
52026 61486
69451 69849
18785 23580
64298 78309
12017 82837
10279 63173
9951 25275
63605 76024
32870 86560
33106 93852
3574 75989
63297 69653
8214 28305
71344 81025
2649 74624
46035 61984
7866 92149
37116 46272
6833 44975
68257 75562
3356 14659
20660 75053
59358 92472
9619 60817
32875 80614
22681 64997
16414 64878
7451 32557
4623 70408
26042 46430
28148 55338
54067 71941
30727 33221
25436 47185
23640 29424
79571 80747
61674 67747
46657 49007
20103 42295
5720 30542
5815 80341
33891 77949
55370 71161
33324 81982
1557 26817
43809 60228
19357 26094
5209 49696
16240 21840
46423 80526
2507 39355
13981 44980
31723 67367
17134 79157
32001 93791
80533 83724
1455 41949
71966 94190
6587 38942
19825 86227
1436 12614
66938 75393
9749 68966
37193 72994
311 11848
10279 42546
2397 85997
37113 72690
52975 86192
28984 70280
22848 43746
8652 16365
21695 89763
31511 40608
16810 26424
18559 39309
2676 59112
43494 68418
55482 91673
7050 50479
59502 84750
6533 41558
5661 60204
26231 76155
56676 94257
25795 56137
23641 77605
15647 74837
10726 48680
19003 47594
9740 62604
38326 60092
1332 30536
24257 44872
9208 92351
22632 30756
61775 79400
8406 65284
49882 73215
11246 15608
40741 41196
27755 30903
71384 89267
20065 55271
59069 87686
29779 63038
11320 56013
21555 51181
9223 32927
62176 76998
31801 55079
46939 72456
22364 87195
5120 65681
13002 74476
44967 59078
30213 49556
19081 69445
34327 45483
16693 16897
12 90276
55063 68830
26328 70292
86392 87270
36791 62897
1801 22723
77135 83923
449 31547
2913 65452
37168 58301
39599 67235
12320 59382
67861 84726
8167 12858
64567 83960
15401 50901
11019 72120
23859 64795
2418 90948
9437 10921
62392 86526
35149 87791
30281 45240
23656 49816
37594 65769
47851 81844
37740 90241
22788 71310
56002 77480
33328 88253
8650 54454
34537 43097
24695 28877
21692 54517
961 68136
33230 41736
7124 66386
12866 22606
52907 85180
53716 73055
52023 56034
13461 54668
81629 85754
35360 39213
45955 81352
15348 87854
35961 87238
24902 79063
55968 61731
15121 47305
41329 50224
8797 70462
614 7696
1273 44511
17904 26068
27604 42865
50284 58469
15583 78798
6933 31581
87675 89013
39732 47837
454 50014
45252 88304
6148 76423
58025 90359
35841 75686
6267 68606
21728 69548
45337 64923
20377 38283
36673 37455
48656 70323
40429 78115
10707 63845
23727 77303
79804 91057
6706 49193
16518 62347
22597 94805
57102 63177
5370 9784
57154 58399
451 3938
32119 82564
65211 73819
46698 77625
64211 77967
1689 69997
8502 16439
15205 33761
43992 78279
42598 59185
43387 62909
16122 19189
17428 49411
63131 67998
33831 65002
68914 78238
16752 54149
23514 90155
37262 82424
55218 85580
29528 47369
57945 66712
9174 50563
79439 93916
10636 53497
53440 78176
48018 60433
3093 33382
46613 87455
22534 74354
3671 78131
87257 87707
47428 87306
1742 12400
43646 60419
32518 39199
104 15309
8807 8927
28380 43674
20943 27064
10132 43513
28923 54589
47076 86331
7474 74874
20701 33398
72513 94941
47028 58718
4791 64910
2477 56244
76739 77936
25896 47759
29883 53252
553 58680
78353 81732
9112 15950
90604 92111
85084 88532
20868 30688
15536 63307
18389 75711
56186 64190
28339 36781
25686 56959
35438 90117
61773 93359
4210 46307
61124 91063
22423 85855
41955 47365
34694 75679
3735 17885
13803 69288
17342 39827
21936 64802
22284 47670
45658 75089
15288 73625
35640 81598
4443 83812
35832 93352
71111 89655
21519 90704
68716 87929
7795 82803
4405 41463
71675 87806
31534 34495
71815 82784
6226 31158
21094 59690
11314 62389
10375 87589
14401 34076
65953 83457
8676 55329
20602 73731
70343 82341
46702 69099
16387 45381
15580 30582
3083 73432
51594 68993
48848 55473
59820 59844
11760 44699
77385 81519
57958 64923
70917 78182
11540 52134
88722 93570
32115 60650
14154 21214
62114 71309
15713 79195
16379 63274
11049 11808
35519 64678
43918 84210
6920 68994
48119 85211
16144 41012
22608 34222
13067 46487
27564 39898
20813 65987
60091 62106
55888 71709
68213 84322
74136 77077
40677 74310
59336 88399
3060 14195
58523 62960
92 28566
5373 16158
45635 87522
34154 86610
63658 93044
30564 45434
11111 40401
13987 47188
16114 89114
19402 43633
55870 82241
29982 62603
23505 76143
16396 26928
56302 74975
16432 53112
5613 83055
8972 84517
56605 70648
82534 85079
4562 67299
63622 88383
19185 84203
34987 61892
37436 79085
64483 75764
45147 80367
8532 87558
49308 77277
10342 24671
3062 14830
10217 27563
215 65634
65264 80296
21662 82398
23619 77641
9656 81474
35306 74187
58234 73423
1346 76992
74115 78448
15243 88001
79259 82343
31616 39385
21945 70414
43724 49001
28188 64069
24304 56168
12973 50452
13172 27709
48484 74839
22882 28844
27658 39180
81034 92960
48824 88372
63679 83391
7406 28786
29654 55543
27859 49325
63454 75977
25534 36802
29613 93509
53372 67207
33418 46512
26717 40178
51717 80009
34632 45742
54211 84188
72015 91406
55870 65092
4062 16495
27234 90980
8506 65337
22538 62108
38079 91859
26 57924
39523 40895
56402 85136
16065 41564
33526 78875
39226 87179
8421 94648
36812 83853
54922 56750
80813 87697
28915 53900
26848 47089
43049 60518
20123 59887
23293 41567
13893 27793
68533 93050
19552 37131
5020 20567
88309 92237
9038 79232
45328 86050
319 12714
31340 41404
12607 84976
53853 65671
65695 85899
77642 84831
626 21550
11676 52279
26708 91707
35390 53468
55396 56229
60553 65652
38637 40251
35910 61289
21419 31588
33312 53716
1793 25776
2079 62520
2294 82114
10763 89314
43331 68818
26289 74763
9474 43673
39755 66136
34982 76316
282 87041
83418 90882
85757 92486
31383 84737
59765 70650
24365 31353
89909 89973
4932 57855
47832 68753
41249 45839
23440 63021
66267 66373
53487 90924
15919 62632
1339 27718
26300 93670
29623 40645
46871 63549
21048 29843
45954 75747
70119 88520
48181 91585
5323 94775
7374 75916
46471 53410
38519 85026
12391 13273
2060 73686
21723 80432
29522 44554
24548 72583
740 49488
68518 85040
57220 65805
87887 91085
52230 81736
56314 91607
34209 78357
65034 84209
9128 62904
89903 90579
53529 63677
18552 38317
31579 87005
1039 10441
22774 38602
15327 51563
36963 52189
13543 59942
28675 65188
24085 86652
58838 85881
18744 94017
51700 68284
42650 80335
37688 60086
4623 87855
17387 33923
29751 50250
5420 28482
47270 50102
41127 57453
792 3489
7956 34879
21888 25384
27793 79969
2105 67054
50394 93986
23249 85830
42378 56374
7021 56893
14282 48190
10579 54395
43729 65205
293 34510
31939 41843
15737 29843
20250 90608
36907 44100
25860 41096
21624 72032
64081 85880
217 91907
50784 57461
9791 29691
6743 9734
79957 88612
19534 70096
47157 53640
30875 31239
14625 31230
9241 82878
45807 46375
45802 55124
48256 58733
83333 89573
4438 70334
47985 77717
19703 90650
25116 37460
35614 48718
22728 89464
35443 63115
3838 12807
51692 84718
50664 87239
8035 52014
36173 62754
14640 70344
28564 71813
44415 62563
5871 66588
23003 90103
1256 23103
28272 71154
39510 40971
43968 89922
8175 33288
2433 2565
9986 55002
30052 36603
26767 65756
76976 77885
20596 46164
28371 36016
27794 81878
18934 47502
34700 58554
19313 35045
29554 67453
385 38833
2123 6131
28976 43477
15869 83778
47171 47470
6736 75616
33091 83070
67252 71595
9879 81283
14367 36290
78057 84726
1547 11618
66559 69908
23278 58322
17449 44673
55892 94087
37582 77563
16291 23646
15813 54364
40686 56282
48916 51371
18261 70580
8474 28548
42010 64095
29986 87988
61067 68106
3120 71177
5773 28729
76803 82732
15366 52441
30658 70013
7435 41961
31210 40289
19268 90184
76447 85752
17293 79422
22132 24415
22524 48034
15938 30419
26241 65327
15678 44111
70634 76798
17925 70623
48122 71667
11245 48766
4419 76167
70661 72442
69651 88875
34618 66694
71678 91577
120 63159
88108 89493
69242 83739
3119 39073
26565 54984
36151 93940
11446 17669
16553 38094
26029 45810
54794 67750
42333 83034
37536 52115
31286 63633
31609 53477
39705 76569
19888 57807
857 72321
9571 32378
9680 73791
20356 89430
18827 87580
21412 24994
72839 78149
61809 76066
74480 90667
73444 81944
59486 87331
61004 73636
43093 68731
31846 68735
48551 80661
20894 86625
55062 56395
10151 75883
6776 87664
40218 43109
21760 94845
51418 65037
39869 41224
19159 22453
76695 93261
58817 66978
57670 92090
12778 55555
27571 54227
41736 54235
32695 42698
65915 90676
1155 91152
54369 92152
11439 60555
12378 34798
1498 39094
19970 26736
39132 68657
9288 79723
17850 94261
35861 59525
16018 39132
64936 93037
25704 55625
39802 81352
28133 55957
14154 28337
16740 93565
41364 69177
16522 85165
29503 69371
24495 80004
43106 53434
10309 12924
3930 36999
18048 78499
47270 52787
50188 75714
55614 79248
16731 27544
51429 83014
12943 32958
9257 42140
8891 94208
39957 84218
20709 23685
43052 45546
11865 20360
17410 61009
87797 92671
71262 80867
10702 67352
12845 52521
1040 47243
13485 24750
15880 81876
2205 23771
44252 57610
61359 84135
56443 69423
50316 56780
10241 22844
3550 91700
31264 62629
10267 50628
76287 80569
5163 75665
18380 68803
67548 74249
62455 65186
24239 48313
31269 89211
55194 77389
3676 71222
11601 20868
30488 59353
42802 84533
78925 83025
50217 53331
78280 86841
34785 42960
27744 35716
33627 90410
3821 93511
52491 61041
114 78048
48847 54420
21851 33309
12526 48013
27020 28990
43835 53110
5246 21552
16152 72119
7818 51472
49488 73532
53344 55714
40077 48520
55222 62958
38906 81941
1375 17079
21386 65631
51936 82915
16920 93561
43005 74050
10522 38285
51156 58880
26861 61773
38895 88124
51304 59827
8615 65169
42212 76765
41483 77727
1318 18237
8300 54266
33726 42069
19167 73748
23398 76964
60059 62960
47966 59865
17193 72156
2905 21546
4992 29661
9862 32021
5195 85227
53023 53898
64403 77088
19400 94129
14360 78122
28526 56883
60466 85881
28069 35278
3394 88401
18040 39514
8774 49699
7010 22290
30323 62577
8006 41629
12509 57599
31777 71167
22387 92106
2376 4514
17808 83143
17382 71829
55968 94722
30212 34352
22366 62063
2489 43991
53472 60469
25917 60794
19738 73043
53332 70678
72573 80648
66063 89616
14978 80033
45583 87063
15564 18215
16356 78756
1245 75941
25558 61882
11180 43621
17210 21952
5193 44720
20636 57412
38019 68759
60180 63902
52888 56359
16521 32666
36515 47347
82031 83061
14604 68383
62944 90021
34218 77463
37944 55198
44357 93897
50736 90808
64088 77853
37287 73701
2784 13610
30357 74989
61762 72241
39181 81118
13291 90437
10110 22891
35216 72225
58064 76168
28659 79385
26678 90453
46080 48409
52728 94927
28844 56033
46360 75029
52915 85238
3250 64146
60254 67507
12801 42588
34057 45911
36500 52474
12140 28994
68004 82818
81097 83643
5277 21463
51309 93445
72658 74280
15525 47478
3569 66761
46116 65309
42129 89164
9497 45832
39178 53649
52880 83851
53565 54951
51658 83062
4182 53188
34217 35694
20894 63229
36634 51112
9210 10928
5208 49782
36227 61645
595 84808
34302 36050
52040 89425
16777 39450
10285 87287
32532 39716
37448 75923
30748 60414
16725 66889
46590 82289
60173 88941
30724 83445
34140 69984
12188 90211
8566 81065
73164 80784
12592 80577
50419 87384
29520 42164
11365 55200
49593 87910
75376 86269
17608 53702
11375 52151
10874 89613
23766 60413
50482 57700
59307 89427
43385 79206
4024 92534
3830 88516
26969 29133
11872 46693
16312 64785
4425 21485
18238 26472
1595 93355
43429 63643
27014 54060
28207 89767
11529 87459
42473 85391
38776 67206
36457 86335
64698 64860
31452 33422
79292 89482
39939 44255
26469 79004
42401 77803
29109 38569
41909 81776
51450 62338
8134 90494
54798 82006
2580 62753
9528 92461
1395 37967
61341 64361
31329 70801
11702 49494
23024 80440
63555 78333
1725 63372
66784 77144
35987 85780
8299 51940
31301 93295
31988 93343
476 7426
73707 93868
6547 65565
20598 63764
57730 61740
55367 58292
22330 61320
71194 72319
11856 70874
18173 33742
43257 86241
45822 80716
39287 60394
12406 46084
70947 93495
20813 63068
36126 83818
11213 25785
946 38559
25402 35833
216 7710
52601 60189
63568 75320
10768 20749
16496 62893
76547 80275
37540 92012
9233 53660
51392 66637
47437 49714
44816 62578
30771 65368
30924 49914
16614 61333
72459 76543
39378 83753
56375 82029
16587 52213
60926 67179
56693 58461
9873 78710
12004 36192
37707 75653
82478 85139
35520 44844
22533 30910
5631 76536
32685 94934
858 19315
31870 54459
38880 44608
68476 88550
63768 67601
38520 69354
33512 47151
31931 71651
4748 55511
28427 69251
73612 83524
25104 75606
24989 86295
25843 37837
32130 74043
78430 82397
16320 93812
61034 62457
74797 81185
9910 38708
47553 80323
13718 75629
6451 43250
31885 33168
11640 70719
43184 94386
21580 90729
8009 76890
12196 27911
55957 72526
58297 93033
53258 63747
7111 50969
19662 27624
19752 41350
1511 51019
59645 89611
34374 89276
779 60650
10549 36893
25321 55118
77460 93573
49994 80435
44871 55745
46795 69772
60265 62998
11625 78074
59514 88499
24233 63154
5174 40287
57964 79859
38899 61259
27724 42506
8510 59378
12032 78876
61017 66337
43289 45928
27462 56731
18476 53272
41416 85010
80580 92635
9324 81731
65442 92986
53425 85551
45028 90039
4729 28186
32217 45271
7214 9947
76496 84592
180 5526
15662 67990
57400 86264
56601 92737
44031 53067
34464 36058
30295 40666
6082 83223
8447 45751
13886 82637
36115 64137
10326 83257
68194 71250
4769 22307
37222 53906
9133 41510
31242 48547
25514 90045
44075 55176
25578 93741
6029 16192
255 7335
84530 87562
6877 86389
14891 83808
26570 39975
20879 66151
11632 65990
44902 64212
9689 62141
27720 64613
64102 75869
44046 72457
4358 80335
41304 58199
36826 91332
19241 87995
49182 84328
50891 89855
47021 81420
4789 22787
61220 94923
32060 45855
74973 85322
15685 78867
17046 70286
4495 79431
75946 84181
38866 46415
30561 47797
65170 83681
19278 87673
39965 89803
50333 86017
28748 64441
3991 42367
9334 84773
7184 43919
38270 69540
23070 88527
46826 59841
26389 26970
30471 64741
6045 8358
17016 64312
16902 51276
17354 63867
44702 71257
13616 41901
10712 29256
28295 88197
43066 74341
10096 92385
2000 86447
13854 59354
36589 85063
48337 73466
9809 30135
16959 19692
20128 64963
22178 83663
11183 38442
48131 67214
1630 53311
61088 82291
58860 76721
23811 59322
19087 55598
56554 79214
34763 49512
46982 63375
21964 31297
72377 88812
64459 90537
66473 73986
60454 77854
1410 66724
61381 79135
27207 92609
43017 64852
17814 89767
20618 83123
28330 89233
74955 92117
5630 86280
12084 65381
2916 81438
28329 51185
36269 49275
47477 94682
57688 60668
6059 17273
29567 34976
26962 76037
24270 58474
47609 69434
5851 16337
31051 59872
34213 35406
71090 74665
52156 86041
33408 72509
38004 38437
27295 93213
13297 20193
82255 92220
41538 74431
31684 56675
46263 91009
47431 52209
18388 51073
26844 57437
62235 92752
723 58580
5356 82367
61305 63714
36666 52380
11314 23069
71547 82112
50384 81365
2577 20517
25213 75443
6480 32889
18727 37944
13827 46610
26084 44960
29127 79089
9732 24701
3733 13435
28703 37061
8854 75052
135 47780
31126 40531
42338 69000
12656 52080
7682 45935
59757 86618
7424 53846
68101 72441
51984 66425
71062 74981
23879 39323
17582 44218
2376 10631
36130 69811
47944 84357
17784 30650
52273 73463
8602 68060
12635 61237
56089 60945
2738 51885
55233 90299
36663 75641
21660 61910
81276 82493
12426 45938
36405 57073
43990 66423
38149 61790
60137 70508
16559 58271
31849 51694
37566 50103
1581 37448
27654 46283
25385 47831
6811 50102
55559 75978
39544 67334
52768 91543
56654 58145
76743 87573
9097 68124
25222 71793
11768 74750
40429 42408
28999 69749
12988 43380
44139 50620
48928 49554
17352 53044
43471 88269
20164 65590
51812 91074
3706 9673
34620 41753
34723 57643
10737 31973
18031 82971
38184 94057
21399 72270
24402 36634
61716 93210
31211 60108
49366 90980
31946 87022
3279 70474
314 35696
6823 85185
6608 19848
18256 42211
18130 83768
47524 83069
17318 71499
10465 50865
18455 54527
6508 7996
3092 44470
538 87175
30329 78216
11933 86804
2714 70166
22044 34300
10630 73648
9565 87160
75878 79645
45216 75727
49742 52901
3736 76274
12260 46832
44037 65258
88173 93201
37006 63059
23440 70405
29075 85711
33090 92058
43278 83379
11931 88991
64625 82633
20983 77819
74178 75334
18214 79952
844 6280
24897 59901
38393 64286
38476 39820
15382 32259
23883 39921
5694 16680
21333 37544
22467 33708
57343 86113
15308 76511
43911 91841
65360 65399
9894 12010
12580 79166
5266 85782
3617 30053
9908 44391
42701 83914
60368 83573
31619 76891
10605 61842
44537 75067
24526 26879
77390 90539
61182 84291
25372 83793
22027 39100
79179 91501
49405 68642
16839 25443
84533 94465
66577 86660
26212 41160
11363 93249
9916 11379
53195 78586
55639 71906
62223 90032
2586 3403
61964 75232
33702 46847
4392 55272
20902 76207
25828 33949
57061 59388
20458 74854
6545 15178
52355 91860
24131 94275
70927 88359
20770 53877
32471 75633
6448 25197
7394 27074
8525 31871
20692 51969
110 60213
2100 92979
17582 58391
1535 20465
26552 62802
9779 27170
48061 55802
19220 27005
63459 85819
10734 47269
54395 60362
18110 88321
27264 51398
43559 66647
56894 88337
16259 38930
1945 39064
1769 15578
54173 60334
24315 71546
14478 34575
38034 75301
53075 91149
62835 75696
53227 82810
32474 54258
2041 55282
3406 89273
11140 85111
57679 82970
32712 63553
20370 32574
3248 37750
61193 78520
12169 42354
25310 36742
28725 84407
10261 16404
56037 78870
41072 50582
33933 89305
18022 57863
18420 64893
31604 84054
68282 81922
47477 73354
4767 4913
7902 80168
10567 71665
29244 57388
7589 17601
72915 93301
37865 59987
63806 84948
19189 77883
6970 47922
29861 89033
70395 93508
90995 92870
15123 67010
11502 61827
13412 77328
26653 57004
38166 91836
73149 92517
6025 88116
15299 45338
17499 80325
11826 66192
13836 85310
4427 73483
63220 70460
49338 67468
84905 86871
46265 85419
75119 76832
14674 50199
6396 34397
44106 78219
8647 68833
26176 89734
4250 23998
57857 77176
10414 17382
39898 83346
11695 73938
14811 67082
66321 82825
4527 75082
27279 52832
33544 34453
24334 44106
57102 67400
33408 92023
16817 41922
38505 65756
4548 69376
16764 92514
18617 90247
7968 26678
29000 81440
46357 66160
5114 83174
25002 47731
40738 42611
1502 86795
82484 90120
12650 74176
73752 80918
5328 74867
23930 75658
31127 82958
43234 48746
34994 79676
57472 57852
22157 90648
37478 50923
66589 92817
7861 29022
33309 57231
75360 93106
33800 36008
39076 53721
51 62807
36906 90486
33019 87288
79168 94558
76704 76870
29533 51468
17433 42083
89522 91147
23639 56495
59400 83311
81951 86433
46064 87343
29776 91478
55526 86590
62613 62761
58966 64422
58206 86216
2053 36894
40453 82735
40052 94125
9586 70013
2234 29345
45568 74389
14997 25560
43478 50290
65788 94558
7166 47280
24010 40418
46461 56937
41155 74842
45000 61020
48822 71987
8019 28821
11518 71550
27814 90081
23584 74401
44568 48846
13424 47730
30417 34856
14394 48528
55106 73129
25772 84615
21670 77113
23968 50478
56328 62450
1987 56510
22371 58158
20660 74113
15609 86917
19582 90460
15230 46805
40228 88087
3654 11595
78591 87327
46014 80064
771 67709
64433 79951
219 21089
67579 70274
21242 91758
5335 34796
22253 60379
8981 71555
2932 87384
30638 91150
46821 62059
34966 79946
5243 55432
52645 55726
501 48835
30266 79661
12700 80209
86993 92670
2020 22027
61716 88091
30486 67368
20750 74228
5185 14499
71698 78010
9425 36491
30935 74205
67990 90591
29140 51552
24779 45006
18999 72177
51564 58177
6000 82623
34072 70170
77872 85801
25437 46577
26961 33983
5838 73382
48538 84347
14196 61047
52152 52378
621 74858
32671 46019
12769 90687
1997 93484
29354 73273
6434 72533
38955 68931
40588 60041
42833 74612
4052 33648
2834 66754
29033 71973
29724 91229
24145 49594
13821 43592
17359 19868
24690 74518
28624 38978
33658 44676
61865 89626
45956 49099
13099 21163
69801 89249
51091 51376
60657 63153
25637 70402
44338 46072
7980 74452
23540 90167
51353 84387
20731 75393
1802 80991
56891 62606
15903 27469
6795 21035
18849 66502
6281 48513
40598 65740
14514 59388
8785 61413
59641 61746
36888 44250
11502 68073
42331 76063
19268 72366
674 15976
20475 66021
26545 36983
58821 71104
30269 64170
4570 6135
7912 27275
16323 71749
18790 82481
16902 33845
46051 90292
16446 25918
4591 7604
33702 49464
80388 85348
29013 34936
52444 91971
6604 25318
45550 53544
44612 59652
25888 76741
9771 33685
39428 79565
9958 26509
12738 13288
11932 73126
68027 90315
20169 46265
32837 74332
9345 86507
68622 76138
86657 94243
11042 46313
26506 56087
50450 68910
22870 75811
76258 81313
5796 29378
10565 41133
42573 68510
5702 10474
17619 86621
41736 62050
34458 94469
80118 80697
8369 94452
9524 19735
62892 92017
12708 44834
303 84107
34672 63268
31878 38039
62958 63812
61824 77997
26376 48045
47694 93631
66752 74121
31849 89591
82989 89538
38032 94726
52619 78811
6852 26614
3686 93775
35276 53684
25492 48020
52909 84510
57493 63770
46619 73041
17365 44779
50138 67750
30116 77225
7865 61339
13432 31767
12838 46353
2390 13790
38718 53959
46906 81420
38066 77449
2758 89714
4123 33714
15257 72492
40478 72023
6 78250
7535 87411
36920 64068
9415 82732
26434 71314
11074 26931
30356 83568
37018 87614
5824 56796
36213 68955
41332 92544
28091 93265
30190 47789
46881 82441
17637 46752
10689 83764
49839 62829
30906 63735
18018 75430
32308 45397
5911 26508
8812 91946
53192 60678
65552 77051
49217 92347
4409 15558
2774 56206
6685 90102
61747 66366
11174 85530
28099 57667
32204 54122
19662 62195
36197 50592
17779 20726
38627 61302
76705 90240
19301 45772
47864 50184
19311 64170
31267 68158
21342 87553
34363 59673
60349 94274
39664 83870
5319 52431
92898 94588
7036 54327
38027 71220
63976 71385
447 74241
15853 89270
60734 88703
38505 56872
60424 86664
60333 80131
32057 60248
32851 82769
3487 31422
17948 54398
4948 93646
8640 28337
11973 84905
48408 93160
1358 67194
19242 82259
41066 87268
52911 84690
20240 57938
7666 32953
41225 52757
63043 75422
512 7881
72751 81226
14579 38264
32271 41623
35952 45240
24273 86233
21124 66044
7040 14323
24363 74729
6157 22090
8440 76300
38068 82018
11322 71896
26622 29078
12393 85493
25271 75909
61459 82019
68573 82582
34317 71538
36754 92498
9406 51186
6987 46182
4583 61031
63326 84330
54593 62966
26404 29348
5314 39404
31920 32480
5677 79830
20223 53944
7850 59917
10467 65722
24011 73031
18047 86485
7146 23259
38665 88827
49407 77277
9046 34464
64767 83004
17398 83425
1953 9031
11862 42507
23586 43828
40421 59313
40502 61442
31201 53120
21587 22516
75281 94945
22402 60615
11222 75975
55200 89304
15482 38284
63579 81471
21502 94777
58171 74593
52782 75841
60611 91729
38909 47705
13373 55328
4110 72349
16749 31004
21279 83725
31654 82575
14360 42222
54509 67458
52044 57018
57274 83093
34716 69589
1876 58159
15294 35244
12064 21945
7462 70519
23491 77331
71388 73822
30949 40206
10676 41394
37634 87770
53545 77472
68319 71893
46248 82693
35578 82382
26588 47601
59740 70553
6990 30674
37236 52382
23677 24352
25442 56271
37550 73511
38374 74107
61537 70441
8891 63806
2158 39796
29120 54321
87313 92731
23071 71154
59420 90165
2349 65909
18521 32108
6819 40341
23679 60620
37464 84428
3368 42122
44672 91425
7930 46091
25087 58560
63738 76952
46699 47581
54424 56928
41558 71945
3975 58586
63859 65401
78087 92222
2081 55375
74332 80427
9493 90294
10084 63054
4407 94304
58039 75417
31487 60529
59899 84262
16587 80943
52054 87412
12717 24684
73081 83497
17304 41816
29290 43345
24275 36654
12286 24634
101 63524
18913 45860
70925 94965
19353 90706
67568 74277
9948 52845
61953 92221
27302 69783
40434 42635
13007 63389
39991 55655
35449 56424
35091 87079
48829 49158
31491 57446
46943 61444
32404 52912
5699 27294
41577 90760
88361 93588
45083 67303
39461 65832
15192 68912
13071 92552
54916 56482
6007 32090
12833 78503
9721 33361
65195 76795
1174 58412
26612 87627
19420 46661
12785 63610
33843 89622
3705 12233
12254 56783
11607 94916
14960 21654
23897 66401
33058 44180
47241 68590
15041 19718
30488 35504
22095 72503
9838 37273
21051 47360
56438 91981
2260 50713
16841 28868
6383 70372
20307 61113
57322 77345
13970 29620
2539 7248
51167 73734
29020 85820
4512 30620
17556 89286
10705 43667
23143 61448
52029 61722
9175 93299
46177 68713
8693 66014
16968 83231
13724 19158
19388 30151
7905 23053
999 52974
5022 30944
29713 52938
38331 54966
18040 27947
52052 63686
23818 37080
41624 54142
36767 76905
6495 11972
48580 92465
53864 77160
43073 52061
17317 32815
29361 94742
37516 45234
28545 35427
26864 53199
17372 86376
75927 92219
1646 11113
45431 79660
12132 88105
72548 91485
8113 92767
7082 71582
50691 94936
17329 60979
5659 27638
8823 94947
10461 84894
33419 40858
63916 84963
8502 36253
64278 88113
5723 83226
8812 35730
67431 79862
62375 69434
70351 72745
31571 59999
21103 58445
35940 56641
58535 84081
39080 42932
31953 37801
9931 80400
33471 93684
75708 88417
28202 68388
10672 92565
84867 88361
61703 66546
9332 79794
35138 92103
29315 93332
49354 86513
38797 38898
11353 79005
10777 28313
8366 66935
27214 46640
90930 93551
8569 17538
36310 61143
39740 45652
17952 69278
25648 59081
45117 92711
8003 77294
41316 59464
23340 31077
29287 72670
91109 93280
60358 93227
2317 56761
1722 82258
154 7542
69874 79306
50242 83586
92746 94083
9592 78730
2211 65093
11929 56387
13262 36469
30304 30790
60764 83405
18237 80848
22780 62738
1489 22246
29586 70774
63279 82715
4384 43799
77824 85796
22650 74929
55179 59147
7315 64392
9525 66585
55821 89670
48301 80142
57151 64218
31974 42179
36403 47959
8585 74299
19897 34650
58340 81642
43882 65516
7919 13493
33608 50057
11805 27898
38376 47452
26960 27714
11673 62543
6446 14597
5141 72788
19022 81021
18649 20297
21057 87304
5039 13752
79107 85264
54812 61692
27421 79448
14693 31537
13683 85905
8047 47714
55992 60710
48976 52780
33506 36782
1206 6046
81207 88480
52270 62829
18374 51436
26460 32902
16369 43970
8300 83806
37377 69811
8034 26495
75677 80730
436 5468
6117 9396
17902 41037
36297 51853
32725 63824
57373 66194
10372 45366
54294 63778
2370 26948
41106 81015
87264 92079
11842 25234
86053 89778
10257 61140
64997 76736
47892 49239
74298 82101
67213 73566
48336 73595
68280 68785
82210 83339
62488 68010
31684 49811
43808 70376
67193 79835
91723 94126
8994 36132
17659 22350
12511 61561
22321 62636
3714 42664
72919 79654
27897 39738
37979 48074
55293 90393
17445 40552
27825 62090
31172 84842
21316 79829
24585 39208
3212 66029
24170 79209
8452 37415
18253 65372
482 75279
39111 71791
55546 92289
52736 79257
60768 86897
24770 43109
66348 92858
12431 26085
53276 67074
344 71535
34756 77244
61921 62224
40224 44335
68967 72077
48369 80022
7314 69596
21433 89665
74322 78919
35671 86828
53955 60462
9446 88967
38659 67849
32804 73478
20128 87270
19013 22950
25022 64956
5221 89522
17335 62290
35333 52584
12102 27322
59267 63867
50416 77002
78003 94707
41366 93967
40559 58029
13079 20294
50954 81893
23670 45663
6232 78696
73475 79879
25994 51101
29923 39983
37899 74966
16905 60187
7219 91919
13400 44757
39068 74530
8311 51547
67497 81937
7901 55076
18452 23941
44723 93556
32179 91160
7494 87024
55935 88602
44700 89321
36230 43621
50569 85306
15621 21744
7559 92812
37397 61664
19029 91006
11923 63707
44239 82458
22877 40032
31442 52596
37548 54053
57578 79032
24833 30390
24348 66402
60785 72318
35544 83087
48018 79109
20084 51341
48698 72290
493 50205
49914 52329
51882 55761
63742 70440
76819 85141
21524 46671
59061 74487
69250 86976
26274 67460
15621 78123
84465 87254
29268 43444
59724 64527
30920 74782
53693 79807
52109 85896
30480 72196
29883 81397
8030 60413
26469 45992
64382 89947
10985 83160
11331 47579
79661 93079
70703 91110
49374 53556
38072 56188
4099 13101
7884 18718
21067 36420
75137 85452
3088 5977
65653 88748
1775 5385
7374 26842
19942 26412
31983 44774
26620 52088
6974 24487
41545 66470
5278 44894
19363 37103
40798 56199
1504 26722
3247 55378
31167 85676
12667 82860
25991 92169
64431 76203
14756 46624
35699 80814
31271 94332
73832 88025
73474 88465
82932 90244
6088 48748
51618 74883
12777 48983
36813 60036
19882 92742
47152 69509
6625 92314
78469 91889
44093 45412
50659 74427
8252 51657
41113 87184
15061 42832
42747 71504
1254 50755
4941 24030
37623 51226
31868 74611
63273 80481
1381 36622
59530 68512
59024 94851
54837 60361
61063 85155
55203 79089
14325 91059
64476 93683
65 82120
10990 13563
27934 42087
29057 31439
2652 39601
71948 80121
18863 26359
6524 77512
48350 82718
50090 88364
32775 38893
65121 65966
53124 69465
66768 75272
39267 39822
451 11526
4117 9377
47882 73168
69553 83712
43817 59311
24718 76879
24756 42259
22656 71988
22626 66403
21303 49041
27550 66737
3637 50112
60029 69724
38185 85831
56118 71784
6438 23893
44980 75476
54095 82636
33201 40348
2826 8384
2361 93158
54272 90173
42774 85792
12080 49350
14265 27672
5527 55682
4148 66813
58437 62168
38461 42630
59982 63459
69044 84399
69558 84268
20987 57161
33231 40611
39342 93228
21275 51725
5600 71427
39662 40594
54107 80782
45928 64345
48800 73038
12900 48689
30371 70356
53997 75488
64898 92239
32360 64020
13614 49747
49924 63951
29754 42954
22727 48628
22813 79428
26849 40417
46757 88958
14911 69190
12888 56903
7838 64631
8286 66524
22271 44215
22153 71427
46948 58801
16128 46941
41265 44419
52454 59352
45412 47278
2375 67460
22445 73024
57648 72351
62581 86171
5430 66584
1982 42783
77388 94836
72656 90172
19740 60487
54716 74049
2955 44218
597 1329
58910 82764
47828 49189
17503 54660
14957 64683
3386 6943
24878 88955
2365 49937
72635 75552
14781 58103
47072 64389
25123 49319
6661 44445
44705 60251
52231 74822
17313 50986
11827 84386
34379 48397
44912 83284
49881 82386
8261 14150
76948 93463
5926 33960
27761 50890
22137 83966
14631 46176
26543 60545
84875 90577
11335 34795
51852 85319
39308 47573
4749 14450
26631 35191
79882 89081
29629 84498
6522 31323
72408 74635
34295 82804
4250 34304
43762 51620
40831 79739
17115 41485
40941 71787
8782 80969
4617 85929
2376 34502
39642 58766
10343 49623
8526 90320
65924 82155
5335 76144
24352 80262
29505 56018
18727 22458
54422 66014
36168 71444
9550 10193
16407 40409
15635 76898
4480 50995
64547 69723
34728 86224
4371 82397
27722 39850
51716 80607
433 12326
20337 70271
52391 78561
53500 81742
35115 49574
31916 70424
23479 35745
40407 70190
6235 92656
33714 75542
19661 90193
79473 93402
56109 64703
42830 47584
4666 26677
26638 44963
11123 69811
27414 92650
82808 92934
2003 92162
46728 47786
34528 89502
20719 90310
34763 83116
18631 79768
52529 67460
9492 28767
15221 40119
60027 83949
60678 70813
2427 57295
1454 76306
10611 79546
28315 81834
65555 80696
40419 87560
5942 39581
6975 54659
50869 73616
59284 83484
13310 66551
12293 15355
16609 37462
2944 8555
5858 55391
6524 71885
53652 56513
16486 64351
54702 77604
38329 93569
11000 73008
2949 6594
42415 44675
37258 93482
17959 82788
6496 26253
22874 42190
21786 72175
18205 47984
31497 86563
71230 92806
30703 73262
54373 71411
35992 55779
82012 86780
22594 90019
16030 83293
8937 86910
30521 60722
88866 90255
34775 38011
49573 56406
22946 83880
28967 64514
52377 66349
10051 84141
36961 83336
14774 77332
17159 41404
49052 72789
18782 89593
60246 78663
13142 39190
14124 80412
65143 67429
65037 72949
20548 65563
6710 30937
61646 80757
9525 10501
27045 73116
36536 59207
68966 75732
42996 62066
24000 36110
85443 87934
9125 88523
41237 83902
71568 73310
3390 51091
163 16026
4572 44138
11586 56860
9620 79648
72954 83892
19774 84425
14758 92203
34839 46263
42613 71951
73915 84226
90151 91670
6107 93928
39173 60528
668 87891
30155 43831
56472 57190
229 49391
60568 69717
12811 38429
13010 54838
26517 74939
36755 45246
4773 20726
67440 90513
19493 41580
50448 80813
20743 37605
45191 52829
19677 23984
24430 84815
33288 43664
12762 78600
40761 75038
26733 34652
44327 92814
84242 84895
18230 72231
23962 54196
17257 76220
58406 72610
67980 78982
31541 46574
63616 79627
28097 37039
40576 53807
5479 23605
16080 64513
40987 59042
39549 70340
20579 35045
22114 41625
50240 52162
6176 49682
54117 64278
15 69054
1858 91251
64376 64604
41981 45633
83450 90921
23552 71640
20463 67276
15514 48967
1702 60245
28034 92051
13783 49629
5488 63571
20342 85762
1664 17864
7037 65056
13138 64206
33016 49516
7377 88880
4656 33393
8643 75205
44915 67055
379 46932
46509 54125
52579 87378
65678 94753
12119 35058
50469 59724
49399 93052
7380 23787
31672 66870
9238 82742
51540 87462
82198 93218
9569 15190
35733 86645
39764 83423
23606 50723
10595 24574
12765 46092
4858 16535
49380 78183
46304 74291
55495 75575
7896 11402
12512 77375
1595 23989
11438 88159
55453 85477
29302 77093
65179 66346
57283 64003
678 89891
1434 91903
36649 72916
33495 93944
32625 37784
44774 58772
53104 92601
617 27150
19697 50913
35980 55762
4865 72136
32896 34996
56221 61569
20418 54392
18367 27771
865 61689
50037 94158
5134 10211
69530 71521
6913 75584
30925 49444
14094 39740
2865 54566
10996 87499
11216 51690
71720 91154
50792 57200
49939 59307
5510 50282
13461 92977
51372 79076
36741 45528
11978 72810
51356 62642
21639 84437
38439 64813
2264 32799
81485 82119
5311 18038
6038 70217
56362 82566
4081 51377
50526 56013
11384 35889
10806 31785
8791 26875
39632 65204
66858 93095
16586 61676
12160 60867
49930 66735
35668 39495
26769 86613
74678 76318
68863 78660
39484 83984
1630 8242
22179 28520
44703 81590
1860 10727
36043 48433
4847 5973
29746 67677
32456 79330
28833 83030
49346 92841
88298 94676
46272 58536
26090 64811
28252 39360
32897 85818
91041 91144
83525 93556
67886 87715
82303 90218
65349 80941
57223 72948
22945 60723
26418 42831
14077 84675
6654 66154
7456 65658
11395 63906
45259 79613
5407 71477
23868 27337
34696 34772
22615 40443
59641 82937
87995 93352
8338 10984
22101 37426
2557 82077
14505 93787
14007 34188
54468 89387
37353 60388
28272 86299
10696 28044
5149 31006
28293 77402
17295 91379
3521 16646
26387 53653
15471 75691
1474 69918
65520 94456
23557 76112
32712 84661
71482 88005
25825 94422
30332 94731
26344 82169
14678 93817
25887 34730
981 41252
37843 74322
61723 76489
19124 22062
48562 70259
21396 69095
44754 91353
17893 80814
29784 33093
12334 39733
54306 59079
45340 54188
43243 80701
53153 57187
60788 79242
50120 65221
35913 64612
31643 64324
56574 85693
11165 43864
24042 68229
22340 26310
43120 92723
6458 94574
36877 47514
5797 60325
1609 61300
52466 91492
30576 74136
34929 51609
1379 30547
18153 92640
13306 76198
39794 56299
7664 38264
38875 44434
4403 31262
30490 78973
74598 89911
14705 45150
5693 36448
42135 70985
30637 69516
8622 62319
46675 82704
25885 40139
35344 37722
55681 83092
8738 68313
25213 36615
56113 56558
23380 25125
18961 87105
27975 30170
57808 58543
25118 42865
3698 79233
12314 36550
67187 89386
3308 75747
25044 84466
59609 89739
9184 15388
40862 75093
3047 14961
9214 10928
22027 35611
52382 77388
17509 29663
54409 77731
35929 40111
39904 73354
38260 88457
59848 76880
11017 42076
9326 18515
54790 64197
3788 10434
65676 69923
18834 42368
41382 92989
575 37897
3961 6720
29752 82447
2733 57573
60610 63796
1977 42696
89472 94563
27060 51499
12721 36045
14158 15997
32583 82951
47261 81563
12165 51908
37393 87054
39931 73760
64947 85793
3409 19830
61823 78851
13009 53138
43964 83296
77990 87309
92184 94897
34291 62012
44603 80789
64306 93540
57322 76833
47804 65411
4818 32816
81616 83611
30288 33176
22208 56613
22995 52024
80589 80906
387 67882
45769 64184
8719 25822
56509 75930
25087 55525
57182 67432
11949 67992
23005 66040
8806 35209
17196 81709
15106 79569
23166 90984
35251 76788
5418 61254
66727 88270
61663 91681
17190 31315
76355 79159
41600 72827
21153 28250
23107 73566
69443 82253
662 58512
61491 82580
153 89904
48613 85510
13192 48684
66905 79702
38465 60835
21859 83269
23672 57501
43480 44345
14357 24481
33204 52373
1241 14516
49135 52006
14016 22254
55929 77682
5433 58975
11883 85731
30372 40329
55115 74091
26658 49115
21851 28739
28813 29303
52824 74201
41100 56166
69854 77727
8042 45314
4067 9538
28365 32789
23611 91400
40101 60813
71285 77757
7275 40060
38342 40883
8624 14312
29423 83959
63443 83721
25200 32358
7018 59283
7592 58665
23157 26967
31384 85132
71197 84264
58232 70004
52513 77325
42303 74904
30217 40623
52376 56366
27954 47373
28856 73793
4687 61397
2380 93469
11698 83780
1843 12179
7982 30823
47355 75567
2343 41537
108 20054
22957 69464
11956 47373
6907 13505
6402 39327
67127 88787
5168 6836
19295 40279
53872 81978
28832 76385
32175 87616
63013 89357
17495 67827
2597 78953
12914 84975
75101 75917
25980 80852
32316 81703
39048 58661
18052 86460
32546 62669
2618 35410
13828 62213
172 52421
17461 40524
35942 60778
65199 85006
12337 80283
6404 79938
16720 94608
67225 73090
38239 78143
54682 64341
64357 77206
32016 36119
38589 42547
520 56567
30013 45992
42909 75316
9101 29606
93988 94400
35101 60246
74110 86152
22913 54738
5322 85618
2939 14700
16518 43273
12209 13639
6467 22276
23884 35769
1004 65791
68581 70834
32986 42351
22810 39771
63065 79783
79845 79916
71759 77117
19621 52039
20443 25288
8041 51953
28286 36163
63100 91132
44768 50244
30490 74553
50599 69054
2540 62152
14106 87046
58092 82856
20569 70549
62343 75143
70228 78313
1273 62017
8164 57731
60963 84027
51602 77777
2080 3000
48026 54950
21399 69689
30006 40797
42926 61808
19884 88853
10208 66811
13424 67083
12711 92145
26069 49846
45011 93315
2396 68490
7013 9046
10595 90761
5279 66130
55766 82811
4165 54891
10100 67597
13464 68844
13280 73272
42763 52061
5952 50757
59946 64068
70616 86607
36178 74502
14175 61485
53215 87004
44365 76859
39086 83732
21464 79231
54523 72445
12516 28855
11487 49904
11350 49397
169 36775
3342 36495
42123 82202
48569 50437
17095 67690
1064 67456
1323 35522
9255 83144
8675 90919
14300 93606
42416 61073
2049 83785
4007 6318
7333 76756
43679 86910
57761 88516
18242 58400
14541 24914
74161 85832
60152 60187
76107 78364
64692 83796
24755 87081
4276 28569
47514 64670
51920 94705
34643 87198
55599 80894
18625 66790
38921 82928
60313 68745
22950 76160
43740 56920
66018 94021
60613 78847
43965 66673
40641 47167
269 64898
146 6476
33887 79981
40225 45691
3008 49225
11024 22426
38876 72848
33684 86662
60609 66511
6635 14984
41359 79602
13171 56227
8176 90251
10454 54859
9749 69940
21881 58369
25177 31528
66938 75564
2971 62692
53573 57939
9766 61744
68606 92770
41329 51131
9979 74546
32840 72383
56857 72177
22100 91180
18594 58356
12825 39774
48903 55008
8742 86880
52217 58564
11868 68280
5245 64998
9283 45654
29258 89210
23921 26659
14158 40584
22068 64856
16892 62720
79690 87055
21474 24497
20539 23417
16211 47481
51373 75455
34882 61031
4975 8512
12159 19678
49837 70786
27999 59188
62212 94084
59637 73193
46433 49024
7394 37178
949 46334
5946 77621
40091 85032
2338 33970
1075 65578
43731 69498
48920 79851
7173 23671
47520 60727
37844 54744
63165 68037
25148 59922
13619 29778
64072 67289
12781 87324
11309 15478
81971 82064
5805 67232
12326 90058
36971 41265
32026 93557
9866 45104
20684 63816
5372 11462
17658 68608
27331 50353
51328 78939
38930 55715
53468 79086
11061 49589
71578 73026
48300 79530
42892 62690
13835 22594
3096 16549
4191 68319
4877 68917
19356 81554
32800 53731
20540 58859
76964 94025
16530 49952
54881 61291
50842 68861
77200 94273
19176 22801
65838 89634
21887 38319
51903 87644
22949 70166
49729 55238
37939 91518
59962 93920
39101 45671
4440 59840
4787 39586
63002 84108
52665 89861
13261 62710
854 10607
36767 46408
36398 58713
452 48812
16114 40845
55136 64181
40598 82928
56255 61190
76432 80038
15533 69633
35641 86964
32966 93232
30838 37716
9007 52405
31814 32142
61022 89449
5261 47217
7490 48223
45663 51578
44042 44453
38515 68930
10100 93344
22439 77733
14060 80353
61365 86033
30196 93363
21018 33246
22507 27595
33069 90708
61579 93924
85053 89805
22626 90895
48569 92573
62908 80014
47726 87896
17900 41113
12007 34839
69597 86990
984 49707
82385 82631
39276 94558
55409 62243
2926 62004
42070 88934
20375 48979
47167 81462
4128 22127
39498 51466
42202 71408
8863 65196
11548 39538
30838 87377
41478 44654
3443 69470
64854 70977
38376 64560
41337 70306
25657 89848
20529 28993
44044 80268
87007 94209
46320 76813
26714 61410
56163 74495
620 13257
45795 67127
13729 56913
17079 61737
53386 86470
30041 69298
57355 77518
45087 61505
23627 62239
16966 84636
24088 50294
59062 81802
38511 65503
67983 77180
44968 70646
64481 92191
51145 52977
24293 43498
69440 81200
38840 72903
10929 88331
33279 47135
16251 56752
28935 43276
57191 91638
40014 83778
10488 65343
48683 51094
25524 58445
74903 82096
40842 56398
17372 31616
802 76425
6498 63920
22823 37862
59270 89639
1698 43544
51005 60161
12145 51315
31636 41144
148 29426
18013 78878
16963 72447
29098 34288
53622 54955
64372 91562
21384 37563
51750 78669
29955 90214
22043 49441
5384 93859
16356 55978
19387 93418
32206 38268
23270 75274
54531 84269
809 53383
45579 89615
2818 5357
19244 50841
12887 44682
20266 79140
45257 69296
71653 83456
12852 34520
25420 70391
21083 59990
72721 85447
36601 39085
42223 84715
4625 15559
62198 69742
23484 29793
39705 55428
66798 71932
80040 89246
14101 85033
22778 33334
11878 92196
88299 89476
9453 80982
77889 89372
10435 76863
919 27313
36572 56970
47249 62190
71519 73660
1842 56994
11444 37355
49612 49654
15345 53478
33732 45568
5817 38498
419 27859
12870 71539
31257 77266
70446 92280
18306 62289
31977 57655
45416 84332
46898 62548
14877 56433
24212 33450
30385 92494
6369 74515
19798 80538
77568 93509
51588 52023
22115 40456
13393 35046
13359 87716
1371 77351
11196 12932
55188 89716
4617 13541
59854 69296
7264 14860
48331 71803
40282 70694
57578 90934
14663 55818
22042 53947
16185 61283
18727 74721
24318 60249
28534 58659
10728 21691
42809 73084
28548 41547
25946 45995
7908 54145
69377 70873
51416 86653
52812 55161
1208 34214
55778 61408
80098 81362
11973 18076
15108 78317
13923 77596
5127 35791
3597 24496
7259 10045
3316 27316
27538 63365
42597 48992
8593 88738
17209 69534
28802 47052
11273 57692
37530 72621
429 21632
66505 71719
53633 78080
36958 75380
20143 66932
8610 29736
70892 74237
42829 49647
24826 61039
30072 55194
13559 46986
72241 81902
7713 36293
61160 86981
2570 82028
38274 76500
59866 88164
26385 79411
19351 29128
17412 59893
1078 53110
20351 58170
74765 81199
31473 64120
82716 91638
69160 93116
11428 29124
18559 42566
5436 11396
49775 55203
58992 76337
20730 59718
38989 77158
15039 35417
17924 21603
27429 35524
25373 48410
27588 38519
29743 87624
40841 88176
14254 63232
25842 63264
13887 60996
9436 20173
6238 66088
52410 91877
8932 65145
27658 87770
53642 80030
26291 50211
57284 63705
10287 72924
25834 74414
41077 61674
44699 67317
9982 27018
1160 26352
67636 94917
8368 79210
62272 82490
19376 54685
8001 85106
1776 21304
45849 83161
44463 45895
49679 93054
6542 60863
20508 77012
78949 85355
34171 63279
1176 24701
19636 30876
17979 58658
19922 40230
22819 66208
53578 89311
49751 83123
66143 84717
1293 14913
54424 63469
74041 92373
5716 5939
24049 82106
10174 35902
3019 24490
17645 69254
6511 12189
2326 50956
46606 89635
29072 59023
40206 47109
11141 26934
12329 73432
31899 63840
58886 92925
12371 27312
54857 67505
25286 85052
37760 61194
49183 65656
17830 39176
43565 61998
28882 53048
13389 57404
21750 25161
14658 43971
30812 44434
28176 67905
25838 55282
11260 77707
34350 49027
40160 42604
52720 68244
33707 75159
33339 60345
61048 85400
32936 45610
14781 74764
14899 90788
34883 73630
13733 38293
75387 77646
77919 87360
78753 80088
27597 79089
4519 31128
19872 86163
16193 68286
42760 64948
5289 26383
42936 77366
14134 89944
12757 51734
7137 12810
83818 89136
32756 90299
9573 21008
14959 68729
54088 69365
65243 83199
45815 54595
37866 79401
56096 80080
37404 46606
74825 75900
45312 74900
35700 54719
38243 52650
71959 81726
63741 76819
64098 73224
56218 84531
20008 93994
30725 93646
42422 66076
43682 73478
84553 93645
22142 86483
29070 47942
21628 41915
75506 89598
514 34441
15615 17448
45279 60688
17700 55917
16157 73628
41080 65165
21695 94004
7428 59330
6424 56123
77834 91055
28923 81837
4499 35954
9074 93830
9781 67639
53527 74416
33737 45996
6176 40832
8715 11067
60027 81643
51616 71906
58731 90665
47471 65127
63679 64941
36697 81674
32219 90955
44633 53633
33703 73003
58855 79368
7125 67393
43770 90447
69613 83700
24237 25219
71631 87823
27908 73868
12882 83520
71294 91541
34057 41323
58795 63543
51311 87074
34121 37863
43178 73023
17857 38150
26200 43321
4234 38844
60832 66703
29880 50095
36281 44762
48634 89834
6076 66203
47346 54747
5478 61246
4578 74756
84971 94161
56002 74936
33175 89892
15080 19621
52646 81592
38094 92144
4750 93122
21257 64877
44672 60760
16429 77028
1771 87418
48468 54244
45507 49106
2894 27151
55184 63522
35583 35817
32084 88071
3912 81814
970 39250
13047 85983
16569 87191
10051 60314
8380 67670
70880 87085
25467 56723
6962 77516
1984 29896
4590 78984
88309 91162
1300 44418
32717 80273
10351 36518
43924 75302
58364 70346
6937 55754
5263 49653
40958 61776
7133 76671
57466 64112
3190 40958
28912 80051
34718 63652
33856 78091
22150 76389
72060 72202
20851 30016
72356 80848
16443 79068
29258 89825
18874 35659
39284 69746
24286 30585
36412 86923
2300 59297
34984 38842
91552 93204
57660 75576
64945 91667
14387 27718
45256 55349
20785 38535
22470 76567
9373 68579
34172 85006
62146 68635
46292 87987
53237 81683
25220 26848
10218 15142
81678 94891
2668 40430
80090 80508
26876 42160
66465 87763
50199 93321
53982 90096
19424 22890
3276 47404
74841 82955
11253 32010
6268 7814
36783 88940
18199 31424
14327 17441
15833 79651
38198 42051
24719 56747
24526 70887
36901 40447
20421 53651
1317 36360
49780 64384
63436 76411
10766 41549
60618 66356
54427 79827
29072 65832
30567 87930
26364 73777
29337 30334
17789 56295
42879 71085
1615 45834
34084 34759
85711 89668
44968 84982
77909 80435
37491 69791
56122 60998
11069 58854
31489 79559
16574 52468
26171 64321
7857 77437
42013 89203
31857 86561
7010 68243
4093 46188
21312 32643
47139 52100
15845 70176
61839 67505
39724 72914
17919 89479
28764 57912
12999 91502
9593 50800
8961 69394
53191 93307
32355 44649
14296 84739
11664 14670
29860 70335
63496 91478
37644 89234
47845 54384
19560 50275
2818 28945
18283 84400
34677 45792
21781 57198
20714 89378
19879 63275
18595 71388
39107 86068
28301 78670
20682 54729
58152 69988
12000 38909
2669 87271
11942 21492
6112 28010
27637 60577
13983 83886
29753 85468
73400 74609
227 18271
7042 26131
48506 67717
59498 91467
13611 48975
409 90893
11768 29805
38091 74439
23302 59767
5331 66328
78336 86419
29722 64285
20972 68054
4702 31418
81359 93788
23255 38907
2040 5200
45387 72130
88537 90836
35578 42968
62109 81643
25788 70007
12294 28610
39766 54788
10858 44847
3895 15718
58502 79372
1219 69351
16369 30161
15463 20640
132 5700
91950 93471
4887 11889
25597 55374
16163 87816
85495 93926
80878 89895
27519 76018
1129 89040
41160 70480
27403 69521
26579 92676
32767 85057
8873 75367
9591 78414
45144 72438
9847 39211
65832 72902
22337 42714
38203 43975
74992 94441
81677 93774
39108 42307
79008 92635
70989 75950
130 34744
76074 76440
80972 86061
35574 41563
42055 53319
11703 15676
54448 69163
24399 56002
598 52396
54172 90744
24876 80501
65961 67143
338 44077
22312 75027
15657 57506
21790 61196
39771 48537
11473 60119
69398 71638
9914 72129
4390 25102
31419 46845
29223 69766
24782 69172
20302 39490
34705 81091
10727 42304
14336 30478
8928 15415
33417 73637
35048 77659
10696 16769
60292 86808
62618 69785
31539 70837
31946 46011
12121 72344
8424 54569
7140 87166
26329 32476
9008 80757
38880 77653
49066 83620
10667 42299
39193 85866
22172 32002
59959 67634
7810 69116
43143 52340
42271 94508
22986 81627
7932 77479
45946 88088
67482 84709
3043 92032
17226 94291
19674 35254
19155 80627
81686 88898
53260 89890
14139 29926
3071 92946
65067 87426
54727 70055
75318 85720
21248 51512
2246 69317
55389 75026
53952 84571
18132 88118
16656 20203
11051 17071
38398 65494
14668 26759
21805 59937
39478 50975
18737 28531
46173 46618
52272 76097
20768 32648
79165 90664
43715 72788
40041 45979
48168 78244
12812 90338
17650 49853
24161 50385
1887 89442
48695 93906
35939 93909
90008 94266
23785 87070
28050 80741
19894 33079
36064 85415
12097 94359
71233 87013
28288 70887
40936 51506
62586 83296
62765 65395
22067 70051
79527 94740
5221 91447
23769 74594
46930 80211
1404 12196
57351 58207
46921 84032
1850 63597
8219 93958
41543 79295
29495 66276
53308 68100
5377 74986
42590 66401
92494 93414
30097 74586
7233 85460
9185 54111
72825 73168
37209 49745
74853 78778
74641 79621
38928 69345
23831 91290
17113 58237
31017 88497
18542 25088
20281 32149
67425 87808
46717 91762
26952 77583
15386 85662
10518 77647
30228 66441
5907 43844
21952 71117
19616 74011
41036 57472
25581 46963
31329 40704
19880 54328
31470 41064
39227 71841
9618 10539
2827 67527
23888 39564
46727 91749
19612 19882
24316 66332
59490 64848
11823 15391
22139 61526
4568 76201
10667 89441
45716 65646
37819 90545
13191 25598
51600 70575
36226 71747
16791 84332
51176 84395
3090 10713
21312 79620
17947 85054
40214 80337
11432 93032
49851 66682
26565 50486
79860 80113
3981 50746
20283 40691
60638 73842
39506 63749
36991 74620
10410 68423
8510 11113
19128 44947
49870 56835
33526 79503
39653 81750
6233 32841
25394 43314
54093 73866
63371 79306
46853 66334
12502 81635
45207 62278
10187 38288
2033 42479
12400 17801
28558 67626
11268 14654
19757 20252
35106 90116
17949 74867
1460 93329
42766 86870
13454 92049
24189 27613
33684 77305
27605 29462
9186 30298
13337 15547
6059 53399
49237 75156
45453 65565
11587 60996
37016 47083
49197 55689
51594 78843
50265 74443
35061 54695
45544 46838
31522 64424
34176 72387
9291 25770
13791 31560
52475 69192
60917 76544
14799 52055
5290 8511
6355 67920
11775 83277
54713 58451
2537 29686
52743 60907
81420 88189
26003 33924
43084 66033
15375 45488
56441 62335
10186 41476
2239 50891
87236 93208
51230 55546
2768 41916
35510 76114
77625 87254
77588 87294
6827 20917
46912 58286
666 77716
32 89302
33708 82185
5517 47602
68525 92453
30022 39230
56914 80843
56 15656
33377 84028
10992 44393
25504 84905
54838 69045
49501 89092
23698 53021
11731 78718
18333 38987
42537 53923
55484 94097
63565 81021
26055 81885
66243 76355
1781 73303
7590 25877
8314 35075
40741 79230
544 50952
7904 41046
32444 43647
70099 73404
23010 87728
38590 49493
20733 88653
81066 87265
5822 91961
76560 81990
28863 85486
50086 91421
6651 12788
3089 5659
11980 27999
23330 49692
11681 83394
27331 32796
30294 65736
46125 89425
32619 65739
36733 72914
37865 43936
37049 80321
75288 86204
14141 69536
1302 3611
12419 42696
19089 50555
15718 42044
48595 63119
33684 45028
44206 67740
64856 87458
34338 87284
41500 46848
37608 83267
58094 87476
7054 85746
42728 62683
31079 78906
10427 37365
20178 40765
3744 21919
18592 78673
73648 83563
27391 44066
16408 87469
18933 39705
22144 74444
2568 20322
34016 70588
56227 84933
13204 33748
38594 76148
15374 50992
50936 57134
1535 31116
57975 68373
38869 73504
50384 70271
6145 72168
37928 79197
66536 72149
9177 78836
15678 42439
27727 93607
77626 87088
32908 71494
32562 58173
820 85254
17309 20396
2698 16057
23710 63597
84382 88594
47787 88192
37665 68672
53975 59071
2167 34368
70354 92928
7539 27005
6100 12942
4 88518
16752 90277
65403 71122
12773 83188
29492 74200
25367 84020
55733 65286
3893 36055
67590 71584
64445 72927
51191 74941
7394 47972
19463 37620
7321 60527
58113 83740
68075 78075
16915 86659
8210 32419
32496 58361
22073 28199
72155 79819
4442 88866
86207 94304
50341 65006
7080 21888
25504 31562
32961 59072
1071 14661
40789 46064
32294 68932
44979 45930
38142 92838
64487 94631
37678 50966
49281 86119
20305 26737
37041 74940
16203 46076
50506 79360
88400 91903
20002 47909
16488 34181
12763 72260
4252 5298
29319 60814
16353 76275
41663 88908
5435 62389
4868 55375
20049 45145
35694 74724
39627 89489
27425 61424
26131 80911
23205 55542
4458 65842
6502 44447
859 91902
21446 91043
59315 73790
70378 94678
37492 55184
40733 70959
27895 66499
58893 68894
39316 42118
47155 75544
37796 49976
36155 73539
25226 27415
25916 68069
84533 87230
33165 52960
26564 47560
23452 53159
42648 84302
55331 68171
1188 52834
57438 62264
54115 71476
12635 64626
29278 32131
22986 36642
18308 27264
45617 88690
24552 84879
43645 67619
28855 49855
39321 94087
40536 76173
8719 80532
42850 65547
8003 72056
11954 12702
45184 88761
64990 77939
25482 74690
39960 44712
13441 36011
28724 65543
54092 60301
10171 85342
35649 64846
51763 56988
8426 86640
4493 34451
10023 79667
21628 21764
25146 36873
8364 51751
3798 94578
5939 84918
63303 74755
31908 38796
29894 51309
35968 59027
15640 59639
41347 68921
56262 59403
444 58240
67632 81720
24217 86557
63228 86125
24425 55095
31012 84496
12571 57734
5014 21822
43043 91599
74697 93986
14365 71821
27304 73120
74609 76456
14974 73291
71238 78380
52800 68633
70036 79895
1896 13783
55246 58948
7080 74122
28508 44335
50488 63420
28339 64202
24733 32727
9237 50566
66876 93657
38456 86816
16591 81703
32906 37966
34409 77388
47132 85784
19640 32986
37000 55667
23483 58675
2142 86894
35978 52251
6345 62358
6372 81068
14310 22266
18150 81130
21047 39937
3696 20073
52661 86872
30321 43730
20782 33117
23251 74601
49200 67185
20544 77445
16263 25315
29803 51153
31942 55900
64097 82872
31124 31802
6522 50766
32282 36929
37999 55455
10834 29937
77442 82587
29530 50128
40483 94776
42159 84262
36647 82669
29739 89893
63297 67287
9831 14252
65335 87018
49617 65075
36527 53955
34137 94155
7176 21296
71978 87308
20273 65097
25989 45920
43445 51703
3436 3764
7606 45650
32132 49230
6741 39559
20143 78805
36529 75840
55174 80960
766 47739
6246 49731
28075 58679
33834 89208
50094 78983
9323 18320
17837 24856
24156 24282
69713 74354
14439 23328
18202 81717
55058 60100
17760 34238
23023 23888
39780 74426
35408 74994
61682 75382
42214 43981
51921 85232
49862 55069
23880 87823
15583 64475
53986 55058
25572 86454
16379 62022
16315 41932
40346 69945
17337 27557
76908 79593
20360 81512
28865 56896
80131 84413
44059 84771
8565 8978
13494 39253
23701 67922
42022 90623
20885 42133
8681 75209
19691 20983
39280 76485
82593 94143
63836 94910
19484 43520
46833 51872
38182 82098
5524 36541
1970 8993
18279 32265
12161 65398
30443 93097
21874 55370
31692 84508
8452 49271
18363 27796
34634 83955
35889 61469
66078 69315
39732 91225
22939 71011
25853 80226
5851 74513
1874 72454
7798 24729
5884 29509
21173 27315
48476 94522
10904 72545
16204 79726
17183 76895
61872 86448
27066 47507
1716 86685
5953 84992
35088 50611
7531 82640
45865 80817
1448 28462
44398 50070
9503 11275
21278 53047
48091 94425
7348 65940
2532 84759
5736 57184
80183 88151
78399 93078
18109 68416
53179 57233
80664 91319
38622 88456
3324 64638
19988 29007
22445 83325
11888 29255
33899 65229
33477 81843
15248 68536
57294 62517
67949 75929
58139 76373
32224 47393
68649 83094
26471 76637
45859 87544
38797 85090
38617 77837
55899 83884
14421 83317
81224 83496
79347 92929
16428 68803
5988 90903
52404 77427
44347 60301
15806 47879
17944 81898
25724 61413
12289 45563
14750 32953
67015 94931
13155 29784
7616 17874
53672 76997
46619 82359
42626 71998
27460 48486
11794 74383
51310 86679
56570 90932
3483 6810
29639 88319
18998 46337
27683 43543
17156 84761
28647 64972
65458 85151
3523 49926
76893 94004
13678 85420
90223 94193
34391 65409
85938 91948
10240 82957
9054 94567
49910 72654
16639 24480
23630 59925
45162 49670
10833 88267
31309 69067
63110 92615
11696 12207
17869 61879
28099 50944
90176 91033
75283 82448
31516 54180
47878 66720
16296 61181
20097 84949
18609 60368
46137 59921
13243 31782
14923 38540
3808 44288
461 70500
12822 84831
8193 14281
7705 11041
17764 20908
152 35863
6528 83840
33157 94946
42269 62134
2721 76645
16499 73335
13986 62934
49703 69205
11514 13227
4372 59605
10827 70730
36768 55629
4614 48271
42627 49962
48876 69538
24672 64200
80762 88055
60659 86973
36679 51996
47750 59653
55621 85156
22168 40635
14387 43097
27196 68897
1439 6505
46836 61752
1227 76550
16871 92804
34075 78220
43222 52157
31679 47118
19437 55841
52007 89243
1125 49542
6637 38495
27400 61575
79732 93925
36989 66289
19532 75937
40142 69257
29236 92200
15858 74167
31052 55836
65339 90992
26558 37171
39922 59631
12810 48843
158 76118
20879 80170
41269 54276
68521 74188
81386 86522
51392 89306
15602 22717
4342 70583
69638 88375
72395 91063
47094 82337
43742 71560
14673 45232
82123 87753
62568 85907
14342 38960
6898 33080
22497 84125
39201 72650
17248 55530
42033 64020
18947 36848
37614 79119
45239 78424
38120 70275
3131 84248
40783 72881
961 20525
18783 75203
33091 34432
24177 28701
22496 63395
24088 54308
7385 11500
14714 77725
42675 86711
18095 83487
11351 91191
15687 87337
51226 64664
45242 75432
173 48346
64890 83290
42957 48483
21648 50340
7319 8500
13093 39536
57040 78015
49249 70857
57153 67546
35816 53235
13131 27759
50265 91459
88390 91947
44168 93014
76926 86909
23628 80323
4887 57291
17040 57724
24793 92530
12198 78975
76395 93533
64440 80457
42669 77950
25068 67778
17926 24382
52639 59951
69988 70327
4837 41731
56242 93628
1916 2360
24121 25283
10575 53184
16184 71374
29165 86647
28931 60020
86364 86388
74195 79177
18444 48388
14838 44158
23416 31306
26837 28606
16275 93298
30637 59106
44374 80494
15410 74355
23503 56501
22174 83151
12831 76694
8654 24357
22891 29227
1952 78469
19344 89487
68635 89870
55958 92648
40008 53337
4668 32654
31936 48898
12905 28401
53081 64941
46297 82456
21108 38381
22651 92561
36430 51501
61162 79090
15391 81291
21031 65512
14392 71270
61836 63126
41679 94620
13483 25056
45534 75902
35671 78827
20641 94358
38811 90136
32659 54666
23254 53977
51668 53283
5696 16904
31901 47381
24500 62402
61706 92179
21540 94824
45400 83446
11001 48479
33576 67197
56552 85979
33562 93029
19534 92365
14990 33399
32507 53637
64506 68889
10503 52854
25532 64295
8650 47619
23676 72359
12823 27962
29850 80700
72869 88032
6428 47609
83 9529
21251 86949
30433 61490
28863 90639
29776 84978
70696 86147
27047 44411
7530 18057
6452 58071
23500 76903
20412 80082
71055 77484
36532 93218
10058 64461
10637 54053
11966 91028
52749 53034
28466 94051
43154 86274
52116 93977
27543 32007
83149 94700
3459 22663
53818 85869
7527 90605
43188 58525
23543 61075
12069 29002
53640 83138
22941 35001
21480 25943
16381 87281
34909 87886
29532 82609
60807 82622
5461 70629
35013 58206
76484 82840
19929 68470
23962 46203
52853 70230
13423 87606
46818 49159
30775 46549
36557 65293
18639 70091
20997 54997
5203 90585
64101 82196
48051 73001
10055 23604
20692 60811
56202 84118
68634 84407
64197 68760
3184 67426
69103 73487
48546 49852
20666 59436
52567 57634
51323 65423
50163 94685
13626 62760
33850 69260
8030 57228
25510 25873
42180 86277
15150 84819
32558 89784
17560 21167
30429 35179
34543 91885
61246 71552
14424 43234
14656 55074
31550 82326
16919 58986
20553 46857
34966 80275
51450 74193
12008 89669
28621 36781
34229 42906
35801 85762
26942 39099
38706 92718
59588 60448
26467 61641
49132 49467
15768 62575
30008 47817
7519 53248
77029 80997
36096 78821
19541 66195
33944 58013
1335 31899
77110 83675
27367 28350
24384 57822
28132 31225
39435 61555
2218 62678
11840 50126
13316 38194
38983 83670
18984 29951
39455 78118
25495 71379
76626 87958
65592 81554
65252 80980
11972 40750
6879 66014
73089 92449
28389 33930
46353 92950
78137 89255
16051 53584
20591 83586
15287 36142
51160 63877
38470 47065
21275 58566
18162 23187
58868 92752
10627 14160
29572 90548
36584 59676
2217 47525
44698 45050
72470 91818
43625 80078
19542 65129
48362 59989
45179 69820
18129 74341
38944 73829
59994 69730
23825 43945
69583 87912
35660 74345
31430 60584
25026 78053
26025 50701
30877 57476
13358 63991
18298 38679
25435 66818
28016 36083
30999 75416
50201 56960
22749 87562
72628 84739
8561 93735
71838 93873
31684 64383
41342 81154
1862 20502
7598 75699
8127 37432
25964 64023
35826 61120
44126 83370
13945 29821
13526 53888
17207 38300
3118 86069
39365 65160
23223 27115
4269 15926
44551 84980
3907 87074
7258 28997
45886 78677
24781 36592
21872 32714
15064 61762
13770 41603
3215 62852
24869 75353
13847 49621
25058 28437
8121 49269
42097 80549
39583 81200
61790 73352
30362 75366
13093 76006
13073 17585
5434 32626
27210 66040
50564 90618
1801 24208
40853 88615
6393 14918
65195 88944
26652 35001
16429 65502
43411 75354
15715 87934
61186 89753
57257 88803
80218 87664
54059 93929
66125 68279
34488 91392
12990 26742
8400 69565
23655 80633
18355 22389
49325 86933
78649 93969
12775 51137
39207 91147
7060 92140
2710 90162
20348 45589
12833 70073
76549 91135
14726 21964
31801 86240
55148 58195
3565 75791
24992 25803
30153 86621
11809 19877
9147 89942
16568 31839
42725 94562
63145 72130
10267 32872
41795 67053
26042 38214
14231 80207
66480 89975
11177 30979
3484 56007
35214 45826
59295 63564
721 65874
6876 76044
19174 57923
49952 92549
13319 20952
23032 23818
49968 57645
53969 54437
59428 87466
10545 64604
2087 76256
26817 76831
18597 90103
28258 83822
25043 60566
23821 79113
8036 37895
22561 60370
22810 43458
17260 29737
13049 82519
10399 16503
12151 80492
17304 85841
5582 13085
6568 72253
45406 72071
45628 56547
19927 41747
62631 74661
62803 69610
24261 87354
67293 71002
35663 82531
18438 39656
37712 74022
20080 28283
22935 55946
65080 71205
5045 75215
68572 92987
21135 66854
53164 92605
28944 93418
7216 10503
13418 32386
8025 22959
29841 88608
25013 66531
1357 93758
15619 21590
33225 59249
75409 79874
22241 45941
36555 90910
14606 46572
47310 47981
41282 93691
22651 77401
3275 44976
25766 32662
1827 27384
17027 30244
62664 75070
28868 93616
56385 75699
9291 32223
4459 32601
50599 76213
48165 48212
34938 47488
28426 59177
4196 74500
19869 22813
7216 53992
14517 56125
53005 73525
21260 32047
15604 51031
42402 46670
20358 40332
14025 93243
10629 51090
34383 36131
2555 4459
19671 47892
48419 84954
2058 70523
19786 28011
39259 59846
47561 84858
52545 64043
41423 51543
4429 22291
33137 41790
55155 88701
80719 86273
579 82592
31779 45005
38477 45623
33398 57527
25410 67781
34520 74816
37672 43931
14858 33073
65412 77037
26502 88992
30799 55838
28972 78629
77447 80383
53158 61415
58820 59450
7916 82986
51527 61442
20278 22404
32174 52948
41984 45534
33502 37353
70174 72579
14131 15231
28599 73467
29249 67280
33974 62220
61155 83475
21816 51990
45152 69787
81198 86804
35597 41619
6188 25918
37235 55792
19954 84901
22474 52897
40376 47220
70825 88917
44246 72698
36777 66953
70835 83592
9404 44582
51457 77822
74383 83997
39616 63169
31909 39138
64809 78158
43095 73751
4914 43589
23848 73329
53811 76401
44002 74259
26867 84454
22916 41871
24305 77567
68102 87285
29907 48233
20395 64902
14503 54616
78731 93429
49837 81609
51016 88099
10890 92063
32212 76018
52116 53230
63571 75288
19396 71277
15815 82115
39019 92919
25699 58262
1203 11402
1251 56259
15458 37976
16979 30701
70172 72954
10518 15273
77544 79589
68413 70711
8181 65598
92557 94810
7935 44629
27747 76873
80063 91146
1427 29592
42965 90584
60920 75253
25134 73817
511 50905
49425 58412
21108 92615
18538 90307
75093 92748
8044 37195
24562 64682
8493 53440
79095 88858
50431 88785
692 45694
12696 37689
40935 90435
39116 77461
45820 65590
37388 58282
6365 31872
27101 27438
31011 41558
15433 17284
8884 49182
24847 89378
2319 40944
13470 13489
25082 82919
35859 71656
42546 48660
23187 52478
22861 36856
54611 64844
18093 38199
56058 82900
43051 73969
53705 83944
88273 91920
75639 92010
31373 36374
51559 77603
8089 60451
37718 87833
22369 36789
39328 41590
8743 19153
64068 76516
1108 34271
40767 75870
3792 42262
19660 31752
27961 82348
56240 76223
50914 71956
57146 66577
70811 80191
63508 77315
17649 86705
13923 58584
32814 61672
47225 75038
35587 66251
11179 41107
5586 34491
50126 76022
31706 47302
20766 72831
14415 54304
77035 78744
42120 94776
61481 76738
23411 32199
12578 87861
11522 74313
16353 67666
17713 75576
431 67626
44642 53542
55896 74289
23889 87756
44597 77564
66633 87930
15659 25637
58444 62066
33109 80800
40729 76815
89489 89796
32806 47532
74162 75719
33457 33645
5973 20745
30001 67406
72220 85023
5055 72997
1402 78755
48240 79830
6307 59794
63217 79885
38924 44304
18888 54827
65262 69931
6443 54642
4055 35440
44033 74891
52474 52718
3417 87393
53523 62169
1998 55700
68429 75648
1974 23485
34025 83829
50390 65021
51765 85622
19960 33495
968 38406
19114 32495
78651 93417
15723 65487
9126 44893
6966 58331
37146 90270
25611 60429
42438 59322
33507 44619
29834 57353
24279 33429
67269 89812
29904 73775
9299 77150
5991 35524
40730 85235
40350 94010
8511 70699
74616 75790
446 68249
14247 14761
24783 66813
10004 45697
16749 52749
17773 65917
808 62316
58171 75066
74500 84837
15924 70783
4438 85695
46271 56599
69170 92320
11188 44273
15025 68607
57359 71942
47346 55026
12508 57222
33108 70307
53225 68245
72859 80506
30877 53399
11969 78507
57447 65800
34218 83686
7484 52083
8973 86950
65027 77213
2363 83746
44242 80232
12867 55486
21294 81854
60766 91361
34356 56338
22486 72089
51395 91416
28648 85724
4015 11882
19752 62688
14251 62634
18972 73558
29444 35908
15832 29573
10185 26878
9448 67032
16255 21680
29555 45928
33090 62370
49761 77740
52502 65802
18674 76306
39516 93038
36305 89683
18848 59689
30795 31603
82318 85137
14013 19800
15621 57272
26685 56768
33978 78975
38914 50792
44070 64226
73325 93242
45220 62089
14456 28034
36173 40001
771 69564
63252 70338
16776 85342
23423 68196
12085 69461
15091 52743
14089 53947
12583 14979
15821 61466
81760 94511
34876 93451
28345 44797
9234 53063
40354 91898
39865 61947
4054 79672
15683 34300
2184 44086
58637 66087
14371 43789
5061 76957
44748 65935
32522 55891
7530 87866
41683 52612
1254 72215
49882 83235
53804 68532
30333 59524
24173 44793
54690 61538
18397 32052
7814 38405
9847 21496
37287 47497
56112 60698
6926 39709
16715 85784
3366 25796
51196 65790
32792 38921
27824 72629
6652 33333
41981 90504
1280 75848
25648 38852
51977 89215
12587 61604
8587 66659
30004 48338
69608 89891
39142 87156
29402 77088
34703 83712
60640 61798
54396 74624
65276 73613
32732 59736
6842 67242
16392 50452
8014 24706
54921 67754
13830 26666
3893 30457
50299 67292
30158 88883
66609 76396
26903 94152
43821 94550
21982 91846
40699 81846
62296 64107
14238 82238
58335 68034
19517 71124
1884 6247
13879 31845
13407 40104
5955 8673
50473 58090
17761 88596
22143 45505
7169 19530
13948 79955
12380 58240
49083 76961
40276 60505
46410 59925
16987 46906
22580 71443
13328 19896
3345 87990
6350 43199
17054 88971
7227 49540
62557 88896
36187 92295
17155 89981
64478 65331
17957 25058
22455 71241
6390 84351
22577 74905
50895 69797
32352 93739
8961 89787
15256 38787
5138 34625
25768 65438
44882 56561
54533 84180
4824 51606
35708 52266
14389 49156
31338 66208
35964 82816
1687 16443
8027 28664
5092 36496
28269 59889
6052 90110
3914 94832
5548 63503
9024 65095
42789 83018
3500 65418
75585 81477
18681 75296
67107 87741
18392 47799
11236 59762
24709 69460
41569 64143
17229 38783
63549 64072
4983 75504
498 66865
5942 6934
9984 82227
31400 65703
14237 76468
38361 43863
32685 46077
57699 60066
6691 72704
2688 60208
36551 44092
49425 88108
21409 25806
67433 89027
6988 59593
53143 81504
38942 73840
3710 83062
36045 89827
337 14151
41022 77305
32903 65978
71274 93644
25760 65963
433 62047
8168 55293
47973 54710
59192 84753
40592 81024
33843 53275
12698 59786
49069 83514
50504 57804
8543 57012
11477 85405
72834 94705
19384 33208
19651 38776
49147 84677
14297 65016
27933 93371
26512 48248
17719 69551
26287 84695
50346 74868
50705 77233
7509 34354
41159 62680
61242 93250
13750 86055
20812 74590
9059 80672
32442 89556
1305 24139
20605 47089
30380 75351
7256 31862
63980 70013
22652 78932
58941 68471
25248 46178
59013 60146
64022 72570
24555 93117
40834 64312
30781 70485
52194 78054
1190 4118
43697 58522
6475 49510
46424 79638
4789 58949
27671 86992
81707 89634
33851 41480
57213 82828
2471 70805
48058 64198
1615 87484
13404 93013
10699 33209
23377 78263
10609 92853
10672 68731
31135 68955
47778 84527
51910 70201
39128 78943
16837 72279
6938 17600
39697 40204
37141 57488
22365 35537
29342 43751
50224 89232
84749 94434
54502 71020
20781 35172
35166 39678
13640 50430
22405 55887
32802 85992
65191 91542
64916 74300
10035 76441
10189 79917
21710 30226
41357 81146
48027 57450
80550 81590
12867 43476
85667 89812
15274 19925
16541 69556
14116 20690
17011 39879
60783 62062
44845 85765
11512 36195
50411 68607
61876 89139
2700 45374
9675 62130
45413 56392
76647 94246
49071 76909
84032 91359
58799 88641
45600 56472
27475 87982
43710 70517
37525 59587
34934 78227
29175 34429
44327 93818
735 90378
61559 87708
58916 83934
23434 44386
36416 62029
26162 28839
32802 55978
16294 25374
20002 68370
77266 84418
14182 57442
4002 93436
68039 75482
6451 21424
33115 61889
27657 50478
39646 90828
355 19822
15160 59061
19870 37381
54812 71623
12673 72829
50921 87075
20977 94728
6765 51707
34057 65418
32311 70455
27212 54768
41191 49595
2129 31807
14151 37511
8847 42971
44240 82140
14227 86791
3343 57403
64213 88110
17650 25668
28662 90221
46155 50813
31793 48460
19701 48174
1835 31815
23186 81991
56554 81045
18916 83766
50815 77621
29090 38259
43109 64273
44434 56156
18264 33620
23933 45800
27233 50669
23099 45914
10641 44654
16861 79468
37740 56780
8797 24267
29448 52421
37251 61099
52546 76814
10105 19297
32641 47887
17360 25373
44436 75578
4951 35952
69483 71387
54747 73807
65554 82669
24531 49771
29860 74523
14512 70254
48507 81339
67487 69264
55925 62018
8442 64890
62943 92728
21187 91237
38766 38925
20517 72610
50670 56452
3066 13895
16076 45165
30902 41756
86927 93325
22030 89538
69878 92137
43841 75246
75926 83965
31671 72559
79919 80594
39329 76903
76436 84588
15298 35561
5267 13210
25372 58258
45965 87950
39243 65716
12782 18934
3594 9855
42786 59661
10585 90441
35366 55970
30497 55357
54616 72773
103 2898
31375 92508
7863 24631
51425 57645
28955 78735
7655 77982
34761 47192
63728 94534
35574 59730
60442 68284
978 22352
44676 61947
8645 26854
74938 88446
22673 57892
21927 94562
32031 86841
27455 81941
4724 11575
40520 70874
14089 54864
43953 53669
33509 34476
19090 90926
2255 69928
37190 71071
77656 87957
7326 37513
5070 37446
35925 76484
57672 89784
21385 22125
59526 86523
25708 94246
61321 67676
13634 34608
19226 57501
43071 66381
20338 75674
3249 28903
40386 63159
44468 48592
40099 40585
5640 86088
6877 17404
4392 19457
26604 51017
6451 10966
24328 73503
26388 53057
3698 93623
68475 88016
43231 68801
60702 93517
41619 47889
22160 56004
59069 94066
51953 77368
84458 85480
62352 81245
73540 78146
71787 80957
37453 56550
26471 87588
78585 89554
75331 81754
34575 90885
63527 86321
12322 66090
15177 43970
81274 91501
1798 43915
1105 84781
15975 69865
37780 88868
19634 82667
78442 91258
11689 26019
18933 35668
24029 89039
84897 91780
57074 89450
4301 80155
3673 90545
54467 58608
4207 86286
29328 93127
11983 67935
88967 90029
9523 23526
73397 89934
13299 74081
7621 45644
31044 89586
10019 15347
8096 34258
16800 72326
49555 63790
33802 82445
37123 71279
44389 69876
14951 43162
33265 41222
65863 74913
59 6433
19241 49884
25529 60814
35001 53127
54517 84627
19128 75524
18505 48497
1019 44851
7536 93654
3223 6508
43030 62418
17058 30463
4398 48703
11825 34694
13510 86186
2887 79479
4150 42752
23828 59879
19091 51123
31420 35948
17280 22020
90678 91649
38654 63519
295 319
20438 77510
40435 40743
23856 89012
19215 29291
8212 35338
45940 78521
23506 91960
6500 12735
13437 31843
45183 91769
2050 80102
49267 70707
14008 51873
7756 39779
69190 91061
10364 25015
13187 85352
17896 25205
5176 43412
15027 67502
9721 35685
37918 54142
39380 77361
7101 48384
11686 93646
5220 29543
29121 44676
12989 64898
90863 94677
22875 94709
38724 78173
44809 82904
16438 18446
78670 83255
41332 84100
11463 32034
45119 93779
1117 68578
40909 86410
14054 82890
46987 65560
14134 59009
40421 91075
5434 30583
5412 35873
118 67270
35270 64241
12352 73286
21512 67898
74117 92774
194 39715
11554 28964
28659 45543
50485 67193
12559 16558
20755 90760
2781 16357
38233 85013
15096 82970
71333 89125
25567 39957
9533 81988
79323 82982
35112 74670
869 15115
68308 93354
87353 89864
14477 70068
42725 84669
42427 81677
28086 94042
38460 86472
51750 74660
2009 20540
77727 91922
19495 36878
26009 42905
17215 78176
27300 59931
49611 66454
28012 69367
3083 24115
55725 90545
4779 18710
64314 91225
22634 86481
8013 86067
7846 50520
42640 60438
17166 61689
14386 18833
18350 93051
47063 87144
24326 40343
30495 53796
59571 69246
47563 77051
47230 84475
72408 75066
900 5329
40844 67929
56429 70465
41798 50453
2272 27539
57243 72361
64699 88300
25639 46031
11928 90959
50695 66015
1136 93284
39248 93233
16621 62438
40621 90239
25910 66355
18049 34404
17796 85561
4990 18080
19219 84210
61590 79237
35757 37316
12755 80140
65634 83259
15592 44770
3927 23325
12520 52192
51736 91257
19074 73468
17758 23786
7297 27918
24164 57980
44253 85363
4770 53065
85617 93535
23458 59151
52305 92490
64324 69065
17229 80794
16606 32280
15302 64444
9988 26825
8822 76669
59659 88611
26378 55966
32485 87628
65147 87153
77674 85989
26794 51488
42445 56084
18295 93419
48844 69703
33620 48471
51907 69603
12170 29891
27631 43395
85220 92469
45984 46394
22086 52258
44694 81213
19784 77802
50214 60135
9138 74047
20838 87976
47632 49659
76303 91079
67385 79961
32161 55231
54313 55024
32386 86862
74546 79597
293 88912
39945 42796
42552 50908
65938 90233
1714 37902
37004 58769
19414 85524
25669 82444
15236 77903
83969 87243
24230 64511
69193 72681
40934 92044
19288 64077
23516 78394
23311 81559
33874 72724
4478 42599
15112 17411
41981 57907
86700 92810
69653 93524
33406 88552
18307 93778
37826 70875
27903 50369
69949 92680
24777 53262
18339 75900
49693 50542
12398 73361
8781 57526
39694 54453
80393 91559
5918 55512
4030 57247
66987 67839
22987 63133
7685 39755
2009 73204
59363 65575
68838 70383
24260 86623
18466 69449
40686 48154
32621 55984
8808 44616
26062 41419
39448 86463
6063 48330
70503 77871
73107 86403
17635 44088
61828 72030
57497 81021
70951 71426
50462 58735
17850 35814
33945 48115
31896 90727
62137 73630
57379 64378
31762 64236
70223 71810
59777 68963
17781 75693
19007 90364
20070 82659
26700 50040
27727 29428
26893 52163
54803 94267
395 23811
32655 88101
28710 80384
50527 70496
45092 90371
13840 44038
6190 70317
42041 56360
7220 78974
1883 11107
2217 22816
31182 63558
57263 83679
1836 29137
54746 74135
74908 77665
18938 35079
46480 46549
18187 56492
1670 7757
39942 90641
26578 84915
33184 88454
47011 65620
5830 36175
10500 67366
30738 31047
16531 68874
51092 77914
23872 45321
36185 37196
59423 76790
2693 29053
26793 65364
20324 87418
64464 71667
32203 41824
9125 37292
82621 83345
25140 65156
47378 82816
45809 48946
53138 83739
83093 89811
284 50946
37829 63074
17360 17436
7114 51569
27714 35452
23005 45718
13768 47808
8478 43423
22858 38948
32070 40735
1527 16313
2483 84030
10205 71306
9986 28473
35471 83648
18587 70152
3537 19152
24949 49452
7097 24659
16696 23584
6190 78188
23876 37625
31891 65008
70334 89046
43574 58544
465 12841
26088 53408
3833 77673
48277 94721
26404 33085
11181 63140
15504 31586
80029 90203
15815 17133
5989 83424
22116 28515
78973 80150
33643 82150
12007 73167
89315 94192
1697 22323
85631 93229
29992 52758
13416 26444
37404 71950
21314 74898
12587 23255
36909 69423
35754 66433
36263 76048
64081 89528
21217 83034
11480 71790
6560 38675
36491 81165
31965 44995
39384 52898
89702 93815
65506 86818
27123 90871
33660 43225
79038 83508
12391 42642
47117 75385
71652 86176
3150 73045
48229 84972
38161 51156
46493 91789
14299 39427
51042 71705
51036 82576
31241 72733
53466 78844
35154 61419
14603 33187
41814 59912
3398 69385
49247 66068
11262 76034
7134 21365
65497 77176
2197 49940
91041 91636
60649 85248
57785 71859
23330 79359
64919 66765
32888 65542
74938 87838
77069 86823
4138 16245
3833 24144
60422 88585
8235 61271
925 24146
88992 93337
12984 67180
19455 90119
21342 69560
9528 91074
67922 78098
21924 59687
52583 58015
60252 88142
60479 73610
35110 50956
57412 71941
18522 77148
12249 46050
68662 71407
46276 70947
1971 64729
31387 90618
5599 80425
21403 88305
50130 91201
12740 87482
87390 93984
76665 77036
471 39692
54556 93395
14649 69545
27860 92912
26151 51130
38140 48696
32391 77672
30056 85757
14104 54602
9371 42330
27170 82269
66562 84329
22528 33166
11599 50719
54504 63293
24683 30362
6040 68427
45140 83232
39290 53634
18403 26140
25560 90557
17385 44913
53883 92727
31448 89940
30841 74136
24031 63562
517 84857
8395 87375
61158 75757
3968 84816
6093 43273
24222 32723
411 12034
33049 81714
23030 31064
49213 76242
41800 80625
5849 76934
17313 26457
59483 78325
46402 82088
66435 94789
78658 79168
4633 6914
8325 11125
17777 73009
74895 90301
36301 69795
17826 91626
10029 82710
50153 90325
89412 93976
21372 68522
79850 94147
74547 87763
45913 69564
70523 75504
59509 80022
3689 39372
5682 38692
45197 54216
39333 90625
2431 64398
23413 65603
61799 69186
64106 70659
82993 86878
30885 92029
61806 81396
66474 86569
58351 66753
15060 59420
5808 34811
5259 27583
46275 55010
16637 34349
21901 75280
37679 64603
63558 84638
72242 76795
67348 79661
52763 94186
38001 48368
24262 50224
5149 52351
465 62929
42143 57678
2402 64589
4092 23290
12288 23235
12091 88008
4027 38561
19153 87671
80915 86207
34688 60272
5637 74873
6348 70200
26544 26952
30951 62934
33440 55278
38328 50711
79744 81802
55367 60384
39082 84061
66672 74377
156 46718
2666 87580
43559 78710
51018 58980
15862 77724
33325 42297
13222 20954
6679 55087
28655 39584
5604 24900
21687 53946
74696 86254
50457 64681
58364 80871
71784 73482
3602 85328
27126 88679
18557 94401
2980 93932
4561 17463
47894 72207
25835 43833
14064 28553
53833 71709
2758 10002
55312 67518
28785 92272
28142 61343
32713 56406
18495 83974
39517 59243
58411 93282
58527 94517
62071 84551
6135 86581
32062 82093
24061 67313
22224 69203
2200 10666
35993 53270
19287 21953
3353 15284
86368 93504
23170 72525
16735 56540
77761 94492
4090 64036
48077 87442
38066 69218
469 12322
4060 5693
24211 49504
25010 68230
12541 84519
22710 55795
46684 54790
12406 49291
38288 62555
7983 45756
67847 88125
6824 25781
60306 67479
60562 90178
19171 52555
41654 85616
14440 86546
25774 90071
60551 70658
42942 83649
48804 84151
36809 64786
28561 61460
15215 37485
15274 71689
1678 73153
7733 25418
38044 45458
44480 84095
476 47658
23597 53641
72794 83669
31556 49259
38773 79637
3996 70353
24816 92546
47696 54321
30616 71312
13115 90577
71358 80002
70452 78101
23561 70588
41914 76081
5504 51568
24566 38962
5334 89905
1828 78684
24418 58605
763 37145
74185 80820
10086 31362
37054 90913
4398 81390
57066 65252
24329 31343
46511 69728
9841 61558
12857 45487
68479 89992
49404 60999
42439 68565
22496 68812
17641 73868
32467 40401
8590 41797
17415 92121
38347 67752
41099 84779
48056 58865
33835 93569
39404 87658
49535 53929
42224 94591
28357 47714
75373 78107
4366 81814
32424 55664
21426 88772
17132 86338
51110 88663
22470 87970
4662 18172
32258 37188
8157 14406
47956 66319
42729 81723
8617 39752
64477 86723
55209 73843
12713 47430
43578 94123
1724 48563
9068 82932
7309 38528
35276 44476
11374 52246
48911 72875
14879 76009
2864 93383
24385 81958
21276 83875
51633 70077
1147 55226
22493 58375
5329 68970
26959 91948
36227 47774
61434 70729
34049 72405
39717 73821
4091 71190
38356 69834
49065 56595
6160 12552
12881 26552
15815 72406
28496 29758
14326 25348
40475 51715
66162 90898
7123 57140
1902 3374
30152 42666
46391 67837
56993 88084
15928 70152
20691 44236
48706 73286
32916 63680
9423 35645
80096 80453
34204 38003
64504 73429
86901 93777
36095 44946
3536 11723
7209 53480
24294 55755
27514 34750
17432 69273
68423 83857
5629 83074
63885 77126
21799 47256
33372 92745
11109 34665
65091 79139
76319 79306
13731 39645
79564 89311
19359 81219
32221 76869
6129 8878
51359 77045
2975 66192
13156 17857
17946 55867
20481 67584
55021 89307
224 68546
10267 72748
11545 82602
73396 78130
23630 27863
32522 89559
814 36742
5335 85640
24337 50371
59405 72892
43610 48679
56557 59211
35633 36132
17544 54282
36005 62967
30282 47272
53611 75049
46551 84805
2425 29749
8367 50246
6079 93081
33606 64705
16413 40475
38730 73994
54174 87515
44277 85016
36128 55900
21965 57787
2225 62359
35500 79656
5871 11960
50493 67281
41732 45924
66009 68111
46560 63296
24418 91292
36799 81715
15554 42071
35748 44638
72789 81100
24397 55958
35604 66549
5581 84205
35270 94056
54018 64384
32365 57708
62322 88780
8080 92616
82444 89916
51390 65843
18042 94372
10125 94719
43310 92566
65324 82666
42626 50354
35997 57956
14832 58533
70947 94654
26211 54664
32178 72618
2166 38753
2202 81688
8624 29123
9138 85715
38965 51516
551 10492
32609 59492
45645 47929
5929 91506
84868 85405
32956 88205
572 58689
45824 89942
25305 34768
47278 74198
7562 75359
31347 57872
5385 79394
38173 83688
144 50315
14185 37945
957 39305
33883 77483
21776 35052
85565 89724
16565 17860
10543 75673
5203 37145
24935 55878
31674 65944
43677 57551
23607 26675
29483 82441
11775 88702
25024 57269
21662 64993
20508 76379
36528 61125
32224 60460
19261 52581
17837 18843
49232 59177
10310 68465
52785 72320
45128 57718
42931 68537
29580 68579
26552 66787
9695 17487
11637 39297
20022 22988
53934 89165
15763 42650
56952 91015
3231 82524
79406 86353
5799 80681
17601 21546
79104 80503
7084 28211
93448 94341
58993 85956
52739 79126
51845 74173
53202 59683
13962 94783
47458 70956
2564 27870
26980 82139
43411 74598
867 36002
4660 34829
7254 27240
50506 78766
21028 42899
46905 71410
77602 87315
16599 71001
14638 41623
21248 41874
38499 83846
8422 18913
13714 88672
63143 82587
11469 16865
41736 86395
43269 80971
14559 81726
41037 90968
54664 73887
81132 86812
29854 73661
35075 62472
55868 72797
12221 17862
5167 66161
42375 92967
9144 74073
35795 70008
3967 63900
70316 92154
57975 70905
45712 71802
71208 76746
12647 66619
10673 67082
17517 81345
55953 76458
35592 36386
93724 94813
62508 90339
20500 82611
75029 85478
10343 81046
45414 79604
12081 76551
6857 8323
53312 85512
36943 84297
42416 67828
63955 77754
36248 60295
3541 90234
247 77010
33083 88388
22511 79069
48055 92738
41824 62494
38450 48081
16717 80577
49972 87086
9972 94675
28900 72295
32149 73682
58630 76131
14919 45476
40182 65035
43912 68792
27479 41317
20843 42588
14049 53580
16511 28482
39122 84659
27433 31665
80212 91179
8972 22214
82563 85442
19131 91260
36559 73007
44339 84472
5874 79267
21169 77662
40259 86058
52738 60815
44069 61872
28404 54509
34901 48808
32283 73107
19144 27918
25721 76198
49755 90980
3512 43733
79729 94608
15089 16372
21055 90208
73711 93028
44948 93020
10412 86430
3151 31668
32403 69957
79995 84809
54727 57215
46948 84051
12479 56445
35265 68538
39983 86070
16033 37271
8565 55569
55928 82791
64277 88326
15690 23758
7692 85677
53754 72211
7363 74737
37785 54968
6830 25757
9557 73682
18198 63296
21746 43347
38905 44397
6332 79131
7735 22443
21818 43434
57317 85203
55870 82673
7173 30346
25853 65729
6320 79980
33059 53148
69790 93483
4131 61496
58075 85799
70530 81370
17700 19233
53215 64219
8740 89391
45533 93670
21711 66294
75696 77304
31362 52881
43450 69119
40068 93877
10207 74771
50570 59908
44473 50211
7167 56066
10821 84371
17342 58833
33496 73509
57055 83693
12312 13748
8749 58996
6339 19764
74673 77143
9786 81211
27988 87238
49778 56425
6349 77177
54591 78906
31920 89753
55399 80870
81446 86002
37806 68529
11014 48660
25625 30720
32676 93628
15091 65999
50791 65275
10513 94279
60230 71616
12919 74990
69549 80615
17796 32890
49010 83736
2516 21887
65512 78080
40527 71939
40069 63107
7746 45992
35455 52887
53502 82895
23780 82135
12316 27485
343 72160
8301 12635
19360 69469
1352 82310
21488 48387
969 79528
5981 39041
19466 26251
44691 58935
33520 60546
66154 75921
3023 47750
3454 81178
5079 94713
4722 80844
31657 78763
59013 87390
5220 65000
52115 88894
23061 83269
5991 30232
1358 18186
22270 73505
59055 69179
13143 89148
32822 94397
28685 76433
26408 73777
47146 76993
68935 72665
32714 59969
28751 38233
24081 82572
82014 86036
18987 35080
24519 41415
12956 28136
19849 85935
46963 83434
6319 67034
57620 90264
49836 66125
57379 61779
5624 65025
31358 93820
77494 83949
32728 91241
51782 71515
44121 82523
13958 68412
29473 31164
12809 79514
12908 13323
38652 60255
4207 61823
41417 71538
9590 48753
14799 70872
19599 63287
26028 52627
3568 81529
19307 47299
29034 68807
34318 72679
10097 46089
34625 77083
60078 67465
21350 83664
24046 69600
45088 77296
36814 55962
5920 52535
192 87375
9404 66068
52633 69814
36115 55745
72665 94799
12807 43317
74349 82574
27232 65532
36212 94301
47103 61676
17509 40026
71071 92971
30892 31168
56899 60425
27390 61401
69222 70083
71370 76081
9765 85985
6846 18169
29316 49884
46346 90344
9863 81629
8392 13827
31937 60609
34939 66648
1653 39527
40982 81518
10387 53893
21739 68381
40495 82275
81266 87286
17168 66815
4130 56798
25991 41857
25457 53045
13819 69062
52483 75457
52497 85517
60406 82210
30075 89435
25650 51504
53161 54094
4519 53282
20452 42243
37914 50856
31557 31868
17397 77185
82601 85978
14696 78832
18431 36749
3595 75575
61047 68755
28429 91421
48396 75853
21872 70280
38200 92622
36105 54178
10516 17638
46768 60833
10511 12542
13920 34874
28536 66109
68797 82229
83191 88413
10533 14951
3873 14341
48147 86578
26751 35479
44218 55689
8060 79165
12297 50552
15328 92714
43949 46950
9603 39689
39209 64502
13451 90226
21793 60493
11488 82895
33774 79812
33145 91592
44406 83383
49869 91715
86208 90295
63253 63800
23270 52464
27555 31892
11371 28535
40975 83379
25693 83034
58724 60690
38864 42080
277 65023
44208 53416
10894 62862
11982 58561
11670 64388
12675 72942
14891 82519
53355 65656
21798 40482
69296 78800
4284 39842
43922 77550
24723 82293
40409 75575
35520 57845
22313 91452
60750 72066
17636 19835
70974 86135
16933 47927
42672 62773
3790 17412
58117 69685
43163 68566
12470 83916
69106 78919
3807 31994
52602 69723
48678 67123
65068 90625
76475 83127
33790 46919
48068 81226
24314 70088
41449 83475
11291 47395
27676 56350
45835 90454
28409 68010
40669 64846
5939 63767
10260 10311
82320 93648
10989 43112
9279 70018
1466 46685
39619 88651
47281 60477
9963 17968
16117 88600
80615 93881
43800 67458
15368 68158
38099 85864
21723 78763
29838 64858
38801 39367
29555 76005
84282 94850
1717 21625
25665 59043
60152 69205
18599 59974
37999 60326
43966 80722
30915 77626
17189 47767
76795 86166
30998 61590
28834 40734
31939 82452
803 76987
35025 93928
12136 67417
2042 60684
10036 20322
39408 47338
8650 89335
70935 84187
34072 83052
26852 80873
19555 26662
6647 64757
45522 94634
12556 33251
26113 68338
29117 63003
15213 82298
40594 43299
54793 88637
14823 60493
42295 67217
56661 75387
27784 81666
5645 61435
21554 62044
27722 57724
25235 48487
49204 94405
21181 48831
72958 78910
10289 16849
55639 88012
75291 87748
43783 44489
5984 13157
46290 56503
5866 73592
31996 33156
17037 93935
63849 69489
69935 76829
32610 56908
2942 42404
25510 71110
6013 82800
21925 93982
67690 73956
66685 82889
30051 68764
46285 81892
2138 47567
44170 52916
68491 91536
33841 86176
2111 3551
20850 48964
68976 87851
52035 92320
34964 64641
79021 88784
5263 39224
12890 81580
25182 51281
39055 73456
29150 92114
44317 90985
32050 77656
24002 47217
16220 81630
15239 51401
67511 74078
14617 34337
74720 90512
17734 20794
21318 61198
51263 74501
42867 92227
23605 68401
8386 16885
55629 79793
6329 8738
24757 71900
51695 76657
41679 80654
50905 62858
2912 5336
35678 93600
45269 69746
19232 94393
54944 92451
46949 91925
9474 33418
3752 92245
36249 79572
39119 93185
38991 86959
9653 59761
78724 94943
69936 87780
14844 29724
24460 47997
26698 39969
15656 88064
31160 55390
62738 71843
14579 86297
54079 56721
11616 90395
52312 66685
49677 62783
85883 93386
66592 74967
47537 76059
53705 61759
69996 79575
38112 50075
8239 15925
14986 29465
29661 53193
69442 83932
14077 43672
21997 66571
9250 46817
37340 80310
49984 83970
54260 85108
36745 67639
75623 81461
28583 62249
32596 77723
48847 78775
16518 84200
69900 89340
33630 79490
46117 65916
61067 67871
26952 64931
65104 94387
41133 93453
70461 74116
39347 54264
66229 87265
79596 92012
456 47116
42503 90289
14139 41264
12184 39849
12698 84261
3569 87231
34310 34367
47726 61158
24800 36807
840 59712
39450 78087
86075 89824
29685 65356
64495 70350
2958 74269
16120 87220
65864 92117
30916 50905
17507 79909
51960 77074
53460 78835
46052 90023
12056 26714
37344 62487
12104 67192
22766 87523
60813 90295
27126 35062
63993 87523
87126 92667
8211 48547
44560 91070
29105 40124
87 37052
5851 34762
33873 86121
40626 69030
3108 22771
37079 87817
3258 11081
945 59225
10808 40629
49178 85651
16143 78609
16934 43659
3170 63970
11156 68283
24117 50230
1412 90094
49254 66801
12642 24290
50903 91634
22101 52667
27610 56798
9197 69959
41143 83989
16616 83576
2368 31100
20311 40031
31611 54759
963 43850
5846 59337
49725 83573
37083 80457
3789 12899
84256 92433
25974 49044
3398 70864
55090 59415
76764 77438
3071 94332
20410 58543
49263 58978
71562 89362
12235 80493
22157 53813
68430 92799
70617 75454
27295 77858
19839 86313
10096 52637
3321 94615
496 41845
31191 58161
67781 92562
26983 45181
38024 43294
235 23310
18152 55964
28331 78820
18510 80976
79025 92612
57217 67294
39675 83987
8815 72208
8522 25751
39547 53316
20450 40208
11538 31587
40252 56431
59766 62259
1630 55394
16951 54494
62242 92467
3126 62343
6464 53573
15416 43637
20980 73017
25537 57897
21761 36724
43016 48593
26146 60212
46815 73029
32714 40026
35733 91794
29736 39843
5932 11499
20747 53507
33453 78988
58156 73508
71975 78888
52082 69856
12816 37249
26936 76947
11690 88517
50461 57861
11365 41909
12028 44289
46376 81604
1645 50873
13469 27763
493 43761
6837 93316
5786 10605
2436 87044
16322 44334
78012 81336
34516 52331
11752 13719
12610 84842
40340 55545
10107 62224
18348 45278
48043 57280
1077 69802
49296 51270
8945 57131
17714 47925
20133 22027
46516 92482
37821 45071
52406 77902
1763 62847
45055 49000
72379 72676
25001 90074
12977 55732
17066 84798
54704 87977
31191 35676
5078 47161
525 86449
15019 70750
37385 61353
33620 67870
7174 56538
853 13991
45901 92015
25955 79364
1162 49112
13511 26706
32912 75717
42868 84860
10737 24967
7158 35815
56603 90547
23576 70533
16960 84758
20809 85264
2200 62966
18218 31832
16714 84661
28262 58746
39165 92407
8382 54183
33805 35937
34409 61893
36085 91017
9028 33664
5994 26416
58561 58960
45720 78472
31472 42284
28368 70075
706 78895
30653 88087
27897 71879
33542 86987
24800 26973
8563 47744
46370 56811
1091 17878
44264 52017
13258 77776
2239 60406
51896 84942
1449 34029
45682 66524
64632 79106
14551 57564
23552 61637
19292 63478
11481 46721
31284 67925
37252 65007
18831 79329
42239 77444
20502 23261
38939 49485
18816 22515
49144 90477
20480 81702
86178 93648
70561 72466
45043 73997
49861 60844
28339 36722
33077 68982
61780 87484
52726 91187
9472 35210
85458 89089
19370 46168
8790 26618
55984 91151
28873 75634
37915 59473
44760 71672
12067 51951
15509 53208
60787 83038
53356 69411
3162 46847
43009 82168
61743 87995
1647 43531
71997 91235
60445 72055
53855 89768
7702 44509
59320 65489
19185 48775
59341 92102
73665 91000
745 81094
48596 67871
24908 43762
41653 88191
50249 75517
34983 44684
71442 85594
1762 24228
25217 56048
33305 67130
55913 88252
33247 60461
10647 29776
7605 29285
23804 30469
64825 91582
4026 49234
51301 80785
61244 90008
36716 62471
28038 46556
60952 61164
21894 51283
37293 57139
57647 69486
27026 82501
38526 88765
57346 94324
27900 85930
36089 92797
13158 56091
72577 86614
62857 92294
55845 65538
43827 57510
24993 43330
9878 45625
49079 68624
24474 81126
34349 68751
1449 57343
41821 74207
53660 74686
26416 48456
19480 29852
54971 58158
24384 32892
38583 59887
24467 74613
27886 41879
18396 29277
70442 80853
68748 93872
2941 47500
63007 88173
10230 22669
2898 35637
3471 54640
11787 15030
14823 28833
47588 69060
60620 75627
58671 71055
57829 92588
19289 88407
1983 3193
36989 67464
6097 82837
1680 18960
25526 91006
32861 94325
52441 73394
20563 27723
6586 49921
57411 67773
39298 94045
36803 85224
67810 68315
17968 64931
63872 71343
29481 94250
36541 40707
5734 39034
45935 51142
60722 82588
10656 14139
34446 80929
38211 46336
14481 61234
47148 51576
28701 46510
4611 35936
16798 42236
1094 64369
20895 51303
38670 76931
4729 43560
25926 54033
8511 43136
553 38828
14357 49499
65944 91751
54979 69667
5066 75810
59205 91141
24602 53640
5197 64621
14060 63855
29969 91362
59070 69881
31784 44127
37146 42303
3984 32132
17978 56460
52740 66161
4166 76720
14255 48037
4667 94895
36602 91322
28429 37151
35568 56883
851 94367
34558 61435
4276 94968
2353 30072
34263 75356
48380 81504
76898 88122
7633 24238
79162 80335
23133 48086
13043 51460
24353 35360
71867 87378
64761 79092
20941 90701
24868 66924
19048 41094
12939 50033
2769 73454
3310 91527
34299 37670
554 26001
15133 36876
12780 19859
15448 89468
42640 61717
18414 66833
57623 74188
9661 16683
43826 88584
24199 88844
22518 58782
45414 52529
79382 89463
65031 87267
1184 2509
28335 76072
20701 50817
4861 51811
5490 78790
34059 61355
8345 37032
61434 74561
1354 5955
14133 52693
20366 85285
34045 79314
2285 9591
36399 53344
15117 19718
5073 14723
35913 61973
30381 32333
21291 60184
25884 62847
21317 56672
6859 66072
58771 92559
58810 69793
13666 16677
45255 92624
29389 37464
15636 68910
43530 60206
16303 56933
62735 69996
73209 91055
21982 85726
1884 70621
40734 46216
77049 92020
52427 78384
68221 76513
53082 54056
3993 38220
11909 67815
35177 82122
54081 73935
19758 94191
5398 75612
24831 38943
43214 54702
55484 79233
6189 59633
20722 67331
23155 31696
14449 55789
11351 63840
11767 69485
27230 66476
35131 75836
15437 16344
58085 64316
3338 69359
20228 72568
28512 77502
88491 89426
38564 77879
28286 38547
48710 67899
18386 91319
13769 44105
2064 10983
27059 53664
48539 49252
910 41515
359 93775
43235 52305
7847 94095
11284 78095
10936 25398
35100 52716
44708 71500
6819 94828
43758 68766
11849 81723
748 38014
46051 88495
1645 70496
35587 84091
53849 86263
3543 79905
12783 33711
83473 91495
15708 24525
38462 44606
20182 23589
44030 54860
63280 71227
30223 43321
22243 78435
29925 44796
58751 82874
15831 50257
38629 76259
70818 77595
5823 29917
59896 77382
17688 22383
11262 79454
78304 88543
2261 75092
5312 55961
22820 40193
79950 93237
1913 35251
2205 26579
30814 87177
947 45569
16219 43326
21860 26253
70908 87873
50345 52103
36880 72723
35663 94391
19141 60417
26613 81167
72036 94373
16665 81065
15024 69327
1315 44822
78766 83101
25041 64801
47525 56580
66132 71537
2055 82248
18332 73536
32486 80717
8659 15659
49805 62835
62558 80440
26090 77452
58142 80389
21472 62293
61486 75815
22689 53319
18423 73108
1596 90862
52435 83091
1815 90928
7870 12313
11263 93472
6963 58898
19026 48663
1598 30724
14159 51499
42623 77075
48467 71413
5964 87057
18153 37012
64172 80357
65535 86382
70474 81051
55888 58123
58263 85287
42958 46545
19619 88107
23917 93141
10057 32567
29876 50440
31054 94881
68769 69935
42282 43371
72710 73491
59744 72629
49388 87244
3469 57465
6355 29573
18458 22185
70497 91864
28906 61206
33345 51373
21783 63028
31016 85993
6142 41847
23655 83555
34271 62558
17509 53956
28266 94850
68415 70241
19173 33822
46037 73454
53652 80744
24794 42457
66961 93499
15076 43728
1159 57928
62941 91180
40758 48503
32282 41154
9902 57510
32481 64622
16560 42622
23377 24494
83293 94739
17400 39079
15102 87499
63674 85035
41174 43843
38058 71252
3855 54690
823 60955
68997 73810
82701 90748
10524 81250
59834 93644
46158 65811
36100 67931
5662 13409
9800 84041
36562 61952
54340 75836
76259 92123
29048 88637
28004 32032
28724 77218
25674 56856
12559 13863
33629 62293
62376 89449
23539 85956
32039 83628
53442 60241
65498 78362
8630 24064
36875 68521
14705 46434
27605 38873
55280 65193
18864 24315
72682 94304
45084 72311
47954 93294
5885 61528
24890 49022
50449 76402
13332 91141
67514 74387
56 67711
89818 94604
27237 69844
41930 90404
62212 79060
72786 79818
24825 66631
37484 58070
55930 90785
36014 76169
18847 85605
9976 72931
56815 60979
56334 62278
64793 75834
41332 69758
43184 81918
6793 79941
42633 88561
9974 50729
26288 90191
19603 27721
27902 54736
12597 43729
23979 43135
63044 94826
32176 59771
6018 42994
10379 72720
32209 52910
9106 57774
63506 72944
58066 64845
57848 58037
23683 31342
49052 88288
26920 48384
69380 79191
20156 60608
51007 81847
57961 65455
30542 43020
14809 47616
57112 63675
41190 47898
73278 81711
37757 41318
26437 84711
26683 69991
50278 58440
36535 40479
10896 77676
29722 70865
7203 53411
36306 52670
50406 81371
60057 70521
13243 19119
38710 81210
18014 50826
1206 40839
54760 56720
5375 84295
41031 69133
28759 76980
399 19397
76362 87353
33515 63076
71810 92155
37538 60037
53290 56243
3062 18322
70664 77955
68682 84788
8831 32013
9177 69505
76898 81604
6463 54232
54711 94867
3457 92042
6355 14367
45352 69840
33429 48474
44984 91234
44259 45759
22739 25314
28555 39477
45693 55661
36922 38298
21738 76124
50732 60252
6944 93540
3242 41079
7891 85717
24808 48404
51306 67916
58180 72357
64406 82839
17593 88681
8169 42757
20309 27998
41658 54283
14670 88087
46748 53771
7388 15593
4989 62193
13853 69212
50117 89153
22474 63087
26982 29477
27818 44795
30305 42863
23409 61757
12278 13383
54608 64166
29296 84591
66756 67921
92884 94406
11211 33516
20128 45671
22907 87783
15719 93633
23354 78187
75159 79694
55451 78406
12308 75613
69363 69616
5177 56289
38743 58736
1814 92956
69358 89137
77199 91493
32883 94660
13708 86783
27853 90669
20372 94667
1939 33308
9088 11482
3730 61175
6719 51802
31723 86779
34358 81873
49717 59839
7611 31793
5707 91501
19163 83980
55508 74893
21037 33108
20642 58858
17516 19992
22815 53651
20973 65141
4585 34563
15871 55213
30084 80502
37367 76919
31058 89344
34747 56147
33053 64282
21819 85650
27344 46313
20438 50224
32437 91823
58550 69373
19332 76746
6039 12809
65404 79109
860 80332
9034 39442
53238 80874
5561 68915
52808 61693
58428 69075
60476 91916
15432 80247
10209 82060
38514 59350
25130 69421
77581 85657
62698 69078
30134 84670
13095 78117
32098 75713
60473 66957
25233 31422
5267 76216
19205 66277
49195 59311
27491 67936
6963 74750
27843 65952
60513 87828
21959 89023
25167 36633
73484 94640
12464 71132
10346 33569
47265 92055
8418 42368
16454 93544
56591 85772
38729 80316
25570 67404
56332 62781
28196 45124
41114 75214
64770 71198
64883 65021
13161 31931
30144 67661
16915 66325
32769 78096
57789 94177
4444 71575
84076 86526
41604 85574
45226 84815
17359 25740
50834 75794
43680 75249
8843 9920
693 66783
24072 45166
33127 54179
26192 62955
4844 15619
53796 82483
16294 54533
74395 75631
22318 25505
3532 46267
23571 39028
4647 11660
56035 83940
40272 56015
77882 83009
14106 24975
36096 92724
36688 42521
16416 18430
25760 47175
9083 15748
1514 17608
7852 91702
24997 37319
31788 84154
87917 90535
56828 88893
39768 60938
58637 82406
29425 61962
25316 54866
5744 86211
55183 67304
36997 71298
3828 84570
9828 48432
977 27153
44138 90876
2047 92988
32228 70733
29129 80443
66829 84500
86913 93814
7998 29059
1249 15645
24633 47758
28814 69129
10690 61337
23480 81516
41994 62677
30814 88868
5306 37993
38324 92583
19933 69283
20300 68520
39452 78184
31118 38377
64992 75054
69104 71743
79431 94375
10478 57664
38837 42369
29528 32316
71737 75062
33586 53499
61503 77716
60705 78656
87444 92490
21152 57014
14492 58988
61466 64402
87774 93091
3201 75322
5119 43642
16067 93473
3633 85353
25218 73404
57136 63583
38658 78245
21243 29017
42798 88943
20687 76905
25062 78368
4263 70365
32602 54647
13460 75168
33211 69158
66086 88967
6374 14287
23741 91516
17041 25810
35720 76845
6899 74610
28255 29051
79179 92219
3533 24699
6682 85467
316 85089
33900 43610
54196 78309
66721 82428
37675 55493
47197 84960
35214 93195
1304 49247
48274 84189
38999 85727
33062 89472
35086 38168
1124 35350
11693 63420
52552 85502
21912 40766
69481 89130
37867 82476
12351 20211
15717 30741
12928 38100
16140 71942
1556 91585
21422 23343
43164 79782
14044 38842
58317 67837
13369 54407
21600 74857
42498 57426
2612 53351
24801 53301
43429 83642
52185 70877
48245 57662
88272 89915
27420 88986
22122 51083
43900 54022
81394 84780
30923 35516
20706 28450
51855 57994
46224 51416
41112 51094
71514 93379
26998 39744
7062 92915
53086 90536
5971 28817
6868 38289
34030 81959
22180 84243
21033 28734
38760 68621
1404 73561
33164 75451
13921 77360
15707 18127
63317 80424
45721 79980
67107 67286
50075 59050
52895 78349
43303 71004
15575 65324
21749 47033
26401 56664
45800 90250
84387 85262
26966 90362
34715 46572
69172 70845
27361 53817
35741 85315
85 12806
64977 76846
13677 83747
26230 86260
62646 67429
761 53429
53841 75374
46709 88726
42146 72114
71232 74550
36108 76525
921 30166
5485 93574
14444 57990
39001 48135
11829 70349
2861 10686
51026 71147
24387 79451
2301 73601
29727 54934
57976 87978
40244 71869
9084 94572
397 57515
86372 86945
82957 88746
20453 49084
43915 78988
1070 48892
26796 54141
1362 86072
16728 56382
9331 93267
9204 88946
84 70658
55032 77187
34384 79018
6147 72145
37883 67361
16242 65753
39260 92270
38267 43479
12634 59524
68407 80360
16854 60789
46594 74011
70594 90131
49160 76653
18020 30368
76956 90072
73561 86925
33856 92154
20733 48507
36228 83461
83519 91489
42742 83332
6324 16912
319 70709
10329 73761
2358 5737
24584 63260
15010 66219
10245 87302
21680 44271
13163 48557
17286 29339
37809 43112
43257 47653
24231 62198
34343 41227
17895 89393
39330 52475
9 44761
81964 87538
77854 89584
414 44204
65241 92455
22055 26518
44885 47238
59720 68795
28597 64652
44522 76816
8553 72354
48319 57497
56310 66105
15928 40096
16821 27734
83769 90018
13962 47568
21481 44610
2805 69980
26470 88490
24563 61724
30082 54144
33446 39015
2355 61357
49561 52382
43493 73970
33160 52251
47232 74016
21470 52836
8848 58634
20260 72465
6487 34153
14691 45627
32533 58788
36775 50442
10510 74733
76872 79070
80610 90514
78450 91190
26541 75933
25117 25748
48422 53204
838 70110
4165 91657
7903 37887
48594 61541
5121 62521
11495 35906
52737 88339
59 15788
24630 83704
69393 75943
34712 63395
13331 21786
59641 78229
30056 48800
40096 49328
27061 48266
5314 70107
21667 59567
24412 41842
66088 77418
15161 90672
31529 34145
28336 76538
8321 66606
60725 62474
542 12822
19055 67796
54951 56457
27147 85681
60573 93411
2518 19884
26941 87374
8834 29977
4251 88888
11618 42050
59441 75875
60656 86070
45633 89723
75837 91869
21180 25189
16561 88307
20884 92942
53180 67888
10469 93181
7285 93348
11877 60195
51334 79366
19631 62919
29406 92860
21859 93989
53079 57874
19229 73796
11879 77125
20985 51141
75482 88878
26770 40136
49103 86314
65894 94842
8646 94419
12330 72320
21014 81485
34045 82776
68915 92082
40241 47272
41070 74604
20439 39518
63362 81208
52534 76732
2887 65992
13915 72165
33344 66879
28527 36714
29218 54718
26660 59189
39500 88374
41169 79952
57402 87433
43988 59788
27546 54841
2450 12819
20508 39677
14532 24288
42031 46632
36310 62425
18521 55475
18923 80657
27425 75251
2464 14218
23202 40071
1471 30751
1673 86347
57997 61701
6542 67824
36005 87503
55617 75444
15407 80559
2879 82341
20839 50768
40361 78133
84036 85388
59142 80199
52453 84132
53264 69171
12607 24738
15530 72487
46958 54853
27323 66443
30708 94591
54083 61413
73763 75079
38133 81185
28762 43307
6131 70381
9758 87962
30901 41762
28568 39686
20946 80802
42526 84873
1295 89791
35536 47248
31506 41941
10533 23954
81083 88727
773 65633
40646 82555
20595 87527
18891 48238
7336 16790
41785 92599
23746 76587
31778 66261
42774 44847
60799 61737
51267 69424
45912 64251
10375 57361
79284 85715
3697 8466
8951 9119
15034 83001
7600 42916
16655 27517
25683 31078
67834 77818
55295 79029
52394 61425
82716 91778
34165 76399
4999 73284
30225 45930
7814 29876
22057 36507
13118 37085
62340 82578
54926 85966
46136 70331
6460 79020
14287 37132
3841 89414
47233 76262
84428 92986
50777 73622
15264 68782
54374 93506
41743 61834
30612 35704
42963 51140
31116 65644
37738 87207
58888 59870
48741 94183
47572 80501
56811 84666
12335 67373
11899 74960
43987 46372
3761 60245
43386 83508
6727 56758
37261 88199
23482 48217
65131 75470
31977 64803
17498 51212
62769 66769
3902 37102
36401 58280
50915 64100
56967 64514
83854 90047
81811 82851
71989 80219
10061 65426
19892 43746
12796 85101
51932 89260
42487 46032
4810 87317
2023 91552
46617 73106
31949 69550
13342 75541
5681 45469
61359 66409
15799 26433
40818 74293
71154 71215
34281 73091
42639 56620
41553 89650
8060 17572
31148 52414
13428 49846
69522 76875
10862 39352
23229 81853
56031 69921
35960 60448
21560 36450
60071 81971
10967 43652
81708 82536
65309 93913
15269 66735
40974 94618
12040 69823
11890 57614
22685 74437
28765 48638
45200 55668
67226 83546
768 7347
461 2898
34986 50231
42873 62359
73822 90384
76999 92533
26815 43872
41900 42144
37675 59427
53755 54748
20143 26373
26558 32912
3580 92780
25466 45676
10175 69113
1788 16348
9418 49658
31571 94010
22086 27399
36709 47455
10990 46342
16599 49528
4566 6831
29109 45577
46198 58881
75574 86868
55729 81132
55529 78178
85710 93220
8475 36658
15119 81730
86645 86737
56184 60399
16635 25553
54630 69220
24671 79813
14782 91697
67478 89654
9648 48904
2020 57647
26839 64405
29802 78965
3784 31352
86689 90054
8252 69841
9798 70995
9759 54175
13994 46893
16221 79299
21885 93941
71925 87377
17443 26633
63219 67211
31152 93072
356 77800
41017 48377
22352 33689
24718 41784
73495 91408
8455 21524
13022 53651
15715 93007
4163 51337
19862 20757
48805 63401
37096 61931
29353 72416
73416 87834
11521 44492
59007 88318
30170 71722
28668 74036
62357 81229
23780 28680
67628 81724
28473 28581
17271 88193
34777 92488
64596 94435
48991 80300
33176 37672
35680 44819
51357 76712
56610 86099
82956 91029
26570 58347
23772 45094
29260 88772
30797 70297
80535 81828
69781 71255
24213 39906
84348 88329
19165 85569
6970 12650
28504 91628
12378 31322
43098 43350
5936 17809
50913 94784
40215 66284
24731 43076
24094 87341
29617 70288
12193 12660
87897 91417
45750 48727
13285 15805
34583 61019
37112 89921
13429 41379
11678 23253
42696 53472
70035 92999
3503 58673
4950 28857
32618 72501
16619 37961
6479 30716
26203 32099
45876 54908
34290 37871
32427 82711
12340 69216
26604 41680
61931 85274
14950 72017
13039 40198
8857 78591
39935 44321
7034 31995
2055 78494
5512 47033
24572 89088
10884 48996
16733 61328
52268 53326
14809 64912
40321 56306
56945 76248
26598 32853
18829 68073
3735 84730
28099 62738
41807 94937
39511 58097
14673 25213
47893 77069
15981 91076
19574 80258
15157 82818
30273 84093
29081 30240
10123 91342
52028 57048
52272 90489
11123 83306
64161 70317
48428 91015
27028 49949
19239 62376
62341 89462
58905 61230
22056 80977
36319 57651
43698 51938
20299 80747
65567 68449
13865 82112
924 38389
32093 80613
24069 34158
15669 34395
69393 87303
51415 52689
49995 78977
16245 29713
570 8941
55074 63185
21517 44561
9345 84453
23076 69840
31732 55165
34098 36816
16410 20743
21707 78388
31221 68715
15477 65275
10976 36056
3461 62427
59343 70798
17873 72115
16906 32328
42852 49582
4950 48713
78481 81728
24573 37935
13334 35306
43217 45961
27589 86132
32515 50185
6341 79584
38862 55563
56251 70103
61604 76931
14080 31175
38441 58992
14549 88718
46483 57607
14944 62424
38976 50570
34198 61632
13589 56544
9310 56986
104 75431
13631 57768
20966 61055
21612 48571
22259 68495
19826 76275
6269 6766
77406 83619
17190 74334
23154 77994
10238 92291
19768 58037
28761 82032
13104 86025
71701 73518
18720 62569
36581 51517
46329 74477
39948 45797
31367 66430
30312 79500
52796 90902
8463 92151
34674 64712
29550 76000
51644 91192
25324 25837
11016 69001
30922 33633
2452 36033
12149 73313
24768 32273
15634 83996
22826 74531
21940 24356
25436 78540
13220 75546
28613 65409
17523 66837
3920 81477
47737 50430
31069 53574
26321 69933
24607 77940
16779 78360
378 23242
63369 78744
14508 91359
21112 91873
38420 79871
13828 55224
74229 88777
79323 94855
65894 75552
23282 65122
30477 93324
16766 89228
103 16183
7892 55736
58852 91416
10687 50241
42035 66480
23460 81648
70443 89412
35464 78914
59124 76074
54940 80075
58108 90662
62718 93513
15074 77392
10539 13674
62521 90640
32751 42128
68124 80049
9691 74618
19152 27482
7876 67644
65428 70723
32364 69484
22299 86556
6762 54063
81810 82362
10211 84778
4376 25219
74112 79560
49946 84635
45073 65514
11031 90328
12741 88662
57028 90641
26460 28950
16828 45138
87865 88706
19279 25145
42140 61444
71265 83749
12203 35104
46693 58930
65842 67416
54726 79537
55130 86682
2890 29542
50874 89426
60513 65140
15591 64447
17937 65803
33182 41185
4279 5687
46461 70598
5863 13465
784 89240
24440 42234
6276 76994
6471 65005
14098 59421
11354 19050
68646 75296
6418 49289
18959 70682
62012 65245
40139 91638
22570 64518
48035 54236
51382 55460
4337 58415
19898 45541
3695 88090
55404 61728
31509 76889
36547 66398
12290 47215
25742 77998
3912 29361
6946 52670
71077 89799
66049 71396
27457 94227
21526 66294
65304 73691
10103 48170
30050 93758
61705 69122
34345 80082
27114 64592
52518 57112
34004 60265
50396 60003
541 37230
32699 44523
3209 19519
13677 60955
43735 47328
34064 79862
43465 50423
6361 83865
56908 69905
33328 94940
17661 55641
2669 78005
67053 83097
42841 63167
28514 50236
75115 83623
30118 42661
28936 34072
50702 56861
54383 59441
3189 89703
32978 44121
2103 21613
5570 60470
29298 83829
13950 25141
58334 66539
35381 85226
49421 85214
21106 83914
425 78527
8373 8494
19724 82580
39859 75822
7831 42419
77878 94089
15049 73768
23440 58760
24518 80331
6819 70045
28739 64712
52438 74135
10037 10176
66019 88238
18494 38020
23076 43162
54481 54822
6567 89469
32761 84312
25863 93378
12592 15313
51348 57949
29998 79927
32771 89161
21982 69167
19776 84983
18926 25698
7506 81675
69761 75608
18202 29243
45254 80872
59206 60237
6741 58841
51774 63923
28956 43179
24187 68468
30105 40324
15632 16465
22862 31159
26123 86583
60142 93473
13938 61554
47135 59918
9322 83269
21586 41779
5823 30881
52031 62330
55501 94864
514 35828
60254 75085
2005 6636
50143 55266
24791 44335
40667 73404
27593 50672
3618 53840
39359 42144
14410 43808
31213 83781
27356 34258
17690 19731
56981 87786
59097 63688
8498 81392
88675 91804
28384 49395
49033 57803
7948 80178
36587 44738
28448 77400
65663 94644
27155 39041
4294 91221
65405 93276
37544 77893
44323 65753
86671 87250
21952 48131
42543 76092
28494 88104
8880 21666
50723 59661
19270 92909
60312 80809
11044 15783
67324 68443
38996 84498
84074 86994
8420 23124
46249 86506
10945 88619
49309 69143
44544 56089
28971 51647
13202 86896
10934 36554
39366 64430
3718 92235
12981 27897
28701 39217
10259 58905
48247 54006
52567 73562
6339 7028
27727 56404
27454 54907
5305 34567
50996 82083
53256 68858
46038 69798
49366 81531
15919 35896
68879 83719
83664 93122
68758 84432
30205 35752
85009 90450
60852 73174
10138 30830
22642 81964
29035 52299
1489 8458
29248 73973
47619 60267
67408 68397
47053 55608
13061 76914
15591 77920
21623 69998
13383 46838
871 70074
28127 85449
90110 92053
31288 86975
28894 67959
24447 68926
89215 90619
16866 89089
33595 76008
22639 62015
20295 36138
17008 37678
61635 61977
19796 78937
23480 49749
8231 86886
13753 29657
52298 53420
18260 52337
71101 94074
49086 75139
17583 28180
22710 43379
9986 50195
12998 50520
3981 16385
25413 61610
14466 36540
2925 77080
13638 88840
45198 71939
21406 29709
27673 56883
25507 78883
40963 70007
56524 56844
54454 60427
32380 54910
9638 18786
53539 71724
13933 70728
7952 53542
14755 76184
14457 43907
8310 34789
3868 85248
11856 50721
407 40384
26474 31548
7951 41279
26528 76844
66350 71515
1455 67886
23568 63589
10641 64558
21551 38843
780 72271
7148 21865
26759 54134
32398 38198
22315 83284
1168 7436
39662 60473
57379 80302
43596 71058
724 80096
51690 92505
64956 73311
2206 37592
56314 84582
4905 40876
6451 56334
21988 83645
48931 89452
43789 55940
28139 33896
3105 6999
23845 68210
3107 70101
4634 68132
56402 56700
19508 56786
10230 14538
56836 93627
2845 35328
61581 66676
62301 70621
20674 45104
60546 82284
35954 75102
25011 89703
594 7886
71015 86398
206 79835
21084 85338
51319 71598
31259 70199
20910 28007
32762 64363
27906 79227
18554 68872
75031 93911
40094 47307
23752 70905
433 19336
20183 84710
59644 67178
23150 52271
46357 82285
22064 89324
32494 94908
7221 40323
33296 42559
6103 12396
12887 23349
33420 49450
6729 11901
10022 64066
14733 32525
15363 36218
70039 85708
34973 87989
15358 63013
12495 92100
34681 91042
2749 50552
17193 34443
2192 54310
11487 11798
39721 50018
18860 31733
3170 77097
66254 76703
5543 54314
21230 91567
10512 23664
4082 43172
69450 73965
4671 40698
40486 88935
52150 93257
14856 40497
8911 19495
29037 73383
26321 32371
72697 72976
26718 88479
982 10622
3608 40750
23174 60158
55472 88520
16552 91425
51705 59694
60085 78721
17713 46978
36001 58428
27310 32286
26042 37955
14801 32992
28911 52853
15511 32821
35334 73827
13104 93051
22512 87523
7097 17883
32102 40103
20009 79636
16105 53603
2029 45813
44514 59498
52152 67820
76067 80378
19513 20496
47042 64995
18858 74153
33727 53467
56094 67262
57058 63043
35068 78030
65442 69205
39507 69842
57349 61168
74774 91954
41642 69678
32527 52092
29228 40042
19477 47663
7311 19138
70743 79659
52684 69241
10554 63560
1064 44061
53444 78283
66068 88821
13412 63870
12889 15703
39761 69734
2705 76233
29215 60170
19567 61792
17259 29971
23941 27387
57919 63559
77577 81997
34588 58386
36738 69517
21080 76165
10715 33483
25905 90919
22586 49911
42105 52598
36329 60437
72149 79540
51612 67747
4922 48223
19222 25586
43971 74872
3682 52764
49584 86954
50583 61446
17760 64356
5530 18036
36392 50896
39484 83981
39074 48329
68830 82425
1655 2574
25756 43249
2179 76576
54205 54422
43678 81774
79270 88354
16221 16935
34276 58837
7819 78572
59463 76936
18596 70632
23650 47237
2345 39802
79412 83443
74340 84439
47010 90111
59795 86512
26336 73139
18363 65445
19751 61128
26653 91446
343 79057
81624 90516
22411 40140
58937 59453
34262 34997
43224 92775
73639 86785
72298 93362
49329 61702
19552 80905
8953 21438
13330 89710
7729 57454
50057 55279
34099 43853
40603 57520
14775 59211
6169 55454
5398 36156
38470 66544
46433 48281
16477 67668
7807 48575
60422 87471
48058 71684
21278 74113
23793 86089
17901 48102
15688 78101
26342 44805
25858 73010
41304 81697
23898 35547
5664 36620
36984 40067
58278 92750
38936 51951
36288 54771
33557 54523
42046 92793
29483 79050
12068 67729
10024 25995
10573 29328
57091 74430
6937 21306
63786 85900
78257 91442
39025 61859
35845 92638
7049 18277
73313 79457
51437 66889
29519 72024
26651 87893
63200 92404
49364 54275
47966 66541
22075 94366
79760 86467
8963 55703
82379 90036
35330 92734
83785 84886
34555 52896
72093 91959
6623 81036
26231 92228
20970 66128
80507 83035
23331 29531
46710 54372
28213 73116
20905 22794
79063 88729
20606 53998
90193 91626
59812 80135
8599 46060
24475 60750
39238 64488
49088 70901
18229 84733
23732 25427
15217 59038
74179 85196
29465 68324
61153 73442
7395 68038
6846 15104
91198 91624
17224 47936
2579 19395
5734 92479
12505 29114
48744 55488
31411 60720
34709 56355
37922 63596
83371 94020
41546 94449
19762 29506
14154 52856
70812 92312
46170 76831
11727 41918
12711 58641
63823 69938
34497 42002
29246 86961
9946 57199
13931 27555
42150 49616
32750 65574
8890 79937
15055 91638
314 1087
18069 55720
25988 70536
9574 37924
62883 70381
6228 66758
70527 89419
81309 82490
69117 78608
56223 67133
53729 84114
34592 48337
31806 33444
43494 88086
15099 65065
20133 72218
60616 83752
4105 61010
66537 83272
30157 36506
64477 90497
61829 91797
48938 89404
37523 38222
26795 74307
28659 81688
19560 65171
67150 76624
85027 90045
47855 84097
77348 93907
747 41411
11781 37560
48330 72817
25554 75292
16354 50523
75193 87055
8341 84561
33575 47754
34477 41021
16849 34504
28269 55248
24086 33639
34743 46113
72334 82806
25198 61348
31658 69397
1483 11309
30161 73683
17832 25384
6092 39312
36847 94909
2031 12088
44290 85590
72019 76140
48963 85630
50208 64947
10747 14628
15762 40951
12801 24637
67448 93812
31911 63500
41615 86108
6826 41581
6515 7916
10013 57496
36274 64924
40394 81020
2414 88695
3266 30934
27043 28387
9365 85430
60237 75349
45279 82047
20096 74105
20185 63399
27980 57025
15884 30731
4884 77167
10221 36495
48490 53801
24145 60143
32150 70219
16153 71826
43518 68381
4195 78817
19782 50703
43755 77918
23090 85662
35176 91154
48874 59448
13889 16841
4445 62995
6409 55262
37015 84445
39694 80537
9475 57501
56604 61772
7182 41392
72572 83461
4834 11887
25128 43155
32044 94722
9298 19078
22323 29430
62949 87135
13101 90391
3216 38335
42023 57723
22094 94645
37008 80996
84397 93573
23100 86460
4278 23832
47597 47739
12860 91274
8332 58682
50287 75095
8874 50162
3877 6903
23367 60319
2730 12968
88254 94646
34328 53578
76321 84958
51360 90434
27976 34678
49782 62562
24903 70064
29623 49815
45986 66544
46304 46332
66051 82204
79983 92939
23808 31222
37562 83234
20115 38084
26339 88024
18267 20012
53338 71232
20866 89188
41831 74266
10593 15950
8491 44618
37900 56697
51847 88336
78191 81290
33292 47257
14129 86677
37051 58614
11151 46142
39466 81601
75023 75348
30577 86204
14903 67916
68045 78814
2374 62324
14436 60959
88 6171
7492 60531
45772 70974
9244 77836
11855 63292
4476 49830
36026 40946
38220 93843
45650 69198
17584 86851
58706 89338
6790 34609
19345 28621
37432 58042
42382 84745
21301 76242
26176 64533
10313 69941
33748 43890
46759 64480
1487 34554
21626 53195
68172 81094
76656 94283
9233 41410
50550 79157
61805 70461
52433 86372
28531 81739
37017 92642
21028 34905
15338 91482
6068 57490
42800 42827
42332 74385
25356 28536
7321 72123
58071 69836
19876 37018
45805 76581
8477 51409
31237 58328
65856 81262
21619 89929
62872 84059
8227 14953
30915 65992
51016 64653
26436 84531
49901 81686
22202 67391
1966 40503
14363 83056
10738 86417
76559 82631
48065 60568
59016 76226
42051 78613
4767 30818
46535 58387
53594 73408
58513 75743
36420 72216
45065 81401
36311 42411
17717 40437
58651 68761
19831 76657
13679 76536
4967 81043
19025 59255
10077 25602
25456 41275
81061 90787
13968 74961
18400 26735
16524 69014
33294 91871
58010 62783
33378 62871
16397 26688
12093 94123
76372 94327
9639 33427
69198 87661
33862 60217
41013 91274
2518 43422
65047 78991
31557 59913
8709 81254
15230 89275
44483 72262
16957 58393
31672 46631
15865 60489
15808 92062
19385 51502
1558 54619
11939 82089
32960 89924
20497 89007
84527 87700
9326 50859
53360 82871
3995 93730
71847 74251
16151 68410
75973 86480
28096 60273
14457 68001
82257 91251
82968 83983
6057 23028
4451 17123
29603 91763
63646 75732
4373 85458
71992 72823
8438 31538
8876 21674
20483 78288
34745 47201
3082 83979
23321 69086
9894 28445
35835 57561
88592 90576
28021 89942
33357 72044
7845 93237
53942 60664
21989 63509
31662 35426
5115 19995
11951 94352
4513 69709
60768 74114
43042 87603
1206 64333
12823 53091
36555 93871
2148 14551
17232 49349
88209 94179
68094 78070
12798 37842
36307 56755
52982 61015
32712 67510
17900 18659
48286 86764
55088 87471
17063 31352
31644 76976
17509 67488
16220 75213
39880 49355
3645 76538
31592 90508
6361 72175
18298 67853
75540 77278
2862 60903
35042 46596
46858 56230
45915 55632
37637 67118
65377 75774
19238 34436
7704 94352
61702 83965
80543 81606
4925 59849
32541 60708
79451 93307
2011 3241
63187 93631
58525 88211
34041 45019
40975 73754
46176 64413
14440 77703
1908 37369
62467 88285
48182 57517
64109 83039
46944 58204
11962 33294
4914 72782
59779 85786
11172 78357
30379 73400
11389 32278
42863 88879
14608 76939
2068 44593
56483 58371
16683 80130
56219 69346
57951 88016
10287 78249
23930 24224
81632 92847
7306 13957
69530 89094
35587 58185
31560 45472
7474 87600
36838 76360
8981 12080
13138 22360
29063 86174
36483 38673
52708 94636
72494 93410
45529 55235
347 93892
3629 63881
58333 92198
73833 78521
27654 45454
13170 66793
58128 68749
73445 78306
26218 81401
16393 39364
39458 60000
12392 25819
42369 77058
16093 86313
32347 78164
4411 76447
85781 90447
29425 93365
12652 37084
26725 41940
44276 82282
52371 53874
43301 66604
28852 85846
23703 25543
51665 93709
14618 90910
17521 27557
25881 76193
38299 82280
89459 90840
48882 74653
9276 11871
36029 48407
54017 89630
54494 80244
20622 45947
27235 85009
59891 71481
44794 46944
36622 55253
13210 67839
65162 75451
826 64342
1331 86170
22016 25812
60279 65711
39837 93987
16691 72631
41502 59825
37481 94605
17544 40972
32424 91365
12210 53720
24818 53422
61349 70593
7613 38279
81154 94110
40032 69769
41099 52334
1547 82710
22619 34492
13023 87351
23573 49796
34119 79303
7805 22105
58172 58270
61350 92673
60227 88333
25883 88708
63273 78161
57375 90372
14884 28083
74049 93639
18756 93795
80495 91713
14468 44205
59586 64402
27580 74336
42356 93756
45111 50051
14611 84751
7912 9499
35188 56597
46276 92503
15510 51985
51660 76698
10081 65197
27943 60786
11091 67967
7780 93574
3142 36488
21106 83113
2321 31401
11252 77873
4207 34235
74185 75950
13545 39031
56304 75300
34064 34575
2536 58949
3686 63612
35977 84285
32644 33812
40112 76657
3261 74812
46807 49767
1668 74064
12340 71900
11508 59463
43582 74610
23603 73649
11774 45927
58109 91300
3421 52861
1701 57354
20962 51718
1883 48938
8764 82790
34144 37163
48100 63370
30779 56898
92051 93544
5289 22836
39519 56718
11395 66468
49651 89990
15139 18958
11762 91431
57954 84942
4387 42949
23673 71428
3961 49910
70930 89517
22974 29419
15571 70415
46769 59573
62885 86122
912 16325
23780 50891
14385 51779
38918 87651
52393 77647
36761 55832
31776 38452
7326 38025
16272 94517
7620 57615
49324 53028
89550 90958
5316 5654
57619 66610
68359 90877
36520 57661
1764 30709
22682 60985
44371 58338
3353 53526
12909 46647
27126 50750
58062 79575
41894 53687
68753 71525
48178 73156
19347 64307
18375 19570
5435 93679
3957 76638
75830 85963
72019 84463
2417 90017
33010 78811
34519 69950
33744 34378
88090 89827
12315 78455
49734 87523
59025 61909
48860 50695
21928 25007
37931 70950
12870 44233
1716 91451
55418 70810
14910 60000
31643 38817
4985 34890
36135 92557
23260 88562
49431 85371
65576 75488
12666 56017
28873 73851
84210 90090
41003 84002
62668 78781
57800 81429
20864 58815
16692 37908
41340 49545
68107 72701
42298 89208
489 22188
36217 50279
27056 50337
85629 94349
4730 64014
2623 76046
14263 56340
13354 14316
3562 50100
21926 44575
43088 70262
33321 35621
3892 7803
22117 41267
30185 39127
35041 87624
56983 61007
2910 91849
9237 24359
30733 64576
5815 66918
76994 92084
13565 60539
20475 27781
39817 52298
35680 75866
3981 54621
27958 78896
4290 28134
21776 62673
54042 69915
7056 13223
1627 61021
37814 49366
27797 67813
14779 37925
1686 46171
36598 85464
14880 23985
16704 73101
60821 81870
49198 81701
66563 78026
8509 84824
5202 91067
18013 75027
21985 48275
58103 70253
29370 86568
17306 75818
33589 66840
19653 70593
7651 8509
3985 5647
14686 38704
5422 59470
67226 88847
57343 93463
47986 89395
35598 86627
1142 45895
13874 43126
32778 89790
29244 78674
53765 63286
15993 58333
45498 77224
47167 84741
39665 64841
39269 71293
32753 75864
18219 24513
9308 39938
64734 85516
3040 49201
15745 62611
23569 93198
11662 60632
34027 54415
43710 64992
25519 27299
11685 31050
25618 57102
5013 24840
57559 79540
19582 29865
43770 65310
27695 55911
73876 75243
37825 69777
16134 54848
18172 82808
30739 48356
56805 78624
36471 89015
41499 93008
21853 69160
62433 88248
20186 68802
874 2338
80186 83987
18574 49538
6933 76295
30002 48206
38658 79138
25505 35613
25279 87952
16931 43648
65880 68585
2949 68624
2305 3341
552 34111
4754 76968
42999 57658
10590 70540
37574 94967
26466 50642
11178 66127
82730 86777
42260 42451
9990 23342
37179 89532
40449 89213
61186 71806
13615 29346
61134 85917
17672 76786
38497 49212
18786 61933
13676 52693
45515 62206
73316 78196
62208 83180
39596 52042
54758 57973
29910 77282
34985 93437
70761 93408
79249 92348
30928 86483
17237 90300
43199 55501
923 54479
66604 69707
54749 91485
86433 87775
29424 64550
44864 65802
48065 74974
2291 41603
19274 27767
42014 71829
53485 84634
8427 26110
62701 81348
32864 56623
8273 54515
30578 88681
45422 94836
15548 94033
3046 24222
27117 47949
19189 28950
35248 64413
23708 39791
8860 19376
69283 91771
51023 79886
21103 44430
23174 82329
37429 40812
3108 31399
25393 61690
13816 21692
65697 89787
22277 58369
38270 71325
3549 4206
861 73989
35169 42573
81538 82149
59264 66216
50325 53989
81631 88427
29023 38191
33865 39207
5766 57309
18205 69701
58096 62502
36479 94886
57616 67420
12460 63396
41478 68270
20798 54605
6733 31426
18524 51051
45137 93210
63069 65584
26383 28929
9085 71779
21001 48587
13877 57528
260 25836
25805 73718
18881 91784
4754 86929
60226 84985
8065 27030
26708 75269
29476 30382
56235 82898
71851 79260
37893 94274
11286 61008
6674 54143
38982 67937
14405 22679
64137 91064
3650 4121
9138 86870
22101 55092
6989 61277
72346 77939
1068 69494
15413 71289
10968 33365
13785 42797
16685 77036
22341 46095
49285 94823
48116 69776
17974 82534
28543 57263
1255 66115
17291 91575
13078 38617
15093 69049
2590 83478
88716 91282
34021 91940
20869 56660
85251 88222
63969 94612
4200 22525
19329 40925
71882 78245
24564 34871
15607 47615
55597 92521
4293 70794
55500 81120
61859 73986
72106 86889
30053 30689
58918 79427
74822 90272
10272 54023
2350 58535
1113 37121
57682 62227
38367 49567
74274 77251
43304 66912
20394 70123
40310 49319
6420 78258
70381 71568
41472 76395
13676 30529
45830 62234
65540 89411
655 79358
2837 22205
11384 50749
5998 27055
32408 35016
1183 46099
9236 83830
7497 25200
21323 90725
6394 71203
52100 74502
34190 43352
9921 23820
13828 39656
19194 60066
17663 52927
18386 51196
12954 89454
46157 52211
20335 22220
7313 10522
52690 73547
62107 89163
48074 56394
4117 10867
49488 53236
58709 87780
47240 70355
78221 93315
12747 24558
51919 60386
20624 59604
25500 53732
65737 77843
1965 58645
29886 67207
26785 48887
19866 56805
67408 72830
18125 68542
42402 68568
85387 87283
15736 25721
1530 26303
50947 77153
8192 31388
24642 62962
36895 56383
75335 81830
25946 76817
23194 78849
30251 86425
43174 46838
51810 70971
52742 59510
13353 53790
28254 30266
40845 49158
89936 93571
14742 94274
48970 56488
29353 59195
5482 13292
54006 94537
13850 14908
74157 85951
23911 43926
8145 17077
52897 56832
36 41867
14773 59303
26838 36048
65189 71327
27222 48003
13223 85982
41896 58790
8744 13791
6299 30646
44535 79096
22629 42071
15760 92249
23998 64821
62638 69733
84444 91876
18059 35137
50556 72305
801 65317
18489 27919
56794 80341
40905 84048
32607 58767
3534 30012
86239 87047
52150 74563
21853 92734
3090 32930
41275 71204
45269 68704
23822 40381
30775 53974
13238 70221
27923 82698
23962 27163
59197 90041
55616 90429
6732 86116
14285 40416
16602 64539
1965 72340
14889 84634
16160 88364
19717 25871
42618 84475
48964 54648
5970 83438
18434 87595
62618 69523
6769 21004
3878 24768
54697 81487
55166 85409
53090 74551
2577 11043
31775 74886
28401 59993
19220 66933
40971 70097
3429 36622
30323 55098
18422 48329
54966 55635
18168 68377
2111 46906
1462 29297
29338 48349
37490 40064
34781 61031
75719 85684
1768 70218
7526 60027
2218 45744
13581 45203
14031 35594
8365 86888
19313 66014
28137 34936
218 31934
6277 68098
30544 87883
52324 56145
26907 55191
48545 88836
9502 92856
27681 72690
35395 39037
31250 47588
86824 91869
9158 68782
50984 77280
48450 64513
61999 74000
57195 64494
72851 87192
69059 76024
18502 64816
602 31602
56787 94692
31305 49338
62090 87895
2997 94558
20436 88838
28753 80332
44722 58121
13659 75847
38063 44388
67237 69780
13165 64382
5005 36468
18377 19092
19149 52076
15189 70285
63207 68309
39854 80528
7332 78050
20220 75767
19184 46784
18065 36644
27885 35099
34159 66874
37885 48147
15150 84910
2770 75304
7519 55929
43258 50349
45809 76449
40471 62407
6147 8099
48331 71538
44309 65359
7202 26205
46382 49995
6727 93968
46739 71820
7274 20855
50701 54850
260 44063
22087 90538
60182 74119
22740 36601
18888 73477
10111 84158
28543 83701
35745 83307
83144 94443
3894 8267
69770 73551
42403 75239
40680 72846
41552 47776
76833 93468
54607 75852
73827 93343
11307 30494
43293 87532
19487 50129
35719 91075
42068 56789
10860 82671
17471 91642
19448 87194
27536 85728
27343 54642
42410 91144
66926 67366
28992 81786
17443 23382
43749 57312
18312 61232
57508 72931
36205 74347
7119 58333
37516 84871
13944 29724
21972 42663
58945 62725
18472 51462
67405 81929
41241 52724
24991 51797
21862 78894
2324 52037
34522 51915
71050 93689
23562 85239
23880 62136
52596 87705
11804 23694
1334 13678
24434 94060
35615 65215
16263 56883
46917 69112
52692 61890
55703 63199
14945 38944
37750 46221
54283 67963
37160 80265
13416 39951
60685 81842
31854 93304
4215 4457
15919 19892
20105 32838
55981 66340
44884 94373
1762 71720
40787 60864
81827 82696
34988 58514
9446 63814
49247 69685
47944 72790
17333 42013
76017 79758
13019 78145
24505 35341
7067 84344
5362 20773
1225 33213
24836 31385
8883 61759
33732 60360
3459 36883
25153 38244
25817 29588
28222 78617
65086 84644
84849 92835
20716 30485
34248 47449
35936 76028
22976 67064
60089 88185
15165 69779
24699 38574
61693 79113
59456 64481
23787 24326
9273 13397
82532 83035
59430 70610
28258 81859
27459 32725
74149 83905
11036 20668
8212 81857
64905 72930
27679 28310
16568 49501
16071 55968
42002 71261
6248 79093
21324 88400
5265 14638
11982 38293
3717 13575
29954 67171
4488 22461
9713 36437
25724 29556
21481 57310
39500 86850
37150 69606
7562 93820
18169 28262
36829 76551
8671 45056
792 68989
14162 28642
4445 25920
37089 87804
7825 45159
25800 52713
57060 84966
27960 62102
20649 80604
8145 31934
31549 57881
53170 94046
48497 61194
66218 66930
42956 70994
6031 15180
4666 90555
16693 47325
51751 79251
3325 70278
14236 93334
2605 74855
42136 63315
9480 15792
24174 87036
4732 69749
12448 56097
3167 43636
59707 74364
13436 34689
38295 48261
82784 91463
14126 15753
6339 80729
13433 87397
6903 58269
21030 77108
23639 27388
8680 51587
71801 89785
75532 82320
22057 77820
21950 22086
1646 18090
43751 67396
74806 87735
37115 82238
19723 68481
17667 47028
75390 94048
2738 87371
62958 86398
10479 28761
16277 55593
27032 74910
47206 85053
60309 77809
56062 77753
66017 85986
16527 24568
37924 61446
3421 48321
12542 71458
5774 25291
7756 85152
42983 51456
3468 40850
25728 50241
17958 68718
4971 19317
28727 30452
36922 53307
42985 54474
50008 65287
42658 74015
25735 60551
59151 89639
31130 67838
6994 45399
69260 72256
37248 74574
57266 88637
77897 90569
31525 50685
32886 68177
41169 60646
11963 87586
24247 90559
34209 36163
34845 73183
18558 83500
6768 37912
32380 84080
1637 36661
12691 81159
25620 66481
55691 91562
23656 57267
18219 52806
39653 64378
7352 8237
14874 68728
30092 88803
16975 47544
18796 78576
65882 74738
20300 52116
23884 61952
66518 89425
49876 70615
44936 69113
61466 84386
13477 27239
53285 59878
45273 45976
2881 90707
72668 90598
65712 76393
53001 91929
40720 42285
35781 94923
1827 67288
38950 45367
15659 22195
35304 58070
3273 49882
45549 59255
7051 33641
20707 30958
5292 86789
6021 21624
66721 88053
45375 89302
39013 65244
68964 85745
33434 82549
6272 86739
4990 46857
39146 53460
31014 79700
6362 52873
13603 22870
40857 84157
65888 77067
69303 70448
9841 91095
20146 41751
590 23375
30721 56752
71451 90284
43966 92220
31711 34340
89176 90533
37347 47953
70975 82546
76171 86675
36760 60822
190 43655
46868 49878
12235 43629
6920 40422
18402 59650
14025 75380
46990 54821
13559 88974
70115 85147
10259 34462
59540 70780
7322 42088
28586 33642
4310 92775
41396 62389
3450 93006
63119 92090
53698 69984
29545 44536
24888 54291
11514 86051
9004 64140
69001 88406
76397 84087
66688 87057
32441 51802
21713 39033
39897 82432
6242 31968
37008 85922
22841 57964
34037 85323
29470 82551
58902 88203
1496 20237
38936 62111
44479 65673
70062 71799
34960 80029
42430 53904
23439 62883
1214 46667
23319 34544
58949 84527
35795 51658
203 19817
83056 86295
42964 58588
35304 89083
40851 65945
14258 23252
21327 83376
67829 94882
9485 70761
13952 61250
23527 68928
51409 90251
2939 18931
8668 56548
6673 26203
28729 68650
36195 48507
49675 74128
10556 64716
52477 63255
43772 93969
33277 92689
15365 50619
53663 74975
26634 86320
58078 80175
6573 54538
6284 88998
47725 87738
8433 61755
13514 56463
9193 84373
16935 38744
4461 57471
8539 41625
72058 80003
23251 54878
11575 27353
70530 94133
10142 49365
3102 15569
37555 84607
10005 47287
22275 86011
7296 68117
45224 76123
25174 62380
50242 57636
20234 40490
34071 46711
43135 69038
26498 85696
36137 44907
32582 87862
16413 70814
8981 25766
15133 66830
11237 17083
29074 74413
30756 39475
1575 31320
67029 73098
19788 87076
15722 29097
2621 71749
45056 46332
44907 58645
65960 83859
7896 91225
36946 47720
28830 40377
36473 92165
20932 46663
81307 84115
36209 74145
66851 86463
50114 62247
10149 22967
30486 39329
4814 16790
22661 49745
86707 89420
34108 56964
67745 80762
51582 87094
7158 73540
25753 51851
44077 53186
11115 22274
86426 89397
64447 81522
53432 80326
12907 36592
23715 67782
22467 22705
3096 20541
30937 44908
11965 14837
4542 76944
1767 24278
75252 89564
10937 43531
55122 75281
7319 92566
5320 20987
981 92778
63905 84451
48050 87124
23729 58627
12376 69080
4038 24773
6807 74356
28661 42009
4187 31265
87695 90107
77310 79312
35752 46694
44066 60635
37217 82533
61913 88507
43963 59532
68236 92322
29518 71822
18656 59102
84996 87505
63360 79067
61217 93501
38507 67138
36208 66145
74992 88944
2132 55249
32387 72179
4364 31782
16269 91406
5289 31671
476 47532
26343 43251
56995 69490
16066 72152
34495 89082
16700 42873
585 89064
49067 78439
5524 12714
63948 83160
3447 5151
63077 87191
22421 86236
55532 73600
3175 18653
7391 20196
15961 37928
16268 73254
20860 29769
9335 92899
62156 67008
81409 87514
50829 79900
19183 79331
16076 16993
16006 74159
15954 65080
7596 77300
18011 33318
15301 61923
34242 40356
62445 68152
33977 49743
16360 29282
50829 53885
19185 54694
73218 73288
6547 21861
47734 75454
38850 76996
57322 84605
2837 9564
69481 83238
39918 55518
42810 56618
2977 32611
5122 5497
60377 83183
38776 57201
4609 85106
41341 76857
67463 82319
26071 72215
22416 88631
16370 63894
19562 66031
8314 10201
32722 83569
66096 80475
230 26366
82845 86344
57864 86288
63579 79917
23700 62111
57182 67530
22415 50041
87441 90759
498 36237
6438 78772
26551 45703
26300 86075
15756 82483
47050 65428
33979 66798
46699 92131
36155 75529
6856 67571
15937 45605
19795 73823
6428 81272
40615 73568
2500 50456
5968 49263
47880 64274
58025 63483
67112 80304
3955 19164
4900 63090
17297 25392
43202 86364
62973 83466
20767 76969
25906 49181
56562 92570
50311 67438
27782 81267
19544 55659
17551 26041
9956 65961
82132 83355
43560 70259
8583 66678
34810 57818
40359 61231
594 80189
33762 69056
14905 51476
53613 92299
49721 60567
7104 15402
42951 49199
47410 73080
17390 85056
59566 90994
68609 88536
15208 82445
79439 87737
8651 21251
19748 60643
34797 70545
43645 50212
25552 51511
3277 43552
2405 5059
49406 71820
70877 83372
8703 16146
30211 38879
35070 88279
10973 26544
30052 93405
29071 46365
4160 40873
40919 68115
32415 41545
60941 85051
56164 59874
5495 59063
12167 40636
16505 17945
59364 93954
25068 37077
23660 79570
66459 81804
25945 87475
27075 57875
6237 86426
59553 76495
25655 64031
27386 89644
27630 74034
40688 83270
12755 52405
26421 92121
72446 83002
62306 94679
10028 58113
40374 47575
52777 79044
3639 85826
26192 74552
21462 91864
14446 31010
55536 79566
9648 61998
70251 87308
3134 34034
31863 37483
47929 67743
37821 54962
4402 21173
67611 92413
47830 85706
6977 19176
584 15283
48003 94783
10778 87296
62029 84887
11384 87994
8782 29424
16480 81243
15989 49994
3336 33976
32679 68885
28630 55700
57136 91337
25092 49924
33422 75826
34224 46578
18330 79352
60076 92871
64807 68892
27446 63729
16006 54601
31079 86160
10534 17166
30956 87396
7898 81733
49033 60118
51690 87523
57155 77861
50838 94081
76326 80947
35447 57773
35129 67532
14185 68878
52001 63222
14773 90515
5484 94621
15240 25787
4749 79922
26717 59386
85208 86022
21049 93907
33474 85741
29469 94939
1145 62939
6909 29826
5317 77768
9834 60270
19163 79546
4739 94677
47520 72232
58086 73519
60680 75918
34261 43560
12671 62596
8982 67205
22252 27428
7832 12794
31975 43164
19411 82340
22291 50444
1257 26133
49912 80605
6881 38416
15543 17406
27664 64413
28447 34676
6496 48429
10405 63971
15733 87885
17242 41368
2930 27181
32398 93980
26502 68379
3071 52865
79335 93634
64859 93669
14941 88841
16670 66969
17967 49459
13410 68862
73788 76314
54674 62921
2532 43684
15187 33714
54649 86345
59159 61607
10524 94673
14893 78512
55760 73871
15925 53170
75784 81526
25505 29926
11631 51724
53430 61687
62609 89744
68401 83174
56761 61953
36827 61929
15846 54019
20872 35803
22371 86865
13455 25154
55117 87836
40283 79966
26730 30210
33426 59311
10649 62561
21530 54482
798 36307
19129 85848
52726 56497
25561 88735
47537 82811
64833 67811
24926 70874
12063 49510
10398 10998
35541 92730
79785 92862
5815 20434
2237 43921
40924 77908
9241 42833
28237 50291
58443 87644
35019 94973
62539 87317
3681 37367
25399 87797
7580 20955
26744 71807
47486 59299
89343 90134
45126 57192
17549 86785
19295 86864
2984 80853
11465 69286
65523 93788
51813 87568
72509 78270
44277 44882
30589 51147
12144 40765
8704 22115
34214 43983
19085 48266
42384 69713
11831 74477
23623 41861
20046 73763
34733 41066
37842 86035
73012 94331
4082 12684
18712 67719
61083 79000
1983 21950
86574 93033
11447 53644
37277 38116
24585 46689
78097 88318
81620 87614
20136 40050
22195 46040
33846 74042
14478 64664
57446 70729
12237 19987
17823 28542
24100 92231
31601 40629
54676 62560
19313 26908
12229 73253
13610 27017
21620 43308
22491 40009
6415 70323
43486 75618
49870 63212
13745 48632
65172 94442
27874 33319
22203 27391
57108 64999
33022 44382
30371 42669
48159 92598
21037 54910
15453 22333
21593 44306
62458 68216
10895 77405
47711 93593
79272 94100
36960 50714
2846 70798
65478 75082
73142 78915
10116 62526
8592 32653
52712 70891
21199 45595
51734 78476
44293 90813
75987 76518
37962 79233
32325 42570
43925 80390
1110 92198
51594 80351
76990 80489
14012 89002
61243 67678
60775 91566
4275 15991
56052 72749
41058 94007
6166 92085
1002 16801
13379 70731
82319 92353
45025 73845
39569 86916
26739 65347
33015 85422
28185 54435
23311 41096
8204 78652
76734 82599
25893 77551
27736 68551
7641 50644
19728 22577
82454 94480
55915 85404
5130 54298
57432 90822
18332 71976
32217 54559
77077 84725
14473 68398
4781 18885
51451 69260
17401 73294
35427 56509
10094 41635
23571 78477
14052 32358
41228 80299
24128 38621
37884 49319
20567 63443
52796 54371
2931 41609
30254 83968
26103 64715
82790 91313
37045 56023
31137 76047
21665 57147
8667 61026
15248 43598
39123 47519
8542 54333
259 40742
19134 23020
42592 46452
70512 77108
21435 85542
66252 82288
25886 87739
45558 81252
39890 68571
22305 85199
13929 42963
2710 18881
56818 72163
57978 84178
53302 66190
31104 80823
35294 84588
15804 64458
33911 86417
22143 57708
4929 44734
67042 90239
3427 88123
60808 88992
64399 76891
15647 73227
16505 44527
18873 37166
46025 56713
54627 65710
17691 32551
58875 86922
80772 82909
33826 42215
19073 38610
15775 85188
16444 59430
34487 87100
53627 54861
18513 21927
38320 82732
71140 77191
3013 64075
33650 79774
10151 92525
9123 63174
48155 71832
25376 80411
7467 82030
18456 73052
42333 62456
3762 38530
11599 75708
24497 40044
71734 72165
10942 91419
15876 90202
32631 53532
64119 78047
11651 92075
50988 89191
21123 59377
55886 61717
35847 66499
62317 64202
15164 32669
6584 73617
31133 33364
4020 88533
4415 58919
28494 75000
30330 92382
18862 70491
15468 15487
9454 14302
7291 86173
42365 49184
78102 88914
28609 84719
58142 63917
25609 27355
51099 76028
10632 54670
1524 60512
14734 62520
56198 60293
69826 77840
20080 73542
11934 67776
19703 37849
57961 86353
79288 93656
22721 28780
67721 88739
71290 82770
45814 64332
50468 64965
4610 36192
2660 20121
46219 65172
56886 83118
45025 56657
38085 89789
59332 94140
30269 94867
49233 62792
9308 24400
27451 59975
61331 63118
33054 39085
14099 66726
12194 41776
14784 47253
39024 62947
60498 92898
63197 71354
67156 93895
9716 49508
21563 93879
4935 76114
1344 71159
31630 76939
55619 89343
71475 92436
13984 34756
1733 38780
17028 59535
25553 89368
32946 65787
4059 67214
45593 88009
43601 94064
23575 88896
47605 67115
25418 85762
18175 47395
5927 42840
24723 70561
51798 79706
30869 65299
68046 72022
53322 90662
9738 40604
3690 83919
11760 67391
10437 58243
26080 40411
35665 35693
58720 72769
21021 39776
16196 92983
5655 88403
19120 29448
32510 82740
2928 45846
54836 69001
16217 34651
73689 83641
7731 78797
12209 33658
23219 80409
18944 94452
59188 67170
72423 84335
10490 80563
13990 88197
3553 52247
42020 54558
10852 10936
6012 40500
44902 58553
51305 57171
28567 57767
11456 57876
24186 88536
53342 75028
37500 93156
14639 78673
70896 73970
28151 40331
38860 79677
66066 81258
28155 87139
55283 83789
7952 66023
76947 84119
28260 33933
1973 52860
33791 69855
15673 72593
1710 56910
27041 27360
10654 21336
45647 69468
74766 83112
62666 72630
4209 24378
36944 52781
53228 88011
11090 12181
41427 79765
3934 88248
53702 83332
58944 67635
12967 63302
63644 82730
6053 49533
25859 68216
37059 56102
36417 44342
31628 78783
60010 88526
24282 87028
52223 69683
11394 60808
26290 84551
42220 51409
24895 49540
6363 44581
23028 57628
12350 27399
13677 24665
11576 92961
67878 74329
34143 87752
26810 27794
48074 67939
10268 31367
32665 72156
68809 71436
18266 43762
32026 65361
59099 89339
2816 29072
32385 66046
219 14699
30066 74783
68563 74307
73777 82085
12494 83414
70356 78666
54895 88972
1176 25702
84640 91653
11091 22076
38639 85789
29516 45036
61953 64017
24227 72512
78832 80926
53479 61393
11274 93069
13383 30731
50848 54226
32453 46631
19395 49176
63577 76547
17798 84988
74124 83810
30673 61277
44653 47045
26656 51486
20202 27779
4336 91549
81833 85840
11743 63863
47476 83211
20281 94165
51597 86937
1316 6714
4321 26730
69133 84791
74194 93322
30192 63833
32498 68435
47804 50604
26648 61927
17201 71933
14550 67465
45145 92177
22705 30313
15094 46931
38893 71501
30996 64632
51681 84811
88548 92587
38571 57722
42865 72674
38062 62620
24335 61580
12977 68353
3281 30616
30560 85187
61975 69404
44164 49263
1900 55305
9696 41017
24668 74368
6927 83534
30478 43449
34242 66443
1515 2567
2175 47524
67666 92966
68926 75512
8133 66575
36584 44745
44165 47290
54552 83913
11697 17132
44545 80922
31703 76876
23224 77863
76771 83123
57633 85650
50170 78261
37533 43225
28610 65291
4978 87455
51696 58942
43078 48773
13747 36765
14637 18249
36073 79530
3461 85613
11760 53634
19057 35622
5997 55589
59314 81717
30174 76189
6893 71813
74144 88074
39006 39318
63420 86117
76283 85219
10694 19005
17333 54075
76032 86446
68023 74523
56992 91043
45472 88126
54066 62345
54378 67222
6253 74541
7955 16149
46776 61510
9737 21823
64972 73749
74893 82301
74086 76125
28995 53504
16207 17797
23919 75791
14725 22493
28201 89671
33098 68982
44585 68029
5263 91235
25350 45877
70402 74203
55716 61834
23215 86632
25848 81726
45353 64703
14743 89018
19291 86448
19099 62185
1326 19161
56792 73354
355 59654
14240 50209
75848 83202
13012 46663
2847 86960
66385 81155
32891 66085
68990 76467
15090 49517
8968 28571
83770 84849
36666 80274
5580 28194
53279 54543
11172 58247
52215 67701
38769 70854
2315 93753
10871 73831
22896 51987
589 46575
45787 51101
53525 65022
8954 94114
10548 57877
38522 81070
30531 83369
26241 72512
71911 93818
17408 23107
7031 67392
1542 80833
32084 34352
17930 67197
75412 75556
71458 77969
59431 77578
68680 88329
33814 77441
23338 40106
6775 33185
9965 11640
22617 54479
75989 93304
14457 62533
4974 30887
8847 73048
56379 93950
56587 65868
1222 4016
38769 73324
2541 40984
63951 89350
50121 65506
53734 86868
1396 91276
65467 75754
26606 33372
42709 59373
40039 68575
11784 75198
45821 56856
68311 92257
8404 94076
16307 83604
2417 69014
5274 59762
691 71127
4676 37465
20420 73765
49772 69394
67292 87569
36503 62866
59729 74713
83658 92506
16790 25254
83821 90522
45106 45196
52534 71439
62663 68475
46524 74665
29268 41406
15999 51995
28490 39661
78195 78853
43546 50188
63849 74295
46419 83557
22330 73586
12546 38792
56814 62680
20827 78515
4532 81712
55084 92159
53679 86043
68521 88531
76437 94336
67448 70488
26361 69793
28815 35092
64145 71704
52968 75017
4663 79239
2934 79622
1690 65709
50194 57480
6549 23844
7280 9880
13482 86906
51829 94101
59306 91752
1989 42360
43200 89003
32547 77870
16658 52129
13758 55658
35220 40429
7741 71241
53695 68652
28647 31462
36736 83094
35827 50040
27981 40044
73741 83838
41147 59717
31713 93530
21509 73544
20714 93103
8363 20213
55036 65041
23631 33133
59281 61038
3741 46586
9744 45580
24620 47472
45673 57038
830 45135
14638 46895
7356 84457
62268 68894
63750 70178
6148 90178
38973 39455
8254 36036
19250 48800
58185 77811
43250 55842
5846 91085
75362 90915
52522 77057
5801 61310
71437 83137
47578 71108
25662 69193
69795 85788
53559 62589
61255 65660
56337 57050
44381 64605
27634 79970
10230 41949
37279 40265
10722 89485
33739 42255
64403 90120
26322 26844
81247 91024
43559 68516
2758 24845
28175 82821
2510 7230
40928 48051
42277 64160
69705 94030
69724 72130
41803 59781
37358 42963
70960 78097
22433 37904
31749 50778
8126 75729
44474 81843
71557 94822
27667 50218
18109 69793
30541 41517
34891 73583
40123 91735
28771 46600
63165 71603
36637 92774
26495 36318
54298 87511
5745 88811
56185 75702
27700 33185
53401 66035
23337 43914
79568 84448
55814 78829
33328 81838
25213 76358
43576 50371
35522 92579
26018 93999
55209 74538
56589 57719
57813 75499
23770 67261
41261 42744
34173 82277
48967 93449
10154 85025
22971 58118
28389 47470
43948 94074
32469 67207
7961 60343
39926 94649
18598 51037
15558 29611
19397 57119
15377 27808
46371 93687
23068 38938
173 54594
60909 88420
7446 83790
12072 47703
4359 77122
19577 56920
6908 91757
87159 89652
10092 53809
17752 59227
25695 46924
21219 34402
55759 80057
3044 38559
33621 94288
33163 66155
2845 29527
61906 67930
2443 32268
46246 64779
76826 85623
7310 61910
9510 87168
35651 61748
14773 22246
31995 42224
36852 58184
68183 72147
27632 75354
12740 88823
40507 55627
11718 94611
86263 91919
11210 78952
60758 62018
37568 48631
75934 78567
34134 47198
44066 49766
25074 48554
16718 78112
75823 79923
41417 79042
37406 45750
54785 73283
28909 67539
35601 93044
8575 11436
34113 51158
36666 83250
10949 60663
57124 59652
37412 60159
2001 78806
51281 66208
192 4180
239 83117
62300 88332
23388 74213
42027 71716
4496 47162
35063 42910
17119 19105
62401 92750
26463 80928
7912 82624
51739 68659
47720 57258
26176 48143
49951 65782
20565 71303
47598 48821
28144 76500
37436 93541
34163 43080
1503 94721
63310 86257
1642 88571
14808 62471
56727 85374
9860 50840
46832 57921
22230 67722
13985 42004
59997 78792
25226 61000
24192 38834
33707 62361
17875 39842
16875 21963
9994 57054
40233 69526
15671 43966
74618 79628
58883 79441
15825 55932
2070 19978
6177 24333
6561 47171
20072 92792
7459 80315
848 28000
21716 23424
69465 77591
24386 31097
67471 89356
50978 63818
63997 88664
62997 74318
24738 54663
43087 84803
24359 39579
65319 65841
19806 30715
49802 67507
28795 61728
49222 50366
85945 88364
17528 69396
52253 74949
2722 56551
22370 57140
76613 89606
7832 19150
8427 65622
49928 78278
7875 53712
43018 84269
12015 74117
14687 22064
82479 84161
48811 92187
24583 93093
20901 80084
86551 94672
60167 60280
36960 48709
36375 89490
44059 46919
13597 65482
19317 59738
19591 54012
734 46268
4422 85765
80808 89874
16023 54238
3102 38529
79276 86297
43947 81544
43350 93201
34100 44855
46866 80256
60157 82302
32215 67276
54678 54710
32761 73532
4454 65990
9798 16242
33355 84548
35931 66767
64502 75177
68890 72867
9988 23844
28712 45173
4842 46145
34243 61581
38807 47242
24831 34680
22353 82401
21315 66883
26421 94090
36415 84383
31273 36407
5720 89365
31405 94395
48708 58166
34493 54946
47056 63270
75790 84306
46117 61263
36214 69043
18753 73944
9347 46382
16820 81166
21765 26739
25265 88075
135 2266
24775 61651
26899 42471
15769 73954
20772 65721
7494 26384
60154 73661
11558 24812
43820 83941
41674 74975
4459 74078
55108 79722
5194 34229
1095 27661
13721 19876
4370 57759
9945 14099
20702 59857
77578 94771
8165 47328
74173 75543
32473 61458
17731 31722
6239 92134
18528 73329
53334 78183
440 40450
4018 8347
9173 46777
63408 67527
36320 55546
22916 44940
6640 72412
39401 50739
26694 44377
44763 61889
11609 45817
11220 93772
10389 60739
30611 65468
57254 89122
61311 78836
12958 68913
13155 61491
88272 93982
55326 62494
48160 69341
55052 83159
26262 59479
15745 40909
36951 93414
29218 30276
23418 91422
21749 70350
10881 78474
60473 63863
50195 88323
18827 21464
17082 94804
5414 73759
45614 88770
73370 85212
38936 82373
50317 79169
19578 60289
14639 70806
21495 53147
57795 86997
37872 91483
12577 44501
24143 39412
667 52637
66719 85103
31125 81226
29136 76871
12297 38747
43497 54037
19458 32710
51060 54477
72615 73396
32046 35775
26154 57587
8174 37947
61353 65011
70462 83207
13235 60479
8863 94551
11352 38955
4540 64205
368 67334
58420 80135
11590 32756
11878 28751
80627 82857
2049 52168
32852 36622
7815 17830
28767 37243
57354 70464
53008 89087
8148 94384
34119 58215
3161 7510
13701 17846
47556 93221
45428 72382
35594 58690
18834 87037
24000 58400
48596 93779
59905 91934
26320 59485
51427 63594
41408 43609
4282 92303
45486 94208
17455 68973
58378 94066
27058 85790
58170 74980
13871 31022
6050 6961
16529 66700
21151 81135
34605 71192
43327 52590
59060 91860
2048 17098
16016 17677
16764 18433
73728 87469
34854 43982
84022 85015
49290 50214
29615 49758
57685 92278
26070 80235
44685 78588
22397 63336
38757 69604
31171 76211
49203 74358
55269 84242
44129 65449
2185 3729
3560 22592
10223 55804
1275 42248
13871 66421
4175 37740
28583 61444
16915 41774
42227 92857
47813 79424
36470 56575
27037 86458
85963 86273
630 34507
7217 94381
2257 43660
50274 76737
31725 34836
14864 59477
52619 73375
30497 49651
68671 75871
9399 16858
56074 86928
7270 93791
15960 54158
1031 2391
63233 89901
28228 78406
37279 69742
55711 67838
30823 83200
1204 17163
62308 80479
22148 25061
44435 54723
9422 48360
56396 92089
5692 56080
28680 41512
376 44348
44145 77686
27502 63196
19213 77395
28658 45610
41918 87355
7199 66329
19214 44136
39917 67970
20834 36093
2589 53542
28831 81260
57077 63828
88154 93810
19383 54119
13596 16879
44250 44632
17343 82599
9065 82329
3092 9766
42058 64782
2865 19735
49973 93038
65051 81893
48551 88146
58672 92114
77036 80686
59017 62279
10220 53536
17273 91383
59420 60484
60216 85401
84804 89580
30720 61967
43520 58576
10286 19308
5698 55138
6403 67678
45415 92469
4891 17898
7463 78302
22770 49599
30811 33051
5806 91021
16487 76107
7368 14414
10941 64782
35259 49752
9152 37207
49730 73676
52745 71494
1836 35755
50963 81702
46700 63953
39096 59141
43560 75505
13838 67121
44063 61044
75453 87419
17313 48394
6453 85649
40460 69252
37940 93845
660 76780
19940 36325
7494 25676
25311 86532
59638 64415
28095 86927
9933 84484
15752 30392
23416 36495
34342 45612
18131 59429
19525 20570
31845 94891
60757 73626
46495 57422
233 11116
37420 81458
37467 69204
75564 81761
41132 56048
24791 40318
25010 68272
67584 73867
17531 21634
53712 91139
19529 41200
36606 42016
87166 89849
7993 37810
14924 39228
67414 80807
19510 61557
9424 22205
9472 22548
65964 71423
8196 81382
39552 49051
40238 67381
31764 94895
50139 80655
14095 65272
10302 14409
29329 68278
31821 70921
16256 23262
25960 58338
8863 78975
77028 80774
37167 67624
57110 67285
26757 92824
41956 56292
85449 87108
36433 70151
29351 53582
17436 53178
1832 48171
42257 94434
50328 74695
60753 84629
25370 66212
35657 91971
39138 39996
6636 13273
68742 75965
22229 84473
45177 69657
92584 94310
4842 51497
45232 45919
5552 10533
29663 81703
54615 56411
51940 91055
6383 57985
24321 32143
23772 91716
1392 86973
49306 80697
3980 30275
4527 5220
10572 37862
78858 93966
49314 85481
22436 46109
27584 43101
29620 57969
11949 23891
22298 61673
2393 88732
64630 87145
43244 73164
60168 73813
14849 32684
4332 69899
26352 38692
32078 42994
937 92989
26113 36787
41052 44896
17471 84869
35286 62979
63935 72221
1536 89835
41823 51825
73900 73964
20708 50923
26856 81965
32042 94529
47549 55847
43351 53383
20090 29059
21706 31561
50668 85408
20324 54942
18973 54185
9934 39028
26419 62518
5664 33072
6551 55164
84941 90459
56 48692
40328 84790
38057 51353
37472 66980
38953 91627
69368 84666
31544 61214
66673 88544
38741 48640
21708 51964
50350 87136
57160 74545
29030 91197
7664 10305
11339 89499
30719 34338
7142 13938
42019 49150
58853 79883
36513 59452
21428 81081
38516 54590
56657 81802
54547 69054
12796 22308
4619 50242
47105 77572
20581 74108
9135 12391
10165 49188
35571 92143
18799 65952
3107 21098
12130 41309
7627 73416
13779 43986
51207 57740
43720 81873
15748 81473
29767 66211
967 41880
26535 53866
9873 10981
16150 81711
62989 63438
73916 94395
42740 56358
41055 63847
4661 55363
6686 85169
23143 64089
4543 21083
38450 78037
31965 70223
51364 70942
982 27644
76472 91815
10995 85620
24630 37022
31463 79395
1370 81949
39815 55297
67662 84465
11703 15427
44897 73375
62777 94320
10987 89727
8911 20522
57938 66169
24439 67849
61055 61812
71591 89597
47792 85178
15867 31670
42543 78655
33447 49485
41961 57084
25453 79687
83272 85360
54763 87165
55651 61769
28397 63374
3415 47979
17331 54187
51454 85797
16463 93872
61050 84254
19758 93339
1590 18622
74618 79449
42182 65318
14147 68843
53364 94953
1601 38155
64462 66826
33302 33526
77349 93281
23165 51676
26173 78274
87857 88810
33576 43982
2255 25125
16160 48472
79391 94496
23125 58276
22155 83620
25299 39189
42068 77767
84967 85089
35852 43196
10252 39814
47770 55977
4895 85255
21560 48969
20831 79642
6698 49244
17273 90892
22706 44417
8045 67302
25666 74412
46180 58290
8946 44832
66384 68939
19705 92435
79371 93401
34564 46191
4543 77573
68105 83688
13272 60368
267 69482
84359 94133
43793 70332
74200 91979
16029 19171
30058 37182
64804 93505
56008 74630
12802 59564
47829 54878
45984 92362
32291 93382
29786 76497
11799 22335
13296 13754
53069 88810
73984 75946
20104 31173
1848 6036
24327 24770
34969 43791
53202 85397
47803 58157
1770 53059
52264 86886
8139 81802
23743 50020
19920 31836
63766 68739
10348 76380
15057 93546
16967 82680
40838 85888
47024 89314
67661 91511
28812 32823
38099 77559
19329 31683
6779 22914
41540 77269
16358 28061
7426 10504
10789 50242
16712 34529
16799 35859
9038 73781
12751 92116
29120 44859
6401 49456
8561 15198
47515 77582
9140 17985
24507 91595
36624 80144
29703 49584
17618 27411
10671 55689
25824 65710
58192 59251
15971 59447
29032 88079
53927 94617
4823 71233
67024 87495
56786 67072
206 33400
51196 84058
48736 87681
10441 39438
10031 18255
16874 44815
49714 89892
47786 76287
86541 91277
74720 86910
58524 90157
32725 36186
21272 38994
14799 76008
45042 68182
12805 79051
40620 82966
23041 77341
29932 44671
42909 65462
19087 59376
71054 92514
5823 12087
52467 55847
24884 28615
33238 48617
14634 63686
33334 76914
72512 73707
37539 47862
37085 54683
46751 82756
41453 56422
55415 73023
75000 87043
14853 88646
27507 72427
49208 60965
37030 67398
59397 80604
4956 15343
15347 60134
41679 91950
47571 88659
21838 26540
12177 45078
37615 46918
9432 28658
18661 90912
70218 80975
1370 14684
37786 71075
2916 45720
17889 44192
2821 72499
21078 32355
4479 27871
41376 63385
36343 78741
12292 70694
1726 31120
62713 88986
24055 46308
3132 5253
3253 76845
46560 85210
56146 82432
14987 35807
16198 54021
61168 72658
26759 88969
20267 42390
67562 84744
25659 92701
26599 93900
24773 59166
51126 85365
62938 87716
17111 92577
8768 77459
22533 92590
76286 78413
7282 92596
34835 35659
69288 88136
51634 87331
10586 40399
61672 90074
19566 78905
90165 94846
3273 20004
24245 33341
4310 24092
16598 51883
17706 33974
45813 55421
29997 94358
52723 67938
85437 90013
20180 60558
10607 78716
54217 71013
29660 72169
56425 84781
48298 73247
42619 44647
45887 77456
36089 41340
38636 55318
38672 59071
62914 82890
5508 85081
11291 72018
5816 19307
76146 89597
69476 75418
47486 48708
39941 55997
20551 85480
8210 25376
2994 4267
36445 37769
9437 61214
56411 81285
793 86900
24418 40733
8960 15453
50006 60143
43105 83118
7040 18385
56565 60139
3906 92545
3759 21653
41334 78481
38438 77468
48656 93614
20893 66614
60524 62030
50380 57268
46644 47082
39435 71457
42712 58687
5050 57707
43553 62839
44158 69909
15408 20107
64960 69325
22116 31513
1693 29647
9898 37098
33377 62972
6307 10932
70743 77548
9473 28589
47681 87808
40729 44975
18859 52850
53208 78268
41520 90713
70103 77274
16018 50305
68101 92451
12227 22334
22947 57811
26553 92681
4981 63184
72792 83806
90033 92915
32210 94654
10440 93310
53062 86147
62859 67194
62859 94555
33293 37109
14267 21202
16838 53253
34928 49089
24972 80483
3353 64422
19734 93338
17076 38494
33463 55376
10307 85279
31747 70567
64421 79604
80913 94716
48922 62175
60047 62536
9863 55775
686 64732
6124 52986
58056 73811
43666 55747
55108 76631
64348 87776
23913 52286
33515 85752
81073 88105
65483 84242
55880 62499
57402 92817
25871 27739
12554 28958
35908 59268
30631 49642
49048 80521
7092 38311
68292 70774
15563 51099
1395 90659
15957 78531
30575 61955
53118 75197
79324 88879
43924 52580
2401 29988
12213 57074
1141 75515
54869 73645
9226 46391
10587 15573
695 90463
24121 33832
19386 65784
51224 58403
22219 89047
14661 69856
83233 87511
33517 48074
48479 76020
24725 67776
29227 49642
27614 32745
34633 63656
27307 80531
4990 37279
58879 86377
58618 60627
14186 87247
40992 49767
3487 63121
33938 67795
83565 91045
76631 83349
58042 84223
43749 56473
2420 43582
65229 89415
14714 36101
43006 53356
12014 44496
27192 40332
28113 92639
3156 20357
28810 50010
20489 85536
54293 63372
56738 65676
22625 86049
4977 51666
18740 26470
33593 46393
1108 54410
23807 27880
11330 75082
7899 44288
9521 70655
38635 38673
46682 49679
37124 91229
75376 87311
6785 35517
1154 48650
41296 59287
20829 90405
32915 76193
62374 86724
51095 88469
32405 72511
53494 89548
5649 23471
19891 60011
38360 67447
69926 88933
13574 87999
11752 63908
1604 3831
50536 50803
33038 61165
51661 62533
49540 87011
2028 55136
39077 58042
16522 17070
45169 62271
55931 61460
54375 84621
33889 68241
87865 90059
23583 81985
359 8863
19189 68978
37878 50798
42099 52434
21847 54765
68647 85811
11780 77664
14540 49291
26802 57526
48588 73407
14032 69485
60833 68800
51980 74491
53730 87314
27937 94257
46681 62159
8610 69301
24797 37360
28913 78374
12015 78132
2934 46961
21185 30765
48928 79449
4417 86166
36815 60523
33320 67862
16815 51948
35939 39419
26139 85471
162 7056
18595 56879
74130 86217
57943 77396
18134 25291
58553 85051
11091 46443
21931 55694
18151 90979
11557 40338
592 80800
73102 73606
9024 42993
14721 92761
41595 91095
25249 63354
1430 76120
32710 59721
5995 14249
34780 43171
2232 18943
12788 24236
12684 81545
25245 91619
48193 73542
587 10610
27059 94687
8239 19124
35328 76808
40777 67260
402 39183
49913 91894
22567 30358
17570 43752
21998 90256
33009 34761
23192 78920
22082 59103
20705 89112
85977 91728
78587 83869
17096 89002
85692 85909
12268 39842
69400 78659
5159 48506
22780 54174
49016 74997
55799 82954
6675 74225
34518 72881
23579 75159
79748 81281
53249 64356
8087 68110
37110 42480
68581 72389
28956 91976
741 93071
2041 55434
1144 91924
6062 68030
4988 58079
44615 82782
42465 55645
6162 80808
36572 39982
27251 73696
5061 81913
34507 36209
90118 94134
52924 55597
43892 82302
51912 83548
65675 94751
10119 35320
40830 44111
11348 89793
12469 38393
15554 58576
50843 86211
37066 71454
28224 32710
61226 79993
1028 65575
57633 81016
38577 87028
47666 51940
40793 78614
5195 41956
45329 90705
17974 80591
13546 13704
43344 91373
24523 87795
57107 87678
9280 53815
60643 78830
32150 88198
31117 46666
14925 47478
37150 58752
18989 43742
35547 67736
26865 57835
7139 35999
23160 35435
50025 73987
16355 74590
56175 79875
54985 72300
83125 94796
88476 90289
57905 89445
33075 36580
18203 25309
39967 54669
14335 73630
5334 30491
15606 47505
2265 90387
8443 83209
6259 15338
71877 75732
43383 44440
63775 91226
17206 42504
68346 87463
50843 71456
2202 77787
43329 66432
10728 22964
1907 66582
61476 71618
44734 49904
13538 52030
38577 90133
5373 53284
17683 45163
18033 61372
30904 83200
58646 80223
31028 65476
36484 39862
82252 90125
31383 48258
36952 85242
75464 86215
41838 56054
85624 93047
41441 46606
19985 77413
57952 81461
52619 88526
44362 80332
40835 75477
78796 79312
27355 54698
50282 51175
34753 88237
9985 51869
38183 41345
39453 65157
22203 67753
4240 91158
42419 76727
65580 89530
27465 89641
83519 92169
61440 72347
11605 45907
28644 63655
65263 87442
71979 81013
21161 79714
10295 53778
29275 47722
27358 43971
25959 82204
65193 68106
32177 74694
43054 81154
24041 27789
27806 88634
35339 77052
19999 59168
60044 74307
87590 90813
10405 11712
12528 93495
49615 70630
51264 92155
13696 57614
7302 77270
3395 39187
17103 39875
65033 86292
36702 82257
13301 34062
28077 57443
4562 59406
15574 93368
674 34387
17656 31071
13663 37924
6979 7717
171 42774
58596 83340
40005 89964
49396 76595
26768 37242
12463 93320
3194 51906
54817 55326
47013 82367
26065 35687
20088 80720
2707 40423
20320 62043
62749 71771
26455 83968
10506 40856
35676 77237
38784 84233
26641 61716
54071 93009
657 1640
34916 65581
9564 93074
67789 84637
26311 74035
30473 37614
59006 88541
38207 90712
13947 24740
42749 46931
32258 69231
10384 22934
17415 75838
13224 13499
55422 68137
326 69225
9298 29465
40599 51934
26523 49279
74620 82555
28131 88401
28906 53097
51134 85254
6627 6893
85508 90007
7279 20987
38579 55410
26889 31601
12113 12134
36139 87609
8071 25609
20254 28269
23078 88988
32272 48520
30831 38934
12718 26308
24434 59010
32900 62574
49838 90788
5928 19081
68450 70042
20260 68546
42745 92542
65175 78425
32612 35114
17093 93881
2189 68715
21039 52521
52090 81083
55442 68950
11969 33630
21606 28443
8545 65670
11911 15097
13522 90056
9516 48971
13380 41961
35194 48762
20224 32816
6556 13475
38397 48713
51700 60250
18361 29245
37458 64665
57798 90662
74127 81168
17977 57724
25314 71032
5688 50479
10874 43746
51909 72915
5740 83282
1694 35236
4653 60523
14202 79681
14120 50616
35098 61833
21757 73184
40830 75132
70702 90451
27813 59708
5305 46886
43265 79792
76306 91550
5663 13579
23564 90723
12103 22261
79405 81445
41377 47235
20386 32990
3912 56649
61704 66580
25880 51060
14664 52309
65791 93022
62483 82975
62634 90819
33201 87245
48851 68934
27977 51976
14551 81786
47050 49758
25294 51322
19589 87960
35540 77474
20246 82094
40543 91762
4789 35843
19806 45945
59281 61607
12034 13287
661 72911
9179 43679
12334 67665
16958 25582
21354 47228
48848 67760
66002 88642
4559 86241
66178 77757
61233 84503
23429 81795
61120 81006
30094 51074
56503 93139
8263 41533
4310 92152
699 79492
35623 79423
19246 40848
34363 70504
71618 83009
11557 30757
38691 68296
13588 52110
13797 60635
76992 80105
15717 72163
27591 74061
9653 90979
25937 90764
10625 93874
5296 21474
46487 47126
7426 74065
67568 93659
11257 23070
38046 50207
77475 92540
81453 86503
26199 87055
8015 10136
22026 44901
22187 63633
18183 36041
9383 26196
5428 67188
38833 54680
36526 64106
2545 16965
24428 56852
8911 33162
13851 41597
6420 81233
1470 64905
30960 44291
13603 30311
16926 21260
3614 59801
56441 79310
42135 42565
7545 31768
30143 81196
32806 93583
163 38497
11779 81935
27617 57619
20295 85139
60870 66894
11271 76625
10179 71296
69207 80900
6831 28391
90167 93812
36282 60769
25080 59119
53226 76497
37066 45852
38909 62004
27889 61426
6517 40009
41787 46005
17586 39444
10787 13193
17277 63200
36838 68549
15010 94720
12023 50773
4289 89465
11582 86617
29160 55504
38203 87278
3341 82166
13141 47263
28456 40253
29070 85514
25355 66975
5090 58478
16378 26321
544 32488
33290 67513
41766 85435
24132 62832
6432 21349
22781 29081
17463 90652
17582 46570
52875 66627
84910 94859
18985 78433
12019 91540
32426 82082
36188 66623
8502 58547
55945 89161
47717 59202
2780 56416
30442 86531
10484 43989
6812 16491
69458 85846
79601 80817
52570 53017
19602 76597
10111 57344
39225 78394
22032 64630
3877 30022
5415 76505
79273 83326
12254 61764
71882 80030
16834 76276
3901 26643
14150 44228
19081 59491
25852 38932
18314 93546
38185 50846
18508 27614
35479 81013
7387 63139
66733 79450
24536 67484
13447 94973
11201 55544
15369 39034
25461 82011
12626 56844
58083 70516
25324 34467
30839 65763
6241 16808
69647 71273
23057 81249
47552 75251
6518 39598
24026 83630
34073 77670
49420 66270
25011 36293
13808 91534
16677 54681
35551 37514
60414 67200
1091 67431
48288 58921
71871 77929
14774 29812
13364 55713
5429 14921
67710 75525
5898 39694
22610 83014
27229 75684
68969 93028
70519 92614
23008 61386
25500 26813
80111 83917
30792 48375
13390 36518
48430 65603
78524 86210
32822 38605
27630 29206
7999 10128
69574 71800
31283 72527
5290 75956
23715 54651
4529 63000
26281 83842
21193 93349
28109 69522
32232 35520
64114 80376
787 29368
74635 93663
4166 87278
21191 75264
8132 60638
21766 33553
41361 91745
29614 35860
79080 83918
44904 73897
57196 62181
13440 20646
27650 64510
29161 70094
57220 74677
67746 93139
23415 78851
17455 50781
6766 90558
52219 60761
37114 40342
10213 34836
30654 35609
7601 21053
11459 68437
30568 83974
4126 85899
66682 90733
40367 72596
47606 48958
27967 69890
57406 94117
13669 85279
79513 88910
52098 91325
26122 91091
53228 54150
75412 80442
6020 41186
18590 74703
79397 81714
69884 91180
22992 75066
11074 47301
46975 47643
52293 56942
64007 81851
3284 74960
51698 83715
20581 76778
34787 44281
37880 52168
12585 51858
51108 52899
66680 74953
3354 16806
7806 28328
57898 93893
65080 81855
4097 16585
48074 54920
6054 46634
7435 49186
10349 17762
21147 41867
7262 41270
49674 58030
60641 67071
10667 66710
80448 91248
46093 83530
24560 49180
26967 35418
71658 86474
348 4368
40657 42024
36479 88430
50778 76358
85409 85925
56232 67544
26992 40279
35089 64108
17864 52337
27132 41392
18715 44219
14344 30918
77041 86498
22684 41448
78389 90966
1055 75671
13272 83609
30713 65599
63283 81135
14196 73691
29576 56477
24885 38874
4044 19064
17283 39544
65051 78275
19304 65683
10866 58438
76040 88067
19186 33781
26161 71964
35630 38465
6102 49286
36359 57415
649 35739
41393 52085
13950 83511
43678 91374
16827 30346
20582 87643
24920 86325
1372 15740
35351 35981
57325 85242
29412 31608
7772 27674
37313 38545
66669 69279
47770 67266
50616 68712
25354 46217
20276 70401
32199 64277
43774 55308
62899 79901
469 17462
948 16937
66931 92476
69743 93868
1767 61685
7456 79389
26867 54183
18967 32155
14731 60436
5777 25644
31592 48405
9020 19464
14095 46227
11706 30584
54691 81103
4186 24370
32287 69060
5639 45853
12523 86122
48029 55823
50033 63908
82965 90347
18793 53144
30467 84158
11216 11498
788 94889
26183 92582
66483 74207
48096 82735
53408 72458
20440 44461
256 15264
46406 54871
10974 41847
60709 67624
28194 56024
43683 57252
12607 91876
62505 75619
35897 57284
1426 70509
14341 84075
11627 31721
54987 92426
56692 88339
47217 77923
43270 59146
9373 76565
46787 60032
9082 38711
17953 19781
36609 48536
22678 40576
27787 68828
56968 57602
53377 67677
13257 16208
216 76652
88977 91875
31597 93525
3052 29318
14925 15258
13020 27799
20038 88731
9509 54120
21693 44436
87280 93231
5801 50899
11006 60838
34440 73780
46036 70333
16833 59037
85055 90728
71873 79005
6474 27102
39936 94759
23482 83796
24589 64187
27371 68190
75002 93424
8892 42057
35596 45525
6721 51137
20188 90361
16369 26379
25366 42828
17323 59161
15943 32477
57692 90190
17893 87299
71072 90825
11445 85973
40353 48385
5168 94778
5308 42001
30506 89561
46447 80731
21143 80206
27757 91283
39201 61557
50877 94652
23063 43090
44767 52520
42635 65089
15819 38249
56312 90638
3869 22254
28917 62563
49694 81263
16259 35114
20230 66875
22022 38380
7950 84273
5685 44869
3894 50965
2588 54761
54685 89684
57691 81893
21862 61139
71878 84896
20316 27824
59553 80209
33702 63409
2271 51470
37919 89747
2400 84625
34882 82033
13894 51541
68368 72782
36729 92573
5683 62416
51309 78689
59656 83368
47253 86475
59736 83519
14761 22739
5905 27029
13238 72652
40900 60121
56828 94240
28397 38400
12044 24031
85 31336
5933 64987
17784 69427
20398 45924
67337 87333
68089 70090
2492 39723
28327 44460
18623 74382
4451 42647
13676 41109
26951 33681
3789 20139
65058 65511
21214 47314
7231 17197
6913 74485
27079 29709
16840 76791
31281 44980
40786 87120
2262 93456
9058 17699
22355 22424
18052 45647
32765 81009
60159 79069
59007 79849
50748 80206
13901 51806
3996 13289
10433 18451
21708 90844
8249 53939
2930 61350
43197 65499
10934 76556
15234 84750
28609 76924
32388 66879
5403 64661
23143 55775
20087 31349
63603 73523
54891 64300
19203 63836
35321 68063
48720 68831
4278 82661
35916 45528
59491 67163
27058 94794
33172 51081
18690 90367
12402 57976
21618 48274
3951 35513
72042 88131
24060 38995
35401 57324
47021 70430
82619 87612
42131 73207
80700 94296
49188 51109
22536 67868
20181 21190
20361 42394
21874 42872
10635 45028
31559 49338
48642 83793
43616 67027
10255 21256
48017 80962
26274 39951
28638 44366
12669 51629
14103 30935
17946 31142
61685 75663
22890 54991
31456 32122
57386 78342
29253 79726
13258 82926
51577 53987
61433 87549
43719 76940
19839 45433
26545 49298
2881 3020
21243 52861
40794 53145
65177 79263
49752 92642
73135 86091
5013 66377
18944 41241
17814 55361
50224 68330
18901 40524
46643 61239
35395 72536
44628 71673
35351 94388
27597 63319
58078 68636
37173 89752
58408 62853
39255 80962
5396 31337
36299 37137
15475 83726
48227 92744
71359 76644
3662 13672
17844 88033
18203 88995
6117 70420
22375 73333
6141 39024
24463 93059
4317 54599
67625 73934
41320 76155
20962 85805
49244 94276
63069 81850
16125 90695
65271 82986
32173 57900
11301 43330
30080 94868
17782 68884
61865 80074
65299 80056
14761 44277
17245 54267
46738 83116
7846 38149
18194 51800
31736 43719
34510 72951
61007 73302
52910 66821
39974 55711
91853 94729
55806 68738
46032 54926
72210 73544
89242 93284
52183 87260
22790 24966
64444 75330
16423 47700
41410 44445
12626 90635
42593 50161
27266 76337
8067 85057
16569 67605
38591 74370
25545 26612
47303 49471
57987 62965
78301 86106
18877 53909
20580 63497
60627 63654
44584 71668
47930 76805
1625 21426
68277 86293
47678 61560
17299 74863
19248 87252
35514 89036
39809 66722
30003 36719
15373 43818
73817 94435
14265 44685
58334 59310
31723 46257
36751 73697
29520 31629
19908 48038
88 90268
13612 36867
19079 70925
50700 76831
31961 93813
16795 84969
18904 44083
15795 36875
43097 73268
9466 42915
7530 54184
27583 46058
1291 56058
27186 63505
4112 69942
43732 85670
52361 72937
34057 75467
15089 61888
55211 59426
34539 82986
22895 89729
77486 93862
5090 59583
34373 81563
2715 79910
11500 87005
13501 25342
77437 77913
67298 89952
52701 94959
13155 28420
72257 82344
2016 77849
45319 77874
44830 91789
14677 77307
804 9002
27351 41973
25262 86956
21796 27744
67833 68653
5558 56067
16342 69588
49978 74091
4817 49553
80989 92974
25588 73807
41516 66454
51844 68845
9921 50436
18475 48494
17065 94805
33895 70344
4121 43817
2242 42862
59610 90262
13402 91105
4818 17160
22728 62964
14516 32466
21282 75697
6637 22371
47755 60189
30613 83416
16432 52298
316 41923
53303 59974
10793 23777
16878 63074
6987 60397
5749 13313
387 70660
25107 33809
39942 74252
20915 56432
5917 93622
21638 53234
11931 82524
56349 60509
50044 87824
17343 93209
152 27755
9191 57805
7207 56443
34745 88126
27271 89340
16475 66177
46392 65614
77528 80800
33067 54941
12089 29401
59722 74564
10707 51898
69599 94635
37128 70226
28798 62788
20363 48754
22857 45912
7519 17548
23662 80209
10728 30710
52211 64156
5619 38842
31817 92615
9954 13812
20012 35218
2320 11205
35742 60540
86010 94829
25063 92743
19474 87765
45865 51424
36916 83249
50217 81534
56552 74270
8148 85399
5214 71429
26269 59214
28142 53141
36834 85067
25094 82876
8247 34204
14415 36237
73468 75084
11834 50629
57299 61272
5207 78721
12433 86720
76748 77123
32014 84146
12306 30162
8100 34086
26466 33318
12332 47539
31613 60273
22778 25111
42665 87993
20568 62198
18559 26203
13504 70428
60139 68397
9096 38155
54691 64270
24349 29830
17851 19996
18095 64534
13801 70996
3657 61902
35278 89616
28766 75487
4265 43531
19440 56113
3294 44062
1896 28324
44431 94675
57852 62470
4731 74274
46522 70251
7162 74457
7957 52911
1179 73685
20917 29113
41213 59329
21542 39918
54105 79310
30776 76391
58860 79084
22878 49100
30226 33919
27415 79785
16808 69509
59272 79019
46956 65171
313 65950
49352 64843
57268 81792
16722 72499
354 9325
24230 34133
62 31993
49529 91547
53929 74094
47408 75301
37747 87156
22803 30585
3282 26422
61534 78591
13373 37761
219 57887
15478 66782
12000 39261
2276 79382
26421 81386
4303 22974
36472 61323
75343 78281
29017 36398
59379 79861
22244 53260
4066 18542
2565 84792
6259 87926
23985 83476
19451 59881
23395 35013
62099 85388
25682 84655
230 23478
12827 26725
68622 81961
45917 75102
20071 94138
6438 53070
57071 69638
11191 94000
50686 93408
3452 6516
35679 60972
50675 92776
82142 84346
29885 42210
6996 9308
3384 24168
16674 51063
54416 76188
268 56611
19724 54573
7637 88853
4383 5567
2210 67303
30152 33642
57595 90159
20778 75457
39001 78548
64098 84812
36835 51017
27301 77856
49822 59124
19924 57142
15366 40477
37933 66766
29871 54867
86067 94562
3342 72800
23027 72395
11516 60558
36384 46035
5750 17269
42635 73149
78208 94645
22217 57622
46027 76494
57624 84120
15074 43047
330 12775
9246 41024
20232 53756
3504 93931
12054 80928
52995 87724
1175 76240
18760 78894
22993 87450
32140 37584
22092 62480
1216 62501
7664 38435
46794 77626
38047 77720
38640 43512
67967 80300
12759 46569
7024 75695
72914 76039
42368 79343
17832 90951
6201 48556
62830 88527
10435 44130
5621 29941
20977 38510
47957 53332
18284 56295
41077 81410
9617 49174
21086 36056
28916 80787
44368 76467
41237 60359
34714 74568
9630 76941
13371 75040
57352 86656
76320 83542
13796 16717
53152 75745
29320 90145
21724 62133
17036 61317
21337 62470
26967 40522
10878 17637
65821 74999
51146 92622
4360 48573
37672 55283
16104 75286
58341 80303
88694 90959
32401 59841
27230 74642
5012 55128
20164 78137
16171 18749
33776 68956
15008 25281
28246 60843
43675 64357
31908 63829
9944 85044
37568 76346
9886 17857
41187 84814
46492 91392
71123 91396
66714 76883
42917 57562
9339 54341
11798 72750
21828 62873
64318 76167
25056 34138
16132 64479
16165 76659
26041 37051
35223 38568
31625 76534
85491 91748
16646 48400
59003 73399
26146 42776
46050 83152
49655 81463
39025 90501
28656 67475
6228 75920
11104 69468
56275 61312
5436 62793
54246 70009
62304 70595
44599 62848
9076 58527
43892 50623
25945 60966
69092 85938
12000 65021
27187 65702
45319 69740
19519 83353
14955 74029
406 94386
57455 75542
3212 71483
46768 54425
11345 13339
12413 36360
45088 58987
21259 40745
1126 40304
18922 63605
28119 30904
19554 31783
21482 33408
35598 75856
54072 64883
9141 88286
25980 58698
29100 34848
19189 52107
25685 58060
16042 74208
71757 86035
24892 54322
13492 46781
33740 64483
27514 74602
28069 92596
25113 26770
7981 37094
14141 15370
72323 75506
77153 78319
44400 71549
51108 62027
4767 25280
55676 72649
13389 19264
53911 57416
27939 86139
16263 59526
3657 64674
52813 66859
67056 83614
49628 51135
10489 15002
8960 91973
34889 41528
23941 49974
233 36611
23941 73676
47306 78890
14225 71723
54264 85379
6074 25512
29889 68206
5473 88066
17320 65415
36769 93860
12638 43884
3896 39107
20940 55767
16027 67381
89850 93955
79776 80467
43829 50752
54585 81626
18614 27638
18724 50831
52364 89075
45559 64352
51902 92931
8343 48921
34754 48738
1651 83813
6781 46446
23152 94047
66536 90773
28333 32952
17972 60807
16260 32053
53325 66715
4731 63171
23104 34593
9315 34764
50787 66407
8405 56088
30274 44325
16959 87840
54159 90443
27905 88002
33688 81892
21683 88776
43418 65481
48413 58299
35319 90486
35727 78666
182 89146
11824 56685
42137 69172
10452 84074
30160 78197
15604 38118
12176 52977
18412 43946
17270 26936
833 77070
33651 84309
79629 85162
39680 79323
14302 41746
39990 78120
24380 32784
5060 22692
49545 51206
47180 87664
4793 33842
47276 69122
14634 35092
24853 51706
86643 94339
73198 76070
25666 35625
44695 44866
61 16636
69769 85480
40201 51829
45200 49344
40255 61805
42366 75708
24662 28382
53666 55206
42195 86125
8605 69115
25253 43128
21002 21339
82395 94859
33538 90470
61546 72349
12266 54475
32872 89748
29408 29768
29977 37697
22296 50644
18446 24696
3614 23959
2496 87471
60241 89824
44826 65580
68889 91304
64014 65867
43970 44576
23843 25983
27763 84731
50817 74171
63463 75377
49892 74085
42399 94944
19416 40008
30397 58206
33555 61744
33114 37760
47882 88419
33932 64413
23327 45608
41787 47412
31798 73842
7141 76742
60808 62929
7352 25533
11224 24375
28954 35351
41360 49707
37888 94459
14537 35504
2477 26546
11658 87272
3947 29829
4728 91419
78787 92838
76 93224
47019 61188
47820 53696
72333 81313
15333 54922
800 25885
37686 80281
13175 81165
14144 56049
17320 33038
49712 79803
11667 49721
1845 54324
49284 50992
29470 48930
10556 16142
86634 91102
14943 31723
4621 44101
33250 50210
16446 67684
35698 46429
12144 60947
7519 87175
8899 45220
29431 50558
14390 35345
907 78867
37128 74888
22314 54980
117 21921
23238 54815
6201 34674
15135 33486
19288 60491
23678 38455
81778 91799
41207 91147
61415 88524
28640 79995
7503 19989
16958 87746
70068 75528
4140 66341
80744 87984
16350 66534
10699 65542
25877 75736
53133 80164
47863 63692
66850 69456
1268 59099
21636 24502
40722 51834
359 53944
39697 74627
47 35434
12863 45153
67372 76646
26559 84620
54253 58272
30123 39583
14481 26934
15532 42501
7220 22863
59413 86043
47566 71068
48730 71024
36340 90509
66476 70705
8439 55063
5876 40678
8994 79692
25055 84154
20451 85170
50246 74397
12735 81515
36510 45170
17940 22404
48358 89659
1154 74102
26820 37217
26487 49411
62202 76761
528 23455
13174 35714
371 25008
25765 49324
35680 38260
68824 73280
53675 58357
64251 65703
21739 55878
40883 86119
5736 47985
67241 86399
7221 72379
4643 23220
57927 70067
65692 74118
46122 58543
17858 36412
6821 7221
3735 80020
72287 83891
45502 74035
19023 59203
4734 82663
20747 56341
24072 54572
42062 47199
36056 57701
4612 58145
1948 75500
3057 40095
16564 71957
2921 28099
11349 84661
9831 76719
67183 76215
55058 72755
20712 76940
26898 63695
50219 66332
64340 86659
44643 84662
51822 86181
11150 35286
52662 55449
58863 76631
58257 87446
40478 44168
18237 89706
67605 89988
10586 14627
34608 94758
52860 83345
80600 83634
51348 88677
5015 28911
5919 77451
16211 47889
47547 59523
38332 88917
33030 63922
16187 44529
40164 59927
47527 71702
24208 55310
191 84697
30565 43167
27454 87501
15967 24537
42050 65071
33425 64213
16628 40789
19251 84339
5942 49922
28439 70116
41776 77123
40663 56597
3089 62591
4206 12685
23342 77061
25394 89965
7552 94088
16639 43532
19951 22612
39181 81042
8759 56991
12517 93728
41092 44617
40603 76199
53072 61197
5255 58863
25160 48037
3861 39108
47568 81294
215 22775
61798 91845
5822 64725
35526 91689
53224 91138
11648 47792
48294 79550
24993 65580
2142 80518
3019 17540
17463 48271
67829 82667
22115 54198
8789 63628
67940 73751
58874 72945
20631 48551
12834 54950
8949 63648
30315 85975
56094 75208
39343 77570
14459 40998
30297 53386
31216 57484
87744 94840
3936 85421
54130 88172
44708 85659
9795 38953
47339 66584
10404 72958
17953 68676
6919 69032
42218 65823
71937 83342
52869 70657
39026 45491
48941 58758
39208 64914
43219 65288
7768 23957
16210 43453
29624 65699
74126 86141
27961 86247
64077 79225
51071 78318
62793 84193
4462 53993
3087 8460
10682 40001
18504 22024
2416 28156
19812 71884
69224 79468
32796 64167
75071 82312
19817 38960
12656 31385
5794 54199
29737 68104
3378 87891
44240 46531
7230 63544
43181 61979
70445 89075
66462 79214
57782 73800
18991 73491
14268 73018
6725 76475
22383 76694
10370 71912
58172 64399
58784 70934
62439 80636
53355 88765
48703 93244
5331 23901
68044 93009
39474 77097
12729 79128
67287 86098
595 14896
80508 90064
23155 54899
924 27132
45893 69320
32543 48724
6488 85053
36621 72986
12252 77448
21168 30462
50661 75494
28065 30417
57534 94169
28645 82343
3277 83355
433 91246
3923 40406
25374 49499
17802 30244
34286 61594
540 13300
37481 46665
5433 52162
62693 86780
32683 90448
49854 73982
28639 71094
62021 71026
19229 57056
1239 73185
21175 84011
156 1687
20903 81206
733 48158
41299 82731
3631 16445
25638 51350
3121 47242
24027 24123
61650 89583
34430 66939
36867 88297
40749 81741
1019 15529
63560 82783
69967 79858
8726 24276
50 62496
66440 73215
78435 93047
11795 92402
4187 25842
9626 79029
82538 86537
65917 67055
9377 61067
21192 59073
27066 46408
29818 46749
24614 84354
18138 19998
18903 53557
67755 93236
3275 89494
16026 27530
10163 13368
22138 69001
38732 76564
22150 63205
19915 77413
11092 89164
39809 93009
82596 90399
52869 75613
90903 92320
8239 50185
81239 87886
13909 21188
24538 85336
3718 31314
30614 72558
49752 82210
36371 47680
485 85865
7978 17533
40197 43082
44255 85111
47362 86792
32638 42361
55782 84154
18527 19456
55715 82868
22837 25729
18897 45485
24798 88951
14156 60492
10252 65077
47643 94787
7795 66497
14633 16713
77349 77416
46724 54160
17405 87237
32748 72112
49456 92937
45275 86945
32645 64970
25110 91556
15397 26785
1074 40339
41055 79868
26180 74503
21333 32902
50377 62490
35875 45627
2244 4302
61185 63202
54888 54930
15004 92724
6188 38047
28965 66323
48980 91805
38913 39865
12234 84490
50095 84003
76724 93763
27386 67531
5237 59010
72625 77989
55531 94584
32744 43173
43523 50860
12957 22893
8489 23831
26267 82299
928 94599
23679 29257
63238 64364
19822 66046
31034 81997
27833 45193
59196 78286
18620 57228
29281 60418
14322 70515
51027 77198
22409 78367
18950 51295
13600 55569
8890 44172
6900 16043
6583 72262
93398 93872
19183 84572
24742 57671
17488 74807
12884 85404
40960 60484
75440 77867
24112 91565
40259 58493
28034 80216
38319 57367
25259 41370
49704 60656
27896 73360
44924 78436
66233 79823
19199 64907
4021 28526
59342 81423
4239 33836
5908 15911
47779 69166
19897 34865
47869 66122
74426 77386
53772 58688
24487 66761
50236 59489
46445 92092
62482 77554
64243 66147
10438 17516
34989 57025
510 47367
9351 59162
18721 81622
5858 48400
2167 4866
65573 83902
89562 94680
11255 62538
45689 50773
52443 64819
36802 83709
24407 53642
39439 80346
12873 42756
27895 30182
14615 92950
40293 52175
17586 66740
37207 76039
13450 51681
46517 53060
1758 64402
1153 54655
12118 17471
13585 63877
7759 46494
42576 91604
29159 67449
53896 73414
61882 69983
25123 49371
72231 72300
16125 55770
53025 55098
42682 90937
40055 55701
10194 43025
21845 47903
59892 66376
20486 58443
833 43662
30347 78841
14541 75702
54776 70891
29367 56964
39935 41999
11563 82102
13379 24840
36309 69329
20518 29253
11266 69938
31115 66538
34244 53180
24963 92343
27800 43171
7015 76501
22620 89755
1734 42230
51054 80567
53842 84442
72511 80144
13960 58288
27418 52728
49061 91094
68543 84029
71874 84081
67881 86471
6070 18127
6574 40719
17019 50876
34241 44378
42327 47185
14591 57762
35601 53885
34901 63441
481 40944
49421 84550
19541 51215
17882 80447
57408 78359
83843 92874
20705 33118
42391 85850
671 74409
37571 49739
39849 42811
56210 78571
62055 74245
18407 30295
13579 83218
87306 88824
56575 57403
37564 62470
24561 74382
14526 19231
25500 81357
8082 52951
12064 21901
54598 87729
14021 57097
40123 91387
13332 78408
29717 61233
86140 94654
32 566
74959 79281
28277 40864
6211 29665
52631 59703
4080 30484
1027 88892
40602 83381
69342 94205
24810 38085
23071 81037
33389 50907
17480 49710
32088 58826
12716 13697
13111 57616
9632 86071
10596 57698
31253 72453
7843 22733
84019 94591
61472 63194
21452 63764
28632 64949
16711 71140
67496 89409
22563 32986
73281 88131
18802 23690
36310 40265
21662 78032
67078 90322
74451 93964
3441 44507
12817 28086
6034 94268
521 18405
44622 62654
37276 87483
47644 52226
48515 90073
41476 47615
2611 27933
2750 40545
27549 68315
39087 48555
5777 77528
28620 85875
9019 61870
29730 80076
9598 49169
63855 88927
34393 86809
4846 46297
6554 10785
50111 93284
72909 90977
36620 77567
36010 69566
43167 53938
33811 34324
47837 77997
23395 80829
47051 89703
10489 61537
42901 83964
9245 23051
32430 61005
84710 85865
6465 52398
8975 57692
58848 89152
75180 94760
64115 94949
53322 67792
27508 83401
62127 79834
8629 15853
36412 94001
25450 86599
20339 89916
3137 17107
27065 54228
34202 61270
35367 56353
66108 67380
1478 79143
9577 25851
76453 94574
34931 48569
37579 55120
35978 62922
7036 64238
23935 65780
40530 46147
33126 46659
74407 88588
14378 35720
36924 65975
42691 86362
48647 57374
14797 51561
12818 26303
6172 89002
75013 76612
12115 60202
73035 76576
9641 15323
48547 81998
17029 60450
48404 65265
35087 51999
23196 54421
28712 74363
2057 11894
59442 74260
25493 65804
6869 23219
29524 39956
14301 44104
12640 42159
29735 69181
27003 68568
1951 11643
40831 56466
68355 84314
8307 14573
24015 72115
39773 88365
1675 18062
40252 66973
266 3625
77690 86822
41115 51237
31998 67455
44638 62669
64155 90584
660 6828
19146 52018
15273 79256
47325 79542
10501 18892
23887 30252
30109 48691
39261 50590
14531 57836
4204 34140
8971 83124
15009 88815
43387 51118
31446 85538
9182 23008
34781 35005
50681 78801
12087 70338
55921 64718
46052 57353
35717 57672
6231 10627
4908 82092
36891 68379
50171 63604
59492 75347
7407 64034
30575 47133
10574 38985
17505 18670
25592 37760
51499 84544
62512 88892
3604 27858
36959 41887
1688 65811
56188 92643
17322 75629
8073 35170
40973 83042
56816 83775
55721 94784
14967 42408
56054 75700
18763 44827
35366 54582
12229 39753
30265 73879
21310 31001
44211 74997
2371 21729
16170 37603
61372 88641
9029 86741
65843 85028
30681 68680
39638 49462
12444 39389
11926 59308
33897 72214
13513 25640
25163 43499
55184 73197
23747 73582
17400 23804
39669 84660
6456 51008
11354 49748
1879 35315
25413 42474
42753 45087
67038 93004
7729 89357
47535 52732
36506 69559
14961 23948
21231 61054
2969 68288
71781 72669
11508 46570
21793 23238
25873 71261
41580 42463
31567 41788
41777 67687
40692 56777
55098 90724
30279 35190
1262 16800
4157 46172
23535 78085
35730 64959
18446 75954
51941 89186
51457 69819
352 21900
29194 57133
9300 11465
21799 59499
9602 84042
23302 58316
56286 57227
20253 26636
7923 93840
3168 55534
40516 46801
49698 76414
467 49555
32463 90852
5971 53464
21221 45828
15434 36331
33048 76854
31013 62527
1701 81873
12546 76433
20139 78640
48237 51474
12108 55419
26271 63492
32794 56964
29691 94514
20136 79035
1997 81915
17451 54188
10402 22748
31871 61960
29698 72462
34449 56725
57402 76037
33073 39761
8646 35427
22300 39290
18801 62595
2029 25205
26519 66026
7968 43171
11712 73005
14700 63554
24541 36183
7504 87633
63528 89396
65832 73570
63213 72118
67677 93443
12470 50379
70434 85264
1619 86879
6666 94486
70414 72710
24435 83623
5470 51428
25747 25881
2684 38366
72531 76181
28685 93818
32187 33397
65771 88622
44611 60719
31238 59265
22316 31515
26426 78265
46987 52045
17074 91711
69965 76827
10354 38351
52510 62165
56895 71212
13187 48057
3595 36055
24075 42414
11501 73936
52733 93650
41181 50330
22882 57462
58208 71582
23825 68394
42537 76435
17347 24893
52288 58983
4787 39765
27765 69667
10146 33532
19332 74079
49454 84691
74535 80391
19026 27837
35963 37237
51828 69823
27392 78462
69278 75626
30426 85808
62288 63914
13674 19886
63803 86030
23610 72823
42991 92760
3280 27388
9634 20968
5126 56171
1721 94589
1654 56247
31921 72399
19493 22774
74764 90938
57421 82638
36586 70413
26419 57093
12199 35398
25470 71135
48940 62738
19399 65033
19175 51873
10754 41750
76413 78508
45824 67987
1207 92721
38920 65926
19318 77919
38132 50063
10283 31678
68471 76214
697 21711
91616 94056
6509 69603
13418 64785
35816 38094
81882 88807
51600 62464
55516 67204
91999 92058
38378 68272
7806 55480
60541 60889
32278 91236
836 76084
16048 49222
35452 50031
50558 59186
21066 93322
51286 69135
3378 70742
54136 62758
25552 93380
33179 76174
43082 44947
41766 79907
38005 55195
34137 76880
5435 81780
61901 87949
66289 85192
14266 36074
28489 34262
80261 92287
25071 33155
35070 94764
40843 75946
583 4157
18992 75479
36970 60464
41115 51165
45792 62708
13061 75277
48170 71406
48125 51663
15492 54975
2153 83929
18501 26777
50397 70455
39375 83757
75766 78587
39213 89224
21697 78293
44340 62590
46619 68827
3976 4781
69507 76878
12551 87027
44304 52138
54759 57547
26848 80093
62555 64694
22542 94660
53995 67830
8350 73298
27576 38806
30976 73426
67978 86511
68344 80636
14927 89067
41774 45296
67156 90719
43366 67954
26972 94247
79040 91563
50235 73745
66578 81544
71957 91313
71457 90451
83749 92697
49201 71426
14134 59272
802 65575
28920 68756
26007 77833
7025 81332
15004 85561
39592 40395
12721 85943
838 53700
46352 68390
44685 82283
14211 90466
4655 52910
2680 71224
11139 26978
138 63831
41494 88160
9128 67615
40952 90892
18679 24585
14030 47182
26996 65696
31991 47993
2995 68590
6186 58133
9716 64827
10064 18267
2435 61875
60950 73677
61087 61152
69584 87735
81039 92009
6635 34951
65289 70760
72392 80262
186 10628
23823 50207
41524 64308
29778 60315
45202 49143
728 42055
6996 22254
7120 75798
38376 92125
47497 84730
45925 71330
6872 94452
55093 77040
24237 24833
29941 52114
18802 63168
8576 74304
76927 83571
79947 87251
8224 74981
75066 77591
2351 13688
28310 40181
57135 67640
641 2919
21273 66807
76744 89665
64306 67897
16406 78831
11442 94439
23144 47025
3638 92223
27412 88639
52514 92519
13135 74217
68461 71250
21947 22104
3051 16735
78097 80677
23862 64312
4830 34066
68056 92921
5365 55865
75334 93472
25142 38110
25373 38630
45836 59218
71144 72947
17430 71349
34892 77986
29797 66903
20334 89559
40748 50616
19519 56456
21370 58132
47461 94817
33979 35611
51654 71180
45136 47762
44469 70106
18401 70823
28489 32934
48282 83360
43156 84458
10283 24618
63128 70988
948 83212
16668 23129
18178 83543
39541 84338
69278 87153
10259 94767
44197 51996
63694 81876
13659 58019
13321 75512
36807 67627
54767 74051
69333 85583
21640 44223
70570 92681
68339 69405
50519 73274
71260 93434
60405 75311
64415 69102
472 10340
21420 50148
63933 71539
15335 40632
13924 23721
12684 62704
9229 77158
32364 61031
78200 87444
66819 69704
12852 37038
20586 30083
24886 76492
84234 87131
62837 86257
79585 88098
68080 82442
31218 36892
13601 22013
23252 79888
68353 74720
66207 75469
24776 57326
27563 49041
54371 90435
23415 91483
17075 82634
22065 69719
32133 86308
7011 57799
11033 83698
9851 81817
11739 81343
949 76775
20727 65767
42262 68402
42890 64712
47310 89314
11898 71164
57031 94122
7404 28630
1157 86255
40100 52136
31949 37238
23121 34265
3204 41754
26045 39367
46726 57190
8559 83614
35980 84089
74672 75563
60142 82735
3754 74965
9760 84185
51925 85211
69974 83475
39768 44458
6116 61878
54368 64123
64163 87664
8406 82170
48283 60517
7427 55730
46519 67891
48504 55670
35221 57029
76956 87104
49955 67407
85765 88386
57722 69697
6495 71095
69150 91815
8121 20924
57803 86448
67315 76828
42199 62854
15663 60365
13725 27722
65131 75097
85345 94752
58548 91686
45809 81685
1472 48044
23744 68761
18120 85761
32144 51379
4520 45780
28234 33519
27229 88102
7483 17346
40737 47539
21814 88837
65206 91001
65489 75513
2617 40211
9794 30205
54705 73806
21733 82064
71661 76164
32916 66706
820 69236
28101 48177
36393 42474
937 4312
5155 20003
14754 27275
29328 87413
6515 52184
21673 68913
38855 65451
38682 48524
13681 17992
4162 34896
4051 52405
7747 10110
18775 45891
30809 51180
59379 94721
11738 39321
20991 52789
51524 73794
21100 27818
55382 83728
32874 73357
26179 70183
16743 32763
14750 63729
33959 71976
42125 78562
25322 33512
31860 62966
14139 52733
41032 53658
10180 38267
16850 81516
28398 75760
62453 77137
41869 61798
27195 29028
62196 94039
18251 46408
24275 75365
48450 48838
604 37497
16612 60595
9447 79142
9598 37213
66125 89340
47028 85751
11240 51005
8315 72422
22941 36242
55766 74646
10946 70261
22692 64273
24547 56038
30626 40907
32859 59923
59372 72067
42694 57220
1368 15679
75252 93426
17666 56550
14431 46811
6154 75929
5191 88101
47353 85589
42464 68786
44684 68550
18102 65411
15612 61117
1790 79423
21849 31404
71973 72805
10011 88832
16070 68748
54556 89554
72507 85081
23756 58655
53925 63668
6128 68590
45474 86616
11261 18604
30395 80225
34787 39726
3512 26235
20759 37834
7875 32882
30988 54607
38563 75050
20977 79658
47803 88328
19638 22934
33040 46769
23803 77814
61071 72916
14169 35004
64825 85848
76292 92028
40183 74548
18371 36030
31413 52686
29472 52828
45763 90122
36047 42687
10917 62204
40252 54415
41075 58945
58944 71599
11999 30845
43264 47568
42906 74809
62979 92618
25895 84290
29977 88137
67468 76313
29410 63918
38330 62985
68310 86998
8274 52383
29828 91062
55460 65293
15495 91616
25692 70307
43045 55875
44014 57245
28859 32533
325 79697
51526 78883
56367 82494
32753 63887
1932 62037
64747 71297
20155 25137
3536 88881
13181 61938
61747 91254
29135 79769
32444 94573
35072 44714
14368 70178
31500 69221
12623 22485
6937 83580
49369 84425
1527 47114
14219 51258
40698 56390
4752 40936
20991 23507
26258 60134
13095 65771
22849 89428
18813 50805
37544 93352
11331 15610
75058 75765
62 16013
15020 61955
1268 11086
17991 25233
9748 18183
47367 77222
21081 69293
31616 91520
9330 22026
7162 73649
73700 77300
21192 63425
65810 74660
22917 93744
41411 90563
28996 35295
5826 51464
35574 68931
27467 62428
47706 79472
26950 56538
42778 90994
51868 91475
33522 48772
4641 25054
8656 39262
14312 49033
30462 82553
5163 26451
42386 62171
84803 91372
30874 85116
10308 32220
55537 67548
17848 51080
16688 68516
38695 48746
26136 39983
40457 64011
22709 54908
11816 70536
28368 93779
51861 68631
29320 53118
21512 62159
26428 37266
63630 77051
3251 22913
53177 67077
7575 75869
43528 44029
35202 61890
47471 55543
12025 46058
27556 94642
63674 67956
26505 28280
44610 74531
89009 92825
31475 55020
37153 42533
19181 86585
63334 89820
56694 70885
61916 81886
558 56176
10464 22863
13887 76601
15877 22412
52662 82712
39889 54256
44385 72601
51106 69260
30671 72259
11051 33282
16683 60699
71705 92122
49680 71249
45251 85745
76128 84541
16543 43718
13803 38016
36194 52629
18417 37743
19628 27254
33236 45550
5392 31345
8899 33889
31276 81880
72625 75974
6924 73261
26880 36957
568 56310
28023 82733
52562 93173
25104 82381
56103 74568
701 34969
24623 33598
16914 66541
1251 84006
53499 62457
53936 92272
22376 89941
37099 79597
24597 58880
65042 82198
44022 75449
38613 86518
5931 16061
10988 35733
17068 29024
21834 46239
23418 80741
35823 85307
82838 86653
5452 74811
64667 93463
7032 40528
26310 76862
55021 61013
42723 56999
7577 63039
62822 88647
59454 92247
51017 70041
17982 94592
758 54074
49041 66811
32039 74424
18886 22144
30108 56210
14548 47263
72099 94130
11800 53015
64518 78644
27892 94556
72 11009
48781 66765
25711 85645
7064 8685
13879 34276
31449 31497
5074 45206
40550 59947
64230 67775
56170 92264
14438 17971
68196 87078
4228 70786
7354 48454
78897 93379
7270 13206
9298 76976
10402 89598
15168 92206
18404 77240
145 53704
1888 76301
7559 91493
47509 61229
71454 75023
26802 44698
15883 57242
19236 63913
34706 90303
57824 65860
34033 89413
46232 63604
33208 34370
72282 80103
27372 28453
21852 83818
25962 78094
61204 86377
78396 89079
9600 89792
58746 61548
26621 41678
40582 94324
43544 64787
28249 34189
60263 62780
55354 60167
55181 68732
14049 23687
9377 80643
34778 83171
67120 68170
37755 40746
73795 74970
11195 70475
75117 76162
39474 72694
63570 86007
39126 65977
12044 32517
70905 77038
46490 73465
10912 53198
69735 71354
21146 24856
8276 81599
31881 92022
19709 45963
3046 35576
37202 50268
65571 67846
37890 80894
12608 90518
6079 24688
63425 85300
26270 60752
286 50702
7140 31561
58871 70026
13219 25801
44228 85975
5866 55215
27938 66598
12341 50012
45827 59892
40638 55782
56506 66375
15239 22225
57976 63458
14948 84790
53055 64506
43554 55743
20483 43638
29416 92754
78570 88381
3761 93766
62127 89746
22759 55605
32089 59559
37065 90091
66952 80719
25378 29591
81939 88639
29206 52661
73973 82821
90980 94422
35653 76838
25019 27588
20015 62514
41054 92780
43907 67007
4070 39856
59987 82063
21499 74007
67928 84566
39721 77332
12654 50414
38687 55025
2875 4013
60892 66892
72386 81676
85977 88643
18614 19805
4564 53610
9617 42763
19819 73274
45882 62268
53441 81747
17561 40338
34030 48631
35853 66513
35404 61402
37191 83207
1953 17796
7465 39406
6899 89343
25763 38116
36908 56217
34109 85683
8475 31316
39173 45113
3376 60970
64633 92272
62137 68832
24835 69388
5954 85146
92182 92605
9296 90883
75385 77310
27585 53583
44936 84301
65535 67717
73798 93339
20732 74398
6680 24118
47170 60551
226 15236
14619 16268
20817 69613
35194 93797
39225 83966
35087 82881
38266 51018
47191 87934
58803 92869
22962 57049
12015 21960
8735 92099
11506 23469
21290 44052
14512 71053
24257 61179
8561 39242
26731 49154
17854 59983
87772 93370
65208 70026
27827 36221
51138 65655
2737 10775
3260 81576
49004 93370
62665 69144
14760 40725
15943 63852
14838 19104
11335 63268
27700 80406
65450 67607
14391 77783
25559 61157
35849 89066
61615 68767
18685 85122
3909 43515
22352 77160
18832 48653
50584 70386
23802 62245
8965 31844
62119 73359
12975 31243
41783 74002
86358 86617
64691 83033
38600 46624
2527 33558
11837 90226
34345 85727
25424 42214
35335 52576
28588 48966
33241 73721
1169 38836
9632 52994
53142 92904
8529 43443
33142 34189
27809 30781
1132 87234
39346 84482
17575 66418
9274 20399
88069 92886
24564 56312
36515 50676
49280 64926
24512 56663
1626 70704
1760 92025
34182 47001
2022 67750
30661 67377
18065 55201
5626 42039
2479 62945
18868 59908
74324 90788
48817 94521
17229 79317
49103 81745
51489 52092
21687 51472
13358 47158
52413 63109
78315 87521
2153 20465
2443 69181
14703 49438
64427 82941
16926 73892
29294 33664
75590 75886
7752 62303
4595 29117
23452 75736
51860 80324
1456 23401
31629 47352
28201 41564
49734 58442
17235 17670
7305 28655
16228 45350
8808 68534
36810 93467
24451 72102
50519 76015
40382 73040
17738 69889
42160 94156
24202 82985
20067 78824
4797 45945
68437 80059
12868 72660
14565 80556
32308 88883
2894 31079
6891 82407
41336 63071
63471 71034
9091 82168
82920 89235
23285 24091
77702 91143
44817 59763
28050 51779
67078 70058
12366 87957
3760 75480
69789 80851
57664 75651
17493 66513
16507 76902
16053 41665
27644 53263
42551 54515
32382 65244
46259 56241
2204 65250
5528 91992
44724 49300
175 2208
35215 35243
48823 85726
11065 72716
34041 71025
18486 31012
27907 46061
5852 66606
52167 67694
14185 85952
30861 53384
6478 35928
35810 39124
14987 27573
34214 54313
41589 54113
14855 49236
80363 91694
32622 62255
5681 93957
23833 77554
8009 74916
36894 64940
1506 59547
13478 50935
18649 81315
63209 89286
70508 70882
9819 18614
15142 40979
10715 10867
37493 66702
33799 55933
23750 59051
64414 77021
11621 20275
24241 49811
41381 74847
26855 93746
35664 54328
30612 48134
67625 80502
74906 88254
40525 57823
66322 70284
4784 62136
47005 92204
30503 81252
11566 40309
71517 89581
9328 76766
9976 25225
70957 85778
47446 94444
26281 45586
63813 78300
8241 18995
29332 42356
7938 12501
20334 91294
2028 44506
25290 36705
1765 44167
7550 74923
5437 23462
30186 90657
78323 93156
6685 33181
25304 81801
5244 58565
14369 28068
33525 74910
45982 68535
45966 69253
13130 69235
62186 71273
42427 88339
31733 78395
40053 52203
67841 69332
122 82118
43349 86187
2931 77648
10077 68609
68287 70569
43349 82657
13524 75114
29215 43318
46306 88200
26623 53214
29260 71412
54471 67909
16295 62405
46516 70956
26147 66837
14462 81857
20125 35911
19169 70116
14632 23787
42094 66045
74229 87199
55425 70664
40693 79947
38724 80382
36101 87235
47325 69048
5560 64664
37649 44215
13733 75237
9749 50124
17099 24729
38337 57010
46397 77726
27056 49140
4184 41055
63632 87335
27934 68726
54823 74370
60879 68999
3293 40189
42335 57021
29809 72012
9101 17146
37498 89863
34789 62212
38247 44101
179 37271
66260 79221
36551 76094
7625 78269
14970 54214
25721 93459
10428 11972
26622 80037
15980 17883
49033 86911
2024 86888
8509 74496
51729 66460
19118 44893
29098 72983
61513 66291
46201 55000
26424 78867
2188 44544
340 15561
74469 90991
5641 69662
49766 78354
48095 62722
58680 85751
8703 52945
41095 61998
19157 57960
91036 91864
8710 13823
51853 90753
29999 33288
3301 69092
24918 30558
18985 56668
14791 24959
38025 65178
13494 82510
49929 77861
3913 91514
43679 80561
80964 91193
17381 67615
5320 48726
9201 43892
25316 53755
19810 36660
12857 49777
20100 24678
88762 90684
70869 85176
63063 93366
73157 80046
18861 75980
18132 34992
7440 69300
1045 14536
2081 21459
399 49635
18538 42097
68511 71393
1634 8932
33537 55387
40066 71694
25246 91039
4123 18452
42799 43981
23259 77779
16864 38833
62706 63859
48717 49952
18909 51635
23020 80776
11161 16565
18556 46541
819 45548
68226 93905
52253 87225
14194 17841
75345 84186
1298 38669
21718 70977
19127 48600
9093 48006
10930 89611
33159 69248
15445 88816
71600 87324
8797 66982
2831 76091
8661 83919
36847 80368
64436 87267
67765 69185
8276 25228
14013 65322
31865 57917
3220 43857
59483 87508
13047 62524
35869 47383
24035 66382
73691 80908
53038 94444
4693 80838
3635 62471
11047 34356
28393 83927
3374 26621
1327 67365
68976 81968
46224 84007
42157 54131
13875 14265
5763 78796
66765 67160
68713 81200
19375 54071
31478 33365
57133 80773
4151 39495
28748 75846
87878 91738
14477 76818
62153 65835
20287 90632
5873 57532
80189 89766
83046 90779
85780 86017
36757 63017
40370 74180
22491 59582
69442 92980
28108 38239
33493 73921
10117 63681
7636 51585
10798 74849
20827 82341
25465 31805
62964 88494
152 68008
53527 64523
63065 84606
27251 50552
24964 90143
29920 43015
1452 85534
21580 77172
33820 46185
6009 72779
1527 31364
17435 90774
43413 67857
9900 89367
4624 93729
74250 78857
53585 94232
85950 86994
6392 37185
13658 28307
15264 15941
25945 92389
45939 57214
72553 76999
47434 86162
12038 39511
18289 63167
11012 81602
66615 72404
9954 77738
80255 81795
87875 90945
64840 75945
63942 87028
3630 27859
42698 46402
36278 91121
49045 50684
13408 37114
51557 56032
56400 84091
7051 21442
46123 49983
53844 94842
29326 68429
34358 75068
3874 37045
44281 59596
54117 80852
21317 50082
68374 87268
24134 59979
3767 42189
61161 82394
21464 57437
62506 87172
38002 90928
52190 84532
3662 10583
59157 76876
631 35470
46989 71179
16826 75162
2080 76905
59466 79208
37321 80650
6640 75957
23644 29715
8660 27298
36428 71833
38325 71115
29173 31818
72638 73604
15429 58380
23044 57417
27676 81810
41185 87306
10565 36736
7344 14016
30325 30586
36737 74771
20305 41791
13852 20728
6710 19229
54325 62714
23101 70007
28812 84495
22744 93941
23695 46881
7504 51993
68944 69028
11612 94714
75077 76825
558 42905
24855 75269
44107 85985
4358 90113
7222 81662
59056 77706
73333 79162
26240 73038
45633 77130
70607 83742
27171 78146
71256 86051
4294 71995
3999 47457
60001 82064
15662 47320
45773 92884
82550 91124
18926 19789
2778 45487
4598 77033
21962 33552
6349 81576
61810 77261
35315 83622
925 1450
83262 92640
39291 89289
39840 42848
17993 79863
16960 63656
1389 84074
1390 62536
51285 70302
51524 55947
49866 81493
9844 29249
28469 46528
5004 54189
8025 24272
4535 27098
67739 72305
17349 69575
60500 76216
54683 58300
73807 86441
29322 65546
42747 88487
21665 75273
26133 36485
56499 58532
71634 89807
3059 61997
46396 88165
16535 78542
31874 46000
9542 77365
36336 91438
9659 66645
1226 19207
33708 54852
34227 78419
69687 73731
58906 87869
50223 73240
34128 94395
63465 82951
81335 91878
60075 89761
41445 50333
2426 86931
19635 28268
2804 43483
26519 69621
51449 68483
6395 60156
7431 65589
394 5628
50490 68010
28213 50271
15293 33453
17890 55722
11923 69180
30751 63440
8077 83020
52414 53275
22715 82979
42241 47700
68726 81497
43794 45626
8606 65977
53301 88898
23983 65742
8554 88229
59385 80180
21563 62107
17698 43070
13937 29533
38008 55184
41532 43745
76196 91545
65435 82497
19569 52883
47255 85177
18255 52960
8507 54681
42105 51744
13583 89666
45389 56445
119 84859
72380 75032
14732 16732
69103 69691
3160 77824
76 65430
18474 32903
19094 31411
10533 49516
38199 62010
16865 22434
44066 55876
13670 15235
33190 83122
18918 57501
73248 73973
9866 34391
27263 63107
41758 76772
68134 81885
20892 22292
3 57731
13383 89304
17350 47554
19946 51328
32625 41306
72979 91866
19295 42983
8071 86357
58667 78074
62383 82105
3844 84059
40844 81438
23889 94531
37785 43345
2762 73019
76874 83260
13046 61196
52982 60970
57123 60942
32085 66483
4714 80078
78347 90274
5894 80267
1669 80386
23099 77371
44314 67368
16833 84046
65578 85729
11478 19705
41092 76428
4816 70647
60790 70954
26169 45825
53812 65419
55079 79060
31727 65778
7063 87573
36846 59857
61961 85272
9214 15445
15113 80090
14607 23768
48266 80372
39844 67369
505 40494
44446 45010
76096 80388
49539 72717
38841 49640
47877 71947
6806 50807
65512 83075
30562 52040
4717 13731
924 64260
33258 86371
47629 58670
56400 92416
23783 34052
55698 92357
1605 85496
75100 80932
990 46243
23495 48154
27958 80020
12713 22281
14890 21282
9349 12796
47582 94914
27021 41156
15167 44721
47552 72274
75322 93673
2527 26356
23522 64843
12332 29103
103 15387
21859 32806
48614 94181
47766 66783
23121 83976
59103 88495
39134 67002
18886 87308
7957 89575
35271 37237
11241 39059
54632 71910
8298 52353
37491 72162
13411 61669
34704 55562
40797 73182
9833 21978
18062 59091
7377 89095
557 88485
85569 86763
46205 57632
29479 50137
51984 76184
36484 68064
43982 55509
4680 20058
53887 62096
29857 73122
24617 46056
3529 93316
8953 60900
33119 89598
42408 66585
56928 68734
62538 92053
14 44436
60387 78627
4924 90441
22457 48441
27959 61016
24039 25599
25725 60135
84120 88870
65022 73510
819 62337
85814 94030
2428 9770
40519 69013
31613 68808
52229 73078
80437 94782
4389 20834
47660 49606
28739 44869
59175 79210
46980 88855
30586 75456
90391 90718
26247 82726
40830 42975
53106 72611
62078 77727
12530 40938
11769 88314
55628 57391
42578 85205
77120 83578
79739 81159
11682 36878
365 42500
4630 23577
15153 79845
17800 34557
4351 72073
18144 67023
30245 71831
52443 64849
39732 91566
56985 83311
6228 89764
1954 41446
11551 35501
15487 29419
4332 27590
14968 20471
33234 82090
33604 64304
34889 60906
44154 51747
47616 58561
62568 93548
10745 69447
19788 77507
82620 88841
77656 90938
26846 37135
22704 34590
16860 81230
2453 44521
4956 56252
40234 58376
21291 83590
57850 92544
75216 81895
77265 91270
58853 72751
70806 83643
28466 83858
5911 61061
7847 61851
4030 60316
10324 53302
68726 71959
22718 67687
10305 94851
29664 44858
51194 73993
51572 64144
32243 69873
31924 79819
57955 78825
44168 45362
50044 60964
14231 94209
83141 85666
15847 20476
5814 26439
29986 69263
41274 79174
8218 52152
56855 80127
51608 74403
32915 91949
57026 81046
17143 35691
12838 33194
3925 60955
23998 56364
6339 12043
8497 85571
13397 90567
13900 71514
40003 58036
52196 64460
69365 91718
73765 89710
25427 48071
29797 55286
9770 79245
15377 65294
58798 74040
7264 46488
4036 61160
29314 45780
32955 86145
74344 81530
21421 32243
20959 34906
11388 15802
2546 84999
9519 25511
54150 74429
44043 45242
38 52781
5043 49710
4110 29725
20992 81876
30801 72849
20308 59382
4507 79975
620 66217
29191 52598
75265 77409
26951 75887
60419 75593
71 29387
29456 49210
56295 84783
54246 57876
77265 80210
2528 73035
16134 65689
58403 60039
3176 72590
30056 61487
58875 65319
21336 79346
7714 65671
92736 93995
42347 69062
83588 83952
43813 70998
32804 80877
60779 89697
52488 61696
28382 74323
32536 68474
26296 54733
15425 20727
43913 94398
51172 58986
51046 51710
58117 62593
28257 83952
32936 72481
10089 67822
18394 42576
8412 71160
81632 87366
65857 81740
57782 69074
38119 70487
24438 60397
15278 93808
61601 64130
78704 92027
54001 72603
25573 29055
28501 88569
52641 80568
197 79392
7877 84265
10535 65393
33378 90073
22065 44348
52060 94535
16988 82158
51230 92566
34613 58542
3657 72338
10220 47514
8481 57659
13235 85508
12440 30431
7330 29870
27904 41741
8326 90712
43149 70953
15879 41143
55233 88619
19505 23498
5749 42339
30169 59343
50720 92759
73644 75054
5499 22370
29492 92397
45594 71694
53243 75110
25632 26094
32034 60592
30144 32532
32122 94139
27362 52804
14989 16058
42440 63561
3745 7496
24433 48750
8138 33890
64093 77628
31225 31318
37177 84748
38530 51483
19464 24071
21137 78392
78036 89795
26086 60292
17700 24919
17234 41716
78671 80969
19157 19536
32405 79819
82877 93676
39364 55852
3543 91515
6497 59255
2326 75490
35021 87515
402 78361
847 66532
22597 39618
15114 46009
17804 43031
18341 68944
49833 84564
16195 37246
8322 48491
24674 80094
68096 70700
53221 63182
9214 65517
8724 56351
21830 32445
36577 36632
19451 89526
14833 71114
30666 65053
37164 78184
4283 40677
60441 89895
13494 78096
50000 53237
74755 90329
9544 27942
20855 31815
29914 72090
53154 80912
9791 47160
24629 35404
17747 86157
7214 50221
34300 53656
14169 57261
24869 31565
27552 62706
83907 88819
42354 86764
66952 82484
20405 26218
3566 38309
26804 62281
48754 79946
20185 21291
10862 40746
7005 47886
20542 34015
15085 51541
3835 65772
26073 48303
20727 26667
11156 53824
1465 41589
13255 16291
16302 47705
41264 81922
12913 43812
51091 64926
34858 76719
1285 16393
65223 86557
1262 34743
56329 71603
103 19457
71689 83598
31929 86163
70292 73842
20577 28520
22951 65885
51496 68812
44506 50085
47640 91308
6009 90316
62533 85421
18473 91931
10255 36506
20122 63441
36862 45782
38056 58524
6922 35868
73057 94771
27623 55993
54036 82978
45376 75953
21047 44945
22435 43158
42768 85819
2008 79602
36435 76574
11892 70707
14611 18218
25430 27427
51419 88031
1066 79328
26323 82173
39652 66540
25611 36406
40756 79756
7202 72890
33482 58084
61876 74535
1002 40831
64862 89830
55627 91024
68129 78712
85077 90231
51472 64208
60639 63616
28841 68490
34031 63883
13720 72720
31088 90345
33197 51072
30395 58875
5069 77994
15013 27709
41272 63632
42256 69135
33832 36538
15491 69427
27271 42234
57180 64194
43169 62021
85 20476
33505 87654
16045 75737
2383 40032
14252 64703
77801 86660
32609 78337
13867 67039
81421 92988
54961 73653
22184 66591
14937 82580
53651 94369
32748 34726
22261 51797
7275 28285
68406 91576
49748 84213
13563 49580
20350 36464
48193 50495
40947 79526
11635 11826
74790 81838
60771 64987
8970 33389
29726 53428
3793 26730
27379 78574
7279 91790
73917 88548
7316 77327
37227 67841
18545 38589
41005 82593
41121 55087
32969 34194
27000 44018
1001 78754
9187 19808
91470 92904
73758 88825
14685 22295
9644 60017
13918 80782
68598 86830
19198 57931
27883 58324
51007 59298
5232 94846
1707 18113
147 76433
74011 79899
57212 79776
20528 31371
4119 55767
35392 62340
45427 56411
7871 39904
80488 86267
5780 21367
10129 80419
28253 85627
61232 91364
23020 29157
63888 92798
36168 86170
79337 90093
78320 86025
41299 73017
80307 87824
20539 21805
79702 81948
24976 83713
68653 93724
23914 89759
65338 68486
29150 76143
10363 72243
59995 87272
19762 78132
10055 52926
74337 92006
48994 89646
74097 89318
52593 58126
59278 76875
73868 74695
13261 62854
6793 40278
11577 47535
23953 69414
37392 73698
52663 84831
11159 22270
18542 45797
77170 87992
9933 62629
21921 90441
24778 80215
12729 30382
59886 75540
55966 71324
21172 62058
15796 34599
5775 41506
72022 73593
68555 85601
37366 63257
65218 71824
49404 50285
2463 43956
12399 59368
35876 81375
26831 32575
14872 37811
76050 79817
2679 33311
71896 73434
52844 92572
37685 44312
44613 77021
19796 86154
13400 88258
24789 45876
39746 60444
70238 91475
27671 58750
72013 75417
20595 25338
5703 62224
64390 71027
40838 91734
731 67916
42746 50370
31267 47334
7160 79243
52123 68283
54342 75565
46333 82426
37088 83164
14219 93959
20449 92469
63127 91834
6492 28545
51426 51760
8003 30670
12970 77056
24906 50974
7459 92506
32012 33373
4496 84075
40759 55881
69477 90453
61595 91954
59892 93856
2754 85310
57017 77868
47472 59827
61695 66895
41401 76908
39571 62060
8390 60948
43714 78618
63446 93137
18406 75990
29165 84559
70280 90923
47230 59852
4950 92972
34178 44844
39308 87026
34501 56776
31302 59206
21937 38718
58498 86322
19370 78634
55678 62476
37302 91678
45471 51937
10863 16437
41632 75847
33485 39862
30245 63841
20288 59549
3944 45262
30086 81660
25463 83457
43430 51114
26248 87598
20349 75526
22096 47724
32394 73080
55992 56986
39708 44870
57245 69752
10159 42032
56838 57410
57985 82353
28473 63899
5869 14142
91162 94116
12316 93442
19545 74919
42493 84420
30109 80562
20444 88539
38840 49247
15225 49636
57484 92762
85223 93828
41856 56481
14320 94055
26620 59119
23039 42090
18398 72780
5349 11829
43446 93464
33172 77634
43227 77134
55181 89272
25377 91617
4114 17884
16902 21221
37074 45824
16783 28734
52086 68701
60159 69819
49899 70160
44421 93940
24584 43561
46527 79104
25298 77051
23637 60704
5114 65695
5621 37060
12531 60919
10549 82340
38150 44267
44746 46571
48733 80606
77191 80421
70188 81822
51713 59679
47465 86926
49135 69890
63393 66279
16702 67781
1009 33443
52240 91525
53169 70431
49377 90172
9587 34747
48598 50755
23075 38134
36280 90899
43473 94519
23386 86678
39581 65230
35886 84082
19041 78816
32063 55598
23356 24091
32292 72407
2365 93180
2927 59474
52662 72748
21479 66883
19586 59870
55521 60457
21940 41459
76405 80328
56974 70788
64214 80078
35529 37082
4347 34014
30748 93920
53501 72302
35054 66879
11865 62164
72092 72919
19877 92827
61737 74692
40082 50673
70041 91150
30487 82997
47859 92024
50189 93847
28335 46174
14990 40473
39299 83157
17546 47044
14133 77504
65586 85993
12632 80103
15019 83605
71551 85371
3601 61475
17394 41658
11347 21424
5800 7313
24267 94892
12147 53217
3940 14045
91441 92374
324 24961
32712 37817
22759 65209
3859 24991
26699 62688
61980 67382
22298 43740
19719 91692
58843 63624
1362 75351
46270 65449
27865 87551
16521 64833
60411 75065
15499 55762
36294 48341
21767 81019
6753 36684
20677 38835
70685 91758
35135 92305
18848 83571
24783 37292
30970 40998
8040 23053
37409 87703
35855 92831
19177 41652
43200 69995
47523 88805
26845 68602
29556 54673
49172 84263
18620 31847
42036 84407
35128 67231
249 51361
30301 51683
38186 57054
39430 64740
63060 68260
9516 26045
27824 88206
3926 14044
22597 35849
18796 74247
17738 58661
3721 32135
72562 89474
12652 45247
11614 63865
30990 92736
24009 31936
60172 69870
29638 84112
15220 33033
20443 94053
8434 60728
7690 86064
11988 87159
33906 65248
41177 93435
32973 41732
60403 60823
86936 87824
20821 32840
48564 85404
11039 36995
4905 54286
26297 60451
46987 86587
45632 53378
51381 75727
42277 52464
13286 36065
111 84701
58451 65609
7891 50957
39462 50400
2721 62229
14332 85667
6735 92335
63928 85177
23236 36135
71686 80494
29119 77345
20921 71373
5512 88055
31617 64002
36052 37246
40133 44607
13532 17781
79792 93222
62528 65174
55922 77222
22847 53918
73778 79211
41141 65261
52702 69642
73730 90292
66998 93725
53054 92933
65056 79015
29004 62719
1377 11573
53527 81218
34586 56915
18156 24590
1014 85906
81227 92622
3569 65268
68663 88488
9112 19594
17348 53185
8904 40125
48666 69710
16389 90400
2497 24161
9020 55186
27169 55696
36882 49311
55544 78530
21206 26311
19622 32626
24921 63078
6680 80971
35168 38763
60552 84047
24960 31367
90651 92691
14449 82798
15461 61693
68208 70499
5652 40772
50741 90664
63137 93709
13212 15668
43241 85714
10872 64465
53327 69430
3406 53495
38248 79721
1896 69450
15465 91822
57430 80768
24386 81834
72853 81816
43659 58617
28780 59282
30536 72963
10985 57221
19448 54284
41905 45148
14724 45251
27263 84516
74810 77540
48678 85586
55476 73304
10404 76373
29770 61233
24133 40650
21700 57203
24442 69154
9139 18386
27720 61320
17001 28585
2343 21528
4276 50298
4301 41372
7702 94604
65493 76735
9551 24198
68540 87930
6525 94864
5707 70687
8488 41701
45055 84517
799 78179
18932 55995
34923 47109
50264 87933
13661 85047
55262 79603
51058 78167
5982 83896
54185 72527
76367 90644
7492 55186
36753 71659
854 71645
25090 89590
216 43752
14221 68792
8352 70071
80810 84076
711 62514
50635 57503
20885 25543
75335 94454
17475 39780
49002 92365
28049 89418
42809 65561
75213 80515
28222 55304
15423 42804
31960 62971
11583 31265
50090 88894
18642 92237
23571 30693
41393 46354
43962 84032
26211 39759
37667 46466
13808 35297
36782 93769
42484 54026
27106 47944
19424 71473
10837 62849
89813 94541
33319 36456
78251 88130
19450 27475
24691 33044
28814 87956
9296 54470
3314 36787
29034 60289
27619 67230
52252 78097
8843 68258
549 39708
40427 55313
24754 28161
36038 91208
46162 48754
40321 76644
19204 91867
10350 11829
3004 91946
31165 50544
43623 75190
32500 61657
56554 71402
49508 65256
51516 61644
23529 25357
37063 54617
11271 90087
15783 78894
5940 68236
27639 93482
28468 57358
64132 82293
46601 81516
17289 71240
30848 90720
5002 55469
32661 41608
37941 39817
15170 74151
21372 45364
1738 48003
42462 58187
32515 33535
39682 44699
64101 65211
49514 80203
67524 73624
2995 46858
5883 59430
11523 60574
9197 90109
31818 94701
41048 70606
23593 94139
61876 72684
48363 86593
28817 63404
39434 56032
15642 24487
59494 67393
13148 13751
31006 68789
21068 53824
56615 78904
10357 77681
84506 90410
22853 81426
42308 78382
54925 63287
55029 84558
4345 33214
47883 79287
71660 93617
43273 44366
28816 48794
18908 29261
39166 81996
6100 8393
38647 83576
26606 42052
14276 84462
4975 43938
2138 83495
41972 88640
16334 35495
5544 52237
49349 49932
61302 63546
44667 90668
44603 65203
2186 70304
50908 63497
21739 81885
9014 77151
10679 45492
54837 56468
5065 72475
25748 78623
5213 25176
68262 88960
46783 74550
50583 90843
28305 91209
24723 76031
22679 30762
75550 89997
57117 79846
19104 59787
26153 28502
52962 94084
11801 32145
14620 86611
19280 45157
59097 82396
41492 61326
6330 63620
65825 88831
8624 89401
12672 22465
4146 89183
15525 82151
41643 42250
29625 42707
41630 76919
67681 84145
37248 86623
49728 93798
11623 34389
19173 61374
17267 21382
7248 38597
8265 15451
83118 85138
16653 94929
54854 55662
10157 30688
33898 66676
41626 80728
8065 82618
30099 87625
29898 48822
5139 35565
10832 73278
17840 28831
2722 35441
34942 91765
23091 82324
44034 63403
52361 67177
13755 34519
29330 94277
27799 70388
30948 92771
20914 64673
40246 41118
11314 22682
22483 58988
62964 67606
30425 61943
43512 62294
52503 79862
1260 7115
74422 90606
18945 26715
25957 48590
1538 43893
3838 12054
60447 77287
5975 28584
91969 94272
19531 47281
26907 78294
73483 86025
61091 85024
11221 91592
22436 70440
18693 40136
16400 73402
34866 85475
36531 80526
48091 65019
5384 58108
25248 28451
32946 86871
21634 93776
49985 75340
55516 80170
74490 93316
61472 62785
24713 52033
25054 85738
29220 33700
37391 79422
18123 65943
37413 52859
3447 25242
6435 43307
17118 19864
25584 38948
42147 70719
7871 56797
75796 80820
10766 64765
11747 90591
84403 84602
7535 45877
36631 73771
2052 3415
46105 88099
35799 38072
8585 55912
4763 8678
34937 42294
21927 65073
23324 53020
55158 93539
54698 63862
84178 87554
75830 77788
22997 74525
69165 88429
6513 26612
15201 38953
25960 88752
7246 40615
60144 68490
16807 65091
21386 69151
15547 48049
29250 94100
24131 72140
61430 78311
37916 70421
6080 37988
20810 79005
64020 88455
12852 23870
31554 32602
2884 71401
34597 37566
48027 58776
55192 67982
50552 83616
33750 66758
19067 65143
10130 10942
1853 25588
84960 91610
4517 62962
20143 94019
15687 58007
16621 54778
48178 89892
38510 68603
45272 79899
27703 81213
16564 83588
62721 86795
78423 87413
6742 70034
32082 83730
54285 82550
26079 92227
36856 91937
14835 59850
30312 78155
61353 63690
37493 58640
16123 85602
9124 60055
71084 73315
50677 93986
77271 78755
4839 66014
40736 79307
15333 84702
48867 64916
18871 59920
8819 37556
19629 60891
11499 84249
7691 49021
34692 88585
54031 75007
21486 74207
16706 56596
5496 94787
15965 58104
6552 16822
21195 83417
28469 84873
27025 81158
15393 88233
67171 85983
11506 59147
11618 28627
15677 32250
41978 89658
17158 48979
60843 91301
21471 77868
27870 42096
37065 74539
53456 71911
13043 94824
34405 78505
56986 94468
9107 20726
1744 82332
74927 80671
54377 65776
38155 88135
34788 82133
5007 11471
30059 76748
2019 59142
35851 52932
73427 77247
42140 73520
7135 20353
3506 56713
12262 39034
9145 23426
49630 85088
32789 41676
34611 77949
29597 82017
32390 72514
50255 87418
38780 88173
2460 57378
18424 88201
36077 47836
621 57507
35496 62933
38914 71167
568 50592
7643 93949
38991 91591
5173 55292
32399 32852
11554 28593
13936 34749
9775 52390
4354 40392
69697 83627
15340 23482
22970 59409
32557 86243
1345 28254
61352 61881
8542 12428
58827 77957
53211 79708
31401 71743
14449 47541
52445 85535
31984 83485
33874 92318
12017 25464
80306 87862
36643 51199
56135 79459
42636 74951
27866 85421
47826 90859
282 50439
20621 29090
18677 67206
43756 58111
65310 75717
67758 94360
43620 51815
17732 66615
53978 90278
25704 30006
29236 62769
63324 81787
1748 30250
51830 73577
6833 76081
15682 62466
54371 69669
31232 94536
14680 23897
47367 68599
4358 92672
48529 71379
58533 79195
38207 62329
38823 44921
20137 87137
2616 37856
35698 55369
19699 81970
33205 50208
17655 62957
12035 26075
21198 42406
69235 75738
6108 63575
14611 78691
549 4323
658 18424
18477 33973
1538 34836
31466 63198
32100 61070
45208 66444
67450 80456
47248 77118
42002 50257
36151 61315
20210 23163
22703 90214
5076 45081
11313 12112
33453 37000
52957 88133
51105 76759
14162 34193
19814 94779
16415 54954
12598 43302
8641 62781
28363 87737
38844 58476
18331 38118
27610 66802
11258 51296
37356 80463
15056 22444
23098 51720
13237 18348
37975 39270
883 31490
36524 60255
39905 57707
32851 52964
14935 16137
31878 78359
58540 62144
16676 75103
25695 49950
7664 21378
68228 74832
45493 86123
22580 70150
29224 87132
2697 88939
30360 94833
8767 36611
6266 12645
9135 75795
91616 92987
20056 47612
19799 26896
73528 73941
18058 86171
2863 41510
57614 58639
33730 54157
67991 85703
4384 91429
15740 41925
5462 34230
21852 63763
33624 51051
38082 39336
46084 60539
37036 90227
79627 81960
29047 49841
28579 87769
17558 26702
36170 50144
18696 74924
787 74920
31907 54474
63519 67654
14860 44379
36901 82219
3404 61195
22880 65468
2405 90953
17814 66259
16550 33989
38404 74142
63688 73802
73503 75115
81961 92652
26687 67313
36648 51646
33783 75058
26602 28297
81895 89308
12097 58441
42739 44623
702 62546
47063 66647
10632 65785
6133 93059
26052 64048
17151 37056
31849 83145
41240 56751
84323 84527
30371 65371
7635 70609
55740 88131
1920 31127
90262 94061
46294 47333
48127 70987
16268 20439
7278 29653
51968 94683
37025 75255
4048 30783
60211 68705
11535 87362
4869 26951
21445 73395
33185 80309
861 14521
2957 26691
13700 56727
60784 89025
18277 57496
50715 94366
76625 88370
16219 71209
10574 84396
7408 46898
9011 79437
43939 58203
28776 35752
410 78900
9509 58750
33480 90406
59230 94394
85892 91100
7959 10489
14090 14664
2871 71371
14235 78057
45095 45307
36915 82366
24506 30976
53749 86348
19297 60134
18748 91429
52298 94934
7064 16812
43133 65672
32961 81395
32894 49096
6382 28756
34582 76638
20314 52702
37610 39253
17570 46590
7286 18249
6601 28131
4861 34699
69425 87228
15847 80903
14106 89753
56584 79938
39490 82315
36852 44848
27399 94651
26376 48496
19854 41537
80577 94880
17263 79608
86627 91920
23568 76819
86314 90287
42177 57025
20056 83388
43360 52825
12012 73490
16138 79541
48320 68433
1434 70144
36799 85345
70742 81006
8234 78261
5589 40254
34888 79655
65305 79926
36339 54253
15184 66328
2537 39198
23326 74870
10021 78084
71984 85136
65516 85594
22935 79799
35280 60038
52189 82008
29568 46862
35497 52274
62335 65115
43059 59317
9126 92532
35680 68884
21722 76702
14100 23988
24136 37157
33122 63838
19912 46438
33545 53518
6143 91959
20589 44625
8475 72909
28850 64334
3968 67698
22314 40865
17478 76353
12245 33395
12371 47364
25123 26468
89068 92244
16613 84233
41182 65544
69177 77388
285 3255
75644 78266
16225 38357
391 46494
27596 57785
58528 89989
18842 66350
51649 52111
9972 27870
59518 63434
18659 87369
33778 44528
38099 49505
21790 53354
2778 35148
2975 52382
25907 46431
13249 51492
4045 51369
54973 74664
8887 89283
7523 38970
53584 81954
53096 70576
45302 83331
50396 77464
26394 29090
39863 40224
2237 19550
74768 77567
11053 52898
38770 49524
22787 59844
10020 67072
50985 72082
29144 82695
73724 91870
5364 70289
52122 61884
86023 91348
53849 89816
10603 11403
23225 71160
54230 69859
3053 28629
14999 90819
49019 75862
43898 60795
50962 79559
11203 42951
35735 79774
3370 72260
39968 90336
26406 55439
3780 74757
35968 39211
12593 86805
8823 91760
48100 66518
54044 60225
40421 41049
3865 17583
9929 90337
17921 62823
83881 90628
19891 94187
45039 84914
45 41665
26860 39351
34690 78192
11734 64025
51014 57020
56553 83016
21569 58128
49112 51206
687 34635
32778 90535
58924 85407
46334 68602
31446 43993
91767 94566
44964 49737
36351 75213
29683 60259
7873 82492
65451 89827
65123 75895
14102 61897
9195 37711
61876 85520
5693 70931
57225 94814
46036 76849
33194 44403
48005 68283
25606 62773
15225 16915
6079 83060
2669 6050
56640 67027
68040 71943
63358 71902
32070 50779
39689 75365
5385 16673
20837 85979
61787 75119
2400 79172
1437 22958
11046 18860
17926 84866
27975 62381
449 69840
15982 94596
44458 44696
25862 85183
79734 92687
18420 76720
53925 73341
1288 7853
37160 76757
55822 68367
6461 92720
46707 67839
15801 41500
8920 12730
23054 27855
21635 56050
37330 91082
75372 91104
25181 45933
30511 59604
30537 47957
1894 67530
10302 62823
63907 71896
10327 59779
9800 25341
27176 93663
72391 80733
57787 66399
58503 82368
16360 32771
58777 69365
21858 39711
51819 91889
34589 71832
23600 89655
48799 81009
78793 94796
28725 77968
49357 72974
21531 68528
6680 90734
35687 47169
49435 89957
4065 37649
8502 46486
43767 71192
13171 19691
45347 77796
10750 80947
29943 47644
64081 81055
29170 53549
49815 85462
24396 60110
12468 39815
87762 93851
10027 27613
85853 87650
10159 85792
80322 89986
10103 94274
38489 61665
19593 41792
3522 92253
66787 70192
34220 88950
62828 85477
614 64946
14885 73415
49511 68322
39503 55450
10318 34172
51404 55299
14861 46868
36484 41353
9312 32396
26020 90990
36447 70249
10311 18303
26275 68616
74934 80108
62666 92932
25669 72370
14961 42341
65734 94357
2356 73570
50777 86434
33634 51894
11350 34509
3323 48750
37953 77864
18087 93836
15844 65616
58588 71080
26137 33246
34241 34655
9844 21870
19801 90467
50240 59828
5559 63277
29136 53344
17559 79408
32203 56150
40850 81025
17850 45353
36712 36905
55885 62969
3000 86130
30633 50961
18213 22552
28360 58775
7432 69111
35576 48005
13129 75599
25822 90900
34332 56660
39042 90275
2050 45658
57367 94277
73750 85642
6904 79484
53542 61065
19476 47259
60288 66228
12192 43077
21617 45563
6954 76590
45566 80241
31842 43145
54016 83827
26619 58535
85866 92201
12263 19890
21613 46671
4765 79329
73525 93470
44955 59038
34115 47044
39558 81034
51838 69834
52271 65543
52843 78234
6546 67059
15594 31620
65001 86823
6208 12006
10531 36834
14086 44604
72557 76750
56085 82508
19812 56112
40198 57742
43120 94774
60662 73249
49828 68275
46193 58780
1674 31091
24075 71676
50590 69118
6412 39297
25684 81390
31072 79255
42510 47066
35370 80765
1999 6559
14824 60287
68521 79182
55220 65682
21906 29562
9301 63585
18961 43259
21235 27177
29297 38061
5479 7380
4179 4517
48253 86720
4093 50962
18581 65848
81838 93022
15540 28768
2088 27433
85056 93918
68126 92117
8342 23401
57524 82514
24515 84141
15302 76819
18535 93904
9955 43486
1064 32643
13656 27954
56290 76627
26686 35304
66778 86354
67917 72759
42731 92224
34484 37883
39050 62440
69017 93841
10967 66431
50323 72162
62156 92941
49853 75268
8478 16269
69974 76970
22529 25111
42759 48213
4792 78329
734 79131
21510 82082
54726 72972
45604 93318
28588 84657
47067 74298
37753 76786
66136 67241
49026 59003
950 14933
9769 92103
1986 13531
23182 44779
29061 56261
56924 80303
42524 84442
77367 93415
36973 53155
1367 20756
5574 78095
14344 39062
1525 12027
41426 77142
19592 50254
6560 30534
4115 69188
48511 58776
64482 68192
33759 67703
52773 57547
26518 40458
46001 49909
20551 93989
10200 36774
32598 53920
19869 62599
35059 70345
74117 86673
42884 77076
3456 27516
2501 10870
9413 15145
40579 61866
27002 31241
3429 76159
11770 74422
33098 63336
573 21309
57333 66504
29541 44203
29541 57632
12273 25192
34606 55332
3825 44826
82394 86177
29146 41169
56152 78338
7933 22410
11436 28302
33131 49603
21786 66855
32552 73023
6759 25750
6605 71749
509 84012
6123 69177
29478 49750
16713 87734
52864 84118
8493 92238
64997 87562
16879 85912
17083 43662
2283 53718
28036 94042
22980 76225
6585 64971
151 4660
56445 63099
33696 61788
21366 67191
22213 74683
24369 29927
5856 94848
3029 64908
53693 77408
4751 36316
2797 20209
52236 80848
53313 79873
21576 89905
237 48003
8970 46796
10699 47977
24156 93615
6518 24810
56581 88902
50192 89098
13355 88147
21179 53478
24040 88088
51991 76033
23903 71245
56826 82805
30621 66755
12268 21102
50592 78318
55716 93063
28668 58415
30524 84426
79563 79838
9229 31436
21576 50822
52176 74403
23528 65433
70905 78994
45846 81383
25571 40401
57228 77718
9843 59346
7019 71629
29020 65289
41713 51684
52637 68867
43323 86756
51494 80587
56864 92359
1188 65123
1311 81623
5086 80070
19353 56981
52896 62961
23920 49327
39766 47900
5382 52339
9027 33984
28628 77719
9603 14218
24638 29056
55545 67365
38809 86754
10017 14779
16688 53709
10185 91837
41992 70098
39767 53831
34187 48091
7321 19832
6400 15141
27093 50918
4444 65969
37775 86420
72978 89886
10898 58990
16043 39741
39384 75125
53482 70317
30612 61410
45626 82828
28419 46853
8821 61952
10262 16810
69392 85169
64202 75512
19326 61479
21705 79703
11830 72194
41263 77169
25609 85149
36212 81632
25186 41067
26203 42300
20863 74156
28606 71525
26518 48689
50321 57036
60036 84530
802 90454
23345 39000
8918 27396
25970 51835
5037 66905
14479 91957
17013 29730
33691 47498
41253 62138
50901 88089
3830 92357
12791 43168
61001 82849
7360 23534
66283 80521
75497 94031
77626 94262
75484 90854
23498 40130
70337 88099
8759 20221
13369 87808
80368 93002
7540 89030
22886 65034
16935 77329
76463 94023
73308 77792
9343 51844
75256 81161
26324 80748
23347 45624
524 23180
74443 86635
58725 63799
30340 71067
28583 68347
84936 89741
63850 86587
44835 84280
47844 48209
1952 68612
92290 94044
4598 72654
82129 86911
3391 17788
3671 80179
43352 65269
5627 21122
32122 55673
213 20376
42758 54195
32792 91607
43897 55290
38257 56533
5335 27284
21336 65322
87823 91729
64291 88114
48356 88564
29966 55477
40111 92008
31105 43663
21210 31539
37821 55280
34465 44226
870 3704
795 59020
1620 45885
41007 79857
36548 87552
16247 41318
681 54903
74107 84877
23048 38146
58160 61139
19054 57387
16605 24941
53315 73215
2322 46060
31223 41958
4999 17029
17584 20971
81650 84317
39654 41872
63831 77978
66007 78470
30703 63440
30 88853
50115 92771
48621 82126
37944 90657
58868 76496
29478 55320
81329 81619
28299 29529
29433 73296
69300 83700
2138 10864
45955 46179
24619 29283
15609 82997
27332 77652
46048 72449
73473 81682
744 87830
6587 74278
29266 45670
65610 72665
13815 69680
842 86085
10059 43505
615 25099
5174 21712
14837 35645
63225 69898
36037 45624
57112 58034
35654 53673
38495 68369
50516 64519
30455 74823
61584 65039
5218 20891
61813 82847
82048 87413
27143 37002
55325 55365
2234 74016
78799 85624
34626 41928
13787 32361
47553 60387
38358 72891
12783 93042
21289 50534
28406 80499
8469 22691
25838 77316
7721 76222
50427 53565
60500 78655
49492 76372
17951 94705
28038 76429
26574 86923
9313 20457
27725 64214
18625 74571
55924 87072
13081 20994
38227 89318
22552 53454
37679 55174
25570 57788
4245 69140
38913 47701
8218 29883
15976 48597
27912 51298
67985 89092
32422 83495
2342 30834
5950 8287
10190 28790
20687 44165
32283 74279
12703 55698
48267 61350
52280 68336
37787 72802
1662 81588
11587 13890
3790 69886
80132 83134
46179 82461
17343 43968
28944 86186
1504 70813
6573 45897
52754 70483
7070 42252
33755 69404
13002 31123
5795 51170
28169 79804
41062 84428
38547 79350
21607 84794
2932 58698
28371 29780
7845 45926
13281 39966
29929 66559
42199 51570
55236 67017
14333 65525
72893 91594
24781 43940
12108 57893
44096 49325
16638 93997
339 9888
13857 73880
5018 77263
5471 74682
1534 56282
67985 92218
37467 42930
75147 85006
69739 78304
509 58686
5717 31466
51861 91622
62980 71486
19220 31965
38497 57682
22963 52500
32795 57811
15402 25821
46200 83361
29703 89519
36799 80652
43396 86886
20314 89346
11484 64377
23910 66917
6280 32783
32959 87209
18447 54654
52220 72808
82095 83921
25258 84095
29704 85230
32173 51590
18588 25672
75134 94075
1609 33184
32900 43219
21441 81718
31227 84503
45759 75528
41478 63759
25058 58288
83269 85019
35373 45371
30606 66421
12736 74811
40309 58601
20318 77027
76693 84849
6568 27871
18132 65893
8262 22926
42811 86603
18651 86190
427 31757
60582 64335
14466 48442
16319 51440
21519 92213
27390 68853
3135 12136
28824 37473
43981 84571
27590 44120
46428 69697
40599 94663
55205 87895
7807 79573
88988 94339
46 31452
11809 76638
7567 23990
12630 25507
44772 93198
33651 77097
56402 74950
798 89983
7749 30993
35638 44845
19788 40913
58878 79017
11052 11854
35935 49989
33375 89048
21553 85740
50278 64960
70507 77935
29717 69182
29680 86386
26838 77484
32867 46137
49276 68158
1532 8742
11869 37807
38075 63134
66380 78469
86002 93150
19713 86748
11237 57480
40818 80023
37119 88635
21591 80801
29321 53905
22976 56634
49785 62152
16099 24446
25529 39588
4202 81199
49679 66008
79138 80308
39900 40288
18779 48494
19224 91087
23671 59879
33109 93101
17188 91062
1676 8956
44457 79171
7080 23359
23978 94471
7605 33627
34486 88200
21901 59803
3703 7196
37733 87093
63222 87405
30861 35166
4860 90106
59355 62419
62576 69782
13627 59844
31106 92265
26375 85487
10177 64565
22794 29422
41967 85380
19168 82833
7708 83731
13789 34830
45245 54636
24871 30729
3140 64856
28089 59621
42322 52318
3261 51733
37243 45390
37274 62679
38188 61387
1063 40870
6737 48506
30237 70448
33413 50882
31634 54590
29936 66270
63367 85071
57948 68066
70764 75264
28902 79470
43035 71544
18872 56894
15342 24447
82450 82468
85803 90442
31408 64505
20943 34275
27572 42092
49237 56269
4166 89582
52343 60341
25871 48187
48530 51403
9542 55092
65054 77030
40611 65095
11534 63982
9330 65140
58715 92048
14493 43754
67435 91226
933 6908
80516 86325
59180 86233
22659 82287
19552 60426
30099 40017
36750 67864
66468 73546
2443 78050
6288 63260
61101 83580
24666 72888
22589 75888
4905 87261
87082 93823
23667 91316
59206 75200
42755 45622
61880 66103
69149 83608
23514 37761
14632 91619
60502 73339
36630 79303
54913 59890
43926 74149
29581 66351
44784 50096
32563 35367
31666 62756
263 25147
45197 66876
16318 53737
15722 84436
4308 46529
4441 44006
10273 20119
25522 36473
4084 57627
3642 65334
18722 58426
16362 49315
32844 71118
26904 53405
31257 59463
87902 90209
1906 58444
18329 28603
6967 13781
17676 35472
15885 23168
2088 8216
57197 63469
11623 61609
64305 66259
2411 39406
15784 85837
45072 57352
44464 60117
16236 78535
6631 93574
30936 84305
12827 69761
15721 44929
12962 33572
23905 36531
37451 51332
17418 60682
27904 43464
28904 92038
48264 88457
52075 86961
55357 69801
78961 91898
79813 82896
28421 29355
11049 60335
18797 75740
11736 78662
29927 42489
12655 52190
17467 72074
47817 59220
52890 63821
39025 90267
31901 90126
34009 46287
21392 36822
35317 78117
45067 78417
23770 79350
62548 81336
32884 46550
8881 47067
3499 21668
36617 54956
62489 89895
19939 68726
2345 22790
27861 73581
53786 66141
46559 59585
11836 52341
4867 80289
1356 93728
45688 83910
53623 94762
7897 53064
6925 35485
52470 91552
17069 70712
7784 30616
1161 79762
52436 73376
24481 81090
8443 53087
73623 78304
567 87752
35511 62519
1072 51512
50679 65739
15252 23356
87087 87955
6087 81698
62888 76661
20647 86684
34547 89048
19549 56682
9688 46546
42292 90526
86991 90691
51426 94451
46914 92009
47188 77234
2924 85532
65680 91930
48250 94346
19201 71734
76441 92246
70483 72425
32058 85018
21497 92613
64727 83177
15250 50429
14894 35318
31021 82457
49315 90831
25934 27036
49710 65344
45174 93570
34209 74535
7284 87854
51228 57582
31604 47192
5286 19647
60616 78874
7796 76024
27999 61630
60183 78278
25909 72124
8880 13884
9257 84924
23492 58939
26911 74922
4170 86402
90408 94722
39977 88111
39924 70253
24033 76408
74333 85496
34083 90362
32233 53371
26643 67026
35677 64607
1421 53662
35664 70104
23390 76114
3605 62056
6619 83483
41280 74957
67632 88562
34873 85472
26486 40372
20754 93100
61208 62813
3774 67412
50660 56953
20921 48691
27831 66388
30823 88438
14304 32571
2741 31969
69938 71401
4977 10795
16180 27958
41924 61363
71693 89941
22021 73631
39508 81264
30775 89261
80562 86706
13428 67554
39902 57381
27206 63196
44475 80662
13320 80283
15689 69077
9551 88585
5638 59883
34664 91537
6613 56227
42417 69698
4994 90525
11893 43149
3898 13369
47425 68803
37308 66943
45789 68743
5612 53325
9016 20508
26107 72548
53549 92769
71648 90938
2542 74851
26845 81912
34488 38226
19931 81623
24609 33073
20108 25250
16153 71422
40315 55923
67942 79258
7510 82845
20516 91638
17742 45401
2462 47758
36913 69351
2837 27709
16302 69749
25137 81069
21718 93033
12829 79934
12709 29580
29865 82610
64064 74391
54231 67062
2961 76972
67266 93281
60028 83794
55155 59541
28853 39993
5342 31808
26852 55214
8046 35649
2240 86662
31038 58044
5233 50659
8536 13987
23735 29625
56244 84383
11104 21382
56495 89736
16790 32022
38881 88980
60336 68277
72597 79393
8351 68936
14057 84713
60358 78807
68065 92045
9133 47915
77912 84970
14081 86066
16792 34323
16444 28584
61921 77525
34370 56256
58955 73012
6563 72488
8064 24662
199 83896
16542 85569
59943 76944
6602 31556
43939 84917
50282 92965
23000 62374
24517 84172
61455 86718
70012 94908
14646 34028
23151 60503
23454 33228
31135 52306
19536 72972
23678 50915
39569 92451
82517 87952
21711 55127
4471 59591
14022 46028
14063 78990
34371 66673
24393 72468
72638 80353
36404 37059
67240 72053
19476 44049
25300 33842
39319 57455
36917 87790
4936 26101
44185 44732
70276 79639
21802 68971
58580 85632
3276 73133
16274 88348
17221 47122
20368 43777
2040 56535
34776 87110
46450 63601
52461 88852
6501 90895
20600 89644
37926 38808
44489 77966
80976 86657
44395 94337
28717 76412
69085 89581
42796 80668
6424 56798
62260 62533
37545 93390
19645 92277
34837 78558
37523 87740
26363 77391
37523 74254
13743 14102
53309 92713
33559 79988
50453 73920
66523 74929
49276 66706
72084 94114
29297 62878
69003 78615
71844 89807
48877 92227
63827 68731
18624 61520
71078 93046
30876 45109
73892 88447
62914 88724
47033 77771
14294 26572
37993 47398
10946 11282
39804 88995
24568 28650
63688 67755
73749 92662
28132 74725
23568 66223
7607 12922
84532 86787
24501 83328
63926 85134
15345 27094
50160 59362
28286 68848
11977 66946
66214 86844
55307 90482
41701 74870
38819 80207
50876 76717
32016 79415
1727 86130
13105 68657
5923 66081
47738 94320
15519 66417
20579 92626
45488 84673
6787 89267
63782 91733
83897 87265
11844 47521
7086 67766
1978 14674
13565 42481
17705 39137
59858 61994
5804 20618
80717 91221
83146 90167
11699 69470
22322 50578
61388 88401
24520 56839
6143 77566
21287 40802
52786 76282
27725 50638
42082 67742
57026 69796
47855 94247
9813 37014
617 48527
6864 66990
39600 69882
27259 87149
21532 71000
55339 94759
45200 75005
46829 74516
30570 43045
36706 87422
20853 83931
47885 73923
25547 65465
11193 61157
48687 53847
68840 74563
47438 79745
1334 89670
44146 67761
3341 12416
69694 76596
33150 73230
4040 56573
23978 91091
48339 80852
15186 26257
2432 92651
7867 38108
79453 83794
84762 91727
7481 7635
65511 80063
674 31268
37362 83632
78138 94862
34196 71756
21408 35587
47825 64388
68456 87589
6198 18656
16368 79716
73485 92898
16452 20256
3580 66552
1850 38611
57577 57808
32568 46942
13956 58377
43478 87830
25838 66761
22386 57653
71689 75074
28451 72797
29350 60713
35385 94469
36780 36796
7568 72436
31008 75139
75511 78011
16 2289
7017 84960
35028 70671
38614 52589
92632 93017
38988 77184
41300 66805
34788 54482
57798 69205
40287 42790
26143 41704
35444 71666
45398 59953
52295 62146
16899 21703
36188 46339
42249 82834
36106 70508
84076 90233
16279 64805
21098 50861
23972 44590
12324 12559
31513 67233
21424 21425
53453 63049
26521 43220
70993 90371
8245 53588
72727 76026
29054 49025
12185 90415
61105 83875
16862 68096
58617 73905
12763 28848
62034 89531
19142 84712
23740 50622
41245 44699
11775 67333
54132 93781
67216 86426
23161 87243
36948 41304
56378 81344
34721 64223
61922 78186
1470 47657
12594 85621
36866 83577
51808 85102
9257 11642
8359 35569
25448 25951
18508 90436
55599 85625
8854 45180
13219 83999
15668 21280
33857 88849
52854 94892
31098 49457
418 3181
46323 78267
55924 63587
12665 51838
11929 30438
24874 53154
81776 89703
57306 77322
2958 72190
4360 20735
46140 65629
31690 82656
5029 49034
20154 43454
12804 76280
2527 7591
35235 80419
38700 75749
25148 83326
29038 66874
23052 61844
47279 73771
9319 12097
64434 86531
16658 39748
47916 64270
22918 57103
75251 75958
7151 84908
67543 73877
71878 73277
5644 40066
58177 77186
6159 76522
38611 47069
15115 59018
60774 94461
42455 64503
4577 36594
39870 61446
1592 30860
24129 91099
1508 7409
78545 94619
32094 94607
23192 43915
57656 90561
70518 88366
35266 61865
60385 90196
12108 47735
22968 40040
92791 93819
407 37754
15748 92561
25766 69250
1032 25771
23072 74506
78493 83064
18283 39421
7625 31749
30189 83680
67652 93180
27779 60670
22488 26081
7135 65898
3228 46039
59894 74900
5346 81335
52928 89569
67282 86789
12133 71208
40343 78950
44322 86799
21321 80763
18827 72663
7302 61986
56378 86397
9817 39377
72811 82194
12632 18084
10141 70568
25051 40723
6376 50722
14083 89781
9952 73627
11689 37295
25795 83988
45421 79295
63206 92477
31664 91364
61998 62417
31515 86577
73567 87145
35008 40244
37899 71967
45741 59281
14585 42532
10811 63350
13627 67204
17082 77362
9451 72856
55811 71941
46886 73472
29346 57173
31283 35268
51000 56682
66196 67226
44885 73485
72838 86592
10553 66074
44947 53833
725 8656
74487 78442
25132 91546
68958 76600
51408 65331
24501 54333
50115 64465
43446 57023
73257 82300
9853 89135
27042 44223
9286 75165
49915 83897
4557 49736
31478 56610
28259 73710
7269 33888
36647 64411
34342 49503
7216 94690
7719 45762
78547 79427
26886 89253
33878 91242
75907 82670
13295 47965
2333 38891
69341 69640
15888 50078
42322 54899
14490 64619
13308 39555
39561 70414
19827 87401
32202 77210
34004 67883
26129 48756
43884 94798
9211 22545
14133 36405
32001 64625
57156 75685
25565 85509
11626 31319
19098 35245
32528 35670
57034 65186
24595 66556
425 11357
12920 53973
33444 63765
7060 35856
58973 68301
62441 87267
10931 20147
15920 62929
28306 63679
9204 39794
21657 94284
82062 93529
58655 65854
22759 84349
9658 27819
60234 79003
69922 79223
20262 94513
32278 93107
7845 24926
8525 48204
24902 79917
6578 29835
9547 18755
83867 90612
81702 89231
22293 86072
42807 91408
9536 50650
11411 32036
77091 88118
1025 7396
20795 28966
62140 70648
11098 14254
33607 81076
37867 87892
36061 58922
52881 76235
35374 72194
37971 50597
2008 46102
26134 67760
51015 93166
1978 93999
56386 72952
25210 38677
1264 1686
27045 27499
39650 80923
17801 61353
39781 64581
28813 39375
8802 24425
31506 41573
861 55898
51824 51844
9372 37057
35313 51016
29961 82671
8222 92998
3456 20582
82930 90426
46326 55656
85933 88682
18595 25526
10527 54423
12786 34874
21575 60890
348 12717
28520 33118
3279 77006
57844 59266
12433 16544
57314 66907
4151 91635
3316 15772
14690 75766
60320 71344
44446 66168
39235 88008
13157 74540
76582 91058
18307 71227
11943 49453
26038 61110
17297 18715
28075 91953
46354 86388
12932 37503
72728 77597
44171 67070
20052 41226
69548 71857
7648 8313
27516 89709
48089 68034
6589 15162
53018 74514
74603 87932
8714 19182
10256 72516
20053 84865
17683 75553
41464 62746
49779 83191
22472 85114
13911 53519
58101 78164
25093 42287
2420 47146
5848 52340
13551 72279
38018 77843
1153 77206
32734 40596
46675 69363
24843 59099
33733 46962
122 76265
62346 68381
48106 94234
7605 58386
9166 42551
3799 42435
61057 80284
25945 66565
13164 32917
51987 56388
16301 66048
9923 81981
46501 70716
14245 34925
24507 52808
60141 91498
24409 72744
26287 66254
49893 54366
35310 47922
10674 83865
63086 92364
15370 30233
9205 70211
40332 55660
7739 34732
52519 92165
36566 54060
78830 80379
31608 92434
2096 42212
2447 65394
51179 52681
36473 38163
29390 58122
26761 70174
52813 76202
53646 94775
24884 63096
33507 77514
1311 78026
14243 75558
2137 82742
70368 91554
68004 90609
55870 63792
2457 39041
36623 60480
32117 74976
21665 44491
78750 90961
28427 61401
29824 78294
55188 88666
32424 92568
4637 82386
12205 21510
27078 50533
51307 57305
367 93761
6480 68970
19180 46840
9286 44088
44306 58700
41026 87108
68332 83395
6223 32049
26864 84438
60271 82525
21812 27587
77196 86287
46290 66217
29245 92047
80380 94767
17674 27603
1665 65379
16956 50540
43213 74169
45999 71495
72192 79105
78519 92141
10362 79514
7492 85381
70920 89732
66743 68989
21728 65908
25428 72493
61996 77451
34211 83545
35991 57110
33469 75390
23275 90239
55996 68618
12710 54448
79377 79641
10739 35176
41527 92964
158 69556
6650 56199
31851 55817
50866 51353
77507 88688
23987 31615
47090 51817
76397 79251
16033 17399
9293 82037
48001 49578
7843 45067
5051 65522
2715 79691
12545 23932
62821 90299
268 15303
56955 76689
31164 35341
34030 87372
558 70521
73495 78415
25457 94762
52256 63010
67069 71079
57802 87682
20531 45346
12616 31205
44328 49271
47734 61824
58545 69576
40270 60715
887 61270
36033 37166
27553 52301
57692 72982
15927 58400
13622 85564
66769 73565
84908 92276
15622 53738
2825 33415
67173 81494
39075 77817
71439 86875
12290 56040
8140 11253
19480 90066
38482 65395
17823 67197
28813 53939
7860 29745
34408 47565
19593 77672
65204 92319
11983 65893
139 6745
53046 64617
6605 78173
7050 35022
4078 16402
83093 90252
34326 51217
15260 69618
70086 75826
6588 77626
28009 94677
20167 75932
41263 79774
59777 61730
1247 92573
40804 77528
37847 61359
50866 93589
42271 78814
17533 53421
35538 85479
54854 65731
19175 28743
17194 68551
83957 87002
20120 65040
57638 93558
78431 79001
24517 57661
41661 41893
60233 64896
78258 90767
67199 69645
2941 23239
22394 41532
6732 61715
12005 58513
4271 64331
16935 48727
2269 22854
49569 66519
20890 32077
37176 61156
29571 54348
11235 38368
24636 25223
19409 43625
78441 79402
49164 86796
783 69299
14349 36995
66251 92664
43667 63658
17850 58692
69047 82164
32712 69145
22122 70845
10512 21652
37023 91029
77031 86793
5882 81816
43478 54044
1106 82402
7040 89489
49971 82811
19577 88540
15002 65766
12 89927
44462 52392
10248 25336
13191 94312
9710 12418
29659 51701
51297 55398
5066 66663
21379 83140
63955 71641
40006 76983
31342 52266
29546 90496
22171 24736
41153 74268
24964 70976
57879 71743
34931 58333
64129 78649
63813 85854
69657 89669
6838 28753
49478 54093
47719 52742
16075 66962
74111 82869
17822 51718
4909 21748
2577 86920
8353 57046
3607 57002
17125 30220
21556 78589
59500 91434
9364 12346
32731 49022
50860 92341
3968 7080
10230 73069
37101 49458
80964 87227
22647 91127
24917 73021
1451 83996
5455 11158
12309 85121
65723 77316
10745 39702
70973 89126
67717 90586
56688 79990
10409 49689
12160 63864
80266 81682
9125 31865
10495 44525
47739 68279
6577 54896
21219 69007
46089 82999
19397 70499
60867 75188
43011 63797
5728 40903
6617 16338
3880 93802
6053 60894
10961 69119
53838 83208
596 60910
20866 90553
25333 52983
42142 76310
1608 36214
27034 68273
22778 74980
34950 86920
16603 58696
16274 60222
42782 87909
5413 14651
33952 72492
65688 90951
24880 81634
28885 47807
15296 21088
52738 88780
62280 77229
13189 74438
40066 94667
61357 70555
45477 65152
7651 71230
29401 72390
23548 66588
20735 54985
74281 84075
52714 72796
44540 89251
27829 42838
23251 53697
79992 85176
18797 32758
30547 54312
8370 39578
9390 12211
9065 65305
84014 90636
65115 84386
12225 29910
9051 76540
10805 80200
17502 77593
9232 70115
12700 91029
22036 49615
87401 89824
46348 94832
18896 93810
53190 61283
57674 81053
18185 19935
4626 50492
15952 60107
34303 39793
30158 92025
701 55634
69918 90270
52925 65161
10498 76461
21401 68447
43176 62380
22708 58780
28414 74838
6049 77822
25059 64503
43593 59247
29689 86048
7427 65659
30182 79797
39417 61279
1911 77178
23576 58081
40018 69671
65852 94721
35732 50098
7997 53776
12725 16731
60249 94120
48575 64937
19301 43352
417 57071
21374 42246
10217 34202
73638 83559
62256 79708
15318 46471
77381 77483
55419 88453
66435 73124
10258 85694
11905 63997
30621 49324
19240 50435
33587 73322
2049 51725
69414 71186
38809 93288
33618 37466
40301 60710
39403 58092
47442 93216
12052 69088
12313 50198
47310 51145
25353 87832
52472 56194
60431 78832
31872 42198
4782 9505
557 10970
26202 85438
7273 63314
56215 76562
22969 62756
16860 83773
48988 54298
81441 88484
10760 66012
10375 47138
34852 73869
2893 34383
59697 86309
22043 79826
34209 64766
19124 60428
47210 93323
3678 74612
33999 75258
8848 36125
4313 57489
55364 91503
5525 90597
77056 83942
30333 64197
1076 53770
53285 82158
47897 55828
8991 46798
50846 52948
26979 57323
42640 80890
45524 54150
76766 83750
59796 73207
1835 12582
25890 37370
18144 53440
62613 85816
4232 66421
27981 72804
32288 38346
5955 57710
60850 84863
32007 82000
30651 40491
81622 88134
43485 45793
49795 85055
69416 84264
21379 35969
14299 91628
12021 70931
52116 89816
7203 26362
57719 76359
30772 44409
38275 48180
10917 74491
52365 53670
48460 50084
1172 69486
75843 91131
36065 47617
8825 22895
15 31599
72309 73107
33131 72268
12873 43680
16871 38921
31856 57120
3882 24456
459 40156
54204 59261
39279 66979
83946 84370
20824 57856
5103 56172
61716 89059
755 24240
11739 17518
53867 81293
27863 87842
16173 66455
34342 49971
5442 90672
915 23004
4030 12050
7512 69209
52896 61150
40773 49136
67337 94706
14646 82227
38388 54700
15042 36825
55227 66273
64236 93765
1973 73697
18777 94715
78050 91614
15444 94632
59781 65830
11339 25546
59212 70204
14725 34138
1614 49736
24678 74218
37926 87722
25212 67326
36171 50653
75905 92715
6494 18344
35309 91615
61275 90752
66758 84366
42902 78854
29335 66350
18252 48862
2907 59590
12303 16402
31061 53128
81970 92829
45805 55914
43528 76213
72167 94206
20301 61056
1574 11297
43944 86068
26600 75662
45896 55663
27041 57779
16115 50757
37273 73771
61771 67569
6994 44212
72788 78890
8613 88750
19295 23776
846 26034
8694 45121
4968 49932
61381 92712
392 35276
4234 91372
18814 84778
68105 87589
7598 23670
16372 64827
19380 27548
7149 20877
10951 84621
14468 84066
12814 80801
7580 48434
19329 38894
11572 71418
1641 15833
43689 93011
59144 84862
48574 69641
11771 33625
54007 82381
41489 43760
37792 79834
31255 76910
43440 76999
47657 77782
30237 42812
24971 43685
43913 45292
85758 92288
29248 32122
33796 42456
13237 89090
1492 58684
68991 72784
12873 39796
36001 80978
40678 72700
43830 88201
59065 88614
42756 85927
7476 9424
29767 50840
11199 67970
58829 61028
42276 57746
83839 94624
50721 58943
28099 87602
20053 37225
27875 56133
27064 94808
23448 24039
43195 53957
18322 91716
7592 94200
12633 38054
42700 71105
16098 58779
41643 61915
64372 84781
24005 79517
60827 93685
26632 61788
46588 49210
64128 89521
24354 29295
23173 52585
70554 90019
54232 92401
9139 87659
8986 49828
33322 63090
19452 80738
44614 50613
52114 75239
46507 73563
19184 52557
1967 17066
55346 78708
612 75879
25012 54678
28049 56471
32190 39775
21508 64307
16345 83455
14268 88596
56837 73670
30635 38071
23406 93499
28545 48737
52252 54256
22284 32772
6101 8301
60070 65689
29252 87345
33006 68554
33750 35410
64300 70736
1412 8537
3404 77279
43526 47632
30616 61909
4349 65109
42176 68222
7489 81081
36841 74568
18368 46386
58569 88541
17609 46332
33744 42948
59918 89383
18366 47146
25054 66108
10160 67321
16662 48410
52803 91701
655 45871
19485 76602
34280 56449
51261 79459
42374 71408
7062 37239
41976 54231
25840 30594
45337 51656
50517 86113
12582 94708
49501 93547
35330 64742
71627 74837
19140 71684
9444 49865
79331 88640
10647 52795
41607 74294
39221 69373
22862 24426
38711 39380
51633 92924
15270 24220
34762 43592
83975 91400
1571 77479
5424 78627
22879 32886
11954 74449
71877 76279
2417 9111
6488 47359
25771 90746
13981 92502
16192 52235
4244 58373
9584 74475
11616 48969
36331 78945
40010 44115
47804 85021
63409 80290
50918 64758
14667 89560
6268 19050
26040 90043
57206 60028
13458 27571
32696 53878
16924 25742
31960 55763
21725 65150
16558 83526
31409 38063
37177 87535
72626 77089
51084 85616
9932 15762
78185 82311
51305 92022
12928 79285
23329 38473
29599 34171
31458 83956
35158 35414
13306 29155
9726 84218
10025 67794
22487 93720
52947 70208
2844 38946
71265 83186
39720 85143
3306 69152
51452 69216
55821 61174
82567 88886
13911 68284
23916 84560
7431 47194
14300 32038
58298 80039
16595 41836
380 92571
31427 49356
35182 90311
15811 77961
73885 80809
25042 93419
10340 77141
51494 68330
56948 66008
4626 57391
67842 73322
27005 71415
895 48363
34922 89257
24720 90936
60949 68765
4420 24819
40496 57069
37800 55405
5861 14828
3233 24551
57431 92360
23704 31247
5536 36080
392 52310
7057 16366
57198 79525
5099 47858
51106 85769
60248 80893
34111 47300
13810 27889
7003 48045
14904 16901
18385 79617
27072 33701
17228 27481
390 43257
35862 71765
4104 85041
84644 89957
4056 30554
10923 85041
11 70978
2018 78475
23825 28930
9428 91216
41669 94160
32159 61874
20142 60054
34748 93076
46867 71814
42904 59171
10030 71872
47051 57355
4006 12660
18094 47497
6067 66929
50235 59269
15034 28100
30819 77459
15611 82116
657 86024
25319 35217
61586 85310
47829 57254
54097 68610
31382 38780
26573 44880
16037 49337
7797 38156
31507 45188
61259 86864
18945 59084
77522 88796
35945 73328
10563 62628
7055 36832
19224 81963
67809 82241
51531 68084
28149 72357
60687 76426
4635 12345
27892 32976
48969 60529
80804 81025
9222 39900
17566 69515
27023 91268
12360 38209
8647 86446
43557 94938
23341 64589
2244 20803
51774 55647
54146 88256
37598 90953
28636 90435
78385 89645
67932 88126
52947 87941
22619 52740
34671 40891
39565 53444
5472 87061
83526 85944
49097 68491
8415 55274
6783 49455
9502 11269
69257 77883
58122 75856
47176 63673
63512 65057
32246 47815
14292 74654
86675 92451
27114 77443
26000 66058
59701 69409
2276 16236
59549 88834
59141 66516
25774 63191
38147 76838
88439 90730
61791 69125
13926 33164
52883 78161
15550 51074
73832 78077
35828 56713
17015 57607
12387 92459
75135 86915
67432 74018
56412 75832
262 45034
17880 18699
22655 63971
738 77289
20957 79681
4411 87558
31956 93351
60708 67378
76008 84837
2778 82095
21908 49881
51152 76790
19233 63369
34959 39099
66204 70586
33702 59973
35217 89533
42526 85437
77 23226
39181 80198
3015 51021
17808 21139
59203 76242
49404 62943
21782 70184
1306 52070
15237 77450
18149 46973
3992 63485
31281 56148
55121 82919
57996 70660
29220 43172
72686 86062
4340 31958
19752 87443
49741 56296
20643 52285
76166 83392
70199 93449
23163 56728
8304 85264
28705 56845
55070 58742
20224 85666
6740 71054
43478 75567
50909 88471
3327 35503
65296 80406
33752 64919
75832 83404
1277 16519
1212 19096
57285 81294
35562 36199
11949 56515
9226 28728
41143 43784
32458 36842
37753 90534
43724 61952
53777 92979
25305 36302
76278 93634
43054 91384
23966 45649
27021 78177
63289 73894
8747 74994
2102 87259
31849 36480
3534 44012
5144 29623
83046 88880
31155 35594
43618 46079
40721 88069
56275 61691
5950 76506
13605 57112
66332 90837
32107 94888
48997 85049
35659 90884
39951 87462
17324 29607
11861 53364
823 42778
13806 24105
4725 83959
59022 87237
28989 55883
42924 67249
67413 68360
8762 80413
5049 58115
40056 74449
8486 22464
27343 68435
88915 89537
42246 62763
8538 25662
47538 61933
28956 63959
31082 90913
28315 30451
7990 22192
32905 62099
18012 19116
84687 85745
24622 67277
26245 71877
57141 93599
512 46010
3471 27511
28362 51861
34429 80387
12414 87312
18140 89608
67921 83460
24496 63675
21850 90072
45079 88438
43659 51047
52910 80993
29873 47767
11330 12666
13225 91407
7521 45472
1364 37886
19350 54912
56917 88705
15867 77848
46460 92014
6479 6918
7683 74722
62919 92634
4468 51521
38956 58976
49682 89319
17840 84195
3963 26710
12665 87005
13496 14275
6332 22602
1815 72822
22726 27894
23713 92107
2436 55938
55077 78867
18509 52162
5776 85204
32891 36575
16475 20910
6348 31088
2535 61882
19827 61528
47619 81894
1876 82582
19462 47094
6676 90052
43954 83904
5416 89445
8803 43765
12929 91523
65256 84914
42102 49998
10162 52939
35787 44406
11361 35977
77716 93015
33619 76935
32505 64429
12526 82746
13344 91883
73880 80123
15360 27250
56237 65930
56219 58236
8595 46057
13936 29667
49932 85157
36459 46872
3734 72334
12804 58875
68736 91372
1044 57268
12802 30304
5043 88179
20374 62229
57433 93268
29443 49100
20602 89201
14119 62187
40836 42858
68264 80291
20640 89800
68652 73328
10881 74903
5761 58449
13897 60997
31205 82619
25995 55879
21342 81564
35112 68668
49415 76987
41036 64777
49691 80543
19030 80672
41909 79988
16775 43510
51206 75678
26722 77400
4651 51935
53046 68916
47903 75197
81411 81579
71117 75443
5093 86668
14940 73302
2057 11843
12548 21016
84075 91261
395 12322
12384 87856
278 60517
22638 61535
1179 55055
24381 83767
67786 78588
56856 70754
37979 44115
34892 84682
22477 70037
47328 77694
14828 21579
23338 87033
13915 92977
23536 64785
61611 63914
15913 17053
72569 78754
27150 48769
72882 85416
43707 94775
43794 75175
27160 82050
73153 77935
55984 77576
23727 74354
15443 65474
19371 71947
10664 62908
33935 68033
22813 61552
2802 3574
9700 21385
27099 81304
64120 65422
7837 90256
4289 21870
12310 92870
56052 67070
38091 69224
27265 56967
11421 19875
10074 80065
54940 84684
3026 7695
33976 65879
27560 77586
54639 68835
56325 64470
36106 41709
176 30630
53746 92481
73809 92772
45867 59746
56890 66650
4219 84172
40276 91125
8444 31411
30176 85277
4023 81152
685 85491
34423 68925
64298 90944
48912 53764
44240 82414
4989 28177
10525 22130
37383 93334
12338 90168
902 34398
13184 84193
11336 43378
11686 29598
1 88866
24505 55399
16839 30245
10359 74623
44961 70936
57568 65202
300 10882
54762 59979
22926 74799
7749 92288
54886 85270
75089 94388
72935 82902
11128 87492
36651 50079
25300 67513
15765 78894
90267 93985
59399 88562
45446 55323
14162 40506
39799 71303
16640 22357
23768 61688
31142 34112
62448 91758
21152 63122
72116 83380
16123 63603
6427 83961
6567 83282
41759 58956
18260 91029
70428 78385
44518 91977
31097 36556
7686 51979
5348 31678
76490 83950
57073 62132
30874 59876
4532 47674
11763 31598
2947 69779
4019 7185
15394 68213
67640 71977
35973 57807
9309 52068
33771 87484
57975 67537
22173 80026
12270 84081
65630 66201
19374 83931
7840 35216
17036 69099
17381 34612
34067 88992
72093 89534
22166 28959
9574 10893
29663 76085
5006 90279
125 82811
5386 45149
37951 88825
10688 41988
10022 75097
45461 50228
2539 19454
4020 36829
43649 59729
24169 43815
67471 86923
40453 58769
19739 75302
13221 45422
32196 60516
24365 68107
8901 74669
50366 66276
18475 37860
9991 14206
4492 47469
78183 87895
46209 65910
18319 91717
10512 24459
76350 81826
43509 52272
3128 50218
64394 93425
24015 92241
36204 40698
24094 37181
58069 59139
77819 83700
31360 54132
38866 93166
13153 48416
39811 44918
26957 91223
16838 58837
33450 41694
18980 23167
43967 55820
24936 51876
49145 73983
8731 61781
56944 86968
52982 82413
6394 50086
22773 82713
18191 45792
28273 81139
26764 40543
23536 83384
18838 59463
14505 24218
19311 76436
63207 71220
27143 89027
49094 72170
11022 31350
43544 52613
18985 44463
13596 87817
9074 20694
37445 60520
30139 64563
13358 27890
2905 8177
22638 86551
4414 23196
29348 33847
13652 36942
11757 41659
27624 57161
43964 66406
3499 80493
51826 53770
17088 80427
52598 85882
90908 92703
6304 50353
14336 64193
4818 45866
19102 32735
38464 85658
66781 88590
54535 92294
18612 41457
31644 77032
70172 91629
31945 89490
2986 17866
6665 39758
1034 17374
51632 72902
9930 54360
59720 73781
93207 93588
17880 80921
17043 44818
4884 55677
700 9553
5242 18608
38053 73501
20891 77293
29269 41226
16283 20789
7085 79391
8744 79864
7877 30390
40414 60591
12658 33007
85132 86030
63744 79172
67394 70995
30855 45173
568 86675
8505 85170
4595 54655
6873 20567
42389 80207
176 19619
26276 39884
36813 93743
50441 81725
950 88100
4434 67779
13037 59226
52832 52950
1721 29485
16069 57140
42808 91344
43494 53989
67408 80145
15751 48318
25307 86832
53683 54741
9895 36620
15879 73429
34735 39841
59180 69446
13490 16305
7840 16418
7564 10962
73600 80146
26134 40209
9421 62032
70399 86396
6247 24203
30219 85368
40240 90146
875 53222
21467 60511
10697 18218
32951 39402
58536 66010
11783 61524
25506 67072
37538 48077
3064 63417
33880 78091
52896 63670
25241 84714
6001 32329
27041 39987
8137 19121
6759 88075
15871 90057
242 69193
68068 79524
6811 73936
56649 61524
69455 89649
63454 64497
58355 59112
10468 69949
19433 28520
77383 88790
47061 66726
35993 54232
42454 51357
67816 89229
57071 90533
10684 49088
31048 67418
46686 73377
72070 73828
59863 91621
53794 76592
22476 66470
11938 38602
61473 80356
25687 42132
26364 41052
18936 21958
46006 82891
43557 60544
41590 78988
31698 76655
8259 65102
6064 18537
22187 53418
20454 63070
63726 66901
30516 94231
13705 63842
66244 74394
54176 75164
52862 54695
3737 5988
1642 73367
47099 50522
2624 76131
70499 85856
36592 72449
18044 60723
57479 76169
12994 13415
64150 94666
31013 60111
5808 70065
15633 63178
12238 47131
5114 40780
10057 44571
68448 81481
23930 64102
15826 17750
38256 47969
19094 55718
82997 84854
47543 89556
33829 82707
61809 78195
11201 30530
20858 35472
22957 35880
61072 62450
13198 47745
45790 65142
11881 54719
19028 81871
89197 90676
40741 68373
33218 80038
30926 91836
4922 94485
23531 65403
6191 16649
16078 76264
23001 70262
832 87240
44041 85194
1692 22917
12331 78325
59273 93212
16903 44582
32349 44224
61189 94174
20158 83066
77879 83271
9286 81041
27603 49576
44238 51831
41970 77042
27496 44745
51635 78103
67794 89923
27494 53123
23476 24173
69902 70147
12823 90790
40002 81848
12001 89710
79617 92391
12147 88048
165 52967
40964 86948
42051 72429
28024 51056
82013 85258
64416 80752
73285 77096
25477 43349
24375 30042
45011 87801
29060 79785
57908 76405
7740 29872
10331 94543
64117 64425
43589 67041
291 42594
20058 55599
26295 46347
31470 47358
45675 63862
45027 51566
2665 58988
24885 86204
18802 65667
65502 80591
46920 53667
89034 91075
19531 20772
6385 67876
44748 47649
3924 48313
35820 37537
27473 47741
83003 94691
9036 44276
15127 39576
4908 47989
6765 14985
7 31130
34447 48866
35394 93798
901 51769
19953 42961
21675 92779
46267 93074
10632 51642
3594 72535
51909 64336
3586 68021
16166 86046
17276 61042
17893 24992
54165 93744
19216 74588
21189 78196
62066 85421
41039 51764
30490 46596
30036 57752
1585 17978
36828 94968
32619 94881
13108 83610
30350 49156
40649 80314
13423 78068
23359 27067
11286 54307
28561 37163
6268 37555
20540 46990
13763 22270
31007 80948
48128 77076
55112 82782
61917 91488
1703 11667
41703 89607
17764 72929
12461 77621
82706 88078
70487 82925
4753 88846
77805 86675
17375 50222
20431 84177
14136 92940
3666 37303
6196 38411
25235 88240
90328 94658
48183 83999
58910 79154
39250 59309
7805 43769
34209 62449
34362 56963
6426 42371
39271 65038
87385 89357
36234 84870
22778 88748
74070 78905
7605 77945
20755 31536
34028 66881
7358 61397
8167 91673
70563 86568
79404 82303
15627 48587
83708 89327
39181 42927
63154 76249
45696 56373
24183 59174
29406 76969
17376 58508
58167 86322
31328 61298
41477 88621
1228 37902
47947 64427
5948 49226
67038 69571
36494 76593
3131 29818
32194 86631
29605 49118
16745 41603
2716 67770
62717 86796
72488 77798
37242 69394
2079 38031
17423 21845
41922 76096
47906 78847
3589 56115
69177 83746
47887 86399
9579 20614
41365 45432
28175 77602
14874 73953
28244 82145
45043 64736
57380 65491
30991 71155
38890 72750
31116 62244
19761 71742
90101 93979
31943 43276
52291 63296
1550 59176
17062 90925
16026 88842
25445 42691
28637 32846
56162 82941
1977 7275
7608 72546
17379 64896
4316 77281
5486 21230
23506 70097
59579 90764
32666 65186
79336 81400
26571 82016
50201 88737
30889 46158
39570 40246
79454 86232
22466 28241
50261 85698
26206 60724
40769 69584
4536 68269
754 20558
3814 72489
39071 83365
10590 87589
12873 12919
13558 64502
7509 36852
63423 86483
18223 19473
28132 67633
16326 28969
19614 90631
18669 64762
4855 29149
5865 15221
45717 56087
37410 69592
40462 83918
5905 37167
72392 86871
27723 92031
3104 51871
9496 93945
16976 38597
50768 52871
35831 81277
12140 52267
4192 14451
30959 77589
63382 83570
5300 58962
36306 70534
18434 80431
21022 45693
15108 50879
52099 79016
24534 88712
16761 44650
16094 56882
77632 85429
34918 78311
47431 75165
56450 74792
16228 59706
43236 45876
35000 48319
41324 88932
21702 38687
13291 84676
50055 65554
19269 49175
40510 44641
18140 92163
17988 45567
39861 50408
2288 44315
32246 37686
42178 45948
79658 90390
29251 58916
82245 91539
83031 94414
55236 60753
34929 81676
14543 44653
64823 81284
44048 49066
14710 41610
77769 87282
68059 68946
45612 58068
78978 79363
6196 78533
8877 35713
8317 77615
7104 45190
62086 93201
52467 82895
7460 28857
1739 1817
47794 59214
24803 91971
21238 89828
30874 85002
41512 72315
43685 67639
26129 70660
8247 18730
7795 40724
29720 49483
29361 86666
77637 81143
11158 90295
4065 67065
72509 87954
12683 26611
53249 68952
6275 55286
24106 51101
12035 27407
2886 47817
50499 53593
4448 28500
68678 85534
82514 92346
63765 90932
4130 82333
8090 55990
19989 28865
53089 56983
3351 20377
41397 64310
9228 22105
35920 43542
48448 80352
30312 84616
2161 70288
25903 79355
44878 91750
25238 46020
1466 58252
34801 69514
45878 80926
52596 63302
14287 64212
21867 22055
40534 40909
23707 44025
145 79705
64069 89518
54631 58826
8107 84926
39523 81722
47675 93941
35866 77392
26622 39287
58066 70315
32318 54891
27457 38465
8785 45955
42334 42548
76717 82514
20433 60820
55108 93156
93349 94650
24830 40719
21711 37261
48795 88443
32472 36765
37391 61737
3987 51099
236 58724
23938 48908
52702 88171
26486 59493
8891 49835
4063 66446
11912 33722
65743 91303
60983 63252
60159 84400
38453 60756
56247 71614
50053 50273
49256 87455
31595 45302
17231 53696
56433 60002
10601 76070
64106 71791
5158 25352
28092 91436
24813 87641
72306 83203
58123 91973
83508 88327
38936 59051
45953 66985
4915 90555
48741 68798
28092 80133
11770 78212
7105 43491
70073 90919
48677 76751
18023 37170
18135 71465
74270 86652
4528 63878
27830 88709
5993 16763
66030 93071
460 13239
33794 73280
72975 80429
15459 20665
1678 62641
3702 24675
4576 35144
71342 92186
16822 59548
3455 13503
5801 58860
42043 49201
52735 91713
10786 31168
42030 62408
4163 69204
13619 35320
45691 88731
23871 46531
28133 77319
14460 41377
91515 93665
10183 11668
20987 60845
55702 77605
69251 74575
18854 31701
79751 82274
34983 75238
9179 92452
73550 87898
33237 57691
58961 93207
6699 50400
40196 53056
56730 72640
41468 58127
12902 17424
443 11520
12602 32981
14098 73236
3022 41273
25015 85812
37769 87249
39825 85158
64349 92143
19602 53620
13282 16505
54752 67498
8514 88940
47759 92392
62360 93959
35447 41005
3962 33294
41028 69906
17113 19405
26816 87435
8481 28311
63986 92494
4266 82036
15511 68789
29329 60593
53167 87414
18451 59396
51334 64936
43963 76182
14114 28531
4187 52905
54768 86516
35037 37639
20558 38617
12292 55363
14487 40346
21364 28493
83643 89713
62300 94174
939 72512
68660 89940
13641 47422
13643 46353
11998 64438
50701 54705
30244 69174
50366 52007
20696 49213
21086 81336
19907 72740
31208 73769
72089 74967
35460 63520
77799 86687
1424 15531
16448 23661
66446 67621
2372 90762
25864 90568
12957 25770
53090 60980
16637 83708
39309 50013
24786 61635
79930 92050
68220 94615
5699 79381
30198 88345
6928 44272
31556 84631
34479 48609
27160 49483
39626 60684
6860 13031
44813 91350
6054 91527
10182 58200
37573 45027
71489 89870
15587 36262
36314 82867
27651 83672
5889 87776
60495 87763
53437 77803
49842 94342
13795 92323
47578 66053
46418 67456
15305 85859
10612 22182
64211 74056
36314 56210
46023 81670
5965 52966
5096 40917
19012 47562
10801 79423
13791 21077
56669 89712
19188 86192
745 45340
72436 83344
57888 68214
7650 75838
5114 37190
55515 59750
1986 58874
16538 38126
77615 93383
9760 22254
12926 41932
31779 31850
37370 60537
28268 43872
36306 48356
8653 9672
49633 75991
13190 19905
1974 71058
49297 67330
11433 58283
27091 70419
2114 19644
3206 47734
54745 93371
22734 29252
34710 54375
76731 81878
14572 82495
32826 90949
20436 69727
19653 20314
54334 77594
12838 82322
8611 76132
16295 88057
32312 56156
69369 88098
17068 33471
3397 25700
25273 29382
45375 48544
33015 39215
6074 86604
3971 81127
40314 78980
32465 38442
19139 42866
36326 46182
34339 74993
13290 43745
20321 86740
53443 83028
12953 53257
11599 41287
71452 89436
26059 88449
82019 91396
34541 67638
45008 51932
6840 10215
41627 52360
37833 47158
49049 79766
9851 63399
63226 71183
59757 82247
11639 52851
62831 68785
717 9339
47230 61845
17460 82397
2271 66464
6329 28321
21308 36253
40066 48662
30242 69655
2363 81410
90536 92226
1710 13761
17923 56244
19415 46749
1087 87387
32757 48678
17417 84749
11803 64458
58902 76851
20078 61475
3066 41126
27131 71256
45474 76952
9842 17372
25362 59335
39219 87797
11756 13407
1575 21609
57670 76626
10680 26517
34031 49770
5100 80033
35882 88096
50827 58190
30649 77523
43608 61978
421 20001
77572 83054
13081 68706
42329 65652
242 19814
50938 86351
32304 92123
24550 94512
23789 49632
71715 84838
17018 61975
42030 61619
35276 46207
52658 61550
31101 69382
33379 88527
13231 38492
51780 80667
64416 75065
14084 85077
2289 29960
5519 67232
88060 92969
22787 26460
36847 62104
9688 64914
6072 82162
83189 94874
41004 50620
29917 47322
7155 16512
9851 40302
13207 43415
16655 93901
21844 55656
47862 69821
18643 66928
11268 32131
68916 78191
75150 85363
27931 69072
2278 35139
16411 20878
29784 83708
50493 59957
9669 37867
71618 87451
21171 44079
39242 94272
34532 58301
24653 85049
44981 52939
27714 55997
14688 17366
18729 28462
15941 73152
77393 86488
12754 50214
40077 60748
64846 73571
77246 78592
57881 70677
43485 72828
69893 72301
46042 46778
54582 94960
27039 32964
18536 42271
49712 61812
8143 46890
16133 91649
6864 51527
39775 72661
58466 88796
24255 87458
13436 91357
56080 67790
32804 59546
11246 85029
7238 23482
8273 62151
80737 88432
5437 5704
12474 36642
60447 74769
71601 73750
30661 49434
66969 89961
1563 15282
49193 60731
14464 65866
61072 74636
46083 63104
22902 25566
38709 53237
73353 74513
5374 89436
14232 21352
28353 35723
34608 56047
50116 73321
63657 89982
47588 80910
6333 55942
29127 31822
85932 89352
770 48695
4963 49799
11738 50915
66270 72542
45202 93665
180 92081
48858 65443
77941 79580
17042 29625
38691 79827
4173 65298
14506 56041
64466 77679
22677 69986
1466 36376
19752 46405
21159 94537
49873 76033
63427 79827
43785 82493
52340 91359
2873 63564
28898 68009
64923 68951
1399 37456
34822 88419
26158 68445
15249 27379
42907 84484
25404 34646
40250 81822
27274 41249
40374 62642
7156 22977
1760 46083
70042 84109
39490 93430
6477 26572
14431 50849
36607 63816
195 73751
51360 69358
3787 31018
5432 85588
46606 59852
11808 30011
49827 73058
24242 67254
6363 91345
1474 62529
53692 58465
32067 41696
73437 81191
55860 87163
59828 93481
56790 88919
47749 77214
59403 81901
31068 62713
65457 87189
33263 60369
24999 47326
8815 63799
45881 84039
41959 73783
34678 88868
57819 74826
16949 53154
24760 93401
80233 83971
1287 23187
73515 93748
55371 61384
73581 74389
7743 92645
6939 41053
50288 67687
2414 47807
3712 77554
58614 61623
29435 94902
58670 66376
37171 64379
21203 81229
6947 90394
44513 55485
4396 68365
15066 55509
13505 69201
49378 91060
8845 24060
14975 65012
8375 33643
2635 50584
32327 65131
40145 81265
5897 92784
44751 45207
58404 94389
2020 76586
9548 61064
16387 29708
23350 43179
68243 72171
71097 82299
10140 24911
4549 25824
73791 89236
194 64322
40867 87172
68295 88883
65070 68971
63017 82601
15948 82473
24805 39629
54092 82624
29828 94570
36217 81367
48131 88842
27575 79063
41891 80465
8570 53690
8206 85140
13205 28536
14024 58782
23000 46186
3041 32110
25576 33465
17329 71926
34659 67296
33443 57574
41550 56557
47522 54639
16207 75431
31818 33065
14913 37593
72195 75542
56256 63254
11989 87615
38441 86397
24504 68073
52005 89343
3526 22367
64259 83824
23205 34275
7685 31052
50455 74524
6348 55323
5617 33975
8467 88975
12122 14726
36090 79254
7013 74011
54224 93912
37593 39337
72425 78374
30968 61617
40379 75557
26732 87572
5811 29479
56578 89878
41532 51160
43849 49876
33480 79387
62076 71963
18860 86107
19828 89800
14697 50648
2427 85738
13013 92433
39807 75799
57687 84548
34039 42118
8120 13551
73868 91113
5172 75681
2603 80792
13191 17906
44345 44742
30965 86691
14737 79973
28926 30086
43102 86037
16539 54171
53620 87940
22991 44146
53401 70125
49233 81677
930 36760
78363 93244
2582 48094
9899 25708
51819 63793
54907 82294
49737 62958
11889 16154
55233 78636
13962 67164
45681 87091
31783 57774
14239 15826
57212 60737
29279 47810
11304 74831
7078 83196
8603 87645
58307 86655
10186 60784
45196 94090
15976 27661
22954 42467
4011 9577
2053 35607
12304 68686
58045 70250
36291 87441
28530 38690
29963 92216
7372 25302
22225 31734
83004 84768
45589 62745
63777 78751
8168 20495
18498 86931
24262 82775
44560 45144
1756 58682
26125 86451
32214 65876
2259 84324
5381 90095
14329 34072
14911 47221
11139 41721
1185 66632
3644 27018
66309 91865
25998 71726
33243 37530
18041 92363
6243 21977
25100 66028
9532 51198
1024 17183
478 7896
69075 81082
29559 79093
16292 21290
55775 61232
21876 33711
18782 26847
23389 52005
10546 36999
38841 62885
75895 88671
52649 60457
16676 59223
29380 55138
49617 86160
14939 86731
23224 49290
11501 58087
24404 90126
53406 71574
40974 56055
30270 76647
25080 83217
66797 83422
11247 86708
29252 69017
78846 89252
58050 65196
30585 42113
32086 87241
19590 36624
9457 82601
6069 57046
22265 79699
33906 72439
42362 73827
61119 88451
8079 82515
39356 81637
10793 73967
8594 92445
9712 67278
81897 85777
25384 31763
22247 80319
2278 57709
62188 78903
21681 82592
66213 83529
36612 51848
9635 46018
38929 47683
74530 82854
47808 89846
50867 90018
45888 54275
6556 65130
27358 79175
6713 84178
17345 61344
16970 65518
60261 84035
58361 58912
79336 80751
5926 89844
34866 43862
9913 64425
6870 64374
23341 74848
19303 44045
19257 53089
61137 90208
71483 94825
11439 35823
16410 35959
59952 83284
65410 78028
14848 74393
19592 20274
17633 39928
37981 68401
307 44322
57986 81137
6584 82807
34636 36275
22789 42518
29913 66850
37231 46369
13586 84901
18497 78599
4978 61181
49462 52344
3242 80249
33076 58198
4832 93115
57441 81214
40 28241
35189 65074
42950 50987
29649 63775
3264 83964
34 51221
46548 50143
1471 60052
37990 74516
67844 76061
8776 77417
50773 83440
10315 22921
59223 69735
12912 50110
80500 83258
68674 90448
16399 70417
28728 50906
1911 73900
13526 40745
21985 92477
31500 90922
24828 94357
7517 39594
37502 77454
28810 74866
80500 83630
84699 88133
48543 65483
51917 75973
35098 68992
52063 86689
44508 58989
4602 65205
3157 89063
57079 93827
67026 73682
33492 42464
45677 69985
14107 20195
39950 46644
19058 41800
20946 33711
32621 79936
62740 67525
18003 44626
28117 49424
28889 63457
75776 85835
63499 91472
26738 90087
11948 68110
3358 94408
36286 93343
5426 20625
49322 67188
40119 86628
14544 78482
24976 87629
52369 60971
33469 90141
36266 81985
18559 74803
20088 55151
78405 87156
37204 46718
86128 86283
24078 63232
18043 54982
2155 91093
72292 80246
54521 77819
9983 84261
40821 62028
13242 85151
29246 61050
10083 27138
2594 90475
14378 18410
24631 88340
14796 25269
63759 78046
54306 91139
1582 40923
1648 29243
61500 82605
14242 56134
13957 48475
53562 83266
5567 40912
18659 40129
60163 89133
49395 92659
66841 83884
3504 51502
28464 42087
65347 90823
23092 44486
76311 80411
67421 92295
54571 61282
74283 90823
42073 56440
10576 73945
13225 82591
17952 21168
74067 90536
2922 12879
35047 92289
18087 18714
11169 45850
38781 68422
3018 56011
58549 65855
6947 77490
71226 78419
13828 78861
42401 76737
71931 79234
22834 59037
6875 13526
38524 94542
31978 90932
2497 45002
58295 76037
3726 78001
1096 50730
24696 28437
17154 55060
4465 41728
4907 93181
43001 77916
36304 39689
57949 69724
59918 74618
22992 68863
16685 83614
151 33644
61493 89410
48211 69214
43159 73008
66491 93416
15356 79956
12873 45808
52754 75277
22346 69532
12808 48789
67932 71879
12778 64319
3223 31316
6169 26254
77353 86966
52336 63885
42460 61056
10637 25310
10163 57380
23158 68728
10581 14843
14009 87409
33770 84458
26829 87527
289 42768
43405 77593
37565 94944
62967 86855
48831 52894
25572 83228
11747 60540
41373 54868
24402 32024
72261 83727
19158 80883
13478 93594
9187 10202
67261 77605
32839 63079
12592 94697
61617 76482
50736 65016
4635 55612
7637 85410
23212 93736
48355 80666
36563 43988
75809 79687
70997 90820
7202 89665
5481 7843
48131 59443
30574 32825
931 56313
48506 58125
1381 92862
26442 82199
3904 28194
48763 62802
48186 83329
66880 68153
15030 71682
10262 38139
35295 48683
20969 84563
16432 49484
62919 64754
49154 84341
77602 83672
24746 60967
22313 66076
19115 53558
53024 59640
9864 54740
28780 31115
51564 61838
6931 36017
20406 23704
5975 41616
79870 93596
38329 60041
31025 76087
10628 91452
5462 94164
4232 47007
20453 20762
11435 66915
20106 31219
6650 19834
50808 90301
15545 58766
19205 91104
38675 74708
13289 41396
18541 79613
56926 83940
30019 94326
30421 70850
24037 26780
6348 78836
56557 76377
54582 79042
66462 94794
3390 28640
47421 93185
42502 90680
6942 26466
64141 68707
53900 55223
26229 35632
17123 60320
37648 75380
49812 83522
61305 90088
82626 90586
14435 51086
67059 81244
8773 56517
6140 82391
34247 47977
14285 58892
55287 81165
2271 10193
10963 65861
23639 40848
25611 35294
57131 80569
45699 48354
40836 91847
23715 74901
11637 32663
31189 51802
38311 60102
32089 61839
3540 12613
77079 86019
33086 56936
4809 5923
403 29333
40046 50614
49074 67096
4200 13440
10040 51548
12741 28885
32893 54518
40973 81006
24259 68661
18358 75410
13949 29701
9068 72773
25284 32171
10790 73479
8721 92920
69370 75771
47690 88340
53296 58251
38344 92431
23716 57647
15295 77977
1454 38498
25608 34148
43837 60111
38294 59439
14257 57631
2844 3804
5229 66907
18610 82221
5244 17867
60006 64750
29786 44431
592 63054
57953 63289
24028 31136
19179 47313
6881 86372
73831 84151
23890 90750
20503 80898
30507 52423
40278 75275
57751 76857
34148 57970
13666 92543
20431 43285
37881 89147
38100 51158
978 20080
33014 39971
10855 15088
48674 63746
71496 87236
31886 38089
32008 94013
60702 73704
12795 82572
39256 68391
30698 91949
18806 44602
62651 72797
27282 62095
29364 59113
15502 23669
40456 56618
21398 92450
6002 23500
1603 10878
5628 22011
25641 49022
11758 60437
10537 34821
6135 62959
47793 77567
60489 90845
9950 65503
57778 93385
9469 75410
23456 47302
58769 92071
63709 63783
43869 82450
35690 94636
53604 76487
4162 25689
10031 94063
90565 91022
4663 46491
16298 93872
13639 36009
13519 38929
69582 79311
86589 93929
47361 80761
14808 60299
5243 65666
66156 68480
13822 79816
41055 94259
14983 46465
10439 17263
3064 78057
30002 87462
19507 29560
51192 60939
5290 30667
1724 81409
11477 87818
19243 69944
215 74871
14272 17588
40392 72303
16903 23524
19234 42029
12912 40817
10832 64447
16415 28299
31706 57951
14006 50153
6542 47030
44255 71959
296 2182
1881 92076
18888 30754
1942 90490
70648 75252
15636 28816
2182 48549
69714 90839
73377 76421
24855 44292
31094 92823
11672 12411
7450 18682
16935 24581
80767 85872
23131 54831
21641 67997
51702 86548
18931 56492
13524 18897
62757 67405
32870 92608
81922 89546
58870 89356
9 91025
11639 55637
3891 12509
22335 61864
25527 35640
41277 81962
750 16932
62014 68550
33200 77755
46795 67782
11430 22780
29512 67227
32106 51539
34425 84358
33595 40227
3314 72269
3822 28414
72058 93337
34854 45695
75254 84947
10681 70396
60902 77107
25943 36330
63110 76351
17134 40187
4867 94132
33162 82228
34422 90186
80980 90232
24780 32083
29687 73080
80736 84861
35538 55464
6042 86027
39178 46064
20546 57369
69340 93493
82886 89334
38241 63596
20458 76501
2065 30930
27453 46671
26262 56339
29956 69159
16877 38149
26721 73319
25666 52345
33791 82544
13894 46473
31025 93523
53060 71854
18568 49642
50196 60851
9500 61152
18476 75644
40101 45268
122 9506
9976 45712
82036 90258
42852 71509
75278 94851
36543 87272
61049 62424
42003 82177
12404 92730
175 26362
10180 35223
43800 82506
19132 61696
92125 94018
53211 78224
31515 69480
27488 71257
19857 46388
33786 57986
24666 90357
7776 78709
14657 44123
18811 59384
22088 32946
74155 74770
82633 85708
571 81077
65079 83501
46697 69734
12798 52999
62259 93488
32151 50306
16532 44364
6107 85431
44401 63292
24358 88274
24291 70330
22482 57265
44106 51599
44867 61222
56339 77004
12588 56260
15766 64522
42286 81825
22436 37585
38532 63027
17767 55094
41103 66328
37615 73210
20227 52856
2502 9242
3001 19494
44974 91723
28181 84053
10104 25265
12261 53469
42054 80063
31759 66387
14569 62903
59168 83628
17677 83749
36867 93318
21028 39810
36183 45816
10486 43929
4981 65985
23161 77735
93801 94014
38494 83190
2916 13640
23781 82696
42201 50084
49843 74409
25855 49207
69936 77496
30089 71301
37187 71930
43462 60235
6178 25985
8526 26682
45721 80228
12211 81035
10083 76702
314 1331
10378 63010
17374 71263
11802 64130
22554 27521
8952 75501
12265 26889
36639 65231
19783 80101
12934 80146
25414 39216
16652 36779
42105 64426
57214 78070
3190 66964
6286 15883
34420 82226
14287 52119
85633 91008
34471 51028
13391 94754
32180 91448
18312 91945
8481 74197
6067 15784
10735 86098
24102 32828
8652 79838
16836 65436
23679 77233
7092 24549
58209 62437
9274 25547
15129 82948
13907 29361
4112 46362
63931 78876
32175 76675
222 78541
30754 49611
3816 91621
35599 89927
53668 65951
8223 40343
18799 94945
7902 68907
28281 47790
3720 87813
59846 65753
55104 60650
29644 84754
12483 45567
62605 79505
5994 80510
42916 75632
15756 36656
85610 89682
8754 35833
21790 51206
40944 69954
34452 78794
33762 77108
31933 48217
22608 81258
32210 72373
3059 59618
48129 75519
72939 91872
21697 42001
3751 33146
1093 75769
12658 78615
59208 59783
34596 88900
39789 82932
46434 46603
26917 93451
70458 80407
58430 87518
31732 72429
21552 22162
35244 39200
5791 36208
41753 59832
66291 74566
16631 66874
2572 48684
58448 74957
33689 74213
17661 70392
78705 92464
4079 67815
8356 9015
21347 70311
29196 74382
20374 85503
67428 87393
12549 85409
24035 66577
5919 13903
2391 76212
11639 30892
2958 35285
11909 17065
2125 47262
2920 31634
1772 44104
53053 86683
59853 87611
6970 23920
2964 41205
49426 49763
12411 55827
46391 68363
29907 35999
52497 54169
3992 68357
25819 57914
62606 69061
35290 63276
39794 50695
32748 42583
28075 75166
4175 25616
69942 83803
35292 68829
4919 63107
23553 89095
47962 53038
22741 66885
40535 89370
57267 89623
11258 45774
34594 88510
30673 59122
26016 27633
29310 34970
18348 64674
10098 63866
16407 89612
43838 92587
12541 56652
71047 92620
13540 55148
32810 83272
8933 72479
46089 88753
25507 58563
64665 94423
38823 75662
51760 73177
20737 36805
9634 58087
2293 63033
16843 70584
17139 22077
32454 58912
20762 23699
36594 46624
75262 79738
56865 94677
33519 50059
25638 73012
32478 37349
59831 73948
58593 94181
68113 81993
23848 81168
44687 63767
16281 71341
55238 81198
14755 32184
37600 47287
13055 76977
22511 41501
34173 37149
66157 67089
76143 93371
19285 35967
34957 86646
32260 64929
306 72431
61649 67392
20800 39495
5046 5055
18207 61740
12972 89590
28639 54110
6126 69539
22289 48861
25617 40071
337 85092
28442 34971
28574 78600
7081 84499
17105 54633
27701 34423
17047 19756
23856 88105
9440 44649
22427 48836
14944 93387
33274 41873
7029 39037
9812 55416
11652 85120
35459 69212
21560 70364
47277 91486
63343 76088
19176 47012
37545 67848
3341 49716
8165 65260
10878 34172
673 13768
51472 71990
26025 88524
20670 26790
46426 82483
22040 82631
33845 81488
20176 60914
70663 90547
44088 51042
45961 79203
53472 67089
13368 55264
4184 47772
31135 32062
55644 74961
10779 33147
61450 71472
16231 47747
3750 84642
20326 64954
25219 64645
44578 54393
8949 88779
6092 28502
58799 80565
31981 65938
30004 36326
7592 36499
31939 82170
6421 56600
721 75328
22141 23670
13977 35131
37036 78767
28462 49726
33059 90173
32591 57134
44432 71805
41398 88769
14494 76124
43740 54494
37757 48738
15468 25703
121 20949
17771 79108
76878 88021
8389 13196
19783 65011
2023 85027
40345 41930
32590 65656
3033 94082
40223 69157
1321 10474
61789 71336
7348 55248
60233 82708
21779 81534
1756 27426
88626 93908
16877 37795
54687 87108
21185 42916
38805 93739
1338 41199
68769 76508
6536 73187
7223 31917
30966 83891
19443 46178
13118 15721
867 19101
38493 64329
26799 28811
4842 51353
23960 66798
22241 83842
14972 38220
2083 94211
6928 38460
18393 81024
64365 76450
31422 82464
65509 79547
1289 22103
34812 85879
21969 79029
23855 70549
61002 80141
12038 15887
2629 22517
529 30622
44867 55699
18158 62059
18965 23878
87277 92348
39084 85915
61875 83101
1540 83436
14922 59264
18415 45579
56187 92877
4382 30854
4022 80477
1923 35931
10803 59688
15703 64954
49127 76452
1885 89545
11461 40317
67193 84034
62712 81757
57503 59878
34450 65039
50329 85645
10392 72291
29410 76403
39726 52338
66597 75815
26701 88485
12870 52795
2407 65197
10453 10968
10477 38033
55341 92226
5519 35628
340 80755
31988 46083
25290 68426
61781 77716
43031 58842
67788 70581
18766 81933
26975 36818
32937 87319
22730 33800
85028 85857
29214 79659
466 22239
32541 54645
6665 21718
35064 74383
62907 67112
3262 39821
18135 60903
18041 70869
16807 79499
73890 84979
56237 61118
11950 15688
23201 68704
35374 94583
60350 90317
14413 32327
1859 82569
25595 83304
21735 50860
63624 64325
32646 86062
10145 28691
7071 86416
76917 92351
52266 52311
15226 70694
22011 34880
17667 85434
6521 43670
32346 78103
10794 52079
59483 89002
5947 44168
16903 28478
16275 60155
19725 55597
54617 93678
48728 83011
3741 58287
17322 19014
24011 50181
7949 15761
35854 76977
12047 20878
23862 33139
32240 59717
14095 69740
1491 34117
67974 88407
65519 90457
44932 53906
25856 78789
30470 78052
5458 23322
35588 93014
56739 72806
20273 37028
29365 43046
85783 93547
9029 79388
31300 89016
44479 60584
18968 48375
53329 78386
58015 67066
20445 93900
43424 57228
28338 63898
26339 33794
38771 79619
89419 93858
1179 64740
21420 24398
64424 66311
38619 54645
25293 51315
23878 74673
25638 31672
19701 92697
54976 72587
12227 38190
25062 27513
30569 45084
38895 52437
65097 82254
59961 75885
4888 9646
2087 11615
50855 63219
78343 90213
85272 86074
72138 89071
446 18937
31954 80960
10765 24724
193 35843
37377 85503
9348 77742
73308 85537
17876 94378
27356 68772
918 49168
16020 24491
69654 78214
3686 29787
24997 56027
28410 89601
70849 88297
12637 92882
48432 90253
24584 41333
30176 54550
41234 60245
25514 68845
57534 88123
2866 61126
70905 84037
11662 48009
76419 80225
33709 58236
85553 88771
44186 90350
74959 82936
3639 68791
2715 52233
21467 30208
25718 89705
55845 93588
19912 44459
42678 91890
2463 86498
1490 42409
16497 27014
20703 26065
26952 67023
55210 72052
21842 29298
21477 43437
63852 85453
20263 28755
12781 31306
19368 89018
26845 78533
35576 64012
67266 85004
28168 54279
27039 84030
55593 72632
49118 90656
61472 86316
33456 45748
27879 42114
56097 65485
30482 44601
29959 53937
41713 57207
10634 37552
10039 25133
36210 49145
23181 71045
12766 31401
41207 67518
427 38919
33487 61680
12959 66965
43119 53774
1193 17310
46504 66805
28746 75264
18065 92553
21476 43185
16459 91175
58031 71086
52969 65105
22288 84889
23281 90200
46664 59836
48147 86421
1364 90984
20073 79938
20813 64320
28596 84869
38267 69803
5639 8536
1145 78407
53637 84832
36721 64610
35831 45077
13040 60565
43079 55306
64648 91919
9985 60227
58244 83933
53646 89538
2935 47758
49661 56151
13162 62592
88951 93876
24491 73044
31917 68372
13993 35890
39588 43236
22655 26844
17033 94063
70079 82330
36342 85852
1770 6082
25149 29316
4698 77917
23318 37549
36041 83655
46341 82097
44390 88303
16925 73277
623 80001
16764 49697
60202 82045
11887 87796
17003 56761
41882 61115
17992 86172
38425 93258
66290 81383
12030 94148
7902 21779
6542 58361
23351 37890
32742 78894
42870 69276
55899 76652
28843 85368
34762 73674
17492 35348
52158 71528
78327 90465
50308 64889
17214 50078
4252 44386
3606 7571
13822 16278
41941 50433
626 47983
5785 25627
21793 29917
45462 62110
78995 89685
66849 75618
30310 86675
71916 72301
5689 12769
22750 70633
28746 70912
15282 76550
8821 27322
39850 64188
29740 86532
15735 48936
55597 90161
21557 74817
11671 92933
53656 66138
42124 56741
35933 69280
11483 18347
32280 33305
32161 77865
3835 24543
26655 42465
25892 45608
16389 94786
3083 84866
73747 82803
20920 46188
33573 77855
34806 68889
45071 56768
42222 45893
3132 87119
3014 73643
12397 15423
66398 91044
50014 86906
67410 75443
35215 65384
26749 42370
37243 51670
68113 88097
8500 61083
79687 90109
21173 26128
49205 58604
58630 82479
57888 93273
30710 37691
33787 34170
45762 92989
21474 51114
29132 74359
42264 71548
41614 69282
76799 94973
55445 62589
49976 54251
29607 46342
37512 79853
38129 80632
5513 41195
26062 84209
51727 73559
22496 74319
18193 70632
38362 71946
598 80039
42531 61974
32122 65772
55638 69084
70422 82028
43606 86040
14093 39211
17474 66178
12569 40620
5462 43734
48946 69849
8070 71939
5391 20622
45658 76068
52867 70521
14542 92816
52974 70700
1197 26225
63710 72683
14911 37910
7505 25577
6751 17575
4256 10386
32921 45614
19408 26057
25135 76972
17478 35437
25510 57945
1513 78603
30479 55745
8379 52345
69740 73683
4014 92280
783 86628
28544 89537
34174 36699
57649 71993
13831 37208
22121 32645
65010 76874
21282 41960
39676 88203
8877 87336
8714 87061
60821 87217
60682 84734
16006 75414
44348 73985
24819 89482
66786 90281
36043 38323
7645 12151
6037 43364
7109 23074
17530 52850
25523 75280
51775 76861
55033 57160
67018 83764
56130 59513
31197 92753
17821 39022
25766 65561
7424 38026
4316 44308
3090 60566
68216 79403
80793 86320
8453 27996
19176 32661
7496 48483
51109 63295
6284 20904
20361 93926
34148 73910
80400 93964
10614 54189
39263 56605
9887 64062
11373 91289
47998 65785
50662 75948
1592 71263
28428 52321
68659 80730
24362 68649
17736 59168
47738 70360
29192 77329
48543 48894
47935 51073
13472 33356
32681 58584
36964 56609
26054 34263
30888 56635
42404 44869
56279 88253
19078 62256
37135 92481
22780 67106
24192 38584
79939 92116
44917 81428
58133 62880
6838 54601
67891 84127
43163 67462
26601 61426
58316 84025
33625 93556
533 7273
46446 78639
51138 79598
34088 66513
2907 92030
35359 90293
6782 22293
18509 45156
23279 32746
36890 49794
59895 78483
12326 70512
2392 20639
39816 63909
29685 76144
86193 88206
11735 61582
32755 53639
25826 68091
22229 67696
15693 91329
54612 89650
6887 72427
19272 58345
16051 81251
18231 83285
56896 58105
29826 93667
44754 80439
3825 19664
44407 78907
45321 54649
16537 73021
20851 38950
7630 66847
28240 76073
66909 83943
9456 40113
16029 69891
2374 24962
11922 45105
81885 83495
38865 46945
74707 81452
28580 52038
20845 44109
26936 85992
65116 89319
67314 81732
11123 20082
11249 94474
27895 92590
5959 92311
5837 12609
38530 60276
52705 83366
21619 29842
27525 89197
51056 81353
21920 46106
27489 58662
45887 57407
13677 74199
52821 65525
37655 88739
40205 89456
60865 65637
15194 48642
16748 80335
60374 72506
81546 87990
34987 69187
33263 50699
10953 12358
73202 85308
34964 81414
15850 47041
639 1040
21430 53213
72769 74261
6784 72573
35261 56118
47013 92563
28672 87196
12054 85652
20334 79500
58134 61356
1022 94070
5343 71840
6710 81990
52135 72401
65071 68635
23349 29715
82920 85698
26709 77983
6247 41320
21978 80839
61766 81841
28189 48940
12253 94828
16465 63674
59509 74968
68685 81555
68006 79196
22943 72321
28070 59958
20670 76581
29067 63342
29773 31621
12607 80741
24218 92274
20445 26116
32888 78790
62691 86806
31560 83414
18848 37631
499 16180
42817 80681
1911 90971
53576 80803
37994 79107
70926 85484
25067 48581
29169 82889
4727 78811
258 92838
82393 94198
49023 88339
77873 92697
53766 66152
38864 74397
14702 76013
9851 79865
26479 84452
22911 27040
3472 55818
37583 86268
56324 79342
665 55605
34829 44475
8661 43236
46637 83309
13303 37300
54763 70368
13683 68346
8778 78348
29608 82617
7136 15528
32660 77027
60943 79831
43136 81927
32362 42574
79742 89846
47502 50413
43479 73035
30136 88004
32 23879
13978 58184
43534 91892
62675 75286
10495 90190
40270 45169
39299 85203
22763 71817
32791 79391
3649 87169
12701 93227
20245 90046
15241 86132
53188 93577
45649 71196
50223 55456
1033 38576
76362 92062
1741 51486
2308 52783
38559 46872
26474 44252
1045 39048
39775 58480
39279 66327
19621 35237
7562 81776
2059 35834
16751 42948
27502 66309
52354 54783
4206 68282
17481 91305
32048 86704
8559 39380
3520 6956
8044 66994
67847 94294
17495 67670
36504 38502
9191 75669
38782 72620
32845 71419
40041 63996
17817 61907
41805 74679
6940 38855
58998 89035
7201 49345
59712 64095
13178 19000
34152 88878
24290 92907
137 27850
32297 46291
35769 51978
14193 68617
15470 18975
32757 70748
10157 46833
27592 35808
36325 90748
61501 78017
490 7593
44437 76360
22290 49208
47922 60068
7055 54045
1982 66979
39495 51158
13537 59370
68021 90663
14528 72024
28403 40792
69910 92262
13701 53522
11685 40483
36771 58502
16313 43819
70718 76210
414 30795
28710 86486
23915 57688
26205 30689
10224 14495
30201 92930
45286 57453
78380 88042
64694 73607
24653 53172
38255 85082
4387 75332
961 59296
10473 86145
35816 43111
57486 76759
46480 62622
16679 50021
19453 35199
47013 84928
9464 69159
14388 55605
34665 86644
17480 73955
45372 81651
17019 45747
19651 19792
21899 54908
43550 43936
22236 76156
65753 68371
24398 37630
42062 75106
66613 80004
27991 69293
69450 79845
8347 30270
78477 82665
46912 82127
42589 94311
27986 92210
92231 93103
14354 35081
24592 38777
41616 94032
38636 94332
59434 87517
61257 78386
10777 51908
46217 66176
18500 28456
60225 84635
71663 80795
773 31422
4025 73733
82491 86965
15957 50342
41712 94446
28790 88011
20319 64638
8470 19020
15514 55387
11339 18480
49237 84642
58739 59667
36146 62154
38883 79542
30159 92916
8438 37357
44888 92600
80072 87597
43995 56001
25783 43200
47716 89537
5244 65483
23981 79811
8671 84912
34936 64687
50028 83480
18343 84498
16811 81427
11105 92256
19843 72383
25621 74544
13876 46523
21937 57974
71830 87355
16040 85937
62125 63009
63666 85795
38648 51836
11470 26936
46319 51966
26462 60876
4213 46053
8184 22364
20368 40946
11607 55143
32546 61579
16857 38319
41926 71237
50077 94141
13046 76470
46758 78781
18336 63538
2693 3870
7518 19098
84710 86009
26233 52887
19944 62658
5201 67718
29413 63574
21176 92918
31063 89785
59640 94877
25548 89446
37067 46794
20689 59232
35770 63713
14282 70879
45852 77138
64569 75007
33736 38493
54694 63208
44486 62530
23477 53716
19326 20701
11728 84416
53743 77134
29831 32983
78146 87774
2694 16552
15537 77439
29563 49571
49576 91112
20630 83567
12319 20056
7955 42027
12915 58273
38300 87824
37608 53622
9331 74538
4701 80984
52307 80334
18575 34809
19848 45489
14282 78290
9254 73474
1116 85330
42989 62999
44688 69968
3251 3519
7881 14697
61727 90170
29797 86576
68217 83191
54864 79407
3967 69182
49682 64121
12424 62658
29904 92075
5422 51985
10396 67164
19135 34257
10246 55689
9124 85922
17082 77061
16236 53157
53629 75982
17617 36413
13423 58435
67636 82870
55411 60822
65670 67219
334 30798
51420 80823
36299 49753
52625 82153
23167 82867
54068 76064
23284 56187
49787 64305
66999 70271
10822 39326
76183 92940
12500 47600
35158 84162
38321 47243
33161 69631
41114 43833
17716 59549
34785 46338
18195 19568
77353 94180
21346 76225
42074 92752
11443 45253
1309 8980
13538 68743
14731 23085
39185 84015
24630 72429
21641 90475
11631 58656
20345 54176
26093 88425
67687 78490
72290 85845
75409 88884
17376 55074
69766 70437
66162 73695
34390 64165
45775 85026
35891 37116
21972 71265
11881 51494
76283 76516
2396 7551
19898 22109
15839 84658
4256 47297
67458 86955
41708 45282
22222 66247
16913 72462
26209 47475
25404 80301
34569 77251
5701 28406
41571 52287
20415 30363
46629 88517
23287 54728
59759 60407
31454 41283
18966 67640
60158 67075
39613 79566
47893 50252
32672 47859
80112 93016
49129 74463
70392 81650
26348 43404
70724 84194
66543 70894
6412 64680
37494 77837
48366 62951
61423 78929
20180 31028
63418 94851
19806 87448
10351 92969
19907 93157
75915 90244
71920 84250
2022 33850
1979 49428
30989 90983
38442 39984
23127 33351
14958 36957
4002 69683
5608 21346
64221 70689
10348 44368
81534 83795
13514 62115
92956 92976
20911 31101
20356 20988
11290 12398
41209 57572
48709 91326
17334 24813
27013 75083
31013 87505
66126 72189
6340 31788
61592 82455
2489 50804
72195 89082
1278 56724
42252 84679
13555 50967
34477 86932
26600 63728
38557 85850
40690 57324
5796 52967
23710 29539
25213 81236
30457 48716
20443 40318
5967 61901
11516 68354
7650 67139
29143 65131
35166 56246
55577 76430
57022 73062
53425 56528
18619 22973
4416 85961
14497 68341
42072 66920
50855 57354
43784 82617
33066 42514
4251 22247
54591 57069
45902 92049
74114 93358
51691 89188
3722 13551
838 28933
37699 73002
56139 94048
11670 26319
53003 59919
15954 21729
49009 76823
26655 60033
28816 74050
35444 59182
33848 67318
30352 86573
56808 82966
5729 69861
64980 88293
60050 81525
67883 68957
8252 24174
1452 12572
14808 59854
30585 88731
26324 34134
14438 52461
39632 83998
43304 65918
73760 76773
59447 85633
27938 70252
27879 89359
22134 41610
20975 44932
83053 89769
48724 83469
17805 87463
74617 81256
30125 52998
2437 4155
27265 60826
33813 35779
8097 63455
38405 81171
41547 70570
21997 35159
20652 28345
39467 84009
56907 72562
35066 94453
50530 76302
58187 73251
67092 73276
15651 90136
5495 63679
42814 44314
15935 59207
34136 91608
3085 93199
20566 37155
22210 79477
43862 77035
28189 34298
13244 18287
32839 50233
8110 81436
13542 15011
7156 81954
40865 43408
22673 82256
44957 45545
18002 78912
22124 68301
27745 51082
8964 21953
51152 68143
73952 80818
52555 82168
5747 23667
55434 93511
28871 45634
3012 72205
32080 38552
44322 91851
80085 81504
11020 37284
47081 67133
53304 63844
64041 68540
72804 83168
12310 66176
1055 90749
24664 50735
31067 88018
67131 84486
29264 81135
91359 94529
51947 93688
35473 85809
36932 87148
16855 81514
17267 20759
79071 86858
13993 71252
21647 35295
78096 92649
10264 20626
36752 40118
44269 91931
31366 42446
6320 87631
26427 31858
11593 59084
29248 75258
42433 62297
4856 17972
70778 85695
27915 68577
27596 29696
47738 56812
67352 89728
36161 71733
54569 80690
42038 52323
35816 47677
40724 45932
17922 88208
8980 49937
39269 76773
34415 35339
73357 82166
80279 91284
692 2590
20793 23243
10022 92166
34602 91311
65101 94416
6786 32978
28648 51466
56547 66385
8694 12914
51785 93439
7076 38985
67066 81257
77 73246
20315 34982
53928 61461
26345 31344
16325 79238
34901 42948
50986 80593
20923 24797
76849 86403
23435 65259
17015 34071
52006 73911
8082 72092
41209 88676
50334 61792
24707 62840
10412 28425
13773 23591
19351 93124
38939 49065
4086 20518
1218 35375
444 82954
26398 53076
70480 85282
34741 52206
60827 93218
442 67514
46225 75211
5965 30673
42616 55418
59493 87276
79955 86481
84088 88308
64361 65456
7577 91321
45392 94248
17315 82505
60344 65924
74977 88952
7161 91082
3164 52756
21791 43568
45474 87764
28094 58044
88285 89655
23477 80798
71838 85266
7502 9172
7014 76866
51177 73350
23188 70667
28412 53402
12306 87368
45999 79698
84460 88321
23272 67790
68347 87058
89871 91448
7278 79184
42272 79457
14141 91278
73892 83062
18982 90274
9225 58539
33495 89548
29446 78837
29304 38366
21113 46492
10226 34364
34565 55107
24731 45213
30239 72218
21074 50686
28038 45510
38832 64961
3445 84444
47220 53967
39843 41666
24066 34766
26663 69678
35408 51126
76025 76543
19950 72035
12258 26498
24028 24790
45747 69081
38587 54336
64337 80546
23736 37809
15096 50470
2076 42549
2018 34102
15517 20242
47390 79743
38499 68112
13305 50769
20142 40749
24869 62525
12174 54162
18345 88347
28822 55294
32630 61323
41812 80967
55239 62110
3918 24200
5899 69242
40152 59196
16828 52286
16689 84432
24703 80827
54884 89912
21626 43945
28870 88247
5108 68724
9374 18153
20019 45064
60687 74760
38724 80934
76709 90421
34795 84630
14185 55202
6067 43875
3302 51967
700 23872
7375 15384
58813 86977
11555 46656
4835 18556
46045 90473
22048 64384
45347 71031
71127 84203
40380 89376
16971 34929
29381 90722
19604 59872
59481 74994
3653 17648
47664 69717
18434 18600
34850 36346
51596 73444
6006 63002
26836 63330
61155 85008
5508 84477
50831 56236
16594 43108
3137 47119
44377 76234
69620 86452
5472 60644
78862 88489
28844 88283
51592 72867
52552 65121
438 24650
4130 93765
24506 69336
15702 61385
90059 94845
6582 60425
10431 31004
32262 45238
12167 92903
59747 76112
26267 36065
12122 22870
36780 76464
29550 35809
48750 61690
24873 60227
47640 76051
50115 85553
16505 64843
51489 67104
62238 81778
49394 72452
42258 58201
12729 63618
564 64756
36185 72575
3076 80351
53433 79235
57611 77958
72038 86424
20357 54519
69863 76844
25597 87436
24508 44724
58413 82137
2781 47979
41760 73687
7363 16627
2837 56832
13220 38895
25478 76428
24346 44726
23395 30460
58292 84231
80140 94861
12286 86108
33910 34141
19825 79257
5457 75159
60594 71318
61796 72951
39602 94325
67117 90601
12953 88487
19159 89486
8890 70141
5315 69807
26642 33555
22733 72777
50520 77102
55321 77477
5408 49100
11068 61196
9518 25237
48504 94682
30940 38919
39348 69842
1553 24058
66684 71944
5022 90691
49545 63977
73165 91010
2149 24813
22414 26666
49469 60155
53342 90833
31197 56380
28898 77694
14331 62100
22851 65697
46456 59404
34192 38058
14154 81201
70450 74199
16612 58118
49472 67758
22196 82384
75547 89094
23799 37317
25832 57744
13542 28066
9056 33308
39169 82050
10014 53213
25512 41344
61812 66598
4762 18522
27524 64014
30783 50691
36685 90027
9227 9908
69003 87445
2909 92676
26975 94164
24916 65595
48624 54827
29838 50656
9849 34540
19201 57995
43091 53788
36485 68003
44206 54784
9557 49109
35460 36139
22569 44399
11475 88012
40430 77189
15728 28771
30052 58937
29552 88639
28656 46617
1444 53201
21332 75646
77367 80802
37743 92681
67098 89085
4028 82220
28012 39636
14267 44824
62520 66023
22559 50304
17589 79205
18268 66055
25448 75158
28873 50936
17503 56656
41388 49496
37741 51621
56564 89351
45385 71408
16411 90404
47925 92519
10079 28028
4902 35360
46416 63415
13955 74745
42323 66498
16899 20722
11492 60851
31307 90658
30419 72377
27877 68003
15382 44312
2808 46971
22628 27716
73865 83807
8734 15020
2535 14728
38487 61351
47287 92470
10699 63031
18712 40839
32083 74768
25054 71868
22676 71903
3768 61876
17227 77405
2719 6538
9702 32413
16153 75800
37463 90305
54098 54929
38106 75342
11012 69973
27176 65272
28528 33361
8268 57555
4763 38290
24268 25503
47384 62469
17019 87601
6103 50744
24203 78973
7074 12853
3360 68078
79448 89186
80967 84939
38227 67634
17512 62857
77721 79405
19761 43627
8085 21214
39774 67184
7437 8774
73829 77112
20810 46744
38407 58556
14706 74353
25239 48062
29305 74479
11794 35955
16465 47701
18829 46104
60817 61421
26985 48287
36056 65988
64508 88329
7986 73785
90541 92619
37987 54393
17831 87278
2721 42971
18769 23141
65192 72913
41811 47391
54524 94389
58591 86344
10004 85689
8846 75209
6740 25434
12894 73580
11022 70461
40924 80251
29521 32577
13680 17211
19040 24216
30074 38289
28353 64616
3285 67579
3832 33898
4088 61623
17955 20071
43923 77222
41775 81284
57240 92485
12497 33667
2474 69529
89914 90263
32337 67322
20439 72226
6632 55118
19880 85048
51481 52938
74035 87655
82626 82856
81 1227
21190 82240
34029 63518
53830 72444
9597 73284
24927 90503
3443 69841
13931 45659
54994 63175
23594 65768
16492 77977
20352 37973
18340 22727
28661 35321
42706 68878
43662 80694
72248 89929
31307 37964
61883 62135
9230 83369
57276 67205
25539 36381
30669 73755
14581 36354
31293 72049
7519 19020
60946 62024
33672 92902
6940 87747
10446 78433
52972 71456
6665 76129
16732 55006
76517 78563
48828 80081
11024 14313
12850 23773
32635 43695
15607 46730
16207 34591
1110 68507
61475 62599
53571 83821
14531 27474
36737 58847
21796 86306
39333 82160
55110 91631
36802 49245
93815 93903
57218 79512
27774 57070
9052 87262
12658 32713
49219 64081
36122 73416
14070 77205
37998 63098
28356 60000
34710 61774
36324 54691
18715 88031
66137 79852
24997 32460
25816 87928
70240 89942
20465 61786
36050 91369
33459 64345
23626 30010
35582 38859
46774 82683
37037 90295
477 11127
61984 74863
1272 56281
10902 23770
341 89461
37561 68010
79225 91546
23554 45877
63480 80412
22285 29681
15246 20365
38278 48071
5250 22358
5546 43350
31223 57875
55876 79381
3981 71207
19280 34561
30992 74841
40460 43330
27945 85945
14578 57301
34583 64921
46458 75718
50662 90092
69584 84000
22709 93284
50856 55939
36664 80957
32070 80541
28700 56165
29066 92994
19323 36151
9922 36480
4447 69213
39263 82596
45782 80212
6979 75363
60915 86786
721 32969
49503 94837
53121 89379
7480 64227
7097 44092
8680 26263
40121 65112
37759 88741
46666 53416
17120 52869
20991 68974
12682 24998
8296 34686
41658 69912
71728 92322
26037 72057
44267 85227
73211 82720
29575 81489
1495 7456
89975 94872
19172 91146
15853 19757
3051 60816
12021 31601
2072 54984
45293 65493
41538 75528
20728 71445
35184 62558
8789 13221
67128 76171
39824 83323
63256 65805
27336 63536
2484 7178
5119 30608
12553 50339
46385 90676
35727 89079
46639 79466
59604 85444
9172 83802
225 81555
23426 94446
2571 31303
75438 89968
69408 73579
20572 44882
26726 59111
15358 81176
10371 65996
20944 26013
30251 64478
1311 37606
187 36950
82814 89651
38695 83260
42091 66876
15189 83075
22982 27928
17897 33271
34804 63374
3767 32339
20344 33166
38842 56772
74903 93495
2747 69914
2916 68357
38763 55862
21161 92738
49252 61301
4046 28544
15893 70400
32859 59691
34041 68121
71348 84968
1151 5360
36408 37690
4094 27885
18049 43367
18142 35118
34428 76261
19027 57956
31655 68937
13797 65815
7290 35102
21099 41646
26987 38910
68413 79743
24730 63693
7174 59227
8570 78043
9595 29098
48820 85509
515 9108
44810 78833
18654 48017
86286 86720
22843 85409
21907 73846
30993 84131
16723 17799
79235 82525
39181 82643
14326 78434
14876 81620
29439 55795
17990 36201
77036 80358
36711 54129
51498 75997
44342 53191
81890 83381
49951 57801
67268 75043
2021 2763
48676 55845
53328 79740
19810 73233
36780 63143
18387 22243
58381 87658
42303 67789
68412 81770
37684 80095
27735 58188
3416 7038
33483 91036
29526 47189
26696 82727
25221 77117
81864 93264
67936 76980
52397 69272
26962 69305
32059 38774
21756 86287
93214 93372
20919 78270
2137 28514
19850 46539
18617 76221
52788 54120
56132 90881
9954 63985
38687 71805
48939 49259
15086 48407
8133 67896
24614 71322
1325 43038
57211 82997
21115 39420
49294 84350
39379 61132
32751 64035
47980 71195
18649 40089
78850 88285
41065 80502
28575 80533
28626 63038
70810 71991
40439 83222
56983 83729
55024 74571
26218 36465
36153 76454
76937 83519
6162 15619
12649 83555
24834 50847
9222 68537
52278 54725
22051 71458
63867 67282
39773 75899
27188 64577
40151 73501
15098 19548
16992 36637
13952 92065
30454 61990
35723 68345
1227 40807
25621 30493
11620 83210
7708 87588
77311 79352
71180 84420
5015 79842
12436 42832
73047 85339
14291 79049
10076 60467
84621 88557
658 25461
22899 44326
44862 82536
45957 68364
26582 65617
82208 88054
7767 17107
46705 78964
55735 76113
47848 53620
64727 66495
22354 43021
55126 60586
28398 72929
23445 55085
10770 20826
27193 55734
11585 90431
10930 26229
60701 89390
22478 39409
66208 75849
8504 69386
27143 45853
3212 93795
44509 75789
54109 58235
57528 84180
12330 39346
10899 53490
7855 93126
53411 57429
14069 60186
1308 13317
2400 48012
71220 93244
55078 78839
22578 86495
3025 91855
38580 42348
55795 64791
5225 22997
443 88895
7220 75365
48490 76459
77888 79592
25832 39907
17294 79114
362 20523
3312 36353
7277 82872
43433 74149
12388 76971
52376 77575
51027 82095
12841 23269
40516 54308
42632 84375
2468 22730
3469 40121
5097 86803
32486 64495
32096 41083
61044 89227
9890 28479
28724 80060
10559 55824
31194 45651
45408 69136
44419 77138
16372 37553
25190 26797
37409 87360
19520 32780
63480 86728
11496 60413
58035 89173
50 35256
22983 84422
6970 43829
31501 88161
104 24010
19112 58424
34727 41349
3574 80589
41372 71197
47398 50159
2818 37048
31129 35585
2819 29850
15499 50924
69251 92355
27701 56447
14901 73607
37592 64610
39352 48469
25894 75851
79116 81724
29527 85116
3458 52148
20372 27580
46420 57353
55954 94130
65452 74628
46927 87915
68207 75984
28020 44802
24904 30814
23457 30986
298 66421
65959 71731
282 72840
16627 82114
15762 71289
53733 75067
7124 73040
53702 79904
38293 50914
23099 23520
27898 46222
43000 47935
3892 90371
5901 86507
1625 94046
33929 82241
26011 66365
53542 62184
10584 80963
30497 60859
77737 92739
26324 60602
57592 74021
65334 69050
23827 30547
10572 49412
15684 36544
48480 59928
22093 66908
50589 70663
19554 41493
13348 89465
72545 91762
61151 81532
43799 82430
15915 22399
25796 34890
15877 52685
16274 53195
2723 39852
22837 32782
49793 68647
9404 64379
30977 87377
20816 62340
8879 70380
16554 63864
29282 93996
62256 87203
9913 31892
51934 60925
22499 66215
2203 76288
18316 45558
6472 75018
64301 79314
14743 54286
34299 46836
20742 67558
19536 29387
8499 37527
13648 57653
67770 71743
39824 92656
3988 61541
27058 88259
87871 92233
62858 92762
65149 76355
32750 41554
27052 32644
9222 61451
8387 58336
59548 69371
43842 85920
60698 82157
42345 85569
1279 13032
17799 19746
1652 64855
4948 42848
27471 27748
27189 33298
61500 71719
84306 91600
67582 82460
50220 93363
35765 36985
38829 86178
71534 93209
55782 78328
14228 52295
15138 62340
29414 39478
37964 46680
34355 83180
19653 54972
6727 50511
61454 88097
34850 65025
28789 77609
69240 80084
34288 39746
35947 94218
28159 75006
11342 51419
19049 81086
13021 45663
9248 75753
62072 89749
16877 52506
42326 85094
6462 94666
31854 43159
48144 56859
2718 39086
2102 9022
6199 61374
36756 91621
78454 79082
26153 39780
33100 38298
1491 33282
52830 80331
83370 89696
11961 49747
78025 92210
504 77324
57701 67373
35554 52085
84071 89706
4036 70681
50028 84056
13190 39376
56574 73106
36542 64652
15200 57759
57276 90701
34097 72489
20142 25027
27917 61931
5995 43065
20019 37571
2872 19469
53829 56305
73535 81728
56645 82260
41003 77744
60724 88196
3144 93192
14769 62390
92048 94725
19203 91119
43222 94525
14494 53242
76814 91843
23252 30353
20280 44973
1897 46310
8878 83361
39607 71038
18995 56594
6058 22902
7194 39027
65114 91426
62276 89691
967 20213
5579 63852
520 93067
39603 85188
5536 42373
84278 88737
43850 79906
2976 39180
26537 40798
9851 69764
62766 92746
21988 81144
33301 51831
8824 83402
69367 92854
78703 91599
69342 93347
7324 18528
4766 44294
544 48949
53941 67358
58372 94888
21912 93850
36394 47218
12591 30731
44866 72291
26186 77492
63880 86967
44959 91282
42527 44930
67252 93088
47879 85254
49798 74922
3100 45235
52932 83589
1784 1935
28915 43414
67368 79486
9433 77533
33714 76550
25463 36903
1893 37527
445 23250
76113 90582
21208 34541
58822 76516
76055 88619
19276 44276
3251 29926
59762 62227
10539 20062
24935 79125
7513 11419
74881 84788
3852 42176
568 51861
12613 47431
51239 75399
17952 21314
50578 79642
28232 83732
55826 84622
29240 49917
25090 46012
59889 73857
2673 28135
28616 54972
15469 47198
3927 34177
31009 40537
16248 86926
24444 91820
5914 94284
19737 60032
10788 40192
32007 84930
10603 74269
45154 79537
774 42162
19480 39072
67814 79551
7245 29042
14428 48948
9270 68939
63940 93096
40760 86199
55939 86206
4931 14643
10426 65669
5045 35500
11113 90814
46720 84824
39199 48461
49629 76930
6941 68322
60930 79347
1271 5940
8504 27515
15359 24806
29748 68098
62297 80661
30813 40801
30920 61687
6492 72512
35928 92195
75614 79520
5700 17661
90192 92406
14095 92048
17264 36000
46147 91166
4716 20827
21618 63104
26717 33693
35980 41295
18262 53217
13752 23727
15321 68650
58293 71108
46262 58452
22524 67503
21634 52495
69356 69841
41474 71873
1634 59571
34851 68579
11447 57016
38718 44860
40211 77897
41352 68940
60852 78182
68599 94434
53439 89757
18083 47648
16882 60703
63996 78130
29073 31340
48398 87129
1167 91514
18538 53814
39720 70618
25779 41819
7406 57983
7010 28544
26882 29520
19551 76347
15063 24058
21394 72473
14987 22503
52733 90655
7545 10950
13283 50595
54999 56045
7609 30540
18363 58884
30443 66040
3458 5519
2137 36204
12009 79079
509 69193
9161 69117
80239 89130
39580 84945
36675 88329
50350 94949
31059 62326
57862 84784
13419 14966
3767 76187
41496 93513
15134 86838
66505 71220
41733 75103
77118 92140
89023 91044
488 42846
12163 51088
31129 81674
73809 79913
4175 75189
87462 90146
55327 58837
24693 32822
38521 77007
33208 73596
4646 18684
12833 22004
25816 25866
41583 91184
31090 82937
6650 69250
17611 18939
43051 71348
55777 69487
20866 68365
5286 91378
59353 77963
1947 46499
5594 76719
32063 86084
32021 59037
45118 59979
761 74931
35716 47860
31904 43970
14865 43794
66374 67641
63012 81507
30605 44052
56646 89125
34734 84654
33217 88928
3057 13926
57758 89264
17198 56449
246 32944
49461 68840
24161 30522
71641 89866
23913 57569
2517 23306
14915 36670
36529 79161
24021 28448
37793 60878
16504 74192
28333 66831
57794 77463
19078 54675
12864 82068
8600 27606
7107 68842
20576 61172
65683 84970
33349 47188
28889 79963
35110 60825
29223 30862
72278 93544
85786 93881
48218 58218
11945 23874
50664 64544
11678 77556
4188 21518
4782 31329
19674 57538
32192 67185
18043 90178
1644 47822
38012 49122
43754 48316
17215 92939
1468 71403
6332 83355
11819 62219
36044 72899
2253 38355
6412 48750
69281 93874
36257 52466
54445 65931
71192 82210
18663 50917
3342 60634
35887 75774
37196 85231
40931 55548
21793 66329
36636 59859
16680 68266
36670 91071
11037 47939
25691 87615
55963 88553
69471 75579
40007 51847
4814 19211
15244 34696
29864 54725
750 41676
42942 47636
7916 21015
25504 36787
9120 37005
39218 53925
19963 34417
41980 44414
18809 88324
18486 21788
27303 71881
31091 51210
49884 90624
1319 66835
69994 74096
25220 45087
10685 67215
42201 48858
7977 22159
10504 46681
35069 36755
36818 60704
8494 82749
40983 68032
24423 27160
17785 83373
74851 88025
8054 86328
1437 31199
20821 78726
57412 76507
43268 49064
44784 51559
8206 54550
44171 65000
25088 40990
24254 85941
3592 73851
30743 32198
41918 42612
41759 71305
59413 92821
36589 92022
15970 83670
46962 58789
35433 37962
30952 77378
1348 47985
22004 48350
9496 54070
32047 56188
1502 74381
7927 12125
10320 11923
14828 57412
18663 55045
13109 80846
17102 18123
83638 84781
14148 90144
5725 77354
37914 74949
66574 67291
30705 78452
25338 46813
15939 81445
30466 87990
3922 35208
9422 91961
3976 30970
37678 71990
10572 11261
38687 42341
72148 84459
36611 57509
32961 41803
45629 71611
29991 84136
15640 20737
18821 37824
47889 61964
48812 81237
30902 76157
22504 53575
13763 16751
12512 54730
3977 37412
23343 74548
49174 81089
43406 45653
54107 90886
6335 28912
20443 52596
25587 32765
360 13674
13356 45958
56822 92827
22206 92611
348 22604
28613 28749
6081 53984
28867 69544
16336 32928
55467 60515
9331 39647
6044 38635
12494 52961
41994 75658
72318 79481
24658 83770
78219 82681
22014 46267
3521 5423
36652 94635
66068 81404
37352 64324
39753 56986
6035 20389
26120 74069
46887 79096
21537 84898
35586 82632
31134 75852
60653 89453
2286 40822
51890 77670
20431 46943
44670 46287
75597 81018
76989 83796
38659 70090
13786 72613
53865 65443
34923 78003
19498 91878
8306 16580
26044 67210
80878 90498
32809 54363
24512 27523
33749 54219
30571 63840
30913 83331
31492 93893
58493 94818
3330 39531
64198 87688
42816 92953
9869 30288
64891 74612
32449 44729
5680 40978
45842 85317
25754 33963
27549 30386
18294 81434
9056 29094
29282 54429
3397 88956
50195 75469
9860 27343
53421 57851
5736 67223
55309 59809
59203 88840
38481 63950
67302 76971
5235 33931
16039 34654
84859 86429
43692 88753
68528 87425
50361 79124
27218 39293
47634 50003
2992 91761
73233 83716
54045 66183
60356 80825
9835 85930
16816 37427
78299 94566
75111 87453
28527 85339
9206 61559
22307 67791
36420 78739
73821 94295
1217 19512
4160 73270
47634 89037
41883 81189
9138 67135
4317 20229
41358 71747
3215 8390
27730 58766
5008 52603
39394 51031
48536 64483
69208 72440
5986 84126
43428 82051
22862 73467
22914 61383
16830 35815
49473 91638
58360 63180
68016 73442
43182 87599
19617 63206
14616 17089
1727 76136
33483 58383
7761 79953
12780 90741
44525 90786
2893 26966
8614 59330
45415 75155
13896 40008
66043 66230
55237 83016
48136 77885
50283 80909
2529 50538
20521 74501
12278 85292
31873 59097
30337 58038
67034 83676
19068 49621
34002 46228
10266 40612
822 91713
28256 83133
23430 30095
26349 73556
92772 93993
892 64855
7732 12248
2477 75511
28404 83636
11335 35655
4769 72463
14141 65404
76053 85084
16701 22815
56405 85145
51404 77439
12166 16594
16268 16858
6692 49410
83737 92967
43899 90364
51785 73078
6887 14542
44374 78741
26269 51013
14944 45858
44875 68053
56733 72524
4320 68385
11694 44429
5849 79941
6118 43494
25954 63776
8048 41401
2364 34932
6936 7294
49137 81343
14402 50006
51504 78966
51831 71099
7895 90554
41219 77647
29654 64293
19044 21983
36398 39690
27693 29023
6031 39942
67326 78296
23709 61140
5890 88841
32564 51367
44334 46492
8194 55953
61119 82132
21112 74331
43821 52144
50263 56510
25293 81674
53257 62419
12489 73065
34558 93987
23373 29249
29597 37301
40690 77408
36045 66575
35292 38893
10005 92115
72229 72936
65262 72526
52292 94856
64176 65124
30171 59040
53969 68828
16494 32331
1884 89847
20054 39031
11699 89150
10031 94710
73140 82507
124 55524
40419 69144
37277 55583
24238 48995
28396 34215
64512 67885
22988 82689
18055 37496
26686 82840
66557 70619
7044 11614
26102 61082
11577 58900
18839 78196
4390 46907
31258 31451
10596 47183
15987 86303
32341 39790
3833 17129
15448 64218
73085 79718
30342 72537
50520 76403
13412 72569
20129 59126
30127 31341
5212 88226
4129 23828
75470 85511
66522 91338
18717 22985
4260 77726
20486 44215
55714 67675
25638 56371
19096 61987
19820 28835
3837 26163
18323 55791
36551 53026
77640 89341
69351 87254
12444 72449
8134 71747
79736 84804
38654 76202
20111 48394
70628 81169
22758 55943
13071 42906
8078 94384
49757 69208
8802 14902
54825 86026
34952 41764
15860 29846
25782 74942
2142 93446
6917 61075
58270 92945
5432 63674
78036 89083
5461 24920
51649 89552
34858 73127
50860 73731
37480 54907
20206 89552
21227 45702
35825 88576
38479 91481
16220 28925
16433 23822
54143 90939
3479 53410
18821 28890
12995 15079
5214 52775
88531 90058
60057 64163
43068 85056
25833 82653
10790 67718
42595 51047
12829 43708
28079 34194
54836 68528
4615 12158
22563 22782
43780 62224
34624 79501
20335 39189
34561 94196
54881 55385
58519 88356
29061 52536
55739 93060
60016 77624
22406 79872
40950 80176
73722 86860
19564 71814
58711 63399
7932 15233
6939 24985
3383 27114
14655 47376
39512 88774
50581 75660
24934 36743
36135 46747
60986 81914
24601 89015
26744 51981
53661 68341
82718 85501
8727 35030
1309 71059
52344 62296
57645 70829
40960 93184
33194 38965
16089 63070
8726 90474
40606 47590
31393 87614
65513 87202
66650 78788
84840 94299
912 17918
21681 32602
27657 28001
42695 77635
64718 67379
66735 85504
51634 61379
20823 39782
55106 59215
50493 74845
13934 33056
25534 30025
300 22980
21861 61342
47731 87918
7447 15973
10110 43991
84648 87563
20361 33687
5218 34224
48967 58783
23622 72461
5675 29701
52451 72146
5379 34456
7331 60416
12398 25619
4619 11473
79386 83536
45198 88176
14125 61829
41423 63838
60630 70595
17421 86077
7175 38264
381 5418
19731 43394
45168 71163
17935 84731
10329 21802
92567 94032
19710 20851
38329 74838
24899 75240
21789 56639
15687 34681
16389 52799
64233 92550
6898 60950
80422 83738
271 69820
16279 66468
42862 62917
25834 42491
62444 92376
49084 89069
79206 93545
7713 68799
19718 76794
5799 81143
4328 14467
33897 50887
36583 56752
3781 5885
1247 58132
23662 63525
38696 89078
59489 61449
35131 67262
22428 24477
16529 67352
15047 87319
14698 72195
444 89607
70900 82409
9301 48508
27366 62308
59080 60607
73515 90081
48422 63947
2361 25234
59968 83964
54642 67570
20316 66677
77984 89488
15879 63742
55943 63326
46281 59324
28937 65646
41143 45565
10408 26055
8662 48964
66409 77045
12002 46218
31412 75485
30423 73581
13149 55274
4008 44440
20012 56720
12485 28835
11177 26667
15738 75363
11237 49515
34264 80826
55484 73378
13581 75393
12211 41975
11587 79258
14777 30336
38336 39685
19007 44976
11716 14014
59231 93973
34951 90473
27784 34033
5140 80478
61633 76946
27687 29335
16959 41975
6042 84259
6839 50356
57070 75189
6071 82014
17582 21581
49082 68734
45891 94952
22630 69135
16329 94895
14650 90241
33301 49688
18148 27697
27268 63326
19200 59075
39815 80890
22442 30522
56526 81308
28964 85031
22112 84834
152 52000
7632 32773
4730 9805
56953 68630
74216 88695
12281 75656
17050 48842
4221 55109
9958 40363
49176 90065
6720 17646
11142 62358
29002 33711
75406 91267
88947 94032
9521 86621
6944 37085
17103 33566
7041 18540
6369 9464
42207 91917
1803 18251
21120 75844
28541 59780
31064 87786
3950 14037
1261 58499
56696 66330
12570 89459
14219 15451
22965 37533
21372 47636
57404 83656
31352 91919
19426 44545
41693 89409
14080 59786
11194 23971
19627 22880
27868 93800
10669 11534
6393 76951
7949 49861
85113 87508
56520 76145
33270 84868
43353 67400
38241 57659
34324 74632
79693 94478
40884 53678
64489 92758
32473 90091
25262 52778
1933 25086
8794 13128
21088 61627
47594 55416
22166 87241
7393 43950
22356 26419
53872 71561
75307 90250
20792 93116
15042 30828
17258 62877
26594 31548
46183 64910
27237 39549
32224 34486
57430 81221
44135 80785
29774 45165
60788 67296
68665 77327
51798 54010
50584 79791
428 53001
27264 29177
29930 90551
14590 16390
34757 58591
24614 72098
18435 20226
15574 85700
67106 88976
27675 77256
28497 76944
36012 85057
28407 94901
12221 17481
26296 58476
25351 36679
21370 58661
88664 90594
9008 11313
6853 86164
10483 78350
25567 33081
50924 73309
28880 40739
38204 66055
23657 40886
12950 26632
6869 56702
60856 79164
4789 70697
12396 83558
1242 42943
17511 60322
59631 70656
15854 23423
43530 57042
33695 41708
16040 65648
66348 76176
14215 18829
14209 23661
81428 85769
69031 76014
20346 74887
48321 93515
20521 52500
62846 64958
20164 60078
27529 59570
6240 39889
41394 58004
6938 83440
16673 54499
17897 42771
136 76584
20074 87479
20198 91107
48716 61025
12895 79029
23074 89887
35860 36615
56437 75415
49304 81320
39160 56548
64723 89544
12219 74867
11374 39719
1167 79130
518 85037
16450 17667
75051 87162
31838 72534
74805 83343
25263 72587
46944 54173
58123 82018
10880 66204
75921 90127
15742 46137
43653 84874
4671 58794
682 86294
20 88897
9228 86965
36276 80676
36502 80129
28879 87503
30127 68994
20528 88716
48178 56091
8050 90930
57308 79514
10234 67007
19721 70586
18781 22269
29573 63370
10426 35670
7805 77353
40930 76309
3108 53175
59431 78709
14076 66361
25124 68476
21586 94828
51851 80394
5110 32408
11017 61350
16351 35130
21817 30014
31452 64255
46607 72723
55160 94924
21739 72079
41949 46883
62947 84069
62596 65976
65089 68506
54649 87854
11847 13921
46344 89871
65189 67387
17190 76469
22825 66513
89420 90669
70509 89956
25400 29491
2418 70202
18742 45468
82635 88591
87 56063
75471 87166
51448 63888
15171 29225
40448 81559
269 33458
59462 83495
75792 84795
66373 68490
28445 76818
23412 28484
68035 91796
38863 62990
45436 65248
8928 92147
17617 20014
7461 72402
70483 70775
42482 93562
44782 48569
6586 18980
4271 54671
62142 89270
30975 47372
26643 34865
18769 83582
45668 66536
68782 90970
432 51963
39402 59893
17345 51304
35092 91761
1404 42252
40843 79268
27344 47477
106 86711
9795 30468
12081 65874
4512 78027
38944 65969
87447 88820
19642 49412
14987 75997
7923 61480
8295 49313
36086 60050
17105 77578
5935 35278
10823 32049
36876 38833
29839 91387
34022 78674
4146 93323
84019 94351
3853 62187
57452 59956
26792 82751
800 10122
11487 12640
22237 27973
10042 72381
30966 81906
56244 86109
58597 82733
47126 72357
36085 65067
9118 21740
24991 72716
74219 83241
24086 75486
40030 83525
6514 54675
8337 82821
85102 94281
2526 36680
30722 68823
81458 89622
43266 43301
56579 83421
61836 68929
24143 47775
87327 89368
995 53278
3068 59378
3201 36611
641 63724
24697 89500
45959 59767
36695 94585
6407 39371
22974 88406
22140 24209
39569 40346
5380 39348
65234 92358
15365 31484
12135 16631
32855 85734
74745 78668
52605 82057
31906 93659
46710 67397
46962 75161
71026 80090
56084 76872
53460 94020
4522 87834
20923 57022
40875 58356
35910 63458
86614 94153
14796 59699
23550 78609
9405 79686
17084 42672
68448 83091
28957 78777
9006 54275
6013 8875
13002 89328
4844 15038
72148 84443
59597 70388
17545 17645
17961 34082
31077 89366
27493 28301
56151 85770
32325 79998
5965 23263
3832 80577
28748 72228
40079 78551
51653 61899
22391 62182
48873 64426
49223 90857
29538 62996
23620 30954
46497 93054
44954 50986
15401 32089
71733 74818
35316 83227
67938 87559
54357 75870
10042 37528
32900 36128
5294 86344
6445 48429
40142 51200
5792 79043
21353 90145
74720 88703
61656 74163
66682 78247
11542 45109
43524 70991
22492 66923
32896 42718
40080 73261
55771 76565
54828 87833
3108 92680
21184 81553
33726 38222
12123 32729
21724 92126
17999 83928
2707 91749
37699 37764
66706 83189
15928 26319
9030 20794
21951 67882
3088 28921
59671 91695
63658 87405
56548 61790
43933 54432
29423 77894
59956 61604
40304 69205
31846 66721
2006 6586
63890 69875
52872 79180
29382 41390
18367 40816
1649 88688
4271 84929
44347 54514
55101 59696
10218 59953
46679 84915
55761 57284
2995 41629
53010 90737
44787 49360
35968 43439
28801 52251
35426 58121
15246 86487
64045 87039
2517 10808
26625 45250
23096 28086
8769 69011
21808 55150
31625 82515
47582 65148
23227 24175
51517 88443
19542 82325
2410 54210
16012 83290
51465 73814
66484 94210
14190 41072
72096 87682
11288 65016
30774 37752
4026 94635
48380 65802
35039 62616
49777 73531
92063 92582
52233 74495
70512 93995
2729 70035
20792 72567
61586 72247
64934 81592
17410 63317
45200 87466
39953 77226
22545 54542
52717 94658
16936 28191
2024 73905
52761 57539
17627 19091
45753 56368
29027 94800
64223 79806
58599 89850
60900 68919
17170 29266
2934 38302
39969 48509
33532 56742
53950 69339
37557 69417
28109 46973
36334 74412
32387 73773
17570 37825
39454 65322
24691 46697
55436 63576
45672 64576
36048 63069
16168 82461
37426 43825
146 30966
4457 37256
30261 68967
13869 90955
67802 68739
67932 83906
31341 84671
41666 81671
14687 42784
47344 76911
22166 58039
49720 82775
12409 33807
40003 63142
31931 49821
4261 31372
23358 28251
34934 70191
68510 74237
17614 38715
60225 69060
20354 70835
38457 45379
52221 80688
60646 77193
78047 88592
25601 27737
76815 92314
14556 33071
66609 92894
65895 88630
28414 73011
24597 49577
16127 30787
5102 28258
24959 63558
27531 59919
10582 14212
8961 73549
37732 77879
34955 46431
19444 74373
22059 28526
35118 87398
11369 86028
56747 64516
1895 38636
32805 41840
43909 75573
40671 94661
23283 46903
71146 85803
72499 81593
47940 76683
16798 25915
3119 20024
48686 81111
55170 72444
9557 70821
30373 57283
17197 42323
40189 40973
17620 28638
2650 8931
50569 79672
22387 76033
1211 7480
85525 91696
82410 86129
82162 84013
12235 39669
30579 86934
3231 62513
22351 45097
7380 77314
49485 92929
51813 94964
25711 38441
30969 80706
483 51864
38800 51241
30230 54985
29840 34990
4127 45792
55518 62062
9096 17972
39259 50941
46662 93026
30078 41890
24235 69914
72125 75262
3707 17249
25925 81737
67262 94755
86301 92101
34794 70490
66205 84298
37179 93673
15931 83339
8404 94267
53959 82189
14517 91424
53720 66617
29390 58916
8351 65101
86697 93274
8840 77408
11653 28406
52027 88370
880 32978
46555 46725
19123 53909
11085 68145
22521 33831
55220 60276
13406 27977
410 46629
39921 82394
17067 75125
72342 73871
3788 68247
22252 81177
35192 58502
79510 87415
11072 77320
59382 61882
37444 56805
773 2695
7814 65315
64721 72282
56139 79814
15662 61576
63549 65982
17852 28999
18574 84036
45800 85081
15888 49415
12523 18708
79820 93256
73288 86339
44166 54839
67539 80034
54471 94536
9690 64000
18077 33320
12408 68245
44873 77022
55158 68149
28583 40523
1843 21492
78700 85618
4658 58132
36532 81848
32313 52199
83765 86746
71330 87520
13002 69816
9184 38087
16283 94886
5206 68232
75776 77438
18558 42102
44882 56677
39865 86720
7890 68152
86684 88012
71419 84995
33451 56060
48617 85770
44393 51099
18992 21476
9384 14976
15004 71212
4109 55867
18425 83950
20931 28983
28784 59497
28051 86222
55302 89356
42147 88782
23425 46784
5216 91741
568 61449
31594 77876
40107 71812
12208 60678
16306 83726
48303 71167
35651 89933
17755 91330
24239 56699
46887 80770
5960 64283
17094 79392
47122 85227
15996 84703
40348 73725
1752 80230
51431 93297
14947 33273
2139 57021
16445 72897
24374 53645
58692 81171
19415 45075
23479 60184
37339 76918
57179 82948
579 20367
45599 90181
5381 41830
45345 72818
2171 49533
26266 84768
15354 87971
5790 13393
72323 89003
29324 56035
52181 75250
707 14892
57927 76566
1633 2836
46230 63410
39108 55301
56990 80304
26621 71731
32909 34728
71499 87841
17899 83613
37170 56243
61935 88714
29492 32225
1335 77183
13460 81141
5073 14106
12049 18691
24742 79793
19657 84295
671 57355
50302 62649
21724 77554
81729 88871
6509 68549
12608 63894
36348 47361
69746 78599
49834 91151
1820 67948
74364 75956
56024 75601
48422 68890
49949 90977
43552 81467
25327 38592
36166 72220
854 27938
52212 57854
58989 83553
25184 81828
4310 19754
52683 85973
70899 74869
60573 76107
34583 40253
2948 92024
85046 92632
42506 81962
32135 70266
2822 56512
56124 67287
4775 40817
27006 34376
68527 75783
37492 58996
19546 94123
44496 82822
63161 93363
46955 48054
20702 56046
35939 81766
34367 39417
80330 82236
31950 92567
29113 36869
49408 67616
51564 77095
44631 59823
11005 75729
11033 40812
16500 74452
21423 54396
32135 86428
5142 5204
52887 68131
56945 88571
41137 90887
12459 94956
16532 87565
6636 30923
6143 44736
18165 33461
26069 28522
44147 85615
6822 56590
60577 80668
23403 57824
19009 59815
26601 75150
44102 73492
52672 70234
43588 43598
72969 80519
9773 66208
56460 63676
44269 78103
8145 77302
5751 85765
27803 42001
35198 59474
28314 60235
46704 63444
3523 79467
16224 67965
33547 61265
58301 83138
74185 87559
21378 23921
17959 90547
1890 63485
19067 33359
58092 67342
64907 85966
6108 85544
13376 65044
84661 90033
66446 82774
17297 53897
28963 84582
13867 78773
9411 58892
63511 90694
24160 64780
2363 71307
56260 81542
6189 43597
52064 84212
7737 53463
1175 26531
31153 40462
2619 67896
171 53368
52248 67189
26038 40455
31818 84434
4367 69771
68975 81426
16609 17291
62372 77343
66585 68256
27866 31112
28787 82600
37515 37937
22079 51719
39772 81344
2395 84494
20562 78057
18832 55120
40456 86370
44530 46320
17783 60349
12598 49204
43149 43942
24125 59407
6906 67893
13728 14363
27303 94927
61697 73610
47996 86672
56947 72798
48147 79233
60758 81974
35988 67967
59258 79121
26016 84110
15647 75768
948 28229
43803 85616
69522 74105
41117 54757
19056 35985
21524 31576
18529 51218
87814 91395
21811 86560
70 80011
53832 69143
31915 37369
33099 72804
57352 80945
17855 80555
15349 72939
1483 81878
54246 82352
16180 94407
25425 69638
22770 82999
33236 63546
46096 57532
1963 40141
31123 85254
27120 88869
14962 37871
7274 19324
2935 17478
46395 87920
65413 82291
64226 83728
67893 76371
7684 91322
46273 56879
9123 16294
10593 30318
52738 59657
3817 59570
33902 65491
43603 49280
53588 74669
25833 76435
21638 94164
21976 87083
40181 64216
51925 85589
75318 79003
44238 58893
69295 79740
81484 94735
13486 25510
20968 35001
41339 56309
7436 50739
17262 53300
10293 90594
3723 52506
798 66027
11119 67975
18880 77555
1513 18507
87755 90479
12523 33886
58486 69813
61021 72357
33406 93635
3800 41067
9871 94655
51811 51899
31405 69628
3282 44948
67778 68031
10335 13408
73605 81604
22647 47722
27989 78117
75051 88424
5694 10170
66517 79464
25639 63928
18748 60049
57878 62903
30486 60916
33550 65074
19704 20546
5830 21128
89331 92908
713 18280
44595 94202
9212 25117
20798 86132
12348 81566
3668 94495
26266 54038
58958 80219
7288 88084
26982 70145
42657 66679
29797 47093
17099 72082
43773 94713
47445 69245
18800 53708
8982 83865
52712 57194
22542 80137
68122 80159
26332 61535
18354 65803
27758 68634
77869 86376
2196 9267
35879 52668
82233 94176
72134 94610
35578 49258
75353 75582
1166 66495
18879 35374
59039 72112
38761 42488
39931 93371
13828 44205
12976 75896
76798 87224
30259 63290
70038 88288
39626 73726
9782 85907
26525 85482
10717 94823
35322 72658
38570 75592
51093 62763
31042 70969
9238 72908
25055 27982
57222 72780
10829 50895
92427 94862
10513 23148
60102 80763
8815 85104
8846 72928
9402 72279
20622 30842
25391 29499
11692 42093
12548 74602
9024 74716
42367 82230
3984 26176
8926 22515
21437 66820
15566 16572
34683 59281
17894 61333
78784 83903
27631 35118
4111 42999
36950 41518
50297 73127
38775 89726
36762 85502
45512 72720
69831 92499
58161 93718
53503 91530
39576 63395
52081 72717
33383 59082
11118 23258
26162 69326
31715 45775
35272 90683
11077 57712
23674 28820
52019 56931
30611 81432
64376 64923
43784 70152
44157 54018
62359 70556
22816 31572
41917 56416
10163 45251
75846 91480
2113 16047
42873 61480
72585 77457
29915 84146
24531 67053
37741 85367
18978 22843
43516 63252
29301 86662
19852 51042
35038 68348
6507 25357
2135 76912
53987 81992
36163 44002
33759 89930
23732 36273
41695 64022
42144 85605
61140 91267
42101 42705
43632 64667
28704 87427
79097 81215
9318 48136
57686 58685
62599 64394
74499 86803
57847 63019
16292 46227
3451 56673
5216 26444
51593 58035
59280 75379
38640 82212
55613 73964
34041 38246
46122 48241
54681 64976
39633 86156
6232 86445
23277 94952
43659 59696
30109 82259
1724 67418
9206 34306
81202 93377
38604 58441
3568 92713
9908 87721
36298 47291
25096 77903
8544 35768
51962 63060
42861 67289
38984 91141
11308 12633
12873 63412
76779 81771
21886 22190
3133 48177
17790 44826
59029 59277
23488 67872
15363 67770
59233 84694
26266 44922
22123 72759
3611 5497
31642 48658
41418 86208
7645 8286
30352 71890
6104 55435
20884 83731
37276 89473
36549 76449
63248 71280
54650 66774
34243 47526
8086 57501
38491 85322
12160 33064
79059 85689
56410 80737
42846 86120
88094 90490
53951 59979
61331 92633
4600 70427
58826 71559
1058 44345
4143 73842
10283 47577
27474 60268
29347 76805
11423 20214
54053 69982
9677 73117
31226 68542
25225 55356
294 69353
10408 82451
8999 68795
47282 65088
72221 76687
4602 16731
46209 47059
31156 49506
28971 56986
932 69782
74841 75751
15734 57439
24346 91041
47017 90275
22167 47110
26095 30296
60522 71775
58755 59219
34094 59880
19083 73109
23657 47862
47872 58041
22605 54423
15749 44034
36447 94954
10863 77535
59420 77746
30817 79677
23313 83533
43741 48706
47481 59647
62720 90473
23844 60479
30340 54796
11818 88353
3626 60856
1627 45467
20991 66660
93286 94785
5572 41687
44559 45331
11303 14949
21113 71631
17852 68396
8449 19274
23823 40185
52829 59030
76712 94120
34000 34602
16631 52596
14597 83294
29623 57892
23175 38152
27752 45195
23240 52652
22284 65206
39900 91704
81792 81897
61805 89241
67490 83484
16488 36160
85787 91814
51360 91799
6839 53373
4415 61108
21434 34322
38822 84200
34972 53112
47343 69970
77236 82368
61415 78443
23799 46370
60083 94009
58140 59196
34969 63362
31768 92563
13395 92854
65806 72231
7703 70512
53111 88225
41910 43465
32375 42474
42089 49134
1734 70167
81589 82983
1634 51043
20037 57588
62044 93542
42082 55496
1057 21565
16249 19285
42038 85822
1711 72071
16223 86290
42754 91578
2946 86444
1352 81097
59547 76707
3419 77975
20991 87920
40980 64564
39500 49539
89118 91129
34846 49347
3775 87963
44451 52152
6820 74157
13834 76761
23250 60672
43599 47690
58749 61245
21481 65688
75091 82021
10606 31130
21022 89205
28097 52305
46621 64959
52526 87399
22231 62347
78718 93794
73180 88240
7687 93666
7454 71475
16848 30559
67595 69122
10416 71680
26387 57311
46553 46897
9393 9871
35272 46740
49041 94521
10200 22789
49040 63649
22795 81783
79466 89566
42693 72688
52676 86883
39205 48231
30876 56463
16387 41962
8410 9259
60931 89056
64465 90769
7625 83221
33891 35138
37476 74437
24638 82719
49430 80148
14055 80175
31792 53313
58629 80844
59091 70616
90357 90778
44087 91515
31744 75638
50708 70013
15778 47558
38872 40872
62459 64347
34628 52499
81714 82956
31224 78897
13163 14350
43477 61911
9339 11373
79034 84259
1575 23558
13152 45892
51374 72869
13690 34313
17666 74148
27797 85421
69110 74236
20542 62485
23115 68444
84054 84820
22203 64232
44634 59369
3656 56062
71827 83607
39516 82632
34661 87644
38469 66145
16884 42483
13540 92160
19191 30685
12321 43791
31532 67844
1775 60577
15244 72329
39484 65472
2043 13701
76341 89897
8072 19399
74005 89184
21571 29436
21145 21811
32840 76036
24648 62063
65524 89777
42275 76318
14483 77557
28625 87125
37606 64354
40722 75759
20735 62309
13983 50964
12138 81573
23683 79533
2821 35776
27996 28835
13588 64361
28750 33242
7652 36135
77645 78675
37282 64192
31514 82513
37481 77983
27743 60371
54005 81689
3891 15006
24234 55212
57340 88401
16801 84763
4002 38202
4511 44083
625 6739
56039 90258
61083 89993
42168 72661
24867 51604
16446 35843
54576 59192
56740 67433
49180 83871
35843 55096
87024 89945
87555 88958
77094 90420
29747 32548
58718 59338
12040 66811
6032 33827
50259 59442
15466 55480
46882 74176
53800 62821
11176 90975
16986 88234
45484 76070
25554 58662
28544 30487
7678 58301
3189 3579
86085 86348
27832 87078
10079 51645
25262 83346
32595 51409
6339 79467
43111 83463
17394 21703
5900 53212
11337 47798
19077 55786
3655 35315
9229 15127
17947 66807
8158 91080
2887 80253
30529 91259
22083 67456
3814 37937
15097 44649
50960 83508
7572 33083
16554 30194
20152 69919
53084 58774
40526 75077
5116 7042
14427 63196
30473 54525
43650 84444
23958 36271
42297 87528
17520 42507
23008 42390
36103 79041
11287 30411
17808 54829
72848 73016
4327 59398
78729 83335
18781 49770
80596 87613
5527 18616
37829 59115
27663 44724
48743 51821
4296 32976
2231 67366
59615 93774
7422 24794
51004 51938
11572 77342
34404 35119
8119 48128
6664 12876
65492 89784
73504 78072
14947 30712
58807 60905
72206 87214
20255 31288
3426 44825
19613 48492
7475 68630
34374 90126
61230 62198
6773 41855
12421 17329
70172 71144
42323 84015
12089 28846
21224 47317
39851 87936
87681 94139
36152 72222
15101 47434
25991 53503
45200 90617
36315 85938
4806 7295
42790 47107
67678 83322
4018 48306
1529 75569
56753 76054
60202 88113
19056 21910
13317 34207
53614 74287
24831 74584
84436 84632
14834 27607
25267 78246
16761 90720
10583 68536
62107 72730
33428 82823
26704 30098
87231 91539
25023 26355
4199 66092
73457 94419
4982 5096
66024 93120
42996 75628
51723 68565
6247 76002
23056 45312
11414 41840
24352 32473
14083 47678
10341 54546
826 61045
33283 50655
35600 38292
81972 94726
6795 63102
14043 94422
24222 87086
70036 74923
17981 80372
2484 13457
33378 51652
7687 24952
28424 35630
32327 64270
7519 22901
19459 72410
27305 73402
11753 30198
36056 61818
23924 40946
43010 44902
32915 69043
26533 35505
37687 79593
53530 91571
8749 24238
7211 28360
9443 63733
27732 29998
26227 49909
67576 70507
29508 48746
18028 63939
16752 37759
8332 14310
3410 42221
20703 43502
16956 44356
36645 72439
24726 58779
10700 39694
91256 92128
44188 64103
45275 89288
72707 89964
58269 83629
35441 80557
57779 94006
31092 59980
37684 48453
64503 94728
6638 53481
53308 68011
13428 47333
33704 76704
47734 73810
1423 65003
9367 56250
42027 47873
10500 72907
87184 93086
15874 92198
34024 64325
47909 63285
21165 39422
43506 82975
58792 73861
61508 68627
11903 30480
79832 82468
31226 56730
11822 90166
19296 46764
17681 31661
35438 75099
66979 79184
11890 77118
21660 51419
55884 94069
30076 45801
4833 18752
49966 54131
8362 55589
71265 85175
42556 86006
50962 55582
15170 81388
15712 47460
46815 72326
2438 82660
16965 53590
3847 49885
55745 83411
3425 84930
11462 58826
82019 90398
42864 92870
10516 42275
3289 77777
61885 62505
33529 44023
25173 88031
14270 61070
21561 49694
7100 45155
47638 54206
55887 83224
33574 58148
35905 94165
21161 30659
23513 93725
9517 31785
562 93057
23831 88725
16755 26457
5495 51337
49899 62394
36425 82377
8145 90193
11845 33948
337 64934
363 86561
29156 70851
10082 73729
61089 76487
43465 66715
36963 47124
33307 84904
9139 66515
13608 37612
41423 57573
456 71405
14189 14869
13056 88256
84666 93632
5958 28589
1998 40350
15538 25142
43399 80910
4863 68479
31549 46335
18777 68783
57569 61805
47721 79004
62176 81917
17819 63655
57892 76143
24356 76484
6436 52888
8851 42252
63558 71798
1471 55648
3486 83859
1092 26942
7452 57748
57442 94280
24303 55946
26572 35810
23915 35318
45369 64241
4695 70878
24835 45368
3386 39316
61662 62246
82222 83457
24414 89429
61583 82320
26167 50401
85812 90457
10368 47897
21574 65897
16885 60000
74408 78213
37164 44687
49434 71338
64407 69963
12343 56326
35936 38952
5232 56286
31482 83960
43728 45309
84502 89044
65152 83345
22662 58172
37574 60794
47756 79551
13477 14653
22690 82210
41883 74571
51585 56221
4659 43819
35979 65987
5796 91611
4286 58211
44051 90799
17228 84756
22846 26909
619 32597
4456 86032
18972 92892
37434 78766
47402 49315
54074 88352
10233 81113
78325 78850
52352 56695
46245 73222
62038 68384
16944 64410
41198 66220
46385 59003
33308 50605
25501 48300
12198 50080
24267 57776
56082 71570
41268 50822
2395 23708
21161 73385
13665 75761
18760 23371
1100 7891
13634 69751
33023 36479
44437 50269
4421 22790
15407 79739
42401 85876
33300 91940
18504 64534
4948 24633
67137 71559
25164 85127
52252 93636
33414 65829
44045 59670
32707 91918
72539 79170
5335 85394
16202 66335
90483 91109
13586 73129
32411 79797
488 7904
7180 7216
53904 90075
33889 73791
3603 20830
19368 52326
57919 69464
5482 29794
23670 67667
4343 79139
63185 75865
49010 84013
29061 76780
13911 54961
9799 83479
1087 61544
82323 85511
19560 65579
7822 37481
16891 93687
7020 94228
40507 63109
24352 51333
23528 78903
40512 60456
10921 77633
35155 75595
59758 64859
7474 83013
18747 64879
21529 53583
36103 67393
1106 91758
16562 61649
19897 85537
38686 85862
41542 86460
56344 77377
38226 87375
7846 76720
19757 31922
26760 35922
70827 76996
32389 76454
71344 89952
26678 38343
29421 90347
31096 81939
61072 81776
40621 58309
66823 73918
26384 91052
23608 29399
18534 39404
21421 88865
33832 75910
38794 71033
64371 87299
1200 77814
8478 12940
14670 29822
46575 85717
12583 17655
77281 87110
85332 92109
31707 72204
28894 45733
14342 84565
73448 87474
1691 40845
13305 20959
47227 64568
43691 44562
40597 71038
56854 67996
26879 48380
79246 80669
50748 92111
43573 64914
39221 41386
31384 68693
10271 74791
5760 77318
32713 59884
66228 86750
3216 5531
39259 42834
46083 86450
19889 87247
12276 89754
6363 36917
53176 53742
12874 60384
62842 90552
6867 46162
27932 93263
14292 57705
68098 86648
46907 82316
54571 93542
22327 44863
4342 57580
56106 77012
9819 40646
69268 75097
22699 28385
8092 94446
14898 54703
22252 73151
16265 74155
37851 70851
6671 78965
5369 9512
29260 89901
32212 52647
5453 35263
81550 92063
14361 80838
14306 15348
6426 48204
21376 82159
73884 76285
23370 24033
46330 58639
90608 92426
8558 71740
12246 64942
52924 64043
29988 34710
53108 87710
59347 92866
2332 14362
10878 78310
38616 67245
1934 93026
16618 52752
31358 45267
80206 86207
6053 92655
68514 81140
27377 86502
12741 46249
28113 42548
69782 92285
13206 74797
39162 46228
17949 49094
3836 72583
6247 72929
32917 71317
65957 75801
44090 88131
77488 92478
8432 24694
37220 38077
37369 77869
41439 66106
25739 70495
28458 45510
85685 91374
11724 71814
50540 80378
25687 35950
15952 48729
62979 67241
22189 28748
16611 87813
26272 37823
12210 75796
58439 91295
45503 87133
84989 89961
25056 89207
18093 44212
33331 49333
30424 87050
47790 76243
40642 65758
57075 72564
17426 43988
13527 82354
5330 71809
1466 35357
64136 87367
51205 77417
72867 78774
18244 40432
62847 87863
5201 93466
42703 45471
65933 71881
33723 78589
28733 47031
39791 93022
13152 37803
54760 73106
60342 74821
90544 93825
33515 47641
7903 47176
68080 82175
35882 49583
69184 87608
3021 18979
53036 77511
64526 75071
53056 65414
57559 78810
67554 79892
17370 72581
25978 41398
67937 90919
20627 94048
44016 91500
35169 69542
41333 81156
14762 91474
43623 78091
43434 63205
12698 13620
42554 65302
36924 82349
27321 90215
2614 35551
18471 63735
56668 81122
6185 39454
40075 47482
41886 53136
46961 79758
30540 82901
3301 50340
1671 26202
62676 77881
12449 36441
66804 89977
18351 25786
14177 23825
2578 46980
42819 92742
36518 65417
1167 10088
21834 33069
22347 90437
27338 55305
4131 82955
49784 80336
59445 77559
8818 76992
5928 93297
63995 72021
11204 76040
7929 83395
1514 46419
71574 74501
2918 27725
48213 71541
80876 87576
74409 92534
14882 88474
30456 51784
15050 85402
23805 27235
35431 60783
30922 54069
6086 38949
71143 94111
16881 32552
19926 87122
22844 66550
78226 93380
18226 26904
33626 41868
8398 50344
11938 53039
32878 56443
41103 45249
49333 82147
25010 57062
2437 33283
38734 58814
36536 48742
27688 90881
34394 82793
14188 15927
16479 94168
18632 50132
30355 74760
62645 92777
24991 50945
3645 47828
53391 94187
32341 42783
25791 46237
85052 86213
37380 48012
62856 79172
58687 64923
12519 30308
25215 40526
1696 90019
48450 81260
12689 38292
49427 53439
50408 86086
52147 85209
3302 5107
3687 69323
47665 56491
12471 86125
3741 18629
44800 92739
3343 67540
7642 27501
22975 94562
12595 28863
28265 29859
48728 73658
73923 94412
13747 57233
17480 75465
19302 91940
10816 72918
14180 93341
9408 70456
60216 79576
30910 88347
18193 61746
9385 61899
23452 27327
1460 21399
62241 80732
74892 92694
32753 63061
7541 91614
2996 6666
52949 57021
2859 34848
30963 92759
10546 29707
14323 47878
37871 61890
14785 58628
29966 53491
9346 93019
2872 16703
6485 54951
18628 45707
15445 47904
29147 76099
38927 83699
62086 71575
59076 60280
22745 68470
23975 36447
80687 86866
77683 83209
861 44272
13826 32337
15975 48923
14721 53376
22304 61047
20983 41556
6816 21757
46253 53174
37062 59620
11020 32412
39378 86879
48582 78517
35700 78454
15462 29045
3962 83034
7541 15713
48762 92813
9078 27520
14418 16485
17404 73211
22390 57007
11441 26396
60231 60919
3568 6531
5642 59300
56868 74431
68079 79884
27325 86240
29370 64230
7847 39408
33483 70358
4073 60437
2928 8383
48015 64272
1244 5152
31877 83601
16509 84717
43457 67758
77953 84312
6433 12617
10244 60402
13550 64484
17176 78293
37276 66456
62838 65850
5546 87925
44578 56440
37694 59817
14818 82598
28050 83900
31938 79247
10199 79102
63794 86453
41686 71365
47434 82304
83570 83980
34445 42832
19923 62027
43693 56565
12057 55842
4225 76664
49180 83844
78114 84048
34962 61211
3641 72571
27140 69795
9130 56588
11524 45434
75279 84731
28448 43802
17576 76991
56555 76599
66978 80740
17351 56135
44511 66294
35510 44899
43434 62914
11985 81775
15188 24372
56217 79290
62270 71295
12249 32019
43245 63010
4371 14827
10733 57363
33351 51174
68046 68120
743 69199
13395 77130
26886 65641
10724 84173
45190 54993
10881 51890
17042 22107
2518 52188
18778 52197
10292 36964
9767 64028
4406 69624
4564 61742
42152 92328
23 71737
17943 86919
43049 48304
23889 76862
71878 91028
13104 89762
51294 87663
77381 94056
1370 35136
15151 89727
11239 87415
82602 93139
21492 54359
43342 86192
20679 71052
19969 65138
17946 93405
4479 13999
15487 86064
16577 75348
6804 15064
40378 73144
55704 89697
10891 70090
16292 87994
3587 79287
19327 87922
10991 54026
30712 43365
65231 94654
30712 65420
28825 35166
11425 39581
54820 61181
7472 44741
46975 73797
28985 31119
33409 63914
41519 68303
29294 43880
68425 87428
16016 63166
8716 56218
35602 71638
52751 84323
39835 70423
18951 70100
26885 44696
19906 21176
31299 54443
74392 87035
21877 79919
12870 38756
40831 85027
53854 59058
26214 55991
14499 73046
5579 81292
49194 65172
18587 39811
18861 92412
4140 72125
25214 82480
26705 92772
43451 91497
7164 89615
19031 54322
61580 84765
18 53204
11178 41472
74542 75354
5732 18628
58606 83844
23589 44964
34863 62349
21993 39797
58563 71182
1561 74346
24377 51841
9077 68549
79933 87916
231 69155
902 35825
17094 94490
45738 80185
34990 83064
41494 58479
89981 92197
45124 62873
56717 72534
11213 19854
18112 50151
42728 94872
65994 70044
29314 47342
67874 90264
48300 85075
6581 61120
18123 41774
32924 37060
3443 3869
20907 58470
47534 69830
42036 49749
9594 73491
21946 27304
11791 17298
61018 76925
28278 87463
37780 65190
26342 93849
2945 13489
66100 69947
23527 91485
66740 67690
12637 41677
43892 61286
28532 83537
36420 57788
19200 30637
19840 62790
47484 55126
40310 41233
41020 65594
3133 89133
74310 94506
22815 27730
2956 20642
42707 87190
36610 38524
75428 78445
21407 78584
79563 80647
82831 91438
5142 89475
19078 65150
15232 30427
31225 47992
5696 76725
1067 1584
75682 90111
76259 85907
29246 93590
44375 78237
50157 84434
60343 74873
28671 40349
21469 38608
15002 63675
58305 93415
12244 73831
27425 55166
60979 91179
44703 64871
12120 63594
53451 67208
5319 76366
17897 83708
20297 67517
28137 61092
33855 44550
26429 49806
32906 87854
29340 45992
47078 85862
18365 77218
4865 13496
22931 76872
55713 73252
8716 26699
22113 31111
54875 56772
9708 25852
40868 41823
13836 67342
31227 35689
64578 68912
40908 75714
4761 93089
58608 67503
55834 72318
45093 63577
53558 63819
23181 31241
9415 11163
9410 77256
4790 84811
17584 29177
34556 35212
83821 94725
53475 70160
25954 32125
16049 27086
1931 4856
6168 20334
65950 92770
1614 60339
3081 56243
47867 73726
37775 45545
2115 22158
25680 26613
43340 77306
52836 71750
5498 9039
78280 84156
8255 69787
19236 34355
84531 94672
32377 82994
16623 84896
55955 85894
43811 74492
12532 89169
77900 90471
53152 67340
14406 28960
5748 44979
18613 58814
2327 83601
5259 48361
12607 18620
50053 86478
26538 76563
9960 25285
17809 94861
207 44037
59680 94452
12270 55119
31026 77256
59123 94404
53198 61647
11168 50365
5943 57171
14811 26469
41732 57572
39858 42468
8897 90426
19888 35156
32957 61300
25381 71495
3251 30412
16100 94049
7681 33233
27899 75612
67926 93722
65159 85189
1008 65788
52081 81325
55134 67009
49897 77071
67745 94533
29441 69507
42073 44084
4282 39912
32164 93111
73292 80783
27029 89460
46058 53728
1946 66050
2700 71261
32704 63147
35806 62607
17761 49919
33264 58043
46578 75963
11915 55769
46876 82287
49313 54094
47609 77296
13874 83618
63346 90630
49679 64536
36878 84175
26146 31364
32913 83698
57877 75822
13615 36128
758 18564
4050 80404
5811 17529
10972 59956
32873 74428
3403 33333
4795 33851
66024 83416
11906 34500
56428 87349
27473 94727
45474 82183
34085 44780
33856 94392
73165 78836
52966 88935
16020 62359
24918 58899
9319 93465
27370 66022
25145 38445
12623 67548
4559 49576
37307 61741
17425 80951
1405 18187
29210 32643
60578 78462
41721 62200
25446 64203
30504 49984
48577 67217
68805 76233
22777 77964
86050 88909
63406 66016
35035 42611
29961 36409
64118 77995
63214 94464
6258 37860
25767 85514
15248 92115
15391 94403
10012 63465
26396 49867
49753 88851
7455 68318
8620 15200
27715 36266
80172 86968
28532 93195
50259 83348
49228 52443
26813 51742
58435 72243
24674 64982
33931 41052
36073 93890
86429 91348
12046 45423
11085 22603
12559 45803
36305 74777
9379 37321
14001 59935
41703 50474
6383 43177
34839 63979
50536 66573
23245 92311
11017 27714
77001 90936
42348 77876
75272 77264
33171 80159
20922 51528
38263 59500
66185 91998
5792 66544
22788 37106
21488 79523
3108 68620
32352 91783
58349 76094
34452 87959
60619 64896
67169 72674
4104 78890
3853 79167
37179 37733
47472 65917
32765 93904
13952 15764
16348 43600
222 16909
23904 89044
2580 6156
36076 64332
19865 73190
47500 87711
22908 36628
6054 44700
17994 57979
45010 56909
66456 81428
67289 84231
17838 45412
8720 75955
77394 82892
24077 84414
56731 65485
12551 90740
15530 63192
8850 37046
7388 17651
4998 28481
14796 59089
22231 63765
36610 38481
28693 34866
8523 20842
74781 87080
29690 68873
9744 76403
7248 42424
22882 53189
67966 91819
35699 85357
17361 39030
7023 30861
66978 72694
4375 6085
12056 48316
7544 23636
6639 86368
7456 74039
20210 51228
76022 77799
3504 43948
21932 77445
64252 77169
86635 89467
41921 49434
33264 73756
8651 8678
72405 86254
23397 33062
21191 94679
33118 40937
43456 61271
8751 65994
337 79959
648 21030
41477 74126
129 1249
35884 39381
65161 78758
80663 94062
1505 33181
11540 39509
35271 64313
4633 56945
881 7713
23104 90302
53258 72488
52266 88827
11132 13735
53687 68417
44239 58298
210 38940
28668 46085
25787 84624
1111 13083
59864 63132
31243 64544
61585 62264
21570 52622
8829 45146
47682 70839
21772 82833
24103 55678
68630 72950
35804 59050
7898 46176
27157 46884
12478 92557
24081 47961
40349 53743
40325 77728
18761 61123
16882 93522
30763 43023
44319 55393
32555 72045
5240 65258
535 62523
48494 94464
67502 79080
44986 46581
15811 93030
28056 54405
35802 80636
27118 40310
251 73007
9124 44005
45441 54576
6172 14999
1731 48206
34853 68016
42294 55283
69322 93862
81856 87445
72726 82100
59651 85081
32080 70013
70450 71748
36728 48959
4001 18071
34362 37328
6528 81586
47297 79480
23961 93275
10041 10896
42528 59955
1312 15161
64457 83585
71747 77171
18782 84447
62561 81619
33695 56999
29608 93923
10076 59954
31282 66389
17968 43928
51519 53934
83011 87426
25982 48482
76012 80270
12315 58379
7724 53811
31101 69122
5215 45395
28219 92179
22535 59582
11252 31404
5338 21864
55608 61212
91434 94471
23363 72214
79645 92182
2893 85258
22085 70163
33260 41377
5609 61965
31664 63680
17809 68665
71951 81589
3035 8137
33861 34625
52438 89769
52586 69174
18839 52793
47045 61073
50825 53645
34445 86688
38015 44580
28024 34227
64465 64716
34822 49682
46551 49442
17470 48581
14248 22952
11251 26758
34951 50992
54401 57291
39161 74980
7056 23001
12300 66014
66341 94047
30650 56169
7134 26570
3785 63013
88555 93814
30928 68489
49427 64170
30825 73656
54622 90850
78401 81132
13344 23359
2461 72873
30563 51144
34506 93666
58862 59897
39460 93627
33546 36355
64337 89665
2871 94672
63746 69844
23255 65457
7151 12517
8403 22573
18933 67700
19701 54776
10457 65950
28222 90759
66224 77692
71898 91205
24272 27923
17362 90068
12433 37173
16561 41624
17954 62413
20032 34898
11835 35365
67497 77187
41362 49900
2169 32214
17972 72320
44104 94463
79782 80930
1821 25589
11025 68793
72581 82839
22102 75437
4485 41744
6781 78279
20296 36983
48948 81274
22451 91038
15230 35425
4486 78612
32424 65196
5745 58682
18841 72702
74500 85008
16951 22907
78103 83342
14774 28762
65679 71305
19384 87983
56345 88625
2122 9235
54982 73473
2511 44174
14845 87296
74683 89532
32765 86899
89167 89564
47488 92903
42578 61460
43493 87044
36184 44674
47799 60479
2930 58831
26271 48869
18003 80811
41951 77081
37490 38292
57170 94576
17955 49903
12632 44812
17443 85201
1691 94089
41323 72876
60081 79282
26744 56214
5759 84182
947 50974
51559 72332
85913 87707
8309 90574
34906 75814
7586 75450
33927 70661
3206 55041
59499 82147
55148 74797
77887 84170
28320 68626
81295 82495
16037 51783
57597 74454
10418 14846
55143 72437
17662 20834
13598 41785
29240 38876
2458 31165
9493 56349
78290 79482
35413 54920
11761 25317
68884 72718
40044 66245
51203 90962
23520 88051
53196 61288
9525 79367
58088 77953
81922 85983
63140 74787
53802 61369
11634 81721
11665 44854
33680 78050
86608 89184
16398 34022
40508 88738
24819 91813
37618 80601
58186 61885
47468 60447
3425 90436
19121 54400
2396 25948
60082 76652
64082 67708
38287 93735
33324 44289
43939 78007
40260 72089
10320 18510
12177 83170
37462 48589
26123 86133
13193 59672
436 68955
50735 83384
57222 60841
43502 79549
17387 62569
12574 39507
6643 32232
28599 43163
23645 91482
23480 41732
40765 80814
26202 33785
35558 78885
73283 76127
65335 84380
35217 53411
60937 64060
30948 71920
26876 41543
10978 88869
69794 76402
23447 51934
17284 25621
22943 87484
21745 92661
2102 43338
85191 93245
22735 81275
88734 92391
4869 37895
68677 90811
6707 75841
32243 78814
29473 50499
13724 54723
11675 66718
21090 50368
10146 63918
55339 81074
32477 48849
21166 42530
15367 17168
74169 90281
42849 73389
39174 92741
6942 58271
65529 71924
21729 59222
11856 14717
22221 78199
2293 35483
46036 49601
2318 65316
24426 38423
1153 92822
32469 50477
24762 25548
30673 34455
312 24478
56172 66573
3970 48967
34678 37112
24348 56789
5375 13681
16753 51531
31196 65976
26765 87462
82411 86427
23449 66001
15731 38152
83957 91630
52243 77350
34520 42881
44942 94463
52159 72060
63970 66686
14318 43375
449 33917
26393 34894
50396 83527
19514 90775
4071 8993
12619 55561
8139 22819
42092 71835
38188 61173
31824 72768
11295 74584
25212 38707
77440 91005
382 72107
29013 32801
73006 89556
51001 81998
9120 47379
75494 92303
54616 81421
15291 30620
16951 22200
42741 52599
34345 38064
23841 54326
29335 91477
7857 23763
6690 40074
27411 52744
81810 89381
69486 89260
53940 70000
17404 48852
52408 82254
48877 62740
53049 75125
15970 59694
23615 25951
58989 69571
35041 62641
11088 61320
78655 82855
55125 77611
38929 64793
24059 48586
51094 55578
675 49944
22232 82685
9495 62490
38203 75731
9351 21884
9449 94912
76163 79106
8224 54896
12024 76722
38836 62920
21994 72481
52549 61353
72452 91820
24288 84142
85031 86150
20766 83726
28399 94281
16737 40361
25271 45233
36367 39699
26850 67135
42494 89536
6622 54154
25273 62272
23241 41213
38562 73268
37593 66694
57064 66717
35909 46706
68896 74519
38775 43720
9850 67405
53744 62560
8928 32759
7200 92006
11724 78767
54394 84218
13583 90754
7270 40870
76450 78706
19932 19996
19229 76637
19914 60873
927 80201
28540 88348
5516 78880
54176 85985
6823 68908
12853 70354
6016 35656
39887 58293
46359 69830
68554 73915
40801 47343
31638 67241
40298 66377
46913 61100
25662 36061
28091 35719
46153 86926
29725 81540
18553 87563
31432 75174
24157 45985
31115 85132
85772 93257
58708 62889
7513 17838
69368 84893
79006 83801
24694 88830
37897 91390
29913 50133
53920 77700
10171 80457
71491 88069
23924 79318
70490 70806
57237 66254
22637 63296
43933 44770
10366 76705
14918 46154
31663 44531
45572 45965
11325 47186
37897 66698
68167 76970
30630 70244
16506 60182
71681 76003
20142 48533
27287 42224
53548 56726
43295 45021
28889 92910
24452 46476
25941 61209
9524 40862
28333 34954
60245 87206
5468 61441
27232 82740
55730 63596
25231 72976
17150 28528
28345 31637
22160 82354
14278 32644
35403 37921
6232 70290
32561 59498
68393 90176
28079 60288
34345 52504
43427 93370
44867 75179
35044 85320
27834 74354
28987 37981
47095 83238
56568 85711
71730 90602
35833 53312
4168 53811
56369 65061
54499 88512
35609 69125
41939 81851
2270 25080
1444 3025
27776 54834
75724 91695
30200 63986
44107 66210
54115 80690
39805 62959
52917 66208
44606 47033
33720 54017
2956 90482
5785 8148
49716 66000
21140 23284
39050 71587
39534 54298
24384 45644
25983 75536
7457 33565
10508 84983
31395 60871
73544 76482
5406 62569
24862 54008
6074 37762
7150 85464
57088 91216
156 5191
32689 82236
15942 90764
53041 88346
27594 41846
9454 35742
56146 86678
31809 32495
34209 91753
34893 65996
41160 88368
55840 58661
54079 66516
33570 49222
5822 83081
28856 30009
6557 8429
17814 76318
28101 88831
30841 64202
9710 21869
1735 6863
20183 62409
20699 50513
37868 80577
23125 80387
22695 66131
44539 79022
4041 42478
24208 82023
57640 74190
40661 84372
38599 78276
12896 16765
49124 86718
23715 45363
69468 90224
6958 18556
34791 52052
9173 36782
56370 89735
1656 36651
34159 87010
58391 65220
48516 64074
38379 50027
44888 73490
13352 30369
78932 89881
7527 54420
969 84284
62780 74942
22279 38928
67443 91186
21839 65547
29329 74416
53429 84744
1292 70994
56237 70296
15678 41813
14125 57257
53647 93695
29395 87420
14067 57622
7456 65111
11895 72133
3853 77760
15026 41397
30506 94059
15828 81896
9457 65081
3329 6214
72695 89863
83894 85038
5047 66490
24238 30772
33910 80646
1264 75950
81699 87446
23821 73341
37641 40571
28426 47188
9319 66199
35424 79847
45171 64315
55255 81506
2441 39899
68551 84114
19332 81583
4211 84503
42583 69429
25440 64933
9095 63896
4799 58396
16373 88941
25787 87976
58853 90746
3789 53238
15938 49279
37912 89047
53011 69474
25294 51255
10189 29721
8420 55172
6409 90193
3647 46675
5058 39321
92099 94384
20239 68159
1123 64545
45166 49878
22176 30265
893 3326
20269 49293
59565 89681
29086 45597
22287 56427
9130 90164
4528 68463
80522 90196
28472 52772
4473 48223
9613 20724
28868 62247
46309 70081
41586 73742
24882 74170
29792 88401
47241 50986
17692 50452
61083 78461
59068 78790
36713 81834
716 53024
4186 88300
58316 90527
20420 55037
25433 38457
4016 66780
30128 72525
56611 62179
26149 83768
10237 45516
9178 82024
5605 70417
54271 68265
47536 85660
26501 83058
5073 40042
21786 31200
27779 77052
58652 78399
25462 89625
329 86190
8601 55496
40162 55205
13300 15826
9360 22957
2354 28716
58163 76999
35704 66606
22054 83444
52887 75166
22589 52416
70700 86553
12346 75334
50134 70729
70658 81908
692 21336
17469 35038
30185 87661
12943 62815
12071 20072
21583 81172
10709 87532
46659 71874
39529 84050
48540 62877
11379 44812
32039 69024
6219 8254
81170 83408
57350 80578
24860 62351
2353 35871
24811 36557
29748 82539
56040 94552
38386 81647
59079 71917
68192 71236
16457 59299
28290 59211
39564 88342
171 72139
28197 47570
21408 48734
78180 94115
56634 64541
27838 38884
8505 10915
6558 85581
23527 94136
16347 34965
67314 83814
28889 89004
1734 8782
62815 85250
17444 18965
44053 83198
76505 91756
6375 48328
5467 79008
29107 93218
48142 78829
68266 87485
17151 47150
36621 72282
40972 84871
15734 93122
18352 84949
43484 58647
56497 83491
7386 67736
11170 57549
23431 27852
60455 89073
48708 86514
46881 72506
28333 56933
9561 13874
32138 84721
39607 51525
28296 57962
30529 49168
2065 94048
21546 45604
41334 58367
23781 67977
49450 80308
32461 39333
23652 30730
46388 77845
39587 59032
30458 91056
12688 24104
50141 88532
11264 81975
38458 42870
42994 58243
82021 82825
69988 70487
51905 73505
37336 51058
37682 79459
31981 76296
1587 31092
58210 66778
51787 75478
37285 44115
35563 94771
20375 60625
1055 28471
9554 44060
13127 48697
2774 30298
76093 89115
3158 6092
59657 62873
76740 81557
10213 81644
17282 19026
72767 89517
9747 76639
15223 92931
18168 91384
27076 69457
8217 48208
25489 73624
19437 65611
28507 44139
15616 49125
37594 64661
61986 65836
21575 49143
48468 51368
36009 54329
37580 70049
42003 43091
23139 94887
35507 73420
59384 65173
44558 55900
45544 82747
8664 81305
39701 81611
31038 58992
32067 42432
28731 54103
7465 66848
20669 54300
18049 20406
45844 61831
38889 43370
55181 77840
3357 60370
4717 18107
3224 70451
15494 80983
37698 73175
81027 87056
14648 86916
36694 54103
12871 45242
6253 75655
36652 72419
34931 45915
7462 19729
52666 79756
12851 43772
49259 72218
35728 50378
67756 77368
14134 74894
7645 75511
41952 73478
37578 84376
22934 31301
33912 51570
34880 56499
52297 94580
39762 57868
36478 70056
40227 92036
83836 93679
83600 85292
6587 76522
78805 91413
23608 53333
37886 64506
16594 73666
61879 82066
5143 33716
6233 32641
68466 75201
53393 67836
20540 94603
33418 65657
15986 40411
16396 94133
40397 74559
57875 86217
613 84376
59672 67104
27121 74994
89533 89866
12982 52227
35682 52370
56176 88510
3703 88107
78051 94709
48788 69712
858 47994
20339 60331
2229 50653
12222 58578
44391 55313
17432 79934
13193 28441
39366 84233
10445 40692
34234 66006
4832 49055
47849 84509
47580 54948
58304 58314
19727 25880
18017 69721
37373 50009
66163 93868
51542 86802
59131 74107
56746 73624
20664 29754
18286 78947
56848 63279
8910 22156
30185 34243
27662 91281
9184 39085
50890 51632
37250 52838
14519 45121
20030 73779
16279 63731
15110 30520
80220 88759
29911 67127
32447 75794
12035 65068
15855 61601
52904 66025
32250 78177
57102 80390
28039 76402
21143 28722
58071 61172
3237 43657
35498 64775
52100 58192
93445 94899
32349 77900
9890 82110
8671 13549
23103 39610
23696 54038
19417 74549
363 32618
1296 18560
75666 85996
38168 88908
62284 85745
45707 92220
34522 60490
3056 59143
8566 25418
20784 84217
20299 32682
10317 83539
52928 61019
5152 29221
18140 87038
42633 68672
8040 71190
55781 61011
64010 85294
45699 53138
48603 58428
50828 61129
12872 79724
44888 64474
34485 92142
37215 72151
14226 15676
23286 58592
50609 85573
39298 53822
42380 43411
18300 81193
73667 79184
