92625 61750
1578 60030
2197 83954
23996 24559
15797 26216
28583 83636
89311 89867
53804 55815
48922 67358
39219 54644
8836 37949
2391 18885
46305 54117
23265 37549
27821 48377
12847 18008
45824 50053
37922 67196
43132 52441
3517 15777
33542 44601
60701 87577
19512 71413
9927 92242
16296 67233
38278 68819
81214 84662
54357 65762
87070 90827
15572 16411
42887 57050
52454 64488
33187 54570
36439 84149
70724 78615
2221 48846
16092 52268
27443 85888
31451 80306
8074 25104
5241 26092
37645 73094
3275 63299
1007 12983
7454 84193
44831 75455
39322 56726
24970 76547
35138 81525
84734 90291
25105 35295
2620 32915
689 80015
13863 85864
4132 7521
31015 67591
13091 42514
19748 77482
8126 43876
33715 71915
29371 86364
3892 25523
8629 27827
37008 45962
3377 15343
55435 56838
50662 72335
9534 28365
3190 6030
37156 45824
18907 37518
74361 76277
22943 80904
2595 24085
4361 18179
67832 83227
46096 74167
47421 66032
37843 51696
56878 58975
2795 84924
23301 62185
34858 48866
32549 53289
3657 30711
34180 38612
9837 46872
40011 48644
26285 66606
28473 60807
1313 68186
8901 18973
2669 22242
44308 78204
25792 78029
40785 40854
50835 60161
52797 89307
10365 32624
51598 90900
50476 52055
50251 50973
25199 77364
44856 80379
65782 71017
1062 17864
53590 72159
84454 89014
32377 44234
10571 37478
48564 92187
29564 74190
24622 40406
20773 56406
36663 46988
7573 37735
69503 79473
16436 53808
27373 30810
13401 85574
18087 24864
2565 44329
13129 29182
23944 92044
64215 78381
16 34499
35589 84945
29926 91499
60549 71997
34225 74632
82832 87415
3530 10137
19249 24110
12797 34702
28321 35682
76572 79916
6875 69143
18934 62326
24340 66017
33899 66955
39223 65181
41203 86712
72392 91473
77605 86469
13035 30480
39934 61991
48886 63358
16618 30962
2759 47034
68840 82270
52855 75130
16355 53217
51702 75511
32879 64891
25965 36112
50217 50540
35489 66302
50709 54218
45386 71054
12770 77104
44522 64031
9773 43468
15921 75941
73596 89105
24415 70830
49845 72104
41630 61814
23897 45468
37192 41728
36402 43996
48534 52581
59886 69529
2170 72950
23260 87046
15993 77011
67583 68321
60853 85226
20389 89650
2697 75278
17825 34370
31384 47469
54426 70509
32112 64885
62983 73770
50123 91593
53513 74221
39535 56336
27427 65914
32199 37456
52524 60720
834 71473
40101 81532
33299 44056
65715 87459
2310 34982
48112 61028
42268 87941
2994 15854
14606 39685
3018 69882
28228 76291
28753 87036
57548 70016
5221 84617
57091 58740
6196 43771
28999 48569
42113 42249
5261 35778
9807 75537
15012 39446
7157 55126
2156 42748
51392 78003
41320 56797
23647 36603
12682 63649
33535 50467
51129 75586
53628 77204
16692 52955
90653 91591
9021 61897
80514 90714
24269 69068
14580 29220
6374 75911
66450 83269
19952 65923
12997 33784
66176 80196
3504 8089
39869 57912
4338 63693
25010 46408
42766 47692
62361 83414
5196 10432
41317 58251
24109 31422
41708 58698
63028 89184
13500 77170
25815 26970
1365 69111
44731 72705
32638 78578
35782 72628
35933 60127
57640 65997
34778 42596
51607 70224
7356 58698
57475 81937
11499 76981
13428 70705
39118 84896
60332 65019
1248 57668
75824 76035
66094 91629
21199 61034
44690 86166
5839 44934
18219 58998
68983 76459
69480 83174
24240 43931
38084 49567
63207 85111
4772 70236
62576 66197
4922 72873
47610 87916
87046 91030
1695 34809
57152 62471
40639 44270
23981 35268
7618 41580
1466 22551
37504 49698
42957 75656
7221 72704
11143 79058
21342 21883
46779 73033
31904 49454
18599 83219
69375 82321
55815 58536
34900 45795
31240 36494
68868 87763
22235 50030
49404 70852
5427 74141
41927 81227
63890 73228
13735 75290
19480 47066
515 9808
32424 64798
42417 59463
21849 47638
35969 52530
14581 75388
34092 49964
37720 78507
42882 78796
13018 62606
62791 80375
52660 89415
33692 87597
3203 26359
15295 86903
45776 53810
28222 37409
9976 90191
27199 33151
45902 72169
2227 60719
6127 51961
41837 49907
15657 64574
15634 57662
18106 36081
8823 61419
27005 82350
17869 54311
24675 43864
9115 76613
26378 78293
32413 72219
7765 60659
33743 88800
20536 58615
20742 55819
4725 73839
413 19143
6426 47032
68462 86212
25935 60210
69758 73761
27719 78767
4085 12029
21514 49389
32552 71914
15874 77132
80351 83011
24856 58157
52152 89237
73347 89950
43645 86434
12450 45022
12301 60412
24704 46388
8081 50128
71845 82974
17137 33469
56948 87005
396 55390
8704 56817
62533 63165
40810 68818
16374 61949
9362 51185
26265 55719
23095 27092
59113 75007
31084 51791
69767 86802
41412 45680
24391 41991
71472 87705
50336 62234
1555 91100
76926 82868
5318 82962
9960 39960
2838 64532
49285 65750
41417 74775
2821 86275
44397 71496
2176 61025
28799 59997
3687 57008
70198 73404
80297 83567
18427 40527
3312 14574
17132 92468
54252 56060
80057 90255
16822 23065
850 4743
61752 69447
1441 46326
11858 78050
27765 29608
11613 28990
31026 69263
23531 47369
77629 79961
12133 42333
7218 12872
40336 82379
20037 80360
65154 84084
83288 87593
86218 88717
46330 86964
4732 65416
15056 56085
54924 89675
53141 66866
69 29781
19421 23358
49662 54973
21805 54896
27882 78793
36945 40279
38055 42225
9383 38469
36232 79173
29089 29988
27616 58121
73418 81108
53690 66094
18184 56413
39090 74885
926 48508
11895 15228
9819 31929
16501 21169
34530 70915
65560 79035
13049 24617
67329 81665
53322 82708
71416 84419
29384 62163
86249 87214
64116 67213
60951 81811
9197 65237
7306 45609
7291 32797
7357 16180
43187 48178
35265 68123
45819 52042
19756 49808
79173 88725
3638 80855
1794 44016
24781 46127
15887 69154
7859 80000
34706 51409
1627 51542
74212 89917
5242 12042
25223 51549
25157 45866
25875 51958
35838 45635
13041 32257
7926 51232
34894 47339
29070 83045
996 49797
6011 16180
67970 70261
1931 30284
1757 20062
1698 4575
54069 89041
107 1055
7554 45996
1361 65089
14882 28182
3715 12963
7843 21859
37083 71370
55590 70003
15110 65295
17256 32217
28379 61118
19291 65243
17758 57307
15778 53099
42205 74419
23655 37644
17016 81676
49103 70284
7188 33567
32576 88127
24684 53910
69178 74014
12124 39554
31851 64456
9675 19238
18646 27425
12716 32233
30373 49595
40574 50907
47194 58731
28273 41549
61283 68279
57403 71664
71477 81186
31647 33616
44973 61194
5275 90768
3966 57282
11817 66860
26246 46221
930 30918
52234 76567
91125 91788
31317 92203
45558 72173
66291 71975
5899 67164
60960 88836
2952 25490
52174 72318
3702 77242
22633 41528
39969 75000
40388 91266
13394 74532
32370 61394
18750 54925
18629 82256
17064 59879
22868 41044
34242 39562
129 19748
43229 67909
22411 68781
43645 89590
42182 89305
19851 85571
23243 74114
21448 41147
63697 64869
42069 61795
6237 14768
15537 25366
32275 69816
27788 38663
30813 54364
42097 55991
55710 56221
24788 79509
20589 68098
13265 14983
13808 50894
6369 16771
8703 41677
61994 67012
68242 74019
63476 67998
27243 81486
13694 37564
16573 53111
8635 74382
8953 54999
12619 26563
65839 90203
24887 64757
38268 86498
25337 25697
56900 57277
11475 89665
51753 90051
331 85510
9681 19549
53914 72149
464 64369
2948 63820
7403 19510
48826 72636
43495 44215
56524 77857
20846 64169
50107 87047
57936 84911
15660 36278
48420 64016
18630 87070
33541 75645
2865 5593
72311 91966
47934 86189
68961 72838
55073 72583
47840 53245
23470 34353
22929 81467
71115 71127
16786 51736
24250 70139
55765 60443
10632 28234
60572 70803
4458 83414
15399 65349
7335 15514
47106 83331
45585 90015
3143 43695
74895 83530
32342 44643
32984 68091
10581 62623
65469 70479
11432 66514
85228 89883
21336 91463
18020 64070
19273 26495
58680 67541
18260 40239
48045 91591
17648 47444
24606 78904
23837 76777
9828 69152
23663 74014
2633 45262
3089 64902
61446 70238
64633 82959
5602 84532
18600 80841
53486 83494
28428 59305
37244 42775
13897 23538
21866 82420
7707 71830
6618 72500
68614 87832
61164 84746
90404 91513
18426 79243
4535 77888
44058 77768
3446 21558
42529 64418
41270 45196
800 66384
3646 33251
10922 82892
48013 76269
76818 92414
40124 77480
14364 77626
30333 55359
5111 55803
10002 19776
6594 20634
8139 16766
15598 53651
5813 7168
13605 49524
29318 35332
57355 89232
12560 90217
31162 39641
17921 73929
51309 73452
5613 73597
50776 55756
57415 57532
65271 87889
25378 88598
13582 14348
22700 65053
7694 42635
13244 29691
7316 34737
8223 78007
6273 59398
15852 19136
1114 72324
31490 92112
21274 42566
1087 82238
79581 84828
62012 88199
57383 60077
10175 25401
2363 50356
33131 74357
4121 20680
41729 79921
11940 52029
37191 40590
29455 58984
19922 65249
39225 58554
83319 89912
44 64184
73836 87784
85218 86821
25694 45008
8623 67038
40452 59456
48151 51447
196 71923
60022 64699
19271 29023
68215 88700
24675 44998
11326 62497
35774 56168
4332 33067
648 85331
69395 73560
22016 80339
50873 64510
19761 79172
47556 69981
6344 58530
43483 84092
36676 40723
10545 88434
43271 46722
16199 48658
19987 33546
65606 79465
41996 90511
53098 81588
66300 88593
880 9020
11700 71370
31620 71007
63287 91966
6486 46074
27857 66219
35799 56064
49786 50980
347 48792
73091 90355
16262 46114
50458 79951
64749 78028
49917 78296
75056 86915
6266 12938
40624 86466
23714 47981
28180 64961
47056 60275
54037 64046
29234 71221
27387 73796
3262 70334
11159 91872
54341 69125
15378 20181
75971 77280
19928 37658
18399 79453
16135 70385
35748 60284
22188 33457
35320 42584
48247 70519
18708 20191
36091 64810
63580 86271
11712 11734
76820 78127
33547 82206
47107 88111
3197 21909
15701 30447
5364 18640
65328 79064
18267 91912
79212 89847
36981 38375
47530 70155
24421 57521
773 62056
25505 84498
14906 37093
11309 53496
43415 51241
26764 33490
27480 48819
20532 39497
7108 15445
2517 31913
11471 91664
67507 86854
31778 77570
846 44662
1192 86397
42064 85453
29875 30688
23491 42212
8231 44306
38416 50583
23568 50934
35182 67235
19202 40316
50598 53588
24231 43452
37848 77992
37213 62687
66300 82458
63165 73707
14366 66947
25063 73105
8395 47010
27104 84144
5155 60270
59858 79863
3174 65466
9855 60546
16407 60656
7208 34264
8603 41881
33769 92148
4242 5148
4264 43550
38086 84896
17482 27382
17128 58652
29796 46626
38399 64659
4544 9495
23999 90283
2373 75623
2522 11802
7813 69717
56821 78325
258 58762
24149 48888
29186 79740
62408 83559
7852 68126
300 3506
14063 72946
43405 80467
14922 65853
7033 82066
40584 58589
40158 67175
8437 14203
26543 49563
7758 18369
35811 60958
25754 63037
9132 26234
15380 45450
688 83557
77809 82929
72768 84804
5829 71131
1102 37431
44026 86648
39340 68272
15838 86463
66486 80563
44487 52545
48260 82958
68935 79414
15198 70405
69898 80683
20711 23734
60429 79845
28670 52284
19975 21460
34916 68115
26667 62521
12689 18971
33941 40492
36471 38007
11702 19649
26808 41088
19514 82644
24428 88755
4954 36824
16169 16496
3836 17611
32900 48572
14722 28637
71957 75928
7442 84198
21233 70202
15841 29591
36625 83381
25111 50680
8799 33305
35283 90058
41458 84996
61553 87996
1750 64472
84203 91156
62976 68779
31832 58750
67996 74417
35174 90299
12818 39145
7790 74006
37638 46993
15851 47120
27521 31483
35870 46774
18677 65171
4906 74457
12082 50709
25511 83552
53656 56644
28164 78579
20323 35566
60473 88119
70675 92417
55142 76370
18538 74956
24518 60390
59892 86040
69347 81441
30578 48457
24727 30413
11237 44429
57177 62605
42883 48287
14679 34469
9522 92422
50760 75014
3241 41388
8968 63594
58426 60082
40173 68233
9394 80262
80521 89446
55010 64683
254 83657
31072 35332
43814 53493
26930 74429
47316 79822
28774 68574
58582 63328
40268 72979
23279 88887
31501 64179
28997 41584
33040 77640
24917 79823
18172 30861
11869 86504
26708 39399
53402 85389
9820 33688
12747 19370
34825 41154
19183 19645
35022 50757
61863 78721
13746 88322
10966 86839
9296 47965
49546 54639
37839 84998
12350 85495
61078 86058
12888 37679
2645 61094
5929 12720
78863 81565
31016 48121
59604 59844
68092 89029
14640 25551
12928 19836
6611 79368
69805 85472
25122 29602
22755 53813
33220 34515
53336 70515
5078 33504
17753 26568
54677 63363
84187 87053
47195 91729
12691 44825
46452 75429
17834 36473
75064 89847
12497 75361
37670 39861
71103 76423
30856 41267
33343 80872
23872 24960
11141 45055
986 53575
13555 43372
61311 83392
2233 20731
53544 68352
18855 20735
29472 59815
10573 27336
81677 83362
15973 56143
61326 75936
1563 76019
36019 50130
6297 20906
23798 89733
1584 2647
5716 83726
70942 74236
68560 88957
15335 20557
23029 46040
47447 68357
10502 38099
63803 91566
39453 87143
14043 39901
20826 73763
41884 54517
71361 89442
70448 78538
14760 82728
38352 81539
2794 59208
40307 76356
50464 85377
74228 81192
55010 69849
25836 60332
19803 60293
9363 18558
15147 63511
39750 67033
19842 28320
8936 28284
9723 15581
28323 58598
35085 79229
35146 72996
12659 46665
25951 77700
43919 88816
3614 80451
2868 67822
37584 79077
34556 45966
17485 88797
27976 41315
14838 19992
32038 54869
21180 40044
36586 71964
24911 54325
25283 67311
65485 78261
7132 68428
24675 70093
17419 64964
63741 70409
13512 72264
11081 15834
26142 33579
61733 65709
21719 90688
12661 90509
10900 11528
48315 81896
43401 48989
17458 34703
13263 47304
18001 43748
22283 36411
25663 85632
55305 64234
5867 27047
75533 79755
74414 90999
50571 85467
19651 47706
62835 90798
64758 80686
2593 6106
21638 65991
39618 74889
45673 67450
37262 78579
22462 60157
676 54406
48675 53613
23717 75786
69715 75055
52598 76794
41280 52798
13737 58628
74727 81569
32266 54430
51608 57924
31580 49959
15002 75518
50408 57211
39771 64122
3070 80986
3829 10803
33138 53669
32048 48828
45504 53141
6568 50980
32085 48473
54163 79294
80301 86131
66782 79536
71603 83588
19739 47437
41858 63237
12705 15958
35954 84722
14744 76102
23786 89308
1174 71290
23652 87913
9952 11782
32655 68048
36738 38940
31948 57307
19552 24467
7949 41379
37225 59364
22124 69063
29013 60022
23643 72444
46002 69269
12593 45626
22079 79214
19498 87932
3909 68298
14899 37541
4159 29190
32142 55190
1184 10671
6933 21047
46462 92455
49370 53954
8677 24178
61329 72059
28305 48085
779 7962
3316 79360
40094 53675
32458 39410
100 77818
23559 91148
32213 60396
65742 86886
43946 60051
6149 86701
7173 10051
1422 5425
9734 91464
41910 69358
21842 46225
17753 30711
695 37380
3265 65149
64404 85163
42944 68100
78675 82988
20009 53216
3336 42711
33740 60412
22071 41148
80269 84165
12241 91144
75558 80532
16340 79311
30945 76044
25748 31379
28115 77425
45317 64743
30589 62440
26377 90354
32099 86983
57059 88006
17180 89161
45799 77602
26123 30449
35074 55003
31380 74923
10187 32015
31518 86635
29911 54552
1016 79941
70884 90464
6473 14623
3256 65615
21579 83112
4976 19623
41664 45991
27118 49815
51742 92236
40413 56107
6487 6588
56403 56543
11871 65067
19374 26519
22127 26091
31452 43130
26293 69899
27339 87069
57009 72982
17335 90976
51219 67919
66608 85138
13599 52501
88034 90384
20031 48257
18638 81040
1168 80031
33840 61530
46876 76675
23633 69451
46230 70946
2577 61488
18542 76791
40956 63756
17518 47346
41967 49583
4421 46824
3146 79340
16611 28555
39857 73254
41226 91357
30287 64254
11662 64582
1039 10806
79885 90097
64507 78285
16573 83753
49666 72169
16618 32089
52391 82127
29681 60933
19401 78147
45217 55537
17483 40284
2565 8161
45132 64473
66531 80826
46235 80527
89202 90745
15636 56557
3848 92176
64472 71784
219 20242
50399 68963
47888 63907
45918 70806
38820 65522
17710 27918
39932 82223
15245 45897
34572 36771
18692 32743
32486 41908
38091 59479
7131 47497
52114 54970
7485 92301
21065 74108
57249 74071
2093 23961
2814 74415
3577 8777
44887 50367
42665 72134
6329 65095
236 84146
40319 67196
83480 91325
326 78765
12843 29320
62761 69330
21344 73182
58006 86273
8439 47096
6600 66616
18578 58206
1466 89918
8152 31409
13905 29070
19654 62167
4970 85132
55815 67121
49894 82530
29940 61991
36966 39263
61073 71422
55808 65010
20181 72947
33620 88457
57076 79094
43925 82282
10066 65278
22123 23179
32435 62197
41857 57475
5269 63471
49005 82488
63719 90333
15322 89749
53455 84198
25848 39294
42682 82940
59089 79150
53741 67708
25690 51711
28857 63220
33241 89064
44202 88206
58744 84580
63905 85226
62051 73189
52864 75620
49218 79962
40847 53079
10934 62472
5587 35680
65968 77093
48332 54582
11583 39281
45991 47796
24955 53506
7827 32475
9510 14036
13364 66958
16600 32760
32701 71381
12937 50727
17173 55347
62313 67755
70612 85728
20242 87851
51915 56904
25557 74466
2400 3583
28413 44085
85832 87191
58960 74574
55797 83622
788 75671
47849 58036
32882 89330
25445 75375
56815 66538
32516 91252
55751 67047
25582 76557
39576 75256
8896 83479
24437 29421
57117 85409
68117 86073
24595 91085
79481 83186
72495 77641
36208 92147
25560 90685
4035 39715
79656 87133
41083 77546
22470 68500
400 59779
78909 87005
23676 36971
62086 84322
19394 59669
240 11933
75603 86862
71722 84306
36153 65470
46958 77799
23273 83390
30760 75296
37149 54238
2449 29603
7563 13222
1064 7719
41669 68263
51701 86180
38382 91607
79740 89923
44502 44591
2656 79553
7918 32927
13104 20694
14181 42668
22628 79862
6439 91095
4443 59929
65301 72757
41938 61765
19954 85293
17058 87146
193 18228
40627 43776
1313 70788
28359 35697
10117 11669
13536 59608
19772 52688
49690 70729
14143 43416
12340 84991
56418 75052
70040 92495
15404 71017
7404 84974
11911 29371
40934 79603
31972 81300
88736 92196
47142 78305
13611 64209
7003 9134
33041 38441
12251 73910
9858 60552
52251 92270
6584 52853
15599 50240
33553 38962
6077 7694
26321 67055
27806 77660
30608 37881
5058 62478
22892 39357
72374 84052
6308 69612
6369 63779
43498 59209
7725 55968
15747 77005
22088 63608
41312 55822
41787 64571
23959 39928
10392 60254
11220 67828
62457 66962
20008 59152
6424 23006
11742 89988
73884 89732
3218 55323
45624 60391
36845 69221
13464 58766
19205 73584
47720 92232
17636 39929
33908 72763
55292 91434
37850 78928
46681 78023
46212 56173
66516 75542
14173 63719
44642 84921
4024 13117
22095 64854
9539 32248
52825 90383
23216 32132
19379 24714
42945 89979
17427 86534
60185 62400
32519 87168
1012 13452
41319 47177
53199 86697
8718 55573
10734 47247
33935 81909
51023 51910
15461 50281
17093 65694
4536 5148
44572 81197
46617 65781
55767 76746
22951 79066
71522 72442
15715 73428
5708 76092
12047 37297
21356 80116
2146 41494
9354 20166
12242 80356
23813 86240
47494 57586
49413 66022
1603 61621
301 778
3625 45481
15108 74271
8377 33968
27352 75115
10623 41023
32147 69803
35060 36063
69230 79005
6336 48912
39496 84733
78870 83582
53082 67686
10140 24647
63835 81582
63888 77010
8031 42204
23763 63112
76531 80971
20002 72062
10800 47380
20222 43632
46821 60552
40240 72280
22915 76717
14905 46607
42239 75198
21830 26406
13347 79955
45977 55961
8349 46972
9015 65118
271 86587
30795 68438
10052 44116
38728 88395
16615 86707
71210 78160
45151 81936
52551 61537
59631 78199
44154 70122
1943 46541
29580 48336
15652 29870
2865 11597
14121 69734
80908 90334
21136 59145
14339 32443
13228 25258
15210 58255
27010 86302
61260 87816
9855 68438
20257 50273
27546 82435
59967 88431
22125 56479
62565 77998
11056 75706
32198 32658
31520 42724
12839 62046
2483 90005
54160 92052
18729 40192
15022 36896
30082 62122
22312 24871
54730 75740
26590 91588
40283 51516
13160 59892
34436 55886
12633 32900
43034 89079
46404 91691
14731 26450
44805 65893
35651 73734
32121 55450
34387 62993
25629 81134
26691 30862
47564 56099
15323 54821
11021 68980
16904 62142
2748 47748
756 78181
22039 65252
52081 80612
10279 86516
35011 82975
74889 82064
26255 74633
58582 76836
12254 90726
22515 45356
17396 43925
46316 81600
18040 87972
40369 69748
66216 87602
47409 70132
25551 69809
59321 65036
21333 89300
10572 52073
21961 82172
14606 82956
55618 61646
36345 82499
51914 80439
59975 66371
11879 51105
49520 53666
41529 45775
49970 64516
80560 82752
45389 86705
13949 83050
37193 43513
2917 63663
20165 60760
46974 65849
32334 66400
11112 23558
33952 39361
25267 31285
22151 80866
33085 79648
12126 37766
17305 69033
3622 70384
33226 73444
52272 74076
28736 74186
37848 76880
91850 92119
604 42932
3168 48356
20476 35131
16816 67001
32360 70714
39177 58328
21539 83555
58234 83780
33310 52228
9026 11904
18599 41539
47213 83651
20426 30215
38202 41933
40117 65948
47658 52387
16608 19100
21792 62415
8557 78146
81283 85938
64683 65458
5080 52905
16119 32116
45279 82056
35283 75748
12493 64121
31586 65017
78351 88128
27078 60617
41506 63857
54826 70323
14320 37568
26645 44205
64220 79795
21234 70433
59884 63076
49403 78259
37247 46931
79919 87242
7310 8305
25049 76817
41248 57899
49330 69886
92 82167
71760 80467
75550 87611
17178 71464
17453 50850
23911 24845
63544 82611
1151 66534
61693 67768
14564 62866
52420 67818
20045 79100
1657 46174
41503 57428
12032 26231
50825 84626
23892 81168
31030 76417
26770 85597
15935 82734
40003 42946
22476 36436
44231 82280
12882 60004
38208 70173
4161 82360
23755 87133
36984 64760
6280 32507
41717 48884
17872 21954
15998 72967
15028 38506
52764 62652
25221 50477
9393 21702
11236 48632
86704 87930
60383 85891
30437 31043
71742 84475
6409 87226
22199 39532
54364 77750
32601 47498
18517 33603
26649 84532
14338 14593
45253 57027
7833 14941
8040 33883
32960 83685
65006 91525
53282 91364
22001 40404
44083 89184
55416 78065
14420 33399
36737 55241
25708 51287
50062 80976
19193 60603
66486 85579
38911 50736
25085 29022
13944 32085
16219 79535
24213 45850
34902 78168
2997 61052
24706 85856
44205 46017
48061 77419
19500 86926
60625 88213
36548 87643
57548 79198
9575 35118
57109 60226
84310 85180
8828 75455
8302 17085
41312 63079
44258 79803
45761 81530
56832 76970
40077 40400
35006 67688
43546 50796
20280 88097
37009 44698
80823 85714
8801 65358
14463 80632
5564 51646
53953 62032
6850 53899
14147 16457
12138 46708
32093 82303
25770 49276
12179 77985
52061 68699
4468 14536
55937 60478
50025 64004
46964 66927
19374 85429
19671 48269
13377 31397
11939 83402
36050 48326
56804 68671
22802 43205
5938 80824
36486 60445
46686 83725
3971 89407
30587 77051
32733 88643
14981 58102
66980 77535
12794 18899
45143 53099
56232 85457
37073 81566
32892 45348
39559 73294
63990 91477
2200 75712
8126 11190
10371 47424
30399 90213
46751 72740
7714 10483
64542 67054
24319 83208
32555 91549
35562 87651
9606 91505
4303 53598
45751 86222
39325 90246
25938 26819
25731 69354
27672 57421
746 64303
65818 78376
3185 78593
28083 85319
42666 43011
2859 89291
9022 50654
47955 68976
39097 91118
84518 86773
33916 86929
39004 82121
71796 80309
35531 50221
7418 33169
1138 65379
83296 92213
84576 88334
14683 81282
60537 75766
41831 77258
179 76013
49182 62883
30827 68883
36593 57419
71293 82387
63424 91896
58017 61742
25063 62839
13471 42039
8442 27369
81124 89914
23378 26904
44388 56381
34984 90171
61938 88465
14774 25859
17966 37475
6453 76310
780 31184
1182 70283
25229 73767
50549 66203
53161 80948
2952 80163
87599 91497
23857 64824
37972 41227
9813 73289
62842 83223
36971 42073
26199 76987
11016 41454
53692 89327
45348 48809
46898 87441
38889 81580
43354 55544
39005 68683
20055 60179
16102 68451
23114 40680
13619 27648
43401 79872
34565 53680
24929 70238
28653 59968
5908 82210
31879 83799
51028 55875
58781 62241
23243 52472
48472 65475
36618 49417
51057 78637
9620 41408
14263 89112
20584 42034
19876 58949
6612 48585
31991 83641
21918 53107
44594 73007
71712 87797
84 78604
79185 83980
16811 51201
2598 42655
10305 37987
23112 77536
55347 67708
62029 89005
7784 91162
22185 68197
25607 35977
32695 36786
42479 60265
19103 71858
30640 71766
49829 79983
43633 77576
51539 87117
38588 56047
908 11670
28451 56107
3752 24282
64541 89739
54836 80865
14312 42863
10205 37575
9002 51048
7198 63343
12368 39322
28797 84708
7395 53699
37623 69992
44411 64958
8596 89213
35111 63353
49980 81034
7459 32300
78102 78608
10783 46011
19757 51421
48803 86125
54041 86652
58108 92017
41001 44078
21394 38419
85945 91502
6096 80689
18591 69157
7936 64992
3968 35553
2151 34166
39225 67792
49260 82158
48120 70579
26465 49509
51822 87618
17810 69594
35547 64038
8578 46580
37189 42164
84809 91487
13560 47078
5087 45938
31905 68953
41923 79292
27754 51806
52212 72395
6446 12446
8366 53090
3275 49885
36460 54463
18510 43589
29045 51341
10291 72741
31295 31721
11425 69513
7265 71406
33935 88701
55490 79056
32936 80748
18810 55026
5052 16595
30777 36868
35737 55882
69576 92357
11332 57274
11043 46602
54588 92543
6768 17696
85163 86461
19250 19557
30947 83574
356 6760
48932 61511
12474 15251
5102 29065
24968 34780
76831 87599
25131 68244
31761 56219
12052 17896
25378 39647
18664 21791
17687 32132
26162 31420
8675 48570
67646 73604
27563 65766
38307 76233
11592 16754
60438 90678
3744 50216
2895 10317
12795 43800
9075 9772
57616 72281
8640 91903
40356 47694
84001 90202
12742 30710
76394 91642
40681 74005
80528 84991
12563 63773
1017 8407
52907 81605
23008 47578
9005 15007
1117 68770
5813 76296
5406 38145
25198 87590
27995 60651
15080 78814
14329 88195
77924 79161
29124 35866
27475 47083
32771 67536
16367 28539
41738 83366
33050 78766
66487 88141
84834 89341
51309 65934
57730 75435
67432 91799
61090 77535
2355 50120
57000 89749
20986 50755
33142 58032
9913 38036
21729 41844
20004 71001
32599 85471
29426 85251
16046 38952
50231 61130
21708 61431
4722 19834
77069 89943
60087 81177
10515 15007
30526 32068
3436 45084
6549 6607
34489 62083
27888 62290
9129 75462
23034 30464
8098 86511
22871 32290
40356 86695
22151 23768
5819 69676
2378 47234
18019 39185
16943 33648
2617 53554
65527 79877
4762 77188
45366 47219
40791 63691
6106 40962
7643 90290
1465 51448
1378 20138
12594 53268
33021 74379
74436 83038
14660 23509
31600 61329
16012 31462
2330 41780
41724 79535
49894 92180
21255 22529
17620 31771
46452 88526
77888 88185
14166 52619
33423 57485
27800 64289
4680 11599
15045 69895
20141 43424
2301 38934
74790 77240
32995 79308
38475 41364
30148 49094
75373 81144
21797 69324
58996 74604
43613 53450
25776 78289
77613 86067
52233 60615
2894 62096
15145 64251
37354 81976
33973 51324
43149 61770
17301 50709
48216 59093
32819 60615
7463 49000
82361 83895
23080 68605
74794 89580
23895 40059
51176 75316
1256 13603
16295 58939
73331 85421
47719 76736
52237 66753
5544 38784
41005 67857
11758 30784
42328 42960
61172 79992
33528 86312
26972 47189
48837 57312
38421 70323
28084 85973
45861 54087
65571 75924
38743 55745
46369 71663
79227 87783
56356 82787
16783 80242
18384 78453
65358 87579
39628 58220
51695 92534
1234 70758
24649 39870
17034 43302
71406 92212
39193 88293
20988 57576
42349 88244
9170 12063
7793 81711
23687 27567
66469 67969
17701 62436
61070 73979
16306 37747
8148 17514
24720 73485
28317 57640
8437 92583
2364 13502
7718 41903
15943 37939
7082 55368
18050 65520
6966 59298
33882 69362
7504 37206
37545 57363
24304 24952
20715 52483
6791 67533
14905 65185
35538 54449
40877 65249
13613 63731
40537 55148
70174 71564
19316 86764
52428 76663
49466 53657
55588 87546
38878 42655
43697 50347
66058 72349
53114 72564
34425 76779
44897 78877
6516 48735
33684 61210
8132 29769
16728 45194
52050 85410
18433 64327
55180 71501
1799 71286
41131 73810
19845 33378
16545 17593
47738 83171
17302 44626
29070 29776
1558 55250
35040 39929
12896 28613
15330 50191
53128 77764
42202 74144
36231 88781
44287 82036
10183 58516
66560 74350
63393 78656
13752 41889
32281 74822
9764 83130
2852 71361
14378 37048
86091 87821
49927 79835
16558 41236
21061 63838
11210 39202
22663 24280
24768 65935
72517 86655
17545 58343
3494 69418
48211 78467
67866 68111
234 41531
67120 75100
30539 62316
2566 40131
19779 42321
79716 84813
3462 23549
2819 66981
7643 29887
34726 87662
9015 16275
16293 67616
34281 72293
50883 74533
10437 57170
45638 70900
27624 89145
9130 25094
35416 86859
63334 68421
66549 88310
16687 53519
8741 57259
18557 74463
70085 71833
8632 24286
24233 39911
47025 83355
61466 66890
50899 70826
28423 43177
28625 83797
17099 78651
38554 85866
30152 51967
60748 83559
14929 30700
37985 57848
10877 39190
39775 60972
41790 57930
28342 64060
65259 67394
73222 88818
20818 50512
13452 35683
36219 77744
55112 92065
1869 57339
55302 73212
1649 54183
16820 75360
57804 67045
17835 32100
18781 44309
22709 30188
7781 60221
3015 74303
25125 82517
73478 75623
34057 76338
76610 89203
6297 56356
11854 68256
28436 37714
14199 26126
24925 69417
26882 44417
66924 81838
23322 40476
4368 28728
70054 81504
15667 56420
33249 42201
6833 20353
13600 20591
27760 86024
28415 73822
50733 70812
34407 73617
38179 88151
14708 82988
46300 64875
9220 23466
25626 30652
30718 43460
44139 62396
28906 53136
70962 84859
5660 77447
63717 78638
9092 89821
72853 89094
17970 47910
56631 88519
14334 22029
42998 59758
39048 69021
47162 50854
4406 66328
56976 58030
10784 15301
13303 51800
61029 90347
26073 45505
5624 72529
76501 90991
33384 35505
17690 70123
76630 80931
44610 49322
27863 85043
25570 48133
65969 85241
30587 44735
7437 53925
76102 85966
74779 80807
45141 84470
265 36458
81924 83819
25045 51822
19710 76653
18308 92619
28107 37675
37227 69128
5168 50744
30106 58389
66815 89142
10474 26001
29307 59745
39755 56739
75487 83278
3285 21332
14883 50204
15067 32302
24295 35940
15959 16869
36498 59484
57052 66100
22676 71832
22909 82830
69498 86220
39558 73765
43421 77804
41939 45321
1877 64355
3674 25357
45300 55852
30648 62829
10029 83379
12777 48103
22041 23717
69295 80657
4650 10308
56086 88842
67873 67931
1630 53014
36706 39703
36890 65407
5995 17382
35727 54381
21433 60593
6978 78046
12998 17834
22201 24883
8354 38977
19437 63200
36985 63521
6652 78616
11222 19073
49348 52077
17235 46682
82986 90451
21239 79559
1503 60697
28710 63839
25078 34639
58926 82939
64688 69179
29772 35907
5222 78821
43340 59119
27888 76934
18340 58844
65925 73102
3752 42029
9509 23607
68075 68355
42466 43570
85891 92618
15278 24142
9494 36078
50618 81762
48893 82605
53648 83737
48049 87128
35824 86646
42627 48685
37652 76457
33801 85743
34149 66297
5811 9630
40927 76291
31227 81631
21459 53445
31702 85323
9343 70293
36504 75839
45418 52132
35604 81418
17521 19761
64779 78567
20532 51121
2321 42731
5451 27615
32877 35133
41486 89923
13924 62349
34883 38142
40714 48673
49924 75750
11786 92303
8367 45475
13785 65336
23772 77533
28653 92568
19353 81479
14084 17189
34872 72107
50550 62685
28888 33600
49398 53214
6034 79012
52830 68313
36610 58875
1452 39167
71582 76523
910 81288
56796 71079
64224 78826
80944 81552
3885 15734
64437 77251
78681 86534
3552 22362
20153 43181
56167 91603
3229 7776
1772 77867
73550 79723
36270 66585
54323 86376
14275 58963
37521 92268
13621 83162
52660 76940
40056 86476
20367 26802
15698 60067
48033 77299
45681 77602
23461 85446
8483 18821
34123 70042
47497 60051
25777 32510
48620 69706
7179 12935
3820 52113
26395 32949
28868 61485
13101 48102
10266 53781
34668 59691
29063 92441
74476 79277
45294 78873
26528 45584
75912 84980
8153 69591
9944 45032
54034 88450
20331 34852
26520 47287
61326 74261
9093 66491
7632 51692
20778 23273
40706 51748
39907 78271
33954 82002
5968 20249
14625 36814
25864 41421
38835 85804
51779 62264
42015 76354
20000 73682
71791 80237
56341 88997
48048 80237
46820 49662
18456 23743
34801 42773
70092 82793
29678 68862
72206 79603
6489 75241
23937 75598
43550 63688
58063 73262
585 79044
1055 43891
46110 74326
24465 26874
70268 75081
60877 85313
43465 46225
72287 85455
49046 56205
10373 57736
40864 44178
30053 73083
67391 82512
49384 70934
11324 30491
28920 35229
9691 37373
41750 50132
16183 53615
2077 50889
53317 89066
1906 33658
57518 66605
49542 51187
7554 77826
7275 43170
27774 71719
32503 81630
13066 76695
46662 57452
44502 90611
21586 52158
2026 36498
39341 54807
8073 56751
9818 35295
26835 60977
13957 29484
31239 36137
52077 79735
86263 88293
2989 68088
41916 63748
12014 51190
1139 91718
29756 84321
77272 81521
7745 54036
35004 63107
59821 90402
55221 71325
17849 50680
3802 44661
51525 58348
10838 26426
34199 66091
12120 23879
76645 85246
21326 34421
68695 69103
3171 91052
38322 57859
56551 67120
15589 46280
22752 79609
20110 54674
49549 86952
37647 72710
10740 84692
11999 23173
76835 79639
14841 57214
39745 53272
3437 35910
20764 75366
73941 82374
5948 6831
5409 81095
74160 87679
3307 35385
29035 59481
39275 71577
46686 76925
15301 27299
37084 80795
40418 55563
24429 54156
46822 83734
67452 83023
20569 26738
28493 85910
48329 85566
1373 72212
35472 58515
8442 14238
40069 82030
15342 39148
45233 86506
11043 22103
17478 84449
15872 30222
2528 83805
50666 67966
25680 57491
31313 85022
66257 68054
52624 73090
72041 78827
16216 39403
55027 84754
14112 71155
65950 82941
27834 51657
46094 49695
21677 31030
9472 62722
2470 48590
49275 64971
23869 36448
17647 59397
28387 51065
13603 53671
8474 29329
47599 61358
3400 3732
10362 43533
44146 54383
52331 54791
58075 88626
51275 92093
58557 78595
39128 79596
23450 30711
49385 68675
60182 76631
37719 68879
47317 82794
10332 11811
4605 33914
592 63679
26171 44652
2378 90679
21400 50918
47692 85130
12043 27400
30305 78185
10185 11601
16685 58473
67863 92353
51305 68745
24681 86399
62383 89603
21607 30911
13928 62058
58880 86763
20587 66910
28081 78917
11720 23704
55744 79908
8702 24558
47524 86126
32482 50382
76482 91148
32295 53690
56561 83505
16399 56072
19389 56731
41791 51780
4584 34967
45846 53961
66382 90806
78366 91929
20620 73936
271 8002
43881 48092
76095 85472
52538 75624
54283 72707
25381 59613
56513 68450
42384 54098
1295 66871
43721 66272
52836 89578
33722 75590
21908 57181
16889 50907
17041 83412
24373 47889
5819 8816
28456 57616
32017 43102
4387 58677
11989 31436
10377 66827
55283 84826
12299 62202
24024 27241
74074 87353
67366 91469
10826 69252
1604 72711
7523 14273
16186 76821
1312 8768
50767 72349
86041 86443
41751 67831
56639 71886
42136 54837
65098 87752
12028 86991
23610 26162
16573 80280
34002 60520
37678 78782
34760 53190
9824 29195
14037 53081
26658 71908
26555 28936
7982 88717
79450 90174
32629 67856
39452 64170
14669 21954
62313 75992
79773 82173
36909 65843
38530 62550
1886 6840
31839 37234
12241 78382
46350 90631
23682 51571
68518 72211
1489 36670
5410 70719
62854 81666
28499 50633
39942 91298
32245 35294
32763 37845
3088 39556
7673 89694
31386 83063
51130 90166
53444 86252
38669 86539
52942 61473
26055 59024
20316 59066
24117 28009
29376 64426
20210 49710
14643 62162
19544 82474
9007 51006
25679 45609
18606 51690
14284 53703
21602 84249
18486 71423
23993 86600
26159 42652
47395 59079
6390 88023
33016 89958
8221 74594
28281 31484
29131 65186
7503 7795
3216 89517
13620 79604
37678 38575
9511 17428
16129 87890
11554 42533
75259 86084
56114 82815
6910 84434
28474 67903
18304 87622
27921 45748
49429 68482
2234 6507
15464 61987
332 89988
46623 69529
56375 73069
10452 18264
26499 35618
25638 58271
26926 28852
12392 87713
13803 32132
25586 45365
8476 75851
19025 37817
19029 67908
1509 37366
32032 57125
23614 32946
55880 67023
11131 71596
43382 55099
53194 75208
11102 46272
64454 84272
29282 85651
4603 78838
30296 85556
11586 54897
21504 34745
65904 69020
76531 77392
26506 28017
36973 54734
7513 28095
8670 32136
60437 82990
37749 52932
16171 37149
43713 75141
27062 85741
29590 55096
58860 62541
30699 88510
11185 39130
31784 55617
53062 57403
38914 46508
26179 80148
17888 43646
49591 66626
28625 70802
29278 35449
4500 75416
24174 33075
25402 77647
23963 57762
22741 53431
70293 71377
14040 79717
14627 43623
9009 34053
43258 85196
34866 36221
689 73526
12993 36422
14849 61155
44200 78909
6501 89649
2026 82322
2016 38650
833 1540
52301 63498
22465 36232
38853 90169
23896 29790
53710 57183
15911 17080
56275 88205
30259 58606
4801 34207
18153 91169
53964 57151
18121 89502
19062 20322
17472 79449
52421 63158
6251 55981
33882 87900
28497 47603
46020 59067
2556 6878
48445 61949
71122 89740
54182 62279
7677 89571
38561 75000
6074 85849
8686 41756
14811 42034
19109 41003
55570 60938
6813 40758
5507 72610
68450 92334
70892 88110
77481 87325
22014 47879
31871 80840
37718 68609
18811 79839
31691 61452
10164 32949
10017 37222
56255 88413
32150 88991
45079 89470
7885 69711
12789 65678
12363 81692
73123 81724
2960 27986
20499 50945
22532 60234
12595 63175
19864 77041
7722 33007
11316 54035
28124 36478
4340 42794
54131 66095
48874 81528
14366 23747
2300 31033
69908 88598
34419 85116
16058 55392
79610 83222
19935 76287
61441 65187
20542 32074
15511 70589
29558 70197
40548 71900
4135 23794
28083 63065
16273 38067
69673 80967
62839 65423
42849 46065
7853 59683
1153 31509
51893 92046
70049 87995
12841 79454
43197 69604
8225 58143
24842 32016
39036 73667
9557 14750
12416 80627
60434 80052
53186 90334
65033 67568
11475 90692
8112 53483
25613 58700
38895 44904
20396 43302
29785 54386
2648 56805
35557 58703
50179 67347
43395 82053
71379 71954
39806 49974
1103 75929
35803 62205
22320 87293
58493 67645
3823 10445
36707 67572
31207 79644
63473 73807
64542 67730
10372 16629
14126 70881
43138 65457
63443 68786
27071 36661
10778 23991
9877 78797
59370 81260
40058 64452
28385 47490
52519 82406
11469 73323
54760 58972
53874 88273
6396 27007
48595 69618
55080 83539
18317 58518
318 5916
49219 77499
25930 27525
2968 22901
45270 72363
43603 45392
39328 71702
63139 80354
31552 90698
45568 60363
13044 45450
33687 50434
17704 67240
45312 82634
39378 90216
28433 75870
7053 12645
6266 44928
6686 47138
22406 86974
18945 45222
33758 79389
58594 73256
23394 26865
36245 70157
35239 87199
58862 74093
2824 7965
37238 59850
36137 72064
185 81787
27769 82514
21346 74011
11181 27591
34669 46313
22529 64143
42169 56544
58552 60294
377 53832
32157 90396
76951 91518
10118 92152
11377 77153
46638 84765
71719 77145
39969 63480
39633 51773
46011 77796
19184 58084
27980 62694
73061 81382
69774 70871
33973 53390
1549 73899
2572 75897
5368 77295
46775 54985
56583 78843
5401 71973
4480 41104
49485 68665
56871 84041
14421 62059
17540 21618
51389 70566
28109 74509
25597 48870
54313 67186
20820 74971
44718 91292
3828 23248
24186 63615
7162 38641
29553 59269
28007 52519
19280 65063
36555 61939
27871 39144
5197 29099
267 37664
2924 71176
22498 89895
31253 45785
17699 31712
37747 37862
38040 62709
10712 67896
48812 91881
49126 70626
36341 63321
13728 86708
21206 25355
53719 71691
4942 59011
15101 85385
90563 90712
60236 71648
10497 15763
40345 46701
39120 83083
5360 81465
36259 84331
195 22580
955 88537
73695 84090
16226 72750
16610 76706
38663 51244
26359 29117
50667 92302
61865 71521
23122 59373
6183 44256
12328 19949
78673 91635
54325 90217
20533 61813
22313 83540
5175 17980
58608 87136
8545 47528
47062 63574
36862 61718
35485 38052
21020 90345
23630 41003
18074 56913
16868 35678
45585 62375
8032 43457
61897 66229
18918 67513
4070 43382
35895 52941
11137 54889
48206 84560
45209 52040
11983 29367
52359 53219
37876 70090
57306 71525
23922 49442
37950 40575
44460 52566
13631 54418
38873 84571
45277 57255
49070 86079
43410 77702
44376 73767
10676 48464
30098 54159
62195 77944
72833 88421
26203 59740
79148 88951
11081 63057
6900 48785
37923 84469
34019 37776
18660 73861
70905 71547
7403 26484
50125 57847
22630 85587
28146 52842
62049 81783
29074 65586
2865 23593
30112 80345
21165 77750
74803 77312
26078 56254
27036 49416
2623 20777
12218 68720
32867 84689
70996 83378
56111 72305
25240 28445
25441 30494
5853 9335
43776 55740
1730 46783
10222 16661
18116 85556
21057 83498
8583 80487
23880 28382
9608 59646
14581 79766
18214 79899
25255 88053
79620 88717
62744 64221
76890 92542
8755 78262
51138 62250
61350 81734
82427 92192
47247 71143
70690 74458
31767 67239
11082 86746
33369 53602
72117 77292
6231 22399
64259 76941
17341 92167
52997 67038
5695 66222
17365 61551
55071 92342
2660 58289
20692 89764
19448 33119
25579 68123
1476 66192
26640 31503
8367 42666
5396 36122
40228 70642
54388 67134
8892 61170
39303 49615
3821 68236
4263 31747
20958 21511
14671 65534
41805 87788
42932 45445
9281 15319
16599 87545
38492 61278
27973 41197
11310 75593
70135 71468
5089 47534
27818 78551
7140 13967
11887 79122
76918 91262
21892 39841
47494 51304
9851 52491
33026 83178
68375 76175
40996 81233
17761 24711
36343 47002
15736 46090
39594 62043
14582 73520
35741 36915
7769 16007
73814 82872
44629 74725
1894 60091
24495 91626
8080 11506
45763 47371
52881 88133
44279 60006
29988 49338
43255 62749
4099 9904
60167 69775
48661 85276
11563 51960
14042 15702
61340 91469
32186 90736
27189 61654
14544 41746
29973 82243
19390 46727
76833 77812
34522 72463
34649 91431
48465 75281
2613 61921
78062 84030
27780 58716
41898 45318
64269 71197
54589 78645
26357 29854
69283 83258
40744 63332
53231 80354
83676 91550
71228 78527
24881 71055
7728 54321
28699 79949
68452 91642
22573 88912
19102 77838
23225 68421
21715 71366
88292 90851
8584 74494
19423 67920
60160 81396
77880 78905
35799 83430
23437 65284
68857 72623
52491 74809
5027 60547
1032 35566
29465 82485
55340 64377
66450 73189
58682 91375
11521 75157
58536 84237
16050 42621
20887 66574
10432 35649
32625 52803
42404 89375
12286 89884
59496 80085
65954 88906
28443 68352
1891 73892
1903 8259
46262 63114
66426 76924
31352 38330
3205 49387
41719 92274
39712 58655
776 61422
11144 71860
8580 31183
15164 42832
18831 92209
13547 68208
57524 90996
6589 73898
10533 85612
42110 78737
30038 32982
19830 35421
22279 86878
12834 42775
35524 65772
65601 75246
34179 45371
40801 42013
9493 59322
17595 48512
38956 42703
56852 63223
4291 58311
5409 29338
28882 42825
22323 76626
52264 90674
62642 83010
73998 86093
11901 52072
30776 82816
30034 67364
76903 78421
42002 53629
49402 68694
37228 61184
37346 80986
76070 77938
25233 26619
6218 32109
45804 49064
81966 84707
30128 68028
61278 81257
32713 35219
37330 51501
15682 33655
13218 91049
44570 79793
24945 79785
20440 63626
31791 76904
36713 51836
54564 74494
12019 72224
42629 88637
41759 79406
3452 92592
14308 56931
11094 12585
11767 17592
38323 48617
40702 47454
63386 85244
44271 77307
16573 70184
61138 78001
16472 46551
38072 60947
49598 80482
2490 17074
6358 77133
37093 82052
48865 49196
55280 76903
71210 77858
47224 83182
44709 45912
60178 65697
956 49944
52344 53119
77699 90570
76948 77868
6239 41055
16376 39891
941 78842
22887 34937
4209 76183
18725 23569
42286 46354
63292 85776
18720 41203
4631 79971
6782 75989
1904 73351
2331 59022
28307 57655
24569 64522
7109 73452
29769 31532
16098 84888
30482 88256
59229 71591
69140 69933
9275 10745
66424 71340
59165 78236
10889 34760
31747 78643
27199 62371
31024 48353
10675 69621
25973 44174
42336 82395
2617 56328
10718 23875
17357 79055
3711 16123
32204 41655
45631 48324
23450 58238
8246 50748
6278 16318
4445 81502
8366 26946
25939 32154
11062 76606
79008 92152
68171 87207
22720 47088
26314 27937
44295 89814
46321 82735
69702 87500
7715 61838
15520 31616
20838 53565
46909 58834
16030 26872
3792 78895
7028 29679
12665 54903
19409 56613
33697 88710
38059 65943
9586 54320
16973 92159
29443 30625
33964 81746
59936 84923
25904 90037
79927 87388
38089 61818
20905 32829
57033 67208
44391 82941
33281 92235
4230 22630
12003 39867
8587 62655
72400 79818
59251 91905
75546 79406
1698 89358
1694 77363
17938 89142
50501 83212
9244 10113
43476 92507
4067 81299
10553 92185
23323 92202
41388 43839
65696 71801
20739 62852
37735 57424
40596 74722
19012 47839
2930 45374
41854 53411
51096 66188
5855 40204
29120 82620
33240 84194
59060 71285
32720 63510
16842 39572
22610 43584
14671 72319
6904 81979
9039 78863
58265 64771
47738 80740
28601 67962
69877 83531
7390 23505
25259 44126
58568 70438
59168 64481
43846 81901
30218 74071
37802 56016
18837 67538
2326 83393
10013 18872
6272 13577
48174 85707
59282 61031
30865 81171
8431 25323
70001 90485
53394 82732
20685 88682
17870 59307
19884 41944
2221 18116
26742 80703
38607 80716
11128 85567
54085 78561
7511 85978
7790 18619
28911 48062
41143 83657
15023 43148
31821 45054
8231 29448
39497 71159
35174 66264
45356 82620
17345 55736
72420 85219
30498 32054
28027 59247
29121 55536
51699 53155
9726 81537
37516 91154
6156 73683
50821 73440
49032 85924
11872 32500
78140 90827
48371 79832
4033 32121
31131 34646
15944 81073
67477 76070
32251 65373
15527 27356
49412 70774
39495 54332
19861 21559
26893 91359
78654 88140
49958 69070
560 58095
68384 91347
26815 38313
23222 75127
6538 89950
30883 88224
12072 89729
291 43414
5027 5767
34248 57790
9748 21112
23059 33261
16838 71886
19921 39096
11564 78256
459 2875
20262 91763
34957 55564
38719 83858
61583 61876
67482 91262
6259 23984
5702 44753
7580 30443
53149 86862
109 55935
2701 65686
42474 62236
27122 35370
33153 35000
32377 54526
23277 74674
19125 83742
28959 61100
15835 32164
56789 79203
13718 77736
6276 86640
62506 78561
55597 85687
21004 88804
20236 31167
5852 75604
70781 76946
13730 67401
37373 84678
22398 23030
60347 83998
51983 80984
1781 33098
25716 37274
42647 53917
22913 62107
14863 73880
18871 60570
28081 49224
42076 64702
22731 41451
31434 66054
56801 61028
40334 63542
11559 40596
7075 43988
17582 41777
3754 74974
4929 6983
39074 88279
68482 86678
5819 16760
36616 62783
39695 88936
18541 70194
40470 60672
1271 38602
17025 87220
60820 89308
4852 88628
28683 80039
1277 7573
66951 75913
41914 59707
6076 29533
39641 78041
21660 62567
7778 91402
34508 62985
66655 72948
59554 70242
24247 72237
2617 47137
2114 60189
22165 45183
55631 90299
51564 58487
20028 42362
36660 72336
23193 79007
4899 86952
37465 37916
15178 47347
63570 68573
5057 70231
60828 79722
18495 60795
13132 22863
68228 92406
43300 86963
65701 78423
57867 78851
86 19449
43811 46821
54843 89845
28021 62903
774 19649
28270 67330
5504 36705
70786 87060
50531 74886
14443 65893
3040 40132
31377 41692
38684 41685
478 29167
9735 19540
40201 66236
49911 51028
50551 90856
14093 57364
39539 83327
27094 41922
4627 19290
33737 60925
9981 16512
60277 79578
14562 80800
2900 85917
8671 60798
34298 84056
38432 68036
13054 29435
53957 59325
35170 54301
31480 74689
19126 67633
19197 37169
33990 67828
24089 58301
41119 56772
9315 83405
53999 69607
74398 85505
70547 78046
12299 71271
20375 57456
24144 47799
13251 59195
34517 83039
20667 47692
46815 49344
1532 80486
35401 51607
66408 72710
35445 85954
16864 19373
17312 35181
10907 50881
36116 71681
27487 51972
23290 53489
39042 71793
61240 63096
3085 63013
16943 78338
7410 14943
63422 89148
11871 59276
25438 86796
13145 46627
4753 59672
1315 45563
32285 38528
4018 37652
16140 59500
74841 77335
6125 49892
38916 66757
26584 53502
70119 90142
20833 76597
12101 54392
27976 31217
66623 90457
33696 53928
26987 58071
26057 68856
29014 88401
59630 71573
19003 30479
3554 74505
21694 77684
14040 36162
28847 63324
17860 57907
715 25339
1008 70835
72684 88402
74161 86504
41496 86601
41272 83237
49680 84888
38183 76866
28394 73161
24658 92079
10462 57517
75948 80962
62184 92266
79212 87025
13789 52328
22885 61759
48220 79849
8343 61734
21903 49659
19681 25727
36205 90335
22274 73050
24302 64010
34217 68240
33716 75040
24611 55514
1728 71179
39834 69774
8270 60931
3367 15427
6281 89309
40715 90926
18529 90731
2757 78001
3171 23356
2818 35685
38882 45701
58342 90842
23226 84904
37572 55818
25600 60526
22316 92115
45044 45697
26719 73253
4123 22558
1034 84952
36573 79820
31365 54479
41527 62623
36323 75642
14103 33227
23542 34080
17802 65639
11226 31154
52112 61509
7942 12604
32230 39027
47407 82771
45497 68679
43226 65902
46958 80192
54239 89792
28881 31913
41633 46872
22631 74878
60762 85878
23022 58894
6983 21016
7668 12469
41905 82696
9453 54107
64413 75046
1208 90788
11804 80341
33282 79520
63042 88745
22437 80859
5845 88333
26414 88433
9241 34333
35352 60521
6471 55442
5999 45290
10355 74270
47027 64921
75845 79577
22193 63712
25286 73482
5463 47467
8152 74411
19961 44545
25166 56443
12977 91716
803 65264
46435 73043
38243 77659
47756 69965
53056 72984
16469 35088
23148 64893
11259 33798
6178 22050
6008 84143
21251 61933
5306 36123
8083 50865
42543 83882
15738 29704
44196 68594
11353 65618
769 77644
41515 60587
60433 82861
54758 55217
45298 68685
52847 92002
25204 51728
26658 79995
15079 16134
36061 69591
8007 44245
5065 23815
6687 28818
7267 9771
50617 81576
3785 59236
52722 53215
5056 53481
10144 17784
54092 55267
14996 35900
42148 66381
11261 26624
21114 80433
26252 31783
7603 19143
14487 65717
69663 85520
7816 36710
16223 64502
1717 66931
49969 84551
6831 22000
13967 50389
5084 59792
10470 20254
1116 91699
15422 61079
2546 35967
28478 67874
38398 83117
23414 46661
46512 89490
27036 65378
46616 70505
51018 62381
31628 32990
17085 20456
1523 2024
29562 80733
5126 50832
32795 81534
61721 78926
53213 60197
11889 56834
10750 91848
22161 83237
24021 48375
31736 37103
44584 56968
73364 77000
19378 36158
7194 41424
24490 25407
21100 22807
80066 82369
10027 24095
12458 53081
64581 68708
61924 75269
6792 43130
74498 85448
41278 44652
55599 72159
39189 53629
5876 54508
12106 36043
25493 79711
75727 92219
9402 56010
16169 27202
37183 89866
39821 52964
4964 86262
52099 59200
54864 60966
11686 39068
28152 78565
42901 56617
3957 34308
13417 15828
40621 64529
237 79026
23546 27495
30854 54414
8112 31404
4672 73125
61765 85659
65184 69307
6684 75092
11086 29606
57797 90213
28463 88870
3076 28865
13777 69150
9569 49213
55409 87471
27207 28913
47113 58603
9195 77851
1714 85078
5898 64050
23708 87193
14233 59237
15295 32946
55039 90909
20893 64093
55635 63660
55236 75966
17929 78681
61832 92483
21473 68277
58856 65539
15726 88446
50032 88155
85415 91747
69471 78672
9061 65671
76777 77711
36092 36928
17537 88224
80624 85814
18783 36259
29907 60324
5326 47597
28557 59435
4365 66126
6960 71342
27022 50084
4755 36337
46134 84509
41956 86093
9255 57149
34449 77803
26451 90573
31769 57670
67377 86149
60726 86602
32831 42103
5545 82164
10068 61414
33178 49316
28069 28535
9313 22890
45717 56275
6983 11145
27749 33306
1813 45936
41817 62617
35363 85588
45014 57634
23675 80725
11065 52293
1975 65403
33850 41954
52828 67285
26602 61386
17495 27234
55963 81913
22456 86201
11745 42511
39175 42206
29885 34093
78705 87257
42630 91179
26353 60808
73534 87378
6057 22372
31199 50312
13022 57680
19332 29091
37202 48821
72029 91390
28474 44857
48 49446
64131 70169
9678 71930
6257 60342
12861 24291
17157 19303
45697 57288
11183 24776
14850 73218
67882 76681
16801 23730
42394 44881
3391 27643
13490 74637
52293 70989
64321 81141
55125 68100
68799 79967
1256 44816
28581 60778
54725 62486
13052 50185
3964 60538
8709 52293
20772 76944
14164 92125
34657 65653
4879 59875
6846 48420
35072 75980
63195 66590
41324 62949
56636 68512
30893 74227
15500 72858
1309 6736
55825 90572
27658 52764
368 5650
85816 88947
6063 37622
785 26151
36465 67240
58372 62218
29626 87409
31922 33252
33378 39720
18469 62588
5412 78053
34553 37441
7293 17850
24634 77965
34858 37506
33657 45226
34159 43466
829 17517
14658 76380
2697 90328
899 88118
50204 77899
19888 70703
48159 67304
10710 40394
39364 87063
32501 88152
16327 65495
5170 57285
72447 89554
29720 40434
50212 84467
36503 39860
77707 86849
51323 89897
33724 67511
67432 74714
4626 19647
44538 89679
69812 85231
41612 42533
1891 86905
5951 80659
9229 75800
1975 87092
18787 20610
38204 41753
54513 79782
22257 71062
6058 88148
30687 69609
9778 42971
39174 91261
61112 80778
7724 58872
47069 47580
11094 41197
46782 65428
56294 57725
29087 84033
57599 91433
37040 83524
19606 49151
518 68260
11646 85637
5627 70879
70095 90437
19513 62590
9250 24349
35660 37445
6681 7687
3855 27402
19785 27613
16046 88370
83019 84809
60480 71460
60694 85921
11681 15850
16637 28796
22030 91239
40824 78248
28335 91068
10578 44936
1474 67929
9054 56585
66573 78533
64664 72247
12547 57832
33434 66248
60257 87955
11449 40303
56754 60532
37531 48133
33763 70643
34453 91003
12298 20174
24452 37655
32672 66530
1408 77583
59118 79425
13717 80211
39565 87715
18431 59557
79564 91224
11667 55606
21529 63788
63911 80491
24984 34136
1275 17963
63963 79557
21445 92007
3324 43330
23711 71995
47990 91357
3128 85745
68680 88284
27293 67803
34158 68738
62256 66544
46078 60285
60041 87119
54356 66733
3724 30602
4250 17479
42035 92587
83843 90940
42927 68601
58470 60613
15992 28730
52128 68918
22775 36424
10584 34490
25651 84135
53833 57546
13681 69145
19988 26606
979 9079
3196 84640
59315 82585
23708 61329
38335 71703
15043 39952
50936 59067
51097 76637
46783 54009
34534 55503
62772 78486
27179 64852
10074 57969
21366 83949
6279 82398
49769 64824
28866 32801
23569 58471
12860 50960
22591 84925
17483 53005
4131 24516
14341 92199
47933 80346
46427 73495
44364 51088
7654 88692
72423 81095
22044 57694
68620 91426
53066 74638
38557 61300
11819 64618
37009 76962
53314 67676
66753 89504
49398 52050
12024 92569
27982 33356
54123 65986
62928 70462
10193 37771
72721 86169
81462 86120
60177 85589
28266 78169
10013 69665
72025 74528
45038 81052
53868 88717
76169 87367
25000 33360
19491 20214
12399 60364
23683 55373
1749 1766
15858 81529
3191 82616
60747 83826
41443 55276
4172 18989
47072 49765
8153 41171
34280 78876
20309 91885
47442 75710
41027 48904
776 4210
8858 40135
38807 45849
51147 60748
2299 16769
32670 60203
22734 79844
15418 27643
66547 81145
3582 34425
5851 39642
70204 77309
13240 75940
4001 75101
16594 72430
6049 36586
25164 35840
45316 49257
38338 71104
4230 84159
18342 18888
77209 87158
14389 87210
7909 44791
13353 32465
52430 68843
40594 48464
14975 46797
76461 82342
13809 73516
70120 74050
69859 85720
18253 26961
25568 69179
72557 77311
18520 45801
49812 51534
43369 79142
9199 76752
83520 89906
29755 72843
76656 90341
7501 83369
39397 44804
44727 51269
8690 33628
19297 24827
21170 33701
71492 76234
4566 12655
3332 43369
31109 36190
1036 32207
40558 66520
65288 73419
57151 71568
5852 63524
20866 65089
38678 47346
46002 46750
27627 76551
74719 75373
2335 81544
20638 43296
953 15050
16128 52091
45960 76074
33601 74229
37128 49156
9842 69541
5214 41733
1832 31278
24566 57136
11737 74956
27017 68742
21221 68697
64329 90187
35779 44312
2806 78824
11894 92578
9772 38363
52529 67248
39214 73375
4266 10689
22387 70213
844 65949
1212 90913
10302 53588
20785 84234
15248 68502
21099 58623
43585 79225
36264 59275
48086 73719
20145 28837
8074 71775
34954 91812
74929 78835
8189 66026
8101 65623
53844 59344
72176 82031
76715 90652
41686 48709
11279 26384
31562 87366
37943 83164
49306 66620
30116 71730
31806 38119
69617 89459
17135 82300
5696 13533
21791 86793
13075 14593
9537 73797
20936 52788
6858 16128
21028 36862
31019 72513
9519 42708
50778 88618
7597 55002
17696 61835
316 54845
19877 91004
13823 16533
2653 24314
50717 67161
1689 13579
43943 86800
27261 79079
15386 54334
4336 36389
66803 82957
21873 56327
2706 40737
32780 71637
13849 43626
12133 31211
40690 69549
24100 41862
13358 35298
4435 55833
11130 68242
3372 74174
810 23515
24123 38703
29013 88346
6479 57398
74963 81785
18833 53437
3691 6245
29886 79982
8275 90144
61341 74966
23774 58274
46415 90288
12477 49350
46755 67747
10137 82320
27818 63857
4737 55744
24335 65659
3823 9994
47153 50139
17675 86986
51279 66087
11643 30371
23658 49502
33111 41460
26508 38510
18776 19483
2143 64230
36428 91849
50527 71256
29112 60381
8602 81194
14990 89480
44654 62113
55188 86228
10179 74016
3720 28758
20711 72828
9866 77096
9504 20511
3619 43760
8197 17394
35730 41643
56957 57196
10032 34635
52994 75275
12147 57549
28619 68670
10011 78321
12315 64015
46992 66729
2959 48194
59837 73351
19777 66758
36512 72959
60519 88441
14175 73246
40841 78368
24556 86398
20532 20944
5213 36551
36884 39033
4106 52762
44664 83983
15883 79235
59755 66766
27075 66281
24504 70776
25460 28062
28692 66729
12341 73070
8510 67635
31474 52380
68292 88673
14891 92328
64287 75416
58701 89583
56476 88082
62451 73152
32028 40671
52231 81630
43896 83939
45013 81540
23875 54653
58191 85223
47919 77302
12160 23994
55673 64084
59095 85281
7222 39668
38827 45087
7222 80600
35184 46059
21562 26790
72102 76158
26060 45640
43579 67312
11114 70733
8869 53369
37749 37886
43218 90287
62392 91265
31988 43504
46167 87571
49470 77315
18016 25216
43695 48076
10904 19974
9839 49582
9819 91112
19989 89340
14824 33169
14500 74531
4708 67320
14095 54621
67070 85162
37210 39221
1611 63640
59875 74034
50113 78360
2619 21255
35803 37023
35406 49693
80973 91329
47742 90956
19934 40520
29599 46792
24090 57943
54252 91483
14203 81230
3919 53063
1991 90981
4695 33702
49317 49508
46094 81314
62937 82419
59904 71291
26708 31978
22408 85276
55218 67435
33901 38163
1214 30110
58556 68237
29605 85290
51660 76279
28781 60257
16717 67947
46145 68182
21879 45595
80693 83744
56573 83290
32355 51980
12794 49940
43409 92167
9290 92614
34195 72726
29497 54396
55375 81969
78285 82328
47431 83680
40878 53032
26227 64390
44597 53247
15430 68934
53373 69418
40507 75420
23654 82115
59838 79348
77697 79568
27991 35295
2400 44395
48508 48728
31378 45348
19408 26386
3489 25186
4676 57187
35050 57006
28796 66054
14546 78602
29593 42320
42238 89832
61852 69276
57268 69708
3755 44866
4322 92034
13383 57037
59630 82948
81327 87619
7273 45058
2792 53009
67147 76261
10787 46454
15872 70715
58157 85959
8319 18478
60139 68762
24968 72500
60538 82656
34091 72836
32129 74008
66898 90290
48726 83713
8150 77858
6009 13431
7657 49008
32018 43414
53377 58708
22993 69304
54304 81629
21615 67417
45888 84084
34045 44864
25191 86325
8798 67743
11776 19279
49349 78899
31757 78419
1286 83464
53700 65094
39297 59481
4812 6584
33119 41957
47311 62632
53572 62108
17893 77210
28952 36166
43422 64737
59738 90340
18019 32779
14411 85083
8826 50538
14923 83784
27035 29865
874 20804
30912 36730
46163 89209
11246 79165
33042 38988
2906 49560
44621 79683
35874 74386
13269 24754
30474 44808
58385 63054
50287 82148
20054 21113
4851 76420
16760 73704
70868 81242
63768 91216
531 16639
42635 68197
12298 38114
674 19178
54050 66374
4024 87310
20459 34918
50845 60341
8217 66130
37849 64430
10189 80085
61309 75482
7845 69764
43600 53301
11645 37363
1267 52305
9008 51475
49686 91044
77922 82459
356 38770
56647 66254
33858 39749
7331 76708
30348 81924
7762 8914
65494 86700
22948 83625
19170 22381
29971 31971
71623 79304
1577 90095
16219 82218
5007 84810
42880 88306
11197 74050
50450 61613
28528 70168
10647 91592
65145 85793
43977 54220
42255 61139
28775 86181
30719 39902
9035 60938
12014 43964
25587 33460
63805 91959
3893 80466
48104 66660
48324 88820
22550 89396
77470 90892
40530 77585
49860 58807
11522 56575
30541 84389
36365 76612
18035 24938
12042 63851
9914 85946
27454 60807
13922 23501
34695 77536
3182 90084
36621 46401
55720 86477
25365 80464
60068 83231
71781 87650
12375 83436
3392 20945
6381 73305
29761 57441
23670 66230
8311 77891
25133 28061
203 41052
19502 45988
61227 75038
32427 91320
13165 55088
49795 84462
9419 11767
28030 45828
43775 66534
15541 17309
26257 91306
30880 40504
2583 53082
14714 61329
44827 89750
13513 79001
69173 70315
10967 77874
57499 63795
58666 85006
30267 89515
35764 87042
11354 34088
65654 66763
23180 43299
8147 31084
31170 34191
22076 44456
40857 48350
6865 38519
47517 83891
40143 75683
16558 72236
63713 66627
44332 67330
39990 81651
6864 19769
7427 89781
18034 81938
69313 88532
8336 35762
3600 24096
39182 43726
86894 92345
31054 51661
739 89371
14076 86528
30128 42266
26059 34827
8448 68824
45094 47557
872 57066
53092 73145
50988 62933
8960 21925
14841 20078
31470 91101
78641 85225
48887 90781
29312 46395
5064 10198
82095 89986
20719 48410
9291 86170
9520 86522
77461 78213
57100 57650
14508 68587
5501 58137
36585 84869
53515 78071
11244 45504
59643 81103
875 87953
18818 20071
11322 36338
14128 64300
2661 36775
6407 78322
7686 27979
17405 60121
18860 69786
2077 62256
61370 91613
48801 79483
8328 83717
50099 52272
23567 42221
13478 18794
55431 74827
35065 69455
54940 58340
5779 72243
35922 83658
30176 89521
42000 44672
26322 36422
62326 64290
23603 84816
45470 62767
40123 45996
45879 46773
21166 60947
37885 49875
24028 71985
64577 76953
11750 41556
28453 49112
16505 39692
7310 69347
13260 53161
83864 87183
31862 51228
40183 87635
38399 75208
51456 78367
6897 29998
14689 61622
37681 69693
2043 27912
45048 66267
37286 48031
422 57510
26579 27096
14036 61463
22528 50790
60540 77985
57763 88573
15886 67479
47889 76084
24994 79727
3250 61200
56831 80299
20642 90164
12582 57560
31917 89178
50408 71203
20073 85290
20141 34860
77065 82631
21652 23015
56194 89258
73684 89435
7569 78820
6744 70810
1875 38983
75722 87453
45189 46410
22757 41366
56215 72264
54232 64638
50106 56585
18062 27781
5380 25144
11132 48059
49249 82519
1100 37124
49909 92313
62637 67015
80803 83487
46747 68512
55238 56636
44984 63317
11962 50180
1 58175
26455 72569
52120 91322
60059 66234
16937 27940
31948 76501
2564 15892
13815 82101
17412 89442
23979 26471
8667 78583
34732 71619
15302 22561
46503 82164
25902 49995
35195 81999
14553 92080
1839 29151
15842 58138
41155 82602
55384 76889
26074 78348
1466 57913
51392 80784
5956 7190
1936 66327
41548 83416
11908 60890
13494 15979
54202 68734
9062 75849
8026 23573
58770 79082
11125 88994
12326 76725
6057 54325
24469 24879
8469 39389
10178 67874
67968 81013
26550 58633
17513 68039
55968 63793
14354 50377
20136 88843
28644 35452
30962 61876
26897 45332
31259 64194
71799 81177
36639 38023
23788 24289
11505 45480
651 35111
3079 15911
37424 65321
56421 77342
58674 69035
7364 75744
34253 85356
28359 91837
3968 20209
10858 35795
20572 24338
23057 70587
10798 45653
18426 67967
27394 44672
16676 62395
17713 86597
5044 65661
71448 72646
61747 77442
43420 87787
26260 81734
12383 76301
33137 82267
76702 79726
9144 29778
15925 38632
24495 39284
34242 87376
35476 40765
36749 42089
55424 66834
53911 88638
58667 68577
19936 24241
29981 37692
2655 39644
40305 75088
23745 39892
2267 30027
11794 40809
48166 48796
23231 90662
52175 91272
11243 63537
81030 81483
49189 67846
87025 88677
27820 70830
83924 90239
20377 64700
66656 69749
53254 86666
2009 6589
5422 34914
26220 29852
16410 84301
38603 71047
10721 51345
5469 51874
84937 91828
58671 79083
2170 57459
35371 48974
60005 79488
46641 47527
18655 56320
15886 33085
9041 54623
50668 87621
13962 30527
66314 80686
1778 87690
14821 64216
4338 77031
60722 75024
14855 47030
66262 88962
37207 44039
37581 65537
16927 40174
9589 42181
8486 9892
78722 83626
12239 83965
53140 62504
1522 85829
22770 92367
25337 38483
79063 86005
20222 88001
7525 32329
60341 68536
4023 34442
49104 76726
22966 76076
47968 71990
42002 60491
67407 91100
23187 76720
6892 12654
69653 85421
44838 89189
14174 51526
72869 73454
51978 54174
28312 71821
6949 20582
38715 60782
43905 75185
1977 7447
16167 72063
62745 74312
8827 33080
42255 72630
14298 75770
8695 19614
40193 74508
49944 76149
63268 77963
17041 83805
13165 47750
41836 79676
21929 73922
74859 75149
1419 83527
2884 22745
48013 56388
12209 31785
11843 59070
44713 52573
4092 82791
2441 44687
9991 83674
4882 14445
68875 78410
42689 90498
39549 68921
22423 77426
29506 59168
48515 53731
79279 86268
18965 91688
49429 61599
63969 68669
10425 30522
32510 51475
33405 89041
5666 34812
8755 77620
25670 58253
8619 13574
39928 72415
33472 89597
53371 65716
60848 82832
3379 46532
26571 80706
19464 41805
3515 16948
10049 46082
56258 77498
28603 44319
19569 38116
6348 70468
27314 60827
9930 82468
32496 89691
41963 60964
19510 56446
32434 92498
11964 33516
74926 83850
9229 57615
25175 59310
42003 68638
26348 73847
17011 33644
2467 90933
56024 83608
11768 19661
15264 44187
3842 34098
11483 29000
35374 72486
45083 70045
54237 78353
10300 26548
36665 73814
30310 65848
58743 84626
24190 84278
3310 8651
15533 62725
42498 66652
20948 30280
42365 72081
3765 86712
61483 62690
54506 63445
53597 77313
19570 81634
3639 89318
15306 69120
76583 88719
9116 52646
72240 92288
28273 77225
7964 26104
45015 86245
53348 61425
6803 24631
49269 82277
65674 87600
24521 69300
38116 77994
36663 88327
47885 54721
57813 83413
50955 60582
25214 84232
31925 36974
21622 25312
35696 87479
72603 73013
1393 78946
41172 57474
28355 29366
42286 87932
35716 47267
26503 92273
14657 89017
12176 42281
40784 59774
39581 46954
10167 80932
41474 85092
63233 90909
76300 76778
46731 73797
62904 85857
49145 91499
37081 84008
7731 61366
47549 52548
53229 89128
25914 74590
30900 71387
17997 28008
48060 83428
25769 44025
17843 34941
18406 80542
31347 42459
12484 46286
19294 78257
23617 34464
25524 49715
16217 22345
12171 43038
20853 22862
1334 13324
29280 45207
46019 50052
6777 43729
59017 88064
70542 77343
64967 69921
48670 57556
7106 37115
5210 59799
55546 81871
9922 34154
1826 52387
28202 71089
26346 90180
13325 13788
74490 76622
11850 76995
56880 85206
71215 74582
10663 81256
13485 43743
67180 89610
40296 59624
46748 56585
15703 63671
38576 86178
52919 85025
9220 32081
45039 66470
47999 85957
58902 79774
24531 84314
4379 61754
32600 59293
43615 73404
46678 73033
14831 66147
37824 58423
60803 87964
30406 74677
86904 91635
35592 59871
66782 78191
3134 29637
66761 78207
23782 68744
25073 83354
27821 80438
2819 85545
1095 75950
24323 79779
38903 63141
19629 61466
61340 72228
40056 60038
17034 44078
23812 30961
12768 32442
44822 53623
39949 76353
62665 70731
19582 77622
66480 85442
14586 18418
36862 46016
63169 70188
55409 83094
70835 87990
59361 91444
33928 62217
35491 84806
14193 22630
33069 82196
12811 79927
36964 47888
1083 15510
43124 81241
85938 91845
22370 39819
820 86770
30510 51608
10865 12069
41205 73755
71394 73600
15651 49142
22868 86821
45194 82107
2922 52360
33911 85968
30586 39664
4527 61692
33724 62187
39957 78271
27630 29594
3955 33511
5183 53691
42297 82659
2453 84287
6016 30107
14959 86736
33348 41592
32179 69028
921 67743
52063 68484
57224 78035
64069 72036
46 75870
8591 47897
68954 82357
32940 73071
15066 83111
30339 85927
18703 60238
40766 77001
6258 79387
60298 84101
42596 72883
33623 37637
14135 56371
33334 78880
12263 70965
5206 71930
50993 65190
8082 90897
14450 51430
22674 22813
27070 36084
3733 68031
15126 71481
12025 56659
30462 54569
2998 79072
19179 46217
10954 33585
7263 39858
4195 45504
20138 54703
44901 88115
9695 39076
20093 56887
29647 30279
57187 81253
52728 87191
7147 80563
35588 87119
52292 81243
13960 72046
5415 65549
20356 42599
52071 91724
30723 80466
47124 78566
27308 36775
3711 54596
22966 77391
24480 57176
63068 76471
59418 61931
43599 68521
71871 85772
13167 89037
31371 76342
2973 31768
28400 66361
53104 83172
40821 51733
72241 73996
71395 91182
39215 47256
61105 79353
6424 67326
57548 77680
59328 68142
17886 80844
19049 53283
2996 27127
23643 59452
7578 90326
40920 88786
66062 79136
48163 90654
12780 48483
69283 74547
58001 68397
32582 73680
40638 63649
70073 85426
48661 64599
83838 89445
43849 53637
17079 46845
13943 82327
8904 76850
39492 68400
77720 78867
51364 64260
31420 34626
20916 29793
5829 72678
51017 70928
7709 51245
63466 86292
34052 79887
80208 83066
4613 75939
20148 87831
8712 17779
14620 40026
63514 79678
72820 77221
34718 84731
53680 75599
15929 39531
24734 53036
47141 74706
80905 84410
6686 70992
48232 64482
30004 86050
34321 71645
39581 46481
4573 49634
73572 76249
48185 75831
23919 78572
24053 43094
34589 55539
5981 80512
50013 74836
16516 79354
25999 73323
65829 87241
5841 6358
12599 63806
11562 50388
75273 92012
47228 65420
25936 61854
38845 45352
60213 81805
35372 59395
11112 17120
53621 77581
15010 67821
47839 74415
58590 75642
31471 65457
47028 87947
14503 34524
36882 39842
20054 86508
14061 32694
44848 49710
62690 65510
51342 83944
4716 89606
66626 82855
7613 89631
7496 72775
53343 62203
12749 45146
59428 65910
48231 73076
11799 69133
13101 32819
63677 81897
28938 84308
44608 91698
38157 47831
39876 55255
29779 81615
22959 26595
61082 74751
53727 74609
44541 62822
67798 86695
24550 33595
26125 27665
1122 7822
40343 59450
5195 88989
13224 73018
48838 54069
44542 91586
13295 71011
49182 80789
64906 66100
43803 62996
82063 84579
2768 65686
1363 32616
28583 89819
48259 71768
29434 87788
69299 74614
12014 66610
9694 52427
23949 59082
24002 31381
27745 58589
11466 65095
23585 44511
39854 42229
5192 46277
68201 72294
46361 90543
77829 79664
40831 60862
3838 72836
52931 59557
50610 67164
37825 60502
12584 34237
31197 81481
79337 80788
59393 68963
47048 56218
8917 22373
14334 39440
70852 78106
9438 89793
11266 75139
59064 81801
23752 28394
32590 58270
6767 25845
49558 69200
40337 67763
12465 64376
76357 90431
16702 64931
19077 81192
20690 40666
809 6460
44060 64410
62075 86057
34866 78707
56811 86044
3587 73653
7088 13714
14806 62499
26878 46156
49735 81341
46839 90120
35138 90453
41032 71844
21059 52454
63277 78795
25575 42082
24606 82235
51300 55851
17029 66263
52923 68560
15509 38283
775 20609
64448 72230
32704 91055
30161 63297
41251 72415
24988 26100
75877 88044
20686 37302
9981 88954
12069 60397
12867 66923
66139 89410
40095 84219
14916 74152
20749 50233
34389 71833
16398 71400
37350 43935
43604 43924
7461 19726
72806 73104
51627 76830
73259 90650
28660 78424
55699 83255
945 24143
35023 85586
47312 82023
55901 61162
43529 88662
1869 16240
4461 51637
70490 77793
14161 58986
10276 65987
17102 58294
902 86509
66486 87525
10629 47854
15511 88143
29120 49169
22405 91008
16598 51313
22275 77299
70338 75142
3537 81272
52652 74709
43875 52604
27622 63074
17346 18814
55036 59627
7975 52444
16219 73017
29978 65823
34079 34744
12230 89526
33341 62003
1510 23983
550 58954
14548 88297
11714 25112
89079 89680
5234 86961
12049 48373
48245 85477
3285 34972
73591 83616
63510 76309
6895 40013
21780 21834
43154 46188
61513 88358
30576 46870
50015 55165
40364 46442
8613 24298
15489 74353
67043 90282
23434 73417
5865 31084
10985 46111
32634 49587
50376 83792
6703 24339
46143 53807
29941 40440
17116 58415
18728 61747
17972 27564
4376 52439
23839 88341
30372 55759
65947 75259
3427 4129
12674 13697
41909 74154
20559 61647
28320 79061
45757 81547
31962 55416
80751 85589
13653 63599
18056 29132
22762 46745
15511 92238
15974 89173
3373 89321
24051 39858
33153 54627
46570 63996
32319 49886
30242 74871
43110 77895
3687 91084
20824 40034
26356 36834
48073 62761
55363 90384
84209 88444
9597 64815
14067 31993
15210 18867
18427 67146
48998 88121
43473 73805
17625 59647
20065 62950
67903 76778
14742 46782
10565 62724
53051 64902
58643 79194
13146 57932
28807 55899
58865 82601
9698 84260
22266 34528
9147 69274
20455 86242
43694 51593
55873 69160
10945 90405
6147 55263
57616 62571
30264 75754
74151 81468
44085 71389
78604 89336
12035 44247
87364 88805
7113 28347
47299 49819
43526 45390
11948 77661
9500 77840
6384 84162
30978 68259
4832 83097
63431 67516
42304 45065
6073 31572
32890 69795
5124 65815
7233 89198
57238 70701
19955 32114
14306 46722
64005 83948
7852 24747
72452 79602
35048 63651
6759 69809
15797 70201
38163 67174
73299 80389
8572 8613
16768 66479
19144 50143
52571 84644
80946 82578
2982 68008
36682 89597
15178 17493
63430 77035
20775 50401
29818 66728
31259 86801
21246 69398
36246 38185
15108 30429
31527 77113
5283 29728
46460 57406
29486 88405
3254 82948
6184 42284
53813 66424
75005 77789
64153 71509
42001 80312
21815 29226
22766 77581
28843 52693
63086 84428
20008 71029
22593 70896
23983 61407
61912 88084
23979 60243
35127 75938
11529 87475
37768 55332
1344 44220
64151 64818
17141 79843
19413 79314
7982 45353
80849 92090
86513 87117
6723 14271
1181 69952
6922 81797
76583 79167
29275 56236
76774 78536
8386 82221
8660 74896
4821 69499
45788 78338
22985 81001
50435 55111
78992 83523
12008 44329
15628 76351
18358 35355
16797 41740
29057 30560
4642 66895
1895 5753
41632 83628
38624 69947
48567 74878
7916 31270
11101 89515
43410 69473
50080 79879
9992 30740
62450 71122
50245 50761
3318 39777
951 2662
55020 81767
26442 41238
9333 42050
22305 65205
23212 73823
56075 78730
47350 80401
34009 41502
6323 71161
52699 54635
5369 66998
34061 78149
15714 91554
12160 80549
22558 75112
1976 63621
26513 75044
64245 76403
9558 62087
24495 42405
7550 15714
20660 31565
38693 45526
619 61174
33165 77072
811 9363
29117 73683
33389 87323
20663 48972
67862 85552
12530 81654
16349 49961
4153 19528
70298 92027
1907 77709
38335 84454
67314 73408
75488 77654
9271 90803
5354 62014
60652 73125
47825 58674
8230 66057
9141 47698
23040 81089
20171 41853
9234 52634
19527 28947
6058 91152
18539 33569
558 9722
44628 88284
36882 91582
23899 33752
49014 79115
29598 87392
39811 61287
21069 52936
4518 29610
1540 50707
8154 39541
68717 71937
39089 41205
8087 21686
22291 61288
36339 90524
33685 49649
50846 64262
16098 30415
30669 57874
69594 70432
34394 50740
80554 85956
3692 57082
68638 88451
38109 85935
493 22855
46751 47358
39037 69065
9051 24911
14967 66857
19116 51628
6324 62145
9361 33402
40824 45525
37072 71183
9606 20927
621 87574
70486 77929
26997 82495
32334 50657
25808 60923
17538 66690
43543 67369
11183 52696
2148 71604
16193 43176
40013 83404
7337 87800
53933 86918
4762 45177
70806 86797
23850 75449
13672 64360
1698 13332
17856 39236
18141 37503
25257 69517
34261 37088
4721 22297
28575 78318
31595 53746
7234 85327
11158 28093
2492 17897
2281 82398
22532 60299
67495 88656
30639 48990
42621 57196
21738 77802
44840 89928
46373 54090
2482 88884
43904 75670
24939 75780
29866 63118
59063 78160
49990 85146
3100 63573
10913 24071
5515 28045
20318 46307
12607 60169
40022 40655
21362 67262
60177 76518
27968 88007
7863 25781
29961 63426
71579 88561
46879 81102
53997 72181
6700 33306
13561 15376
3974 60034
28554 30661
1536 79225
75668 89084
56582 87373
32743 62563
58681 87760
35201 75418
20835 59193
9907 62291
55206 69942
6324 86098
32308 50268
63105 87165
69733 73747
42387 86659
55187 75054
11745 85876
27575 88191
30790 47472
40858 75817
61487 63892
33998 64450
46640 49805
30300 65670
740 68162
25232 30293
2300 22146
42274 49270
15735 72566
52874 61908
23012 68490
823 90679
2387 57227
49116 62956
1588 65721
72201 81752
23949 43320
23955 58677
1058 4604
61045 88531
1551 57045
24050 80279
4314 51047
14889 42240
6125 39287
19443 41638
62536 66120
39870 62783
30705 60558
23391 84936
71770 85478
12708 14679
55923 91114
57975 73732
14121 87535
35876 47867
46529 80575
47535 81122
24193 59056
28569 32475
44391 62434
9639 85776
5868 34284
24542 86387
7810 73814
36252 53991
30615 46233
12147 25447
36913 58687
51179 86635
17431 20826
65939 71827
52520 53925
31616 39693
1018 85238
6 70397
20935 49173
16928 20815
11142 16663
21179 73483
67292 78618
70406 85649
39331 65941
321 41197
16505 52258
6630 47776
42557 68961
35986 81219
7607 91893
13378 34295
15913 17261
5722 41034
26109 71126
45205 84089
66758 73594
9503 24524
9462 60313
22516 24217
3138 81702
32220 57763
39663 57284
27483 67327
18582 51534
62374 64023
4661 10149
5008 24347
30615 38069
44515 63797
4419 22478
26337 51571
20371 88441
4578 24410
20994 27379
5111 25351
7983 61151
11396 83076
50452 55264
59927 78091
11599 21269
24266 33288
5036 31874
20679 29619
18871 76968
42381 50492
52781 74711
1194 5400
24450 24728
49023 51196
46896 50853
53888 80618
15207 87450
8757 86235
30837 32128
24442 69449
13983 29650
61578 77768
30234 82999
35372 75665
79595 86664
8710 11638
22670 46732
56443 70050
5717 31442
81809 88966
13780 21139
1936 31878
19834 31161
14051 80713
65094 75819
18557 66645
11103 44588
13992 46175
7803 39982
6157 34246
63976 66367
38432 76424
8800 23598
31266 41648
35834 45585
57740 82006
12452 76682
44331 77631
36198 62654
16108 47319
55995 75962
18917 83112
53292 83241
66665 75930
80288 88534
29124 37751
37552 58528
29833 83538
58664 59197
57898 89476
20055 65099
60300 65566
50377 87489
51005 70832
44388 54931
5079 59645
41204 66658
28367 62548
28673 86701
3539 88477
52029 87846
28464 54553
35793 61331
47283 61655
7014 47553
5281 87223
11340 25805
27736 86282
49910 92506
13574 63890
27377 29328
6146 54551
29693 40216
6270 92540
3463 11893
63147 81523
53783 88221
3466 77096
28 6443
21048 59913
29089 80915
12160 25623
55951 61068
67820 72002
48188 79493
29777 39764
33631 74491
74285 75309
24511 84917
25302 67292
55685 63000
36048 70669
25034 26114
9612 72437
4321 39852
56828 59250
67443 83970
28280 62359
56779 75155
9952 80180
7967 28481
29684 51994
2011 46744
36968 70650
8529 62009
36015 42538
8497 49000
31670 32352
18696 27236
34638 56448
44686 90713
49766 73715
33607 55144
36029 58465
7539 63393
6676 68934
53373 90149
16559 91244
34885 48637
12594 63515
14551 31561
2763 12513
25949 53141
42444 86976
81215 82690
16808 19802
8950 91391
11952 40733
49741 83835
16716 68417
17206 54944
54616 55622
21628 53352
36464 65997
64644 77500
72564 83700
816 66311
48023 60654
67222 74386
14397 90886
15780 77213
20841 88761
34115 72251
6070 49137
6441 87253
7972 17940
18762 79254
55089 72031
64446 86136
43088 69062
70017 87822
48916 71897
80704 88461
9249 27181
24107 73152
37334 79427
59189 87992
34700 54608
50494 87876
37209 92496
29589 31757
43332 79160
9417 18208
3116 60003
5273 18431
27186 47545
6967 44850
52024 77153
6617 64322
27676 44242
31190 61815
48244 77727
35728 60503
8940 72696
45829 64724
8356 55579
1014 56571
32549 89634
2514 43717
38596 41487
17637 59752
15828 81034
71853 76560
24693 71197
22571 89499
7264 25601
57003 86015
58496 76908
3853 40283
1640 53093
23064 43914
62831 67207
12051 78809
25665 57826
12152 81164
83628 87688
8319 87757
2563 15303
71837 83246
22649 84558
23572 38278
34470 64106
15905 83465
21746 32245
3433 33590
19838 46367
1449 47485
24964 50721
30632 37953
16248 31196
42070 89065
15208 80837
4936 81868
17511 19415
11223 60588
38273 53199
22259 66657
12720 71576
64432 79477
73298 73452
29604 83333
10072 17221
12949 32229
11493 40767
6804 50462
54307 59032
39246 46933
5194 90451
46569 90710
48464 86279
39891 66592
69349 78755
39860 65960
13698 74389
29583 81876
1445 53255
13945 92045
38169 55647
20590 50917
4910 40835
30461 42593
5051 65487
68723 85345
3186 54066
69104 90679
23542 58434
79277 87685
32008 32201
15864 91589
22828 91447
409 45271
14549 69671
49217 66248
8866 11090
37153 91313
17872 42689
48214 50495
14333 65945
27071 69749
22044 59908
1760 14889
35982 64880
7860 77069
37330 49357
66925 67663
29138 73878
69389 88867
61006 72212
23503 31204
42025 51828
28983 80157
24095 72928
32204 47402
49476 82610
10663 70787
34002 76349
35991 66073
20492 82359
39338 56370
5186 31392
8489 22475
8725 50971
8537 66966
19005 42941
339 78541
31781 66399
45398 55543
49085 90977
10678 35727
19455 88203
15605 53254
16602 49302
67557 67784
36798 86688
1851 9807
75566 82556
3712 57486
82221 87031
12703 25931
32911 37372
48303 84292
30888 86453
43159 63551
13234 72914
67496 69551
587 58723
20199 58449
42665 54816
3378 5774
71273 86891
69354 79092
32686 68067
33441 40874
13484 55810
44128 83923
43965 72990
10307 16803
10339 60408
34875 52253
7339 61632
1370 52301
38028 39017
3558 16274
31886 67741
19631 91438
33817 64425
26447 88449
4993 11373
9355 73693
43410 53418
17707 19844
17376 29540
48361 74358
84614 89998
47915 64660
71969 78684
6126 21511
19033 44798
42669 65338
30676 37901
34771 59019
51540 79228
15792 73173
20034 59132
81062 87917
22475 55723
8096 44034
2794 34476
10812 43098
6765 79984
389 42507
53462 59833
10504 36455
71229 71496
15064 64486
13384 43543
11325 35940
36198 64229
20140 37726
61935 71283
29985 71036
34707 63149
41064 51704
32513 61929
14677 39617
41979 62809
8594 33691
2492 17108
27025 37533
86785 87120
37716 61154
6407 14452
73520 76985
9093 79137
1923 56324
85672 88351
31155 84390
22767 61922
4967 70524
39504 51241
30475 68489
20456 34258
49638 65038
11580 26966
32201 75000
33098 43325
53818 58045
7121 40020
1675 23415
10846 44291
1167 47964
32310 85844
41010 59378
22956 75080
5296 10679
56750 85274
45657 91345
19888 61843
64942 73827
571 26427
36451 45679
67292 83424
23449 47167
32238 50655
59272 63331
46256 46300
30114 74669
29484 57379
23730 66850
28805 52098
38608 65981
18218 56790
11840 35763
63119 65802
27184 29665
44980 77567
19911 71017
15749 54528
646 32132
32248 35093
30482 58930
15172 36552
2687 26864
39802 85630
70007 90624
30899 75535
57404 63130
65336 68824
70463 86128
46786 54291
46206 85694
39641 42265
59737 67620
24842 69542
21775 62402
59994 88765
33607 49820
20965 58497
19018 56177
12559 88913
33512 38333
34466 62573
81148 82536
32013 56619
18176 88536
30807 87692
10305 54383
82179 90371
60009 70545
42630 65626
53612 59533
33352 44752
11890 75892
28852 71675
75400 88194
4225 35267
21801 61579
11449 61387
80670 89490
1230 48953
59719 62447
13081 79496
47637 92313
29474 86368
14017 24659
45823 65019
30434 48572
1271 24165
48073 72653
25158 81665
12020 64158
52690 82816
18457 25824
3118 25279
15165 44935
979 40702
31235 81954
25033 26528
43959 64002
47649 78838
67114 87009
8976 52079
48369 90916
17593 46806
16602 22541
45988 90942
43559 55596
1049 75412
53054 53638
20536 73814
70150 81389
36541 75566
53301 70027
9932 61518
1000 72393
12475 54792
19891 70350
44418 87736
21218 59530
51884 75683
54448 71041
1097 30899
4443 34022
27889 72054
40838 59145
34368 77418
5452 18609
15695 86448
14686 54516
38410 67150
5574 31925
36593 67458
26714 53423
52823 83191
20600 87087
44462 68193
25737 60068
16996 75444
21488 24181
4492 22374
61691 76956
32828 51541
30852 43042
45654 72705
53383 73153
83820 90824
33119 40774
24741 84435
24194 84353
55702 63551
11023 18021
3140 23299
9363 87284
44037 69141
40655 45381
13277 53461
245 30506
21841 52856
10663 39265
16164 66295
49368 54945
47439 56461
31823 39089
25237 26146
8024 63084
24560 66409
5061 67329
43472 52957
67875 75242
10094 54294
14454 70298
43274 51233
18074 69604
44969 76280
2568 61733
60099 83420
14389 14705
72798 76254
49836 73776
5311 32049
29638 58581
35418 41011
1585 32452
69418 82316
49308 62942
12517 35669
61009 89384
65158 70455
18594 50891
38557 57709
26181 31819
64944 76193
2672 3315
354 8371
10735 75082
55043 73303
6201 68062
27413 30467
311 82722
7702 17024
25275 76640
48649 51027
7500 76526
6080 60846
49907 57014
9616 63801
35976 86559
11175 70297
8488 48651
62037 90378
5146 19527
61881 61908
5582 45186
20900 44212
83883 84845
79701 86105
3920 6885
71784 90018
2165 29122
16628 19523
18800 46193
25559 27398
16102 34775
15530 69729
43778 45268
11859 45412
4471 88527
33956 44194
35467 58714
47190 70455
68129 81909
6486 42408
12984 29235
8924 46068
32462 34049
15952 90888
7217 26006
8144 76722
35147 83606
20810 73545
27065 77351
62766 89003
43703 79965
16893 38973
17237 68371
16197 50508
17958 41102
45156 59717
1124 92284
81576 87453
10092 40184
2588 72239
16252 32705
34621 68165
8351 60451
13837 78345
10251 55698
50797 51075
50430 77119
32884 50792
24188 55295
29671 62948
446 23321
47397 82721
39195 89557
50009 60269
44484 56024
66923 87345
21120 74476
35205 55786
6386 48182
170 5722
15594 64220
14406 34593
78564 87659
8230 47649
84735 85631
70988 79120
61154 87846
14578 81694
31290 88568
11854 83425
56109 67173
15180 78031
33115 65972
54536 61347
58971 90218
58387 91143
76372 87346
23222 80366
17321 33503
15592 34852
620 35333
12301 69052
5918 82026
62892 67350
16524 62780
29077 91344
15755 64986
30894 63346
5828 58531
8201 69372
8706 38953
15687 16692
65137 78047
31840 73592
58972 86239
17276 18587
41037 56490
439 83376
75245 81999
22861 86302
1736 19214
11070 88680
51400 58611
373 19659
11721 89417
9589 34955
3076 26721
20128 41680
288 79391
7977 45914
53638 92402
33317 46794
37153 52763
34835 79255
35499 59982
32504 77492
29606 68638
40018 75136
77913 88696
11453 49206
76704 85906
30921 60895
14517 23867
6087 18908
34506 50757
10344 60352
24627 59203
23325 41999
62380 84341
34609 87950
9050 21117
30785 47984
6229 41433
87158 87901
10590 76211
59735 71723
1923 90769
5155 68417
25233 89054
44664 48292
15697 31214
21199 24842
44534 58789
41367 48043
3262 58932
36469 77722
58488 86545
25841 72119
41656 48554
3946 49954
36448 82100
72952 90166
83413 87770
36916 46499
22311 50520
10629 34399
72065 72409
51869 70266
73716 86866
327 26909
11591 46575
4784 19905
13983 78804
24162 88214
5490 12234
3018 6642
4717 43609
62170 70950
10274 26094
3115 17444
18689 67751
11617 41992
28292 46156
45315 65829
51622 53121
28808 41789
45166 92477
54597 82009
3403 26993
68196 80126
47065 74888
2620 54605
12645 37410
124 37193
13089 20178
6314 50531
30326 73208
10587 13617
70194 85314
3049 57053
17107 59627
3689 56722
46 74468
19021 60920
16573 26867
50687 92212
3602 89408
75087 79970
155 89094
29106 53273
44429 88516
3920 36561
66929 74218
58195 83569
67150 68753
5383 77973
54440 56305
19168 50925
7595 67155
20954 80236
25197 86671
14233 64624
28361 48391
29490 41543
78790 82834
3824 60297
16582 54562
22826 86688
55799 66047
3110 70917
10105 52605
25612 91619
30166 52163
18151 53025
28655 48182
15266 22087
56173 80127
3856 13896
21486 39419
28668 48162
45023 50002
7496 70293
89278 90737
25524 35530
84327 84783
29675 39450
14465 85258
44759 76865
49533 69479
61759 87888
56888 90951
8846 68569
2484 67532
22507 67851
14665 75837
47666 77505
34713 64941
38841 63927
31641 66090
20986 81636
9263 42278
60054 82925
60363 78979
16575 87936
44533 55935
74550 84154
10666 33103
37794 74921
9052 16066
12581 88513
2098 23947
1723 8024
12835 25306
41986 76096
2150 37425
21431 72824
14925 82329
509 31001
25416 33107
41075 57518
70479 73165
54050 79172
53463 64402
18962 42660
9450 57043
15667 36915
46890 50196
31027 54071
22302 77704
62849 86800
1185 41983
38553 63053
64373 73827
22706 25535
34067 77171
72000 72475
41089 60176
2773 64786
45793 85384
7925 44505
32694 91206
44424 63209
28523 31982
12066 39351
3498 62275
38405 89664
6446 26878
36604 77273
26733 63655
46105 76499
50436 81739
51043 82561
16109 17179
6896 44507
945 32370
4187 46444
76490 89072
38096 73323
51292 67876
15933 45161
8481 35190
10922 77031
197 5723
37394 53841
52379 85400
28802 66451
27513 46507
22303 41667
1730 89022
2215 78770
21036 76591
48470 69733
9760 40411
23207 29660
73840 84987
741 49281
3329 11898
50324 85214
25479 48778
74250 85043
51156 86119
14785 78790
44359 76178
33300 77268
59236 88010
42578 82030
16574 35590
34622 45775
23916 82352
17154 24307
43832 52877
39325 57128
14450 48307
24778 85505
12577 15858
3017 31129
27141 40475
59157 89578
8921 32378
16198 77593
81714 82912
14581 71770
30892 58713
27674 60256
44564 88576
44762 65143
1468 57801
66452 68435
50497 78203
33887 46067
12185 60015
10292 23003
73789 82087
75323 79083
46556 75589
59801 66433
468 15312
62429 89666
12039 74493
67493 84697
45968 68039
14568 45881
62295 86086
75901 82439
25430 31798
36005 57218
10973 77662
7070 40772
80843 90048
49716 91730
14635 15394
15303 50505
81801 89738
15128 43603
17723 88107
9506 40617
24998 39578
24652 70443
1357 4266
24573 88285
33254 53336
1101 41370
16611 32890
17013 68794
2994 64084
69837 87148
17224 80464
21052 38025
30659 71354
87649 88560
16629 17930
62246 69505
46801 83597
40341 78574
15969 37132
33707 37509
8299 56661
27090 34013
60098 75780
90152 91711
78902 84754
42901 51201
15941 36347
35566 69930
7962 70022
5766 59179
61511 80042
48459 51562
23822 88564
22727 60017
10674 82377
82474 90009
18843 72202
26629 74339
14079 60327
38931 68079
15743 83055
70816 85004
77482 81803
29485 83851
756 47824
14812 70248
43448 44776
46365 77993
49511 56076
5345 12490
72378 81583
24435 40069
51486 67953
24601 85440
27413 62473
24411 77972
17550 57712
33820 37223
20731 45829
17633 57738
14116 57433
45795 48251
9489 62996
47653 76562
34482 37045
54753 63999
33148 46909
51200 62445
77756 89754
14178 16416
14015 16094
59834 89276
19410 73825
90957 92257
10397 34796
44043 50020
50100 64004
33189 69370
34766 40032
7355 66032
6157 48039
19642 44662
24610 31388
59509 75548
68250 75471
32475 60307
50171 67655
9336 15965
13839 51666
10567 57167
47219 77898
23954 81276
48302 59422
42530 67202
7941 45761
55037 66226
39577 59313
69714 91723
25614 70686
44111 85659
76484 92322
33439 62000
38259 78917
57131 84771
55426 80451
4038 7234
58169 59169
18677 88959
20974 58291
4698 78211
23616 64933
10712 42582
11289 22891
51102 91883
1459 68598
1261 9418
36348 41950
30295 64791
76631 82628
19156 71569
7653 63465
4075 86738
11835 52085
78641 90313
43371 74332
4123 44800
3235 16074
12741 81229
73439 80800
520 14946
77610 83991
37557 79988
48916 80486
39597 57676
52497 87755
376 46463
8122 11567
20525 84862
32657 86077
36793 79933
33074 51570
23294 50710
59436 61778
18367 21022
50897 63485
4110 35405
42831 42985
18616 67429
51187 81553
8936 88619
24106 76254
34968 37228
50916 67973
3898 61565
30788 61596
6707 85502
37200 69608
2732 19589
44859 74797
32658 37105
55271 84681
78856 81342
10621 54457
14559 57941
59237 72442
4896 71187
20047 83627
20442 92435
9930 51053
15178 78307
9422 54771
72422 90005
59770 61488
81309 87106
21070 60060
64105 72473
28878 56862
37216 45409
20267 63453
8110 38451
71860 82279
33059 65677
41809 84899
55229 70470
37123 71711
825 51761
34747 46502
65519 88187
14539 16231
78414 80015
28841 65793
63854 79230
13028 71909
60234 78420
26807 62457
45847 62584
37569 80976
461 40725
34657 61992
32694 33672
46877 78622
25456 75007
54422 81366
45365 59934
44364 77555
17286 25113
20929 82087
23700 88194
17324 91094
46098 65146
38099 48455
52301 74887
2999 12901
26185 30530
68194 76023
43209 92194
13544 87077
7300 83050
49421 90722
25419 76801
6145 75690
33807 91249
38395 42306
26706 32344
3022 84998
67626 70411
19758 20464
24194 83040
41969 78777
39129 63259
34310 38736
38231 57416
35820 88508
74274 83464
55162 75559
53204 81885
13560 25169
1349 30286
13991 17447
3313 44547
51393 86121
46058 78970
48500 83255
8618 37312
5993 38356
2231 38308
16876 74662
50679 72841
45103 82690
46218 69951
1948 38000
52355 53417
4565 34694
26381 75691
8398 32557
66670 72686
38509 68846
5339 71268
19461 45783
14386 66446
19094 74326
28660 51265
53823 83211
23566 79891
57092 60477
11614 60844
58161 90119
84049 90119
52930 63889
7645 16152
984 71832
58900 76672
45980 56578
44977 73308
22693 82713
35891 43573
31754 82434
44226 79489
46365 68529
47565 63419
13513 84979
5948 7965
21273 82245
14698 15916
26951 65811
18374 45232
30730 64991
6030 31362
8704 65166
86386 91624
29185 30036
63684 92571
14985 16165
19773 90504
42238 59936
67803 72215
80708 88479
35460 72587
1086 75032
19647 74955
17791 38010
57774 89519
23773 80453
14470 72267
11288 34580
19527 82277
18890 64363
49093 75219
70727 89119
52851 80624
21187 50990
26310 75693
35303 42860
28029 84638
55025 83283
73648 78282
38682 72553
18048 90375
35044 48735
9558 40151
54659 62082
35979 63218
56341 59844
64420 78436
29642 80180
17948 27869
14225 32238
37359 53226
42175 90375
27767 45512
25052 91911
51191 56971
4937 22917
51724 58701
7255 24664
39769 79228
22536 48071
2329 70534
31841 45352
16352 81557
22845 71845
48810 87673
10073 73741
12876 59684
56160 79547
45060 85729
61247 82242
69177 78787
28340 89161
31301 64557
12033 32988
6887 82206
70788 71858
20327 29804
34923 87240
41732 47009
25773 27223
77172 77671
47484 49002
44868 54303
49230 59104
62058 76875
7383 83625
38875 49094
67395 79775
21227 76560
76884 79884
17737 30234
8476 38539
29843 32655
25356 31503
12997 73412
1004 11051
15731 53637
36898 65936
39624 57866
24118 58915
60667 76193
87410 88046
23632 74249
2109 40254
38005 92572
32369 57768
60158 80556
79176 88700
11289 56116
13843 58600
29326 45118
7516 81965
23842 72989
55957 87842
9432 59898
68092 78681
45201 83102
46688 57736
19421 46635
66508 81987
60322 72711
31512 73253
14 50458
7924 53542
69675 72896
21724 33938
11529 43423
18281 46339
6414 45141
36488 45836
3304 81141
7284 68539
37747 76940
33392 77744
73108 82532
6379 30751
33912 53739
324 15451
48594 80361
33477 59185
20305 47382
62761 75478
7009 87987
5528 72893
19082 27544
17759 69520
22279 64845
80842 89215
43169 86527
49243 58544
4411 60897
66269 90177
21061 41677
51189 79250
59569 66375
34769 47652
54930 70570
39748 53972
57928 83025
29427 60366
24271 42362
9895 13731
52521 65382
21010 82414
15360 72557
27727 85475
40148 87985
80911 84087
33817 78839
3852 60211
55875 86170
9562 64395
36261 40833
12799 63107
31363 40267
23408 33376
9552 89138
1386 26538
56067 76586
8155 20630
5681 15842
75667 90981
15122 85857
27067 70483
6344 61288
8792 15209
52328 83084
18795 70065
37057 79960
28201 70314
6526 73154
36143 69956
12300 51878
22162 31029
11020 60009
62696 69853
33383 73839
9433 37938
16157 61226
23871 59008
50388 77287
42226 82783
28710 75262
25236 64280
2246 37212
50296 92592
33786 40392
4921 87647
29315 47978
2885 68008
26055 71056
6593 50512
35707 73261
18328 86358
50306 77361
3135 55839
16352 47058
45948 52174
79531 90173
61216 65450
34953 76601
60058 61366
8300 28808
36531 55591
56835 81103
3160 60321
66161 81123
47556 77721
85755 92286
22118 49458
50587 58883
42 218
43859 58068
674 38737
57494 66921
19644 80988
17084 41085
47193 88268
29378 37751
41986 73304
15967 26256
49340 81235
33987 56928
24152 85875
63290 71426
63371 70720
14355 47006
55143 56894
3781 49299
38112 42649
555 79348
74233 82461
45855 70756
20491 52444
32441 71086
25627 84125
63075 71408
18308 77139
59458 84106
58802 66497
29465 31381
59204 87865
27601 45455
32364 84719
38942 79116
62778 73309
30386 80142
12985 16640
5148 80517
26262 60171
59224 61106
69774 81486
46638 55078
22417 32873
4553 20529
27425 49795
77328 77519
24766 83199
44104 77203
53152 59754
5201 59173
3200 90731
49160 62418
8279 79434
6677 91215
42500 54227
22749 26132
77747 92612
20107 27415
620 62849
29238 57442
30613 75872
80910 85088
89503 90087
2044 88528
244 21371
22051 58110
43689 66813
11503 77729
1404 5453
44870 59197
49120 68219
75273 91018
7225 21724
42790 70351
9861 28692
13604 21865
1238 86055
22854 39486
25833 86844
583 39748
21659 67028
21689 72888
12878 35300
9748 49367
4277 67225
19806 91637
38868 46010
54812 59153
82151 89213
32735 48216
26118 81936
35319 41830
62148 84052
31884 55033
13933 80942
17027 83255
76177 88061
28642 46155
39139 60706
15589 55284
77446 86159
15289 27221
66665 82630
16328 45753
38832 42410
11631 23147
11609 86082
3655 61570
511 91304
67845 74872
7870 31896
37186 74799
24975 46475
46809 55295
56418 67510
5932 53267
1987 72335
29941 39635
32062 88044
71938 72563
24728 83666
26511 53928
25316 61359
37199 63202
32523 41450
17035 85317
3536 59518
683 11236
10309 14916
17795 75888
19288 79859
26520 59497
52143 86099
16041 60285
56909 74473
47864 83395
33024 46529
33216 71693
16147 64183
8568 64857
58394 76868
55488 66641
8142 47885
49007 65438
41419 80295
26005 65688
68979 74516
17401 47315
42560 69578
8621 47595
5476 91838
6998 83907
38835 65215
43959 55521
35609 81366
4690 51365
32394 65287
23317 38024
23686 54013
15902 27461
16962 60589
21571 45827
12011 39254
79058 88167
17272 81241
20294 37358
9377 86640
59324 84262
24233 25854
23310 76188
2291 76490
62290 69173
45169 87343
29186 59073
26276 65269
17383 23058
6331 54901
22794 69675
27990 68364
475 56529
23397 87652
16623 22837
12508 78459
22702 32810
8336 21541
42696 67698
45068 53480
22133 36358
335 29320
53115 85595
38755 47214
49320 90560
34189 44475
30516 74739
40978 64027
57785 90424
6820 9532
45293 45514
6031 60122
76647 89918
47045 47799
4797 39654
4623 29192
72506 77797
42072 79501
13657 28552
31828 60917
78803 89033
34524 67708
14327 87511
54863 81673
3289 84152
16500 69234
56816 63016
80783 84870
49916 59297
15692 36422
22226 71888
36099 74802
70974 77631
73137 82699
82373 88490
35185 92247
49342 90167
39496 67609
21381 55527
3597 39209
28124 30287
33630 61265
32525 37071
2131 67637
24248 51723
48077 48817
10722 45070
36851 39083
30092 77227
8587 26949
44352 45740
26734 80939
49076 60715
16985 86740
47028 87960
34954 61699
25505 33921
22958 40027
5920 48724
6553 22300
31267 40984
26530 43534
3008 68159
42696 90328
33258 66859
55552 73224
33577 63729
26051 52679
9255 65795
81901 91650
11230 65690
11448 85641
15734 61599
34230 62760
55553 73800
24924 68820
74442 89975
43485 80818
62079 77935
75768 79328
33318 68953
50565 69774
39575 91188
24211 60804
14360 65670
8967 90304
8185 51109
7033 74653
21591 48578
19790 36084
7740 69740
40421 71623
23538 61093
40756 56194
19346 59672
3802 61494
12535 33583
36537 89976
52153 66151
3766 15572
28204 90509
17681 21676
35372 40957
38239 50911
29559 49729
24837 60729
74882 90319
43169 47332
28863 48178
57275 63435
35247 42462
62322 82596
23542 41853
34645 70742
30942 38013
32347 69496
40280 48766
49077 86619
4726 45113
44872 61057
45238 69865
41824 85874
79117 85417
59030 64042
23753 77274
27452 43120
18385 24946
53932 70666
43865 45082
22033 82943
8698 68822
56475 87683
55127 76435
19944 48153
14685 22021
8842 27617
18481 85436
24822 40091
12410 84966
9647 81721
22284 88264
20400 64127
4783 21435
4394 12458
12565 52662
4913 41305
57974 68508
18992 47980
2057 2430
22138 28351
48294 89438
44359 55190
2749 46880
26024 59027
38783 89702
49820 56495
18206 23561
8634 10566
31998 74372
17203 68949
38971 59878
34107 59989
58396 68589
56646 76341
10263 51765
7371 90130
48721 53603
20046 40651
8755 43230
31542 48949
30343 58743
2039 55923
2685 72626
56807 63413
15988 45841
57609 87224
59771 69506
43817 90527
22266 71801
42324 55609
23434 37126
73988 74342
1773 65094
25520 30673
41827 62250
6733 89810
65710 72795
27163 28576
17954 83900
15499 82270
2798 21681
52162 75521
16840 21019
23609 61071
39313 70126
34533 49637
66492 69585
55296 58238
19169 40800
81745 82523
62875 86390
76660 91542
62526 83251
64558 70042
16044 56433
23762 90109
31981 47952
1446 47300
781 51863
20338 43422
28458 90708
20228 45738
52490 73725
37568 67804
58577 72618
37049 68081
19112 34474
259 88789
24836 86048
37957 56837
14115 40198
4731 36707
13110 42486
35956 73927
51007 71931
578 13207
21330 32449
6449 64238
3642 25277
47944 76809
36461 37854
46361 88387
19426 25790
43394 85933
14645 27813
26049 69829
68421 85983
27094 53552
48564 68448
8929 62360
32066 36593
67781 84437
5258 80609
33324 54503
12214 91234
35311 48995
24780 34658
43879 58738
36469 60506
4375 90977
16852 36161
3249 15852
34165 62022
23500 52057
42503 55782
34693 81556
67957 78732
15316 22544
16165 20133
68256 92402
31270 89135
17188 22393
13760 35442
4824 46217
76116 91189
58539 89213
1722 73144
53259 65622
10175 80968
26836 64881
73918 92343
13498 18332
60130 80715
46253 69142
33134 69425
29505 82002
49687 55238
6488 71842
22888 71720
16584 19945
6383 71785
23224 45113
3506 77670
20206 48489
16061 49023
52747 88542
21918 51627
42715 56056
42149 47492
10036 68352
21437 72174
41505 66007
26529 31988
19449 29721
59095 90065
16260 79663
42356 91852
4205 4437
49327 90180
22903 31088
50613 60091
45179 85735
45665 78365
18972 28571
46618 82237
20198 24656
29318 89473
18060 85986
16606 69057
16073 91304
11633 63232
9828 43909
47603 68961
53697 82985
41993 82995
29148 47753
48548 58691
66867 77562
47632 68196
43359 53742
51180 89295
53953 75187
57436 57805
66184 68617
75662 83881
8694 70598
50481 60695
11626 39872
17654 85019
42309 84651
14528 87395
5469 44012
39658 89148
24590 63058
19905 76072
55172 77261
13944 73543
7334 26230
66071 86806
45160 84053
14709 31215
41242 91162
67411 91922
10692 63236
53026 90912
50437 71190
36100 40927
50803 89143
7575 45502
25318 62704
2448 13078
40911 82134
12347 84599
62973 80997
2269 14604
1743 78721
6621 82263
60571 63811
57173 90594
5930 82476
51914 52262
41041 70188
46064 69251
14517 64385
17756 59194
20490 23081
14646 80763
54165 79957
53013 54309
77929 80474
3635 59173
23483 48018
6770 71414
22532 79360
15422 78419
61883 86390
15056 77878
26307 42842
38545 63649
24247 48516
57082 83681
33040 69576
9886 69568
30005 37114
7416 31714
66376 70891
964 73258
29119 84241
23426 35108
70596 77786
2780 38427
12518 60928
8457 92612
16984 79128
3763 34167
45816 84839
36757 76488
20163 68472
26964 27039
65131 71792
14302 18249
33412 44713
35266 82875
966 50877
36028 76301
38361 70414
50269 76021
34520 56098
4814 28663
32336 88390
22839 29476
4570 91838
50726 79585
21658 85573
1383 7087
667 68992
32593 92012
32379 55609
7601 75727
9511 24736
24148 34400
22945 55613
28207 78703
5940 83141
30764 43832
21636 51783
13657 31566
21693 31873
21197 47528
30486 59318
56817 59369
16033 58133
15446 67723
4099 44784
16032 22010
20781 32483
34602 53065
23468 92169
46085 83054
21976 46975
14990 77014
44498 45103
25664 66474
42238 50205
60043 79952
14785 45073
39372 67337
4423 19410
3164 77021
10018 36178
37299 70927
65788 79645
3645 45211
27360 46708
33803 74516
21515 32653
31133 73929
4071 47650
41371 75334
28200 83765
9063 65726
40217 81243
40441 87888
48304 72882
33637 43181
6233 48367
23534 58994
20620 66039
17635 81556
41786 72990
13917 63600
16154 39014
30797 49171
5166 76327
48065 51696
11754 28862
27396 80383
21220 36859
81045 85799
11750 35752
29602 37925
8065 52788
2296 68702
11114 61645
26606 29494
8027 62492
11091 74467
3702 10096
4150 81811
45620 59238
9536 60282
39248 53297
49492 92584
19625 42112
46888 92588
53533 59762
23097 79695
10291 51984
56301 75557
48262 71912
33168 48732
4033 76787
11618 80176
69323 76973
48953 72350
27609 81365
63975 66473
8140 11747
12642 74593
40294 74361
1020 56682
10510 52145
30148 87467
69466 78386
56175 85721
28300 88559
30404 55472
2330 16257
51298 85339
3111 38016
12048 44874
404 53337
20228 79739
54315 84335
14214 47072
11013 20073
3238 90655
55602 91384
74743 76190
10465 22392
33371 80124
33572 85414
4975 67718
44712 87236
30816 68449
29058 33325
28683 37829
13174 89098
60755 88618
73489 78015
9095 31093
8178 57599
28438 81071
13836 79514
27607 88443
67499 81708
54305 87739
16237 87950
41631 68659
45741 49684
18784 69460
34388 69602
9234 28274
4425 69312
47267 84181
46354 47549
23234 84651
27463 70319
20495 90592
1647 22982
43733 62148
27574 28437
28771 80717
27791 36502
46527 62514
4081 39606
39465 87961
14802 79418
63485 63730
2787 69222
66269 89535
37413 61381
67798 76611
38519 50791
2005 72352
37804 50840
25070 42042
8882 21245
9519 20545
51997 86079
42183 60273
67875 71838
52429 71936
44997 59602
68780 71583
29845 74666
42738 76541
1474 92035
4183 21940
9775 33560
18368 71268
27674 83171
69343 83143
76760 89748
48262 87166
12625 35855
82466 84211
26535 34788
25855 34056
4855 78428
34848 68669
70901 73340
78733 89478
5624 26337
26795 87068
73995 78611
53372 80918
40897 75219
29559 59953
63353 84918
23816 32849
34849 80500
10838 22764
66785 78405
67726 81171
23305 61884
23340 63480
31189 68382
7667 83790
15291 78739
31017 87894
87873 88876
56983 62532
12864 38373
3640 4223
2678 90587
49087 75074
30169 42239
76300 85074
17552 37255
20711 83764
27821 54609
4453 82009
69259 85322
47673 89281
4305 8492
22176 27653
22519 75787
23600 31018
66195 75076
26250 90580
32665 49344
46606 84470
47097 86434
66982 82286
15430 55029
60288 91834
52629 61855
65717 85872
58907 72098
35271 43210
90221 91456
15803 50142
23311 24880
6405 44490
63328 84501
4369 35620
38753 69088
7014 18876
12785 46942
9078 77732
68337 73139
1007 60523
10240 19977
64247 91896
591 59104
37432 80806
78112 81555
23945 42960
8220 65273
47007 60078
46276 49747
38843 61662
13201 81205
68437 75387
41841 83472
19683 30059
7301 15135
13275 73003
53653 90008
5648 39008
46910 82358
44866 72773
33406 87630
23543 85711
23053 83212
63582 84568
33754 47529
16034 28527
3215 37748
28379 36030
16055 19344
19010 19825
45184 55226
5869 64905
62549 67808
59672 68799
10981 15114
58014 77615
12520 15365
23748 32092
50821 92618
5432 84990
44560 73228
40877 75492
27050 87177
15404 85521
39704 84816
37291 70096
42976 57927
41774 64834
74349 76460
74761 85416
37308 51771
17733 26785
60969 82967
7752 27330
84318 85252
90003 90224
24370 90489
8529 9917
27363 51178
2422 40587
8989 20949
18389 70021
391 77586
30577 55930
17375 56845
34818 58460
73 5818
1899 69032
52998 78489
11951 84154
32482 80483
32912 55107
61992 62932
24884 27736
38040 71749
28091 75701
50828 71724
5678 67746
27536 69303
2764 18223
15875 62235
27305 37912
9798 63124
31 25886
30669 80500
7224 26699
17252 30507
55482 71766
61534 84175
13772 55337
31408 84333
31046 90708
25883 54383
28784 75548
24474 58185
10726 20435
43901 67503
574 84237
32399 41864
29097 55211
60405 86776
5652 76610
75662 91082
2057 50505
48670 66982
61519 88955
48609 86975
1428 32505
7773 49204
42861 47417
11418 19023
2718 68598
58411 76317
33331 41225
9177 88780
13042 57589
54976 90808
9563 21825
2117 83942
43090 51891
73100 74614
4264 10844
32052 42396
3280 77620
80282 90106
21228 33732
5204 39999
3126 61301
40704 50677
5746 26617
2362 60907
56791 66101
27182 84045
30334 78395
6293 51077
17638 54083
3241 56074
31730 90581
48542 49909
14909 44704
16912 71050
8547 15668
23166 75111
45871 73882
22672 71381
15835 46795
56040 73550
51687 53494
50239 62769
41407 89508
12374 16737
17908 58155
22823 37595
29589 91022
2362 17791
38681 60042
50505 81060
46250 79240
33631 69751
38831 57600
4539 34250
4816 52526
23990 27784
72523 80815
7887 32944
14256 39260
4377 70761
1264 77831
32161 80373
10457 28553
28404 42769
20532 69032
37608 51468
18431 43185
54483 80580
39594 55705
329 18065
4786 54159
3125 4343
18516 71667
53006 62548
47021 90196
31279 40985
11380 11681
68383 77026
28125 84979
2566 62609
11929 91854
44168 83746
53338 90633
32922 71435
31518 43905
179 7890
58246 66209
436 17886
4274 86951
17835 83737
66319 69339
3332 73955
7342 66570
35031 54479
17999 90548
80679 85528
48762 82709
1710 75077
47684 55125
60042 90583
16418 38538
39110 43879
32058 61979
12919 63395
7629 14034
8001 66118
12884 25219
18648 52084
51877 57137
17408 83755
83819 92313
15131 18690
1924 23786
12498 86718
4999 34742
63540 75707
31619 87038
20955 38450
37465 57304
254 52865
56045 79899
37820 49058
28518 84056
39414 88170
48770 59503
26243 90572
887 87894
20761 72772
23422 85853
54014 91474
13905 54672
18289 24250
18582 58790
20111 58729
7526 8591
52563 79382
71752 81237
26570 30849
38170 57391
9351 38713
2093 37002
14921 51109
45425 69114
5362 82651
17431 69457
64057 87817
1833 60051
47047 85612
56863 81384
46102 62318
53698 75117
12648 29470
43082 55349
51419 55235
1759 25433
3007 36272
8336 87341
41565 57814
22688 58891
28579 43315
16893 39315
3992 91539
50795 65689
19900 26185
15373 61779
32075 81135
81995 90079
50311 62247
29903 43897
23154 55772
2773 23554
60176 87792
57809 89505
8753 58409
45231 50928
31935 62256
60027 80851
68823 74081
32058 92444
982 57185
9342 57452
36048 65663
17709 74890
10880 86821
3443 83228
45162 56182
24642 57063
67089 91623
14502 42092
15798 72147
31636 38429
13322 82848
25823 57503
67135 89579
11916 25524
37722 73900
5050 22474
31182 60165
45166 84147
30392 55070
22562 80058
17898 68788
35451 55235
66230 72367
27844 47123
66117 88177
54704 74000
41585 78785
35790 67323
53095 82984
56212 67000
29285 70699
34997 71690
60960 78413
26672 60927
31108 88309
54802 92521
45471 87849
46548 85716
10791 17103
55916 89647
32162 40692
8627 45365
6477 90397
7244 28637
6008 68890
19344 24191
17151 38754
4580 73043
19755 78280
42063 85251
38506 84115
37672 63312
78487 90311
2779 86367
48146 59965
7839 81274
53223 80770
19534 39205
19197 44193
14502 73309
75451 77799
24200 67510
5164 71467
25506 31368
8979 46205
14885 22269
75727 79363
51705 83633
23018 36742
65070 67355
2225 28538
5559 91340
21082 57931
29143 86634
55433 74307
22229 71683
308 25772
10773 14774
20469 74395
42447 46471
30591 45406
13317 79849
55061 90653
35048 39649
16703 38002
14851 81959
74322 74409
45164 68930
22453 32385
50247 64921
16452 47291
22482 49418
6145 64010
6915 18008
23210 76641
52135 54047
68406 84808
34885 79223
20599 33140
67847 79878
83280 85477
49905 64407
1036 86073
19012 86042
623 31630
9453 49895
42875 79138
30606 37353
48985 59859
44816 87069
84602 86997
3659 91950
75111 75444
4312 71178
66232 86158
17911 39825
43932 91213
17852 32045
78625 79525
65084 65178
5695 69301
28072 48083
88719 90305
22396 54265
44081 89834
65934 79583
10809 75346
35653 58644
19635 37535
59121 66006
15770 87085
38531 38848
44396 48408
49392 62350
10122 78469
24191 46553
18585 19013
33732 87616
49355 59954
52727 71644
22882 45645
4657 57383
22906 81929
3105 7720
9243 28837
3529 79137
60623 82381
33441 88238
21739 50411
10632 69560
52223 55506
55730 89512
29447 65690
66182 85567
44975 85542
35802 48556
35591 67307
20495 69961
16327 44666
79072 87512
68597 72692
5172 31751
38979 44760
13062 40975
25339 35574
14084 45238
696 80569
9830 70635
32424 90020
38122 66511
37761 65044
29261 72409
10349 20082
46449 83686
50884 91015
15678 89075
6211 74168
40241 51720
16949 47050
21246 71928
52570 58816
27663 88655
80783 82253
26072 31231
48106 73872
19692 29399
3728 62921
60700 66515
18049 68564
20539 44999
7570 64006
4209 83340
4169 48858
13367 83426
23240 48074
20523 66456
53851 71735
44080 63652
29059 70937
56420 83002
59376 88677
32371 71894
1062 3082
55916 64885
33173 74841
76079 89404
25640 62228
15608 84652
14570 83768
15692 82617
56139 59491
28019 79337
52208 72610
20809 39607
22740 66288
11720 14125
12393 66278
23531 32366
53073 66141
67185 75016
36587 36813
73019 89890
3418 9767
68713 72111
49897 73187
24146 33934
19332 60303
27457 44425
40149 58779
29261 56009
9114 29993
17577 91651
20375 80949
57714 89847
17961 28343
17079 49910
49237 54392
29425 48620
16862 22652
13704 34505
19452 87806
7461 72152
1473 68475
1763 82402
8672 25539
44865 78143
54240 56857
43073 73672
12336 52609
6002 44908
10976 46193
13628 29513
36013 57179
34830 38471
15015 43266
29063 85378
10824 75910
10130 77854
33112 45995
24436 92279
56986 87596
9755 42395
43262 55103
7128 16660
9436 55442
62350 64916
3781 30940
39383 53423
67037 83355
13026 28266
1088 65840
41957 69176
56092 85365
45207 89493
6150 53998
53368 82049
32763 76168
58780 67417
78885 82241
25134 41743
46653 71708
34496 51639
38053 38207
67729 80358
26471 28422
16544 74663
14098 27265
70094 75158
21258 85755
58019 75122
13092 86117
20551 41134
49709 79197
39866 54395
7421 37325
31421 89712
3486 92102
36798 67699
49204 87082
32983 66380
10691 42950
43531 79983
35092 67692
78292 85808
45973 67330
6685 16782
52055 86025
30213 75936
37822 85842
65275 83676
29727 35548
35592 59067
67960 90058
22227 31311
56549 89051
32641 85212
64294 81868
17520 63467
23706 43952
73398 75542
35627 43170
38408 92191
59055 69096
11117 57319
17100 42190
20428 45921
77814 86805
23641 81354
6522 38274
59728 62566
40049 79841
11740 15441
13059 18137
3111 66022
17688 88228
39687 46770
48654 89661
56586 69006
37044 68249
524 73316
43232 55486
15944 85543
5864 17257
40454 85732
3331 58238
1547 90896
400 84748
35917 66144
47397 55796
44145 86323
87308 89700
8667 67188
10779 79730
38895 61005
41395 76494
68431 77413
10799 20775
58547 76863
57538 59332
9398 41660
35602 40996
46200 87654
61767 62619
9167 85399
6314 46085
17061 86552
86567 88609
7901 12399
40672 72339
37241 71185
21893 50817
4004 69144
70418 89236
13656 58607
13115 85416
48544 48744
66652 86345
45686 75888
9191 57390
64670 91407
48310 74765
12233 72341
7965 78106
4435 82130
10972 14311
5569 83983
64104 90542
33649 66064
30211 64699
17982 62906
31088 88763
30672 78207
18473 61462
18888 55375
8036 28385
469 81444
6811 39009
12388 65589
66838 88658
31044 57959
2567 33019
35198 50503
2437 81911
12621 62078
14308 92386
42954 84053
20263 59177
42143 79033
20242 68451
48415 86768
27327 79201
25824 45427
25501 26435
6175 28492
73842 78034
28324 70040
3376 34427
3316 79628
6466 89447
9002 55800
51249 85628
72472 81172
35230 75360
29719 42101
20326 26849
45434 92082
13131 33314
3069 91263
64614 71998
3328 73611
52206 67627
41313 72868
68340 80070
15242 35679
21532 88349
71092 91436
11450 60642
50918 86778
60138 79556
81060 90504
3242 76554
11620 83133
24619 79512
27464 78283
16421 74996
50262 54985
34163 73421
51763 71543
21518 67090
28096 66041
59938 79502
77813 84015
8732 33437
43030 62076
77133 84901
19519 39705
28364 30833
53803 62639
52387 71859
1589 50772
75815 80662
45452 78904
47662 63320
7460 80482
7914 39979
23180 73060
21185 66572
24067 32616
30898 57252
32630 61301
82930 83881
24579 64927
3139 40034
12229 42421
35223 83791
401 76642
36030 57892
21961 77905
51032 68559
61478 73636
37504 64892
18700 85953
21630 45496
55263 74015
49105 76835
13951 14262
26440 40631
17988 21584
13146 34719
88983 89073
37825 43614
49431 89163
41647 65361
31020 72303
4557 68469
26001 81597
19684 41974
4319 41081
34386 64300
42457 52493
18877 56062
27400 47601
373 8483
15528 56582
46864 68358
51526 51714
36994 79103
8607 63801
46056 49984
22064 76468
4904 92312
20764 61160
69998 90569
32065 76502
52560 55393
64111 86571
34024 91414
6981 13662
77133 88731
9592 67324
39907 73354
45971 52398
56048 87213
70257 90746
13908 47239
23669 44632
63124 70729
36041 87276
4990 52155
38267 78082
15018 70708
42201 76636
17143 64468
49003 81570
13424 65122
13454 45252
34414 75494
34142 76870
3297 54443
6065 20001
45974 82558
45780 46479
16837 59672
48169 63610
2461 66363
5075 61713
30003 83042
54146 83542
23061 91702
28677 76621
9422 24840
92022 92028
11287 39002
81228 89876
10811 46950
42520 55780
85160 91059
33677 86661
14477 73694
25666 38582
24624 67055
13864 63594
1120 54433
69177 76218
42249 79598
6317 17037
53331 83044
56800 87906
16063 25652
38159 40224
42250 55867
59533 90561
18185 63272
29127 85749
2125 83149
11587 44454
43282 46089
30738 70283
10887 39621
87926 88603
1358 2688
3855 65229
16150 71726
44739 89642
13423 17573
27879 28495
22593 54845
90427 92000
79447 90629
23487 89896
50423 66982
48319 68448
23465 88772
4823 50690
18904 33424
78741 82613
67295 87947
47171 71181
66439 91443
26976 85813
2738 57151
42098 52507
56952 89866
11607 39596
42086 54556
4309 67100
19294 59440
27550 67094
33301 66417
10910 40731
63348 74191
28411 43282
8452 71117
29282 81589
39640 40937
27735 63674
28725 89911
6221 71478
5709 33723
5638 70990
10405 15758
16232 83001
4952 62008
22882 64171
31916 48153
16027 38535
15471 84098
18490 24410
2678 38615
84539 85443
10733 35040
49377 75135
29729 64854
38607 60727
22657 75516
47106 89561
51763 72916
57878 73140
16997 74732
9556 55272
54341 89833
22641 63475
32489 92385
286 59989
43649 79100
19038 70115
60006 83562
4004 36742
13774 27464
41534 81670
73516 89361
30418 46369
41949 87085
52240 59319
39432 44175
31167 65063
26458 63990
25356 79243
39753 49335
18252 18632
13714 68037
24298 37949
8407 31338
4330 52918
5782 10363
16066 25459
38383 65877
55516 72340
37976 70170
67038 84965
5388 25934
9336 22430
31899 87847
76045 86527
10337 37117
53424 69787
54332 55425
5659 25413
14865 90568
23994 67579
23434 59500
39851 92434
20095 67367
28319 75284
43336 77400
35810 78122
794 1951
6069 53554
35120 61903
39141 77093
57934 92453
16792 65107
47139 60688
26499 68616
52203 58628
36193 67664
9029 47302
12371 51579
4487 21908
45293 64985
6161 43726
8692 90490
1321 69294
22347 45615
70469 73016
25420 78724
17961 47905
43339 69570
22577 83130
61376 76060
41661 79215
45558 59376
9317 57201
29377 72463
7974 77453
6315 62292
43091 88669
68395 77369
69212 87399
17581 60396
42889 68080
37021 81465
32401 89939
9745 58167
72391 80412
69987 81125
47398 56857
45740 55171
10898 59250
14507 52446
69650 81597
25262 43342
80677 90337
64868 73304
50052 52563
8280 67785
3006 64811
17428 22384
56814 76869
13735 89146
65797 79809
5749 30646
5671 38058
31682 48626
21237 73663
11262 31465
2133 15319
17425 19869
6725 46929
1267 27137
10432 77113
21957 46854
75389 88411
4200 77737
27801 80118
82381 91013
42725 52288
7168 57470
5385 57108
56877 77513
17637 33445
18812 40687
11562 85583
56220 59255
36293 54898
57492 83469
63317 69199
3214 84283
10814 17802
26201 34332
9064 15475
26964 89424
22886 40127
22416 81835
27968 88867
12586 44369
81844 85341
71588 81202
56378 90102
57556 80681
38689 46357
19667 38848
2476 52046
50946 77482
4979 63247
69548 75957
3152 3431
31177 46076
34235 76952
11471 45574
15080 51309
22332 81713
18117 52600
6946 65028
21464 52795
58842 68362
36832 87128
24867 57808
40473 76100
44312 56665
413 6553
59927 81423
412 28603
6337 87989
21860 80485
26459 39150
703 85253
8147 31124
127 87359
26724 54749
48241 58074
65609 91277
79323 91867
7135 62011
8824 32204
39210 81124
32845 67540
42876 82026
73799 80790
60139 71256
12184 90251
21838 60732
29948 85066
1549 35877
56993 70475
31138 34428
26874 84697
21155 74613
2027 24936
41669 43924
4497 27647
1381 49457
38493 50201
76579 84259
21904 27415
38193 47470
26325 31463
51075 53790
56843 79906
2054 49922
40091 42356
19215 55993
28705 83487
72187 91186
469 37998
26096 41925
31805 77167
24283 29269
14087 82685
80962 92317
9340 36553
72034 74048
25840 92133
63682 76745
11726 30227
19420 61527
6580 10879
11018 86912
73114 77945
49347 76568
30559 86251
27490 44036
15522 89003
28947 79089
41035 49026
56967 82736
75861 75940
12564 80890
38611 65785
21766 38768
66388 70018
46266 56303
11854 84980
1979 67550
23649 34626
58698 68122
10405 18502
26184 49827
42239 42864
35934 60211
37632 70243
10081 66308
59057 84824
61594 83733
61381 63704
17863 28715
8771 61562
26831 77340
26546 80141
32391 61295
21443 34191
87229 89000
11512 81600
30902 61683
23582 83779
3480 61910
50047 78961
24797 81424
2113 18038
20289 91249
3113 4704
20490 71108
8802 9845
40146 70661
62740 64418
35417 39267
65191 89941
29915 43790
30602 78507
33222 65544
42151 54170
55148 60943
49404 57231
659 1618
77363 88900
32359 51978
41192 64620
11409 25800
17285 39094
12665 75807
25669 90065
38692 70709
50348 62862
22233 34451
39842 72228
16774 51719
44008 90585
6848 50070
30698 77024
24868 42512
13869 53243
23800 29608
12105 41894
55240 61266
22779 32622
14530 88840
20906 85141
40186 44974
363 91799
164 24189
44115 91128
41421 87378
2748 43983
6908 84718
62613 74633
13857 62048
30412 90739
39597 50535
12702 67270
34109 58242
40565 76164
34177 76989
40484 52084
6384 66637
51888 87015
20030 30051
51711 77303
67323 86491
10351 62418
36924 77422
30806 81047
29576 34915
61571 71099
55287 92294
10005 68350
30868 82739
6215 72746
33447 71546
2337 50822
41434 92511
16427 65560
17310 40373
85971 87940
4152 35515
16512 78094
47918 64677
52204 62551
49068 81841
51853 90264
3328 85309
18645 49236
29521 42974
3499 61512
32202 37664
22189 27765
26231 56168
47651 75777
8808 85583
45060 81203
33537 61483
18073 22886
61436 87089
74759 86668
10143 56201
41763 59085
28966 33173
23734 81869
64250 76805
5656 10763
28999 67769
29275 81819
29486 90104
29374 77277
26419 47539
37040 60568
81187 87190
30680 84118
14356 25764
10555 51345
11919 16658
63983 77736
38780 56167
28503 59900
17228 54647
26241 51799
73528 79198
78968 80087
32620 35588
29721 58041
30033 74062
85760 85793
55609 79576
18572 58274
50770 55705
7145 75080
45639 63596
26699 81249
41660 59476
32527 46136
23986 48988
3464 27985
12247 64422
2484 89079
21388 33300
25586 71257
63365 71350
21616 91608
187 53191
12534 76918
1999 40692
42870 86102
5075 75024
53251 79691
40163 50344
23462 45398
62238 85798
35754 55227
29510 62122
3599 50467
21911 50048
31749 66548
15797 77994
39900 67800
59534 60806
22350 27923
5009 32056
16973 91410
43877 66229
28700 88065
3785 89927
57598 61757
35572 83121
21620 31186
59973 86823
53005 84502
6168 49852
42420 70005
41287 74311
27740 45366
41006 78390
25428 59454
15630 17270
21904 92237
61321 76293
37451 67140
25227 77444
32087 83285
37625 62763
15307 55647
5584 33319
8552 70369
52796 65823
8609 88736
37499 83253
6670 46603
26642 42905
278 69185
42308 91681
2943 72175
14015 42460
5254 66137
24179 76600
51527 76206
48866 91355
19448 23676
17028 35553
4465 31649
62430 67004
41515 77636
69971 81194
30021 52463
33426 84631
34930 69874
55100 78329
24147 76635
88390 90517
8516 90381
43933 76786
41671 89134
13948 56846
9982 21767
15883 67506
15390 35180
899 40286
30915 90266
31911 39130
76729 78905
16178 46833
9137 69633
8907 14377
44951 66839
57898 92284
1367 86092
46375 57272
59295 79218
72866 77577
4834 35840
11172 40272
10259 81314
43414 59425
3904 18023
72538 88551
24971 58273
15045 87756
18518 46996
79534 83619
39550 53062
7260 44684
17026 85875
54763 77927
4980 5186
56999 78710
47563 68120
32635 89845
17695 77628
43784 45916
24435 47220
4618 87522
9888 67157
22750 87772
31284 79983
26666 53227
58417 89792
58366 68057
22949 88804
25527 29728
25971 57655
75192 81287
24159 47179
9630 73089
70417 82194
2247 85407
76600 86578
22212 76574
54146 60887
33979 84825
74918 83098
42809 67288
9621 71982
37820 74909
24166 62969
18202 90467
8645 67826
71622 72211
8692 21757
37426 78869
26381 40173
19370 59559
72956 78111
35596 62378
26427 33855
34017 54110
10698 21838
67223 76977
14892 45593
38286 78243
46458 83782
16179 53258
6430 45282
31043 66170
13676 26449
13167 45154
3902 4034
14571 67064
70072 74185
53601 84516
34754 92031
52559 85861
22269 65463
8608 35827
4626 16987
23045 53333
18820 22103
7760 48769
63855 83426
32905 88627
5728 71623
35936 63806
39647 46638
40137 64106
2968 84496
44685 58734
3814 70299
61891 80370
442 38243
36189 54239
25901 49416
60285 75032
62413 89252
24552 67999
15337 67066
58472 68389
21167 67733
7763 72314
51976 58943
47134 91848
22854 68704
14428 65450
7955 27452
14170 66239
40217 54023
5087 29506
55046 61454
10572 34205
21490 68698
29087 84344
24818 27205
1942 83799
13246 72345
48538 56494
80305 92197
11686 61050
7024 63835
18392 31564
15728 52436
934 42497
50779 77823
28126 87979
8445 88027
15554 29009
8871 12747
83982 88297
38376 77192
72460 72851
1731 53757
32152 42373
60742 89778
18199 67623
46504 47066
62033 73452
51172 76299
30733 77114
49057 71558
9286 12421
22775 50930
8373 41445
18132 67132
20470 53016
37882 43667
47208 58279
930 67439
7514 73934
28451 74760
30921 87936
75693 87188
59430 81130
49996 69682
26418 89980
38721 66111
5373 44551
33564 51734
35401 60929
24182 84296
60737 77302
13606 80465
58371 82176
34126 92439
53381 82752
8530 76052
26300 91146
41078 57974
6441 60567
14446 81211
41284 88289
65898 75227
30714 92472
12410 65556
56767 90374
19783 33055
12282 68623
36554 55639
7443 20460
11407 18808
21520 63485
59042 82242
24222 48709
4375 36811
25827 62449
12272 72218
19886 56351
87212 88030
17233 69871
19794 65246
50068 65327
12929 35597
49901 72898
63044 83115
12651 50948
29536 55771
39773 42437
33467 61115
66308 70898
59892 65501
13387 22640
41985 60015
6368 91492
12591 45508
11344 75264
43451 75745
8212 63961
15716 24550
69117 84080
26147 40526
777 41841
22857 71837
15463 16581
73226 90480
12835 65121
6784 26457
21268 55055
46371 84800
52561 54130
7929 17699
3755 62972
11279 32014
35387 82871
766 41430
57109 62960
6991 29638
45911 89802
974 36644
24251 67772
31493 33844
23570 60935
9679 31262
43997 52123
511 64301
14135 27415
56658 69655
38449 60895
4037 9893
32431 40984
63519 78518
7834 47578
47925 75613
6797 91459
5580 69716
48621 72567
45448 72203
24374 73499
56922 77068
18963 30038
11081 45076
1889 74670
38813 64736
51879 78830
18315 79956
11406 47294
32990 50376
19596 22751
21467 48151
21192 55215
78504 83810
47476 77884
47935 90261
37485 55200
2076 71354
62580 80092
35710 89281
3856 21864
1335 1447
204 13339
19685 34745
70662 72008
6027 41285
59185 61760
5347 55327
59028 81930
55673 81464
3658 50039
1183 82726
35088 62937
14939 66152
29249 51069
51590 56539
16944 67560
25102 27260
18262 79814
22148 61073
20820 26834
35420 82829
13829 51629
9615 22793
41974 83006
23661 28976
28826 92216
35786 66640
57384 74404
48193 52493
9294 34827
28341 53715
659 68930
4975 48875
17333 26052
13947 67715
61383 79309
54979 89017
29618 50503
73641 91915
8143 86622
401 3728
56966 65085
19269 33976
20956 84870
32654 84625
3318 54801
25282 70416
29255 65860
28789 36087
87433 89802
39650 45167
100 23280
2098 64333
1200 33958
22910 50772
66638 74322
2990 27367
22425 31995
84791 91552
89770 92271
3756 8703
35573 36398
29423 83031
35144 90376
60088 79927
59877 79209
16185 47365
58981 72527
37333 69208
1270 56018
25383 63864
19741 91485
29293 34017
1765 67034
48673 66245
57891 59796
78779 84749
32007 49311
40689 54239
51422 56016
44511 73030
5249 85306
28507 43083
36897 39655
4864 62067
9109 90530
7946 44055
47660 79288
48889 63894
52934 81902
9018 69013
29492 42304
5339 83439
51993 54390
50844 75978
47015 69989
75825 83786
75390 80336
47261 86217
8550 11634
71920 75665
37941 87726
72967 81567
32886 61809
18433 39514
27070 91253
17436 23720
8365 51449
31394 33049
21864 66650
62342 83249
42360 65814
24534 25302
22652 26524
74669 92117
65618 78843
11002 60682
1853 53345
14870 41932
37249 68189
10992 13306
22011 65942
16400 83716
16445 57620
65552 79270
8849 54467
28244 28586
8115 48565
49442 73502
52057 77223
32302 54203
33860 40899
9185 54998
2028 17158
21009 87107
23273 77184
35983 79691
30698 80036
11376 19500
68741 79602
41888 52518
41409 76064
1871 23586
6762 60400
43957 51820
12187 33364
16891 50637
39438 84156
28314 57239
14207 61018
35509 89331
4950 48480
14134 29720
54755 58131
449 12994
3644 14877
8106 71635
87854 89131
24652 78774
28901 66543
21408 68435
15873 86133
30424 33825
22142 36461
1914 44519
28386 86547
66960 86005
3948 59934
51118 88921
65628 68686
5885 90897
31341 90251
52731 60814
27528 77427
39454 87578
67124 73365
20361 39410
35564 44844
37656 64850
31609 42645
55455 71421
32113 33191
62297 69573
3476 4448
19776 47116
4257 89160
29251 59347
12961 37655
8812 13199
45788 83690
15489 37064
21771 91294
16676 28380
10160 28771
1350 30888
85049 91027
9005 73374
2565 85417
80337 86371
29116 52760
51508 62893
29055 67102
5863 14305
18925 55939
54763 58415
8527 59655
72053 85225
66765 73808
8300 63875
19177 78462
38419 76138
11166 66095
46430 83656
42437 55561
86869 91495
39988 78221
2497 73189
8165 41827
53683 73467
2918 27960
13152 69194
14557 90701
35596 38831
43472 73467
27127 85850
61844 65494
1672 48084
40677 88527
12773 19511
28400 91858
46734 85319
63876 84461
6000 47357
10055 71663
80109 84764
619 70902
6345 63345
8187 69479
62207 62447
50466 89363
22968 52324
30799 91709
46100 77090
55985 81964
45474 84326
58166 64189
72263 88124
84388 90620
51403 77088
13224 64475
23557 82700
80912 82945
53764 74198
16260 87227
31825 38622
67960 86207
22330 71815
50075 68937
32449 64005
49860 90393
14580 61464
13796 87561
9328 17753
38411 85478
44239 45085
61781 69278
22782 81633
58102 92572
26344 66976
80605 85183
11000 84172
6737 53948
34109 79487
26626 54036
3240 42156
12534 12679
34870 55368
50151 54920
48360 89042
41729 73496
82924 84318
2860 84478
30091 69536
25346 82595
22947 77783
78624 92304
4404 58320
15956 52480
6967 27358
26958 55514
66409 88689
28384 78800
70038 73241
46365 82458
44493 88923
39777 51864
18912 91270
31944 55032
20264 45765
21023 86871
4274 57977
29366 56477
41656 78911
15922 73795
51341 91153
6771 57946
49992 71537
3888 73206
51722 59670
27171 70697
54227 66054
4342 78995
2317 38371
23082 60494
10713 85824
4741 68604
76265 86601
66980 92624
49411 62589
65833 83198
42637 43626
19615 81550
28535 37302
11477 46653
38742 80745
10286 15195
26960 34499
962 37465
68668 92184
24801 85861
26725 52996
12214 75501
10154 38239
54570 84401
43677 79076
5689 82163
83335 89384
59752 75715
69152 75713
12650 44524
77784 88885
15605 70366
7411 73612
7350 91931
11356 18979
2817 90052
57994 65668
60497 79904
41751 72129
58190 65613
1111 60868
15782 39028
19836 37068
48967 80144
70275 77773
21426 87696
70476 89189
73357 82373
33500 92576
23994 87432
65613 83694
12430 44574
6105 82965
67713 91220
7603 68664
63331 83020
10225 69169
23084 73195
25851 33163
15272 37917
50207 84047
37085 47857
3611 14307
1889 62952
4186 45899
3422 40529
12800 64167
58765 73451
49999 84468
26455 75892
42350 67610
1059 59945
47384 67306
23901 29004
79628 89287
66963 78201
53698 60606
3421 75379
52034 56321
18521 85770
35926 50843
35186 46636
48651 84526
81447 88754
35054 83235
13071 23241
19849 75554
64223 81611
15674 75988
11549 63629
5749 35491
55990 63876
14801 26956
69598 83950
55749 85107
31017 90668
26173 74925
38125 87836
31554 56561
73856 82079
51902 92561
51183 80105
2673 38277
27239 72513
11453 69671
50010 77422
31491 76227
40365 72211
26057 26291
27786 53207
37098 70392
9818 33871
11384 56412
15467 71364
63947 73722
1724 76191
2470 13961
39766 88652
80593 82529
31661 32667
49532 67875
20387 62273
24045 52063
9566 50195
55600 84443
14476 63687
3042 80231
8083 90538
58541 67510
12486 52310
18030 63105
56809 68726
25395 41532
24393 35563
573 36777
80832 86882
57660 60274
3347 27168
5118 55519
33927 62395
46916 88943
49604 71804
11675 25462
36950 85521
5995 88823
53404 79437
5954 29001
63152 72833
45528 60116
49822 70580
31530 48939
3797 6682
24033 72824
24882 35929
25033 51485
15000 37541
28482 74519
22554 87706
12483 91180
48669 64868
18499 40396
54995 92019
14015 84290
11394 46021
27070 29198
17230 88989
27140 81079
43048 57551
12467 32497
50675 83206
54999 89399
6750 76908
17292 36107
5620 74511
64722 79234
45141 52415
42326 87788
42050 49917
11006 59406
32649 48563
26545 59598
53520 80480
1976 53936
57793 75179
3949 25944
7079 53530
49447 57692
4103 70298
15543 61642
40317 59914
12076 77644
34916 50288
13015 35931
9057 24895
11918 41570
23015 56631
24991 66288
62622 83516
44010 53104
10130 21172
45731 73510
14018 21723
70043 73708
62908 73521
28304 40445
73430 85916
17088 82128
61397 72357
16095 61438
41033 59752
58380 81784
54884 59312
37213 83466
42452 48334
63639 89464
20284 64782
51437 54597
23567 74372
1543 18042
47304 48304
5528 41052
47402 79689
15726 51048
53358 62524
14489 65066
62806 77045
53649 74266
73552 87492
31986 45919
33899 79189
42597 54293
42776 87016
4643 19657
38034 76962
18299 35421
7309 56828
7427 89026
26653 39458
40797 43283
40631 79232
16490 19957
12452 72277
45860 84335
55002 55901
64941 75078
42857 53978
21445 74723
16619 64051
31693 70119
2215 49059
10077 70550
10293 66036
10571 16457
3798 78564
16083 66271
10322 61592
57943 59149
12158 14652
22751 87180
47792 75192
60326 88756
11480 36543
71697 80835
7232 37941
67400 89053
11278 72674
39781 44693
34314 78892
54801 78602
12453 64787
30419 53104
56843 72578
2052 3149
18844 70488
3898 84235
25924 89323
4296 42450
266 68851
4896 22400
46407 59779
27982 29624
36426 46486
43444 55889
21018 65599
5932 49446
15329 52431
35053 59568
31311 64023
29832 63263
49841 64814
17012 88807
36000 49625
26744 73249
2599 82640
7050 55543
54960 91239
82660 88506
46668 64757
77897 92433
43778 46881
42509 67850
21943 75847
52081 70141
5987 28246
18801 77601
24571 45415
21371 31472
30500 49705
18548 41683
13833 71326
1549 57065
12632 63998
56667 61550
17937 42324
21140 66156
37729 49369
14469 26052
66166 79848
250 68865
46400 66315
25220 67029
19462 32585
64305 89989
30326 91933
37198 75626
47044 87332
40804 78319
14340 29359
71224 83137
35514 74748
24636 47167
72454 77713
63357 75266
51644 53715
60552 61546
44522 67880
7229 61212
38692 70699
43399 83943
9443 83606
61757 77578
29877 72446
3617 17193
3909 59331
24672 55135
56128 60139
33476 44006
15537 25081
5720 77519
49967 64957
13776 18595
21489 32585
5504 69532
13848 33816
56928 57174
24817 54742
1939 61623
53398 77221
63948 71032
60607 67427
61438 68838
11403 47276
45548 46872
51978 65535
81041 83671
33346 63125
26188 63108
22697 44099
24276 30855
52099 76325
23746 75990
1686 28874
42244 46051
9148 16014
3924 80202
75752 85258
7484 34216
15602 41702
36916 51620
17175 36610
53392 89773
14835 36822
24910 87341
54833 59703
9465 24650
1753 28640
60731 86731
59113 90736
15619 28790
2450 39159
16818 83234
9711 24619
56995 76848
3711 4822
83686 87915
16458 59006
13490 15372
8240 46542
57665 63811
8051 33856
19187 23184
44128 72462
30562 80146
11379 39695
5785 6759
30720 69768
36578 69697
333 87638
3723 10322
34999 60198
12952 48258
9766 16752
27427 91057
22252 54479
34850 40261
71611 91422
39397 66049
34498 49358
658 70251
47027 59879
18425 50170
11947 50900
20944 69049
8254 51192
12505 87250
46551 60821
40678 84060
30569 50763
30949 56253
3054 61033
20816 78828
69863 82343
4663 81178
30308 43227
57825 58226
31520 64029
24748 80578
21180 29177
57534 77293
81252 91171
6457 92342
23990 28854
86851 89079
1883 71686
14043 73320
35596 81651
3172 56546
80441 82257
12513 21765
12295 31141
34631 70755
35394 62994
1651 5931
37661 40645
26800 44958
10818 38922
15733 87833
37461 72528
12842 62769
22227 51128
43101 70390
812 70581
10251 30030
35582 43882
65902 89609
439 50392
59066 61376
15149 53183
27429 69102
68441 91777
17607 86528
6792 29155
40634 83326
16181 31504
39023 91368
33275 77858
5424 41504
2541 24656
31001 67559
8219 80220
33510 50745
8838 31832
51343 59335
8175 13162
64022 70112
14214 81540
12424 52711
4129 46127
9956 43038
32093 43805
10263 54179
35223 70960
3072 46815
37675 60898
51314 56909
40802 68711
24255 36418
75553 77754
66944 73098
7572 46819
15155 56560
37233 37376
35481 39387
12162 80503
1553 25259
8257 38459
25107 33157
10247 40050
27019 42860
50501 86651
7548 76815
39786 78607
14509 46166
28503 74796
66012 79563
88903 91596
4715 19154
46928 55747
16216 66198
32060 36437
79312 86113
20312 72652
71793 91875
49782 67500
4201 23056
52275 56582
7222 28305
63037 70612
15503 34736
15832 49395
56679 61747
20102 35552
35417 78091
42222 46112
56340 80898
46328 61749
63669 67607
4643 20682
20993 40276
46401 59480
24454 86944
22726 35680
31533 70741
62871 86901
19257 89436
23129 28828
41302 66641
5352 33570
39239 87476
6420 32138
65390 89991
58092 92596
11641 68522
51528 61079
30903 85231
2832 38393
32917 41015
62097 67839
19083 56566
6250 26305
74384 81659
4935 55657
11709 41303
42125 56835
45682 70116
39226 52006
14077 27810
19609 27555
24147 66920
46801 80475
2412 78522
23988 51408
21633 40299
845 73895
11899 15547
16257 42645
5760 54572
5272 37370
19279 34745
80434 80848
29651 38823
46510 65726
34118 49788
30355 33347
32175 61635
34810 43030
11662 46003
44292 90421
7370 61674
10718 91460
45506 90682
17587 64032
11022 19647
41008 56748
9935 57739
70801 81929
4509 88868
31420 77547
6385 66483
11922 43022
26395 59900
20820 37365
52801 78802
25489 61067
7193 29693
30522 59461
25919 48311
50778 55372
6300 48562
56015 59997
26771 62780
11073 40967
72619 84070
67094 87574
40593 49357
8768 72227
20697 69397
53168 71777
38660 81320
15584 67506
61451 68051
11454 38051
33162 89677
32235 45557
38819 83860
19344 82899
45963 87805
26899 34032
56397 83234
45965 68661
17981 43634
35733 55314
44212 70020
25259 73439
41011 63263
9753 12570
67396 83957
27225 59439
21023 41956
59880 77448
62394 71766
9944 49162
33010 42338
46091 74915
66628 74141
5432 49260
4812 56727
74914 79746
6945 30458
50725 64910
4617 84046
58993 82019
18864 68625
21496 85225
48052 87921
32635 69992
17249 33953
19656 49742
5500 6416
3442 40397
27188 39966
5974 85842
3144 10252
21804 78407
41218 51036
39192 65571
43 47520
19985 47057
12980 62367
60670 91871
8316 90099
62370 72296
41020 78136
69570 70046
41571 62847
27231 28565
20071 69530
3818 70987
28336 56655
74587 83293
34490 70273
23149 54582
3315 35661
39852 50899
10673 35432
61962 77752
68787 91537
22010 47733
36566 67973
20030 71509
3439 84701
68973 69902
29371 61426
31543 66117
688 78130
14995 17379
74371 74986
44389 69195
36395 63465
22049 33948
22688 56951
37438 90905
43379 48378
13841 14344
57467 90038
71234 90932
4820 76822
46571 65426
19584 75882
33511 39720
16041 69643
1427 85208
41085 65326
47297 64998
56722 59173
80527 82399
38067 57268
41011 92422
53231 86198
52008 74985
44952 68878
1283 7702
86244 88216
17114 51771
3642 30152
7327 68702
27019 42793
28100 54482
68565 83747
16540 51029
57802 89262
61087 73267
37726 38458
36419 87804
17610 72855
54602 90662
22440 79862
13308 69821
44016 84401
32938 80402
9556 42707
46991 89920
70703 74997
57903 63868
86393 90869
85459 89766
25597 29341
12092 44290
35902 63876
39235 65511
39954 85942
2164 2948
11862 28913
12076 36450
4753 12524
45410 78417
1658 87047
87995 91398
38181 92459
75100 89401
7889 87402
33293 84946
71298 73651
13054 86595
30118 66103
4929 33766
33733 45804
1001 33422
51088 64602
29648 84094
63122 74412
38538 39508
58246 61561
6516 48007
3761 84240
44791 83362
32026 88554
49894 69388
9578 18006
2669 78614
3505 8980
8724 53068
6464 62177
55531 91188
35832 72068
51030 75608
11178 17613
27711 47529
11987 60397
30886 81220
5802 78436
49953 63966
27801 81699
46237 62573
11283 84608
7789 36686
45569 81330
48791 85381
8486 50617
69952 84620
58547 92418
74175 86844
21984 62768
48634 51147
20146 73831
71781 82478
50595 58295
18513 35070
380 80793
64869 75291
4253 7882
69106 69456
62128 81125
4197 74080
70668 87787
17095 43687
59423 71844
24915 65433
73380 80720
34473 49509
50191 78851
52142 73410
31882 87337
29349 81686
53849 66110
6926 45363
7855 36698
48452 71417
3831 29885
3797 45935
72693 79717
18876 67114
63713 81313
22029 22144
40091 59768
34344 82804
22807 45241
2008 54140
62233 63036
25833 59497
41948 76814
78565 85226
15563 48854
49172 81685
32880 78008
35245 52385
25682 58935
46075 79999
61329 63123
8429 15893
2355 50586
7602 56454
17694 65204
12740 76037
6549 12109
6275 92384
24211 87936
60499 61458
24416 28684
11854 67731
46870 48299
43565 91171
20285 70375
60708 63917
25779 78180
45609 87503
45544 50306
8911 60003
15004 45016
26729 32817
25827 79642
51382 62455
7979 55291
55671 85319
63910 76249
53110 72871
5130 23510
33188 72799
29889 64288
66151 77551
3690 8531
31231 60517
44665 72308
3202 62007
31071 89205
49620 85204
10247 37445
8663 85026
24355 86632
31654 52428
23556 51144
36540 79095
26466 72893
12521 27516
31918 85672
26552 62737
52929 74772
21045 91607
5149 26879
5918 42139
63665 76948
15519 17463
5013 77202
35113 35929
49486 74760
1485 22081
11209 49291
31359 54058
31449 77160
22833 34465
60191 87632
10491 65151
19110 64862
39025 44214
49492 77421
48451 65729
4689 8278
24507 62008
41992 63933
29697 35710
15019 28310
14784 82212
58394 64656
13596 79208
26148 51152
14206 60508
65963 76198
10896 23828
49524 86033
41221 50349
51384 52707
22937 72351
25190 55613
48444 60370
9629 59203
43666 86258
56465 71669
73309 82443
13416 74654
4029 85748
9962 50968
1729 48705
26384 45035
49679 56769
51004 66348
51630 71795
20200 71882
21385 54622
66741 80348
12493 39727
45527 66586
69336 78223
8314 15659
10004 34318
31509 86777
30331 64938
59501 83006
32547 36382
3096 85693
53937 77053
49188 81275
15783 62610
42101 61556
27335 27782
847 41983
34877 92246
54826 70728
57305 82881
17766 86008
41550 46087
24915 49574
27139 34505
61006 87894
11904 51081
30600 76914
19798 31863
37287 57928
4497 68888
4647 34121
23451 64860
41412 77612
24876 43967
7185 82797
53727 58022
18065 18558
41576 53371
31211 81286
14298 33840
34193 86530
39669 87810
656 21068
8943 83002
65484 76263
63883 85554
10159 69567
83237 90502
11516 87456
3735 55328
73851 78737
42907 72327
29574 61557
8458 48491
17550 32467
13577 60109
30514 66111
28150 91244
2879 73848
61671 86179
48122 79993
54287 75989
21578 62160
14977 26494
55616 90073
29466 71521
62217 64694
29633 52841
56693 69288
73177 90375
10311 34304
6190 37702
44157 79424
17400 71997
74489 78611
40083 78828
36272 86654
35243 36438
24462 29104
66980 73894
31102 35224
71641 87691
63550 87636
2547 26111
39436 88256
159 17308
32308 73894
35218 64739
62861 90831
1212 41264
19664 54424
51235 61165
62865 92620
4353 68809
37127 68372
12572 64825
16890 92415
27418 47988
6895 14849
13668 36248
60110 65667
77058 80050
44809 84764
19998 61883
41844 46877
42989 56349
17015 76619
28472 50348
4941 65334
41202 43133
54083 85349
25686 78207
4675 75556
39533 66804
36025 65350
39054 62259
33150 49329
14507 81658
36732 66297
30245 67421
56053 62856
20551 75332
7435 32648
72694 84453
47118 91387
19190 76409
3789 60955
46968 53254
2041 47399
41488 49753
13039 32147
62696 66667
84167 86011
21714 86940
20353 59517
54109 89555
57106 74201
17235 78660
30831 65603
53762 79459
28634 34195
4657 50742
8370 39933
11221 83499
58054 76192
37870 79122
21534 70297
3859 28587
12133 91166
23357 55697
45955 65688
78233 80495
46894 85224
4002 13588
72083 88914
44049 90057
16379 64791
56965 78548
24603 86411
15592 44726
10520 53073
72835 83898
18435 71971
4239 40339
72034 79813
55217 63969
2969 89833
6024 38951
21952 91699
37731 53511
2019 88881
51434 86986
18488 58860
79805 80454
45013 85148
54348 77759
668 87582
15235 26501
16004 39593
26504 47888
33917 62119
57380 62932
832 23725
45159 47819
26936 58309
62166 62897
11527 37748
6867 89743
31014 41761
12471 54010
14278 33896
33249 61189
51642 79881
67177 90963
18442 84950
29674 45337
34957 55182
83959 86785
37813 78601
27071 44702
31205 61463
22344 90842
10621 23235
53837 59711
9146 89431
13806 72987
22001 26175
3060 16199
31289 65987
51988 65453
242 12440
59441 71518
21392 60259
33949 90090
32557 78911
46895 53198
72596 76662
6618 26024
60562 64752
30297 76577
34361 78959
20025 74002
42980 49691
9625 45219
10899 77675
3956 64993
49174 72990
28235 44491
36075 83993
844 91220
31303 45551
64177 83925
52970 66967
9856 19745
7905 40138
64437 76264
39196 64678
7630 75860
10090 68706
31258 71298
7337 77661
26004 26672
15061 69485
9528 41013
38884 77464
16576 58990
59283 62051
13987 89730
11748 77391
26908 27056
33683 58618
8445 29742
20292 53651
51680 52808
2356 36394
24880 61292
4524 89833
18533 18988
9237 55460
7177 24060
12830 25697
16747 67721
22404 69035
1232 14482
48897 72696
24618 72639
11601 81136
26879 88170
64317 64575
20254 62618
14858 52052
48184 65387
74317 80847
14373 15178
45052 88249
8728 15729
61404 75850
24992 51802
36830 91424
47591 92616
46130 56027
19868 79500
3902 40961
59858 62371
43723 52022
42426 42620
39541 61438
11409 19643
23256 51884
36372 75705
58892 86500
46137 62463
3828 87351
775 13520
38257 68105
31356 61922
33 53047
1961 91737
29017 43415
31337 32724
35045 35328
34994 84517
20737 69311
18726 58315
12401 51788
3337 13258
21289 30856
5136 56937
59195 90970
34714 50272
24705 79976
368 92352
23461 45321
10654 19407
9574 86935
77327 91645
49754 56124
63430 64395
64122 88318
24685 71515
22147 54833
72293 73208
67453 85736
14670 83330
28332 38459
5340 75458
22931 54304
4174 79951
23231 41938
1325 86806
24413 48098
5038 85077
11296 26587
6959 64509
40203 52497
47312 88290
3990 90738
326 84876
81917 85011
6386 78951
82876 88916
44545 70055
70587 83165
53301 58461
33075 57539
44776 66484
69379 83351
72789 90682
44804 55761
37873 65548
27104 91606
6768 31432
85347 85619
15862 28957
57669 88792
24172 78449
36552 42143
52917 62635
27229 69578
23071 89077
51036 77013
54962 55375
92106 92555
59954 67190
41150 65051
44965 85679
2572 69679
61105 61591
38069 57442
19076 73035
51519 92174
27562 92275
6800 28259
18822 20980
45154 48420
12307 37552
55400 79013
7487 48567
44295 51841
50508 70188
15989 80684
7724 84721
48228 83318
26032 37025
22929 51421
5905 36799
10513 12066
59857 85605
33489 55251
33746 45710
36270 60347
50455 85759
66331 70934
17209 21046
24775 76045
39596 63441
31362 31651
59126 76534
43326 73517
37986 92310
43309 46603
1164 41658
18613 25809
23973 90736
12198 64177
33960 48542
51558 74288
16155 66404
40767 82398
20540 47526
9428 32967
25795 43433
27947 81685
48646 66409
33390 37921
18947 69698
57486 83709
36515 83620
32002 83899
92005 92033
17958 68838
79548 83162
22798 33545
54442 59271
19682 85339
35657 82989
24908 90115
6542 13046
7068 58267
6120 16115
49497 77801
50138 77382
12166 30829
5866 28197
30173 44794
53419 84598
5248 92400
59671 77722
51078 74749
33636 76942
25428 80390
66309 89062
21138 36791
37780 79641
57602 62674
21968 83443
8085 45397
51073 90574
26791 78325
14125 65962
55737 60288
13037 25145
1641 38389
26322 79526
25724 30418
8674 30030
58188 85346
20493 60368
60147 89660
47477 88179
40265 59912
35400 58656
11751 48084
27542 71222
20043 33557
13809 50950
76677 89680
21874 88188
52991 67900
1102 22413
28881 58019
57026 71456
26608 58772
1789 71105
566 38945
67279 90965
83036 87554
202 57388
17666 47969
23420 32967
58798 80361
25775 51759
12883 69811
6212 62283
272 12530
2643 55361
13213 18381
371 33540
61236 74811
4409 87214
4141 62620
70291 78893
24632 77901
268 5218
47085 62581
672 56999
5438 53571
11403 48609
45649 57156
77716 80908
24320 83036
61274 70134
17161 44740
37883 48553
4693 46659
7384 39362
7816 69977
44244 68494
33975 73744
25400 92435
70092 86664
51675 89738
3816 38620
31439 32743
35347 63706
26207 68818
27356 64651
59528 86539
52403 84979
15655 47418
17021 41892
3429 33384
12412 89103
30645 65637
4777 66034
8838 36563
3689 11932
5247 9725
66596 70977
16814 26482
6863 72849
18960 51860
63749 78685
20163 67028
11082 55018
27946 69200
14616 84228
5937 47290
52158 58373
23348 64569
59123 77404
12224 66214
34561 50419
33381 35133
22000 89145
6948 20332
24021 53849
75039 89552
31085 87847
46043 74373
46700 56193
38996 85761
72097 78899
24626 55799
81593 90565
76925 91781
39675 90766
45954 81695
6753 89155
12376 90460
19868 36573
11651 76712
589 65520
7829 68194
36449 62226
13395 92147
46873 63952
34922 41424
25330 74357
23588 53730
41693 69416
4235 24708
34788 77487
41459 87952
11866 70759
45513 81147
40346 75932
33089 56999
40887 65883
13814 40579
8796 90784
16019 75301
71368 76201
41556 84760
15525 41162
82904 85223
51841 70306
42563 88725
63830 68713
17318 70865
45112 73384
60609 91950
43543 56761
37480 57073
43844 56501
19072 22286
44647 89173
54015 89797
49101 55184
75486 89597
46728 83262
58586 85921
47267 77947
62526 76200
47442 80502
39223 73346
44601 67722
16743 66549
22411 88641
2790 18717
51133 91850
24346 26658
77038 80476
44439 60833
25323 58969
53916 61088
2060 26066
55266 92285
55985 60962
1689 54025
46668 57023
4873 64888
42610 92372
8404 51708
28044 85890
51667 71601
10214 19142
39293 86248
363 75812
28278 56360
28774 91579
20461 39588
32427 90058
44005 86188
62482 78595
1022 36378
29154 31386
69191 88435
37918 70522
19176 61821
58288 75075
5571 19728
401 34199
31845 76965
30995 84478
3714 87518
68067 70075
50184 70650
58072 66945
34494 43472
3889 65831
538 28985
16083 27402
9956 35347
18948 74854
41521 53799
16322 87765
10013 72979
57662 70740
4313 7264
37222 65332
21652 74185
32059 70046
29406 80922
20292 59311
37481 78951
69353 78595
3235 27377
60508 72153
8204 69753
12248 15532
20630 90917
486 68334
62023 87862
30376 43150
38811 78457
6321 92345
8623 59997
13500 47802
4209 6032
54476 75929
32207 64739
73678 90860
814 17591
17853 19786
2271 38857
50772 71526
68388 70569
32460 34985
69331 83595
54520 86268
13583 44445
3402 33664
55890 56886
39050 75729
30558 91278
28849 31979
27256 89600
43781 54077
639 54317
4410 34731
9033 67965
11810 28869
8831 16999
58864 76721
12598 53847
143 69627
33267 43673
28208 67446
23564 36414
33712 70465
52675 65726
18247 25658
15997 49005
3519 67057
18780 26821
43596 58493
8954 69124
54772 54967
67358 74762
81585 88016
24498 29238
21320 81317
13864 68465
51556 57571
76520 82906
44788 70021
46375 47445
1898 27829
19229 80958
8635 73581
62091 81248
27003 51386
48602 66063
11828 32242
70529 83860
69469 76417
37539 87749
38388 89353
1270 47551
22484 54200
53326 92559
86881 91466
15449 54433
16655 85117
4845 81000
11085 30722
23572 64500
28604 90498
8929 42232
89016 92615
68472 70430
54746 64363
17545 28078
11588 72803
81732 89293
57378 78804
42113 54086
25165 39083
48667 78856
66635 90597
50838 86280
5235 19067
42174 66153
40787 49548
43233 92201
23333 44211
55281 65528
67161 91400
56750 60954
67730 73549
62266 74553
38199 43703
18237 83081
17474 79552
20465 29761
62048 76875
50558 90104
50079 76136
13392 81171
3396 78264
35620 82666
63806 88756
19526 69769
57047 77969
88905 91395
34632 47682
82782 88796
23916 67044
48180 55200
15621 73756
9064 16074
13589 58387
8260 11659
43132 87069
14481 17922
22293 32147
42524 68858
26838 35197
11476 86778
51435 71346
15212 19752
11577 36074
20026 76799
1292 79927
27700 49821
34297 70759
31278 75932
8614 50291
46572 88966
14792 48417
401 47297
22659 87809
31768 71347
41743 77725
30914 35118
33317 56968
9959 13158
76935 90638
846 7161
9798 71247
15683 47453
4938 33487
51745 58941
11073 85870
44727 90361
45666 56308
31431 47027
8681 19372
26059 78312
24419 72366
15099 76472
19493 51111
11734 17117
71076 74617
18858 24715
47225 91630
70693 80900
45781 84920
12304 55883
51289 53689
48750 66281
18588 31510
60995 73421
65150 87663
20107 50620
17548 84894
13370 19202
26249 48818
21817 51243
33849 72264
11288 62820
27124 72400
56989 91557
16002 32351
74443 91343
55729 80725
53440 57087
35020 87152
2714 18273
10821 92577
55977 84618
15105 81179
62075 83371
19300 49743
12723 85274
279 69187
22155 36565
48904 57690
50484 70937
36747 43496
40323 87134
6425 89666
11694 85385
10808 42671
23117 84243
70154 77659
5446 82174
58066 86111
6267 70628
2533 12320
51372 77523
20111 26990
67749 76043
40841 48217
1563 40429
82392 90886
17628 65717
61800 88354
43298 81680
61295 69612
41565 91181
133 34535
46505 67409
16480 87265
20966 39722
8649 9627
70038 92323
67259 87598
38973 71058
66835 80868
41797 68868
36182 46234
41027 66459
31876 74807
68458 79905
33991 67596
21454 75766
10313 81828
47989 77652
39439 52795
45405 91079
9327 70452
75874 90727
73363 76094
30657 30909
87528 91046
16786 17459
34622 63242
31013 79363
13644 17971
14342 45524
38247 49904
4083 64885
385 29913
15833 28740
59679 73957
52276 59005
73073 76383
46890 79562
13638 33667
16530 84240
32239 55735
21648 73141
687 85721
54134 82238
1523 52703
57951 84265
13642 51656
67324 73016
1467 8779
4820 22532
8379 44144
42802 65174
34632 80234
35579 81474
21640 48155
33635 47448
51189 75688
49175 83848
58886 81695
31501 44821
53628 86250
3184 10888
14120 86254
11780 83334
31890 34454
7150 89513
45621 82213
55833 91725
6541 63909
675 91391
40063 90142
5103 65137
23152 33477
6305 79417
23361 33576
19195 37659
24841 46999
47882 69989
44186 86327
32306 65429
37793 73931
22970 27560
37856 65046
2561 37479
8743 48712
28222 83343
18111 67646
35761 78061
32713 39256
32733 76743
28387 39864
36822 45505
14906 62653
15332 27312
23898 41082
2713 24473
5746 78055
13460 15975
67821 82768
50827 91322
77087 88868
990 57011
25830 37347
36928 73381
12305 39963
21264 92484
74176 78346
71671 76815
91933 92235
34051 37959
11177 41219
55643 65500
24734 70867
53743 65117
31194 34625
21822 25648
71601 84777
3745 40551
13099 70769
85356 92516
507 28620
23355 78604
47426 53706
1303 67523
18908 72143
3679 42595
2095 24055
7618 44335
14017 21300
27449 91133
44805 70954
61500 78682
8766 64801
68297 73554
65886 90381
47794 60905
18924 39907
60841 63022
49801 65375
35849 36687
22377 52351
55700 82620
17546 44698
5257 84593
43360 45688
48766 90112
12000 24779
3670 39126
71105 86142
25629 75478
77442 82519
21243 31632
23265 45848
20440 23544
6840 60201
72673 77963
4423 84168
14751 55295
25829 29767
73469 81247
35943 76925
14590 85820
24754 42877
53900 61069
9200 81650
26458 82743
27773 51054
41127 74323
336 70145
8230 85933
67204 77437
30900 45666
31851 57057
4352 24791
60482 72725
16993 90385
63636 81206
8290 56563
57150 71464
41077 68804
44237 83959
65591 83964
11253 71601
23468 37882
29711 74951
1814 89837
24540 52405
8504 10155
10947 90796
21122 89007
36523 52275
1748 14793
9774 27010
2937 78174
42249 81899
38453 81995
15896 26393
17726 79849
22648 71441
56148 56763
30519 43668
16670 49587
44170 60523
52974 92128
18520 52359
22221 41013
38237 50999
38998 66458
15866 35982
3792 64666
11630 26902
34043 50211
60495 73419
21245 54604
59525 73590
28897 48771
19303 41008
11578 42631
59814 74506
2937 12024
54673 86373
9735 18054
18454 63816
63645 67043
63289 66346
15714 32975
60296 80172
35610 40214
12345 42705
44628 57029
6711 83415
81881 87844
6206 11533
25224 57953
11829 80154
63435 90304
6948 85969
10466 11993
17076 35715
30327 89969
19544 67163
41620 68106
49646 61446
20745 29173
31151 65229
2362 18665
68403 73283
26979 29490
2961 44182
36576 78873
9226 28097
67647 89358
12313 50406
32672 76330
23940 45958
9561 85212
7939 82325
34313 47893
17939 19429
32520 44654
38081 51923
11304 41803
25789 71216
8989 78606
40258 90314
13407 58013
674 29301
1334 70423
34536 62230
7923 49758
40120 63085
67923 72660
38392 42653
23348 30105
19474 83037
10980 82495
65359 70111
8345 31828
6751 59412
41031 75783
32564 33475
40327 73629
12775 51916
45471 56468
23838 57090
38712 52974
28259 43356
58311 71838
1904 31476
33105 90300
28952 82228
84404 87028
36337 90823
62102 68765
43769 51939
36964 80057
83477 85562
22533 58301
24212 84683
38427 84047
27736 42338
41950 79975
91855 92061
89817 91161
4089 77174
52816 53853
69883 76325
10171 11413
57536 76379
39116 90109
76914 78941
6658 10018
63818 82265
18861 34978
35209 62360
32671 53231
40784 40838
15190 16757
7058 11937
34519 34614
32323 61219
29584 82164
3276 43769
51492 66636
30804 78899
15467 74145
70024 84771
16078 91106
43582 56096
21903 37906
69826 73128
59351 69762
13632 51804
7293 27924
1528 70926
39811 49437
12562 78778
18414 51410
26401 50705
38612 90477
48494 72295
46825 52551
56717 71005
8520 14120
39754 66477
19973 23471
13272 79409
7649 51059
22338 31798
5057 42345
38855 70508
43773 50156
41280 64663
43173 51534
22051 28227
50055 82801
11085 13672
46570 79578
47470 68903
4238 67243
15993 75240
2100 91158
41744 61691
8893 71809
25753 73209
6857 81878
14688 91061
4363 45597
10026 53780
32546 72528
20507 35347
37668 79272
19184 36704
47034 75464
58075 68034
25319 88954
37439 53444
6755 86505
65781 88269
67 68004
53797 73015
58452 85287
26229 88063
5215 16257
30209 35401
35832 78972
40870 66535
43247 87248
83495 90832
39270 81822
38311 44390
8049 60004
6009 11654
788 31115
28897 64718
31862 35385
8020 44911
53810 75293
58813 86376
30424 66898
4402 87300
1115 8364
16016 52064
22328 40459
39921 48031
32216 85698
11099 17863
20303 23282
6293 12506
37061 43824
29889 81923
48163 92229
25870 54746
5676 23988
38607 73334
14369 81605
25558 43850
25031 87133
11287 49140
16656 41543
21067 51948
10847 77217
19919 20116
60086 81116
17933 89759
57775 62697
2160 11456
15185 75339
46899 88912
64106 76041
31470 83783
82006 82860
8153 10423
198 86038
29844 68132
52555 79870
31419 88043
37836 78055
82830 84244
58139 68677
63948 86953
46101 73678
58897 91043
14579 31564
35050 51266
44390 63350
68257 89884
33399 36451
57397 65202
34649 76731
51563 78541
27293 36539
14752 48690
39275 76112
2147 14560
28118 38539
35578 57653
34584 49563
18867 85497
62499 85111
25049 73507
56568 72543
26474 54233
53239 92008
10586 55827
630 29975
62924 89747
40006 79482
15442 88614
17637 92311
34133 82403
18315 19326
21255 55459
15756 25466
16734 34999
145 32617
10037 17704
8606 85331
79691 87381
63652 67477
51528 92040
31561 78397
6414 27495
45644 46844
1290 2807
17661 66768
7353 60486
27490 82041
52976 59090
53226 58334
23358 52568
3355 20091
21504 72311
323 3505
65402 87828
11327 81528
49124 70408
39860 45980
27642 86375
42586 76351
16827 70166
17664 67480
22533 24644
38689 39877
12553 28397
54794 59740
45208 65210
13139 83655
56279 88495
23295 29687
14249 71828
20157 33813
14068 43145
10991 66023
27857 59562
47277 51858
9519 82619
40813 66247
23015 80377
74165 76344
33404 89450
45956 55582
43955 62433
28943 76657
3122 32264
3325 43038
8365 72353
68895 75463
62353 69551
44009 84461
28654 60712
3698 52018
31272 61152
53425 80807
19480 26503
34767 78535
66040 74728
2084 25133
5080 78507
10153 79661
32310 40366
82551 84775
51204 87212
47926 57988
7496 61471
61878 78241
6342 44790
18889 81508
21321 92444
14469 92405
41304 45375
4770 14171
7337 19482
69272 81213
43364 70106
16260 19323
25126 40043
70577 71672
26634 36852
8478 71077
55708 68991
30876 40969
28052 40014
51865 59529
699 89121
62530 62602
23118 31449
37340 61672
65995 69620
49796 76808
60082 61419
3287 22019
35098 86929
22930 84274
10872 52894
420 76098
35957 86640
18963 36955
23810 70867
15511 47881
12377 92330
2628 53557
25661 91318
40354 68655
6791 36549
26555 74205
50980 60497
40144 87532
21691 34643
59078 88512
31828 42576
76457 84709
52291 84720
7946 24999
19210 91923
49175 54218
43705 67087
43586 64259
13632 43972
13222 38974
27946 38905
50408 71087
17756 45026
32772 55856
5440 72813
49932 67344
30929 73351
24831 53561
21290 39973
11834 76690
2955 7492
17041 40888
15613 59462
37151 89061
70487 82986
31320 42216
79973 84533
17903 87595
973 91917
18191 90069
2224 11518
68289 68500
24848 65253
89408 89590
17073 54484
44985 57419
43394 92548
1800 69023
6798 47296
21962 32067
2291 43567
29532 54772
67128 80269
44756 53547
41222 66087
42172 54325
6562 78079
13486 30539
4097 41049
4239 41950
12267 41741
72791 76703
45430 72614
29726 51966
14563 55385
45576 81701
12690 71920
16627 80458
23194 29518
30703 53600
42439 75216
61303 89582
25853 85788
3537 44969
40186 57383
76420 77153
44172 47268
33899 69708
9677 75602
48179 53779
38920 67146
7002 36843
14726 38041
17062 78584
65292 75775
32642 62777
32226 70391
6379 14811
17155 37094
66094 77976
23445 63716
65628 75273
6893 25647
26889 47111
45642 91956
49582 74434
77237 84266
15263 80307
22542 28889
9550 34448
7362 84059
49764 58868
53763 75241
3759 68589
27892 89159
28301 28889
25322 58938
14007 37139
9803 50479
28541 62290
32925 46424
69025 86784
4993 91843
41920 48903
8816 61335
8218 72773
49530 62180
11520 64104
16244 80535
1546 45996
6030 36644
78613 85329
63691 86128
42112 72844
11444 58032
32213 82618
65755 85141
261 38050
62892 80145
20790 70887
17327 49580
10944 40114
64691 85739
13307 30154
22950 68701
24123 56617
27882 71797
43083 77054
9009 24049
87644 89918
11160 12185
65481 71027
16178 68361
57066 60114
15093 75358
78419 84007
51399 62887
30800 61139
36028 75288
32257 49417
11901 64721
46105 59193
49991 81318
18966 57889
7709 38038
8270 9089
60194 72985
11405 12337
8425 53588
19963 41693
14882 76296
18410 47470
790 47230
3541 26887
59160 72209
20939 51885
6491 43430
19368 44376
6558 35934
30113 34750
13470 55509
60984 66916
8374 31112
79101 90831
13989 19607
5257 27429
2176 48655
30808 91536
43220 45366
77936 88734
34372 78517
4357 37257
34619 59085
24761 36529
4605 15099
22322 73203
24486 69880
2115 49650
2016 13056
37032 59429
23189 46413
37607 80167
1165 84562
44735 85828
9942 32960
37423 68018
4995 14059
17124 82037
1101 4696
1086 27106
54259 87887
12763 54753
30997 62203
71277 88662
49031 90745
61900 65979
24307 34925
45320 74219
2066 79544
43128 66987
55735 82423
37748 54449
14351 92313
683 21125
18850 82260
10941 54981
45141 84920
36111 69451
13652 88194
38631 60693
38196 87555
1898 73577
41043 51410
45314 79743
2394 72883
32787 74884
8473 26469
3858 53793
5148 62246
8897 11205
22207 75500
2454 69697
64540 74395
21074 48310
32307 37699
55954 66610
3236 32141
25185 76163
31534 64607
7702 42824
55229 85205
51270 72420
66639 85102
16566 65727
24320 37663
1251 35784
10846 24217
18950 63110
49418 54546
31211 86694
69135 72526
3053 27500
11182 83363
37354 53766
42839 64097
29712 37792
38653 61380
65864 69641
54236 71505
2057 88589
31239 75233
45279 84579
29265 52955
81339 89632
11526 36291
3317 42945
20321 33392
71294 89280
65122 88899
23056 65539
27976 77074
11609 89768
66603 85824
57390 71209
51259 64596
42967 62895
14688 78909
9992 65127
13976 41441
69715 73456
81488 86067
64418 70579
77319 81033
62204 68246
540 31478
25154 86869
38981 89611
4639 72680
26014 51928
17199 19675
33336 46993
29139 46602
69199 82013
63880 82272
24945 81116
43569 46054
16341 21059
3235 39207
34622 51264
37823 41235
59516 68111
53067 59439
28944 36083
2028 54288
83688 90467
36510 51293
19151 90939
52527 86058
50140 87775
34697 50666
54436 64946
14458 41381
29578 54430
4997 52170
11655 17615
54326 89132
3866 79490
22674 77656
9727 62058
43473 78783
2362 56377
76869 89499
76813 88760
19092 90888
78489 87344
56798 79994
83900 89959
28984 53071
51625 82718
30970 58042
44651 84176
8904 28745
67752 76369
25100 66472
75051 83464
62535 88969
31631 34866
33731 84044
29190 47882
17841 18473
51635 68353
34674 68761
13597 58093
26839 35559
73241 90744
30789 31285
27724 87792
28915 79334
17978 91688
41357 69766
45191 89136
17766 25841
45127 67235
4727 69736
35112 39648
13726 29495
10700 72922
25842 52354
11797 27314
39124 51172
62544 82283
53738 55580
20820 62657
30468 51169
31248 89521
50716 73615
24134 84228
25050 65868
27020 50375
83522 84757
27686 82415
67027 78952
25760 71617
1287 86780
70000 82079
44027 47815
21346 38799
7563 51766
43832 68111
4640 30682
35330 88358
24932 55071
23088 32261
41528 59108
47171 53868
26073 72784
13139 55912
85583 88278
11803 29493
75274 78795
45014 71383
31223 89844
50389 58821
8911 71794
5348 15641
32624 90030
1140 70618
65185 89727
24203 78192
24196 37404
71196 85674
63782 70533
62587 83184
54536 55354
33365 70021
7010 83777
396 83554
14044 54969
17955 39628
25226 47188
25035 77296
41090 57457
69319 90728
24054 60508
72148 82274
19463 67974
11441 75925
47968 61067
62939 84802
14778 62705
15305 63001
6945 9315
725 34695
26875 61103
46007 80046
14339 67307
54610 79662
30771 87970
38223 87147
34706 81764
39002 42152
40225 60379
27931 45040
57690 71202
52037 69763
21935 48745
12631 75930
51078 57966
48627 89479
13484 63587
26681 69834
36994 37217
12470 91299
29006 62191
37763 90772
32967 58475
11546 35255
39089 39803
8419 17351
46550 55041
7124 86415
786 50704
17226 86670
25316 39888
36840 86901
13854 16383
15854 57000
60568 91573
11496 61973
25599 66191
16470 17550
53477 73642
7255 57548
2047 18180
2574 61876
19669 64360
64410 81981
57508 59019
14838 66874
46428 91338
28408 85576
40175 40706
12209 37771
2884 29410
16869 90626
24958 75735
53851 89727
45156 80728
60075 71000
25631 77429
34010 85776
57412 73563
5281 37126
12410 19647
24276 59823
41641 92547
20733 32990
11432 81711
13286 54146
15269 39787
29195 90350
29637 85684
72314 82824
63099 77624
39482 82860
24538 82062
9441 66456
29493 43692
27810 51878
35874 45947
4116 14934
33393 51190
37246 83957
9081 66661
40234 89827
33407 84888
40834 72038
50416 60399
8113 31009
20619 81252
28111 66961
39588 67086
55128 64516
27528 76406
17249 40725
18841 38021
55129 78283
23571 89343
26151 47606
45093 47629
57047 79465
48108 72202
5325 25101
11158 27878
3512 20471
5790 70705
5457 43219
35299 80502
21151 44106
5171 63839
8589 82325
70288 80453
32005 73392
15230 22725
52805 61292
18991 33771
2853 14295
193 19402
77049 90839
35605 89398
26594 43182
60067 69431
6408 16378
69675 71638
39264 62823
21784 92451
49352 76136
27648 86791
42547 64508
25782 87700
55578 57930
52270 79858
716 25456
65465 86095
17565 36799
12745 22915
6977 28009
26515 91942
10406 65839
52948 70600
20464 49047
18137 77750
18727 64572
64201 64353
41654 76467
20067 41649
1669 69702
21076 62121
11354 57393
34602 44278
15737 28550
28203 56038
66817 83876
13291 47496
41637 44001
28639 82776
80772 92075
11628 26073
6728 74831
37148 67590
30238 80398
19939 58627
482 20232
23938 24750
42338 76687
50926 61924
8387 40176
47222 74783
5407 90684
34727 81303
59987 63883
16348 42605
30827 74391
68269 81454
78524 81164
62725 67484
35524 66252
29409 59208
12977 16994
48765 89888
26004 73081
66158 85809
37140 81568
67162 80655
71545 88563
31394 78329
44587 61771
2969 7872
8687 42070
53179 87341
54755 56611
1092 45896
28196 80153
18420 67291
76849 91458
54528 74038
21660 59619
629 7764
50569 67886
21470 38925
60409 61846
41702 64040
24938 74370
23941 81374
20488 48266
1110 73940
37107 85441
18440 89169
37439 58499
50219 89829
16549 92433
10272 79957
29881 49799
19160 66497
37824 78629
6492 42806
16051 41759
44309 49534
53501 72162
39785 45996
60356 81214
9474 56171
44045 63971
12132 67090
62106 66512
4260 9264
9609 10735
16209 62288
41580 56554
37551 44393
48554 91587
21802 34730
35001 56606
19616 34650
31138 86377
38659 74078
57398 58807
644 34001
49949 87803
19328 91696
45597 50879
7799 82497
24393 92411
52978 59436
8987 85274
25095 77059
766 64132
17508 72084
6197 83167
57140 64704
41734 55872
47530 72588
32716 90781
74748 91363
56572 61030
11735 12363
3826 26839
11269 74183
40092 49835
34949 34972
33209 34199
19410 60043
26986 35397
23183 60742
15618 22801
4945 57891
42025 74452
10500 32728
42513 52379
22511 34841
53666 72239
55717 80769
15450 78463
25803 36225
68424 84088
53071 90468
45554 47267
57956 67327
15561 43271
21757 90567
43424 73431
34904 88423
46138 71177
34288 49582
74399 78855
13996 25230
36477 75089
63107 77714
47128 66861
6381 9367
30989 60931
44774 67574
29249 50644
46959 82827
52074 76207
14610 49865
11580 44924
7379 17502
3019 5836
20387 69828
40132 50666
5491 15691
16460 19121
37286 92279
33790 49722
84924 89582
21241 47834
22391 25112
48170 63587
69085 69513
3336 41051
61300 64060
65062 84516
27251 84988
13922 49763
17756 72749
43422 87788
18117 54134
8815 42434
5111 8465
38036 62704
10341 12590
50196 86804
19231 34764
45411 80092
38591 64625
12811 68660
25942 75982
33869 89390
39548 54501
74760 79934
57926 84705
58294 64710
54771 71683
21506 33495
79956 89467
18134 39540
6121 49087
35358 42523
42325 87783
19399 79461
10129 27155
18852 46315
5029 40361
28190 78633
45164 56445
26259 60382
1094 38316
33219 82994
43917 83029
77796 79707
19740 28759
24117 76629
5235 38439
31815 77667
25917 65759
46651 79898
37808 53732
7279 45275
65704 84843
9284 45389
13761 87571
12012 31244
746 68849
13695 84974
38827 75112
192 76248
16337 72362
11911 90523
3960 71847
35038 69059
1097 82609
25928 62096
23514 54623
47196 70279
13436 66084
60615 72257
21496 36641
20254 50379
26877 70084
11938 61554
66907 67272
34545 74307
12445 90277
15985 18803
56711 59359
49004 64935
3121 79614
7775 72605
25697 88677
86992 89973
20823 38326
1946 60686
52877 63381
2088 36051
25200 52588
41045 81828
80898 83802
10568 88325
50267 83886
29105 71313
28559 60268
36409 88974
10435 81650
43047 59448
10909 87913
16735 58173
3196 11003
45096 54533
15805 60833
35124 79728
34141 73656
34684 85705
65543 72078
44418 55517
68559 82444
3433 35388
18782 69625
61016 63810
80818 86735
50388 53167
12917 18928
22379 26299
6317 81216
69537 73619
56005 86721
17914 91827
81251 88106
1519 27242
55171 91710
16231 52500
14520 26206
17696 44914
7762 89318
36566 90008
20548 85429
7152 73186
10295 80362
63574 91272
46683 50368
29657 35215
3643 45652
19690 85199
40119 41759
49061 57073
32088 87665
6087 67378
22452 59373
31744 90498
43822 86002
10040 49836
83443 91096
24513 30956
12345 51910
9083 67380
19900 26510
17000 22069
64250 67985
22590 33300
32942 60205
12251 47899
34524 52519
15103 22509
2250 63933
35692 62354
3272 44393
32475 80414
32003 73304
29143 45388
17361 18488
57880 88018
2742 60942
22879 66796
2476 91985
27985 62285
16718 52999
37964 78265
7166 30734
41023 89566
81152 83160
83141 86742
58878 60802
21717 76313
63383 87259
30135 62025
23139 69284
16388 56215
17617 75877
53156 83399
25752 65374
41434 68054
10926 15756
37562 58213
57575 79050
49481 84315
14698 25801
54894 70764
33881 80747
633 30632
29945 34380
130 77740
1337 42080
16751 34353
34420 41395
66579 92249
82280 82816
5787 69210
9307 34646
16003 33375
55793 71884
25996 57685
20698 44000
11215 75936
6846 28842
14070 25288
52920 70228
13339 91441
42377 49143
57265 87094
23617 50877
23450 79579
10295 80055
48242 64363
23722 69446
39627 52011
46129 64736
54306 81030
19405 76947
50876 54561
5847 10667
57479 72862
51669 83077
3759 31456
12015 20926
24349 45326
68988 85497
3625 66867
39301 58278
62371 77348
8177 43423
28106 43153
45637 87587
15178 86168
36623 70477
42918 48646
45715 61796
37391 41823
31602 51633
33712 60837
32182 81308
14680 72239
16904 36836
51701 53609
41521 76278
26369 87512
46631 64550
24884 60181
15839 74560
41742 48716
64467 79094
28664 80349
29529 78012
26994 53549
61199 91857
5179 44313
9066 65492
7170 64267
52046 53165
5309 33439
1764 55925
16346 31014
36871 55355
54930 83451
74819 92475
3181 9038
57513 61517
56078 92022
45653 91434
42755 50975
18333 37169
80715 84889
16784 30771
32879 73439
39772 72334
22804 88358
36732 63347
18616 42916
28103 43476
55335 80668
32812 69957
10447 42652
78812 91937
50695 68100
51931 70721
30976 57430
35144 61235
13085 38251
23717 52716
19433 52269
70492 74462
67201 67315
75262 88655
71125 78695
57206 74508
35747 44707
39348 88273
4520 57423
57902 72153
41911 55655
20663 53427
8646 24014
20851 80272
3698 51540
24712 26121
66892 68824
52440 90384
43052 79989
11908 76797
65448 89257
15104 26182
22238 84109
38923 63200
50696 84870
15372 35098
4493 68927
27370 66414
31688 39880
31498 44161
61590 85746
1580 92425
38067 66458
43769 49486
13627 39364
12624 28319
7639 79123
36706 89499
24554 74693
60276 88251
461 54107
50869 56539
33824 73231
56869 89190
50215 52350
39833 73472
703 44874
67876 89577
17771 31779
29174 74482
4691 57189
59287 79747
15259 73161
69879 76364
6885 26511
30292 47520
2871 53337
64517 76572
22720 31513
6464 81329
57231 59338
24305 74481
44752 69823
26958 37435
83582 86995
4222 52856
20035 40581
23525 61019
15563 82220
60168 80636
1365 32938
2217 92268
31375 81727
20869 81973
6582 39313
10513 65292
14469 22212
164 30762
17474 83003
4774 62218
35410 77790
59824 64245
42701 54657
54176 70525
44865 89535
34777 49786
39818 79071
79806 85901
16321 68612
63542 77652
9812 13962
64299 69806
2470 49094
34881 81156
43395 84838
41415 75995
20700 21681
7086 66458
17515 57944
5818 80765
40391 49780
72832 75532
55229 92272
45918 89558
27521 43549
37111 45978
59586 67797
24622 87890
38610 38748
55388 86050
67352 74041
51539 82377
35292 66883
27176 35541
11982 12883
30228 52993
10668 35714
27485 59471
10031 78779
32848 60128
2436 42701
24097 73069
52940 70870
54293 63888
8401 57354
34585 71756
47200 73692
12202 15795
62448 72961
5927 47883
21819 89194
9941 17872
37061 60219
36752 46653
14538 80448
9889 81847
30284 52310
52956 74013
31870 66603
9673 88529
5093 14071
57104 60293
69847 73226
4322 90762
25874 44668
21967 62919
55766 89640
43830 55955
11807 26567
57108 76010
2511 86606
298 78013
76262 79113
43773 69876
3897 67365
62832 75061
18794 46424
65812 71618
48264 71756
28717 55681
42590 73542
65693 75354
18210 37710
15329 35107
1481 61538
8532 70136
30233 41294
49028 72075
49675 53689
1421 86801
31406 45560
22617 40787
11202 72709
8812 65054
5085 43151
26914 63811
63378 83650
38860 70896
21091 75615
50953 76458
64305 69935
371 63691
12342 47916
7524 16859
19574 34543
71049 86281
3269 53782
3259 28922
30341 36642
27767 50665
4051 54250
7418 31144
17495 59521
30906 73267
50886 88625
69484 83583
22295 45110
340 4744
40401 57096
48257 88297
4846 48157
59949 91093
30691 78367
38680 70679
12895 51015
39865 48018
62021 66210
42429 65800
71701 87373
45482 55495
11223 78846
11895 62411
28142 61650
43155 57031
39366 47986
69370 69562
21604 61795
10994 64881
10263 72953
38831 39740
50892 60326
50824 91792
17932 50163
37421 80005
16086 56320
9673 43137
15299 57914
5816 23804
50681 78074
39806 84537
36892 40335
30764 86357
61889 64717
26791 66759
18022 64395
62799 71009
24301 38182
12522 37203
26393 88959
3762 66244
38524 42225
57008 71724
13648 52557
57140 91761
2895 26164
36116 73304
19035 71155
41689 55751
52053 85829
14573 70165
26033 77335
61578 88541
12768 17470
20354 37350
17826 74642
2988 52138
20649 43480
2788 6966
46982 53016
11338 40696
21171 58312
32157 82591
40172 42313
33034 39733
41948 54591
23940 57136
15749 81168
31060 74675
38080 83312
21877 49419
32275 54347
62885 91488
29593 50711
46440 79469
57893 89071
22879 48390
5268 7163
22415 84582
11266 47441
35781 78586
39925 47964
49513 70393
25024 33783
55966 69490
17248 45119
77182 83327
7747 42105
5211 12714
24665 27177
17805 70801
58776 64093
10407 43389
7537 52348
46691 80420
40352 81610
30021 37039
24889 92333
19075 90154
16606 92392
50075 73440
38097 44382
11557 55537
9852 71098
10869 91944
18823 66824
15489 71947
23988 48103
33583 83110
12646 12796
16447 89408
58734 66681
29491 37974
47549 68960
45894 51350
8869 36636
5459 89584
20286 54421
11357 53275
46576 65103
76540 78020
46203 56891
58156 62358
53653 67454
33385 40288
11903 85699
26863 53292
33866 85026
24505 55576
23948 92049
69424 77771
14685 52996
9779 38488
14056 49259
18419 80225
24052 51812
33123 34657
1246 8638
28838 32610
6842 44905
91103 92540
9815 22384
1500 29483
69950 71676
3926 77164
38419 63424
49527 59017
65437 78667
27658 73371
29096 58864
53496 60964
28427 66301
16201 44381
54364 76907
2736 9179
41089 77586
30996 31269
49220 59992
28513 57587
49642 85845
70037 81463
23957 29538
8206 63613
37445 78440
21127 55147
2312 49792
10799 36355
29527 52885
74628 80751
20786 84591
28796 53505
35595 64184
61573 72330
28431 75025
61725 87129
21221 57409
10267 46755
1317 59738
49101 79816
7107 13577
4272 26969
47986 74657
24500 68987
15635 21945
66062 78211
6411 86702
16985 45127
50323 89106
14870 72036
20548 25071
372 39247
23422 62333
22538 41872
21508 68421
29688 77066
44916 46212
3589 86677
51761 64252
36149 60573
19714 42246
10808 82500
46262 83975
18107 59562
6879 37690
7966 76319
15079 58163
48092 62083
24041 38513
12244 65948
15097 23204
52754 69878
55999 73485
13193 18006
43242 54691
13730 69518
44912 61966
41010 77298
47154 85540
14047 56483
3978 72122
36644 91653
34858 58168
15205 27113
63976 92334
34738 84048
33288 61400
50665 62115
7206 29698
43410 58017
4820 33148
78695 82682
503 79455
6449 15976
45252 81559
34624 74112
3924 9336
75517 89851
38743 48140
42058 89223
62783 92586
54393 58697
14901 58707
69297 77115
41498 50226
56532 74991
21505 54634
21186 83387
47367 68524
28551 44389
44394 87086
967 70516
2182 65305
53185 81708
2069 6605
55917 70018
44062 70959
6934 78525
8337 46457
1408 67156
49868 72939
13286 72207
76077 77381
81018 90446
7289 45566
57217 64560
58032 82029
38542 44399
49797 80222
36301 39005
5033 72542
25703 74118
46682 79784
5026 51386
63498 78400
26619 58949
38157 72377
39859 43161
25665 78637
22907 63483
22190 49828
72765 89399
3734 66508
20415 85308
51426 92165
5407 25974
52464 90225
1493 16357
57327 69755
62003 90690
17744 51244
4663 26562
34095 34819
32905 83006
7102 9611
36127 65746
7344 40960
58240 82133
18961 37985
37431 43834
23237 46521
38537 91655
40686 75635
48237 65996
68863 70329
66481 82657
12865 17425
46388 56367
56078 69531
40343 80425
27962 87140
13648 54256
26724 85267
22082 25842
24464 65959
48206 70700
11821 23144
55768 61351
9967 58414
7274 10879
2298 81260
44794 90124
2678 75798
31437 70348
67000 85775
59773 63252
14290 77597
44680 45477
70616 91670
19432 48689
11125 76276
75654 79079
30610 48467
38329 90679
43352 87208
62072 62386
46472 64316
51615 78350
14110 48892
43113 89214
2700 19529
26632 61136
4250 25597
15552 70530
61023 91622
65273 86881
17167 65009
5267 80386
8598 77107
30995 53939
14817 67115
13145 86545
13614 55409
4529 57725
21263 66534
25184 73352
6196 29002
6618 51099
39787 60677
86643 88009
61140 67241
21854 69090
51008 51243
53363 88605
39194 43281
62455 66703
35585 56857
34271 42824
11692 66657
34877 77631
5 9982
15626 17464
3108 8998
41988 69681
9878 59118
45605 85681
14940 64938
49407 78323
25339 57643
5154 23329
38886 81548
7672 23548
28519 42984
9775 10716
72331 90118
16689 36798
71316 86202
82035 84482
23165 65025
44469 77190
8754 68216
32871 39057
51203 64393
56331 75429
20014 56073
17486 82833
36765 72568
3117 49864
12834 68593
12044 18841
28339 35138
49698 86574
67019 77236
49156 91718
12590 80472
26378 90292
50333 91629
60922 81246
22289 63363
2691 75117
47304 89618
26356 51726
29458 53172
43208 87272
37853 70158
50996 59854
27510 59080
4522 85281
5555 74864
17098 90166
185 18763
16843 51538
25650 72767
280 2026
7715 79954
71670 90361
35798 84889
73095 77848
32090 89598
34975 71520
4386 87933
13507 29427
33925 44743
19693 80869
29969 82849
38637 55221
46397 78237
26834 77273
3177 74964
13646 85534
443 81896
4911 92249
21227 89090
2235 47806
16820 84065
1155 32311
29865 47940
16600 74621
10524 64794
37691 61704
54123 63197
55418 83389
29003 63967
48888 60402
47611 59869
29469 90415
14485 50441
43793 80932
18984 34799
44760 90691
22759 58809
27323 85600
19009 26252
73126 89748
11070 71512
4135 58092
22774 76886
20591 24122
91635 92095
45268 70603
7997 32270
48157 67534
20972 55095
11915 44931
31797 66944
65178 86655
2944 42837
27835 32398
57335 68195
35566 65150
4158 40607
50580 55902
57536 92595
8879 33591
6053 57576
25429 56270
63089 92342
17484 22716
15060 70154
61475 76287
13931 59523
29490 55480
87682 92453
62463 85812
24450 46694
3275 14171
39113 44525
34870 67662
67338 82162
13876 21267
1409 64196
80472 84907
29263 43941
55405 77176
4359 44171
58329 77550
39672 46784
4633 39651
14630 69561
6530 86454
30694 90289
55752 74591
20677 39362
18485 36540
67699 73211
13268 23990
678 40531
27895 78136
16390 78924
38772 88188
9188 23137
30375 80484
42799 84052
69213 78919
42519 92563
9766 77878
39663 48627
6462 89232
6388 75464
2218 84781
48037 78828
42893 52838
20332 76697
18745 34004
58315 68768
378 54538
44753 49847
3184 59671
21334 28644
23119 81171
35438 54472
63462 92414
71220 78315
64123 76805
18612 50625
11395 85580
10694 21118
33955 35395
2464 7231
57807 76021
45188 53814
3056 71575
7262 14884
35248 37124
13946 37354
23216 85801
19842 38329
60815 73853
6701 44006
34946 50551
8173 36555
28810 40454
42476 46689
9258 56560
20367 55734
57734 80607
57272 80703
46967 64427
66150 84414
49833 63697
36053 88696
73848 90314
9251 62548
27475 69734
51022 68879
6613 53664
18270 25624
25508 52743
27301 81405
6684 57626
23902 30786
820 12000
17696 35308
3523 52088
22486 40193
5861 62985
24240 74177
17798 68693
60777 79532
24953 41659
47467 63526
85480 86362
13152 71623
51273 52438
10812 14904
1292 80804
21136 33887
44243 69981
29045 68997
9080 30435
56639 60536
13462 76954
52567 57611
424 26771
28196 53110
19284 73815
2049 46081
16128 46547
20483 21015
42087 60931
39011 85621
36983 40110
43463 69733
61497 62994
27437 35674
37876 52725
10000 70705
82139 86156
66692 89183
28275 88290
58650 67926
31747 70903
7074 24188
20528 71354
44629 85247
25997 69206
7734 12205
23511 34831
14689 26462
37890 82958
63095 69608
50653 89107
68032 91947
10863 83008
499 62888
6490 70824
69211 75099
34105 84221
23995 60893
61046 65287
1191 74365
34153 86479
3639 83919
25427 86878
27400 73425
51560 62747
36151 81258
4974 51743
57664 61904
40370 50431
16303 72534
25444 60528
95 92510
66356 74389
1070 50201
2132 22366
84979 86036
56618 72682
46316 92154
29395 82324
133 17146
37561 65952
33115 49524
7999 88036
18446 32000
12388 72457
21656 86400
2370 68022
81549 82854
18544 81405
18444 59062
3176 31131
24658 63979
42901 63417
1784 28765
62605 65975
47459 50887
21719 78715
40309 72687
66864 92112
3353 58355
53764 57739
23841 55175
37154 42458
16642 72315
2145 23827
4447 90086
37609 88834
78597 91393
83254 88459
14117 72699
57000 81054
3181 56496
73522 92497
48817 56531
38389 55381
11603 52665
55995 56957
46209 71242
15550 45738
57450 91182
36714 76472
45836 69133
45593 74286
22066 91143
26698 50266
10693 30872
62818 84249
28772 49622
4704 79676
7842 53465
33447 52467
15165 44125
17933 22642
53038 78043
23101 56574
19584 38896
10800 74286
2880 36455
32976 56469
10347 28205
37204 53830
50874 55752
50109 71817
12539 13546
82183 92578
29753 59735
39555 48102
43940 69584
73415 76604
1919 65096
13091 62904
24397 86825
23824 90018
23620 24607
843 54381
33843 54897
65760 92524
45406 61053
41850 76557
61388 81323
7859 31350
50597 60038
17945 92613
18150 23574
34030 71838
15151 30581
9888 50247
20456 31406
57123 63096
29032 90107
11184 33425
36817 67154
47139 51266
36134 82392
62419 68509
10324 78981
545 7838
19908 83368
48214 91226
28863 40836
39316 69443
17928 43660
38658 89701
27217 46085
14795 39060
4340 19830
11140 80392
37271 66543
220 3616
31113 39323
2107 19252
59164 88379
17235 27882
31143 84261
29548 66926
34049 35634
37490 55267
48898 69556
29995 46182
25468 73103
16122 39509
42002 79125
18109 35420
14420 89489
5057 54280
52402 59949
4568 35285
25420 31661
16139 65634
25331 76868
70842 81750
3083 77109
23440 41894
33853 90133
23817 59442
5901 21466
20432 32391
48028 51499
2805 21857
19512 83104
9945 38364
68437 89058
37572 49429
13495 26042
54280 66438
27255 66395
74128 74510
69610 76966
63157 70547
7266 35930
48107 88564
49825 76888
7256 26467
17202 38829
26413 69073
61062 66556
28244 70723
23189 50320
40041 55825
22043 25368
59384 82678
67179 78926
22715 54021
46171 51646
38069 38390
16627 57028
55939 63947
31568 58137
36880 44932
25750 91111
37011 71290
78870 81954
29317 41445
6622 14910
6476 33849
67519 82951
1337 89364
32464 66830
26623 60372
20878 86147
38512 63036
4567 6264
41112 77754
53161 65095
53072 64366
67589 71413
4214 39855
12010 53228
6010 64341
16567 63541
7764 12553
5629 44426
3060 78310
26652 92198
21185 58766
38613 62055
36023 55567
38904 42693
1011 56753
42195 73858
72551 90116
7798 81565
23405 68345
16892 43688
35358 91315
7278 68610
1018 68396
9803 51339
69203 81323
22107 57315
8594 71438
4041 92372
10012 47864
1702 15594
56318 59929
42723 53240
12918 61383
7757 45985
31148 48540
65608 67510
3682 29415
69737 71309
20891 49887
12943 78711
48343 89803
17239 55677
9330 50477
4515 18421
33324 64371
71511 92272
27193 57659
18597 38423
3195 66582
16625 68170
16031 59763
38371 39675
51942 55542
10475 25179
20372 33283
40805 50170
64066 82845
64731 68653
80305 88840
26844 74932
41377 52193
19135 62433
24081 55568
54500 82787
52555 53959
42974 59807
22834 47057
20058 81025
33409 86115
47278 68719
30106 76407
14897 49898
17888 56929
31324 48702
29241 40046
9128 50792
24303 64390
60155 63260
8703 49711
21056 91686
10540 34384
20017 72898
17991 84871
33771 89564
42744 46176
22816 67716
80690 89642
26376 72139
53432 84911
22569 28522
67755 74246
12218 22862
24711 67352
6614 35575
66492 86137
12423 46949
1657 62258
7645 66494
14243 78895
23034 65621
16244 68545
49132 82170
34295 69458
16589 47639
17012 18115
5760 75413
37000 37700
37212 92530
52043 59151
19745 76622
20202 55502
6124 24608
1957 13856
21418 62286
5627 56272
39409 60287
7274 25025
46409 51389
12802 44976
7557 29490
13675 43938
39837 71601
30016 52182
49050 53452
49200 72526
27289 60927
18801 78860
49185 49518
20121 48629
57562 77706
53872 67831
44774 53179
51947 63648
49952 68767
44958 46257
13566 29164
57744 78306
42436 61577
48698 89109
49832 76514
10831 52217
63292 79692
20257 88557
8415 52542
72054 81885
12982 58148
28082 66934
72112 79017
69530 84949
3543 15114
11218 80107
9470 11368
2150 32406
10349 88460
15784 42996
27810 50052
10788 56306
66176 70910
15106 17176
25119 76745
46362 53823
37360 62964
52391 62376
47089 69407
52937 58497
5473 28379
36639 70875
19820 71089
18072 39025
10656 77629
29244 82292
44911 61271
30467 52319
24698 90987
36440 79705
8837 16165
55640 64785
11033 74278
43131 58119
16481 72371
10632 73309
56963 61840
39587 54669
20945 31756
42766 79114
11325 37142
59602 61194
58854 76871
11202 12727
40993 50105
40679 78763
21068 33448
14600 25142
52632 82374
17137 39989
54465 65414
15886 17854
299 66519
67551 69435
20971 63412
15342 75026
32788 92287
21681 56118
10793 59132
16838 20472
51124 90202
26906 79927
68731 81236
4602 35386
19914 28673
67582 81922
71786 79453
58759 92274
24525 83124
53881 65721
8199 21320
56932 64917
66592 69594
31509 49840
2016 73138
27892 87376
7586 34755
17761 77782
8797 31946
69434 82214
85867 90578
59987 72461
62159 62464
27941 85080
38944 76765
6531 92461
31503 46979
10698 26757
52255 53204
50290 85809
12656 14387
23667 39077
15122 45537
11764 28747
53952 83652
52178 68096
1443 72547
19252 30079
19139 81077
5512 69949
557 66660
63171 72298
20120 62314
30094 37133
29609 54776
43562 77686
5856 33656
62096 68945
30903 55627
23156 39455
22294 79213
31640 76599
47781 84495
15008 17981
19179 66032
24249 46937
63355 72440
34777 49771
30862 68310
76430 81726
7770 27977
21467 57725
9797 75239
32130 34563
50235 64191
2703 79751
59834 63967
12368 89183
14299 41445
7202 89748
4781 60429
42798 87025
11180 69215
24528 50458
35215 83220
58661 64963
37560 74069
24571 42012
50099 58396
44348 76972
1391 81021
23939 70747
20802 34109
56416 78871
1086 51180
54832 59586
80964 90993
13501 42674
72511 82419
16601 64881
77353 84842
36350 82285
14229 66159
4890 19508
66923 80513
70304 88722
81170 88033
14001 39555
45535 61721
2481 62403
14719 58572
62372 70279
64950 89662
20459 37957
21775 77895
38873 48277
6687 15774
47559 59153
64314 65092
40763 89486
7240 23561
69403 89319
29095 56659
15641 74331
7542 84130
3036 33876
28877 47031
54009 84718
13036 84503
38468 81600
21658 48304
36363 76529
24161 69928
327 3900
53838 73256
35835 54914
22194 54653
4911 39498
55414 73625
30867 57041
8229 27670
18976 45236
22388 37461
5289 70870
63723 66404
7502 13265
86320 87745
35256 35970
28 88987
65204 91778
37449 75378
68085 79255
4406 10386
27493 44356
16847 19500
18203 83271
46896 88689
49690 85376
2243 81765
12088 79517
3872 26075
15380 74684
1210 64002
63347 75219
55229 71016
19906 83346
35967 51618
21843 41081
25553 25692
42330 42838
3275 12843
1552 27130
70415 79653
1405 72790
23482 90289
58923 78665
68218 82483
2010 55004
61731 70223
31244 56653
35779 42990
27404 90398
5051 41146
56496 69421
8363 64926
47848 64157
33859 89112
29598 37614
58734 71994
68844 78768
19803 37956
47635 91324
2421 51876
9363 74660
73310 82548
13704 49040
79917 92560
17038 30842
23540 65010
178 12136
1759 18004
28737 52254
65634 67571
30464 46206
31248 89185
30069 69113
15201 50954
31290 50021
9965 32449
24747 67692
22437 92060
74006 86952
9819 82477
48701 64905
6717 71786
51191 88600
1815 88587
14970 80036
53990 86706
27828 81035
8081 48057
5373 54483
8951 22241
4974 82985
5231 8204
29016 56235
77653 91318
40272 56117
56510 64480
65066 86374
16849 48251
14177 68674
3832 79550
43592 64626
12946 23628
66661 74449
56215 74496
32908 84658
4772 45672
585 44518
8787 68986
31642 71678
18832 76526
21321 55489
29846 40525
28784 39481
16567 28613
39247 66406
8790 36160
264 3323
7412 47084
21637 26253
21520 23370
8629 74289
9892 88139
45538 76162
11062 25458
19633 71699
11056 16519
65161 69374
46853 65498
11993 18470
12349 21635
25179 31831
78478 82035
50716 56816
11294 69854
9233 48943
10028 69304
44114 83983
12402 46596
18463 81450
4488 79220
6624 11974
29002 54642
56076 77066
32959 69854
2791 16868
9265 60869
16428 64644
72010 78185
34978 64711
37380 68918
6813 54568
78394 81355
28437 74196
61781 83444
17326 48908
17261 46069
20515 92017
29042 39489
18671 21617
74510 91606
3278 90627
11380 56358
12284 73085
28681 84272
50574 65497
26778 53703
34612 75624
43600 59253
65613 88229
60046 79836
85128 92236
3490 6317
31834 77737
46505 69364
27137 71421
14631 16255
61579 79379
61497 76116
65248 66741
13225 45289
81927 92430
74837 88317
12390 33444
25469 56860
24877 44478
16916 74714
15770 23640
4185 16541
20922 33999
24331 47479
83593 90152
31350 41709
14786 81781
57416 73998
13686 83973
61030 80779
24120 71546
10859 65484
45508 46696
2929 13582
909 35299
10596 91184
60352 66324
4744 13567
35766 66236
61934 64780
81818 88600
78 60826
5162 9073
47801 79274
27018 88456
7508 44792
28017 45912
4145 44507
25204 59796
9755 19218
1689 79648
63758 86044
13709 55444
13640 43277
4383 88604
8571 65221
67167 78891
453 38021
20174 29732
66217 85531
19750 61957
2825 72435
44149 61476
44451 60464
25297 32695
1617 21044
14052 38626
39982 40875
10911 39580
5387 57351
29333 40844
6851 49728
30891 35676
34876 52434
26644 81249
973 26347
5895 73989
53366 78091
50177 62316
50077 80289
12113 36183
32517 75221
53936 57429
10750 31349
1796 91806
25954 55358
47004 60512
57469 77736
4833 42590
40546 64393
20019 22697
4122 53383
57964 73028
36252 49318
32172 39806
11876 91872
11789 25291
54955 84438
79569 82138
10470 88048
2067 82511
19353 65234
8489 29310
88179 89977
77108 86963
24656 38822
25207 82496
32504 70964
1319 25621
22523 75497
9842 36544
8034 61072
7760 28378
8905 65719
28066 53307
3178 71675
12132 51212
62105 83751
8799 19850
30416 76775
2426 62714
3441 21381
14530 75784
48588 80004
21725 47844
29472 33026
18133 57480
56599 87500
12945 67489
73013 81252
36708 68862
23018 65382
14297 25940
27790 65491
50032 61596
47939 57783
10622 38802
4354 70141
2043 57064
42976 83341
49936 59576
27717 40842
39992 58121
39813 88850
65734 80632
33560 42277
29490 32724
10416 71361
46971 85940
11560 84403
9313 31340
1478 73663
27691 59575
20492 73983
18155 84076
30382 84382
32485 59172
45876 89974
9062 49358
32141 76140
31782 77416
18203 20274
22391 74659
3973 5673
10159 31449
30485 36966
27985 39799
74266 80288
11352 40114
81114 90604
45924 51793
39374 58883
31931 76279
13205 56603
63117 91582
67678 85970
51157 75643
11043 58266
50633 62863
14792 53652
27378 59968
22403 70207
7078 37373
6112 74673
50004 75492
6695 79184
73675 75886
1258 60620
31765 63935
15227 74538
48227 58570
15004 76416
18499 90652
51219 84931
80793 83895
44852 45042
14579 71935
56826 69201
21677 67350
16106 42121
65033 78208
29776 86013
68083 88229
12773 51069
36958 40559
40597 52406
2931 77241
7293 70014
45514 57408
52055 57300
10727 69819
10896 36432
72925 73044
32025 43416
37279 89129
58016 86909
58795 73911
17163 55635
44426 53952
3865 86619
53394 90405
5380 26559
48389 83441
41931 42858
581 29775
36608 68004
59020 67383
16810 38517
28828 84572
50277 62649
1383 51042
25565 92094
28375 48676
59174 83840
17945 78710
539 69783
13804 89881
66672 89144
8218 42789
37558 76969
24130 73312
65617 77584
1178 71496
19126 72716
76749 85637
64227 84137
85599 90492
58108 70095
27461 68617
55263 62438
2523 80937
40572 52876
35645 55726
46892 72423
19770 91221
17583 22352
67451 68238
76772 91585
38424 63193
15465 27250
35774 43335
3530 83112
60076 63923
21095 56634
26158 79236
65729 66745
15011 63386
413 90472
36282 90797
36149 45569
25043 36762
52588 55103
34508 36866
5158 72865
6104 63162
67158 69184
37893 45139
41129 78127
10853 56206
15873 56877
13997 80677
8461 32913
5256 47229
18361 89742
55595 63586
30112 36033
30133 48925
35157 53838
17742 18095
9150 28255
3733 67052
26856 50745
12953 34882
14394 83015
50152 51716
52488 63005
14282 36146
70991 79882
69259 74166
18156 19241
794 55189
45379 68435
29491 37483
32780 57131
23669 70456
4211 31137
67393 70211
28001 35595
3407 60246
52056 61545
39 62734
44909 80234
48521 65754
40523 45653
34290 72567
4213 48284
5178 68834
57817 87492
37761 90541
36268 41170
17579 72675
65684 68744
46969 78731
57060 62286
10056 21481
55449 69901
2726 49415
25674 75802
11679 55965
26312 90418
26393 42369
31230 88398
37494 76281
59722 83764
27854 78103
11552 56984
9178 76747
87966 89877
15089 80930
17582 59403
19051 63093
42735 64688
38169 44425
24476 30128
15245 70185
77635 78040
64591 75881
25225 89270
60185 89515
75480 79905
40383 72573
13518 44747
80591 87028
27379 28444
27716 36179
36011 51662
45918 71438
59800 61511
52625 82419
50964 54526
12190 75411
4772 13833
25799 44034
71787 86782
28689 49481
64588 69121
21219 23360
4144 35408
20661 52812
3269 76024
13668 43791
36692 82618
78645 80307
6737 32788
83983 89421
17434 48885
2619 26086
12565 37065
24032 57514
53149 72698
19510 59421
2382 53820
26508 82167
13044 63760
38122 88886
29099 70182
73387 79155
35204 90619
5438 58696
44928 62299
51250 67188
4939 74418
12171 75349
8838 27371
652 73419
14130 48025
63351 88089
30501 43930
67353 78860
16586 23596
2109 42238
46926 78127
44169 61095
20721 68292
25904 47617
2239 73032
45563 65471
20878 84776
31203 88970
7724 25028
31695 72438
27632 90454
1973 36145
86073 87813
13924 17856
70443 89507
37693 69145
34267 65700
55915 89660
21959 89811
15137 19333
13664 34700
41052 69819
71728 72921
3600 40016
27389 35689
39447 81240
26312 55935
1187 64268
19117 61153
43475 82851
1021 72868
9139 13115
20345 60023
22932 33523
38413 78989
80782 86629
38148 51047
21734 40210
4789 19675
30525 49076
45148 67873
7772 57093
78984 91830
8879 45336
13279 49661
72187 90254
17207 53648
52614 68492
46433 82756
3307 79567
63087 86924
11109 63506
26207 74841
12069 41585
10027 54213
4373 92490
26158 26808
9041 49429
41522 42869
49717 52381
14316 64265
52351 70757
35751 60130
13952 78668
18136 45671
46021 88820
58453 74419
35033 73771
88971 90268
1487 90255
50761 68164
26438 62205
19393 65109
34028 48626
68233 86949
17761 76716
11044 30812
24659 48011
14747 90939
52395 68485
39809 58062
37320 45758
15426 18108
13978 88882
137 89770
55946 58027
82190 85365
87 74730
24599 85978
2086 17738
50665 69590
7153 19957
11166 85333
2364 85885
299 63862
16397 26574
28168 28782
58622 88671
77119 78894
27028 41452
65690 73066
44991 79923
42609 72217
70306 78426
31988 75405
1886 88668
31437 54068
78653 83880
31929 64250
51876 60392
18818 31776
13252 36725
68983 70298
7084 89423
37611 53579
33040 44659
44205 49438
62079 92280
73083 75608
42585 52554
68290 70041
13122 36484
33373 62828
8049 47295
43969 70211
53531 80433
40785 86718
25165 53204
27638 52869
50600 55493
25762 83717
7859 31218
57299 66532
17254 47876
46371 47892
29360 45707
27954 83638
2635 19626
6819 77371
20311 85336
23489 65593
8491 53413
17038 66586
17725 40437
25501 34195
25101 49976
13626 59875
17825 49526
18022 44885
23809 62719
33257 64387
87970 88743
11744 42609
27227 53415
86238 89883
14099 28440
35200 88817
1494 33459
7924 81810
1605 3219
46862 84694
11601 82626
13807 57211
67590 68396
15013 73401
71536 80372
85237 86260
16782 70086
32176 58122
39954 76921
13753 36254
2058 45715
71708 81902
14447 84208
78924 83446
2272 39895
63028 74497
48988 57686
5545 34155
24794 36668
38141 60914
29547 90152
1948 13721
2270 72577
3151 18705
8299 37464
48785 61693
14543 37751
6762 77346
15919 27493
8878 46271
3669 57251
42118 63018
29906 78368
2914 13235
47569 72228
62648 79206
40975 79824
34709 92316
53985 72924
18649 50408
81279 89109
42070 62675
38931 42394
42011 92590
3373 37927
43949 91498
74738 80401
21723 22409
17312 34949
28396 47767
44493 66646
37945 60078
38218 89869
67817 70212
12377 82615
8687 77079
23332 80533
1324 47860
51883 80549
46181 83415
23079 60903
55088 78729
14438 45932
26861 27389
43749 74402
27855 31527
47411 82639
34865 51811
14446 37621
75874 91165
27242 80144
19058 29358
6690 14002
5095 37396
54329 77159
19125 86757
4972 6720
6342 83499
54596 82959
2872 86008
19430 19866
78845 84465
67585 84411
28920 54265
36897 91108
19107 79021
51676 67397
3814 82775
9884 39968
5218 26395
46646 59959
48146 85741
13714 36070
13638 87535
51043 65630
15950 39941
32985 37087
10703 50192
3749 61203
31276 62262
4197 86455
17370 24015
38711 67415
19984 60791
20228 52596
28161 62850
58611 80857
21824 35954
76466 88713
14164 34594
36426 37773
8266 30754
12338 17731
36451 75336
39498 42809
586 20962
50413 79938
21927 28969
36890 79169
17382 74977
2850 38021
62330 64182
49447 59020
12631 45404
22578 57252
22791 40925
56836 60731
28582 92392
18643 22296
45780 62252
1886 45769
27467 39890
5509 41346
29151 76276
28158 46108
17282 25312
28635 50415
37485 51190
12803 37585
23883 59582
936 45564
31851 76210
38980 72701
59450 85096
28710 72358
26278 85048
18105 38441
30656 33653
1698 62315
9087 58810
44720 63822
44546 49095
24465 70443
71718 74290
49147 80399
33718 65347
24270 82342
44538 68804
11734 83480
10143 87251
9814 70044
35794 46228
22522 62607
42931 73318
69291 88597
81292 86737
34751 82817
49855 77167
56896 59026
17750 51151
10581 90903
47310 60870
4443 71644
6378 55934
10702 25355
43602 48064
51413 69920
21382 34211
47196 85295
39294 47051
76322 92083
67264 68527
1640 61182
18987 45696
173 59928
22746 82483
35689 85880
13340 43983
10881 27711
14455 20860
11383 20059
36463 72190
65551 89206
40143 75724
12533 29062
2042 46398
1940 63810
6245 82019
10149 87714
23537 26597
26095 77882
30604 60357
41336 73948
71778 85107
25331 88418
31681 51967
7847 41828
6679 44219
36879 47684
59494 63669
43925 49403
8726 89609
26318 57626
20386 63178
44946 63000
49312 62583
19090 25109
44736 78097
20715 33265
78676 83081
30521 65758
22657 70874
4135 6274
12615 30522
43323 89003
35476 74935
9037 63393
19663 85175
71592 74209
17751 59943
5554 32054
7812 49168
14992 25607
16083 80205
54417 66378
182 78543
57509 92333
10503 24123
8843 31604
67847 87527
36315 39405
44872 72527
51857 52405
12320 36707
24474 91365
79392 81004
11510 53035
16290 37326
32130 53916
47664 76105
25255 91341
5832 38697
16142 69635
24141 82599
7496 88112
11609 16326
209 70789
21903 32376
30742 76739
3327 55180
12310 28205
54743 87993
8985 37040
81071 86039
4527 81300
6434 36432
77428 85371
9728 40535
36192 47373
12340 26450
11364 79883
10460 18918
11622 34898
19278 66319
38296 51984
296 86087
20374 40530
41397 84803
27422 62598
37913 76035
39110 64698
20539 33512
6313 10882
46034 87071
24136 57297
4030 25152
11537 57058
39107 52057
33694 43038
12505 57374
3567 20014
47647 76175
50839 63605
27019 75170
1110 21288
27478 60364
5640 42408
2961 5837
50247 67566
41894 60493
2022 76413
29005 65203
1776 74839
23355 67796
69154 82504
3530 35056
10734 39749
46724 78730
27780 42218
8328 63950
35865 40717
57009 90250
46338 87994
32489 84367
60935 87281
6699 38834
57922 65762
30299 61574
30917 76929
58847 83993
71530 77899
39628 50116
20992 34640
10244 62210
43738 88847
30177 56948
56404 62038
7813 80629
9787 38382
50600 81133
3875 89506
1423 10472
21898 80632
2551 44047
29531 47265
29743 31808
65890 86436
19656 32616
80330 86913
16730 55748
83103 91472
17457 74778
1265 19869
45831 75098
27307 64442
20808 90037
30504 59119
39058 50267
83071 87967
10861 18767
44056 53693
26765 29333
35365 40535
59204 67619
32329 78984
15838 90330
56859 85299
51814 55159
32641 37591
76274 79704
12662 53340
60890 90256
21784 72199
10540 20064
7121 35187
14683 82632
69994 86755
30858 53624
50836 67547
48353 51258
11941 35047
41136 74701
45048 77138
1269 60269
56942 81553
59069 81335
7270 75825
38305 70358
26385 48443
31004 45396
38494 71624
32769 88217
5656 92389
38453 48216
30302 81981
83325 91900
44296 88638
27064 28711
12675 43721
70798 89807
20173 21971
55087 84689
49282 67450
19423 33252
7461 92468
1209 80391
47540 76658
25443 89540
18569 61625
22631 48421
31324 36337
15439 66725
13221 63907
72308 88799
15731 50312
62795 76557
3877 33327
23516 42105
18793 66201
26081 73835
54691 61690
1921 63736
23313 92449
25274 63208
18133 73782
73078 74452
57024 78896
20940 80904
68118 81980
15618 90802
19457 75853
7321 72360
54004 55348
2656 91923
1807 49708
65819 73631
34869 47153
70531 89398
7390 51407
22917 74329
43435 84857
13848 17909
40591 65731
45358 59926
14595 34154
36657 67353
19858 56770
20677 48432
2913 81563
37608 46588
17637 53642
194 56176
39960 55008
45946 85458
5720 48589
17572 39223
41410 60535
36299 85186
46982 56550
67164 85041
18146 86568
61539 80752
10616 61154
19029 62048
24412 69989
52708 92342
23574 25111
1869 7222
56462 80061
12370 12401
18875 39243
26486 54067
40969 72194
31363 76072
2320 34032
21977 48601
19669 47150
26781 73710
13098 29650
28272 65999
26779 54902
2097 47662
41520 57855
33123 47908
28541 67843
14650 22226
27312 76272
80409 90158
22829 58397
40231 60943
35757 74193
17831 70273
17973 54346
4897 17363
46108 90580
671 35797
45828 76265
40595 77352
15088 24995
13452 70997
8047 34614
19822 65901
37809 48111
19242 89559
35588 83227
7512 88892
3769 62315
11185 43079
69030 78860
11088 40937
25723 29720
22904 92613
14805 79920
60029 74501
43716 87608
30069 82484
72445 86565
6102 80007
29987 67227
36899 83663
58882 82564
36657 44235
17125 24670
53407 65662
64777 69844
21561 62711
68378 72978
33910 34721
27455 78440
34797 75120
13443 35617
65447 87971
36231 74746
55023 78985
11455 26786
32520 92365
20414 22300
63332 82544
82065 84783
2473 31788
37471 74816
23834 64851
3413 78043
18283 64815
31609 60536
27119 79858
19007 45616
53754 79061
28146 47859
30895 72551
30113 60907
17331 75098
1564 63247
6440 41945
66842 92503
16090 46933
47572 81013
3847 16835
6974 88936
16089 20662
26406 73703
24152 59415
63036 89823
33495 40969
3201 10688
8917 33294
58681 90443
38711 88678
38337 42256
22860 78487
17670 26791
51321 58241
29181 81499
53138 68278
13630 27885
40830 48173
9078 91396
1343 91648
46447 64069
29545 31117
29538 44605
85336 86333
4761 24273
7152 77419
27639 81159
55245 84059
9331 80795
7962 47281
4066 24755
6116 56129
3351 56792
10850 53077
59706 81273
52844 81983
9608 50021
45686 71416
6786 38335
43161 46839
19925 29426
1796 80853
44525 63304
37932 69435
66130 70596
23724 86646
43058 61230
23030 49666
2920 65499
10654 32239
9886 56725
39258 42276
47201 74601
48775 91742
34920 64107
55444 69744
24623 78179
9960 31797
32122 63606
42502 47290
23095 75590
110 31182
26115 88537
52346 62763
12626 27063
44903 56381
7420 90089
40549 61401
34682 39646
11791 74147
62932 65257
17160 42420
39778 65153
49215 90373
29145 45409
54384 78378
42457 88162
35858 46140
41803 84351
3879 29941
34947 65623
14515 35690
19762 44851
20488 88940
31828 55822
24556 43847
826 86138
36321 60774
29562 37893
12381 26192
44592 85835
6205 66418
57158 78970
8389 19920
67429 86391
39631 60264
40848 42376
67730 70512
22375 44209
65598 70411
73767 91219
47920 92485
1220 78031
3684 57090
5184 38260
1705 30089
35856 61902
5262 55124
7348 17870
12814 45755
25415 41271
37659 44833
11560 60808
75053 75483
33963 48497
2388 29902
69595 85640
72697 86174
14351 34578
21665 77055
13311 60538
22670 60180
67947 81291
19970 89062
77708 84721
69548 71156
36025 38795
18376 34983
26756 84939
69103 86784
38740 79063
32859 83932
16309 58524
35006 59146
1456 58250
31370 47813
34250 53918
7575 78172
19773 34154
48617 61149
14675 85476
20128 78201
1467 3113
35566 66778
29534 78545
42394 57328
38707 48142
16534 82922
18723 52257
5609 65427
27701 46102
6245 91409
19876 62277
9092 58151
31913 55582
54417 82002
18255 77368
37894 69233
1822 58213
2144 51741
18565 46911
14478 37967
22598 62043
38472 43157
23962 78850
19398 90905
22197 23923
5756 14325
47660 54515
43344 57169
44212 56038
54941 66796
28995 69185
12925 73714
66875 89963
7118 47989
10880 49089
31350 49154
17346 60644
57434 83430
37759 88813
51821 78437
19936 24938
37201 69373
22796 91293
59562 90474
3334 36669
24715 73358
59732 85056
8283 33840
8674 23929
58685 86527
50505 64352
23190 90462
46146 54776
11015 18041
43926 57789
58387 61474
10409 43294
18452 53550
15640 78485
4795 81308
52112 81405
8670 74350
15812 27196
10605 17284
10519 55795
74833 78627
17108 43947
11907 62864
32831 66300
70298 71138
4067 4141
45438 86919
9357 28970
22556 34274
51381 78151
6755 24170
50817 52250
28458 39682
33330 90597
24371 50227
63142 79816
67990 89361
26269 46379
8119 53898
26184 81044
385 71226
11457 34591
14111 44831
78113 89667
39159 48215
21571 23226
5847 36396
75786 77364
55119 91125
67009 78223
22497 55952
30844 73536
32304 72443
14024 23519
57620 67253
39418 47168
42325 68914
63762 75557
36008 50318
50982 92058
8722 69739
6844 59205
23052 72419
59699 89334
2580 26822
1795 55144
18540 40260
1690 18681
4432 56431
2640 85289
30648 83987
41216 46190
69819 84752
21291 63506
32915 57218
1873 36866
47792 58634
4158 17185
27416 27882
51884 72307
72227 82583
11197 32739
38820 76915
63256 70232
13758 24653
62078 70281
1894 66433
14582 32490
11098 40530
26073 65993
7074 62093
79297 85560
43815 91638
4337 63879
17562 32823
2305 76644
42764 91684
25869 46170
80077 88933
58231 80101
62775 75570
13646 67834
52435 92592
9542 19500
54867 70325
43382 45475
15650 70260
25517 29628
41423 66636
2231 26052
22430 60166
60088 63436
18715 78059
34593 65806
62640 83635
24076 25652
68405 79080
13970 21761
9107 33318
3069 8793
18910 40670
23832 39209
21311 22328
61339 64122
6840 23867
18667 77698
16617 52745
4809 41123
27004 51365
10312 39352
35064 43208
6707 40970
3076 20155
65507 87056
36806 40588
16242 53717
50396 70567
7358 45564
1147 79025
26382 48909
9046 71939
34944 60480
62535 77822
61290 68029
42332 90926
11841 89151
27911 35340
38459 64621
60223 75234
5249 11842
13525 36822
5702 66601
48683 71642
20498 49086
30628 34726
15336 76235
2654 7854
21350 32966
55817 58554
29596 33155
67088 88428
2719 70455
7324 21314
87185 88379
26591 43142
68732 69762
14028 34758
14899 47003
20319 57289
20659 28448
65618 78989
5234 85887
32048 62025
79226 86547
16996 17963
8269 14382
39557 83818
30607 83842
27805 82754
3827 33735
28583 30761
29964 83928
14770 44725
47158 89495
14897 28668
7324 57015
13756 42552
16836 79468
4581 28935
20576 69983
22107 36213
24681 55788
49689 62891
51663 73994
27215 38829
33240 46451
15482 81413
2333 24702
5024 82007
27841 80297
39514 47678
15452 88646
59673 74978
64879 73753
2550 19099
1985 32030
75361 91686
41953 56620
48667 49178
5530 51208
18722 25513
7116 59300
40998 59382
28148 90528
68875 86210
32637 74423
20825 79574
37881 67326
3859 24806
44249 65879
14571 67811
59935 83337
30290 77402
6967 55105
14737 45937
62115 65428
38744 60730
21627 26907
19918 53521
18054 20243
40542 82756
11956 52106
47944 54453
53782 85410
32339 82170
32299 36138
8286 63361
43354 62270
40901 51458
58065 71220
15099 38452
2247 40041
10126 10398
58681 83809
14215 70897
76420 80747
14847 53965
21449 24315
10302 15167
16630 30057
74123 82980
4908 34687
451 65277
12815 62810
33980 88795
44575 63353
70719 77399
40675 61161
11685 43620
9501 51775
34340 91271
12998 35217
24492 84512
14251 48510
85355 92247
1642 3775
226 9763
18750 76123
2396 59801
9863 22984
36987 70421
62771 86708
32688 65284
20346 87523
46135 75285
57798 66622
36365 62668
30005 32270
49300 58618
6902 49187
48654 87141
40672 76401
886 71086
10496 19640
6258 57873
40235 53740
31262 86954
14114 61611
4239 21246
22261 89298
63217 74601
22392 51479
4901 48391
37613 63279
66434 89480
57256 89422
12319 24895
8160 68762
5998 88455
65168 82124
62578 72715
64611 85244
30296 75697
54728 85556
1704 13609
22869 45312
74422 85170
16079 86350
37003 61348
41884 71091
30612 86318
29693 92601
33733 84271
29952 51410
24385 64122
23050 66037
63771 90516
16870 88829
66939 83291
42899 58707
41785 47110
54601 83020
17047 57018
72324 84919
27472 65588
72245 86908
19368 33920
8317 83596
19863 84612
42349 55140
38356 91312
75173 90790
7682 81254
66789 85003
19705 48869
27577 51069
53823 58814
27758 76587
4922 36559
2949 18830
18085 67427
8586 17440
69480 80820
69285 70139
47537 81328
29095 38500
9682 90407
10964 63616
40915 74861
36818 83544
60897 73962
2242 50742
1257 83953
15199 64325
19368 63958
34254 35263
18226 47158
41931 92308
2713 17462
47461 59917
36407 41637
2028 72115
29977 56284
37184 90373
41924 53039
23755 92480
4524 40510
54229 71752
4153 8377
14307 77733
11041 33403
34622 68909
8408 40982
179 74679
46576 61839
23418 43430
55903 76139
34302 63261
13272 78752
39990 78618
23018 47742
36790 54206
12038 67036
43078 71600
10433 65880
14728 67400
39868 59465
29182 39737
49560 73200
31246 58262
1651 72721
33863 83519
25977 29873
19495 73904
13555 24751
3208 38886
34205 89558
6896 51031
10066 51319
2136 84129
61232 88359
47132 83511
45000 78802
49543 52664
30211 75556
40731 75030
42768 79984
41856 72168
11133 59208
82425 90495
7082 63427
72761 76549
6914 72020
77351 77433
37696 46685
58933 79478
5569 79832
37509 47727
64949 69754
61709 65287
48425 49660
46687 81879
55130 68141
22621 82036
51095 82468
65779 84417
37946 70280
11751 17901
23099 37299
15879 28191
73390 82496
8418 61322
1403 56523
63420 86205
43745 78851
37897 43861
49691 73263
35286 86960
46778 89836
65363 69721
17829 89359
27169 70869
25029 52758
30052 74459
40461 58119
23207 46473
56017 65298
29278 44352
26918 59763
62388 66749
41422 71741
17732 45668
58280 84256
21450 32701
23053 74091
12800 63910
16621 42087
5705 70249
67539 85272
6047 33579
14498 83220
22853 24059
37813 85038
57120 86149
10387 48596
8942 33979
64650 71291
6818 64411
20600 34458
5581 76438
39781 52428
69957 77986
11531 88426
7544 71845
32251 89992
4715 7190
47687 83397
71369 82587
73905 89347
63384 84048
47043 69728
13202 52870
23706 48580
29410 31547
1763 5596
7174 77854
5984 7010
45896 91062
82703 90899
23332 62576
29872 76067
28673 78161
43695 78566
53183 56324
14775 69842
2705 55215
17008 23364
68699 78469
25010 31449
11435 64787
11894 19916
24096 34370
375 88698
21426 56962
49759 55240
43383 88578
60092 86011
35539 47615
28406 50188
10870 56399
51191 63314
3544 61703
56318 82776
16407 38602
83783 91273
28835 44851
46588 66333
26635 51749
76840 79744
37213 46544
67469 80238
19742 80598
15321 74867
1639 61722
14155 88904
57618 66857
7702 12300
1045 18509
52722 82306
37663 64130
32567 48293
47858 61007
24812 55491
16239 49377
45410 91647
41649 75131
2349 35666
79507 89478
31449 81427
19612 63222
45562 77693
18683 33179
38123 70725
6536 48077
11041 73771
18504 26820
35892 67608
11679 13399
60227 67861
14138 78558
21744 26274
28974 85187
41463 61235
10221 68740
27781 74773
51549 85884
23683 77584
1937 43633
70426 89462
622 85837
83405 87387
11709 91347
8016 67363
9510 55111
2759 82872
59348 63839
5582 24540
3569 44967
44121 49821
32736 45253
53261 63128
22294 61645
21502 60330
35426 77913
24432 87705
19244 74988
26052 31711
36754 45313
31625 90097
13323 90878
8900 36781
12578 44507
40598 87400
40767 83963
58997 88653
16835 71447
44304 53614
62114 71061
36902 59319
1100 78705
8983 63056
18073 64350
21888 58601
2135 45739
28109 74739
19292 54996
5650 90386
4018 43772
16387 23094
13264 59495
2767 88924
15830 18518
36706 40554
19737 26815
11850 44225
38675 55649
27360 55217
77552 84906
27819 51492
48894 71280
46668 84472
6687 84690
76566 88510
32863 82637
14058 74512
20134 39260
11704 58487
25741 64376
26564 68988
29148 56823
67328 71912
3604 52068
59125 83147
43050 91809
58590 66427
35035 90143
9814 39083
7812 51541
29300 50760
39692 79531
42350 52234
20461 84570
78602 79141
8150 83165
31824 87034
24133 59698
1888 8041
16482 23729
16413 88130
27821 55959
1736 70651
11746 52837
4532 21447
54622 72748
29554 90964
19345 21639
10476 61198
2920 19700
30993 39139
34722 39504
34584 76525
13955 16459
60415 75224
54260 65761
24445 74010
42477 75030
31984 71181
68054 68286
74451 89778
34913 41879
68579 81312
21694 47377
48293 87035
57930 73171
23848 78139
54597 81744
44032 52678
69167 77654
66816 88843
3811 80982
31610 74783
28167 85385
69584 91888
23541 68818
10855 29001
6222 16474
48240 74584
11215 39962
36396 65016
17606 74416
15970 20888
39705 58455
49115 73860
9918 39883
12403 22982
4254 73299
32062 89388
50407 53880
72433 84249
18654 38805
31626 43651
50269 63183
13024 13801
26247 48267
35796 67933
51398 81003
39093 56738
51156 54836
47281 55415
12552 77616
37361 71914
65293 89537
42178 84072
1786 42680
18428 52983
49049 70038
11937 48034
59336 72799
28910 61206
27648 42900
67756 75233
7697 83199
40676 70301
18274 32329
39320 88342
5755 67562
54775 61952
40213 87787
41710 59513
15562 79738
3167 41972
29847 81895
73340 87010
31173 86783
2325 54703
62378 63090
63371 72068
1154 7155
18722 71072
4983 24428
68304 73749
47631 90877
31333 41324
34058 54574
33737 63381
40281 91977
2519 23638
37219 59395
17401 67951
18834 67379
23785 36495
24912 40390
34837 87219
14135 32957
18247 77596
3247 57675
79288 84942
14110 14569
16108 45889
34158 71724
2856 5980
44892 85003
28591 71062
913 45374
6812 24380
24885 50492
762 85938
20542 82109
19344 57636
32367 64373
35371 64207
62039 80235
7521 78659
713 13069
59162 85262
39117 82823
2064 39355
10769 87154
63732 73168
38126 43352
10689 27754
31312 57797
29523 53845
30811 81501
55628 81264
19836 48447
5972 85297
69018 80560
30807 60270
1232 82711
6151 23306
36598 41630
11540 77431
43170 60680
49625 70824
31750 82098
643 34620
45384 87537
9299 25816
27277 46269
16921 33548
64106 70942
32005 92571
7478 37406
15200 65302
2116 45927
58955 64294
4621 5234
26525 40733
72749 79707
41294 48064
4988 89054
24378 43319
16546 34721
6338 75218
68507 85800
37844 84466
44424 53779
13984 70915
26554 84480
30088 73865
22072 91726
65293 71938
3731 78974
4761 52528
30059 89983
33640 68344
6241 10908
62962 73164
41927 60690
49124 85478
8358 33117
56606 70244
28820 32344
30832 64511
61626 86727
9852 25792
38064 64110
52960 54616
43367 83560
14824 91463
5651 91431
65428 79205
15143 41499
8050 86950
42366 90528
14729 64299
33030 54092
19592 69988
11710 88021
52310 66933
65318 81164
61629 73339
4022 78770
44440 63393
22389 79562
25852 34255
14400 89550
16001 80721
28567 48236
3823 24966
41519 72726
81724 92498
15455 18179
53294 55425
25750 86706
16662 91254
34998 89829
52178 69159
2367 63565
84539 89420
20264 42097
31300 61729
17702 70884
64525 90575
4384 76783
16247 87449
40322 64741
25921 88588
37246 87172
4434 20389
14103 20268
53284 58875
4167 43868
11885 57465
7804 23713
27750 90657
15435 73406
38061 49006
64232 72478
80558 90575
43303 90814
7479 54071
75153 75698
35735 65183
56545 82477
18624 32223
59152 69976
11337 84357
71886 85561
5590 8418
42494 57852
9820 69518
34621 34685
14164 88258
41246 75920
25385 48553
54628 62301
24393 80753
8387 38957
58758 73475
58621 62646
424 21472
149 24134
192 17471
16906 21484
28097 40739
3487 90086
12830 32073
63203 73418
45261 60258
16340 25115
42606 77858
28112 66602
5226 76709
12094 90199
57870 76056
33232 74718
228 15846
3673 59646
1270 6639
14110 55514
21902 53672
3528 25551
17242 56765
19708 53685
47491 77634
6309 60659
24055 78620
53967 70961
14549 40333
17719 50756
52414 74101
13707 69553
28242 40047
44831 45121
39118 42021
11378 12059
56428 74860
44451 54139
3786 34009
8269 82318
61915 85653
9025 9695
12494 59598
28131 82437
56786 66853
44442 60654
14094 29825
3656 51865
25022 59969
24060 78455
50230 73211
15264 44500
11342 87187
26493 62652
48075 67182
19829 92274
44039 81901
25155 37289
10071 34381
30405 45245
33563 43665
43551 65831
77702 89329
13765 40260
15316 49003
8111 51701
11526 19529
61172 80737
16233 28313
29044 31593
79353 82414
27428 55598
39526 74303
21492 76760
11599 34137
22024 62475
33650 61536
13798 50595
3480 73979
14432 15587
5789 86022
7075 71647
44525 73807
44765 88651
6770 45969
24406 83102
62578 65618
29618 84800
28015 78041
47520 56041
30395 36059
9563 81373
65397 78663
4321 41862
1628 47363
8484 19317
16472 78658
3448 50034
75152 80280
22455 24245
35484 40205
205 19284
2294 80521
13943 86328
8668 65256
52795 76010
17452 25835
70863 88286
10308 12274
23566 91923
21330 73057
34216 57591
36228 49260
2152 48422
7799 58084
39593 40903
58991 80086
6889 86366
15996 24519
4054 82055
13998 20384
22478 48098
8492 19464
16195 80698
44463 76528
36639 72525
54033 63137
63759 75774
4692 82260
57136 75165
32572 81529
16186 23689
4927 30548
72777 77292
6325 84077
18149 57613
42298 51668
60960 90010
2511 88304
23500 35678
51790 57339
59839 87772
41543 57482
64267 87295
5696 88308
33114 58236
28532 31467
27962 56708
16171 29247
34854 45624
23133 85955
31784 32094
86079 90539
31545 35517
45225 81623
12590 39476
39118 92467
4097 72573
48651 84815
4801 50652
41364 92570
3592 29992
66896 85610
61111 87017
37190 55073
58028 65867
22449 59028
483 6112
13533 83182
7228 39461
23768 62829
62728 73074
51970 67876
13726 62764
43484 61208
15291 67430
28281 29431
74637 75873
17669 32664
21646 55812
884 23622
39016 77297
63310 81826
8100 78057
35152 42759
62325 66860
11050 55894
11812 76595
57084 72675
26998 46797
27264 63026
13754 28334
7341 11271
4065 12864
4757 16149
24449 32522
9408 74608
52551 66353
65778 86450
5082 66883
31490 48001
50601 58915
74543 79733
61305 91186
23668 66629
25218 52634
34167 83664
61462 84485
25238 84643
16715 89628
36727 40278
4132 12732
11605 73719
46691 75113
26560 33845
12174 52805
25210 72575
28436 90025
56321 61219
11790 71219
40618 82233
24039 41164
73037 87200
16715 28648
2935 41702
62776 79935
24718 53914
43588 48269
72761 80140
56764 77604
30166 47676
18841 60223
43768 72842
21038 74881
22062 55028
26332 81180
34902 40730
11570 58199
85177 87115
42983 83678
26712 63412
12514 72212
33760 84815
9394 58858
36974 86677
24774 60310
86685 89754
45693 56116
25179 37290
30127 75258
42592 64127
13884 80748
11876 16901
33246 89570
18565 45947
62693 82199
60032 60633
1549 49327
8512 84528
27345 81556
32461 52788
6137 29991
15823 27298
17971 27136
19865 90498
2541 55645
15964 62855
13326 91781
30640 40790
1743 37856
41605 62110
922 32280
45557 92529
27689 46478
20746 32310
12483 72857
10681 49218
20252 68317
22840 56249
16819 82760
5435 12229
6543 61468
23031 55627
34194 70998
46581 81180
59185 85443
35164 91657
17184 84325
61248 63143
33769 59544
3097 60021
15432 76570
45582 67253
80389 89801
30892 90746
53166 61026
32855 91302
10153 15778
12871 37251
55865 75389
25821 57825
24441 36763
57513 60812
81030 90984
25854 74673
53110 83952
33983 69788
12334 81725
21214 78653
59584 82963
23377 44702
65041 89880
32788 87785
20810 82801
85999 91876
32884 73459
44241 76550
11775 16932
47691 84946
82700 83559
8318 48754
71067 83724
51590 65138
7673 57273
34038 83266
28676 67182
44370 74131
36479 50035
75673 85328
10178 88007
2638 20529
39450 52467
1780 49139
45311 72697
28783 84411
79945 91270
5708 15442
44042 52318
8791 80160
38650 76991
32441 39590
15062 48917
12281 69386
44369 88568
32590 77799
38896 74136
46767 60474
537 31790
36374 54001
11249 17754
8776 47672
2411 14905
26294 33568
53856 72315
76327 91716
13662 42879
54641 91097
87451 90350
35854 64635
58404 92610
7353 28764
66326 72694
34124 77132
34566 51073
461 16954
5822 90041
23446 74805
23819 84903
1897 16241
8860 32958
45560 88329
41119 44606
47110 75708
38785 83826
5240 70893
45859 90207
25528 67332
17520 47094
10892 83258
12526 21673
16141 89726
16653 68016
21339 28402
4676 22797
49889 57677
34718 35223
8841 52594
29276 50165
2969 81827
26614 48358
5154 72412
22050 68720
63340 85510
6148 32961
7789 42337
4502 10890
25763 75441
57710 67609
34905 44992
2474 91311
59385 83809
71724 92570
13098 13899
5152 91755
14816 68221
7056 15584
61661 68526
12997 64871
22823 79712
1423 6925
7992 26343
23664 79041
17560 91855
25776 32961
33429 66666
27480 92179
54625 91120
37 50265
67103 92231
30028 43904
15614 18242
27845 76642
69784 76103
25649 28661
26114 77542
29999 81063
5838 83514
9473 33841
40500 63372
10511 80785
37642 55988
8072 21157
54854 76549
13906 88290
46142 53060
30421 65917
42603 44201
16221 69960
12231 61699
10231 56279
60095 90311
15113 89528
32806 44954
72581 80068
24335 34900
31824 46645
54134 88023
9119 87972
78192 84086
63 13051
68825 89514
65675 68463
44407 59019
49111 91473
76207 83819
16153 31508
4959 40011
74478 83059
11253 49624
22739 69792
29659 54134
4170 23237
2199 41542
20558 39430
4859 68024
87487 91531
67699 80260
7058 14663
56580 69932
3281 10322
13740 73855
77648 88956
2948 57623
6322 72417
8544 69139
465 43863
11394 30100
5521 46564
17890 20832
21287 76467
37826 72075
67073 75565
11283 46080
11938 23854
24754 27965
21271 34285
13044 73699
25578 39696
52009 84758
36230 48613
71793 72748
18374 33513
25919 46369
15493 19294
31061 43574
20256 32312
6699 20680
44941 54461
64388 72947
14443 70348
3663 23423
62216 63643
45622 89572
7152 66735
4105 88781
35499 47418
45375 87922
2722 42919
16756 69740
72658 78384
4416 9126
6698 62932
3014 6206
660 3814
4219 85830
3087 4055
17319 86382
2167 33803
20615 79320
1451 7762
1811 49959
37187 70756
11858 42779
12607 53345
14634 58925
59003 86176
35961 85450
31976 51550
85138 88249
9330 87372
54405 70225
1083 5626
15039 69988
11552 15281
12038 35285
52652 82765
41072 75805
21126 84611
80384 80908
54726 55502
11324 83070
9691 75284
22201 37052
17144 44411
7348 89160
8046 45864
80403 85699
49640 88351
74596 88990
62490 67945
22096 56811
14431 88385
52042 78030
74450 91948
77409 85402
71742 89723
13980 55549
48502 72477
33549 34928
44659 47520
22014 47942
30099 48425
14386 51902
12895 32862
12844 43921
48510 54514
68947 70358
11521 31633
17905 18662
57605 59841
47476 61821
53373 79654
40555 87473
15716 59375
21523 70508
21623 74081
25326 65445
22434 47120
9958 44770
4841 6954
64106 67403
18236 21010
174 26766
1986 84931
10463 80923
77303 91224
46363 65976
27298 89963
37983 43764
4535 20582
56655 76713
13162 79532
47569 88232
31081 59215
80914 89864
52939 63564
24887 90381
69293 74988
17552 58589
57431 72107
764 61819
4485 60580
2671 87259
76227 87370
56221 90766
1355 9717
60936 79657
30194 84764
40384 57498
10040 17632
16502 26586
23437 49261
55897 90410
22279 64261
38845 90419
79931 87839
73263 91988
36918 42884
21175 47576
11469 11486
70269 76255
5632 14598
18191 82329
56612 61599
19288 36628
29143 38834
68583 79925
65548 81667
15163 72765
27072 74660
11003 83789
5304 41974
3016 74133
16111 46056
32988 39063
48910 88480
20444 46484
52063 84020
58230 77321
32269 51551
29946 44452
65004 90168
61205 88304
34444 48659
16214 27203
14837 41629
47794 56315
16636 71637
17569 82612
36767 88302
34236 40273
24521 46600
61969 86177
70851 82894
15574 28239
4110 72358
24963 74614
43762 61797
5543 53179
30145 82290
30930 39366
47075 80599
50288 55231
63152 89809
72639 86284
42125 82514
60758 64133
13519 76723
43425 49183
41175 53421
52824 70904
37004 52350
58304 65349
39639 53735
51776 70872
66350 69886
34428 84997
48485 71538
50014 84345
2134 42456
38984 65776
8098 34617
1009 12945
44945 64415
53632 66140
6426 31686
7827 79585
9415 27069
11611 74929
7646 13191
18984 25031
48121 55367
20589 51776
58672 67696
48353 79448
62275 88048
32067 33716
58262 71554
53351 70808
44299 66557
37206 71882
53696 67836
28438 89921
9543 58135
42976 67405
20856 68998
6400 17642
13857 47934
10759 40320
24734 40598
30789 42798
9779 23839
5409 66660
34690 35738
27940 56352
27657 74892
44733 52697
61584 64812
9560 51913
6533 8073
3811 71113
3424 53925
76919 90452
15688 57019
32067 46058
48380 60761
23 59679
15518 24226
68041 92000
3678 31160
57540 60495
29512 82230
5657 76915
3181 42611
36887 79819
18585 44093
2972 42836
57496 89679
13269 59678
2977 42963
42536 62788
57829 63605
14072 68907
21530 83739
33315 52275
10697 61708
4876 45051
61262 72293
63793 81662
14048 82628
10320 17502
35153 56442
69835 84818
7964 71709
38622 72270
24137 43262
2877 28207
16877 89526
18409 25603
8569 51486
58610 62893
1751 82793
10671 27002
65654 71286
9572 80436
6803 74031
3774 25016
19841 33361
22553 68605
3355 9817
11037 34583
47730 60186
46342 63390
34530 91866
13840 59452
65387 81079
1884 25419
31742 58353
10402 16980
19139 50266
59308 74347
51356 90324
10038 82085
61744 68945
16526 24583
35194 39913
24288 64148
47079 86561
34061 36275
18086 20892
1718 14205
42431 79559
46932 53654
26752 80227
78070 88930
42451 81420
68218 83179
35170 82723
20034 50980
18997 69924
30464 55867
10802 22184
6154 59786
4404 50364
7178 92603
296 33805
23743 72957
27961 48327
19883 54161
24838 56472
33388 60508
76292 87824
46214 70706
38272 46820
3999 56532
8332 45933
14638 57327
20856 40738
53623 57840
69608 90072
26761 72392
18847 44322
3974 39056
19309 56852
6423 23841
18551 63945
56911 59224
8935 63356
34297 62989
68134 88742
52802 71712
10481 12426
37404 39398
11512 39530
40251 59838
47750 66481
9811 29889
27137 62656
7364 84196
40164 89578
49025 70393
34070 77160
33234 38342
1299 86007
26959 78366
7913 8361
3244 83803
17905 88273
25403 60355
7199 69164
7512 73546
4206 84885
1276 25319
15161 63300
30444 86704
23846 86124
37413 54592
67572 70214
22701 79460
20940 63071
12156 41424
65239 69767
9829 76362
2594 65411
48971 73570
25012 69622
3323 73808
47163 90751
21507 36508
39592 54367
5594 36028
49206 85328
16702 54063
11250 18037
12817 92385
52884 62059
9666 11815
47668 74707
12603 36335
8216 66329
16082 22785
12616 45485
72973 89288
34582 72734
55844 71541
110 41261
7211 71993
2911 25116
748 6907
9416 22217
55672 85848
41621 82272
14916 23406
31400 82404
38804 58928
27064 68822
29421 69289
3939 82157
8037 76579
12006 76650
17228 88308
25362 51514
19239 56001
18867 36037
25745 69426
4670 83357
25594 61186
19026 25790
50652 72272
24259 72034
4657 10901
71562 77043
37087 68381
58366 58600
37808 88944
3732 48296
51392 81576
50015 69256
14086 58683
13655 76848
46191 86268
8991 87162
6680 87825
3018 65452
42545 57637
7687 20695
43980 82739
10066 14402
19422 69403
12808 21214
43185 62105
2322 63345
39274 79656
29729 80283
39956 47972
16634 50765
22958 66518
29004 78468
76182 89993
44385 56790
63082 85178
39851 69357
17807 70907
66 36388
20176 82308
17140 19804
1755 4881
39685 49911
6224 91498
32619 48988
27119 29142
61223 69146
47697 85266
7998 87379
33692 74515
54027 60875
5817 49747
15708 15723
5975 75042
80133 92045
52996 91103
72043 88809
39133 89441
1238 85848
56239 59988
6058 20670
57923 58734
4924 8156
71886 74986
58030 65304
66685 70990
16926 43236
81770 91744
19012 57317
2066 33569
52934 74867
57670 59534
13056 77389
707 43123
21368 57211
1542 65401
34055 79747
14125 15216
4890 70249
7547 56178
46527 79363
7698 77652
7747 43039
59134 76576
6799 48886
11924 66051
34925 45332
23878 88410
75999 87110
19958 64570
44399 70661
410 35274
2323 29917
35851 86415
79056 81953
74187 85931
31502 90333
5633 70620
30551 31173
44810 74247
44336 69308
66019 75528
35936 61039
4297 69773
59965 90728
21380 67837
76682 77028
46927 84257
56349 89682
37321 57721
36763 82060
48479 73122
4282 24246
10557 37282
3996 5971
6812 64558
61391 90693
47362 82568
10914 45118
40383 64664
33862 36690
5561 79458
54162 55315
45273 64431
22600 29065
77865 90336
50250 51093
22244 35744
56764 80884
33676 45005
19402 90427
57922 58594
28162 52162
9734 26585
29424 44535
35552 52229
28705 30215
63628 73346
41497 80047
3547 32194
31369 64629
37121 50857
42619 53133
8444 46098
33115 76654
53452 74523
86265 89246
15742 33014
48201 90687
25438 71799
40960 60640
11591 42003
64708 80163
61089 92410
14192 77108
46325 90364
82668 85257
39362 71989
20850 92132
36785 67032
81120 88867
23338 23435
50371 54947
57977 89477
35588 62577
60420 68550
8436 30770
33783 60053
18729 80657
25362 88246
80335 84949
28255 73784
5172 83557
5032 12765
4774 32471
66870 72245
7283 18373
8540 91118
18400 25460
45778 49135
19303 59388
27584 43168
45799 48618
35628 69273
57388 61908
5683 86903
48091 65438
53749 77216
33761 37999
51963 56548
34223 65101
24274 64327
20145 89963
16046 64282
2236 80139
23034 82269
2833 92051
50248 74137
52616 86735
33745 65258
28138 85073
57074 58588
58926 74174
63147 68595
55147 71080
54698 84998
27159 78285
25487 33301
19853 68837
68251 80705
38966 63194
34413 80557
70775 75853
27331 53417
8987 62512
81386 87282
62632 67916
38798 42829
45948 70989
55818 64383
20025 64889
8066 17980
797 91077
39735 80200
2666 30651
10756 38465
11767 17943
79954 89909
54795 92586
46910 82365
30845 67097
30134 47239
57357 72280
2192 10054
74912 78392
11763 55140
27617 55760
12215 75739
6672 12278
44626 79486
3661 57116
59889 91345
15069 49139
57450 89771
36814 79509
20687 59730
41479 78328
43775 48612
27727 54743
18932 28597
10590 32411
18609 45846
1848 49571
62995 91721
55049 84266
12351 19756
29038 64813
24351 64762
32377 85905
55309 58464
71990 84655
30235 47405
17789 40193
2847 28350
1479 35251
10463 84814
15158 29605
18747 43174
34791 47461
8826 72305
14541 65585
46933 91423
21115 30301
25691 47756
41071 63551
40266 73580
6649 8359
44774 59449
47246 73641
8578 86745
649 23714
85383 85401
53517 59318
6206 78751
36614 56027
6518 85040
60270 60414
16031 67436
32257 71197
10719 79240
1090 20567
57152 65779
933 47496
37045 72953
22296 36452
48099 70464
7505 46994
44031 81107
63938 80007
26829 27316
5210 28081
54466 88065
51185 61621
33921 55931
13734 14917
72090 81536
6636 48455
21993 33912
64539 84157
57877 59556
41352 62963
5194 64657
16977 75558
44879 61047
15163 15448
17497 46615
21170 86538
19180 89242
77075 85160
24691 26361
20234 25904
49430 75707
65111 79414
23022 54663
64121 74049
5612 67452
65311 87988
44259 87601
33115 51154
28989 35170
15493 67068
15525 44019
9038 90098
19544 63277
37174 69278
19295 55170
18791 91067
66960 88733
48819 87600
16677 72602
34135 86607
26424 87750
7874 38775
60870 77902
76432 84434
47679 62598
16364 39635
28029 44369
32715 41676
14852 86446
29876 81396
18774 35374
24373 70556
63801 67815
36300 41644
18713 40576
35562 85865
65360 65793
36424 85018
17317 47667
17197 19284
19760 52558
49139 56265
48383 54538
12991 31006
68941 81339
22906 89892
44776 67207
15368 51303
32196 40992
24292 50704
26027 63517
52544 91497
6023 30694
15513 74306
3127 62691
32970 69140
20642 37175
55875 56316
49662 75688
61123 78714
33043 52720
3744 69347
54597 57339
28018 89308
1537 90570
5479 88220
58940 85322
35007 81427
7260 70542
69575 81682
6141 42135
42322 49080
9345 76272
21723 70566
61873 81630
34388 55187
80592 89102
66003 66698
8601 25466
14899 75431
16357 69455
31314 55579
30435 30660
17915 64407
17327 23527
23375 53559
40561 87836
6562 26061
22768 86781
51484 53806
33776 47532
2846 13686
45718 73121
7880 71571
44136 68046
70152 71514
89105 91325
4549 35979
32129 66631
39066 73908
16471 31597
55065 68425
18604 71089
6020 17069
4520 72545
22398 52732
5854 38878
68608 87917
7002 71022
961 41710
75776 78375
36464 54164
8952 46403
29981 35535
10674 76331
4843 84121
3899 32258
15802 21374
63242 83704
45386 88466
22193 35957
16129 79458
46377 50814
34226 34443
71823 81804
6759 55649
17690 62452
11607 75770
44705 67210
17328 82968
12557 28196
28778 65432
37695 76999
60879 88936
15090 26762
18364 45544
9795 68533
14274 61590
17064 60444
4939 63635
43382 87760
55948 76845
51131 71330
5325 70370
2212 92092
4484 72051
38863 68130
6867 45954
37578 44340
29853 36665
16939 92096
15428 52554
4155 29946
10485 62255
7826 73479
24792 75261
48496 67453
26174 85472
44500 49458
25271 31651
22272 54787
47467 75213
28557 38320
40925 41615
49481 65050
12268 45998
37092 88266
23274 86634
81907 84324
48790 64101
27506 81743
7790 83893
61949 67032
55387 69666
1771 13770
24268 68444
63771 68960
60257 79054
18107 78980
45306 58354
75633 75872
68996 91938
38193 72278
43713 60852
25704 41104
20408 29578
23847 23904
54019 57674
48624 68542
69109 88750
8691 22386
1629 22888
2015 69842
37975 85444
47891 68322
82709 85757
45619 73897
41023 70891
23401 57659
22818 83983
44794 55415
65916 80037
4257 65884
67157 68853
45141 92205
9226 36415
22503 74956
47542 79892
55341 84421
10132 52076
9698 67755
29538 46719
16017 43810
72462 86086
60426 91787
8945 64133
54533 69379
7470 8160
47417 71696
24178 76924
60648 84436
9632 19275
37666 41519
11516 38393
19688 57152
49450 83897
30200 70386
62926 89747
16632 49649
52021 56646
23440 27267
21125 25934
6762 89627
6308 60195
31250 51042
6522 14210
17544 73859
4184 61253
30582 74057
4603 40672
10481 17326
9882 48429
44206 73602
2503 11185
16274 25163
4796 75000
57739 75337
36499 45173
58004 62357
35926 39450
9530 21029
21022 28337
9661 52734
24622 40500
12680 41882
53903 80192
5648 37209
39517 62254
21703 24227
38459 52868
48839 80410
34229 77846
34505 75484
65727 71741
45499 75860
70539 83266
35800 88456
61997 66191
34802 45901
3528 61531
34869 57304
24961 50384
7491 14502
16505 47624
28842 85359
21344 54606
2801 80652
18973 71412
54236 61014
62520 82849
6657 45001
16225 32405
37945 76620
30896 54056
67946 89433
40974 42650
36658 89301
14034 39654
83015 83334
16126 57212
13816 67726
6618 48357
75001 86482
45831 46815
47848 50289
23015 76559
15667 51032
22520 45583
20958 67059
56651 80724
11675 66342
13830 75302
10020 47411
36312 36835
39973 60818
68471 86940
30647 45688
36759 58745
65856 82110
30518 52233
44310 61440
66510 84839
2578 42398
19557 62877
27602 32303
67441 75862
29588 60081
5243 78416
27570 35811
18709 28305
20242 82349
4179 89108
49521 87908
4219 23485
81517 84962
20926 23698
5277 83525
50641 90551
20083 46559
15380 62661
44546 65662
77463 78411
6599 24618
2041 11861
58870 70337
43849 61610
10951 27776
21777 48574
34010 62514
7585 28399
18303 82044
32910 46976
56423 68994
67564 70194
15459 46667
34890 85623
4656 32538
24548 75873
49647 82121
8662 85022
22712 59986
40370 74006
58159 61499
74035 79161
30741 58241
69703 82972
54360 84517
8179 48157
43316 72408
4672 51081
68483 70963
12289 30023
6945 76207
58314 83724
23797 66847
40864 63541
36784 57809
2766 55383
15501 42436
29640 46917
9524 92098
64365 75753
16926 88088
40664 85551
75738 77246
29114 82708
350 77682
40404 44875
12697 29100
2391 66415
53113 70921
43091 43380
12531 69838
16859 85879
42771 43852
35557 60011
18976 73861
34087 85431
19727 78458
52955 91573
47602 62451
7874 77762
51152 89810
35559 64195
11972 53650
39440 82234
72849 89789
52366 76711
6009 53189
5087 73548
18705 77954
45152 52863
36160 74692
45297 57933
2140 25655
59331 66117
1279 32578
32540 43282
64683 77247
83480 89199
70164 70356
59829 70855
75159 79190
21805 38472
79705 91018
12925 61110
26317 75219
8007 46057
1871 6248
53640 66034
12236 76465
10418 16044
15941 44273
35147 42130
8791 55081
35041 83072
12772 55479
73023 84836
5230 65094
37670 65966
30570 71166
15484 59250
514 45483
28871 48724
14303 89018
28295 40689
28052 53955
779 67127
18557 91414
58195 86084
26889 81351
6110 63465
5599 46561
12771 68587
23559 78465
13667 73254
40420 62247
69696 75976
5363 68077
47725 81020
59120 80729
33110 48960
45506 62802
8207 73228
13478 32128
11791 48652
21955 58474
87640 88112
2595 7464
59361 82100
22532 35866
3706 78678
16431 39061
34628 71977
13990 61025
33102 52084
13130 22203
5938 29883
56226 90376
27378 36021
31740 85557
77297 90116
39244 86918
9743 28501
21823 54340
38996 71894
12984 70056
14142 42682
16496 67025
3332 68994
13727 51741
19217 66286
28268 76750
52594 60234
280 25099
20487 47821
46593 53216
71494 73743
61464 89088
8979 21522
55790 60605
14579 38319
21740 62611
27337 85641
19234 20872
28098 59604
16294 16379
40200 65869
27481 79433
42364 69045
68923 83504
33076 72131
4052 25671
44737 52529
15204 64951
120 75191
80110 85267
45148 45579
27739 29739
15052 43226
32223 81154
55394 61733
3612 81646
5335 58714
5593 17694
20306 43763
9240 32643
38126 55678
53859 66955
76699 90930
21323 64686
55838 70954
5060 10216
13560 37853
4166 33193
22318 80681
14626 63011
45129 52081
67434 75205
50749 71420
53228 64785
31079 88224
35576 75272
12121 82850
3292 47323
15491 18555
54382 66644
2643 88513
61409 86263
35239 37030
90840 91778
15296 29842
68780 79675
3702 59152
30950 79764
496 32889
13398 37915
25776 56174
17529 45460
1997 15706
47258 69956
70579 86020
77342 90412
11927 34786
14234 62457
9683 26760
52694 82610
57518 76884
56920 81767
60375 81168
69041 90054
37288 53883
35134 50229
41418 61039
30990 53849
27003 33904
65739 81347
771 74008
35613 77103
22845 58989
21469 90395
17666 19286
32106 50270
4004 59781
40625 55479
44164 47412
19064 42304
50569 53569
7688 55148
30840 69570
60841 86551
36367 76467
31400 74752
31412 86309
12250 84782
35384 60439
23044 62272
83020 87668
33730 45667
17890 40058
32651 62542
13288 75581
69207 86714
72513 85536
28839 55055
79816 90123
13457 28013
15212 29364
2536 5581
57309 75658
67312 86981
32771 83834
11805 58922
9126 80022
2624 6812
597 20373
42906 47314
39912 62138
27757 53877
88513 90246
9299 86139
60567 72597
33556 58107
7956 82967
2302 70268
1140 64963
35834 70970
80386 91580
438 31720
28959 36243
7878 29512
12961 30898
27271 91503
79217 91878
64738 72808
9450 52224
15244 24138
2395 66092
25183 26089
53705 83871
52632 77675
35694 68561
3133 18992
6733 14429
27066 54984
37789 75158
29044 53419
29620 43369
11761 72733
816 27885
56013 80721
18492 46487
46956 80759
37858 59266
20715 63549
15654 44003
61428 70792
35795 85384
22880 25601
41620 77032
65800 87742
5507 40836
20574 67579
21429 72034
59763 86669
81640 89213
901 21864
13397 61953
17840 83022
16651 82713
59470 78303
72514 77258
15068 73839
44223 66236
40093 86997
56789 74785
5331 89915
6369 30547
333 65144
35985 82367
14624 74365
911 45394
16698 36325
44487 54293
32735 73404
19827 86760
1611 52859
24720 79975
1354 3202
15401 53758
5813 57815
28159 54278
45255 57389
28680 52948
33223 63918
25121 74922
12745 44922
9593 42253
35001 76599
9582 31932
44501 82428
17511 30623
6726 60789
48505 81612
10220 53182
57897 73151
6739 10209
9499 24026
24303 28855
64416 90391
33143 61828
7170 41574
56683 71294
63725 73186
34550 91714
71167 89041
3636 51687
77637 89102
32470 32671
64540 91849
25640 87514
44437 52620
26492 58862
16635 75321
5795 39896
33462 53805
11613 32223
55308 75679
1589 36033
17567 33199
53004 67934
17323 82150
19185 37658
74325 75377
54614 61849
30574 92209
78697 84635
3425 28512
19581 91402
1176 44628
77878 87855
31052 58520
68180 74465
43178 74265
47182 71121
76973 80894
1303 87914
7173 66092
34989 53069
18907 51627
55865 57808
24497 26715
11983 38037
72324 77980
606 64819
62791 66380
15386 89210
66741 79935
10361 91796
879 88168
9136 51574
26406 48840
76507 78948
6513 58034
14995 18916
23540 48611
31245 46113
25744 33673
31368 77374
69176 85217
65263 81104
38244 55521
45666 51897
4938 15435
83405 91220
56249 81691
23704 91640
44025 56313
6337 57485
38584 57839
71333 71769
55470 84979
32937 64424
62801 80463
31181 65259
14130 43389
19154 56448
31371 54178
52704 75790
28062 35598
41498 58786
8375 43232
31988 59870
38321 50793
21966 30563
8467 44261
26321 50232
22833 57617
6682 84421
42581 43451
33168 42676
16597 50595
45300 65735
21818 60075
27869 42579
14293 80138
8066 16798
185 35825
12741 28828
3081 15286
1205 29984
62775 64631
78266 88371
21287 75980
85042 85954
2434 43762
59027 61273
18467 24240
13725 84120
4702 18535
20093 52262
20341 32809
62529 69996
11955 20179
3370 80856
55433 70475
32855 75617
57799 66855
68593 71113
57409 78953
15346 45049
27071 58806
26863 92488
24347 45274
48656 64668
49415 88050
1475 73594
12570 54720
2684 87045
3665 7013
15890 79152
11051 86742
29403 83952
30942 86115
18702 56054
25506 31242
19196 38343
62777 81225
17336 29132
32305 83285
38397 50010
35588 46723
3644 25799
47351 92102
16298 61668
81580 86182
2427 76725
42889 63664
15787 22542
5698 71956
81461 84935
6209 31475
6404 79244
20368 21597
57396 76991
49175 50012
47281 87630
42433 56592
14752 27687
21131 30778
56683 61336
37905 89374
5194 34747
3453 64499
25546 87288
13520 50711
69729 89542
34317 56465
27996 61916
49894 83189
1380 34418
12845 66158
15915 77374
21753 37090
46722 75828
49139 84828
3567 83255
43115 67064
39309 47032
16061 24026
17771 35339
76378 89740
33394 53566
16678 57050
50241 78258
19385 78563
8013 58752
40416 42565
19140 57655
49644 66141
8469 13610
54941 77406
8413 16502
3843 69261
52947 87673
17482 39711
34602 47906
24985 36779
36057 39517
33786 34382
14388 31274
43499 91821
12842 27411
18628 30110
55730 83209
13078 44569
50152 52519
50111 63542
26020 73300
5517 54439
22850 45599
53735 65774
2896 15554
70511 84069
37292 67584
53623 56834
17242 76249
2966 84550
5918 72535
15157 62322
23902 71143
13309 18593
27841 76493
11535 39443
56401 80087
74861 87772
37482 89289
23121 35672
8282 58029
2356 80484
42967 54144
126 2773
36971 47688
71094 85675
39815 86055
40194 48524
59790 65563
60004 70311
60034 72051
8261 28277
35388 62803
1803 63734
22763 45288
1092 92597
17436 72200
22378 46322
10773 88562
253 33921
64364 89313
63259 74306
26642 36903
47778 74766
33459 58013
8360 15764
35628 60547
5027 83956
40842 65619
49254 89666
553 61370
37060 70822
16437 63006
56301 70765
4903 83726
51425 52571
45836 74594
1584 89012
31323 66645
65111 66123
43915 45431
20832 51479
17404 23310
18757 33822
10781 52637
14873 33155
6199 37185
82071 85370
11311 48790
56163 59765
3982 35438
16156 91147
26602 75664
67117 82272
27236 54009
19683 56532
53838 71880
23040 86569
30536 61041
17512 56427
3784 19728
60653 91606
59824 79291
22393 84081
2933 23949
36882 88572
18343 84350
62894 81311
53148 70245
17790 70630
13690 17917
11792 22157
4386 71422
11941 27960
55315 67102
58917 81199
29509 58171
36807 55330
18595 39607
50877 79293
1254 66755
56287 61503
47312 59680
15960 16068
34338 39788
64335 91351
41186 73774
20157 79551
32350 45069
21090 45780
696 36684
32993 37453
71867 84901
18958 70732
58867 69274
15822 66845
22483 65409
50489 64711
12605 65370
20476 38649
60732 69968
24492 80339
31282 77632
17561 57641
8389 31915
61044 86880
16889 68777
26154 66998
15370 79520
52230 74411
481 27507
23276 89325
48316 51157
21167 26815
1205 3176
20912 48841
21815 42321
38579 55906
10421 38991
46231 72219
76177 90563
21940 30242
87371 91751
29219 57694
31813 32010
57330 84685
84435 91139
39713 62336
33119 67039
41076 79085
7968 48853
25101 66739
52430 57469
54677 66013
4833 63085
52651 58606
28858 66454
18108 27703
70917 75527
30528 34779
49413 55928
37010 42462
890 74625
16869 57966
41521 67125
9866 76163
54742 78620
71678 74164
50366 72537
29096 29831
22747 82981
26517 50075
65070 76176
7723 62499
60194 84049
14506 76093
27580 86672
124 42755
14538 45073
8851 72196
38628 41822
52373 78383
8401 90294
54792 77396
46787 78371
37980 75800
57876 68571
2109 52815
9458 75033
45041 74199
58561 77461
44770 65912
72141 81321
1077 55255
36621 66783
77388 91927
43143 69335
44490 53163
9379 28208
50192 87106
45163 54864
77529 77881
40365 41388
61892 68738
71788 84217
12954 53172
30813 65722
3265 37506
39163 85458
19987 81656
39667 90994
8301 82771
16160 27139
35099 49844
2360 17587
40105 90918
40264 60152
17449 59045
21385 38762
48941 81356
18535 41530
52237 58744
31748 92047
65285 66953
26341 29238
39516 41710
25295 70590
5757 34673
40268 42772
29125 60581
1442 53643
1575 76191
73054 80647
35007 63440
26327 63711
65785 78878
53059 63087
16693 24685
54562 57056
39995 60337
19997 45342
45590 57256
67566 83924
54635 60709
13860 78419
53756 67083
3120 22843
23742 40292
28716 62472
9605 41915
5626 42937
20467 62094
18712 82229
10324 35530
331 42498
19330 71823
38997 50528
44536 79483
8579 24053
10473 13457
63565 64793
28496 86366
1323 46264
60118 67673
63703 85910
4875 26546
7298 68596
58475 77564
3705 91616
48113 83404
33132 55788
54597 79551
2702 15669
6825 46642
38177 85680
21600 60675
40748 71144
15985 38059
40558 65053
31138 90801
46467 88542
49504 92279
19896 45955
51979 64974
10072 41369
74534 78039
52262 65414
34360 55171
54225 57637
12232 78853
15146 57821
13078 21678
15738 18645
11196 39123
44972 53964
50 20506
17911 52286
13860 34881
1484 3529
52045 77586
28808 81220
58 47284
3150 7370
72146 74388
39238 41160
12244 25520
26594 31024
32039 81820
12463 33204
18319 36844
83589 90590
17469 39037
29138 92579
51177 74448
75824 90778
8022 29582
29479 47303
28405 62019
17326 50674
57304 76104
43396 75796
5136 77177
5453 74071
45471 85190
6055 36569
47023 72678
47015 61918
39890 50889
16974 90013
68662 86308
13850 26334
38499 67966
61353 75050
36579 76557
63866 91667
27718 46898
29116 36551
50062 75737
37653 80004
37935 48901
51675 64647
4827 37409
33916 62131
63705 64776
32776 44103
6762 29455
4076 64921
44973 46985
48429 58817
52672 65323
38831 54700
11146 30996
57788 76414
29766 39598
32440 88176
6266 51232
44866 91437
16972 69485
15796 58553
49824 83293
43148 82186
39773 44263
55101 59085
1388 8595
6488 27405
46724 67883
15086 33202
84282 90422
14082 71602
5708 55300
405 18776
47371 92317
17625 87882
25931 34625
65040 87867
5514 90199
14964 71148
72205 88290
65254 79730
1200 75970
5375 78278
21416 40936
7197 46898
3109 30433
56529 76974
30052 39437
42671 79363
30626 74582
46769 72227
23187 59330
7510 30346
26373 50048
20684 35009
3097 51647
21943 24766
56062 58195
54511 70517
41746 87777
1882 44663
68422 87143
50115 83627
70209 80860
5702 50500
25025 36578
56385 91732
57686 91952
72804 87916
6758 61265
1603 52865
29178 78072
68600 91796
27234 89300
48701 83525
36780 49892
69442 85798
28777 79010
38641 54874
84136 86688
47563 64512
1508 11643
28073 54756
59211 91654
35986 79876
19477 74998
25679 46990
2299 54293
51813 59257
18453 31308
84744 85406
5080 59314
698 77393
37966 38491
10944 89395
37878 78396
35444 36490
8896 26283
48275 67555
19271 29180
10718 72192
1981 18603
26763 89731
27398 53346
56758 89586
1473 8478
13207 19229
68242 74008
20900 23334
61224 65946
19623 81132
68740 73750
40162 90655
29761 48908
24468 86408
58451 83610
2565 43103
69436 89780
23628 34792
25632 62180
56716 87364
12190 56716
6483 33768
33878 39922
6035 22175
26604 67506
61738 85168
2485 36122
39395 57408
58607 86792
20424 77520
2799 33145
65745 79888
56064 76176
20789 69911
32089 84481
13006 32736
53976 76930
46130 50577
25037 83766
27105 79696
1668 89410
7395 84920
3796 86671
39298 85893
63071 85671
23044 81337
40077 49249
13281 21106
8898 22950
23044 56216
39969 66234
37503 71554
24822 87606
38286 84789
31787 76241
29208 90608
58514 89506
38559 80835
5838 77069
3857 24804
41514 82704
22644 53661
570 2022
12972 49964
1362 16143
4806 58650
54682 79064
21756 22924
17775 25967
41272 83845
57231 83691
79521 84334
12029 24946
18802 63082
22315 77368
15553 56651
15221 63330
1766 23667
47006 66420
36070 63233
14455 75097
6095 69967
14906 33313
24420 28124
34929 63183
21254 72781
4346 73690
42460 53653
15988 20229
23355 46189
20122 74489
24736 73971
58426 81899
28978 44279
33519 88444
24241 27421
64476 74181
60962 61479
11927 82282
7864 28912
22783 59227
25254 80567
17909 24020
5272 91046
38325 84831
65567 70920
4154 84068
12725 81005
70719 84626
47609 49974
60692 89770
50924 73601
22747 74548
16822 55848
4068 63914
36780 83104
1142 65021
42892 76149
46356 87431
6507 58716
55438 56047
45152 83148
25200 92595
20030 22453
14338 74795
17161 89560
9916 77875
13834 44830
18529 27347
85841 86887
28447 41207
44724 45390
18845 82885
3615 10099
4541 82626
73171 74463
4094 48196
24495 89529
22156 24603
68488 84712
1826 15283
39798 90427
57838 58024
8769 26838
35681 84628
31249 49117
37670 61993
45381 53143
51693 86450
34362 80363
14986 65958
55024 78084
30611 86733
43578 88630
39294 92619
50243 80864
37052 67238
23551 82316
12431 25527
9015 12566
36339 73344
10377 69799
36178 36746
26008 53569
9854 20487
34528 76557
507 3284
3002 17195
35172 86401
32011 43350
35713 51152
41314 83492
3953 87275
5047 7972
31254 36422
7265 88150
17904 49940
36638 46436
4317 16882
22479 79518
5706 53251
31813 55618
42012 87583
45451 71358
8293 16911
33009 77149
29821 74111
35525 62676
36307 48878
29438 91923
15275 66920
39761 77008
73082 73764
30887 46745
1188 49052
41042 78799
33686 46039
6696 10313
24241 45183
57681 71842
59855 74876
12442 44787
22041 83984
2105 74475
50348 64925
33013 55896
47202 73453
20596 60013
18684 92542
48496 63114
76314 84620
69934 85111
1418 42249
9362 67133
19982 66492
18804 39036
15620 63870
29889 61164
66958 72061
27724 41144
14080 29067
64576 77417
57281 73856
68754 89508
16285 92238
6028 9225
46367 75655
65710 83407
59875 90988
5556 7908
30868 40927
76887 84638
21989 79525
29348 71046
37538 62013
11430 39880
30789 46661
46277 80031
16178 65364
7107 29385
14831 74913
52900 91250
18642 81744
31467 50407
26322 50160
2360 57509
23749 36454
6144 76293
2739 89049
5928 23219
84110 89308
20678 26785
1307 33841
9928 67587
25895 75210
16588 86758
17236 88481
13296 53353
75298 82110
8502 20587
6740 35046
8199 52287
69590 83944
56885 69803
59405 85612
10288 81633
11296 81804
62976 87620
26194 45312
13220 70879
85235 91057
24676 64112
12665 82913
6492 35183
18205 47942
29468 75438
64348 90709
50674 68313
11970 72499
87437 88302
43912 60923
8234 20138
768 1443
45733 52558
3484 26076
29686 34925
2058 25327
21299 33085
3168 67068
8957 38951
45745 55322
56106 72920
23850 86730
75962 89881
15718 23590
446 27709
1729 59224
68723 72531
27969 51929
20703 45640
35966 90202
10769 80030
81545 87017
5362 62962
41195 46474
21918 90617
26127 38520
53816 83807
77270 82512
11759 15132
66299 73113
33200 55684
16047 55798
2612 2824
19993 20734
35599 67990
81544 86388
779 69041
60215 91385
55784 90672
1342 78074
40252 64548
47013 89725
54020 84434
17413 47769
77159 79969
18641 49338
18586 18922
538 22669
38282 66829
16391 18685
18915 85568
5220 49186
40361 67359
53771 72340
18688 43575
6844 77831
22133 28552
9634 88946
20165 91144
32963 34070
635 10003
61419 86208
15973 54845
55600 79051
709 91146
28772 54527
4397 11302
11928 12574
16581 38436
34105 38643
12847 59051
16722 37055
71371 83236
5750 89220
3664 70739
501 10032
4415 55507
38878 40287
43104 70557
761 7764
19546 90416
6075 41920
54106 88626
12205 31508
6530 66381
63898 76511
35003 42110
62084 75055
51003 55098
47973 62010
63545 75749
55772 71077
64282 74669
70309 81798
55149 89430
47599 82844
70020 76679
17377 86028
31561 57554
10077 50204
22829 78212
13758 66902
7176 17369
56836 88206
8976 49922
3748 34669
517 34436
31517 60701
61792 65467
12457 89890
26955 67114
59637 90064
62961 70892
37076 83698
3491 86192
1925 78176
15947 26923
39876 91580
25424 56038
32550 82189
59828 88153
13968 57013
11580 45631
82322 91267
36191 46074
77506 78273
42601 46253
9508 87974
39493 70226
13396 73918
22714 37131
23733 59730
22860 89218
27041 46509
14577 83887
74317 89134
72968 79604
21950 85533
19983 33681
7788 69734
1601 2683
31217 59043
84687 90897
8083 13509
4191 24785
61573 64584
58395 58624
9365 52893
15240 41076
14559 17396
59179 74333
44731 68048
51596 58029
11350 35817
2339 35333
41148 65552
46544 58778
30028 91906
73545 84589
22331 57818
52083 52245
3272 19456
10914 65478
55784 84336
443 60524
47870 81852
743 73715
6527 53685
15713 27460
13072 90296
26422 80763
6059 25329
10804 72364
11047 86058
31701 71731
9370 68732
7546 89828
24598 91982
10831 50607
22470 44450
64435 65562
5620 49505
4807 75974
47114 84207
1854 54222
54524 88665
30782 43619
70047 75452
32532 79262
11345 46413
29565 58918
24465 27461
33816 59950
25137 30134
33777 34026
31407 61134
58886 90046
53413 78954
23215 41863
31465 70767
24835 62939
48654 69784
5129 26362
18436 19054
81715 84648
6978 27016
27065 68421
19094 62755
24955 62805
13866 47065
555 67175
23546 58995
45096 74325
84130 87124
39780 88787
12720 40743
15311 69850
59623 86770
65013 69571
5290 30955
2489 32307
19675 31307
36509 45612
1913 46079
35372 80838
35631 76320
2791 64289
3131 82388
53551 59530
10092 88482
58991 61723
66667 79198
36271 64796
37638 38992
77414 80347
8493 28252
7767 62465
53672 89342
70103 86394
39339 68694
52120 82157
23187 48651
15164 55060
22916 64015
26167 73964
29529 30416
50431 89417
40358 84405
32958 35541
23229 88994
42917 69733
27069 55069
36035 40852
51027 81994
37411 41133
24186 87796
3542 34701
33828 92029
28278 62946
65830 88201
9512 74626
1963 16350
25395 85078
16091 46767
34674 87789
7796 20967
33743 58126
21323 49609
5609 10784
28504 76055
56264 56939
78501 83749
4762 40785
553 9890
32195 44736
42852 88507
26919 41527
27865 38848
52988 55339
34243 38330
9252 65941
24889 83650
23419 41076
26598 35716
7961 46497
68248 84422
31305 73958
12415 57921
2462 73386
49768 74778
41001 82102
47330 79689
2298 46610
37436 69189
28393 86513
6321 50870
41718 53414
66419 84893
31226 75106
15594 45737
13844 61819
8190 45747
10457 80098
47710 66727
33210 49361
22536 89535
8662 27709
18727 91821
9711 67466
63710 87218
40084 83940
8065 33498
59916 66100
10441 80489
8154 71245
64546 88538
33578 70905
72865 91842
33969 58950
14920 61278
42265 78268
7083 91939
5219 11693
60 25384
47699 84724
49983 81038
28307 88530
47069 87085
3348 13687
15016 89330
31440 58088
29991 75557
37962 88481
75397 85909
16748 76052
60664 79615
86991 88887
68006 89808
21058 33132
18154 44740
1046 16416
17772 19320
17722 21450
85821 87915
16668 60445
33530 40083
76134 81034
77498 81458
51378 59747
21459 43213
54678 83299
30815 61884
17027 85845
20158 55372
55092 69966
6275 57974
12614 73222
9676 50491
18135 64853
27478 83088
5200 59994
1625 24642
27725 28596
42062 68528
29486 68625
49672 84426
18819 67599
29007 60757
15999 58116
40186 40556
11033 43961
51885 74230
5249 45472
50649 53233
10466 76890
43695 91889
36120 92575
1991 59409
30615 68964
20636 52822
2166 23134
1809 6289
40550 86240
45725 47661
32472 70140
17286 55293
59291 63291
31814 44605
28178 45686
2666 71497
47984 70749
62106 91330
1720 25317
2067 60693
24408 28687
10376 62106
8157 8906
45749 53038
18824 28491
54010 58491
22260 89066
2621 29310
55458 68236
48703 63766
28967 77744
30480 80595
5764 62657
187 9680
3665 87416
15964 66479
7449 79291
32437 36605
19111 28116
50628 90464
15590 19128
5790 82291
69467 75035
38086 80663
8442 64132
40055 72431
28550 46397
10925 20614
23057 85031
82636 91828
73667 77813
86885 89786
39981 74873
15544 23334
36940 69932
10042 46136
47905 58887
19244 48553
3382 62346
20754 82177
24799 79939
4394 63033
17414 35939
50941 64368
17535 81912
64845 85382
20389 66134
15630 25875
31255 84997
19807 33426
46483 89677
18110 37303
77063 88589
291 14764
30870 64508
9421 41613
33837 52121
19491 39859
1333 5596
3384 41325
56560 70799
14225 61842
46806 80195
14575 44506
8650 39846
22122 62875
16080 69814
12044 85339
27022 53471
52973 88789
28645 76149
29727 44765
13164 24496
21847 33181
37716 61607
49375 71156
39568 84223
50844 64691
4847 83838
15484 55607
3709 23128
15215 64059
4135 25296
29534 31123
4081 63197
67904 71444
5835 18112
81608 89829
22680 46544
27449 59556
15434 56821
52065 91577
42779 83196
16540 18960
7053 11733
49997 51143
28566 60747
26045 87365
4189 20950
29952 36774
2948 5811
31672 71600
15412 50142
32775 61634
1247 10196
7170 42913
11267 51538
9407 52962
11897 41752
21714 38831
32282 64344
15578 31356
37293 41560
2993 86380
37039 70485
12295 36360
45865 60958
37400 54472
17321 76531
32733 59471
13640 51847
39336 87075
27542 68247
55663 67887
33867 49607
65013 65041
17915 87124
11511 21136
6046 10795
69761 80560
1402 19752
23199 66703
35700 89383
60044 83038
31761 60234
36857 80130
45295 88838
36706 84341
61111 83411
43191 64710
38725 60754
32203 80526
40521 75300
30515 61369
29482 54176
15491 64471
71902 91962
19050 77440
454 2197
50814 57703
17631 53555
18879 77659
61289 88072
48018 57324
3114 83130
9387 36086
25258 40697
28043 36951
9365 40092
3984 16057
1067 35494
41794 85386
16908 22662
36949 37151
46502 77198
42123 57463
32173 89585
16961 19648
34338 85846
5169 21440
42728 56135
86074 87166
8739 30616
42675 83802
22187 50720
62979 63328
57619 81606
16306 79112
15569 20447
69353 86140
20254 70434
36894 89864
19942 37021
17301 78300
6196 52591
88814 92028
8158 22079
249 60809
64368 64677
37875 44719
7331 16078
49170 88567
46726 81169
87417 89902
1547 32894
66676 92005
46216 81741
47574 81537
18628 45750
43455 44074
42437 80010
2083 3156
50834 92331
23105 82163
76843 83099
2295 25379
34403 67673
56301 64575
43194 86773
19024 74413
18407 90341
41816 71359
8720 90508
81308 85694
39092 85283
33209 33367
4192 63619
16269 35091
2306 57244
37574 67785
54225 86158
32456 65678
11438 67499
28140 28816
54355 66392
7346 28603
50499 76171
11071 45218
37978 63526
19573 70134
1158 2307
63550 74917
7159 68274
9099 21941
20426 41371
33088 62224
11817 21354
2347 84794
17963 74023
57847 70594
4157 21984
2689 49183
49031 51517
11463 35500
29154 88509
57921 71617
14634 46703
23786 57339
6234 73365
3159 33860
82223 83130
4194 78169
57682 79517
43331 82499
1335 72272
80364 86331
41354 51570
48025 66459
41856 51077
3055 16693
21606 81568
15225 17063
36263 62473
67400 81754
14306 40571
7455 61180
5235 7060
3476 21193
10147 31654
36728 74073
2884 73555
35058 71853
77396 85194
69553 79605
9873 85385
10518 24987
4085 80280
39315 54487
40214 90038
37583 65489
58517 86118
6089 91033
4371 50898
25757 44831
17090 50627
4364 32633
17728 68949
35231 45286
2111 27222
7894 11732
5064 8919
71627 82242
21515 45429
46496 77906
17924 76925
28499 43373
31681 59699
3044 6904
84480 92156
48807 73254
9251 51176
21131 23606
8530 52935
16531 54997
59235 78308
75021 90667
32878 47608
57773 83621
41102 88355
28072 47171
1192 66242
53355 73608
50287 58274
2620 9258
8567 92460
38120 87237
85360 86891
18271 77130
13830 52812
69491 84344
13108 14423
7671 78022
33163 77435
31765 67068
35780 46105
6592 13304
59774 74719
6563 38175
30350 48977
10782 11081
14174 74886
82134 88328
27442 86996
54934 65668
1002 46922
31438 85304
30390 62464
58815 78640
712 37620
13194 57269
20794 91952
560 72891
17135 66517
41275 43772
57124 91853
55768 68572
17552 83803
47933 83548
44751 60169
40512 75299
11831 76091
46660 51759
37275 66701
5625 41497
62119 73667
18120 83721
8507 15295
22857 65032
7766 54346
31292 78265
46514 55806
34 29838
13984 89026
76948 88389
33187 51638
80357 87560
31854 67023
1093 33372
54208 86243
38247 84315
45620 61824
4334 73795
32232 49458
32281 71822
4804 45675
16560 20863
27321 73274
20031 44200
9531 85587
42075 72298
10872 57997
34138 62554
44191 66850
1888 25388
26878 75328
44370 58933
46264 52030
68111 68294
10391 78387
86278 87575
34029 62922
71112 72381
3945 20732
49278 55119
36621 56756
35226 57996
19793 72832
4631 26512
17392 76733
15465 49712
38028 61424
29838 55478
65523 66282
26848 52975
888 62451
62673 64615
48471 79582
22667 29858
1239 11181
602 45137
28106 85023
58214 67448
11001 92185
64086 76426
5642 16902
44408 55881
11521 35147
6892 16392
36309 39032
77214 81974
47742 92260
7713 19082
11868 91881
25240 42957
2710 63840
66374 89703
64483 85743
11613 58785
10230 87625
8811 58785
3914 3962
7216 27817
56193 72820
33648 41870
20034 51775
63205 75885
50625 74635
30010 46917
51328 83848
20874 79499
8271 50920
17333 62806
22796 45776
14173 75101
53137 85715
90626 91802
16515 87078
19942 78647
4873 34257
4942 75707
2234 35312
48001 59366
25237 89769
5774 82323
51660 85464
62620 83803
1336 62163
48757 62773
5804 11678
13394 33815
53482 70424
9782 48592
43603 78735
31006 83518
67911 70332
46945 48992
12643 89286
9380 85400
38010 58720
4042 89080
48455 79045
43994 48035
8286 75224
7466 55377
50032 90863
39661 67395
461 47761
9953 47047
68679 79108
61009 88937
55262 82807
45511 77689
36476 88932
7208 84298
83576 87754
3816 13788
67741 82301
7092 29210
20367 59468
66885 80008
5735 85078
80440 80697
54660 73628
74276 84141
31669 70452
51732 56029
17316 60251
3223 78128
2190 35318
8932 11060
9037 60632
3847 71633
53687 78978
2770 64887
58062 70407
48811 50303
45185 64855
9001 62488
1980 24307
80945 83400
17900 58142
5189 42681
70854 85469
12825 90676
19040 56712
35010 44872
42788 50613
12844 77713
32856 75481
22105 66478
62819 79449
50284 50395
69660 77338
22927 42139
33159 63175
6338 76344
53542 62197
3807 71038
51882 72738
42964 78014
31263 55642
357 695
62050 67987
65214 69090
63859 73844
62466 82098
1817 41671
21770 52987
11050 66145
19550 43903
38244 68315
34171 44877
49504 91593
63325 86564
11909 60744
36250 47828
16616 23300
24181 59862
39646 49684
34471 38419
4506 21720
12638 17575
20190 81692
34786 54726
11901 91279
10715 63216
14884 91160
43430 56738
32267 61686
26053 59292
762 36355
42 3863
1840 12846
32033 72791
39532 51788
30666 85884
15285 82575
18588 88053
47831 56210
16950 77187
14536 75100
39739 47068
44898 59587
16272 42894
73263 80348
58435 65953
6519 72995
22503 36355
30897 35213
27204 54560
37944 90542
20192 43334
8152 74935
3920 40300
12827 65812
78996 84902
34380 49250
2023 39757
32149 91978
28087 66427
16307 42486
18506 85796
61392 72351
59574 92144
68492 77902
10449 22653
39393 43747
37901 66675
75121 80167
11405 16705
25918 67712
27770 30099
62693 68889
6518 67002
60687 64159
29862 39160
25013 33279
81211 87800
24678 92480
11106 21516
21002 92599
8139 15430
27114 67923
15802 38995
52933 86226
22968 82211
46060 92394
7256 65887
22215 48666
8352 88627
9330 30160
8151 39492
13337 36359
7187 15945
14356 60483
6974 25046
72591 79651
45849 77007
36229 85541
72336 78864
15623 69419
4657 66692
31929 86246
10142 26688
44648 56149
50851 70824
9846 15289
28017 72344
37828 91645
14775 87790
55030 59344
2510 54379
34838 80260
17477 27493
38500 38860
37440 89019
7572 68259
20529 92416
26114 68257
56396 72983
8467 52586
7379 66269
31307 46891
285 77543
49276 56650
1721 65851
17669 39246
30056 61211
80210 90999
10472 68930
43433 65809
5274 14492
10307 50968
6203 89469
11734 72347
34984 65594
10173 30343
9479 14855
18447 70555
66187 89502
44674 54354
16826 76959
30761 86721
35896 45812
29780 86428
32491 51638
8432 21201
51854 91970
30257 67359
5506 43622
42567 62888
14422 71783
50668 53926
23422 79041
52719 87449
23935 84764
3165 35914
2575 22762
13788 25908
40193 43957
28067 88147
54193 90424
20905 53533
59426 86110
5469 19156
20783 27082
27018 30650
72395 92524
32795 87017
61376 66752
34304 43818
118 49286
24978 50391
66831 83872
11153 30677
29300 37462
58000 66819
801 21123
84460 86412
28546 47496
51893 63084
16683 41892
49285 68088
50449 54261
46484 53420
12766 76869
616 72232
16640 42886
2745 82668
14743 84536
24213 34747
43651 64542
69637 83539
16396 62580
18062 67079
18199 84618
19550 34181
48875 88839
903 41173
1929 75658
24113 46537
8614 33776
67596 81450
18853 25714
11188 75172
74997 81040
47371 54842
56274 67215
46820 61508
77533 79296
54146 76933
59554 78886
31765 60760
58454 71366
31716 78524
6525 7953
3198 11818
5436 65971
9635 18765
47765 67910
18316 60007
34877 92491
6594 86853
33406 77904
37271 51745
3748 45856
7825 29392
40892 53731
73388 91697
23657 29266
22259 41327
38191 92085
62386 81692
4224 20940
36840 52756
79919 81282
54814 64590
25099 56998
55942 89738
21935 85023
67258 90729
25095 49832
27785 56379
7116 24304
80393 84791
22847 79115
15788 23067
30083 83620
31041 78660
35740 42410
16805 90727
3625 77214
10175 11872
58558 72574
33823 80247
10042 49797
11058 39527
12398 75235
27829 32475
76989 80900
53115 73383
19867 50632
35459 84821
3147 12148
22005 88762
1065 21919
855 45765
37495 49975
3507 69335
24968 33340
51601 82149
26402 68339
19677 28819
13478 73773
37819 77545
26766 29928
15840 70187
25688 30451
20255 81326
35445 46147
14144 51782
53424 55660
35724 92037
456 84380
21485 32047
1182 50025
15294 70168
60495 75045
32517 34348
32026 82451
4513 59072
83728 84630
65540 75668
4280 42514
31460 34479
11068 84530
54209 63526
34038 61706
40560 69937
34157 35138
17571 44396
59978 82228
26700 65326
61666 81389
59220 82091
37907 90731
35053 48901
2764 30489
6097 63596
7389 67002
13764 57479
20195 54546
4601 56673
51364 67419
74080 79938
13659 41771
79284 89502
47216 68935
4635 52098
26549 44939
38987 51674
10916 74818
9651 82452
13206 81063
15584 64176
14280 21346
11122 49192
28849 32650
34287 43336
47518 68005
20331 48255
59397 79199
41294 87099
27071 86121
7895 92620
3794 22436
2132 45915
47456 77475
24274 43769
67461 75864
1945 8199
4401 77166
23240 63356
33012 59131
49107 87836
973 53623
9322 23567
8486 17013
248 44291
19018 31639
52474 57191
59708 68832
12837 13108
55011 83537
7150 8983
32146 55359
22907 32381
15036 37598
6309 80406
21555 26573
10963 17027
70328 87196
44673 91618
46017 57563
40958 62309
50174 63130
6154 53990
68469 89574
46154 83131
43477 91960
61396 91162
7259 56290
35612 87487
57271 73985
59553 88601
19287 34954
7442 85424
20483 82426
11611 87587
80526 86081
30958 46558
7715 22328
6664 65419
49741 59770
7296 52330
46302 61465
1047 58149
2165 19964
34551 43185
12956 55172
22270 56082
18112 28886
52795 54571
70520 87570
29136 76779
71761 84895
22937 44852
16835 84847
56376 61468
16438 75984
26949 70409
2099 58719
43966 69592
7036 85761
13780 23829
67580 86678
43633 90328
9174 86094
26144 72402
60527 79527
26516 40081
42123 56145
28326 46144
90389 90703
10169 22116
2837 12184
18245 87645
14670 17598
18977 58969
12419 36762
36522 90008
8316 24970
18593 30730
31111 39187
23934 55881
32668 46524
61372 64298
21971 24542
40164 42830
62449 64188
57054 81549
58259 73525
51403 88683
69312 80006
22538 89253
32749 44633
11579 76448
15971 24859
44730 73764
43034 50922
34561 51352
7699 66254
1233 8146
68201 91010
7508 47230
12855 82268
38791 43613
21156 65060
58959 67313
18440 59362
23536 42552
26906 36948
19834 74026
29516 74723
40627 44424
33530 58603
14001 75242
20613 22067
48501 69474
55796 70592
1927 5163
30854 48160
78447 86117
42229 60043
23188 56565
43164 56345
21104 89168
56442 62085
9289 88565
12226 22757
6464 9948
49957 60427
19118 75789
40713 92117
31951 34813
2705 43381
1963 45878
42823 71594
56581 74764
57905 81860
7129 38116
19013 81707
12951 14049
74996 77184
17522 92104
651 55841
5523 10203
56833 90211
22264 68240
41101 61461
32738 72641
61875 82492
10823 30872
11417 81469
3731 11768
5530 51202
31604 50139
36590 51227
75912 85138
11277 57047
5124 79826
46681 61084
18792 62728
25176 34031
17793 66696
9068 34215
44641 91574
28684 73553
8335 44742
20195 22127
5746 56797
86378 87838
140 15971
23382 48220
18110 74482
82097 84433
14939 24837
2637 46531
4119 31688
73240 77475
7391 7984
67254 70307
79177 79906
41172 54966
45384 48475
27758 55258
40792 43925
26462 30032
11107 61962
1487 34697
15539 75383
16873 35256
19771 81162
13743 55951
8552 66928
87876 88402
64631 71843
63591 73259
203 57579
47000 52143
34352 68823
52257 79337
29970 55358
80575 90440
60243 70823
34712 92297
17070 21632
49374 72888
6131 40902
43159 65679
18079 18535
2474 41288
11627 37152
21154 64902
44340 51497
16663 21438
47070 63181
10593 64967
21850 91760
31233 36781
62873 72399
42225 54495
76640 86242
37155 87779
30497 54955
22914 88580
25378 55254
32888 52868
43631 83188
5345 10951
78600 82391
25592 35459
32954 81798
38888 81395
10667 16707
42600 63801
25800 58577
28901 92224
59694 67518
68867 89645
5895 68631
37463 45126
18466 67057
1628 7688
5046 76829
7454 73975
32832 69830
54126 55043
44976 82481
4029 9961
1234 60730
2600 82318
36576 88883
53484 57016
46493 71735
30971 90130
18543 38039
10070 47534
77891 91339
28465 56460
65957 90843
27436 74219
52499 85780
32692 67301
75145 89654
27034 55305
72414 80799
5382 81709
63947 65314
11937 83586
7207 61279
275 2884
25502 74150
63541 67346
12864 67339
11367 72296
42974 44193
24875 50924
11696 72903
71747 82959
14660 61581
59304 74163
20148 44585
42894 71303
16258 72128
24961 48638
50937 66522
41926 68027
3971 51425
43455 81404
25971 73361
45254 61623
1760 86983
27327 85779
2769 63327
34592 35275
6584 41104
71482 73953
64399 80465
26838 86593
58830 64051
63048 84520
18822 79701
30584 44234
62405 64753
15348 72998
5240 5955
16557 69726
17751 41061
62876 86277
63261 67665
43138 74280
40401 89797
1160 79725
24585 61236
29709 59270
22629 34466
31807 61715
59296 92574
59236 60058
3502 25031
52382 64609
38520 61713
15597 29039
26116 36221
71954 82115
62715 66794
14826 47756
22916 84282
73746 74187
10778 62857
14865 30985
76856 87354
47336 91851
24332 71210
19749 85767
16224 43271
25460 59625
466 12761
25042 81211
6559 83327
3889 51694
35116 86861
17276 48446
32213 86967
29228 69255
15652 55125
25757 81002
4402 83929
10394 25223
8683 34910
51236 55650
12378 54468
13088 72549
29736 49734
52920 68972
20800 80616
4465 50085
70878 75689
8494 86087
39677 46907
37687 74895
61065 71204
39205 49898
388 39230
2811 83425
18604 40495
32141 51058
30383 83745
42960 74975
12327 13140
33796 51009
4834 81168
64339 79460
38538 41226
35711 53774
31047 65570
19731 24745
71023 85165
61018 61865
47438 88823
35941 86681
47979 54926
32952 72210
7461 77503
67064 74914
35017 61784
19097 64508
3044 63492
54078 57721
51893 76581
67727 73184
50663 79194
2426 43744
3037 64318
11452 16951
50594 64476
47690 66781
27892 47464
26639 30614
15530 34894
68667 87339
22629 63314
13777 72190
24264 57310
7307 45625
76543 81724
54223 75948
47600 54006
28795 37088
43591 82584
29575 87442
67722 70569
49240 56919
50883 60079
9112 14421
65701 88765
22980 46988
72476 76130
2737 36294
21069 53155
43237 48053
44137 45415
2191 57294
1158 43517
64964 74882
28863 54382
8033 85091
6457 44815
42493 55538
10322 62877
63529 84419
12285 84381
75 50064
20848 51645
16041 36763
12364 18640
15733 27327
31388 38807
61662 86702
11024 54383
9725 34827
65639 89848
68288 78065
64998 82972
40823 65308
30947 73216
54549 69299
25220 59011
66494 75997
19396 63212
23634 40233
6387 88575
30224 61948
22873 42746
30491 79387
48310 74904
6419 88244
59817 78551
30078 34663
21338 90733
25685 82361
21318 54906
72108 90363
42678 75186
20168 92323
49532 73534
75488 83003
32527 55949
16695 36129
39573 73021
8881 65674
44738 91313
25745 70713
56929 62567
38589 44132
5877 30474
40251 83737
29203 48021
81135 88216
367 16959
43075 85621
896 53675
7850 10063
9140 83967
50385 63469
61322 65442
26710 26862
67844 71289
54038 69500
35228 69253
10073 80634
26852 38056
21769 86119
32622 51948
16526 62980
38216 47386
23729 85154
13502 86708
1204 5385
6165 8767
7186 13429
46000 71662
3664 9195
54678 61297
47295 53182
129 32792
6186 6308
12127 29818
2725 90441
27347 85946
5558 91950
2674 26890
35672 67841
77431 85838
49709 72428
15917 56714
52862 87550
42226 69126
44639 60601
24778 34169
38787 76157
33155 90975
15800 47636
67098 92170
39701 81797
38174 87077
32338 61220
11248 75404
49571 68714
20922 47049
60684 72977
68477 85825
4167 46489
59783 85850
25328 53953
13497 44070
38081 84403
20746 65816
11695 21659
70134 85453
32525 50373
47467 56320
14986 54293
21529 27049
1104 35809
23023 69823
37740 69334
22724 62554
41545 75343
51719 72826
16129 70135
36787 76198
80261 85607
25312 67085
20319 37099
34570 45624
35255 49663
34805 89643
27419 60927
51524 70212
48896 91458
17170 22644
55174 89742
66840 71437
22982 85943
82050 86232
71890 77384
44101 45026
43634 46421
12996 85159
33255 80590
16016 38190
81727 82073
18072 31195
10130 56695
7007 35275
28733 66809
59865 73535
11780 77593
9495 74133
60147 65315
33583 36331
45180 78297
9527 9983
12914 17709
47255 69136
68902 79224
58386 84136
54422 72703
14495 42882
10665 81185
42938 78713
24455 87129
34293 80065
20527 92124
46367 91063
38445 66320
45028 89164
65464 89280
56778 78322
25916 52840
10031 36112
53441 80088
3269 60628
19414 62524
11859 19764
36545 51319
4801 14651
75084 91215
72827 91664
31097 66579
68291 81694
36414 56577
78768 92404
14467 87807
44102 89571
35428 84661
1199 55141
41699 48627
29305 79377
26800 62498
22852 91830
13165 67436
67384 80819
29949 58167
33273 41554
12030 48949
60463 71152
17041 34191
51112 61927
32012 57871
9302 73258
28964 71671
1604 61522
28742 36883
69064 86276
4834 67784
23776 82042
68247 86264
19064 27102
36712 80723
41005 80216
39386 51815
57224 77753
6409 57284
8521 34525
5198 7147
17030 74361
63675 88972
2461 72499
14255 68269
10479 56317
17815 79861
30016 48860
78158 83927
24573 91478
56814 68829
45537 55529
11377 29667
66648 79107
29110 41163
41004 90590
13899 70837
59377 78372
6041 15100
11572 71516
43522 91888
49941 68107
19306 90644
22975 32829
63300 77072
52740 68643
3438 82909
62771 92533
46911 83089
72980 78047
39777 92294
29262 63753
32743 85873
26114 59994
36056 50813
65011 80897
42221 45411
86664 87426
37744 41595
7341 32546
22722 65717
42492 51809
32301 53449
22259 70732
68183 69333
66338 88582
46481 79590
58579 83282
6689 29025
33626 36924
39476 65695
3423 25309
44142 48253
17598 49983
78407 84958
58068 64215
9932 81921
10452 46157
35312 73102
10984 50061
3265 17198
10682 81306
37269 86117
18968 90807
6121 58868
10453 88792
37791 62281
29564 73209
46116 75318
36098 71561
73734 83211
6332 45846
38804 53760
26235 31951
12401 70796
21228 79962
41886 53867
48408 54874
33603 75630
1799 10209
3996 41221
74703 76363
22914 63561
5768 60523
18913 40291
26817 51963
11368 21827
28979 82614
9282 88759
18343 34645
7420 51167
7932 83467
57747 81661
15024 23992
7912 89850
25128 88058
58959 68996
20240 62252
21896 60061
40543 80990
15996 84503
22994 56708
81968 91073
20795 46476
22300 67680
59310 86675
43132 88547
48900 75229
9769 77945
65644 85257
63019 70066
28017 33369
65051 69738
16304 41022
69964 82258
4877 47526
658 55899
15184 26106
36744 88895
69898 82616
61505 62691
13583 62001
24665 24669
24466 30426
22858 79766
23394 68392
57158 63323
25145 43986
73922 76865
50245 71775
43812 78147
24033 52010
11848 38470
35291 90259
35831 73779
15404 80891
37414 48438
44108 54797
14815 32640
27371 79327
25655 64521
19705 67283
24462 25849
7638 11794
22114 87958
89399 92549
24844 43113
1445 72837
22882 48629
76281 83834
5397 68087
18099 18674
24689 54929
32135 71777
44023 89243
1299 81366
32095 52816
50762 74398
42515 63999
5128 79416
21757 27894
15193 35276
37933 69397
16233 71098
38656 66578
16238 87765
1315 90208
59386 76922
73325 74088
55428 73287
13279 65142
81104 90611
32009 58119
77385 78552
2620 86927
5889 47397
72760 88820
14776 48434
48321 74267
29507 37587
37747 41753
33111 42882
22839 58949
15811 41173
20501 48252
13864 56695
5937 85449
12438 75400
47086 71195
30900 81845
67779 70292
37934 58678
2109 20162
46905 65707
49331 61929
65116 92416
55764 56497
32406 86197
27717 28909
11566 79622
71032 75509
31977 68774
64863 77064
11271 46538
57942 75851
1571 32051
31789 36319
19900 57152
51860 62049
64159 68953
55710 80394
12914 45312
45895 57138
38512 68106
52120 91199
17828 82648
12917 48330
18106 84443
66262 80074
30688 76289
9140 32578
31446 83773
65813 91261
23300 87283
21362 86970
29274 88691
7022 42755
10183 27083
8255 9533
32631 88198
48914 64003
29454 34965
45962 62888
2751 59429
89685 91914
51729 59728
29733 37846
20839 44046
11724 91014
795 56264
57726 65290
14682 28388
60788 70921
45907 47306
24072 35114
58711 72125
16072 38430
44745 76485
6279 13164
11366 54468
4383 83732
66618 73156
48089 61166
54750 55297
64077 76896
1582 28047
1583 52416
26195 59136
25044 32255
20514 89263
12197 28298
69812 79881
35904 58532
69788 74074
18745 70178
25011 74442
75520 90923
24748 45656
72941 75176
31310 66799
6000 13614
37016 65656
81785 84406
17748 46660
36877 91910
17964 81450
7864 8188
55024 59117
14458 40515
35129 47894
36583 58723
13922 25857
4075 38636
36387 46683
20060 36087
21463 26266
37182 60303
6229 51406
29411 81812
14020 44857
4752 83363
18873 72019
25493 59509
5127 53363
54765 88393
53358 65448
7810 90064
59171 66193
41673 65490
13769 90783
23894 71342
29640 41393
7875 37359
42639 72252
51513 54752
18861 19421
5542 19927
48323 70387
27748 79820
2699 80873
46601 67697
17559 36848
3412 33228
26954 36966
3467 86998
3876 48884
54685 86469
40890 65877
85244 89542
75196 77406
20124 81352
15771 30590
44368 52072
69222 71148
59432 91992
21421 36158
23129 83598
12540 76030
37795 42911
6367 41890
2217 67167
24901 84475
53697 63153
83864 85873
41913 77910
1806 29756
29685 48329
28982 78560
989 64769
17767 77870
7803 69019
32701 57582
50410 60276
8981 66582
6432 65242
85613 89622
13993 90377
60163 70202
66462 68652
76721 87638
13690 68564
15567 68122
48713 50782
71044 76593
60307 76653
26953 73993
18641 21288
29763 73644
56661 71675
45680 79767
91105 91235
10224 11338
15216 25991
5108 70969
11822 20208
16035 24808
34396 52530
54437 63375
36260 37746
1853 82090
39553 83600
76298 90334
15745 85399
11408 81650
611 59855
15050 74513
28767 37281
1578 24345
31388 76395
53675 68083
29724 80066
46332 88392
87260 89510
39627 89657
6860 35733
21777 29816
15554 43057
4492 14911
45412 70426
6135 15375
23090 42334
7407 54734
3011 6477
27843 71256
24374 39941
18347 76690
64702 91635
13463 15421
10443 49883
53368 74577
43199 72676
36978 59065
23769 60419
72515 90240
77498 81114
72285 81715
4593 76459
3740 45871
42400 54986
13015 27381
14343 72292
2815 66731
23768 43290
22428 69333
22523 37218
15006 90260
6612 63927
39808 74071
22963 91405
39934 91047
8398 62641
5226 6501
22427 32184
489 17873
43641 76089
47682 84313
21307 76724
21399 57245
65833 77102
52015 86178
6379 24065
29789 78313
82071 87161
17065 63556
54861 59515
1195 88466
43165 67463
44903 60250
53451 91729
25506 90470
82393 87750
74063 80560
56668 66743
28603 52219
59584 65797
7342 22128
12713 47583
1238 14818
32029 68464
4654 61652
26297 36557
17529 25771
17918 83594
7599 20484
9010 36456
1160 31652
18420 59987
44761 54805
15797 36825
2974 8909
79460 81422
32829 41515
51224 90993
75644 84478
28843 66916
42604 72698
24893 91299
38291 66652
85662 90852
14090 62978
83673 90038
22472 37857
15512 28705
8398 75886
54072 71405
51808 88890
4277 72004
17732 19550
32507 42343
64820 89789
55478 90346
7280 56454
5725 59036
69907 83120
29141 63668
35657 40686
1235 81336
37368 75933
24673 80949
25728 37688
46226 49193
36625 71590
10865 67127
19189 22778
55193 62483
18533 71944
44556 62077
16769 86052
6967 45496
30794 39180
49158 88553
34073 87331
7287 36769
26704 72394
49208 65192
56944 85084
13592 58838
51516 59695
17478 86590
57252 87964
8387 59328
7689 46415
64664 88449
50773 63729
38098 44677
6585 57120
19629 32149
23729 28805
41644 49904
50122 71241
8584 56254
60014 75522
18989 34824
36725 38423
25672 73277
13571 88324
39587 40810
6045 41520
35278 83593
33615 49523
28945 84687
65683 70681
32832 46961
3959 16355
10086 61560
1061 47896
1967 54926
1836 13104
30931 64528
18450 60162
51005 89264
24849 80136
84592 87242
41994 50535
55916 57836
33865 75680
42285 57727
15458 73869
45596 77954
25833 84508
9855 69757
43791 45398
27055 49909
23310 58785
44424 60344
33942 43536
54056 68761
38654 79549
69008 78297
36333 80926
29044 46753
11775 71875
33964 69563
29388 31623
6581 90010
22711 45304
42376 76411
20625 37069
71778 91122
8504 79441
40334 73310
17425 66347
25812 86640
80516 82766
6758 43490
38497 62059
15719 77384
5119 66566
1641 91632
33946 39416
14949 40203
36667 91137
35261 71075
3186 58504
46968 64043
42584 54235
44132 70216
46163 62329
36216 38107
39562 43517
30819 52673
12495 73395
32844 63664
11613 74744
20175 81681
68072 74752
591 47381
2161 65935
7885 64451
39159 54263
21713 63769
17613 59969
54648 62985
60334 72841
44126 78413
37512 70362
43911 56322
569 52697
21918 42556
8145 60765
13917 63623
40980 47094
19447 87073
46678 77260
14904 90183
28236 72667
33181 82292
13854 44060
104 50452
65234 82470
11316 66936
22233 52465
24318 51668
46016 78944
2736 36811
36012 64291
17430 41961
42209 63445
43862 55953
67175 82249
63604 81314
2291 47331
58503 77487
8244 30728
16715 85523
17728 51455
9726 39922
2370 55984
27543 71390
24641 60269
24034 90209
27408 61048
13069 68591
46938 75618
4662 8200
22360 57636
28209 86318
32759 51835
35279 63668
40255 72138
5475 43710
64593 88810
28917 48374
29439 73458
654 68668
44717 57222
46066 67167
53858 64961
4354 80438
14446 81812
28726 37006
53664 55565
83064 92354
37431 87875
26646 36884
18965 24513
28207 52082
43786 57278
21234 41195
49130 73448
2170 74034
34770 45265
46029 65052
68661 79839
14759 53115
1788 81852
36893 64480
12308 69930
42166 91651
34170 87644
16395 44113
942 47112
5424 29510
53414 79441
24088 73031
4450 66963
10712 51907
15627 80262
9931 29654
69437 91771
1990 25851
23117 59796
68696 76838
83979 89814
48632 83052
34311 35670
2588 60912
58 32355
20191 47539
31797 67213
28934 70496
72044 80501
2235 21032
45964 66844
11149 55787
65941 78173
35694 36486
31893 87615
32577 64469
65946 68432
31433 47588
30578 90486
31704 59736
13868 15661
16264 36081
40870 78757
5971 19585
71352 77511
49804 86767
22622 81511
8503 20889
19832 73624
7995 75202
6560 70528
32730 40983
11845 52609
4024 50233
42889 84363
81627 91218
16063 73692
54147 81052
22685 63375
12989 43477
61495 89605
39131 91044
37563 55567
6214 84828
21764 64613
14766 32228
10632 65607
3683 20642
77517 83402
63600 85171
47700 87935
39421 85247
19041 78715
11893 91364
8223 10022
34204 54404
9814 64228
52486 87261
52558 80437
23694 86603
23650 30758
48224 61230
65219 91357
59695 86254
12872 31193
9120 37368
25122 29909
21093 62676
6452 7214
55339 55345
46843 60633
20155 92161
40566 83532
56023 77338
36208 48443
27384 47236
7275 75740
42215 83975
27966 67694
1606 55025
1237 69800
22092 91492
4063 81068
31716 41664
45274 56145
52406 64736
18819 75560
51127 73337
38681 47657
5109 15554
48013 55502
49751 72215
18886 25547
43860 71448
6226 17053
76158 86526
2506 22924
3120 75879
18373 33528
40405 64796
16390 21739
62093 91274
9821 67971
24843 90820
31562 42298
61232 80907
839 27305
22583 32492
49382 88017
33454 81795
25310 82130
45424 86539
3417 9824
402 31093
22163 71764
19979 55585
26068 71225
47602 84621
20941 89161
39913 42565
29659 64944
2225 34366
14185 51342
20420 59007
10150 91745
28043 77651
10144 78847
24546 73110
86447 90859
32650 65026
734 86355
17333 36951
31261 83995
46536 46714
47592 68793
83651 91277
11796 87351
53259 58347
4491 77174
9052 81057
33612 46478
68698 87817
12224 13198
24266 79713
26716 74635
1748 28487
6629 69364
30332 66795
21137 44367
15462 19094
1975 84522
37691 47919
15665 85413
49378 52712
21092 36535
27885 51156
8005 27437
56914 85332
52651 82573
4666 59915
28131 72357
33282 81839
36725 49667
2682 37264
8793 12281
4471 51160
41478 47902
16576 39462
7433 40307
40076 67111
38776 41771
64511 88425
13305 86616
53432 85164
13793 75856
52627 85412
18756 43716
28139 72380
3010 18185
69633 84742
46381 69705
18285 29959
44200 83732
58875 64182
21006 52835
39413 61006
20873 28058
13106 61773
8157 85420
18647 83985
38735 44406
32161 56499
59998 63996
51317 91797
2879 46601
53200 87791
3914 86844
51337 53063
50632 89897
2784 43728
68672 71247
40090 66302
45570 59601
12324 54867
79599 91704
10053 67858
66012 74371
24813 29395
46079 66725
56970 72148
31390 31809
36045 60886
10954 58773
54204 58992
63681 69359
31278 42029
20947 47098
16165 90184
5550 77964
63750 86487
44983 59126
1115 19640
24627 72045
14819 41562
10301 51131
59740 86354
21446 72435
14103 32219
18527 90232
46850 56553
11458 63722
3944 15536
45036 92392
62708 90245
24817 31113
2567 10374
2662 3193
4620 21361
34627 40127
8515 70568
46248 56044
14221 81004
11679 57189
20115 27798
42319 64342
8739 88292
53395 74788
12128 79493
48807 72592
33502 91885
16497 24887
42156 64929
58444 70564
32790 87204
14914 59283
13536 59412
76632 90295
805 71450
23167 84958
20594 22626
7995 9248
20127 79420
85454 85818
9271 58769
43599 87583
18446 47228
23518 49196
19561 86655
11844 22577
33551 49037
38242 84883
40301 50845
25396 86597
12546 51532
11200 30348
43438 45333
14514 67154
27675 61136
83141 83247
3974 30158
11832 81157
28902 81844
11016 88319
29179 90573
5604 26968
60239 77663
58214 73170
23568 64003
22575 30745
7666 18786
84998 89704
13519 15378
4230 82881
26668 35592
37208 75810
24190 88178
3772 69754
38305 50889
8208 85782
54389 57710
20732 25234
750 43260
4503 66882
54310 73033
12672 51683
4249 86230
61379 70980
79571 83901
30024 68294
44455 59961
81327 83848
24776 37007
49492 87430
38643 75182
43472 89503
5261 83126
18709 78083
60216 85026
2799 47651
3200 30319
11627 40223
3601 22833
32835 33579
3753 59343
26643 62881
20635 73237
6047 8221
44887 58358
11699 32368
3020 34007
40164 82951
15379 49489
3909 6898
1749 58012
58038 78206
51011 65496
17996 26295
34637 67063
57801 87935
1194 8007
57184 74690
64764 73513
25750 89454
59977 68818
19095 55054
19914 78477
7184 44783
7410 23197
65306 86591
8447 69720
3264 28271
24066 39308
46165 58279
7452 28868
55692 74707
31832 92058
33992 61671
543 43102
30129 89284
4747 40767
51317 90123
49967 62429
4003 10332
61938 74222
63160 73229
39614 52418
6151 91325
2842 12204
20603 54098
25440 35011
57590 74251
37220 55988
57878 91766
40304 84653
21823 47630
61197 75640
3278 61928
33840 52641
41517 59400
20384 33545
82625 92171
353 43086
16294 69235
10045 39635
56510 77038
18133 39530
46923 74589
19513 22592
61136 77103
66493 77248
35775 60168
11517 69234
11726 76717
26020 44695
46730 62342
30005 57291
44427 71850
46186 52738
55517 80722
35187 57020
47205 54774
57901 67570
29929 38454
31326 80303
23359 67681
50067 89532
57718 70357
27254 43764
4688 37870
7277 53049
73359 88681
17926 56959
5046 9537
23046 58815
30588 90062
25832 77958
10354 64552
47703 89601
8902 86947
22348 47626
1134 63345
57463 71188
21901 30988
39117 86876
77671 84539
22044 35485
6860 30070
51758 92625
6140 33058
53417 59901
21914 43210
31502 69857
64694 88583
7221 15062
73116 79018
40588 91419
35549 70959
47744 65211
11504 33120
15702 64876
76173 81828
8436 64568
40006 71386
31013 44746
26778 73343
27982 30666
30628 61307
20916 60120
30011 35534
11586 68579
61182 86920
20554 22853
39133 68148
58937 63461
3900 76846
3348 6290
44480 75437
18274 41917
74743 89852
11551 56279
13610 59816
28632 51171
55562 83134
1009 5331
71393 71537
56262 69993
72950 88585
16249 78331
35492 82031
7525 76620
46568 47796
34448 65184
24266 71272
4041 19007
14880 18021
36737 52055
56390 75772
13671 25277
12196 74238
46642 76358
84134 92060
26376 26559
50138 80980
3869 11460
22592 64307
15884 54583
34529 62929
34889 68074
32063 63760
21659 69108
30167 47281
817 83416
55764 83452
18851 29048
23225 39680
29120 69564
75557 89319
25620 29478
12752 72765
4134 79648
7110 50610
63918 72936
8271 31524
11070 45665
34394 58412
43376 67666
56376 79015
61328 91396
41710 84829
39802 46050
3746 57743
25396 33734
17045 59308
5102 44438
13337 14515
52643 76656
63401 71408
84896 85728
328 61875
27565 75960
54452 66395
16715 68974
15927 27948
21429 45905
7961 42386
4393 79046
26106 43367
6371 35715
18883 40876
24867 24907
27622 87588
14729 85622
23743 73816
39399 77515
17717 68195
1553 86610
23393 38618
29394 81304
506 23222
10316 29818
53948 87524
36154 83749
2221 71657
49801 82639
6595 41663
68216 80559
41837 67828
16253 75424
15206 90534
3975 8740
37991 49238
73321 73989
9913 68812
12516 18940
4504 13083
46335 62953
31550 71204
58877 74594
8869 89541
25497 26740
30550 38424
41101 79626
54597 76898
11615 11670
37359 37707
78483 83491
82153 83637
26753 59300
10423 81412
7755 57385
81744 81908
40543 67446
20344 32896
82887 91788
38842 61181
25309 55474
13861 77929
62321 73683
32092 71185
33191 53046
36124 69406
11326 12230
19403 28984
55620 82837
35035 62918
41180 70507
421 3085
17758 63590
10058 43485
16726 25187
14773 58683
10793 18695
1379 15669
71047 82520
32312 83324
88097 89621
31534 71398
6588 48085
25065 87144
14313 26156
48489 63857
61279 88070
26395 54903
57278 72523
9959 63427
3489 35859
42806 45662
27778 36817
34110 40595
34160 76270
22527 73343
9252 10729
39105 73533
1032 89409
10113 49827
59567 81989
39785 79255
30868 55893
58365 89939
21995 22312
61600 92593
22158 82965
37541 39121
33522 91646
61340 88229
20622 70542
20997 31166
55102 81213
23649 27784
81965 86449
22233 49135
17936 31512
21492 41222
67359 71243
39926 57423
16691 89013
9574 48422
28871 71680
20519 28884
17533 91589
12711 13374
25393 78640
47468 71643
58501 92163
8202 31916
41027 82671
41811 84480
61691 85002
6740 13594
68222 88374
1131 39725
65840 66041
56622 74063
20853 41272
54095 66522
54335 90056
53683 79223
7897 56217
10395 32462
15264 16693
43271 89367
23438 33394
56716 57614
589 30719
54824 66123
40280 43933
327 86907
25899 60921
26610 27340
29080 75093
24694 32921
68389 79490
42440 90742
18556 78884
54444 61749
31889 72827
42983 74728
70909 89213
74122 84188
60707 80928
60709 65026
9793 37343
18823 33390
18280 40305
6243 11262
2769 11663
5036 15081
22792 32832
71513 83938
53473 85933
2039 67985
67832 92267
3591 4845
14645 30095
35992 70373
9129 52115
22906 77863
4402 39398
78535 84464
53763 71932
857 42957
18197 91878
51782 85104
33608 37579
3185 29982
35748 44256
9379 23288
26697 78433
29189 72399
2228 55414
20710 88458
33853 41191
26663 48807
62411 87449
25531 92520
29402 92244
6736 54244
43121 69225
17969 22271
28407 87540
65388 77673
7729 23339
76553 92591
53867 71846
10255 81065
58584 63578
13932 75447
12651 70937
5013 40765
43817 61430
23617 49323
12649 70324
39705 45508
28172 79065
35839 43250
9990 87506
45108 46010
946 78868
9179 19896
1315 36353
36019 45830
2806 12444
40892 70169
9211 92224
49179 64806
70433 88154
426 92293
58622 91161
18112 24692
9160 41641
4376 33544
10948 57858
66203 82698
66034 87843
5554 13304
69422 79109
33023 90074
27387 33655
2459 89190
19678 56954
23098 61204
30776 35442
6980 49576
60959 70882
54763 82942
25433 29755
70129 72923
12710 82921
21206 87530
46544 47862
20812 66355
46187 87559
85118 88931
29580 68710
68247 81811
54518 78765
28303 65446
12937 92347
22613 77504
655 11408
18230 38448
12311 58369
56760 61368
31600 55026
10601 58333
74057 83392
10980 68235
32059 50749
33878 63817
3784 28386
40935 80230
23630 86901
8950 30838
38154 65667
65141 68071
15586 72457
56695 88492
66071 75794
66896 86914
55372 75166
11280 54772
38779 75690
19322 32850
31072 78232
19015 44372
9807 53797
33660 82851
39833 47686
57919 79274
51533 60868
49481 83155
43467 64803
6093 71269
13887 16588
11916 33320
62097 88652
21499 31107
41968 76812
32135 70286
11152 72836
37975 80994
27550 48512
41573 59188
8526 39627
23353 24822
65136 83828
48908 90755
16090 59729
46544 78782
51342 79454
56386 73420
30640 38080
47450 77936
25726 29474
5073 14795
19014 36201
7570 62522
28994 46109
20717 40343
79329 90486
46112 64769
22118 32508
12857 16442
11304 18093
14584 80266
17326 56388
44464 46233
10933 80684
2621 28634
34865 58446
46624 54019
54402 78783
12283 78416
47864 68194
22145 53305
5836 21392
10564 12302
18737 92284
3183 32316
11964 55502
35925 38188
69564 77212
19933 40886
48424 80985
8541 92457
30113 78004
37249 48773
8506 25521
58418 59576
70243 81554
8719 80474
12543 82811
66213 87168
4656 16408
21069 63541
43922 73834
62401 81920
1977 37243
24780 92303
50508 66864
997 71877
235 59368
55312 56837
52229 60717
47568 58958
37742 88935
63882 74364
4780 64758
39561 64512
74375 81618
78236 89849
58799 79080
49092 83033
26744 76987
34617 77322
62534 64204
2409 35909
29742 44529
11909 74972
19371 60786
19448 30885
9714 50728
67527 71253
16672 88562
40232 69199
37869 82685
44617 79164
51362 53081
39167 68437
15546 79167
15535 70271
59915 81948
10584 50888
31506 33935
34574 52785
58704 90447
39107 66152
5851 28105
58634 81932
12326 12446
43420 90850
25195 81922
80173 88156
47922 70008
67235 73352
7563 62715
23412 61152
19245 25968
1027 70577
41635 65556
16492 66050
54631 63719
9359 50037
35334 42740
51107 77297
1452 83698
53328 70239
5840 22591
26540 51256
56635 77636
11090 26523
5533 66194
28773 35160
26198 81472
28552 30168
37232 52366
66098 71072
51854 69009
36402 85347
52357 92164
4522 21138
1554 83885
49554 57542
18477 23645
70677 92281
5195 87026
10207 69926
73233 80409
55867 91249
38525 47231
20443 85377
33068 54202
15424 40385
59805 73675
10967 49528
18935 30435
11635 34769
30626 39662
56809 87707
53474 60413
11162 82912
35136 90378
22460 80827
32431 80937
13708 89014
4884 77651
80357 86461
3771 22112
66812 68996
1971 9181
43851 83962
82317 91431
58850 61143
21874 39076
21877 32279
15542 90784
49598 51448
57968 61842
10162 86251
61011 82144
13790 22902
64648 73408
8604 72662
7728 67662
37930 54014
23092 86354
44323 92262
11812 71324
12695 33149
34452 50929
19553 43112
87795 92534
53453 70029
60051 60801
42204 47055
40885 84843
6732 85787
66810 83344
78186 87679
64714 68960
27254 27920
46038 89134
31431 44111
9217 28219
2149 83216
8227 23051
29699 69178
385 59407
70631 78295
20378 87605
15801 75560
41856 81669
65550 85904
12466 21624
43252 79563
10200 41699
84227 87914
48432 83332
20043 80206
4016 82877
13411 22098
58026 85557
75862 87857
42060 84932
7244 29783
6993 65741
81235 92358
15296 54467
36020 88224
20326 89275
66974 83357
8065 80709
30799 46846
52168 83236
10932 36206
6820 84739
24165 38191
10206 87523
13481 49596
20408 50953
7955 8187
54857 57649
4429 36297
26159 46494
17442 20212
18387 24161
80320 90511
1992 69313
75167 85626
13487 52657
32356 38021
25698 27330
64620 90904
21961 63367
4284 47367
29405 66842
7901 49313
73166 91511
54124 83121
67749 72743
77303 77811
44139 72187
64641 65610
28592 61456
19833 22826
59420 73643
14399 22226
25980 80754
38020 73873
34796 36724
41339 59420
17606 38030
85765 91828
61039 92101
18556 63819
71773 82780
5605 16889
33167 71569
66224 92271
39249 68291
68602 72212
5869 71603
41785 49362
27661 39914
11013 66478
77939 83294
19094 35887
7951 48576
23266 84248
19458 45603
10885 49168
3388 7335
53397 69244
39786 76564
7601 64066
20192 22309
27477 75167
64905 68870
44408 68240
33956 34633
33303 89713
37501 50397
57352 60015
17514 19473
21401 32415
22839 23721
13209 92322
1822 67367
4861 78468
75633 87674
66687 79744
3204 54816
9903 75003
31499 92054
62002 67564
23756 50669
67724 89815
2413 11636
71865 74447
918 27492
129 36608
20157 47270
11704 44441
24888 78656
10314 16448
4917 36091
29417 57761
31960 85608
29389 57332
46510 62720
83108 87322
21116 84228
39332 82894
12433 78931
1155 10624
49690 76657
9014 33351
6529 46396
7833 41400
7759 53042
38079 69906
31704 43547
15710 69608
76036 92342
44644 66101
59604 90383
3011 48792
3919 85636
20280 56090
5091 73139
3883 41247
37543 44073
3967 8070
52385 54614
37008 40508
29624 61522
6127 37422
4744 70591
42732 92077
25001 61384
40785 88238
9807 33021
20885 59818
4266 79133
34844 92036
12182 25938
5866 23993
75338 85096
69292 86076
20799 69344
23221 68987
12000 48089
58158 72407
22454 53060
1214 76379
7102 72931
16700 39764
43923 49947
3111 23967
8705 32353
59262 89736
46545 67528
48928 76074
90074 90763
21226 61307
72079 83655
8222 12530
26764 40998
15513 45698
14188 23178
28191 90562
62355 63316
31217 73577
48913 73048
65206 81839
33678 40095
33997 45614
49989 74820
35648 47838
6774 79291
32314 61112
19480 57994
9766 87703
13592 90784
32086 65243
18651 37370
5310 18967
7569 84958
13425 76741
55146 87816
38176 74730
8274 66735
19242 71206
23218 71676
43858 68756
1843 46992
16567 89383
28441 79092
64039 87282
11230 59987
20774 34664
24917 85139
20042 41839
13155 60162
27908 60914
34677 65441
38578 49111
3897 43735
58622 74732
20908 27190
27414 87672
1814 40641
16639 25381
18860 79638
22470 53048
11534 27539
17709 25685
2364 59633
100 55660
12028 39740
34392 70592
41798 90149
7533 84873
57967 60809
46502 81630
18702 30297
31020 40689
57621 60186
32942 48758
36682 62066
48322 74451
29854 74498
1593 71324
20062 39253
8148 36549
22522 87284
47598 79119
45906 58124
5611 89153
14482 57537
54879 84488
39902 91382
46301 51959
18309 48644
10727 48737
45254 80788
29857 80715
32313 78591
11645 73417
72165 72403
18951 23297
45762 71424
20409 37170
69377 78170
50107 53959
54780 83092
175 6816
43671 89766
66528 77790
19827 49720
21083 49822
7441 65607
64270 85331
25917 38859
72421 75410
6611 35534
26327 28935
13616 22331
65360 87062
56082 59070
11733 22483
18932 41330
49844 61604
25028 47099
41798 78795
12081 24280
13047 74822
19979 81512
14572 39231
58549 68423
22619 63500
1682 27407
30769 47297
29196 34406
18839 71791
77604 88867
23474 88738
508 61540
10445 69456
31038 89089
46009 65261
3834 59406
88625 88861
5514 65049
44905 46953
19161 77941
15834 17705
35689 77996
8174 10648
8586 54097
18450 23983
28944 75686
13488 29763
31245 59083
8816 26363
39560 58487
45526 74902
118 29653
27466 27759
3544 11907
50905 60701
15459 51757
5846 37747
9515 23690
36747 85623
57869 75258
49257 56072
22124 70297
4901 30231
68711 87113
5854 66402
70620 80487
9478 36670
124 16438
11302 45548
16320 80304
37849 58219
8659 45208
72504 86869
32382 77200
33833 52435
1983 24683
5489 81883
33191 66038
6558 87614
43631 76811
28382 74049
4969 27222
84379 87629
19771 45428
10725 67329
25444 87970
72960 85420
65032 87685
5314 79740
38832 81219
81365 83989
37341 58234
20804 30655
69793 79000
23937 29056
13987 86144
50412 85881
11359 44178
34932 73684
17526 41488
32182 81073
14577 89734
11155 81332
36444 68065
16091 44083
42706 57364
21694 45163
22827 66740
25840 62491
43467 73685
70837 86520
14409 44438
8222 82337
33712 65831
22551 85352
66328 82132
42277 81230
35302 52873
52820 73393
40533 46777
6844 57080
51548 58441
37026 45731
66835 92465
3969 77086
47907 56984
24473 74440
61888 69594
22607 71418
21995 31638
38909 43447
35844 80735
54744 71083
24616 54694
4130 65240
29929 63816
21133 76597
33635 80273
25747 56009
44127 79347
5083 33935
44030 63009
29887 56861
15534 86044
41172 75162
31652 40120
34993 64243
51272 67785
3841 11910
50018 81730
38875 55126
27673 81961
26723 28284
20397 59421
38031 92268
62020 79558
31206 69782
26548 87618
74921 83309
564 67451
63773 64530
19141 33749
66165 78474
29819 79729
17854 48016
16406 47876
34637 72253
5462 60882
44838 85112
44933 91338
28685 33899
44805 89987
43809 73976
30539 31516
21861 66242
59116 76947
56043 92504
17622 40690
35926 80087
44736 69669
78567 91921
53940 88832
55222 60699
14533 71738
91766 92286
33600 45475
69143 86317
23492 58028
40572 40807
66576 71083
28961 88748
10543 34785
11564 92145
13495 18430
40386 90914
34928 59229
23681 25739
18030 61577
10325 45963
23273 35136
9139 21004
2718 44419
13481 24106
50501 83370
2947 55796
10096 91192
31772 46925
76 31593
55130 56497
26581 49199
12880 19875
12765 26749
45224 62845
28869 48507
15770 81109
6110 57201
62738 75363
74962 91362
74745 81146
17791 52591
24414 26484
15573 30185
10917 81502
20375 39758
14638 56919
41842 72819
26892 66828
4470 69284
89967 91139
7860 49352
47284 56516
59161 71975
12519 79538
48893 73057
4884 88147
20602 88262
44556 63846
33695 82821
21947 49531
18383 25110
19249 90374
43550 51739
31505 42542
58877 80638
3641 68537
10737 92219
478 65538
2419 49656
35630 57606
9133 79307
38282 50700
11098 11928
3460 32985
25628 37503
64207 76478
18371 32678
27776 56807
34975 52931
18553 49031
9690 17780
1073 63627
4532 70412
76160 78693
76133 88367
57677 63844
8664 80276
54954 56097
44710 90842
63049 66057
17207 78723
36614 59212
56396 83670
24908 91060
14012 17047
43172 52540
41443 64104
61719 61971
49169 89650
51521 71325
14893 68140
45842 90430
88676 89794
57048 89735
34686 36130
25828 63612
51030 74147
5547 25400
21329 24363
7424 79891
456 83736
60484 71701
20706 31629
28493 44973
5842 11475
14447 55043
6140 44749
62794 68010
76097 81313
59856 69635
10575 54254
31103 34409
1106 84820
16750 41370
33454 41506
20724 83693
10620 21824
9811 29067
13622 72166
21828 49394
3302 80210
14935 40249
54223 60187
73358 91715
64759 65525
353 56749
31437 78332
47728 62542
29077 88812
3123 59498
2990 75463
12520 52944
29996 84104
54784 89148
55278 77139
71571 85289
36792 85355
18927 60388
1621 32862
14091 90476
4047 6866
63086 90384
33767 33897
29028 85816
26290 69860
13959 28431
55708 65026
32466 58176
57375 71496
25031 63767
76752 85425
6027 86358
56945 88152
81561 86923
47555 76514
66265 89350
53517 75578
33014 92106
31534 89406
65928 85709
69424 82010
40522 46863
51816 66607
27271 56885
18173 20899
19975 61171
6454 76515
49992 92313
395 61339
9960 74582
4930 62922
29264 47823
64253 68533
14888 27663
17269 76295
69212 72119
81135 82166
57299 80713
56906 77739
19120 68096
23131 90909
12697 38434
42032 79913
23528 48627
17068 56745
74914 91612
16016 50738
14996 24547
58103 74042
11880 92469
56281 58345
23418 35038
375 68549
33570 45292
8089 12919
13976 84660
18322 53024
16886 41756
19809 51161
63425 70801
40066 60133
19824 55078
78690 89274
10080 89890
14827 76116
12710 15989
6444 73464
30566 35968
925 41721
44745 54239
22280 61652
55629 62248
5502 70610
25995 44302
1665 60246
34575 83876
39119 55717
28998 85750
36569 43097
34733 50456
58361 68068
62809 64556
26930 32155
5361 42247
19902 75384
41459 58970
28688 81415
27796 75789
25223 89354
22515 70930
69848 91219
21531 74450
13374 45926
534 73768
50017 63539
89136 91822
26365 91147
63613 73019
40059 89436
17373 49724
24039 63151
2230 9594
15948 80385
78991 87060
30567 50802
17869 48569
51933 74436
54509 84588
721 45480
51404 64404
37341 39190
33324 87614
17643 28141
28062 59981
32440 66724
27821 54305
28867 54316
14526 64422
72750 83911
26191 75043
17004 44807
13633 38362
16631 45422
2353 71383
50563 60934
10335 29802
83564 87566
33171 71343
7031 54763
3514 59844
29876 84851
12729 21818
24315 42857
9096 12820
25894 75658
55860 81134
83655 89766
5088 47381
4234 75123
1834 77568
68289 83737
28701 56148
20769 62239
4229 88600
67857 82281
42602 47332
37307 46025
28655 59353
8294 32083
22670 41404
32291 58383
6505 71063
45818 86837
78569 83366
19276 63982
25320 48156
41981 50860
33175 80796
37564 42985
20766 20964
34187 44432
66575 76039
38217 82998
57121 81377
13666 64388
31342 82754
72618 75679
72714 83573
23965 31301
24924 48801
41954 78502
27879 90543
13622 87776
51325 52954
21522 52762
16512 42850
45294 71181
36948 73855
31618 78939
13371 25444
31761 43244
48983 86680
54492 55461
41951 67486
46109 92592
6167 25777
11000 20078
60408 83757
8569 67932
33636 87245
14961 68606
2507 89351
9466 23070
57757 81033
21291 46425
1370 10853
84130 84633
14000 70365
57888 66688
15697 69627
9089 64189
12165 76781
42812 70160
19151 57747
41178 75122
25017 35226
54435 70280
15434 71895
16162 86786
18360 90394
14486 31372
41893 62236
23975 25336
65436 72554
49810 62478
18743 20211
61109 64791
64835 77646
15219 49153
68209 91988
46785 55176
58505 71674
10948 76799
33205 70986
14729 39159
73312 73540
24806 91002
5863 89644
18829 65538
14751 72063
63490 81542
28704 57972
8515 18048
14007 83329
10129 32342
32270 82626
10106 34053
8520 46815
37634 69942
17510 89813
1141 49168
36668 64137
29121 79163
72294 82841
35896 46316
6984 14435
3108 27964
2879 21558
11103 68754
40284 66815
48086 73657
80229 86958
24278 61893
45259 47130
35447 49610
57674 66849
51917 64329
20069 55745
83953 90824
24197 69469
40060 79059
55995 61803
39314 46949
18614 20517
12240 44445
22889 34811
15107 29376
25914 28436
21240 52489
28039 57585
15381 86671
26299 65924
40064 76368
69035 85182
5442 17730
27086 90214
39480 87581
7108 53870
44852 74111
16628 66277
61602 67913
65500 89992
4911 40674
17357 60756
721 9010
4222 20436
60106 73189
5486 66346
7460 83890
75167 83137
22103 68695
75713 87585
6876 7873
9352 75609
18627 48811
11642 34906
1811 47033
52084 57412
31273 70798
15448 57834
54254 60497
2198 58849
6993 57784
23673 42218
3367 90601
16485 68089
8025 65025
44342 67363
3283 76285
19786 44915
20993 69317
23487 58158
60006 91115
67020 73553
36639 76245
33392 83738
38727 76987
20639 72021
25747 87963
6266 46878
25645 37883
26237 29193
23699 44698
3321 59160
28719 32743
887 46481
47758 75647
15220 28986
39194 59546
42003 77894
5229 64543
33358 62230
2122 74096
30365 50699
35539 83609
11760 84107
74169 91853
5746 90989
5850 57107
52565 84296
30691 91407
8098 37454
66589 69864
15407 22766
7678 61316
19297 84550
38112 71671
3808 55142
19389 77042
51541 58708
781 82112
35295 40629
40992 77289
27498 59119
85157 91285
39862 83555
944 78931
62764 92234
43394 72700
8371 40575
7527 83558
37235 69937
785 88846
53827 90344
58346 73089
60782 87558
34454 89784
8041 20271
52606 90711
9588 33998
28436 72022
44213 52060
56316 77896
38293 71558
66164 66925
57698 78064
68314 84729
25611 38672
19590 63095
43552 47561
1927 10815
29059 74940
60034 82016
45284 69553
6413 47606
19860 37646
61974 85997
71128 91518
45960 74876
65031 65490
12269 30766
28745 78461
15950 71185
12731 25843
10815 19328
30776 54398
18533 20339
46687 87759
38187 75252
150 89105
6105 13038
88413 90470
36221 78110
69164 69335
56874 70067
87500 90028
41779 57386
37193 60127
18917 59920
21648 74570
12331 19528
7662 26470
2631 20028
314 35077
81128 81703
4889 67478
17161 27328
42528 46494
8603 69385
15345 16964
1982 66964
22980 28968
41093 68312
10584 57497
88553 88989
8840 29556
46401 72130
17961 70210
42939 62240
34265 82458
1383 50195
59201 72631
64896 90729
72623 73957
7837 75531
3594 91283
2241 69634
934 39375
86746 92591
59249 83694
6547 88388
34117 81625
51189 51438
20563 49788
3366 46664
41452 65555
13217 17161
5978 29422
18820 63257
45418 81130
65480 87904
53537 58316
6552 52748
33601 80199
13581 55734
7375 66959
31977 32300
50901 65465
24520 40320
7235 31201
46926 87128
36838 39460
11338 12161
13393 51468
34559 48501
76136 90985
16943 64846
44359 51191
57597 66151
89056 91460
18321 43080
28468 41680
39190 52227
11508 81017
9315 38016
46114 57299
11310 84615
35322 42238
42255 69523
70087 80734
6389 90991
21139 84737
47638 75613
837 42288
54249 76768
12822 24019
22287 78670
2062 18274
60804 82436
44432 52545
12035 82767
25854 88542
43078 80989
44303 76665
28809 47667
22723 54481
56182 82644
4887 49755
25754 58697
25983 26877
70962 88898
28198 37361
39304 76337
32641 81082
5424 56646
36176 43928
40426 92396
49639 81394
24208 40032
12593 80561
21158 71620
32094 63639
10769 26211
55426 80191
22967 23364
35571 65704
14484 21489
34172 45947
64161 84693
7202 44942
22558 47740
45997 64896
44201 63508
14099 76751
39822 70775
16165 72683
5093 50150
20080 76193
11023 65956
73222 84909
64585 69816
9282 73658
6622 37585
5196 45721
49679 71947
21390 44400
34057 71908
43879 44521
4518 62884
42464 59340
6875 79146
63308 82434
6855 30722
57800 79674
55947 83876
24260 79422
20796 55450
48230 87546
13814 46090
20193 56574
6814 76517
24621 51162
26105 29789
68129 70463
22264 46908
20598 53506
5434 37063
1024 84135
37226 67418
47427 88812
9788 50688
37850 88912
34735 51360
45081 64920
35169 48063
3349 42116
46303 73931
56 52749
16211 40965
4883 82779
39234 46703
17473 91988
62850 77519
17721 87498
13514 71603
55728 69641
26333 62129
9859 74357
30926 46003
13573 67816
6785 45783
40942 58156
59179 75142
34778 71942
3551 39774
75966 84345
8454 23744
79746 84283
66429 83165
62580 66082
30465 46389
6283 27201
34329 36045
43947 54978
41112 76385
61017 76320
11878 76291
51881 82847
14132 47196
56131 91519
7566 10711
38866 73211
9575 16589
1947 64176
80401 86869
21189 38656
81234 85001
56154 84934
55545 62206
187 86991
25495 63216
52010 78055
60896 74036
40731 87640
14671 38633
77827 83166
27093 39215
11796 71520
31382 83731
78655 89834
8719 45772
44957 63011
57601 66298
33785 67502
4946 69338
22445 62674
55889 68277
68331 81182
32640 91424
9522 62601
21083 84193
4720 44668
65184 81922
27051 69651
25353 79407
37251 47052
3412 92358
469 67305
29407 62509
2648 61442
18873 19614
13175 60723
17287 44711
18488 78849
20801 23036
18033 89094
21719 70955
10623 62144
15061 56813
2656 87019
2425 44855
3707 43531
43190 45916
16150 73106
396 69847
39129 83712
39260 63305
10287 34047
15779 22059
12788 60504
17364 27842
124 90810
7667 52199
31979 78760
43931 77868
59386 69459
15441 81088
66146 75581
44439 84223
33544 44566
9256 84766
55265 58346
33433 56980
9547 83312
48397 59819
8782 16909
5903 37718
38752 75414
28913 77713
37288 74801
62995 70191
7797 39804
41697 73678
18641 63003
3817 48845
9885 23486
25223 35247
21271 83679
30902 49244
11768 47134
10038 47907
5358 48748
1115 76156
21559 87524
7270 38059
59571 76172
21358 51747
6923 23225
43888 88049
36694 79121
9332 42724
35540 54550
19131 58291
71153 74181
9368 66708
24746 85925
20129 48596
15898 83645
4102 21015
61580 64555
37707 62576
38540 85583
27692 28679
4743 7608
52925 84753
39388 75227
7568 10378
5525 32075
15650 22105
29880 59150
31859 32305
28255 63054
59711 82474
85718 86189
14783 85308
75572 90722
3514 16583
29838 61697
43466 67156
13154 70027
18102 52963
12768 49903
49008 68375
40067 82301
2203 79298
18030 79575
4366 47658
42387 58562
53132 64946
54675 79456
13300 67264
78412 79534
32144 51924
8530 29402
44506 45659
70896 75974
46213 63951
19016 87832
7350 32291
61585 75326
34684 61024
21224 21524
27624 40393
2808 69062
1724 49927
60233 86595
11014 17145
18717 91999
22689 27826
14646 61054
2878 92211
6940 59101
18716 33149
51963 58806
24117 82765
47632 73342
63015 65861
64402 81769
40715 60330
18455 92619
3230 72140
31135 59370
50135 60768
33216 72370
16428 49003
56268 89454
30051 47882
11153 89775
7649 66332
30245 83539
73101 86167
16895 92608
60082 66648
13561 25082
56429 63500
13413 80718
29292 66250
9818 59539
46071 64397
56721 70443
27743 90524
48972 87260
11101 78254
21440 35211
62666 67523
25832 40797
20793 70543
8402 18390
51976 79624
25663 75351
726 55015
16793 70612
73953 84816
62435 68341
6496 77027
54911 84326
54720 76157
55017 87038
52539 74999
17559 40676
35266 74018
50571 81412
47476 62388
68940 84749
16430 73983
14896 63995
41423 85889
76057 89242
3983 21850
15101 62284
12961 84057
23512 82254
50529 59921
21529 47090
56879 91523
18347 83825
66841 76825
24223 54515
29492 51290
15588 86949
12436 90088
54277 60883
12430 15719
17402 74606
42800 52473
24104 91089
17101 64177
64700 70950
10758 42015
21839 91271
35379 87189
50492 53810
6393 87787
37299 51365
46466 82936
8869 73634
77723 83695
46321 65631
62640 90585
10320 39260
14376 21745
54491 60259
10336 25521
6304 73085
49626 59458
30537 82101
52595 81167
14823 86476
1107 1163
65058 85482
62245 83768
34126 67768
31559 46936
26562 75319
66818 90834
28439 86518
12304 35999
6362 61960
20401 29064
36471 68246
8447 81946
72722 87148
15614 90639
9383 39545
51395 51883
67609 83147
12465 58969
26325 56292
2723 88389
26517 59051
19462 74778
66576 72579
59370 85704
47370 74618
14069 73016
18238 39526
83474 91341
47386 76035
20589 67345
23554 54107
25442 48354
10598 34587
11472 85196
63623 71027
7299 42703
21273 65552
21400 41522
82033 90360
76353 86541
36061 85647
17947 75055
19653 29542
13678 31452
40893 59130
38126 38595
42945 62318
27885 38147
133 21445
35214 63133
49211 81503
1278 26898
46196 78272
42732 66673
7951 64518
66120 70728
57801 83189
16324 72886
6997 86556
10340 19818
8078 70186
7818 16709
10015 88396
75841 83908
1935 82445
56865 91401
31053 92248
6974 81813
4008 34739
17135 76720
52875 86125
20877 31664
18334 30972
62736 80284
29588 62811
11174 19293
60813 67786
6074 37863
10661 31102
8624 59732
64594 88891
23447 34238
60141 76792
3837 57365
30143 72891
35325 39008
23311 40938
13721 65844
25209 49038
80079 91530
27321 63444
53408 92379
37581 41775
51867 69334
59848 76050
32888 84237
37677 49968
53188 69080
75632 87605
18619 71662
56908 60249
28237 63303
7598 82263
39643 86552
28943 84356
60015 79796
38492 46416
51241 85335
15797 34387
28572 50582
24815 43592
29107 71047
44258 60475
8305 52087
67173 92395
68594 72550
56885 86610
38397 89551
4701 78298
27872 27890
22508 42792
61841 72000
68062 77642
28034 85581
3595 88214
13055 81930
11067 20094
8422 75489
58410 72939
35139 59164
4954 57293
38986 90865
10589 80766
67563 72010
9885 35311
61232 76785
4368 39649
7487 89335
85289 89483
30129 76709
12884 69031
9795 66724
31583 86486
31132 55142
8544 30712
36014 58612
78793 83030
1910 41881
77809 80142
35844 62449
73175 76829
401 65268
28566 69061
38378 48748
40045 44641
39411 76305
10417 55253
9617 91221
12983 19725
38141 56901
36699 50523
26655 52154
62097 65736
44933 54931
22265 51503
57188 91932
50697 90384
6694 43384
16684 89421
51716 73617
2563 18439
79247 81132
59990 91842
14781 32139
72948 79922
11299 85821
635 62308
1375 17774
82720 88131
2794 38771
9435 14069
8194 76045
13790 62253
19459 19746
29833 78325
2012 11687
43863 59184
31410 61344
4481 55502
10481 67248
23930 47649
5621 19809
37475 53704
31120 48082
21500 34136
24551 92530
20292 33422
11272 18263
84983 90545
40123 83322
31744 60284
20587 31255
33841 63085
64853 65501
52139 61098
50052 75541
29230 51862
5958 89290
67906 68302
58977 78504
35068 86721
63507 91100
61989 71728
21859 28405
39981 53658
10122 11806
15122 84864
62763 71134
45811 90662
21239 75068
42683 80860
18990 72703
31925 64392
28248 39057
3864 60444
14013 25648
11301 76603
54673 92230
49854 69924
21851 32333
67777 90574
56800 92380
14976 38395
26250 81573
38938 89242
34559 90405
916 22380
30210 54871
35178 36611
41650 59480
34182 60700
6347 32137
32920 77784
11845 74055
27279 39317
9036 32196
4850 70402
14339 21241
40898 59417
22130 22734
40555 82304
45313 45634
52045 60545
20627 23641
20949 30131
8120 40980
1304 29675
76446 88534
33576 66381
64736 84672
29093 62231
25952 66779
20319 29449
2285 8975
24572 81116
29254 30883
30959 73441
28572 81501
10619 19198
34394 55671
8865 39782
36834 37579
43337 71091
58701 83103
67013 76345
15186 42697
47269 88339
87797 89523
15351 34415
54164 73841
1771 28815
38810 50116
30135 50936
43163 92113
71836 76213
50250 89697
8736 24834
4784 19861
3026 73167
65672 79558
22674 92290
36217 75661
35278 89963
64829 82723
2791 58456
8898 91797
29313 73399
19490 31553
28915 35463
29081 60193
2085 44302
60410 70200
37480 58261
51713 82686
5836 28693
14372 61761
7984 76277
42095 72302
8670 82802
21309 90841
21192 91381
51722 83137
1114 91241
58388 61938
40939 54984
44560 84241
43722 60739
11949 80080
64141 82224
1170 81161
59700 81688
26447 52031
9625 80975
40308 67398
19557 66031
56732 65549
33066 56834
10497 40164
28195 31520
6167 81327
7155 87672
340 2049
68762 71858
15238 42282
72212 83666
54590 65085
7707 85298
61422 75111
13946 43596
21814 89651
32277 76509
19133 37307
2001 90426
22276 34928
79586 91251
28340 78150
7523 62126
21128 91440
6433 79890
59285 75992
44684 47882
69748 86295
55616 64142
26105 43888
63379 72354
29080 43272
26039 33753
12646 90996
58166 75307
16016 57659
61192 77106
52048 69357
63839 65084
25605 87487
1498 61487
57795 72833
3470 79416
38215 76760
8138 50068
11151 60656
58190 60989
9778 20359
10197 79898
28388 87762
14064 85305
14014 47167
31377 50992
62853 76387
40147 46481
22851 66782
39225 48249
66834 70279
62185 82396
26184 28024
6704 37559
20078 37652
24310 48788
2022 62441
4356 44862
28094 62951
56835 70682
4581 51974
3680 6864
31440 72785
42081 73327
75193 80781
72653 82583
2003 24702
22794 59281
1702 57210
8588 81064
8861 20303
1373 14258
39512 52467
19692 45832
21901 60942
30020 56533
26803 89967
12046 39716
25286 83160
26265 61589
16410 29420
18676 87065
51106 52397
25995 49247
73679 88029
19055 90542
33320 84550
4684 35656
59115 60293
14 60996
5903 39853
48682 54295
48843 68041
21960 40237
23409 26165
9786 82169
14788 37714
63960 73596
92040 92294
10270 62358
2494 36747
75546 85279
17532 70826
43780 51276
26468 34205
40569 80016
17285 73002
54445 79488
6080 21342
7774 75037
25264 49514
24611 47397
13172 87479
2233 82730
31633 42248
8977 9029
6713 69384
62175 81808
3694 44384
56547 91295
11821 84333
5077 12666
86555 90541
18897 27041
56824 85185
15699 49578
35134 70981
4380 64205
24803 34564
8658 51482
40071 91906
68338 86242
13497 31849
61580 62727
18925 28116
54951 91121
7113 63513
49539 80778
16386 74211
49922 56664
8631 20550
25367 68831
26854 50564
29917 56433
63661 66766
65382 75739
56713 67462
28763 72168
18924 57791
46292 76684
12747 62661
26697 80076
1294 59663
55582 72055
32792 76361
4720 30548
18947 82966
13814 50850
20086 21053
54065 59427
6407 62006
163 67339
19234 91280
55192 78029
39362 87023
8825 32164
34024 71831
5288 40482
4451 42556
64989 73228
9331 11476
74048 76527
10865 70844
11283 73136
1606 88780
64626 84022
34989 64316
90718 91956
8199 50655
56512 75837
66778 68108
16591 41218
10518 74952
9190 53502
5522 39908
65263 73072
36147 74249
3601 91167
16220 22708
2696 82908
43021 91274
44229 45891
27958 92619
16974 83468
24941 84052
61822 92482
3365 23304
44787 85952
55862 87956
33288 43842
15341 75702
8415 41470
63467 70879
31011 51215
56698 57063
18505 88883
7046 86329
53726 62079
3591 31659
3715 60859
36021 63346
15662 56226
58947 60786
13277 83667
9755 53130
2152 6255
67266 77481
65731 84866
8977 67825
48825 60495
33542 48262
2256 43858
4976 15407
16341 24217
49962 60445
20330 26395
7151 55404
837 11225
68268 92502
10984 79017
7255 45499
61071 87721
29327 59377
24204 30209
7139 87168
78933 86159
14532 83345
17443 54250
71568 82703
39449 71959
30213 92482
8714 58526
43124 55005
21707 36829
1094 52110
40332 46089
6721 53105
25017 37223
57804 71631
36989 44915
79938 89207
33533 85566
3068 8240
34953 57334
7608 53612
36902 40383
21710 38549
14660 46311
26208 33239
47900 62337
29987 82516
56998 64852
46769 70161
22367 45910
14693 26212
37499 63525
728 81785
11415 74372
13300 25716
29374 69559
45005 65464
13802 65885
19314 91345
47284 77325
33518 69144
55177 69488
15489 74553
28608 56285
6586 22533
28736 76781
29103 70110
39554 64904
25186 79478
1169 5881
10087 31957
13172 25468
25298 33371
16183 68674
15073 74775
5511 82214
23545 89453
54476 85711
51337 85080
7408 65551
2078 72226
29267 72297
68047 79316
3819 8855
3643 30415
34659 40534
5261 10158
59537 68937
46075 70060
18947 73055
37466 75784
33460 81527
17253 24893
43008 43090
34563 87109
5659 86276
11487 24255
538 3098
2966 90468
29746 69029
2290 60664
68143 84841
7780 76539
46969 86172
11294 26184
76005 77875
21158 41534
32083 57343
15057 45158
46840 75452
5471 74279
46764 74185
18748 88200
50728 82914
38177 58523
37581 48950
890 3770
13867 35186
20185 88111
20382 73433
52370 64037
23435 61274
39524 43960
6715 8821
45685 47109
63624 89802
57775 63755
25314 25448
2211 47212
5304 60386
12853 35597
20030 21677
58804 89365
12241 35433
20184 77889
1384 43370
32455 77693
46703 75079
63479 90240
64386 75638
23999 53633
29874 52867
9785 32298
60330 82294
37047 89803
56369 83799
8529 85320
21318 42577
20085 66749
47543 56769
19130 65567
46280 72300
66730 66741
30778 55772
49642 92088
20076 69007
25614 89295
15267 46871
17365 51563
49697 54165
24700 83369
44914 84212
36034 67461
29046 65115
62295 83111
28078 52590
57981 59705
30502 45044
4728 55424
9409 22435
29671 50702
4907 54697
4130 4222
16757 55066
23720 90868
75380 88189
23982 53285
1824 61244
30588 81793
2539 78861
43599 47916
57807 63200
44233 85947
24342 52646
4808 5067
59487 71334
37147 49318
3990 14913
74576 80815
25149 79011
15060 27576
36912 74489
9888 59309
20963 69322
18711 21727
38986 79145
77564 89481
5505 79720
20377 20763
17749 33144
52954 78351
16224 48193
38275 92344
41661 77693
17287 89451
67819 77876
7893 12306
13065 78968
6247 67714
25703 56600
39105 40965
24566 68065
60272 87494
39645 80999
36834 60423
78776 87930
60190 75870
20874 41286
22948 41121
72495 79041
35530 59716
12296 61978
22688 28160
27864 63668
32038 72696
74985 75373
6919 13944
41389 57785
16844 38235
39078 39282
46006 56738
1643 51507
64030 64447
47754 74694
15289 22999
86187 91188
70781 75428
2148 56762
38680 79887
29081 92207
5431 64141
32829 67700
62277 83746
79303 85200
48017 73577
18548 69280
46209 67713
21163 82318
12707 14602
32815 90094
69015 79790
25059 91343
22055 86605
36624 69185
57532 62667
24558 77676
8652 48546
24126 82962
40362 65661
45919 89574
88823 91660
29720 46326
6335 10597
7953 43988
12781 38956
52 53508
70370 75956
3919 79701
20146 66096
55606 86675
2647 20531
77384 78827
16477 89060
32470 41568
20064 54939
28778 78493
12709 39693
8091 20921
57804 61489
61618 64847
63900 87129
42179 67958
16891 66779
20531 50947
22094 48172
84953 91964
5340 51736
48541 60295
6834 49082
17580 54878
35492 56094
11115 83589
845 82744
18737 22133
45771 79201
10766 45666
66614 89438
56435 84504
5113 25628
57867 58736
81578 92277
7273 54958
23387 27768
41789 72292
47191 49197
64043 87556
10908 75971
45745 74073
49979 78198
53856 74873
35908 68825
84606 86268
20812 29286
35629 40659
24342 51296
8968 54990
30891 64952
55120 90771
29719 79334
4996 60732
47338 88884
40796 77584
62981 80153
4543 14981
42254 81567
54666 69922
39647 64030
48607 85828
13639 39290
12712 13795
47950 75243
25879 50432
74266 80195
36647 62839
82778 83668
65239 66089
8824 82854
23252 55353
21615 63246
36600 44219
54679 61154
10384 33685
29999 72322
28625 40375
31358 53761
14921 20242
26091 77062
39795 55273
59145 59223
31509 56898
7085 28691
10224 30600
9575 61037
20098 34250
27773 46039
3311 60974
46764 81509
12357 58698
11442 58117
778 42169
18318 92369
28112 88001
5095 58604
10250 12482
37927 70347
21735 89713
49453 51343
23986 48724
12288 78457
18812 85729
58227 81394
31075 81160
23740 81403
18508 37315
33015 61170
48446 80839
14199 87313
7730 61587
46708 75484
43268 84039
3134 60538
31259 33530
45547 59660
1569 16255
33862 50578
10319 89128
29070 42843
11020 33218
3820 38136
8129 60066
29601 85508
76857 81785
42128 49101
55145 61735
517 74093
22858 59074
30986 55458
3723 27106
38816 80203
35979 86627
5688 91794
67089 71781
32175 84867
37677 91153
21661 65064
36413 59788
24777 89565
5945 27820
45829 65807
21905 46325
44884 47774
4053 83411
19888 79961
50570 62383
45148 50393
62028 65630
9392 13628
16781 60121
21132 36783
3269 67488
10652 25677
52702 75734
17478 52130
5094 8400
54893 57154
32810 37237
6063 16158
24864 77737
30297 77594
60766 89336
37392 64381
42400 61163
32102 56431
18061 37498
56128 77650
39880 59439
14870 91127
44038 88142
33451 41684
43002 43901
815 2108
59007 66324
88433 88853
2660 14715
514 26235
24250 25890
71876 86875
5396 44061
10826 17304
1708 30047
11373 70326
35836 48601
10224 15259
51890 78665
44498 48489
20312 79529
47200 90545
38091 65090
53220 72398
5647 18141
27846 32224
36245 86497
7614 40564
46202 76107
10588 24542
19573 85889
87379 88640
70199 90379
70684 76932
5168 83899
11914 15432
44991 51562
10479 83761
76792 81144
38380 48559
36096 77270
37928 40465
32607 83257
3798 11102
9447 12773
24575 57775
40675 47712
21227 47890
1937 85890
58624 68809
19056 61114
57682 72365
31952 72556
2259 88047
28598 70841
43527 65507
24132 67885
36204 82891
51561 90286
35620 64535
12065 91680
47875 60369
3616 82484
30763 58458
42189 71769
17950 43185
20129 23325
34137 74864
38700 63185
43006 71843
7777 8303
18070 75229
17304 45593
2319 37287
49325 59718
16848 77955
73524 84788
21953 30580
59205 89333
32359 58117
4835 85452
13495 72164
11154 67377
43561 84147
9386 59420
58824 77078
8477 66768
33691 73752
40438 62483
18102 58570
31243 77950
51010 89218
20128 69739
1492 79394
50309 84375
32162 62053
26974 32076
41316 59132
53197 71081
17547 82106
17330 91253
15985 81776
33380 43823
34488 43225
17199 91604
1153 35708
66942 87536
37193 92571
19785 84762
11576 53440
15576 42410
6777 61699
9471 13246
67441 83104
14035 20271
83140 90704
39406 89134
35240 91849
17185 30682
2226 89932
335 84165
36366 51860
81578 88926
8918 23356
1663 73282
33481 85149
73031 85267
16905 53351
20023 81781
29304 83623
65243 73150
8862 28120
9811 55031
23504 39487
61424 73731
78958 85589
10824 44362
13871 40909
7261 61521
80641 84111
20179 57782
26047 33376
22896 86090
1069 82195
48248 79331
9415 21450
17332 38202
36424 87276
5576 12104
29385 30283
37138 68084
5092 12902
54470 81739
40055 57613
29510 83867
42061 69155
24995 66184
8816 69327
57927 80899
55746 73406
39898 75214
4464 45321
4635 61048
6162 19079
34595 55125
40802 88351
49858 56315
20770 72282
41067 51616
18493 41524
14779 15472
20421 79001
6754 48729
13687 85869
8304 59970
30074 74734
38250 60771
989 68352
68744 78139
67550 89166
72300 92612
46960 47385
2924 27187
17944 60230
24307 52379
8235 50790
60658 88747
32192 68727
6037 28496
37038 84361
14893 51338
73389 88323
31978 65851
46868 78118
38824 80722
14536 75978
14780 89682
29873 48091
5264 54988
60854 89949
11012 35769
2894 15129
36747 81616
65503 66854
26912 33239
12425 73555
23075 61494
7499 32392
9108 16781
18100 62023
38662 79484
76 83277
3633 78100
58143 90793
29725 38498
53626 76994
45160 47900
77857 92201
12963 43540
40435 76267
17493 73406
11762 36476
25715 43909
44242 70068
25376 72791
42029 68271
24304 62452
22972 51364
71354 73819
15870 46230
48624 82535
37950 67636
12837 25324
4115 44454
51138 63906
23482 80429
26020 44665
62236 76901
17324 60412
26496 48376
8879 16631
14156 85618
40466 57282
27563 41367
8135 26086
12872 90925
38028 44056
24076 58688
13650 28514
38184 56766
5221 18931
11436 41814
40774 64168
20106 72419
55900 61953
30019 52244
42297 81802
34058 55591
53894 87315
3631 71191
23590 49140
42813 50281
73094 83204
17489 33290
41428 51434
30524 74854
6843 34685
40551 57178
10398 40683
34684 62348
887 25091
66418 68807
35765 62914
33526 62185
10911 88802
67593 74560
4032 26635
13202 42654
10509 83598
43312 79506
22108 67160
25105 30657
8888 48311
48657 80827
12322 76374
12999 16402
37616 85292
34050 75622
5410 51544
53104 66861
36391 61587
4888 6350
71248 84404
24026 45419
26545 87358
2549 35018
17193 86665
40067 45288
66874 78144
27340 43337
59847 79245
37777 44629
26599 36430
36944 71873
3918 48678
79808 87188
3879 14677
4461 78843
48819 91387
65028 78777
33288 69808
21559 41000
32775 90243
48481 48968
68868 70927
9543 63128
23 9249
3007 36981
11699 34896
7849 62150
20419 58712
45309 66405
22576 66871
75136 89207
35312 51571
43046 60513
11339 79163
24591 29917
181 65678
33800 59394
3432 88618
49363 81114
5394 57352
67056 71324
46890 61052
26271 54174
43345 59649
65668 88218
1614 64723
26545 81215
16444 89818
58437 61475
3126 65863
64195 77592
86147 91524
13420 71668
26789 82956
30596 56431
47689 77111
48811 64153
29991 64518
8069 44309
27592 84290
82760 86271
76709 79061
74715 83581
3415 51428
3536 71030
10533 79563
16297 28400
34960 75203
25024 45077
12929 86373
54391 56575
29649 61261
33990 43090
49651 68391
70765 74546
45491 70431
53965 57280
28609 77104
5786 81041
6584 43353
47260 68649
21563 57949
58949 64120
54565 57130
40628 51182
32021 54954
61920 75071
38309 39782
24417 57268
37390 81570
9675 92170
58691 89365
12819 65879
41428 72403
36429 53772
35103 91884
22376 65010
1255 55639
51776 53590
18872 37566
67229 86617
60531 79403
30762 30981
26303 60341
5891 86856
4451 81544
2981 84376
13489 72646
3179 15133
40697 78694
17143 35556
40978 91860
43158 49709
1636 66715
12533 54311
39250 47577
50406 56257
68083 79696
7518 32296
83243 84388
25142 37877
42020 66137
23654 84306
52563 73447
9920 46486
43344 71399
5321 50586
69578 85846
55318 76122
55386 87140
27070 36211
27742 43716
2748 39347
20716 44029
73376 74714
9457 51039
6447 89078
1900 70873
15862 52363
35938 68732
50743 64503
24702 49383
26653 91330
28876 41745
3091 22451
26973 34896
32050 80706
79025 79668
70518 88471
19485 74065
50865 57837
37739 90225
41705 59720
31356 48560
43897 62392
33717 71351
8409 57490
50708 58844
13439 88240
24031 66762
4489 7290
35420 52658
6987 35699
30479 40055
20800 81736
2841 57796
7329 58266
25405 80402
25232 61963
21834 90580
12206 59635
75284 77603
28769 56377
379 81293
28352 83441
46287 55212
56562 62524
24985 71084
31489 77926
43614 59697
57095 60294
7469 79457
31794 35740
68917 74016
23149 44150
60288 66759
188 33204
54486 92167
421 58591
33625 72512
17481 26852
46514 88536
53594 72285
15857 77163
9333 44272
6434 43205
83095 89468
183 68158
59337 87466
14666 59717
33426 48708
7012 34543
59288 61296
24871 63715
12769 24284
58381 86476
71212 87325
81900 82163
21164 31343
5383 75141
2415 29031
7228 70824
56941 88087
29301 56352
30693 73827
26129 65292
62933 85712
48001 60734
34266 84665
6625 64275
27877 61687
53639 78496
57956 78518
43815 65505
40385 44621
43770 48237
50363 56702
26368 58694
18426 21477
7253 21149
290 79714
67334 91822
17031 55628
69767 79472
56692 91648
16140 49043
7593 50374
58421 84223
62223 75207
39747 87317
6841 65802
51838 61154
44756 63569
42465 57403
47445 72126
43697 79062
18981 47770
52413 72642
19760 83300
35580 50861
4765 25192
12993 15943
5530 88777
20186 46394
54855 77294
19833 33949
12702 72434
12112 84163
5970 34882
61710 77244
5013 31338
48624 82488
38283 41628
40656 73381
45547 55182
78785 86415
41532 46665
34316 65536
15665 58431
13136 25942
4500 71287
11042 81328
8184 17768
15328 33689
9676 24587
4882 59116
45082 66963
1671 63554
27823 47729
26725 59673
44221 63681
17084 92370
21072 40458
51515 92100
31988 32043
2375 51259
82230 85413
60848 73929
7128 44066
6961 65372
21260 73389
34738 47716
43233 54575
22328 33594
14744 35847
7775 47097
35915 77037
16894 78188
53733 69742
6040 67440
756 25228
44083 80801
39926 57973
19984 80443
50620 87410
80918 91556
76409 90712
25449 57517
65728 87449
33296 52853
90105 91472
59841 86244
24163 57005
20546 64827
44882 50590
46196 63680
13647 42147
34868 41027
14535 27374
16622 24625
1102 63955
65611 78088
15233 64960
7164 21607
55515 82747
54124 60928
27330 69875
21804 90004
3601 11815
16786 26616
22398 78571
77062 91429
57151 73413
39738 73637
15548 71870
2464 6025
28111 73077
53310 61886
7530 78826
81438 85548
36414 42782
19885 86677
17259 58749
12941 43026
28063 66046
17898 65645
1897 60561
25309 62123
2640 42813
5296 37301
49015 52128
28805 64733
13517 89265
20733 33200
68941 84072
13985 48840
13096 36354
2758 3814
25997 67615
19847 57677
14193 73359
11486 76562
29693 70528
19572 33119
1108 60458
23742 88162
23778 31335
6780 53485
71688 72342
38559 41015
33479 60952
32598 89599
33347 33575
48487 52174
19149 55642
6889 19633
28548 89412
36573 48866
32836 49187
20385 81511
72060 76053
39898 83804
1740 41544
51178 61455
81108 81319
14370 86811
12801 23309
21640 84916
10592 71815
17859 72553
23086 75171
40923 47290
14628 44063
7167 28234
5895 44515
88160 92305
8078 64476
24868 53201
62394 75556
22151 74487
4553 22084
25879 41810
9322 39693
18651 77802
21454 24867
26188 72467
76554 86672
83189 83579
57730 77354
14451 48400
7076 34900
75877 78282
24421 47685
5510 33312
14484 54938
55443 76602
1430 4613
50536 83539
47660 75675
8325 66558
13975 47520
18805 65659
2329 69309
19373 28024
72830 91116
10665 42399
39768 89682
27518 75799
53748 75294
29882 37803
53465 73440
40371 62502
54098 80495
35578 84525
25907 27151
13662 55357
51510 84364
31303 60044
29679 36002
39143 51761
441 86624
7104 50641
41953 52368
36471 88182
23919 90974
13673 90573
44799 64468
24474 38860
5100 32993
51497 73143
17063 40593
4326 20086
9437 52354
23045 29148
79549 89771
21371 39499
11402 18650
44468 65792
4683 35839
55337 57868
9827 81925
51347 52700
24737 57885
7596 61521
9045 79407
23642 60493
18703 33010
10520 88008
6526 50396
50478 88116
40263 46671
76160 78149
52897 65130
6809 46541
23142 53930
16833 90678
15836 20239
28833 30657
12912 37613
21102 32948
34045 63827
4379 5713
6239 65287
39287 48830
36032 88292
24620 39898
30284 85416
75330 86234
14519 57961
6751 66541
263 77941
6744 78831
2738 79071
41472 47986
27883 54897
43708 64584
26784 51202
15715 27100
40641 66619
35435 75778
36289 59454
48040 70113
46635 70522
67070 80405
23471 89184
72187 82801
35583 74479
33389 92087
15337 82361
16083 30733
76590 86191
37446 66084
6819 25006
54526 76396
20377 73136
8977 42984
53167 70918
27413 42807
1445 11724
48014 83411
65 89385
9140 76653
65169 87823
32935 58536
31720 82659
20305 54480
36783 51774
10768 47320
41141 50213
8761 54927
13085 23670
18312 68078
37724 55007
12061 33142
42558 70406
18616 37156
318 64795
33694 49537
48975 62520
9996 31079
68473 74247
33176 39571
11299 84056
32838 36819
21847 63345
55789 59831
2309 31092
5636 42331
41487 77749
7500 85748
4502 74578
14198 26821
25769 53568
5871 67263
23472 59612
26342 49990
13624 38776
27011 41389
22746 32245
5364 73092
32767 87564
8779 10101
45095 61020
48303 81259
87329 92513
59814 59859
52084 71827
61068 69249
46781 81575
4880 39235
28068 68601
9308 66628
38131 62061
46774 56443
36662 38979
24571 26801
4672 46445
30184 65985
4668 15953
6857 29132
50168 87625
2894 16523
30422 60568
41848 71333
52681 62864
14229 34627
17687 21568
13381 43952
33390 64518
771 40441
12548 78924
21932 48439
32548 37539
48837 60132
13408 71986
33428 85381
9246 27146
8936 40052
5422 26386
30108 36896
25303 92132
45894 88205
33898 85617
2378 88414
44504 45703
53094 71712
23733 76521
9317 84970
21377 37061
49626 76452
10151 66427
32787 54823
21408 84153
28576 35730
5402 80949
57936 68900
65186 75016
7307 9409
27040 56868
34451 65220
720 74428
18073 24750
31325 40652
8333 31818
7657 59352
18386 23784
5949 70995
38419 50346
21551 38874
53790 75457
55091 78214
10040 18225
5646 59799
34269 45658
51639 57161
70537 88863
24069 53931
25056 44398
23099 45383
25356 61498
21444 37151
24827 77928
3098 34608
25344 40954
2853 59908
63961 88854
24865 69266
20359 22919
29845 84117
2573 6913
16581 51004
6421 62634
44274 58557
62265 81474
6348 30478
1864 20435
23863 84806
26219 67962
79116 81812
58081 87254
81350 91019
47222 57793
45030 65030
23818 39823
16200 75335
28914 41355
21198 64848
21628 47822
4674 63721
11686 26785
18297 50117
44174 66301
36487 73366
7582 54094
74210 76820
41261 47720
47222 47650
36737 77685
32465 87329
59236 70666
38318 67828
45554 66989
66887 91782
34736 39166
10491 56645
28251 31249
49543 52779
35751 37211
11981 24623
24205 47547
21743 67807
46904 69367
50201 53172
51950 74397
57869 73946
18741 39178
2115 7254
2434 70540
69189 83664
21263 81966
824 79680
21432 57883
77338 90657
44827 73867
27530 88193
28935 31062
9840 55785
71027 92180
44528 73902
6189 62892
32394 42202
75667 79575
35944 40040
31062 84337
66080 67558
52041 60600
33834 44098
26630 29521
27847 73491
53243 86488
29306 35277
11368 76209
48586 60827
45750 80964
3708 73012
13351 92004
11082 66599
477 62704
9564 34077
4617 75545
55601 70203
39378 85939
9433 62325
34112 55861
39659 65241
36258 81137
38047 67388
38343 43974
18857 87130
74942 89421
81336 92246
7902 64207
80451 91771
33024 84946
19091 61692
20478 69771
14940 92309
224 8971
55357 90397
16540 74253
35593 52835
22011 29220
71323 73015
29107 41709
55225 73858
31608 68437
42605 66353
56 16768
25132 75671
13236 37610
49400 58674
33147 44655
10075 60717
13462 30782
30427 90119
29245 50358
33129 67066
8282 92081
65895 72983
10859 40754
11711 23126
1015 23668
32564 55517
34441 35410
11022 12190
5941 8006
70864 89839
6244 18245
64076 88294
40325 69562
528 52780
23358 77375
7423 40510
50426 68356
21433 62597
28957 30994
67022 76341
11987 34394
27036 42354
1682 76709
64196 86741
2720 27245
13700 51372
78973 79496
7562 79564
18406 46728
59366 72541
52461 78680
27472 85500
50255 65095
903 4265
37370 72282
25300 47499
57089 65248
1315 78199
12128 25960
70552 82585
24624 53127
6386 61570
33870 38873
22050 87882
19783 84456
57319 81279
656 63918
54829 68633
54153 72124
23463 74366
22033 42498
18782 34463
44627 47802
14391 83300
20606 46339
33153 52577
32511 89288
25805 82006
44177 68260
3869 79132
30088 89313
45361 70597
22423 68405
7620 27603
6397 57263
47457 70299
34695 51685
66253 69120
4264 49480
1419 77770
51670 58671
23658 41360
15295 66364
11154 21159
8204 58083
20576 64123
12715 53599
66117 78383
33237 41220
11884 52438
51237 58390
35781 89228
2 62127
33436 72082
56544 58506
6182 47118
29837 43902
15514 47534
34339 51190
14782 61778
57816 67506
72539 87584
16357 21130
17543 23865
32014 55572
43295 92492
15541 45682
14724 46567
61673 75209
57806 79867
23052 79616
31147 34269
45300 81872
11612 68727
49189 72900
37673 85459
12238 50821
9332 21385
7367 53924
19892 85461
47075 85561
6918 89613
38235 74747
59902 64762
42109 76008
51532 72256
70394 81621
33044 33657
32588 90096
79715 87654
11677 56241
16477 54774
78710 86864
63280 80804
24391 42906
3810 50050
27038 58499
19316 35633
27305 47111
32928 40489
1698 13704
12696 41263
19471 31067
18125 80512
42511 47331
47391 60997
39230 68096
58346 68400
20332 33085
10255 83445
18195 84892
21394 73481
21768 88891
18475 44690
32008 88229
5074 77223
4378 30672
1119 84407
24537 87237
40776 80140
26261 70474
23329 90674
23978 70048
14176 50225
16241 73973
4497 32359
50196 54863
3868 39285
61923 63183
18747 66288
58300 58897
42074 89074
2564 27113
6673 59456
14063 36736
57270 87958
18997 24696
31152 86626
10092 81347
16124 62626
44111 47132
22094 31683
40969 53678
76547 83855
14894 20902
36380 88074
42596 48358
10311 50305
17174 61214
1539 16109
1086 80624
30395 41972
30612 45899
25203 88072
12795 22204
33165 89527
59364 80398
77263 85383
32363 81490
55531 90769
6373 73042
55219 64157
16676 34719
48815 55029
5709 37218
54840 71199
4368 91561
6824 71119
72775 75979
6123 10300
38039 39005
40848 52938
57702 73019
19771 32685
4436 87238
57004 90439
11878 15048
69254 69524
3795 62667
88716 91925
2799 30302
48492 52925
90305 91187
23233 46360
20026 22730
14642 53608
25037 71872
1352 70144
14119 45049
12937 67318
19575 67738
72345 91339
33929 79257
11679 61235
25334 51546
22149 49760
14426 16422
14812 81960
4657 30561
38901 55936
19420 87051
14947 70874
70111 75886
37164 62541
57596 86679
11259 54367
9365 47417
53843 77502
28021 65049
56706 61606
26157 60021
10765 54371
56841 69068
5478 16050
23064 47270
1649 38890
65839 75264
10382 46515
11557 46822
12470 15754
1498 45791
46591 75918
26886 45949
52147 80945
33997 61872
27237 67093
57580 63531
45971 88860
22932 34115
19422 25232
6629 57043
79455 87426
16746 81870
31278 58014
56442 62285
67858 84710
2097 47895
69264 81052
49264 92053
28936 34285
5051 28650
7922 15503
16568 30110
74900 75021
32055 88031
56230 91383
47840 55310
60380 66523
10881 63308
35198 68786
13862 41093
26437 33824
8280 55092
28128 29201
14624 21344
48106 69775
55110 63687
21022 35844
4672 45558
44793 59099
11990 89365
26869 31523
2845 53917
24134 37935
32628 48834
22843 68060
85937 91926
48182 60303
30398 85477
8757 70074
20249 44698
26224 68631
42158 69967
1842 72697
18278 36397
28186 83140
3613 87248
8830 55089
36587 86004
11018 83347
69047 78939
20820 29803
25585 74956
3196 11293
84581 87397
18182 68733
7889 50759
12609 30229
35543 41928
1913 8708
37166 53455
31921 49633
72911 77074
14838 57741
30680 49152
55833 87854
57633 89760
14385 82552
17438 46096
30754 34315
70670 83766
44999 91539
41722 73340
4862 18714
26856 84797
68986 70708
9385 16250
13532 51712
18903 86716
78239 83937
64638 71000
31680 41738
56668 75317
31332 62207
48164 73017
62424 67742
1358 45327
18435 72291
3991 23301
64701 79231
16649 51863
29387 34653
13160 32429
35021 63936
51938 71889
17747 79952
5572 43368
21187 23475
51809 59962
635 40222
59088 88684
6862 47164
35489 81815
12370 39772
4669 76469
5036 24281
28040 82862
53759 81432
4091 9000
57545 61292
45973 52652
9110 32633
30134 77848
8868 64413
7012 12877
55113 59458
28338 37013
3931 27783
7473 70260
34231 50056
36942 70678
83429 85036
70310 71522
54839 69042
45384 50641
13613 34318
30067 66160
29017 62932
58844 92154
45791 70192
11992 22742
70515 78819
65667 80973
54105 54630
62825 72092
81122 92547
22505 72114
6785 40286
31314 89519
791 92590
43660 91400
47418 89433
76142 81579
21542 53431
79469 85503
50523 54448
74855 90732
5396 42869
53231 91085
17351 26927
40986 82556
1131 43007
65013 73092
3093 80145
25885 44141
42279 54860
64188 81069
54133 90787
46450 52599
38944 84932
88054 89287
37900 39527
53614 63996
51878 75090
10745 68322
39747 88635
73241 73992
23599 80772
65445 77840
53274 66938
34966 54719
36938 73731
1646 46761
68011 68092
56965 78616
64173 66422
25494 83127
2772 46142
83186 83263
41277 86262
77637 84001
45150 59425
22750 55345
44213 74255
43374 50514
26105 64148
18439 44192
16428 54005
38190 86877
79176 80896
18697 28021
18828 70433
19495 66081
29495 54836
8665 22610
52666 74607
48531 78742
15872 20363
29586 86953
31872 48427
25928 29540
28344 52753
6126 58655
54903 71302
49709 81045
17163 31576
1782 58746
21491 75864
44617 76275
544 14123
2324 47885
39963 54751
1578 12155
24476 58608
40542 43308
10211 75839
182 61288
42639 45780
18847 76391
42464 76030
11272 19158
55568 77105
49221 89949
26128 65211
20522 52427
59258 88735
238 61206
5482 40538
28473 39342
14127 26930
73822 90394
15764 72655
27692 28153
2930 62208
17509 19094
45478 87802
2879 40274
7258 43796
8419 18510
84630 88344
25664 43017
16991 87547
33748 87744
15303 73970
54419 86564
36565 39438
18732 54472
33445 47054
398 35770
40470 85801
35557 41971
13948 57670
5664 23777
27804 64399
45883 76427
18888 50660
41201 41949
13814 75703
35571 40042
7354 67072
26635 92421
60468 88557
19255 58060
7388 86094
37042 91894
28831 38348
5978 31919
60785 90429
50074 79534
4398 74538
16673 51282
26898 28856
53283 84990
5578 42727
36162 64745
10246 80022
41369 54675
52067 77694
19282 76393
29915 81129
6783 72601
88112 92297
2 58946
61177 73912
3892 32341
68718 85916
35486 75560
5738 63239
34670 45107
29407 35093
37150 40248
1861 36941
29265 35230
58299 69645
17665 63098
22248 65596
73184 80819
19604 79765
49856 92296
54371 69307
70718 85611
49714 71967
5914 16112
44664 60640
60316 80603
22053 48885
2001 43765
19320 35081
42773 70289
5138 72850
6214 64637
59546 82883
13876 23827
9754 63046
46635 72597
70804 77953
15119 48738
63142 87214
11814 74537
6945 81418
12548 80960
21254 51537
30999 87337
28667 52862
3367 34160
37041 46024
55380 86727
85483 91613
22231 56267
11531 17903
40050 49336
8271 57007
22197 25827
28712 74112
1822 27338
23019 32193
11697 23211
16167 63373
15268 62908
35013 48026
41931 55768
50257 72265
21399 60900
23440 69359
20757 47521
62441 91271
20647 66571
29728 43891
14018 88063
20872 82580
65779 76335
45556 63192
34447 47195
89832 90316
16136 82385
10165 34091
23258 49453
58780 78922
22982 51391
27137 88181
28543 43950
23980 24788
6166 68021
87944 91009
870 43210
61657 90537
79354 84031
40333 49827
65481 67180
5763 17772
36224 47618
17107 74778
16695 63069
2332 7003
43282 90367
3571 27354
22741 66988
59506 71276
4250 62327
34831 77776
31855 38046
36312 57241
68804 86329
70729 84303
2749 84361
53923 64398
32801 56216
23230 45219
6978 53496
19330 90714
53455 76201
7295 65925
21957 86432
51309 54188
5917 72699
18629 28686
21613 81510
14067 64222
47894 60136
5682 15819
2890 40790
14215 75704
42447 58592
68264 80938
41725 68567
37701 92475
14981 49409
61042 85791
71476 84622
12944 81691
32273 80388
48879 82452
35169 37438
74269 79568
26355 33882
9536 61288
8485 88129
6784 44725
2597 61302
18604 41587
45600 54677
8121 40167
50401 92345
9230 35861
81708 90311
25638 81772
65449 82137
24411 46386
35216 67228
12205 81845
79871 91292
51329 71566
14837 70084
14150 66243
49574 60529
43149 67114
43620 91235
80943 85659
6655 92583
14925 37614
17163 74326
32717 66082
37908 80747
73744 86821
2092 41067
7956 55979
40645 60771
55930 61799
2221 14860
14799 87323
13609 22522
7769 72839
27757 69712
54803 64934
34007 74231
17575 58688
24719 29821
14108 30108
56458 92017
37459 65021
26339 47165
65886 92353
5220 61859
2101 55032
76179 87532
38064 87667
48240 62816
17131 47135
1896 57446
11128 42292
27979 69540
126 62910
13192 37717
30344 79925
67999 90888
8052 83224
34178 53238
3637 70201
31572 48975
55267 83586
59909 68000
22155 47851
5117 46658
13310 29321
18932 20433
60270 71230
31478 60778
3597 17785
28508 65814
42497 85586
37361 81936
17737 20506
60127 74707
7621 75054
60375 68576
23276 64930
22039 77102
68815 84515
27995 61855
8016 73260
28683 87323
57181 87130
35224 80877
45281 52490
9771 10997
67088 77455
23462 85544
15826 44381
18010 33079
17535 65102
2246 79157
67094 78095
46138 70168
50386 60305
13922 86858
56086 76622
7985 88922
6430 33656
8072 75850
22954 76912
14658 73201
38503 39203
41522 60555
31110 78582
4306 19072
29541 55995
35239 57746
12030 53727
52376 81520
58327 64997
30319 69676
57588 76972
38282 70408
36438 54860
39294 77206
25640 57493
44358 54650
12535 64022
41288 68546
8964 49864
46352 52586
18829 39138
9707 61235
49104 59819
3926 38639
12618 25288
58315 61711
6657 57426
12593 53595
63499 72829
77187 88126
8585 89210
22434 51488
63871 86113
11801 55706
30416 59788
31943 36518
18282 37466
11244 37984
21155 57143
52437 65494
10231 61646
23359 52303
23031 50128
40961 52725
47473 88857
65901 92328
15605 40063
45445 89519
16956 29913
71235 87585
40785 50368
79176 91407
57952 65727
5153 61370
14978 41367
20134 64138
9530 92599
8982 20250
45662 48668
33458 57900
11227 35837
5859 71609
20370 45998
48041 76912
25043 71299
33984 83233
63569 72890
1644 63578
61698 61931
2759 40124
68303 91940
13836 45755
20460 77836
59344 73974
12052 60606
34513 51733
51891 61678
17444 24394
29581 32042
5398 91670
13151 72990
53986 72559
21014 26481
43614 70103
5135 66162
6940 44514
34745 83095
2810 18334
22321 82543
15431 56424
70316 81053
21328 49809
23292 78298
29637 38151
83970 88342
48284 84558
1007 70248
28433 85569
71071 89883
19559 25185
46373 49776
4286 40901
27047 71457
26747 62871
48813 82996
16752 89319
21104 45673
20208 60554
38199 57015
2068 78760
31757 87898
40861 59827
38460 80225
26083 64190
45552 83719
15745 16284
6394 21764
18400 36787
63924 92079
37689 57499
45100 75307
1928 31531
23072 75600
39519 84648
48338 48802
39477 82741
22158 23713
7916 68951
2959 68681
15115 80457
44919 90973
74716 85741
47032 71473
36337 63160
21686 45472
84267 85127
31383 38814
11258 69019
4064 85079
60086 82485
68335 86555
6431 14352
9101 62067
65666 72259
3874 20531
50689 83694
57098 90194
7737 22499
39337 56660
2317 92335
33716 68150
23259 77140
64074 82990
9853 75641
45915 86314
9759 91296
80525 83531
9624 19334
6105 16115
34473 46654
42543 72564
10844 42774
13113 39715
21844 64986
60832 71202
15436 22997
3113 52725
81743 90342
24541 77345
10347 66891
32260 53472
43009 67914
20712 63788
32135 35531
15017 55652
83196 91231
689 87225
60437 78741
44566 54280
16789 51825
52802 61912
80862 88289
53171 92353
41382 54482
4842 77836
29807 73805
12975 78088
18691 73811
43784 68768
74284 76070
27251 59313
26540 31604
71284 90467
51194 72090
9535 60559
83155 83544
64221 74521
33523 75084
35397 70377
29902 58223
3417 21828
4541 66315
10402 12769
19383 74382
49717 63613
2218 65578
9631 54024
56888 89030
20354 92545
12696 49090
46655 67958
32872 63920
6337 15728
70533 89995
30499 56476
38122 76728
27307 63414
12238 67014
59974 75925
11111 45512
35568 82118
30757 49080
63046 74939
56499 76097
13820 42030
72649 82772
3545 80377
38828 84954
81189 86082
26225 41889
922 53913
13401 14821
24210 47418
4265 59956
30424 39819
65776 81849
1918 20080
34623 44421
36433 58271
72134 78048
20805 77174
10148 19634
52418 75705
21511 28165
16368 55152
48590 58452
23726 81197
72105 72655
29019 80134
67661 82500
21114 30926
49667 56818
63604 74704
56500 83364
12082 46955
9876 85253
81108 81254
9687 78080
52728 70850
11284 91054
166 18038
2289 5447
20384 69388
5650 46188
22813 27798
43366 89166
40694 59592
32906 71125
8834 27036
15641 57405
46464 89804
30006 90420
39865 62732
51786 74442
19866 21180
9680 18200
3159 42552
38662 75422
55695 61846
41991 57027
37404 42551
19911 67601
23102 32341
21730 28181
38042 91044
56774 63784
41115 56367
13740 66515
15057 29968
27512 39335
30752 71305
30252 47803
18176 72257
38598 74945
65000 84598
32536 32989
41730 71614
47232 83951
45131 46225
34634 66635
34923 41428
80672 86363
47074 50054
2254 19858
15898 88050
49408 66676
37033 91411
28278 58501
30771 83644
1237 35423
50724 58791
8817 59774
17866 50185
5568 8853
67437 73903
23867 39512
6386 87131
19569 22533
13554 13665
23870 61713
15422 16981
3548 16526
42492 42564
13365 30440
14511 49355
81228 88281
19431 71243
11609 28446
8114 27562
44676 54457
8789 80625
18074 76335
3609 71081
3227 58963
10745 16820
38637 89110
10257 12898
19938 74355
19614 55490
75390 75441
51961 77771
39972 71397
20221 33833
39894 59767
48597 92146
79267 85508
20700 77752
26594 61486
15808 49085
10780 13160
33027 49761
67630 85149
1519 6112
28526 86718
8195 81132
50597 55419
20374 29641
33422 84362
55656 76456
66579 80789
16377 44246
49556 57356
46021 57633
59140 89926
24870 33045
1535 25626
23033 67375
25580 91007
46268 89403
12989 75755
79172 83434
6914 45586
21655 39002
6110 23072
38351 46892
41874 69331
38042 52703
30419 37017
15735 35321
66671 85972
10997 80571
28679 36037
48878 65217
47963 52036
12454 48834
32160 82652
45356 49018
69213 76817
5556 56812
7111 70672
36714 47433
56244 73090
63308 90144
7035 33016
66135 76284
37773 87358
5418 90739
84711 88497
58015 77780
4176 39101
1778 21505
45270 47951
82359 89133
6207 82109
58672 72582
16308 78067
813 90267
55703 68062
43630 67884
1522 2632
28109 69935
67591 73403
30912 40205
16681 86996
16645 19960
36593 43647
31348 51351
15772 19606
21896 65880
28957 30167
13102 81299
15393 64401
29529 39714
8996 29296
10737 37903
66885 71452
12953 62240
61291 74211
49772 55739
41217 76439
33470 39159
12426 24694
5828 20471
8275 91188
13602 67396
30887 86392
51875 82171
23198 26366
4672 56588
65260 90357
267 26462
8287 82003
19073 23634
8256 54387
49789 65479
41656 81259
63596 66101
7411 64526
57115 77952
8679 14802
1965 70643
5728 41253
71884 79350
25338 58467
36066 40823
10197 24852
1692 64551
46516 68266
435 9898
10352 66582
13467 72844
66335 66443
4874 49240
10231 34037
38926 87894
85689 91398
8654 34657
43752 50212
51838 73922
16683 47292
78379 87101
11711 21428
39475 85147
16891 59190
36271 82501
18044 81064
15387 24048
42109 72624
16160 51027
11241 21834
3250 20483
18407 69747
37881 59871
52541 86715
53770 67493
21299 29490
1802 17815
17459 50538
55334 80688
1843 87842
4472 45927
48905 70942
24027 29784
439 72416
70316 87511
21009 89634
6410 63611
2459 91908
46443 49546
6564 72683
49833 82664
38726 91346
78844 92326
82780 85923
18571 61142
6439 23911
3026 53224
12350 59531
44880 60412
30588 31007
45192 74113
27596 71335
8813 25210
70461 74619
35072 45264
11803 78707
9848 78280
10884 23110
63770 83363
25280 35670
31059 49526
8913 21048
22274 59218
20705 77634
36745 58408
17768 32802
26704 59153
22431 55008
14005 83706
42588 86289
19113 48353
53586 54124
47833 56202
17553 86999
408 1869
40168 69828
16247 17350
59506 89167
18464 71883
66233 82119
59908 89417
4532 81468
5206 87584
22864 76578
57892 64478
84481 84628
61787 83032
12007 56513
85282 86263
72986 89928
66128 89465
7369 82565
10039 15450
13944 83725
79316 85673
10212 33819
32275 71599
41050 47346
22809 36663
6526 61516
67084 78248
12644 86383
963 37031
27899 87741
32535 78238
15074 15727
39091 85373
2374 42442
44817 47489
56584 61568
22875 59755
3939 78170
68177 85320
220 91787
27582 67389
23611 46853
17539 35945
5114 68625
8950 15196
45293 58184
20047 25469
59210 62897
22882 66899
66115 86577
24978 46898
38346 76975
3682 73130
25871 76051
81370 84940
7011 77480
71224 83986
56776 79772
83296 88065
67715 69784
24775 60709
21149 69360
15265 47719
87899 90115
35266 82061
41771 85841
3527 57313
21981 71529
34656 57448
25699 44263
1846 17527
15348 77179
5439 24256
25917 49631
31647 54792
27369 27568
10133 37225
46736 49689
430 59919
52141 59488
37759 82556
17072 41660
9928 63046
44178 44661
28079 63006
55850 75334
23226 55697
52736 91530
16807 17832
68570 71123
14769 61332
3870 31866
17188 36720
77992 87024
50461 73546
5459 24445
1789 91806
6150 26311
28715 84297
34256 56113
3584 91469
73451 79040
36806 54862
25240 56059
1422 89270
19662 66741
43439 79717
23714 91539
31972 34801
46047 57628
33101 50409
3932 87307
7589 68495
8241 17131
36629 38392
37975 78504
9938 84942
17110 26161
8541 57306
64367 86451
39527 85613
76260 85765
72955 85213
19490 30201
58271 70192
8923 62237
38720 78012
24130 66663
53464 53807
8053 72524
68794 77088
4318 55934
24663 76393
54259 69455
63619 91748
19895 53399
39697 51365
2982 9940
37035 86332
13633 34005
39167 66411
33872 48977
3041 12688
2830 75900
20793 33729
22005 69599
24008 31493
22955 92568
21541 35750
46958 85409
8513 31731
1668 82410
1223 74240
14187 54503
41521 57248
39791 86688
16246 24929
24727 36486
24119 83069
9102 46986
35566 38529
13809 84015
6284 26347
17484 40155
1177 4073
29058 92333
31463 84117
66785 72847
65014 77733
17487 91440
13323 90751
22584 70743
33327 35141
139 12859
84132 85021
42326 71762
33614 68515
35305 77039
16495 87507
16409 81584
41086 76159
4784 90604
6790 71227
13643 78757
3477 90029
58427 74757
16283 76625
28248 87309
47133 79094
29831 39823
11374 78710
44810 57084
57951 62422
8275 82612
80081 91458
43804 49306
25644 77866
27329 35322
19510 76671
40123 71992
52090 90086
15710 28901
47212 54615
62059 70296
1117 82310
38766 70250
14651 44974
14672 53461
22821 89294
31879 46923
147 67200
57784 65107
3366 49091
55954 64899
35138 49248
48128 52982
17952 34368
48840 63467
8342 85445
1273 35448
7254 16013
17570 69028
42940 85796
26246 75429
34660 63565
46415 54010
41216 54218
80924 81408
39358 67216
21893 74971
2566 52404
23867 44621
3025 30340
44837 52576
7251 41094
31349 91548
33378 89386
72218 72324
52287 55670
18799 89968
10094 37304
5 62231
33307 42048
7502 77808
76844 90311
44403 53886
8592 50029
40035 84253
3953 13518
44184 47812
5100 53348
20189 28674
49173 85153
15389 68210
91607 92140
664 76977
24722 48790
5747 76237
72894 85548
12457 26201
22192 46899
22296 35687
12130 80661
7589 61629
16613 18776
26896 86837
43875 60067
5697 37326
71012 72698
7104 27895
3382 48987
85057 87374
48158 83943
63556 72974
58489 85090
5534 87311
42893 80071
57341 70290
4997 52186
24331 44784
49117 87664
18827 69520
36718 38290
2304 57691
38212 69777
39820 46543
12718 74835
49908 71601
26859 80601
5152 16075
24659 85810
31642 37849
13954 47498
5228 48197
1688 7230
36222 36706
33712 71325
38806 60809
43386 51405
32440 41870
13487 80046
33981 64121
73120 82475
20960 69644
16757 69405
6722 76244
54197 81229
20862 40920
312 64164
46808 69662
4231 66883
19837 22539
4841 56564
33289 87547
13010 62505
64899 77965
28325 80930
25865 47913
6406 79486
8581 51465
784 68723
17066 28922
714 26215
45855 76603
18982 27412
74499 82258
22540 42985
4958 61344
30618 47600
51010 79073
41934 75196
54647 59197
75951 79475
18014 86620
28295 84689
8541 27996
18059 26823
5996 90373
3484 16041
9293 35590
54006 91386
37501 55991
63798 83045
23948 79562
57964 58615
71877 91681
28306 51681
34744 84333
11286 50185
44800 81587
22581 42744
14836 18016
10758 69251
26629 30185
65955 80006
13915 25887
6020 64798
16815 77962
13404 88857
11766 34045
23209 31406
18261 23390
9143 10383
66938 78961
54441 68753
45532 64094
28321 81526
14313 42968
15367 71805
57029 88402
12535 60874
840 31626
88177 88714
15580 54880
34712 42773
24399 49961
56979 87349
27748 35238
6022 74980
38354 62862
28141 61210
70518 89953
6057 66824
50324 70175
29892 76870
37636 39060
20965 26623
47917 83577
1779 26855
45890 56066
73882 82553
22447 75136
17891 37971
48685 59608
52992 64623
59133 61440
54522 76336
6711 43238
45672 58805
46241 81293
18283 66207
10323 28964
40336 86679
34018 84801
57089 77397
48013 91108
32064 40764
14613 87376
42381 45021
45652 62339
40417 91301
68366 84540
66287 70515
43446 84067
21793 61539
38234 69142
167 81506
50668 66238
26966 31365
8549 60256
17549 18542
5411 36810
3282 81638
7324 54845
24074 72808
79598 82109
6264 71201
50971 55294
1788 50670
69718 78093
58269 90996
52768 68187
3257 57037
39595 85349
29911 90233
29967 65856
3435 74447
13466 61790
871 32457
48170 78955
38400 75524
21115 90159
24303 51187
1129 90296
59339 73059
60514 75333
26490 49995
13034 58558
14093 52720
65975 68007
59073 59399
27605 85522
65165 81964
19495 90223
48779 76738
15257 61089
50841 68956
18388 46914
25426 61575
13104 28914
20133 89060
29991 65410
46985 66006
54836 59753
2707 70680
6244 85801
53483 80982
67203 69318
6070 70512
27672 45254
58425 62749
10650 71040
12851 74020
5231 78081
29727 43964
11494 27908
37704 79252
11110 90113
39735 51116
9691 13463
33180 85111
6697 59571
73314 77451
37239 60958
1290 15922
2399 35804
57187 90502
9877 11878
12057 83972
11610 25701
28921 92377
43298 78367
57626 92104
8013 77760
36541 40205
23143 32056
55097 91852
21923 57882
20431 73193
6034 20224
11069 91655
7949 67385
7231 77888
61264 81417
23437 23474
51101 64288
37731 85200
55891 85660
40849 65337
2552 36682
24055 52461
12972 23395
11569 85799
9005 90798
13027 47949
9086 74422
27510 46791
12848 67113
58564 92240
68449 76551
15452 83336
4704 57012
62566 70214
5447 15090
3723 59117
37597 83567
13238 75691
5643 25614
55486 86015
6530 91990
4528 62281
42983 47688
48820 66561
30472 52452
27843 28260
33326 55170
27718 33238
6485 38934
34159 57546
18992 51130
14845 78565
31971 47443
60309 69716
69192 74135
70610 74564
27386 51505
8309 40852
34853 86491
20361 60891
57894 82761
3336 23967
43186 75059
1156 66999
39245 62524
63364 90760
77858 78144
62688 83944
84212 88857
23968 40655
14163 19904
63522 74061
30589 79452
12532 56827
8906 80913
9127 17181
38547 42488
59991 78904
14246 75728
53091 83171
21231 24808
52905 66889
1620 6364
11230 41605
36483 67010
67118 67647
43646 57067
14381 89179
23404 24711
22288 35446
13623 15051
24728 67268
36608 80950
45643 50228
9013 53354
18761 43101
61788 81401
1138 58977
63805 71149
7388 87512
5134 62410
11050 47751
36915 38868
2425 91225
35849 48217
41929 87900
51522 62969
37995 48752
20874 67752
43206 85253
33264 89623
45976 49132
9896 86035
28070 30073
11680 87476
4669 43267
109 52910
43345 77056
29295 70876
22793 86866
28588 57807
2582 87433
4682 68613
24995 33844
52620 74839
18560 79127
11340 85040
655 9173
82628 85071
987 38052
45010 83467
17785 92603
3602 36473
67643 67944
41441 89452
39940 89314
75945 90236
33333 50671
76718 88789
76912 92530
59543 84577
55662 65009
23070 52912
3909 15797
50790 75403
6929 42374
67834 82258
8483 55486
27330 39246
2607 85427
80352 88234
44836 89138
64289 69825
73203 75960
40363 52326
53422 69139
35974 45642
42826 62567
14714 76328
254 36158
10475 20452
77682 83111
67091 73776
19499 46251
86230 92116
9166 71847
614 59656
15293 76288
42114 92254
45604 73977
16421 62230
10254 65294
69030 83691
37285 80642
1238 21352
66877 87838
16928 72630
60861 64768
22311 22943
48377 92217
40382 71437
45905 63918
3161 13746
51629 66142
38710 92095
4396 11379
42147 85066
7888 30001
3690 10091
405 40581
3367 57653
23378 31234
28878 30003
25835 92438
43763 87797
13695 52180
49634 57458
55700 59728
15960 29692
394 63796
30335 75263
39660 68126
10953 28747
16936 80399
4034 17419
26936 43065
43585 85559
34292 75859
73917 79092
22893 28211
38598 87250
47975 59415
369 47045
73277 75909
12225 41158
24319 52108
14419 80483
37700 50008
25826 42746
392 72308
10598 71535
4369 84922
40727 82340
9958 16703
13658 23977
68014 75622
68235 84339
60593 79340
18441 83128
576 39507
43284 70079
14254 70259
34300 72017
37630 84968
1719 68666
25049 26689
39598 41984
50088 79273
29985 86727
715 79541
50823 70977
47554 76461
27914 84656
11063 57189
10367 51466
8397 42565
38023 65781
21473 58518
14122 22942
41582 88677
54523 81185
4689 69068
63571 87060
56060 66836
67403 73486
44996 49308
73185 76219
16206 49657
989 53654
14333 79337
38783 57467
1601 30118
72916 85784
13759 54005
47042 59958
56257 72768
20918 38442
47520 65924
21626 81502
65469 87797
44803 65402
3927 6485
79648 83356
34843 64377
8715 9825
70237 75759
35690 65915
78206 88434
73918 81220
116 60696
22988 54785
37361 73946
37370 67553
8811 13715
5413 18689
42638 58102
40422 81045
1408 18354
27673 42120
23919 37752
5636 82269
24477 53568
49071 51770
22151 35717
33577 63243
39180 91412
27708 31198
53916 56078
12935 55672
20538 76751
21154 53140
66846 74654
55617 67040
23092 77633
29680 59344
16068 46985
25184 77004
11291 57448
64332 83381
21095 47968
35426 72722
51156 52747
22451 39638
19120 77313
58431 92616
64163 78779
36534 56844
60963 89292
30062 44304
83733 89869
42668 50374
22969 81627
77083 92144
4225 44674
11175 12531
54671 67106
23964 42833
16838 50743
62780 76672
52408 70575
1103 40784
2950 55523
13548 49769
1761 67824
60303 69666
44331 61326
25828 31934
46643 69227
9234 33322
21474 52068
46095 59430
25203 68245
27020 43316
35602 41977
16256 22959
3052 52147
64295 91157
2875 88800
24219 69124
5457 28488
10865 56073
3612 80128
41759 55005
70167 86594
32348 37646
62022 71673
10854 53607
55581 74392
17537 54099
66966 88325
56279 85784
12876 78278
50467 77502
73488 74299
70879 81760
22106 79130
20545 36738
19301 73156
64165 85624
41502 56142
61825 87426
29779 53114
69399 69826
53379 86648
45104 58837
3097 82866
2052 10904
23175 62880
23642 86584
16145 64461
12607 46203
4405 68315
13858 73888
14819 21207
37072 55686
17496 55534
38430 74183
7196 25960
22242 29858
312 16195
24176 67863
4615 29368
29932 58760
32065 70515
51876 72058
10794 82251
48495 69424
34494 91590
16003 64200
15271 82891
42615 46392
23165 67539
22717 71804
34962 89093
15668 89436
6688 85698
48690 70033
77336 81680
68187 74268
63378 71891
16906 19696
23682 88276
29801 58216
23734 92319
23315 73084
19482 75064
75705 91606
18934 88257
83464 87549
54578 88251
52977 62803
23548 25891
20767 42448
39616 58065
47213 75475
10173 13543
74199 89718
60191 88634
39709 78691
13056 74586
62485 73360
41379 67666
15312 74976
5213 20705
50776 59147
66245 90388
34833 71365
82153 85959
39551 54363
19533 29322
17797 33519
47168 77601
57982 73850
37903 43503
84078 85263
14535 46529
14647 41904
23836 37649
2352 76371
9369 51113
11327 76599
16799 59608
31835 90388
10334 51255
16252 18123
82060 83870
64138 91983
13221 23998
20352 66969
43322 68487
31843 43295
44795 84958
2641 20091
70469 75780
4427 72398
68914 73380
514 2635
48990 77752
24249 43186
33992 42153
80728 83327
2328 19668
3441 30955
74945 82199
80538 91520
64132 82755
31639 57806
3315 70971
14621 75786
5688 44656
16656 20104
18225 92234
47288 57319
44231 63633
55189 76572
33562 42567
46077 89507
29186 44678
17162 74948
9640 27146
52814 55970
78137 92509
69458 69933
19251 41896
23698 46265
34299 61035
84955 91652
56340 65530
11655 35715
2129 36336
29105 76613
35148 74962
11906 65485
3957 59658
6263 40543
15675 47545
26047 64192
19643 58719
18177 26136
28070 83611
10157 24559
29684 47823
18147 63753
10582 30822
33289 68361
27272 27892
14935 15318
13148 87516
42714 52353
44301 66420
6171 11352
30482 91496
46314 53871
20217 21832
28399 72380
17562 37552
17051 57316
28773 53505
14306 75694
65949 78760
34577 40331
60490 89012
20515 22417
33930 38871
37820 87040
37749 41372
17517 55991
82910 91912
2171 14446
4419 5576
16593 88854
4277 6370
23741 50811
65676 76555
69240 69364
11869 58138
8984 17313
23927 56638
42847 60630
46083 62745
2415 20944
59262 71739
34492 90859
37685 79752
15169 53614
11939 66831
65701 86599
4343 67196
12630 90760
51229 87343
27741 32274
30876 79045
18919 60241
18661 61438
49459 51933
17902 55535
13133 86533
31714 87320
4746 86908
34592 78754
18442 38276
36210 78024
15412 69151
88616 89640
4920 81880
59728 74239
44385 53822
11646 62514
12886 70979
41728 67881
612 61808
23491 55245
81815 88302
15276 88162
52753 87896
911 66390
11947 12646
12407 56928
37796 72926
3510 11614
43192 81071
20938 83715
32785 50215
15548 37632
45215 77925
81344 84781
47695 50632
19667 67834
28501 87837
16338 87764
59634 70001
32880 35552
24161 73994
11583 40733
12125 79495
30370 57623
31267 65241
4255 16126
20260 45191
41962 56817
62097 91399
41720 47163
48138 58795
21522 86024
8396 88773
52790 83678
6931 46703
29571 46349
80214 80568
2740 48125
24890 34236
75050 82495
21080 38017
6804 65782
13301 32638
2080 10374
71347 84257
2041 26007
4040 26149
49229 91996
7080 32068
11679 46349
56828 80428
40420 91436
12931 55268
59681 81696
65189 82305
28056 64027
51109 71542
725 20302
14491 52962
87106 88730
18907 90128
66303 68336
70939 72245
59389 67594
82521 85870
4018 29124
33867 52485
26098 35067
44507 73195
8505 87787
27117 65707
47701 62374
67325 70832
53879 61255
20330 43939
26349 70197
23254 78908
71067 74328
33581 76073
43779 82559
25293 33731
41008 51612
53200 86069
21213 21674
78764 87382
63850 66702
65369 77919
5793 17140
10302 54116
34463 76740
5513 52538
8294 23572
20950 78187
22802 42915
4976 20028
43330 84810
6968 19090
13975 75209
13894 92127
12097 65041
2901 92579
14873 73036
2993 6449
21930 32326
23074 88180
1504 3018
27061 60356
32971 60938
9280 12022
16827 53774
77744 90687
13395 28536
14786 56409
47690 70045
28791 35265
7890 15039
38629 60210
69549 87172
32727 85407
26825 66552
7287 63875
2196 78365
40074 63845
35929 36675
10528 73506
82554 90768
49023 88257
2363 33459
2438 4873
33053 66657
8746 9014
57152 60552
36823 88255
13819 43466
5962 11762
12682 58179
14579 84947
25891 86959
5989 31484
37368 40654
48139 76332
24159 76521
39770 78528
17103 65389
28174 70175
56964 75390
20745 63092
32049 86912
28655 64267
24155 44135
63709 90172
41315 79408
337 29625
35329 70415
86459 91163
17456 29445
9483 29205
21664 44010
33563 45109
39403 62172
61165 82116
66257 67035
28437 48663
42069 82373
38151 63302
43529 46510
25236 73589
26492 81481
2163 43977
12702 54109
8934 29320
15489 34281
23554 79596
58375 80990
84657 86293
16267 36633
88296 92115
30272 60049
30477 56378
25697 49810
14734 83126
17454 82926
48700 58431
20422 39704
42268 57411
11997 46536
34012 91500
29694 61733
26810 52340
19800 75306
40229 80148
58861 64591
4812 69269
68649 72225
15462 86686
55419 83167
47749 57413
42284 50954
19323 60952
12623 14217
19322 63866
9141 51067
76 66804
11608 92042
10007 54245
24900 58430
85 67445
18235 75999
21554 86292
18567 85798
59210 62733
16304 37688
31526 45230
54193 61038
15950 59238
50359 68932
42919 62215
31535 83985
44633 64999
37871 83145
46004 71313
11342 92049
4637 55643
83909 90474
41293 51600
44498 89253
644 57994
14696 62740
19227 47991
19640 35909
11676 84162
27322 72246
15046 38958
247 81726
10558 20025
2025 17444
39954 88136
41821 63603
30493 37289
4881 13798
16559 55487
32892 36875
55045 59631
12739 60684
5943 90767
6771 59233
364 22426
71322 74708
18163 91954
72804 87464
30691 45865
33465 73620
32699 85979
15198 24967
9342 32061
62685 91188
31891 88919
40936 73892
18588 76037
30964 37085
46482 81972
60617 92310
2303 10264
11965 49960
7038 11173
36296 90735
41349 88886
50683 82441
3163 54817
70541 86021
863 90948
12282 56302
51661 91026
16816 22508
113 69259
14331 59872
9333 19236
51547 58553
22999 30926
62945 81000
6333 82729
11210 48380
12845 27132
47150 66108
78503 89381
48569 77339
48558 53237
808 9992
57380 84997
17179 22689
27395 62699
33607 73100
38329 59966
39188 63742
15918 46757
20696 53922
31089 58121
15250 37149
21062 69691
46908 53687
44629 69903
7272 60222
36393 59231
65228 87105
6592 70332
4565 6599
30004 89780
52971 56761
8896 59867
6964 14061
73183 79093
8375 16482
27964 45397
48481 70418
58608 65755
12975 18642
56579 79399
86197 92086
14368 91655
54099 91686
1820 53169
13089 87111
42415 63683
13050 41672
2189 81427
38593 71966
15709 46147
38644 67564
9265 78634
34568 36520
37959 46318
51723 62351
829 13906
48466 61079
55221 81546
58469 70936
69292 82117
43470 88567
33695 40994
24277 76213
28998 58381
18564 60277
49820 85560
49087 53083
39298 89754
12003 13218
65449 83626
10969 85208
52091 74594
37101 46806
22512 66862
56381 58395
68441 72902
16405 25008
6133 12393
28326 74737
26705 62705
19232 51824
70549 78043
27282 92319
46137 71813
10988 68817
17122 41485
33345 63655
66157 90802
7240 60730
21590 83328
62431 85337
32791 50173
58092 58994
68208 72623
31302 35927
7956 31359
28254 90804
17154 86492
13920 83205
39317 46260
36031 40008
32250 86844
25633 43535
1706 30063
15519 87335
32231 71542
7934 84188
60504 64366
64815 86734
10777 65898
9814 75909
39049 91551
5704 81368
87449 89414
65076 72149
36363 59420
45870 67101
20413 90441
49549 66109
66293 71377
57729 67842
7763 19424
11328 29348
21176 21948
7740 76255
17918 32639
35837 69342
32957 76418
19678 21374
38079 77668
13509 41452
71166 72239
27145 44861
14680 60853
30844 87666
7541 21562
31112 87599
47277 50435
15158 42971
40006 69493
1599 77798
29469 59018
59666 79207
34055 58238
42350 74908
20320 35345
4173 46739
8862 90567
65542 82545
17084 68044
66523 82285
7086 24511
7667 62329
34596 39423
14481 38600
78710 88318
39635 89222
56794 78927
42445 63414
47866 62688
50095 76091
6938 76923
5664 86658
7879 29492
43026 84524
45177 75081
38009 92585
10718 67990
12176 45388
1647 38199
77642 77903
1445 43971
15544 90038
53922 81315
4228 18684
26916 45018
16345 67105
57901 81488
67906 86047
45222 69518
33573 53605
44099 74113
21420 42331
30973 79757
11527 88296
35562 49177
57128 62903
22554 35285
9455 83070
1979 6669
24185 28951
16325 50610
27296 43234
8210 18599
61597 80566
59806 85159
24273 77619
49668 49698
27423 85917
52390 71473
6371 15236
877 52241
46343 46755
5996 14683
6723 7270
61251 70560
13129 38853
1648 45428
20071 38668
8202 23316
36931 62230
71900 79038
35796 49682
49683 61178
83375 91766
40040 80627
27343 50665
47108 56473
60775 74292
22445 36474
64876 66760
21049 78000
27451 41217
26914 52875
11613 83149
39414 51812
26183 33065
65652 91720
21931 26681
14565 38449
41920 82959
36086 64060
54904 63237
8449 45874
45614 70654
61753 79366
26476 35973
9759 31126
41608 52174
39618 73998
18258 44173
2963 45136
7508 42378
71070 83198
33339 54769
49265 92035
31768 37169
41719 44014
14381 79067
37379 71036
58427 74494
48427 91850
4697 28510
22211 76720
36522 46961
2739 52986
36772 37881
34984 67573
65013 71802
44552 70912
37284 66480
38912 85683
43965 89715
25265 67330
75634 92382
2810 89210
50034 65500
53925 68233
4225 81210
24014 45327
12315 88618
78503 91799
29688 44100
86301 92559
6577 58086
11321 37562
15922 63183
53931 57359
10471 76929
11019 59571
71078 76690
26962 69532
40532 69386
54378 66528
42013 57337
4634 85160
55789 76513
8538 75630
61623 78858
22794 81493
21986 49064
32249 33220
11628 83227
9178 59620
64802 90080
13785 90183
4041 75960
14927 64079
11236 36496
11022 53650
70249 73624
1274 91760
16757 34797
38189 61139
11069 46934
10550 76278
33877 71482
29324 74920
66143 72644
26290 36620
15199 74097
17709 64557
2663 74336
42551 49828
84477 84549
24876 52311
472 87416
52466 53936
68496 87640
15550 35518
11642 52877
4753 47129
11734 12789
30327 86368
50840 64749
19676 63756
86300 90517
2995 9775
16042 75010
46338 50427
68900 80234
71467 80632
1671 10473
1095 74893
8216 36425
80903 84800
3638 78133
8667 78861
37648 40422
80386 92227
8213 28988
12749 59272
24879 46818
47745 69979
27009 81725
3074 22275
16967 29219
20108 41522
30360 49749
5624 8316
52596 76909
34934 78918
6452 28873
72577 92169
13477 82226
31311 82101
10895 45705
47675 78853
27775 71261
20228 63143
47806 75311
10014 54276
66890 86984
58185 90145
2534 17389
66349 86435
21679 77851
44982 75473
16468 66748
69651 78205
39329 46939
14823 43332
51068 56746
4286 7556
7446 84196
27041 76408
39876 87527
32488 79344
7321 62225
12692 92102
3936 71648
39920 75176
69421 75495
95 17222
6576 41499
22880 64963
31908 50680
38507 53904
26506 56312
13647 52821
50923 55756
23346 68100
11461 28911
64788 92383
1010 55276
4989 11420
35550 71525
53485 80893
72738 73605
10475 77709
10148 30553
68700 78898
49123 69119
23602 71198
11092 66191
84955 90131
13301 17234
20751 62411
995 52531
59346 69258
17877 41735
13389 74188
1121 47736
9245 63918
60372 74971
72046 82426
4495 40044
27119 91208
24157 51230
22233 41890
20451 35127
23411 39462
67606 86902
53317 62317
17222 56059
24865 75563
6689 84323
29439 52352
44801 81101
12098 49289
10503 31803
17923 43281
48174 74174
67679 81449
10967 55193
450 64871
6451 18364
72857 77243
23306 76271
22481 41754
16507 18783
2017 30536
13897 61706
1062 62612
55411 63939
44392 46949
37211 85365
11152 76970
38161 70991
11338 86505
30850 77945
50836 61899
39034 81256
70142 71199
26813 41341
18705 35318
43315 81013
14296 72805
37016 72352
33582 70641
1083 12251
62503 74942
24844 34487
6517 70036
59563 91409
1776 67493
5583 81488
67147 79783
52891 55808
36042 77888
16705 80021
27159 36888
14237 89308
48513 61355
8975 49688
16595 63110
9645 83323
69552 78923
41447 60354
15949 30821
7657 34740
840 74034
43235 89413
38871 85279
55572 74485
61045 90724
11799 87950
30771 81952
17000 55482
15186 34342
64093 75074
4127 56575
29810 85552
35753 72030
9011 9489
49216 61865
13551 92069
28867 67447
23591 45603
126 1645
11860 56648
15821 20624
83467 89910
59244 60603
43924 60885
11093 40071
1457 82847
1308 33734
40444 87967
18347 80000
36169 66515
58278 87814
32673 63309
64693 86874
16387 71055
4073 27649
2774 14243
30016 68833
7474 63321
11533 44368
64625 76649
5395 12569
51077 61222
12719 38122
30604 54035
36180 38803
1163 5154
60933 84933
7926 21514
8845 24411
55070 58425
26151 71058
72258 87764
23393 48121
23911 41344
28781 58844
9022 36491
27503 34023
39350 41687
58204 86674
34599 41204
11149 47315
37144 50322
46010 64632
48103 79844
19303 48649
51586 70747
70611 87545
42486 89190
18251 18944
12987 77524
79632 83326
38613 79901
23238 39779
38338 57572
32195 46112
32352 51973
38534 42089
31090 67248
39004 67722
42435 56638
67610 80357
27532 66801
40633 80684
75424 77991
15227 34662
26427 56418
50090 56139
2308 5100
35750 76250
43261 59382
59986 63219
54595 70961
36985 67309
19429 66184
9758 15113
56076 57110
41965 63673
21844 35875
85763 90701
27392 35880
61391 90251
57989 84899
29476 85165
29733 56547
56225 87035
19611 44383
12512 20804
25813 33155
8589 21930
94 78326
40705 43725
26636 68941
55452 83999
7736 55698
1529 50623
894 8235
3169 20126
59378 74752
51663 90761
4242 29868
70050 73698
20064 24617
46238 76892
34531 63228
16126 75812
75189 78456
35821 92498
34738 71951
10680 35308
24633 62179
57347 82007
24676 80269
85020 88202
47912 75560
29706 75529
60251 90118
77149 81144
28831 40741
57314 81852
55431 57381
56875 82360
9372 52563
48562 51274
25521 37918
7019 88788
13318 86318
39928 44867
20421 30969
10471 46349
50329 77743
4858 75936
8168 69278
14891 39356
45807 79496
5094 71816
2377 79849
45696 47679
42926 50103
25134 54336
50418 63199
49624 91495
81553 85640
197 66336
89888 91058
13037 53491
34323 62617
33069 34623
15033 43752
56359 69358
26375 83267
57491 79652
21085 21270
17934 84222
2528 16342
7352 61936
84944 91881
2340 78970
22743 24720
59198 85646
35894 91002
6766 52507
45116 84678
8379 37485
22957 56441
87085 89163
20193 78180
13719 23087
41195 78693
3955 65860
68481 86581
16880 46678
68417 71887
10182 48200
6213 75554
7662 80106
36818 44693
23323 68359
16831 26999
42393 57637
17536 90471
7431 47983
37747 50999
13701 70572
103 12112
7169 35717
21045 21203
40598 78642
10875 78489
3569 23161
29408 81786
18158 40934
1584 78375
22976 73533
66739 79101
61859 75122
22138 23357
64965 88610
3620 76047
7397 11170
27290 82528
36648 90329
30663 57355
60675 74699
25556 29377
65701 72664
20044 55527
34671 40216
33421 87814
31036 76907
32669 77548
22979 66185
2243 61022
39721 86150
24068 63614
56145 82195
4149 76665
53835 56730
61963 69313
1507 14750
39347 52722
64515 85857
21836 22997
16291 51939
22088 87319
28549 41678
4789 58172
1260 39268
25464 34117
15208 73922
37646 38822
19205 19562
32632 60895
45296 58986
34765 80271
12631 67618
45893 74570
502 83285
57518 58422
49712 81751
20100 22419
3890 17545
27029 66415
16510 86262
86432 91396
66412 87315
16307 34150
15399 79765
4446 16858
7336 16468
49890 57148
173 65694
2690 62564
7944 24019
48972 71078
253 40354
63569 67080
20982 50320
7293 79506
21504 53188
6267 32359
18939 77969
5805 60654
34583 38039
30924 80213
987 29886
17735 45097
47517 59292
23122 57827
1008 69313
20681 62230
45448 49908
10411 19730
54353 60760
49803 82686
26921 82544
9007 30133
862 92115
2640 3345
52697 84949
24549 29223
20047 34985
26769 37992
23209 51987
24806 63867
15077 90468
74214 88519
2995 66887
16350 80610
64398 82028
43358 50061
2694 21350
52608 79612
2879 37091
5935 69456
3354 61050
21548 92616
82696 87913
11005 82352
79174 91227
43574 53386
83364 85658
13835 63568
47573 50361
62515 63486
360 34667
53721 55552
67518 76851
20103 21497
14463 62827
54866 90084
35526 74164
11153 24100
85619 86373
6797 55855
31690 40069
38434 71698
13461 59204
12803 62967
36085 60573
34689 66451
63897 92244
43487 89588
22982 57831
32211 53290
16989 69087
25510 47588
29777 83040
46693 73155
3060 78780
42582 57014
4743 17400
27311 30307
17066 89420
60742 69928
77486 87820
7023 32749
12876 71688
19132 58078
35926 48918
75352 86501
45307 88214
13014 41511
43332 57059
34040 66540
12979 73482
12052 72328
76358 80265
36003 43069
22023 62588
70564 78189
20152 69235
2811 42467
46102 90629
15108 75494
17415 31756
25436 36634
47246 86690
9471 31858
16086 16626
43597 76200
32936 61955
11578 64730
21151 52182
19232 43790
71282 81642
677 6799
82426 92364
54378 64775
4739 71079
35243 83323
7481 8783
3403 51613
7895 24689
72441 88048
31643 51947
5884 76691
47419 81804
17756 39823
12 83770
15684 83228
36607 57400
42474 62703
19730 43539
80004 82175
27560 28327
51047 62722
27557 86354
11869 48929
47728 65443
39324 40091
25142 68460
4956 34275
25540 40191
64279 67638
25428 40908
44122 60279
56843 78283
59232 88712
46169 86123
73237 74954
4743 62359
19260 25903
81637 82277
33312 70229
77806 91064
20044 45384
64887 67683
34895 88542
52410 73612
251 9254
17544 43513
16265 66435
37515 50328
19966 23893
15481 44372
8340 22790
11609 68624
53569 90561
19223 46017
54358 73021
60247 87238
1037 13029
55626 75783
23617 62958
9920 43453
5396 13608
24428 81713
33871 87910
35072 48872
26210 79353
12285 66180
7822 30587
12463 75343
55697 64593
13188 18213
21043 90698
67080 74398
10448 21814
10153 34658
43025 78178
6760 82657
33417 75818
13595 77737
11438 71791
30446 45660
16870 69790
38708 62541
50185 69752
618 4743
82216 86380
35087 53453
2420 26448
5521 5872
52442 79956
23071 84514
51526 60596
10139 62576
15958 27802
53541 75406
5823 53838
5641 85403
13780 86664
51501 59504
9362 47020
9055 26886
16885 73986
4978 29763
19907 45727
48929 87611
12567 50805
17058 29642
61208 77955
12484 42295
72410 76865
47133 59064
45800 70964
66369 71505
14155 85742
10889 62865
32437 56579
16805 34330
49988 52075
4828 55305
9248 31567
44836 86906
27176 75477
8102 32975
35046 65443
7650 36554
4795 29111
53909 77812
27972 90797
41065 86230
43911 65941
1688 79640
14976 49624
733 19710
85844 92227
22615 81796
20990 21687
340 55729
8936 62461
678 4014
709 73753
25433 80363
54720 75285
3109 84301
7507 92412
11133 15414
53323 88225
59436 71660
12645 13438
49558 65439
17281 70780
79467 91000
73698 87857
42659 71351
38012 40606
40556 62662
2234 6825
6293 61913
4433 42804
43415 53691
28564 49515
27009 91568
15786 90308
15738 67307
41325 54537
27961 76874
56565 86026
40096 58962
2944 29996
9191 21850
26352 92486
34299 75806
73811 88846
850 7989
35301 41048
35814 58391
33930 82937
15250 84051
22403 70935
3396 20188
81274 88371
3863 13297
14165 46594
50787 73340
29318 75863
61960 67754
51156 69780
23006 85356
28836 68988
21885 35768
7211 56025
16966 31396
24972 51509
44444 49488
14855 34767
21514 36814
46525 51916
30536 74909
28048 83199
10345 70727
28527 45178
40234 64190
34895 88272
38442 84534
19803 73348
53466 89846
4450 17819
58341 82085
59828 81045
51393 63102
49670 81185
57477 84021
35421 90108
5603 79619
66872 68068
6094 51061
17485 27269
36959 66849
28995 47045
15350 57774
10432 48298
70673 77303
16073 49716
692 50738
69388 83158
22333 44221
64436 65456
11984 13412
32369 55780
8520 31684
61739 63053
18265 67320
6120 51979
5662 11236
7965 41154
18478 86521
72722 77645
25628 44828
2765 55635
6095 59433
41816 74872
17949 50710
51104 73478
11736 33616
54630 58489
48149 77555
73014 78320
47075 72836
9040 64199
15735 72850
35700 46147
20876 91057
18504 51819
29180 74740
4029 22872
80429 82343
27994 78960
27168 73863
14121 29527
26541 91375
14400 90296
1540 38376
16421 79638
21018 58084
24280 52510
34794 88830
7823 47350
15919 31182
61382 89051
1110 39628
21235 84940
49411 91896
37405 55817
58228 91218
27795 52330
847 54998
13811 78108
33381 83598
2474 9191
16300 20136
36792 45575
19175 33226
54219 92139
60529 77893
5833 43357
13047 55881
40085 57830
34826 35052
62342 72677
65238 81981
20626 22659
6510 21444
66728 90612
26968 47523
35335 90773
17256 84539
24720 51293
56624 74027
21312 90794
16211 44434
53478 73051
51658 69235
55416 68393
16782 70289
38496 43821
5487 17335
43305 77007
3747 41264
18040 64159
25900 69345
58951 66980
31610 45223
40285 60000
8780 37011
22978 83445
74326 90795
55425 56052
50871 86234
27307 59766
55188 85737
30659 49025
5540 39530
39051 59989
30596 69755
31361 45577
5113 18460
46749 90426
25778 84190
14603 20585
19739 84099
6091 70996
51504 71944
18540 48180
458 49066
37379 71306
44539 80833
38228 55849
53922 54577
58721 61596
15245 80347
21978 65225
71065 77966
34595 41395
10769 20982
45793 56698
18863 72273
87467 90712
10092 12987
30116 70486
7171 64122
45350 73015
1247 55166
5580 8833
61319 71530
60635 84295
17195 86363
14765 49324
1180 18896
7063 26644
63590 83890
78546 85379
42990 52596
10714 52717
27573 31739
46864 57921
23612 84182
20792 39234
38599 41270
85631 88568
86585 90266
68860 70226
27835 55488
46146 84160
14098 43238
29737 85850
14262 41629
6459 75546
65160 73722
54213 56603
58424 91904
53970 83864
30118 54382
73866 90207
32639 69103
4355 55003
30569 48454
44176 47227
64168 80337
11339 31650
1899 87232
89616 91602
36050 44224
8333 68296
35524 82699
43751 46915
48582 83210
7337 36232
56801 76717
17177 49473
8993 84253
65665 89538
31177 56564
4424 83652
58723 61251
77614 80245
30350 47215
7073 37672
78822 91007
28880 88483
42293 87690
55368 83306
15641 61311
77939 86750
40442 55912
64587 84479
55867 77577
17426 43250
50886 58209
64908 79043
8650 77905
11537 78214
62134 85523
45469 87904
25141 74286
62538 70266
989 40203
40380 86950
56861 71994
46868 57622
21958 51858
28446 29343
28716 40663
17736 84407
8725 76397
38192 76681
65303 87396
31917 39233
33587 85103
36675 91152
32631 47828
24303 29560
64253 89839
24653 50132
44973 89882
25647 42534
2834 4063
39458 84775
31066 67434
18805 70963
37312 72919
32529 36440
3009 20604
25857 63302
74504 87942
45033 81916
71029 79112
26258 61300
52338 73600
7697 70423
46143 59735
12732 30271
35168 54302
60307 61001
12355 21223
6782 51192
28037 64510
32303 67868
20962 66496
2874 85505
20789 57651
49049 74172
595 71625
47378 49672
31884 85138
66880 83229
43585 75506
1588 16273
58673 58706
40119 81182
42163 82761
27986 88739
12463 88482
18699 22199
69824 72621
36483 91864
42911 51654
35885 37071
49352 91635
18151 24899
11874 74816
49864 50097
27806 28119
13156 15686
12808 46407
66237 84465
55738 68413
21456 57549
46041 60972
5008 47530
8661 66668
54065 68556
13100 77869
65693 77591
56054 78337
23084 67902
20120 75245
11397 24320
27688 77534
2247 86949
69599 84267
63903 74394
28878 54096
73354 87354
14105 66406
3264 88207
17518 22471
32254 50163
39845 43088
27580 81518
17142 62188
74652 82142
12125 92141
38229 85616
71883 74311
28979 73068
12676 58158
1275 50153
27461 45708
40944 89324
73670 84773
57321 86296
69624 91630
5140 10868
25151 64159
4134 32456
7140 80561
8241 67784
17103 62711
12701 47098
37006 51696
27956 33942
62331 77181
40037 85273
57149 67300
42589 53181
263 47909
25761 82475
1043 2606
23890 91121
79496 80022
19523 88197
22134 73488
5771 20576
37003 55361
81926 82532
28430 69557
23443 56821
32572 82758
38715 85250
9608 87001
74066 81045
19166 65356
15901 16673
17194 42667
74672 82007
25122 42239
54543 76831
44105 59629
42333 79828
4880 22675
5524 54990
37617 47142
15995 49914
3169 3214
88548 90317
58394 86152
27937 68257
14148 56825
38691 79581
10866 79488
6484 76352
29324 64015
76875 92451
49986 52099
28689 36584
7461 56431
67779 73486
6240 77135
6610 16544
70661 78591
22014 39532
76162 83717
4100 32656
65668 72396
4422 82102
29895 86557
3118 49233
4827 58114
64152 73853
28650 79486
40326 88999
32530 60979
6608 54718
3626 11270
27662 84479
5217 48873
50780 52077
65691 80829
29077 76968
47266 80755
57148 74113
12645 80751
55266 80445
32684 44303
16734 71990
30942 58153
7768 33038
31024 66450
17535 46474
67277 73202
6953 43014
4984 53296
20226 47924
1716 55606
10750 60607
5608 90593
3065 58554
50654 80909
26861 30721
4408 82116
68063 87111
58815 76261
12900 82549
10351 24526
39436 61845
51921 78574
14074 90357
92053 92321
15841 77964
79065 85664
49117 62661
7630 59882
2187 80439
38016 90224
35211 80096
54354 88982
14708 49310
336 46994
23396 60296
19060 42780
28670 43176
6081 47766
23060 28390
7209 75048
56767 86191
25196 28524
22107 45761
55469 68975
32730 86305
42263 80799
47839 76805
683 26420
35184 64125
364 76354
38309 58835
20709 69765
44567 83463
25768 34812
7748 10854
26907 63604
19451 83560
9948 41708
36240 81769
20909 44281
36723 60009
517 45946
16997 28404
14577 53832
41586 51568
36169 78999
68517 81087
24913 37957
30960 79445
45946 54504
3319 25669
28305 39184
33107 76502
20379 59603
55555 60775
55177 66614
14553 91048
13277 28241
24806 36371
83653 85894
64104 91219
53097 62248
48012 89551
26949 35419
20661 42048
57569 73891
5239 47425
42567 78365
7493 42119
65046 84647
180 36861
34327 48862
13463 85995
11282 16228
19885 68226
26575 33859
13116 68524
49615 53465
55342 67809
24977 50429
13267 48114
6432 64775
46486 59069
2140 4755
19725 62837
10401 64360
30713 63910
51706 70705
42942 56057
18918 80122
63392 63891
17354 72865
54820 85351
6911 77668
66892 70251
3133 43871
42596 86327
25505 54134
74210 81507
39965 42613
7123 24194
16650 71379
45580 72573
73180 73992
74611 88346
7457 10826
18390 59031
25045 35014
10469 59254
15953 35793
1018 91927
13279 75646
13633 80342
44872 63820
26243 54548
22458 54985
2655 50346
10324 83042
24734 58748
39296 80133
24376 50393
41594 45711
2089 69492
54950 75702
63365 88377
50673 77583
14391 40497
72136 85642
64655 76756
4803 74839
24503 56983
48756 84007
22147 88175
16495 48240
33956 45392
12661 70075
37459 52677
11793 29024
53018 70212
9532 76349
14243 44118
17156 32911
21365 36471
52277 72219
39019 50490
41164 53138
13878 77582
50000 61653
35618 89991
62402 82972
4108 45785
23742 47939
9523 41300
7683 88630
33192 58041
298 44762
19883 64653
31638 65449
12267 48421
33865 37462
14287 55256
746 14291
45212 48929
64740 80877
23103 83071
33049 80699
51837 60876
1324 10234
10752 78759
18869 76709
51309 68652
21029 82408
44184 77261
21322 49894
45350 61056
16132 48263
6824 50301
39561 85935
2182 19323
15111 37149
11489 87701
71318 75956
543 86728
9453 79930
83534 84544
27141 62005
34344 61855
26614 58863
31779 49712
434 10849
20222 47891
15594 91776
41518 85682
15517 38327
36144 43739
10652 29565
62052 75337
33712 84532
45266 92271
6348 13854
5103 41967
18340 51906
16941 58534
35669 75448
11386 84691
49509 60541
3609 13359
20317 66484
17623 30669
60408 67675
16751 85505
2817 19567
64138 91784
32833 73949
58356 69134
23787 43611
57385 61845
34376 42523
32470 38569
25469 56227
40767 72431
19311 26203
31044 84899
31777 87752
19437 55306
60289 77895
19805 81281
9556 11537
29323 74922
218 16234
9728 55884
10654 62832
19994 30405
9396 77444
166 3769
4237 66569
5303 7906
6421 58201
18497 70183
56462 72129
80144 88261
6546 23085
55941 71072
10865 59113
63872 89977
6124 69538
16835 24890
53157 91616
51542 68320
18538 77465
18236 26102
33430 64989
56590 77480
9767 58487
15335 26855
43893 77780
58355 83336
9763 25573
73881 81185
34333 60542
9560 40620
3613 87316
27243 49297
20554 56026
1337 10934
46304 86989
8221 8525
47889 81768
4603 69859
59177 76110
15306 39587
43125 50752
42198 88103
41272 49504
26418 58000
7610 26142
52616 76618
30718 47249
70770 82748
3976 14842
34958 58493
56171 70525
2164 43088
39296 57649
10952 73752
63123 89032
17968 43876
33639 82751
26749 78847
46083 67173
45006 61829
14007 28529
26879 44634
1563 70109
18055 38417
15663 88640
68834 89493
909 38525
79836 91803
7459 40278
11256 33384
31746 55009
33224 38217
35670 55163
13215 46124
26909 81955
51154 84332
556 67625
25776 73259
32719 86809
15484 70806
76572 88404
4881 12920
18216 72184
11476 84557
15118 72400
34671 43917
64711 90197
47071 80852
11349 90387
7792 9682
9510 78107
17961 72733
23593 34789
19491 63012
57556 83681
83717 88629
14591 43044
8878 70830
4317 20732
4994 53992
17095 25452
21555 72267
14895 16970
40890 56256
15512 92119
5111 74387
7526 11454
39100 83244
50009 53286
81023 82808
8620 68471
22619 37954
21134 40660
80162 89504
19606 85288
25771 51746
44868 82160
54816 55768
24932 36403
73598 77550
44004 59115
12112 17215
6252 17106
40706 55486
41710 79453
29692 70619
59314 75242
29621 72461
55740 70738
27225 71828
8600 91743
6374 38308
42551 45354
8058 55522
3324 62769
33932 54590
3816 15128
55528 64704
42237 46817
51542 90324
27104 52211
31520 64426
73038 76858
12059 40455
42527 65258
10985 89983
31481 45074
39261 40729
75267 84224
23509 36899
34328 36718
46435 91904
13945 27453
19284 20321
849 76885
57008 92027
33987 81593
64367 91961
79013 81810
9724 53512
53433 54207
45399 73880
28588 88074
65662 69139
53699 64873
35811 79806
61002 82874
23856 24310
38655 76554
50497 72769
110 54204
23097 61155
3521 26201
53129 75739
3094 45304
51341 57364
71348 89740
28434 75839
5269 36005
46477 65694
17518 62203
26546 34929
27820 74717
20234 78981
16882 43842
35638 83687
58994 78637
23108 44043
14267 25659
29492 86133
1827 18802
46739 89052
14334 67197
31359 46939
72886 82062
19272 66876
27905 69017
56836 62690
64647 91577
7813 65084
1198 58079
59451 68424
20107 74985
15554 91797
45720 52104
19833 51623
30572 83831
8936 68463
26427 26825
2455 60233
44553 84987
55999 58698
3859 4093
55759 65804
728 73668
23771 79802
20631 49047
32275 64072
37685 88792
52814 78834
48400 79759
5641 78492
10836 30191
49590 79713
3178 8602
14626 88910
54889 62594
34844 90627
48409 83113
7740 32120
35852 92525
11622 57312
20106 77431
13316 70557
42664 90201
34763 48468
56603 58028
7052 68386
9816 54902
18390 46209
64190 90893
15842 71351
468 38453
3898 49180
60298 85960
806 17615
3235 19424
39493 55970
8575 31767
26094 83617
7644 77530
4171 7868
35401 37508
70938 82576
42089 64864
48968 59401
5067 29005
19647 34570
26012 51675
11885 18372
17092 71640
18616 90726
88356 92361
41949 45870
8882 48362
28905 74772
46970 80436
39271 41018
60701 87670
16130 56978
26441 48792
83414 84391
19651 22573
31443 75518
76746 83875
22404 36484
27589 73560
53353 88817
49586 73315
36864 53579
38079 71976
7445 49180
43675 82122
42389 86890
16350 41368
11243 41961
55660 70816
4334 52001
50844 68193
24300 80115
1227 39656
30465 88978
41047 81194
9584 21963
36123 61184
5579 30178
22965 85712
10464 52468
71090 74725
40931 82061
20889 74735
40154 80449
4684 6635
14233 63784
60948 72677
64542 86202
55334 59969
13599 38399
55010 84327
13216 37045
26354 31165
19848 27477
46 4730
43926 56557
12201 18110
7665 14931
61428 85274
5199 32600
8186 62089
39345 90280
56976 82940
16887 39956
6117 65076
24908 65749
55608 59779
29605 42950
37392 42008
786 45060
16555 38496
5636 25200
30520 62009
83384 86893
20000 26986
26465 69791
34004 46656
25007 60470
68417 86650
19454 59342
8640 51553
35709 59484
14798 22160
67228 69399
28724 58905
19514 34222
38513 48560
68914 75140
15654 41706
13098 86876
1229 49646
5412 44415
6290 7041
39049 69657
314 14795
3205 52845
35882 76701
33639 36327
27681 88008
69266 82460
44665 59957
52960 85148
11916 63055
4624 41080
25762 64134
14677 48661
71382 73129
41532 61258
2295 2313
11536 67810
15264 21591
32123 41844
49212 71185
54411 72091
63845 74678
35452 81768
54392 73446
52455 52976
45431 72730
56106 83018
38756 64927
2908 77328
18478 49213
5942 18618
32607 41387
33613 71209
24325 87057
41712 71305
34206 86118
64364 66207
37898 42600
27241 61652
39330 80899
2970 18112
20138 56771
32881 72727
19670 66535
4390 11864
29355 56428
75517 83931
21250 83446
55358 90860
29149 66377
18899 66334
53715 76870
39064 89753
18724 25546
6909 87031
40857 69160
45367 84411
43697 64892
15447 56050
9742 64843
47921 83573
53539 75695
7942 68422
53863 70713
39244 77216
533 36383
15365 60534
52038 87110
29322 46658
534 33192
45218 89028
5736 80514
28073 39966
5870 31756
17790 62173
15871 33223
6803 90429
35426 74437
59171 65288
45251 54269
61419 85313
13389 64358
70785 83231
16344 52460
277 7244
40434 76226
18875 23194
46678 64075
71846 83692
6313 23483
19800 88352
16993 89951
21899 73842
65107 71276
11566 51501
17303 54854
43220 75118
10540 89661
77189 86593
12772 55988
24699 68736
12805 41889
9221 65313
7457 38335
55835 81026
46333 57050
8404 34828
54946 66154
6873 75417
30259 65151
15380 54110
69809 91498
14809 81612
33907 71914
11080 88315
50168 72537
32072 47134
34642 47960
13135 41011
32531 90039
9573 25382
34392 51410
48038 64852
84289 90467
30076 53863
1629 37298
30169 90491
43396 65689
8745 43141
10244 52374
205 83371
75615 79282
63182 89943
1488 69243
52551 69701
12900 84629
6824 8008
5300 48810
22430 28383
9161 29954
16511 67853
49608 89026
41021 54691
54192 59931
31978 90583
65499 73517
38884 70502
26698 40236
25479 36968
43601 81423
21370 90520
37106 73464
33589 83725
3687 16933
55825 83369
20969 77700
36394 71919
47935 64543
27292 61382
41350 45507
15322 18667
72135 88801
14843 23046
6124 29488
10369 61080
91520 92091
2582 52975
26136 48717
36147 65906
24050 91780
9156 88892
16046 79945
19977 24859
65492 70178
30098 61844
47781 76032
30729 66356
15931 20604
40211 78799
32325 45790
18142 81838
15253 83895
40196 92181
23462 89437
83577 86295
29338 79412
9691 66919
44706 79856
31635 53841
153 4701
10203 76947
31053 36649
4840 82333
13341 51080
16544 53481
74275 84413
56831 86028
61641 72738
27879 31282
17034 39671
8105 26222
5289 74539
13200 91911
33069 41706
26482 65720
52412 87684
3223 65084
62394 75043
80838 88134
14010 25713
7755 67711
2095 37985
10140 40749
30505 74003
57479 77415
7729 47970
24740 54670
37901 51372
36018 57962
10919 60221
2977 5101
17993 89308
39720 58127
30882 60068
29158 44424
27342 53990
23076 44438
33266 56257
70972 74482
45542 72635
35371 86481
17753 79894
22689 46995
24065 67608
82047 82605
27848 58786
63753 85015
8552 74510
16262 26764
23834 55722
40495 75418
7633 19885
72416 88880
11240 41191
35257 52399
28917 32990
48910 60572
26936 61447
5822 92261
66593 74605
13686 79690
51450 83098
11520 40781
17229 30758
15203 57281
22173 83629
18747 45884
15406 51677
6628 20650
5168 88947
57796 92522
34959 79966
71142 82615
46719 91088
23582 78399
25371 86744
67085 71290
18015 34850
37773 55957
28509 60233
82121 82541
2093 37574
8496 40347
61105 80024
27518 80717
20215 29262
9293 14565
37699 53933
13641 57005
85472 92312
32410 47108
36027 83047
46254 66716
34492 40797
26895 74052
50071 53991
32869 54041
19382 84303
25748 80754
20102 65419
32977 72312
52934 83440
39332 67897
74732 76253
7471 61286
56094 62562
36389 52474
14030 76532
58246 71322
14529 82092
17274 89743
16533 85313
30035 68330
13867 36000
1435 19853
13704 71311
62962 91407
46627 80750
3679 71097
7073 72207
1854 74629
32913 67679
8764 71734
22511 35388
4723 6764
44312 57226
10985 64422
17242 42912
10172 60091
6847 44488
6514 85726
87506 89529
8414 18750
2551 5195
507 45347
32151 71514
28669 46018
36859 74420
49890 82847
54378 55340
52356 91938
38001 39123
48404 92447
19151 77918
8879 72003
49618 69730
9056 87030
51412 77282
32703 89524
40214 84593
23149 50880
26896 43962
58645 71162
55335 87899
42841 67982
26276 43230
2494 65870
25327 35612
5066 89466
57155 89395
21688 25051
17635 50335
18291 90845
15581 47811
2617 8906
27115 80373
40671 88515
5930 7060
32352 89821
49717 51207
17156 56804
80347 87275
3936 55398
26426 27773
16654 67938
67343 86151
21691 55177
5946 24471
43124 65906
1869 54767
27447 54911
1873 92565
62118 77972
18566 89514
35788 41849
11557 24571
22028 26717
78229 88496
4933 15231
23389 86519
35721 63045
8422 82948
31249 61083
14376 26641
37166 62348
30842 71026
26255 74002
68694 73362
28813 85081
19363 80908
13308 84470
2191 87849
21193 92364
29127 88692
5805 29200
33113 49348
16730 19851
8024 31865
50538 90338
54627 67899
6208 73310
27275 68055
22098 52497
11504 79578
8396 41562
5695 64872
12988 16656
11314 87906
52098 69344
20996 59196
8608 44860
68513 83672
27888 61626
9271 54343
4291 19938
68215 71652
38884 59144
36985 61783
6186 78475
44426 92026
51424 88702
3003 87697
25775 64013
56584 80364
42165 57893
21725 50760
24409 59825
9187 83046
18320 32921
12008 36721
49120 80792
39144 53778
9216 60114
11787 16088
744 39772
42060 42533
13961 84822
7054 7970
25119 90160
1899 26878
19055 36241
17081 79815
4675 70624
38194 65097
55247 58932
18739 58893
34862 90327
10517 84765
4930 77626
38409 87901
41040 77718
30234 90508
34606 38175
47758 62336
26200 28228
52636 56058
8563 38227
2443 13444
43667 58425
79400 89653
4475 56785
16681 45749
18038 87898
55181 63937
20864 74644
30011 72460
30205 45146
19916 64678
39659 66680
39927 69530
27772 45637
43828 60377
50401 53543
5858 32895
76127 84354
61955 79504
52591 56642
49667 59610
20677 59334
79080 88876
1242 16417
72480 83202
59119 74146
7650 59175
20317 45744
34263 89981
59383 76842
22232 66121
57137 66327
1268 55053
80867 86143
19006 61720
55494 58474
1161 3442
38466 58523
18257 53982
17570 38937
39858 49913
51140 71326
45394 80524
30279 54150
58891 83345
30218 86122
69109 89733
76082 88396
59490 63431
43546 62624
4493 12011
79316 83553
23310 54161
66620 85204
27095 69726
2171 84657
4818 41992
11843 71117
41808 66801
45158 63430
21633 39617
78335 90855
2213 45455
21420 74690
15365 32889
55830 89414
18937 81700
10929 76150
27795 29922
36887 43820
1519 76740
617 60133
30451 53602
27581 52361
10728 66871
20064 51290
24369 69011
29126 91995
30972 89824
18510 76458
23784 88436
77202 89095
23683 50052
18004 76547
12894 64617
41902 68022
25472 80428
20234 66082
4062 76508
37650 37986
3649 73832
36357 62580
38832 74825
32294 59268
28441 72175
22361 55947
43411 52822
55999 79746
13841 47864
74130 85993
22001 79069
34624 89833
16894 71793
60701 60983
5402 62774
13074 71335
65229 90447
30023 76850
2610 89729
2450 35981
12274 78816
43803 72248
47730 65373
67482 79697
30658 56541
32757 67698
22775 63896
53049 85329
16531 23751
20504 80685
51 50753
5715 49509
7910 26486
8261 62063
12863 61522
25201 37459
68620 92144
50839 81143
34637 92414
9899 60086
841 29063
15615 90204
11730 88461
24007 36839
22162 89665
52037 74002
57742 90478
2829 70587
22944 23130
68174 76498
13756 40443
17497 79575
55052 67873
43701 76827
22300 75811
83366 85878
34115 78134
50666 88262
34631 43447
1428 84959
12779 47191
20384 76615
43772 66638
26905 86245
57182 61835
30193 73383
25934 35232
34141 82139
56129 90862
69458 81648
5299 55212
32849 89622
15144 17181
37658 38826
1486 9063
46141 61862
44687 88835
19871 36965
5662 91976
36524 52737
14563 53470
7323 10576
50519 52599
6311 74255
44092 86673
46416 83881
20662 46339
47210 86284
43114 68910
27006 28617
10566 53439
5771 16328
10410 79574
24790 25076
47842 87921
37794 83942
16581 72638
39178 48862
4491 74706
36382 53752
22567 49420
11533 64570
7867 28735
1305 23400
13763 71612
65383 75112
73643 78646
38597 48619
68808 78777
9921 32587
30750 45365
38227 80288
67074 90332
25277 34700
62000 66998
11069 26624
4142 92625
36087 66208
1077 46495
3317 77527
243 16254
66263 71588
31932 50051
27329 91575
2935 15143
13727 40469
37541 91974
59317 85568
7503 67265
30854 53377
26794 58044
17168 56219
26980 88424
16279 52156
19779 27413
38050 85085
7857 78058
57267 72155
18660 70368
31716 67236
33413 80480
1636 30400
14760 76390
17908 32153
11890 31444
25518 52995
24222 87299
52744 72383
28173 64497
64753 71899
24860 37802
59167 59978
38590 69088
70071 89563
45251 70852
53975 75158
21340 91237
18933 34174
34987 49878
34676 68311
43328 47731
30468 43089
79973 90030
54450 62049
47161 90611
34299 86661
26095 35756
8634 35009
27893 56132
55352 78250
5457 29683
43222 55261
48389 92206
66377 78573
1241 18858
46556 69529
62022 92587
53173 89904
18014 66073
59952 71680
49586 53942
29670 66686
61941 86753
43111 71531
6047 50247
32411 82466
11694 88342
57158 60770
23812 76552
3935 48521
53788 84843
12653 59764
25313 28342
57219 78056
25599 81303
64072 74261
35617 62246
42715 69814
40218 84943
43870 46714
29717 82922
69958 70400
3146 12508
9006 39995
18632 67715
30411 79562
9032 22707
11413 18375
41459 72813
77986 84938
20996 87391
32750 41726
37337 58510
68300 78575
24252 34631
19982 75942
35693 83350
4111 85010
78919 78950
11607 40267
61706 82983
43508 70201
66244 88581
23831 88516
7000 40917
25944 46325
42464 64491
5297 66926
36441 64106
21650 47652
21110 72978
30734 61460
10920 92316
9676 72151
20132 38349
2283 43175
29043 57115
10197 48131
14101 58328
48017 82629
14446 45393
20987 79308
4288 65644
56444 77816
33432 76917
21268 68895
59456 62761
69705 70930
8406 48995
31092 65572
22281 26383
24394 30108
5691 42650
82564 84230
3987 44386
47863 50772
19802 91108
13279 60011
69401 74804
6180 65521
39946 52782
39663 81830
25167 52405
25177 26521
5947 33159
30716 62455
23588 87918
38910 46841
30069 44739
29665 34362
21265 70550
6712 29937
24829 71439
17996 76316
36466 91172
20549 32352
2534 78668
23196 77003
61867 90420
66405 82616
9170 89076
16404 17200
10261 37168
11940 17347
11445 54677
26446 55155
84974 92451
61385 73308
6204 10139
536 13943
39024 86031
40638 53287
6009 33196
32531 63944
51151 66430
68588 86518
12197 85224
79299 88167
5191 18433
24067 44825
21475 88301
9264 67657
5486 70010
31086 61465
68662 86015
567 33179
20827 36737
15661 84249
15198 35137
57648 60905
29547 49966
54975 61148
13298 91665
869 89685
70871 77789
11891 23423
12416 23317
61002 91817
17203 38270
10344 15836
50558 78550
23071 92578
7883 49307
12777 24559
54756 76046
1818 31029
59426 85500
45938 75156
23786 64125
48553 90919
44684 82263
29563 80089
46956 85587
21891 31501
35545 48333
21449 37333
40456 81941
16876 43353
12706 80947
26250 70896
5479 72846
26657 84988
24513 33886
26686 89636
44767 62020
16710 42453
38590 47113
19092 57079
50610 67543
31000 42622
23069 82057
43689 60407
32824 52108
10478 33931
59209 68658
6122 11328
31531 41609
19359 42119
24851 47524
59774 88117
32185 70529
30605 50240
18116 28586
49695 68495
41808 56005
62778 83454
12313 82087
41767 54860
10942 21038
48210 50933
20356 27985
28983 67532
66237 84588
12816 56353
53195 56139
51912 52776
17655 81005
47176 89568
45218 61036
86724 87484
5201 16330
14342 19892
51479 83744
32911 36198
22324 69486
12797 14925
4209 9109
3450 16448
46946 84243
30147 60268
23033 35358
41539 84094
39583 65832
11177 56653
26249 84576
32085 61916
6452 91732
8034 72267
15084 25621
32020 69763
9808 53261
50841 72293
6830 7196
54709 74599
12952 92058
19891 52342
55460 75896
41771 44312
12297 33761
46009 65759
50617 74655
1866 88929
570 67834
25942 49439
9549 47077
9284 23990
9306 90038
1594 50206
34381 48474
3744 49372
44805 51280
23219 39183
53981 90723
28475 52884
36844 86051
19704 73282
45362 77691
19683 38101
35479 56287
824 2999
6838 21955
30557 60131
38632 73767
62335 64688
63540 91018
14683 16609
61318 67545
33340 73080
38243 89180
50198 81262
20181 82907
27551 79776
17209 46478
44106 54137
17030 46110
25226 87524
63513 90541
9942 15066
72886 73532
29906 34322
2216 69726
52779 68931
44433 83879
34712 49354
26870 61903
10286 66124
21262 55718
10145 45725
40044 67165
48984 88797
19593 60839
11865 14818
16684 55067
10909 19638
30555 68898
20862 40383
24230 65619
64718 70774
18740 61943
19165 33241
9666 51012
84580 92044
51849 58300
47558 81232
21810 37244
17287 68457
7224 86834
61219 91647
56320 65705
5639 11847
80397 92365
6347 55900
9941 32350
27156 74780
40126 60403
12085 85215
10868 61729
45274 76523
50825 81817
16101 73283
3779 16666
11760 85831
91013 91853
37400 68227
41780 83215
54717 82493
13522 80575
1656 71425
17457 68503
16119 31119
35039 70237
33745 70647
66102 74600
74576 80778
44399 58184
1600 71439
6669 29256
9449 79465
82129 91471
3127 5931
6243 44373
22470 79660
41805 44487
77672 81931
47871 69223
84435 87294
26526 50213
12245 18745
10771 73224
7838 14546
43215 51866
36452 53581
59715 84928
79692 89164
9497 64054
32594 33885
8682 62511
52246 65781
62466 84463
35053 47645
33771 51488
37266 65236
1485 49440
2994 27697
20496 58641
42104 46398
55877 73058
12882 52723
27312 37646
64155 88560
56602 60023
19659 66511
49872 62021
80067 80734
4626 66046
9782 76794
188 9010
11404 73616
31553 64779
28520 28651
35870 80311
11265 25342
55682 89212
80844 92296
10215 17632
12488 40961
17373 81449
23588 52564
9076 30211
39398 68828
36620 43165
31388 46460
61927 73128
37134 66850
27217 87389
43101 83724
23979 35396
45682 55891
5274 86231
48090 75836
48114 57561
11727 28770
32065 47378
20589 67589
44821 52260
20169 57642
84110 92235
30355 56315
11688 44371
19890 52746
52526 62148
12279 72410
16308 40599
69477 89958
1900 68942
85425 87172
18180 31511
27389 89254
56358 69584
31370 46867
30289 37790
62807 86740
6878 42044
34579 91090
4396 76381
22929 66385
74494 76977
83893 90894
12025 28069
1748 16239
36067 47914
44018 75068
38962 47769
13398 37445
85832 87556
68407 71034
31351 72622
12835 35699
6399 45610
44546 54746
44651 54239
30106 90025
52348 91840
51188 54677
16161 29835
51178 60154
60415 85949
80347 82321
43268 48750
34612 57481
42678 72035
42843 76513
1422 76799
25473 63797
20103 64618
32895 87827
64769 85083
47184 59603
4421 77860
25900 77445
47296 52079
524 40149
16581 80772
7341 43726
23497 52546
29026 35207
4321 80882
29760 63867
38069 60475
13640 39023
2442 92417
26779 78959
21076 43798
27097 88540
56797 78710
11 65066
8212 64987
286 59808
67786 79293
28303 76527
22637 79217
52212 56540
25819 49263
37555 85957
13760 45901
2002 75319
5219 59588
26746 30290
684 87926
24271 46898
22114 75450
75675 83684
31300 69880
53074 56761
10790 53771
35093 75435
1482 24651
17424 72732
67752 91154
10080 73993
9447 32037
25352 46301
11778 17746
9477 68287
45112 76392
1329 91798
28189 50504
30066 79863
24588 86734
115 241
50995 58757
2716 10184
42159 54044
6117 92116
19915 73463
43612 64851
5233 28514
47615 68384
66076 76406
6050 15470
34016 69384
2649 61091
25566 85337
30850 59834
558 48118
26856 42177
7768 22611
2775 53380
31865 38070
61453 78334
20163 26853
3634 85504
46840 91526
2709 20091
30364 66656
36718 47500
8185 9927
7579 50890
19977 69271
18711 71475
4824 71197
46774 58242
3335 74787
880 80457
19008 59172
18600 33304
13678 58230
13216 49498
10311 74261
25731 55733
47428 53641
4105 52293
31932 92177
42915 59158
7383 65112
20137 42770
31000 85990
42252 76911
26637 90892
32636 92098
23071 29614
13940 68522
52532 75063
43805 69665
56542 68227
18681 37406
20689 77657
11192 54075
4376 26918
31166 57906
528 38742
17849 52000
45974 88526
39477 62964
29303 69225
23539 84978
20195 23765
14941 86709
7572 62751
560 58427
16649 62914
41412 89177
41535 81504
29264 38396
10057 90188
11720 63636
36960 76975
60344 67960
64840 91274
66858 81496
10012 22497
37539 64857
36577 69196
67056 76181
30314 31101
48406 71229
44314 89600
56057 58148
16763 72461
39733 64887
48375 68338
22515 54876
2418 32966
7460 82373
3154 7386
2538 27130
52993 67746
8733 51029
43430 92497
81665 84436
42417 52878
29570 85640
3126 51738
81069 90498
60813 69942
31130 68289
5902 59633
91046 92473
23493 67935
15759 80687
48467 79931
24330 87284
4320 84269
56555 71344
14869 33134
37353 59421
7235 83926
55749 69525
8008 68982
61066 91813
15283 32717
32937 88308
35539 74781
11733 44865
32326 36340
56898 84386
59321 70175
49381 57929
17061 87710
29930 53962
25904 35996
31435 57987
78100 89485
60133 78549
15518 73100
70504 83478
25096 88544
10752 92513
4047 20517
5096 76051
13015 51035
61774 85121
48750 74525
18643 55298
43725 85228
31616 68552
21494 46018
14982 42730
50293 87508
53976 67438
9322 9955
24794 29537
18026 18736
7462 23541
6335 20991
57211 91899
44536 69917
18616 21245
38568 54257
41130 59131
12089 28665
46703 79747
66774 82437
49557 71971
36308 91115
1529 42296
56578 73475
69873 77707
51819 60899
10756 92283
71509 79115
20020 29391
76326 80754
44307 88047
11600 38229
45939 85357
217 40383
43560 67698
12400 65414
36740 89483
66335 77536
40303 87688
1904 15409
65046 70150
28022 77709
12433 55096
1006 9957
7901 54390
20345 49381
44211 84312
32407 48300
8784 40922
9912 39301
6629 25040
30212 72952
34202 72656
64816 91265
53271 61829
9446 32904
43419 91974
11300 57856
2344 42448
48510 49251
40735 77378
38378 89481
13271 78306
43792 49296
21621 71586
46262 50234
1484 37547
5574 88137
14790 63702
4132 46159
4642 16210
75161 87981
29702 80083
13169 21096
21983 38583
48441 85665
73419 92386
21790 54713
9722 69206
9515 26854
77474 90025
35267 49275
17371 88533
3327 66075
18285 65493
64431 89458
23676 55961
40489 55970
23730 57522
40033 48188
55352 60814
37660 61926
30711 54224
1103 58524
78005 86692
60486 70969
32235 87153
49713 62254
43246 90139
45355 82773
21782 84185
80436 82381
21823 36137
4891 92607
72445 81401
50629 66111
2781 70394
48864 49148
48693 92137
25537 57308
43312 62240
12637 38003
39230 85800
31403 33970
3647 6491
70514 90542
75174 76694
5910 69714
31079 57448
5994 32244
16898 37956
14017 52913
31270 34147
42816 63674
44588 83895
64783 65016
7022 70269
60622 90713
77789 80096
15256 49103
36841 75959
7951 24913
60057 61949
28743 65864
46871 84683
64204 65118
479 65080
35826 40910
38277 53835
35609 84029
10826 60969
61221 81812
62881 64051
9357 89942
48594 64607
25084 64215
71830 92026
42748 73052
4177 76452
45579 63232
31885 52845
13295 66957
41768 51125
8894 12363
63991 75541
17592 40015
884 55868
12460 28446
17022 63339
12811 78987
11302 62004
30725 52355
19780 47530
31309 39708
2807 87465
25912 31052
42691 88661
15070 48726
39579 41610
32421 69150
8481 78616
40342 41150
6897 7137
43075 89781
51983 70846
49847 56307
46524 57315
4139 74192
29957 32487
68175 75843
48391 55393
31710 31862
12382 92135
16856 29917
71267 86400
25669 73010
41159 67677
36380 85792
14684 28194
17558 30263
84815 87197
47157 90145
15673 46368
3817 88639
29367 88847
22407 57066
29129 81690
44366 80893
2628 38362
29048 35807
35597 64834
18310 30703
53752 59051
54778 77479
17463 55629
28268 79221
12935 81562
65281 72255
41262 54569
21781 89130
47440 91322
53600 75800
14420 66489
36869 50159
48611 68033
23768 72765
58552 80230
22579 36596
13288 29890
23054 43348
188 4598
10888 43753
36255 52469
13455 50366
79563 90959
26157 28032
17024 36385
25392 67280
25800 30586
15310 87875
8889 81045
6232 79700
33984 50540
14807 92617
33088 77944
36500 51797
2985 25804
15040 70944
67674 73904
23857 33546
54735 72054
6740 84666
15110 74039
35607 45947
37591 80700
46751 59321
9280 35839
34273 69404
42419 72269
10046 60435
8741 27173
68886 81755
75575 84436
44145 78671
30573 42046
18577 62988
18942 38540
70944 76480
30393 34839
22836 53305
1227 88787
6597 52439
53888 78859
54679 86266
35347 38822
28367 41858
72150 84276
55830 88810
19078 77496
2646 78947
15431 71858
16751 85395
2177 49000
37169 81659
21034 56776
4143 74023
48945 77693
1155 90776
20442 41391
4168 47354
83451 88702
4026 65770
48771 49849
45570 88051
68226 81291
955 27176
23256 49457
16825 67659
21005 81091
79642 81305
8777 13671
16075 39597
37049 60177
63867 86047
43585 64799
3467 33031
35261 68154
22055 90633
29986 79923
5335 79841
46491 49178
33518 56330
25094 77172
24278 41650
51718 64212
3822 53996
706 87641
12963 43616
48749 86414
70582 86404
50543 81340
28897 71345
44115 76468
39603 57165
11105 70289
42115 91008
18456 42238
49594 61061
44885 46101
85034 86744
45475 90723
30434 55517
25129 80711
77410 90126
9819 79059
12995 36871
44440 87179
31504 39437
23335 57648
12200 65394
57648 84410
19730 20783
24000 73022
17592 38535
3835 12204
7370 84366
14245 38877
23742 25035
33005 85279
32510 61087
27517 39921
23039 31519
47658 68480
41264 85736
34262 81074
38940 39901
24845 54699
8306 14199
63846 70261
18805 24662
46071 73172
3044 14841
48472 64854
575 11408
32104 40609
21236 37134
67828 77896
27016 53729
36086 53810
26898 29888
28799 54954
33857 57054
21928 66671
63709 71734
33718 78407
50671 66119
23965 25857
77829 78373
12453 33969
45122 65575
28802 37884
70936 72006
23270 70999
9633 64539
1950 42327
6559 91129
11124 26913
87607 90799
17415 24778
14334 43561
30690 51699
14815 19353
27230 56103
36513 80124
18824 25359
40123 91952
20041 36864
63197 75830
40035 74588
8698 61455
69474 89540
27249 64508
26697 30404
64203 81186
31651 46955
10165 60205
39053 50387
20599 53459
24306 47929
42276 63438
34087 37648
42064 71433
28322 35919
55385 62438
60853 73197
24559 64584
23336 91452
59494 84236
36628 74034
28890 76030
3810 6633
24319 55131
16716 68493
30820 55873
42666 91403
8390 11546
2728 58078
62632 63361
5436 28131
4575 52477
39651 78449
27597 49050
28656 88554
19858 83412
81960 90278
44679 50374
54 70891
24370 38939
1876 91135
31186 72231
41235 84472
13845 85903
2031 51318
72320 90299
14596 66544
18405 32891
36293 69703
48533 72403
43586 87579
8192 44362
18479 84567
4692 17709
32512 41933
60004 92433
1612 8019
34083 40056
1545 73664
46409 92354
28142 48749
34910 68267
35358 50813
13789 58265
15489 31705
22308 76698
17595 38258
9713 34882
70433 89344
17943 25769
27107 61434
65701 88676
24209 36556
4082 40197
33120 89610
48460 54921
50414 54436
22977 46593
4064 14067
77980 81330
52045 81172
35944 71674
60071 79594
16747 42914
47043 57184
42537 66190
76527 89767
26990 71432
31153 91897
5356 67943
29883 83066
36346 67005
27593 42445
50315 62402
43680 57641
26345 37701
7572 35661
1714 35728
23163 60978
50775 74077
13944 89730
10527 87050
6649 85650
28871 44934
36207 73364
43374 53457
30962 63610
2483 10592
55122 57498
52904 89290
36576 55698
24350 37779
16574 21818
28440 81394
50112 58869
29345 80488
22837 49865
78098 80739
66858 68615
4707 70231
16406 89679
48971 54173
5441 68896
2294 33367
21207 86965
12215 81022
10202 57239
22109 71890
34585 72592
35188 55088
51261 74142
61353 70612
62664 84704
14887 74311
21937 41401
45812 83166
59787 77214
57137 59003
55449 75644
48237 54541
1691 80610
4139 40799
9181 57970
44522 90211
48715 70977
30117 55729
12068 54805
41835 47805
20822 74407
40813 56478
19496 68747
30739 49857
62898 91290
51378 91777
37713 54627
14649 61920
5911 11527
18188 27058
16116 59594
12461 62963
57647 74501
8682 84619
26439 69121
45291 67236
8624 18242
16268 75091
66985 85575
69544 90556
14899 69781
1859 86196
37855 38444
4758 84416
29493 55763
38336 69396
15991 48419
35260 78667
8586 90026
14102 52328
52019 64205
12600 47266
45525 74109
51573 55121
72870 86523
10579 25291
54906 87544
24555 25204
949 51577
4734 29408
87218 87792
28220 50501
3199 40676
20243 29541
40400 50189
35944 85112
18288 75748
20363 40284
2733 47231
27220 88313
35366 41211
4677 46113
16496 81792
29072 68630
42877 70582
6672 10163
23468 59872
20381 24838
18273 49141
19796 33952
28045 49067
29815 71123
36981 91776
1613 92217
9309 73082
24586 29351
4563 78248
3351 58651
50701 78068
52258 85846
79038 83798
66709 82473
64240 79048
54580 62433
59644 66989
13544 83769
11200 55812
81828 83549
37618 44787
7211 11500
29366 38692
35794 36194
49229 74160
11908 64538
20768 25201
44324 48192
4030 24687
12184 51594
58341 86560
5559 38466
3390 20767
689 79217
51029 60818
53748 56067
17631 49385
53521 66280
37426 84973
45202 69835
49525 80366
48342 66222
3789 72049
9106 11854
19056 72617
1042 9593
10069 25709
51954 90346
67529 70260
49286 74245
44463 71588
18463 51073
16300 79451
31369 83216
17371 75441
55534 57902
82639 87541
6302 52421
10867 33986
3119 55270
205 89919
19587 24937
12189 36039
24588 88113
28353 64856
21487 71427
55072 78580
21362 90134
16920 76466
5625 67136
24629 67608
75288 85982
9444 53446
31699 58430
27505 52559
6085 9127
5207 69424
2764 36529
30944 60785
73210 77624
53766 69930
8218 90149
24070 40204
59620 64483
24419 29032
36164 74387
26030 82017
33956 59717
17815 33576
35876 35883
6460 28191
16853 71459
11079 34194
37835 83749
45139 86318
31224 38453
10830 47955
41736 85110
23139 26765
49636 75098
8417 53687
11285 75004
31078 64522
16253 64605
69813 71471
19720 35426
19965 59419
7753 12074
11062 26184
20460 67558
9641 61137
7190 78846
63414 71151
10569 19309
34961 65506
63043 77011
45645 56947
56484 67198
19088 31477
11644 59769
26409 92613
50169 50186
25552 40837
49586 91273
59017 88011
46608 80545
40532 67090
22624 29278
8641 51603
7809 56608
31702 58593
56571 78792
8249 65729
18223 50371
1916 28686
59316 74918
39601 91956
22078 26264
4079 48481
50263 87901
42722 75587
11213 54970
36623 85789
57032 73381
38661 64630
132 46847
11974 20491
16600 52657
14284 29367
9555 32045
43462 65625
6069 19793
36440 52321
6942 10917
62860 81417
14119 41276
34552 57252
55580 90677
28726 33379
32356 68543
7584 52877
3465 81393
48037 50058
36784 43120
26907 27192
42537 42991
15012 81995
63257 79173
69005 77881
47070 47779
37052 54226
23581 66260
43839 89033
9892 65176
12523 73629
74131 74553
2098 89951
41783 84163
25631 47033
22362 24947
34000 67503
83494 83895
22539 29647
43976 44733
48160 65710
78994 90461
37342 42130
29983 42333
1030 88333
27436 75413
50721 59301
13313 34326
6410 31331
49596 61196
12514 50511
2353 86307
14156 71446
14277 80732
45953 80146
62694 64089
33901 90335
34215 88307
4553 20435
49902 83399
985 62499
43397 55354
16249 71195
2255 2720
17649 83632
35819 85398
2486 16534
34944 73587
7160 51998
32726 60640
7820 18802
27897 36627
16365 90114
43283 51517
66446 84229
14914 47234
47232 72806
30741 78560
8261 54504
19932 66026
39734 58869
35559 36894
10239 29311
48483 61692
49337 53399
4294 80089
45201 68966
49452 75343
23325 73689
51595 69706
3359 47700
1288 83722
12675 64711
41520 78512
44879 70027
79206 87337
28996 45582
43958 89406
16904 64733
18319 73185
44478 74875
9099 65086
22321 54565
20405 57593
64341 68553
14086 46521
42354 70480
16964 83889
22527 87445
35722 45332
4740 7975
13992 76148
20578 30617
28096 51696
54240 91176
5867 63712
4054 7747
34732 59556
17882 89082
10192 91838
31640 56036
58412 77595
35718 73100
27354 74885
26715 55286
16326 30576
61107 85480
27852 27895
29494 60336
18530 82751
41234 57817
17188 29585
6684 54856
17855 19217
4012 58156
81408 84138
13621 38164
25501 71795
10809 41454
23559 68278
25366 45792
13852 82581
38304 55935
46334 91602
3820 66892
14725 22452
2111 26201
38892 63422
4982 18554
25683 86227
11741 27781
9281 18681
242 38718
41342 55044
41966 59387
40350 41355
69588 83168
36274 42204
17793 54004
20972 44397
22388 53389
57119 76456
1113 57344
55295 59867
5475 18978
9231 91118
12797 27088
9959 11821
9560 54044
43567 56026
3182 80263
68345 77599
31438 45196
22997 74533
29949 72021
41872 45497
36693 41522
26976 38734
58829 81062
48449 54099
52271 55692
7877 50534
10323 14465
58548 79063
760 51864
8018 73823
21743 63103
2638 25339
29679 51003
8577 38187
22188 66073
8845 91404
20938 81207
29172 40057
49001 88438
21321 43558
20992 53864
13096 26844
30284 86435
8920 36670
81030 90533
21267 87500
60087 81087
10937 73736
49400 68192
57921 77267
36654 55797
32656 34740
26270 29235
21418 86360
20404 20708
550 35455
41859 54441
24694 56763
59197 74040
30589 68520
8956 59229
31194 37868
9365 50526
15033 33696
38640 61904
73909 80659
17182 71671
68207 86426
22602 75826
14068 26580
37324 54287
15975 76291
55507 65931
2301 32511
33205 79203
24689 71047
84361 92050
27360 81927
30304 66571
29581 36360
30 37089
36342 71923
5706 44860
84923 90061
3191 30058
15375 30046
81624 84403
8568 36312
3566 87019
37251 70410
65067 71130
28427 76208
50506 58317
10591 14650
9137 17559
17759 51306
22117 42662
35377 80792
24733 90518
57347 57469
40470 83429
32442 49415
55764 77944
19971 43258
2409 54836
25568 41787
2098 9134
19253 60486
1433 58327
30991 51429
17360 82032
4599 6501
16333 58425
31042 38019
10686 15507
57595 71131
15839 52734
20384 25838
19603 28350
64754 91430
765 20080
16157 89290
9017 44817
19647 39774
35973 43515
38855 80341
21485 47411
40848 45173
40559 62262
40356 78971
35072 55347
3854 91386
40562 48518
10729 77432
58403 84420
76344 90332
20821 77243
1684 36339
69726 92118
75643 90198
1053 10818
48190 85427
17668 60130
14232 55121
18063 62577
60211 90301
20694 64820
56572 91342
35588 48750
29245 44705
63370 84848
54130 56477
27135 27445
43593 49817
52630 90647
58512 73057
54625 84795
13115 90525
6592 45076
73334 83594
8195 63994
20806 36963
7314 7586
1410 20394
24618 86936
19105 30375
12462 72037
29942 33705
23077 46682
19570 32172
8593 46855
9434 33320
31114 53703
30653 75435
36380 86096
32101 41268
25188 37964
29895 50655
41133 77549
55104 83667
18676 32858
4348 22712
26687 46260
5842 66595
10878 83246
3354 71615
28762 32914
20497 61282
49037 75215
40265 92305
7131 53779
9230 60778
15695 60777
14910 55141
17087 46245
9554 35048
22564 31495
52684 53807
22381 39599
38642 58655
58361 70948
20660 23981
52875 70829
2456 36474
25324 70670
85814 86446
1214 31145
10817 80837
31321 85617
19183 40316
5175 63283
34284 39978
47638 86161
10774 85049
5460 55045
55730 82113
35831 71378
51247 73819
21204 54829
44284 81383
53594 62858
39162 88642
32508 47522
8835 87892
41731 56966
66072 84636
3572 63191
13765 87365
85933 89616
11256 64609
45344 69400
24132 80732
57447 65497
64034 88408
51785 59347
33527 57990
27609 80803
27748 54640
7142 83092
29274 53961
30134 30719
5959 42684
18281 39385
28723 70657
40075 58584
35386 70592
52139 64267
58011 59137
76225 91924
16225 28549
66425 91653
12872 13833
23076 37455
6790 31454
43058 54001
49166 80618
37448 85617
30656 47871
57132 74594
15870 86557
9122 27323
36497 40510
30258 57817
59976 85231
1111 16266
14048 36322
43215 59163
42193 75282
2256 80134
12384 51193
17872 78674
18605 78699
16671 22127
39249 47106
34020 51762
44807 45482
55237 56643
2921 35411
7856 34658
44156 85399
59964 64045
16172 34967
29365 50475
5984 44896
36094 74743
5968 47964
24039 75489
50890 71393
72697 89939
38053 77038
4552 19337
72738 74483
26242 59678
66198 92051
24414 88189
11765 47408
776 54217
13489 58400
6446 65185
18817 67496
8188 86870
28369 56310
51577 75423
5885 22477
11985 13009
37283 68313
37338 60850
2328 62774
6485 91951
66879 77406
14617 44576
34888 65950
22000 47502
51053 66780
32679 46427
30197 33119
28497 79503
10809 90079
26882 36080
19112 57371
25778 29391
24515 64097
5885 42371
12481 50800
2987 16961
34412 55851
3888 79544
16436 42329
8250 42348
34332 62930
60011 64741
30790 56948
5182 7956
53845 85676
16702 43789
834 90882
1374 79567
12694 83626
28611 91864
84326 87973
17071 56407
17987 79976
63118 90911
28488 91492
3013 75064
46756 78687
16922 31725
8755 59351
5923 48383
75694 86723
32498 60699
1311 92484
35833 41974
5154 72295
22624 29864
48658 91756
54937 78696
11038 66375
10202 24595
49029 75326
20164 42775
51677 53834
16408 29922
53499 85658
62295 72215
53587 72774
10050 42538
24027 57380
9110 17710
65656 91586
28652 55701
12804 24143
14695 53769
71245 77533
44127 62416
49016 78545
35262 58630
4597 13048
174 62584
31829 62636
25005 78022
3603 72332
22828 48517
10666 75868
53026 88264
87435 90646
91441 92347
308 92355
32556 37491
34036 65560
48278 84576
8954 12325
14401 88540
34534 67926
9885 77779
12084 56508
20925 79583
9019 71034
66328 74561
30692 72335
75863 79949
14162 30058
12542 75346
10028 17715
25760 29894
22212 53057
66988 74738
22619 88388
47020 74917
44562 46422
10541 59816
51338 91109
28135 52387
24185 58189
9149 34319
39300 78888
35855 46637
65452 67759
74231 90144
28501 49734
62041 80631
22354 42514
37179 55133
73944 81619
79351 92514
53438 76111
64068 67730
19468 65445
50268 67177
27354 68393
60205 87955
48517 78318
19782 72294
42468 50560
30069 34863
1963 89237
66077 76554
32115 65720
45842 49336
35110 74117
1108 81461
5142 28406
20977 23219
13469 59973
36426 52015
5891 80244
31490 32887
54641 58505
41229 92336
8665 87739
30285 77211
46450 64682
10587 76973
26675 56281
34698 47636
54611 58790
44294 70522
46692 86788
48848 63615
12721 48291
8351 67108
36691 87439
20178 52036
14790 59083
19490 21213
27045 51851
26151 43611
10711 13111
19991 73816
15362 68277
51141 77825
33318 77015
64806 78619
22258 34328
30092 70486
46014 56421
27624 87204
20749 21605
34183 76390
8491 45640
65177 68384
32533 39007
25959 80224
8194 81482
82606 86339
52815 83418
27694 28454
35102 54457
6120 62582
34012 35164
2838 50906
21260 90878
32137 35892
47086 75597
5248 17772
16494 47756
43046 83561
26795 86032
43900 44953
65732 84277
33945 90218
23838 90094
6203 63610
21694 59228
75734 87112
19010 64363
81126 84958
11028 90462
9928 80533
5808 69641
43429 64871
56599 70416
17798 44798
22424 87418
40440 90440
50654 63828
13652 18278
10240 57591
24723 73406
12876 33137
10157 46079
29343 54174
18294 45972
8786 13291
33335 35737
25950 92461
12881 84097
1259 72920
43142 45821
19633 70393
54061 78482
17841 88411
43720 88052
40499 59739
77067 86165
30011 32810
46777 58147
16476 66455
66517 72941
40852 52421
12888 21054
27772 38731
44783 68554
32274 66303
9008 76249
21896 48814
17169 51199
23379 45139
27120 36241
8700 46432
53039 61329
34091 48551
64516 90421
18574 36171
59037 91427
44392 91228
18741 21958
48323 54771
25573 60340
18695 76564
60843 79801
50991 61059
20947 33836
52376 72861
82064 89115
24850 62261
23356 35987
48111 48596
23547 66816
19709 81298
67753 77158
43706 52566
32281 36584
28911 74831
11051 13971
12321 68050
7385 40096
50409 57153
17990 76829
24784 72224
69958 86239
67328 79336
37999 66388
61053 71609
47624 83778
17012 77910
19387 35091
10872 74109
29605 45100
50043 80606
10586 40022
83647 85720
18149 82614
28533 29004
26815 66702
9559 32760
33708 62117
5626 77264
48602 64854
16484 67858
31993 60327
27078 48116
3723 74325
48370 65596
28227 72114
44693 76246
24908 27426
5148 41319
38211 40444
43357 73042
16049 17757
10526 86053
1721 15938
39982 78989
27305 37905
26528 62107
48275 92458
13278 37702
59094 84051
26827 61492
42046 46825
13005 67896
27022 89813
43531 50514
35103 40173
13076 55834
31507 61285
6909 10044
41197 60880
1834 4732
18504 61011
8206 15598
17774 91564
14849 89882
21391 78057
1253 28970
3465 52249
21137 26583
74907 75021
59625 79770
2341 15853
16230 66361
10508 34047
29811 73170
7611 67382
37338 55924
7453 36703
57301 74792
3190 51712
39199 60989
5693 23472
14245 65236
5796 49713
4086 44896
82985 87234
13768 45336
69748 84128
68333 88079
65742 72829
684 67365
17893 84439
19020 48626
3559 63230
27593 29558
58063 75815
17145 83404
29877 59202
11197 71269
25313 25616
3989 72241
4415 69038
8856 86446
53348 81774
77496 80247
31974 88740
32363 52149
38345 50475
54996 90335
3494 78324
49168 54608
5256 75125
8944 58986
21570 27366
19264 55183
47242 88044
60870 81139
51900 77774
15388 53424
27118 71813
24151 44886
21008 42037
56341 67369
51072 67427
7830 92257
17515 82432
14229 35853
8661 8814
35168 88028
44821 61049
17841 58097
37903 62148
35694 78240
71707 76826
3451 37850
36162 49157
24440 25853
50597 74434
83730 91032
42571 59077
66565 89210
9876 19647
3374 91377
13601 91812
46607 84772
12932 58008
44898 47588
24914 59032
25527 58440
38390 66497
46418 58384
24000 54636
12750 37380
32996 40439
1153 79790
48527 54477
45667 47448
3111 43610
47979 84023
23120 68884
65717 83466
22214 37410
51910 92247
8167 91470
45591 86072
14389 33134
22614 78200
31054 83668
2209 12734
56227 60657
81519 86027
2755 9891
6131 82611
24650 42498
79187 81249
39030 80524
6056 83837
34058 54023
26348 67130
30775 58698
15392 79551
9681 16251
59673 60468
18609 86085
10264 75976
29702 61725
17786 60066
51492 90186
16961 74884
6623 62490
15481 27111
40660 56759
37248 75558
4499 87700
12107 66411
5183 69258
44150 59119
7591 74576
2776 51290
57219 85452
9951 46480
29568 90098
35244 44374
88788 91869
9214 16879
60893 82043
66484 74590
19673 31727
19363 88064
52933 63810
6015 25777
80283 92488
14713 67549
9246 68360
54735 59206
46230 61954
22465 51083
35207 87263
32711 87927
43818 64803
1989 68287
20280 43085
66479 69366
81680 87718
41947 72531
19694 69563
67687 84129
62555 66591
18404 44653
4173 88449
8761 92460
31622 65877
62498 73084
8222 63272
16303 36297
55091 70339
27129 48052
52101 79680
10675 28457
13080 88017
50033 76315
39629 88411
6664 52419
60708 67524
44242 75858
47230 69407
39734 58520
69310 88277
48394 86808
27906 87594
21909 30505
25905 57891
14294 35275
4466 6710
8949 65702
4595 55374
20223 27691
4327 9941
58544 71512
34086 51851
87879 91991
13283 23859
40747 68929
37482 52730
7222 81777
52841 66218
31004 79301
4826 79482
7571 11746
26289 75783
49278 67723
71919 81396
34941 77131
37180 39803
66007 69387
5579 45535
2754 7074
23165 53509
11737 89939
15716 59012
62908 70381
39157 62357
31330 46985
25974 55572
7278 19928
39007 48159
19403 35389
25184 45979
10903 53539
7532 74949
19070 49979
60217 60925
45852 76212
1716 21779
8718 90203
40345 82619
14723 46300
32024 61564
23950 73877
15126 15838
42642 82210
28522 43238
7150 45136
875 34652
27256 64659
47939 70216
8573 30871
12130 63732
60979 92100
31916 54997
43617 55098
45382 58008
43311 76233
56622 70120
58387 68187
68388 86181
22356 36026
22097 59231
8563 91873
65863 85697
49839 53029
50985 61827
24038 67353
54982 83504
15683 58184
18012 90169
32078 62713
42277 69090
19134 90464
40776 77452
16841 30109
24193 54178
34930 84112
4987 51997
19441 29966
71944 77290
34081 63493
1660 29249
32828 73407
71921 80148
3755 35155
11822 74066
9390 63201
40333 73832
10452 27550
45823 73219
6306 56923
22580 48227
72292 73097
14555 55797
77878 80438
19950 30568
46949 78830
42654 70208
45230 63622
524 33052
34794 62351
41284 88287
10078 27516
1306 3871
56338 74550
30899 47027
55351 72350
9765 51992
22916 60858
35100 81441
58115 86553
57113 85018
8373 34323
73911 89355
45120 50194
40029 72157
20910 61219
20304 60804
21121 44313
35364 65788
45066 87612
61946 85484
873 80690
51620 53755
5634 88374
61797 74880
30775 55010
35623 39045
20866 61492
24731 56499
17023 85633
45673 49248
39650 85322
7738 40650
67934 90309
27720 60373
12021 49749
16871 84762
8884 40827
2957 28166
13725 31154
36059 92597
29202 53511
25419 56292
15116 36578
60112 92099
30327 73655
37222 42156
17052 64320
5375 35698
13130 79045
35726 85740
55674 65092
12782 74322
53501 90260
15143 70132
11400 14759
86724 89881
40709 61225
14080 46764
11326 78816
52666 60851
8266 38781
7900 66010
73582 81997
19819 63225
46441 77246
55471 58476
1389 20869
54131 84505
6031 86423
22494 62290
49292 63526
43069 60331
2975 91375
33751 40865
70807 80744
30434 54949
5956 8026
5346 17144
11816 15713
27438 56731
358 8587
73628 78585
49468 59899
61582 87071
19684 79086
14361 20400
39341 56879
32077 70514
49001 85199
4190 17353
39063 49366
17036 49902
15342 47377
56635 70856
30522 56290
42008 60257
39190 69958
71842 72867
39407 56095
69708 83148
27946 77868
17778 92597
31131 42950
44341 91316
37591 51019
50782 72831
3557 71400
62906 88123
30235 69896
2114 23612
87412 92617
57680 75356
10070 58298
38861 75348
1836 18967
25692 34545
38741 82060
54162 82940
33357 71113
11673 67659
30292 70484
69694 71058
12030 64460
43694 71988
9718 72661
41516 76914
18318 55888
20280 74896
6986 8841
4184 40673
19982 31411
75717 76826
41236 52340
6341 26390
61454 76781
27062 32284
9066 13070
10831 57528
24241 54654
8100 24523
59956 63189
30829 51309
12265 59660
16949 28816
64092 70618
45506 68243
21799 91887
21565 76420
6916 81764
50721 82374
23423 52150
8024 67477
50117 88864
8562 51064
16963 35943
60232 63244
47595 74804
49708 51629
61141 91236
20747 42074
3878 69001
51926 59400
55485 59729
2565 25307
49143 83399
3586 71237
8028 71703
59378 88297
9990 53923
24727 27924
37855 37858
41551 85827
17875 35462
18453 84097
72258 81949
39050 88388
45973 64543
4335 82191
9631 10198
15282 80333
68295 72645
20657 77856
19813 35125
10945 29357
33100 74383
9995 16823
26625 36124
42298 76845
47726 51365
70130 88686
54853 63326
40388 92026
66166 70120
39042 46122
17923 68344
66975 82486
25779 33496
78979 81229
19943 77717
25332 61361
51374 64311
22439 90749
72221 72790
43720 88502
1911 32084
46871 77722
806 88963
7945 53638
12434 48800
63270 64470
13403 37136
26888 90598
7541 39924
66599 82600
34758 79449
33546 69442
27693 77987
33370 80451
4811 59862
5405 59546
52865 53141
35216 78369
36266 88118
35577 84447
7788 26442
2329 48120
35546 91575
9475 9630
55842 75120
2565 39352
7367 90867
68695 87391
29614 31538
10449 54817
11286 88967
57224 70441
41812 88061
42844 50546
55245 69681
26525 60784
25469 80320
37319 48686
23012 74994
10901 35728
1250 3329
2419 63716
11488 29289
18263 28282
27581 41609
44704 83627
15977 23862
12160 48320
12144 12915
25977 83522
77985 84969
866 70884
2427 28019
21297 23376
3953 79406
9429 77295
54339 66605
14981 60925
39144 64114
37836 91747
109 35291
28897 83954
13623 27358
18897 74924
40770 75920
30967 89822
6314 51004
4809 63664
40739 82598
40581 64501
2584 91534
47020 85238
966 58160
43168 75257
70671 82852
67882 85143
38123 47193
22430 60380
62122 81527
27217 78089
26627 58960
45532 66255
7178 60282
9393 86858
31403 38728
35616 73126
18181 33862
11375 28941
32079 41848
34640 42242
43137 80279
16524 23390
25747 78240
2926 45170
19531 37475
56378 84222
66288 73196
27297 49688
24476 60330
15273 49239
34864 67884
51302 72457
75142 88372
19076 38698
40836 73547
8297 84777
43171 84253
29875 62615
5209 80993
80255 86970
69868 92568
6402 54575
22029 87625
14284 92339
1372 55259
33740 74819
69963 84789
30593 55786
45860 79588
67129 84648
168 87147
50563 83447
23209 38926
31248 32668
6329 10185
6457 55384
26983 69272
84624 86624
51871 91060
28242 56515
64044 68689
59832 77115
10547 16044
19065 43627
911 3749
7920 35643
54683 90113
28305 89787
61356 77859
19307 50591
14722 40502
20613 55375
26687 79443
6722 11327
66338 88925
2149 63259
29848 85848
37139 64822
8072 87332
20206 25931
42507 44520
23915 51755
36040 43811
11649 52015
40309 54684
22489 81132
20509 47112
45348 77764
41981 88011
8904 12785
60755 82198
16500 19411
26473 32945
12518 31303
14323 52763
32793 68880
61684 87661
49932 61419
41918 76299
17141 82882
3350 42630
1075 67676
298 819
2741 4967
36921 85689
33301 90384
18294 42598
16087 56887
59659 65574
64287 84108
27641 84477
11915 88615
51488 56583
52450 83701
24981 44304
12488 51053
37874 67768
17198 85628
1274 24992
6587 36067
30075 57071
18009 56834
54030 63501
14143 46239
17886 65613
16656 91576
87032 87121
3875 46992
57225 64692
57938 80647
45 62464
47865 72890
12361 42802
12339 41036
24846 49802
32453 39296
13411 82551
48044 51629
18660 44743
15792 63757
27252 80156
41171 74539
7613 35090
10423 19962
42991 54711
37657 83559
39401 67443
39960 76263
29786 83258
14285 31604
28620 52192
22101 51662
66944 86741
33038 41551
12506 87338
24829 75230
43639 49945
46356 72795
28974 30858
45303 50453
13041 36243
7041 80232
68233 74902
34876 53310
1281 42018
39371 88133
5263 70838
6397 9838
55676 67519
10977 82550
22053 75722
32970 42390
18680 90443
21588 25923
35156 59785
3634 57526
629 60757
64566 70886
3907 16653
33947 92614
4416 42419
47676 48071
32416 73647
59984 60083
6335 49679
12019 83517
91516 92023
20393 84064
74809 79310
25461 66754
18770 58249
6954 18713
19919 39109
2794 42960
13669 83453
25652 34262
1897 79303
55064 91188
20470 40397
25793 33914
48392 71154
4420 81532
7838 64697
4220 73000
3681 68616
8435 52606
39941 52156
11617 67847
26029 82177
4866 49253
22473 27651
37507 50322
41012 72165
15499 79087
7797 88759
83844 84855
5521 66845
37008 53199
4157 40540
4810 53662
77616 92024
30493 37364
24614 81377
838 19961
8916 69077
15178 50785
43091 61984
4666 60142
19351 27408
57474 60402
31828 44209
11015 65459
18910 88882
33303 81681
69945 81418
2381 40091
12758 32430
25439 64131
1602 12274
11363 27047
2557 22992
30828 82065
27258 79855
18522 20025
36047 44209
48119 92485
40304 40680
2358 22056
3875 13002
64532 90989
23697 41309
56228 71731
31585 49888
5486 60675
459 63449
32725 60301
19596 55683
57778 69055
48751 75672
9411 59150
27780 43460
10466 22533
47217 76842
32558 86969
64607 77303
31288 33006
9518 29872
27207 27457
606 23539
7676 54926
67486 69095
10361 38873
77729 87054
3451 48792
35564 60937
5672 58992
31893 91070
45912 81818
48968 92046
20099 67580
14431 37303
65200 90764
18447 55962
47847 73005
13602 57835
35140 80683
66233 74423
12140 45389
64185 85674
33073 91073
66714 90628
11067 14058
89877 92360
14301 14946
25673 37660
23890 92587
40837 54038
17791 23279
4538 38403
27371 65324
49360 61092
48084 65352
24060 53370
20460 63034
17631 84152
44719 48733
24029 52405
16972 43558
51860 75227
18643 34441
46596 47312
49485 78469
19798 89754
70113 85353
5236 42327
19907 26133
10885 61760
5107 19131
60570 89232
48631 88837
54766 80307
18328 75208
10534 65617
35569 36892
73148 89512
14625 30961
2595 76110
47148 72618
34524 62618
15154 81044
12221 25698
62265 86172
6032 13523
41249 87575
33962 62843
25533 87098
44539 54041
77327 91249
3753 84194
33245 52907
34311 73664
69698 75830
38381 67594
55560 61240
12283 38642
12910 16323
3980 57867
41775 72895
75496 76638
17472 35352
22826 38591
33320 62035
20678 38902
18490 81767
19694 81452
68384 86944
26197 87125
14381 38678
58623 88175
18006 84409
13816 91581
23352 61335
34300 37219
17818 64898
6732 28383
23089 33769
75564 92030
6202 27401
49615 50447
7426 37939
42229 71349
26796 28015
42533 85372
74885 77438
8806 69008
28340 28614
37732 62818
15332 52428
40048 80789
35151 58147
8579 70994
62321 77189
149 87510
77280 91561
30669 38392
6464 74570
41989 83827
29731 89460
52207 84439
34205 90502
11687 82005
80395 84750
51996 59199
21555 89789
70365 83847
70986 72696
36845 66585
13971 40437
53855 74893
43622 88483
2431 67367
27758 30524
17772 69296
5406 38872
26749 61520
30174 70655
78287 78615
23803 39459
34129 64908
55933 64565
5043 46856
17507 70901
46044 76219
3760 8630
21546 33413
14415 90040
11150 76909
62048 92300
41434 46616
3878 90372
5531 5925
31400 46619
23529 24752
4746 63746
58188 67193
25583 88379
17949 64039
36513 48398
43385 79615
29104 57993
70485 76373
60280 76531
39595 51331
28773 86415
12998 89402
33666 40532
22656 51785
88071 89356
2114 86350
22692 82016
31829 43903
40271 86791
2507 26688
14089 42022
18851 48531
51899 52284
12709 74854
55314 83311
8113 67355
22728 86351
8621 84288
35328 65736
4788 13939
48258 60888
52369 65426
1555 34360
953 77548
68537 73583
53840 71079
47522 60441
18100 68168
39770 62564
20539 81682
79920 90366
16134 48125
57343 77271
6711 85376
22210 90203
56719 90780
3211 15411
43823 74614
18805 83610
22821 34636
41872 69901
34428 60587
53646 79285
12737 33783
5194 29788
56161 88334
51573 80323
37100 71262
33374 79520
16812 55374
57471 76514
64060 84632
14927 25194
26041 29397
50042 57715
23576 52693
14539 55700
45998 70600
33055 78046
25683 73196
76106 83979
7042 82745
25695 36136
17596 17866
39432 57260
59021 68895
31618 75215
4453 75889
21202 90462
17734 67370
24385 43620
8740 19726
30856 85962
56852 87813
77476 89523
23713 76643
26793 62945
11953 68862
41167 61662
26103 63066
14266 34868
10908 62492
62080 92317
31536 73935
42706 63910
5355 40148
24802 25795
11968 65418
40725 51171
9054 40789
67380 88675
16831 87461
27552 28740
40426 50665
44333 52993
826 39281
16433 84172
85088 88947
1876 89454
63457 79616
23581 42931
12024 90319
61034 85536
49935 80221
66647 82603
27516 27648
33227 56203
14599 72552
20399 79107
60582 91310
20582 74429
53406 83036
54063 75792
13374 60855
42321 59255
44825 46388
19720 66829
73040 89550
36359 51039
19015 49505
41892 65531
28472 61680
4603 8529
10049 19465
7432 44615
62367 86430
2731 24896
12928 17377
38113 71909
1773 39176
3311 13831
30595 63983
6171 27892
58881 69353
43527 58033
18219 58562
20150 84272
45307 55063
20074 34031
53941 58060
39 78119
44737 69261
14329 23745
18885 51593
24524 30352
40756 90579
58488 84881
4906 23995
40857 75267
16253 66590
15969 33210
8397 18974
1744 35656
79574 81261
37204 75303
48618 91182
8113 43501
10496 35002
40837 44780
28702 84446
40533 49779
14218 42245
8032 23717
50101 63078
8283 74447
15416 49665
13372 51848
14558 17060
40308 54640
8511 61905
43520 44194
49798 71781
28645 89833
68158 82946
7658 84882
18630 79677
18882 60110
4423 18050
84226 86252
61588 73852
13658 14945
38519 71682
52663 52992
10107 90329
18005 32680
1172 2656
52110 82176
39155 75043
9195 80526
11262 54525
50171 87952
5478 73705
30043 49000
38116 61964
29622 61034
68859 92397
46560 70724
39150 65505
59006 62331
10795 68905
11219 43908
11396 13586
6105 72182
22861 38836
25607 46243
778 23217
13409 30318
17098 17527
26334 28254
1397 22003
65165 87887
31096 83027
57876 92171
41335 66539
23295 36527
23850 24691
2303 70060
4080 16067
2843 43984
1460 63921
37137 77761
14719 69811
90335 92590
29477 79741
11756 59871
5715 65036
33752 91870
10110 24642
24959 80636
53450 88468
75546 76055
51436 71315
21926 86679
42510 88787
20264 68567
6448 88355
76785 84111
36455 60802
37551 63407
21719 30740
23299 45371
24413 86354
24407 59795
2531 69347
80546 83517
4871 78964
35039 90133
57539 70392
47514 84122
12864 83190
22782 63117
2706 12258
32177 90378
15908 68518
30215 30654
22308 53036
22715 71045
51442 90376
35412 43183
7079 44600
5971 65415
34189 42589
42350 78282
8724 82235
7356 67396
75137 90891
13112 92125
3487 37901
49810 50804
14916 16934
23968 27175
48001 62392
86385 89643
4190 60428
9187 73133
35983 42222
4138 40814
17401 64457
28449 91248
5331 20598
24506 71276
15862 38500
25720 58018
29666 61457
39533 66556
4543 45565
55965 68778
38132 63165
66656 85498
32865 79660
37954 67845
1335 30058
16364 19612
65299 90091
23569 57788
40349 84584
31483 87677
10635 55141
42953 61774
46044 50841
38294 61477
6928 15416
10014 54091
27060 31636
62872 76708
19675 35672
55096 66839
39947 45809
17887 60035
50616 72805
10485 66156
71498 89916
51306 75847
63895 66256
26777 67392
18652 73633
26524 56892
3015 50726
27416 28818
45662 61314
15859 89909
31288 67615
8792 59811
5867 40361
79746 87773
34061 80671
31975 68695
19958 83850
24880 92169
16873 45192
65387 81233
55930 70874
62195 67991
8430 20971
16199 31377
56236 84385
46599 50183
36348 74756
37026 91203
29347 88715
72448 85842
31655 74874
54553 76027
46629 86158
37254 89591
43325 46885
1543 23412
72990 81099
41027 87516
29585 58605
59753 88823
31416 43750
19901 79643
41117 84142
53169 67229
49845 91418
31535 58382
41746 89464
23968 81451
9611 70266
57117 79858
35605 79331
32056 59629
50028 62297
8427 17379
6579 47429
47595 83827
55113 64994
81385 91691
1087 39741
3968 82507
33863 72272
2415 75440
646 22266
24978 25803
29550 36046
2370 30319
13992 24169
34589 81966
74203 87638
7511 63574
21163 59756
44928 70037
23236 72279
8194 47331
8628 18087
823 7875
51171 91151
48590 58159
31354 71480
17236 48688
33745 76917
40661 57341
19855 42235
20883 59733
50402 63688
63665 64853
22901 51780
26381 67820
36821 68980
43249 71463
30355 70034
49510 86631
15573 32260
56161 85732
39616 53709
7560 92524
41548 71327
54051 81520
10216 20776
40993 56875
5473 51670
25228 64480
61041 66036
43152 85567
28227 39677
47727 62869
8556 19706
30723 62861
9365 21831
67280 82755
4333 62112
7948 64860
38766 58380
614 69717
14792 91237
80907 84356
34495 58286
18533 73215
8833 49052
20271 39254
13676 56712
32425 92410
47637 62843
84547 90366
15739 40544
23637 46898
13873 49651
6728 72041
13296 41913
8184 52112
60001 70109
13874 37162
2639 29363
8345 56465
23318 50562
1038 72549
59519 67094
51665 59443
46473 65824
48016 83130
87439 88733
2265 87224
35134 46890
16197 52410
22784 30167
68364 84772
18387 30171
53331 90103
51881 62973
53623 54414
62086 92258
1893 3950
28177 68474
19549 50265
4337 87607
7089 64595
12241 51887
13700 50287
24874 75591
34601 47964
48340 75744
3117 46684
34466 55458
26635 54514
43771 67613
50420 70043
26835 39975
32465 72231
11670 15527
30251 67595
224 53175
23380 24354
63167 81987
69584 84091
4929 13070
34976 91620
19785 21812
6941 26897
39484 46140
35382 43302
61555 61870
4505 9485
43796 49056
63195 85728
31509 35136
38343 46854
34449 78507
1626 50406
50853 57445
61671 67623
46289 49218
5999 8907
63756 76946
44926 84239
7232 18184
25430 81787
28175 43657
19343 66840
18287 86611
63516 76361
49637 68086
31793 60121
22836 29878
15979 22291
30461 58916
3072 30850
40066 61434
30561 66453
74978 92535
9439 41346
13623 24913
30277 36292
20820 78195
900 15876
55009 85715
33261 46657
61648 81956
29169 49543
31920 65355
46742 56566
50912 56524
7667 73350
2767 71335
9581 49293
2342 76831
898 46926
1293 70518
24655 51729
35627 58189
12341 53644
50856 68966
13051 91668
71338 85928
47032 86735
44820 88104
17206 69892
2830 23622
47133 62293
66818 79616
24770 34141
54125 81541
12078 85813
36853 45493
52359 85507
37933 50417
20996 23451
44518 91711
38498 84908
22850 30715
45647 56267
15097 37219
11742 49539
20803 24722
63216 73209
45898 86234
64150 76063
51776 65594
3640 36969
52689 82117
6123 92251
7537 76102
37218 49605
16690 41261
18056 42496
56601 61959
25062 28643
11880 49196
57341 86573
21496 21556
68670 80870
11753 62209
37907 56158
40558 46463
35624 72961
14984 15203
28452 91149
73357 82035
29452 87872
6108 78274
8262 22105
584 15201
25095 86772
8263 26120
41928 78116
8667 84167
33724 47497
21309 85122
10856 11516
9668 74782
20496 74456
9404 46726
71051 75506
8530 13445
5762 39007
49153 54303
28635 44189
31684 76272
4519 57372
79028 83896
47814 91407
16398 16410
16594 50506
4038 81936
19299 32765
20051 59291
43551 72469
26060 52282
16410 39495
76224 78162
3674 9795
13225 52138
31376 57333
53901 71653
5143 75048
37383 67226
52296 58741
1634 32811
63152 91394
8554 37415
30253 79672
17051 89746
4693 25847
52866 74422
12953 52652
44874 53498
58557 64707
9750 23033
23966 36085
61117 71876
2338 56645
59975 75011
29247 86348
14921 69351
3277 16456
18988 56480
14099 50984
11455 39037
3525 46544
18410 32219
25793 70162
13067 74290
46474 79258
56822 74889
1032 73483
3675 24844
37049 42228
4548 7029
84662 91415
39369 82174
133 5586
54151 69701
26843 71698
1939 25230
36030 51279
24246 79771
4439 34202
63534 89820
30039 62703
7621 29444
21187 51231
21304 62890
36346 81761
54571 87499
12869 15394
14479 24768
4051 52910
5951 82214
21856 52776
22641 77590
71272 81822
50584 75925
49420 68728
32763 43240
11560 34271
44847 91820
29024 37923
29157 78589
52480 91583
82952 86827
21840 52435
12077 36435
13406 52389
67500 89143
3175 79211
29611 62455
68956 74685
64340 77727
6237 38309
28263 63960
39986 83591
26432 79295
32580 69132
24612 84788
43554 53224
47374 51763
62194 85211
71893 82312
88159 89031
45445 90637
64813 75190
62937 82295
56913 58214
45637 81445
29847 63018
40401 45106
68431 83739
14379 69833
747 53669
34785 46929
1639 84795
30224 54103
41188 56603
5614 12162
3457 15248
35579 60321
35712 67254
66133 87262
2126 17600
38108 80372
82362 89868
34844 66110
5257 90771
2811 71434
68034 74957
65341 91760
29647 78721
46375 76114
38162 78314
802 38845
29664 53337
12911 19675
3333 17648
678 24882
53057 78327
37202 43225
18339 55928
9877 49051
24020 56118
35773 80105
53680 53741
3662 15561
18592 61961
7837 41430
79782 92594
60930 74351
41806 51923
43426 58582
56445 59389
49752 73958
7528 20014
55445 74299
30261 76536
33828 91359
11191 75745
7554 56475
4600 41188
650 80118
32139 65914
28940 59762
18196 21847
19781 60705
10541 34128
38482 60744
24929 77541
30413 38183
59845 81102
49046 58776
19799 41670
3950 58053
53664 61839
16746 65538
13280 82002
17678 68159
40391 86149
22340 30594
9348 38535
18361 67089
47030 48945
4415 58306
38492 89494
7642 22391
46401 48602
2389 65494
34943 87077
59102 80381
564 35267
55005 59094
5421 54422
25455 43591
24288 42257
44786 60173
34804 86456
27827 86019
28740 83178
50754 77065
54244 84518
63835 73928
4934 26922
11111 25899
8658 82140
9533 77421
11284 41126
2422 16850
7613 29989
67886 91021
36383 59554
18679 20506
8749 74417
81255 92055
26488 52957
7902 84363
68716 81317
33498 80768
14800 74242
47176 88185
65566 84163
27316 88586
25359 29034
82006 87647
43549 64438
37043 65663
15258 28141
7439 9026
26887 56387
16326 49810
27996 88371
8046 72567
59210 83493
41361 45956
7960 24990
26315 38716
11265 56491
2935 80364
76427 90372
21455 27606
12451 20322
27035 46983
19382 60646
14295 84700
28096 46862
31349 66003
26521 86249
6995 79201
8940 37292
33587 88694
31542 68360
76937 77726
1888 6368
60715 88703
79685 83013
48887 61063
13501 25205
49870 52976
63867 77281
26709 41705
70797 74865
20952 37456
37934 60523
5185 52516
63431 74186
43110 85274
53229 67078
50403 82275
20809 24088
13872 29843
60307 90669
24483 56544
79828 83305
11233 22976
67161 87638
32192 84690
51969 78985
12831 56554
13763 73702
2104 39354
12967 40963
261 11695
28190 71619
18286 28807
6689 65718
60204 67744
22857 35148
47701 78791
20335 83045
71781 82729
29428 37944
12308 69888
12940 84691
26560 88244
40447 50080
13558 31079
39369 49517
63374 76788
19513 76365
33363 71706
44332 52873
8044 77463
40017 89127
2356 26016
14906 55065
4226 30924
6444 91934
24878 89030
37828 68828
12153 89950
31396 54935
36673 47129
15485 92152
80092 85757
12519 92368
7720 32447
20302 27466
17549 44083
8612 78563
11280 43856
59666 88574
18619 63597
3825 66074
43615 51467
8950 90967
29051 57738
10596 53618
71053 71982
19769 40877
53110 79131
16300 46940
28352 69247
27417 48571
75456 79827
20595 77834
6454 8200
25055 77075
6023 30096
57093 80383
65360 82410
37653 40104
26283 54329
46956 73378
31908 68306
73829 83364
7984 9210
26562 36630
64781 76488
21229 59424
2954 72541
11 18047
42193 68898
9500 71185
54956 86887
62436 75917
43341 67575
19300 72953
34942 49863
20954 86264
32645 55075
26872 34623
8780 54309
50938 73194
3649 29997
11013 25720
55259 90229
5809 63907
5930 80162
744 43796
8585 85661
53458 58682
57208 87079
57467 62289
49503 61290
40583 85249
36739 39241
74660 79932
16246 84549
4667 64548
55920 83072
63194 68308
82179 91512
73286 78426
11051 34056
58930 88666
35253 58313
63015 85179
32431 52531
63457 73227
69305 70059
4805 63603
78452 79587
12552 63856
41520 75489
45376 81088
8794 74151
43879 87640
27802 32715
45086 60863
30885 33830
12604 70862
7945 53590
7143 79636
52867 70512
41704 56885
18611 36973
54141 77627
18205 50307
46882 80045
44688 46840
13094 27239
28195 29163
44957 74311
56070 79916
26256 33960
35287 75107
58275 87062
35607 87497
55176 75089
45991 61516
32386 87127
5173 33595
34821 40961
37069 63495
21360 83339
58495 67139
86818 92260
20770 86907
18878 25412
15479 81664
22656 78481
48836 79771
57217 77818
6419 55172
16528 78161
44695 89598
12968 24131
938 3600
28574 77118
60565 88832
26399 64277
38131 41639
3985 24999
28051 67080
49737 53245
50405 81437
83344 84252
1253 76134
18698 48032
58739 61205
951 32441
11154 18215
28910 60095
40696 87564
4230 82027
4552 43926
26978 84904
43476 43943
24402 27284
41007 65674
19498 22251
40221 41570
2078 51003
59810 75420
3555 34832
50626 72379
25674 34496
23901 90773
32342 53682
4258 26025
21992 66778
39670 45157
41442 77113
71346 88499
27909 45732
31999 91763
8967 58061
50105 59090
2374 79511
3337 26789
30780 59947
55718 77719
4398 83355
22022 24268
14573 67797
52168 89223
53203 86986
4618 27040
9238 23893
31952 84147
6867 20827
13715 65430
26901 82406
6249 70364
65239 74992
15173 27595
72788 74957
21515 66824
73772 79448
30006 73837
55939 64506
19785 66933
43280 59930
10426 65556
55519 60409
26303 72883
69983 80013
17068 58177
23146 23955
11733 37502
5747 78098
6848 66006
25457 25787
14118 85402
22604 45016
48496 85545
1378 41934
19477 88006
39698 62841
41331 53676
34514 63492
23011 45005
52360 67039
4489 19856
49257 57040
46043 67047
38160 81732
7454 51581
14305 87999
3180 31169
46525 54797
37922 87274
29124 33404
9484 74569
6110 70163
4146 15822
48665 57142
13458 70361
40122 81854
62829 74926
876 34517
31842 46298
43807 74283
51561 88425
49920 53044
12624 31224
7103 48156
21393 64532
34459 39991
34825 42151
58428 63587
47579 79250
60939 72921
21143 29526
34685 49147
5246 36425
88099 88178
12218 26226
12159 37081
25588 80107
6289 18500
16167 27174
29348 45338
62793 89668
45686 75392
71196 87190
32270 86746
14112 61448
10638 56855
33948 77569
23556 82584
18714 58022
53368 54290
70355 74565
2612 90156
47327 82828
12488 15376
56748 80663
176 46559
5566 32733
63640 63940
48966 70922
35683 69654
28794 36455
55916 67708
46555 79745
68715 90138
81872 86536
45563 50729
50239 65330
55326 59250
40441 92427
6571 84044
27907 75145
40834 76352
2670 76372
78963 92507
59967 82026
67967 88754
40224 41627
26038 65119
55687 59196
53576 54794
28321 30441
7226 39235
6338 82851
19345 41198
22300 22479
48343 54246
40370 92566
3654 20098
8592 23511
65827 84072
38693 77346
65714 70222
46622 66409
41391 57127
44296 47615
56815 61703
1054 89382
5649 12693
45664 82347
29534 31884
8933 44747
14956 35797
65364 75063
11753 63338
80189 84509
3955 82612
19014 68850
23170 59115
38892 89801
53534 86811
80304 85108
9386 44461
1987 23809
218 41511
31267 44908
46653 47609
48271 55349
26956 77320
35080 38706
66907 70870
475 57743
10675 31939
22038 27762
6038 76038
23090 26452
86009 87164
61854 70670
63304 84280
39177 89655
38530 80005
45513 68134
44143 80364
40762 67186
18848 55663
21603 69297
27207 45277
62635 72265
7643 44294
44467 85861
6650 8564
46615 62321
29714 62076
53528 67812
9556 90713
70344 91159
44487 88354
30421 46665
2993 29297
5343 14568
15106 76476
42749 84309
54761 77714
28789 56265
26565 83545
76259 92173
67129 67221
75806 87488
5368 9119
53240 84937
15112 55550
70482 90326
69502 78006
74126 84370
13687 32705
23257 70763
39663 40245
13653 88944
34789 37634
52279 80893
4997 12431
12330 21645
17739 40699
33733 59001
2747 41976
8982 56845
66248 75296
48487 54843
79670 83093
2756 72085
41325 79294
73549 83316
63771 70419
26143 46504
47970 92286
4297 13684
44535 73726
48251 62012
36579 91692
10442 22409
18238 38261
13312 19395
376 81203
41371 50128
7617 85463
9383 22789
67627 81165
46561 66561
31078 83070
13546 63522
13005 85617
4163 88530
3837 10877
53685 77954
27947 34700
66846 81053
58649 65965
29483 49559
46878 52169
79563 84091
34147 41462
17462 63879
17961 89453
14860 70055
25157 79478
24786 42891
13141 39042
29414 70625
25337 83703
53392 69952
12960 72977
79116 88975
39835 69163
34904 82627
25257 70965
17072 59997
35659 52545
10196 88843
26471 35162
18628 69582
8825 23042
6642 89140
58848 71604
2698 48949
5544 79597
51347 86320
22023 71404
42633 65993
55069 81617
5702 73009
21171 37960
39082 61716
19942 37500
33484 65721
5428 32901
43345 65224
27772 72374
29623 68143
39475 73078
18137 55045
22669 49112
45604 65790
70706 84790
6831 20078
16795 53743
7101 34638
7147 83909
15380 67191
68709 77254
67208 90650
2883 68919
69022 90109
8873 28795
18788 42548
36076 69865
4010 62387
31001 89856
3625 53783
41318 61623
703 68226
30627 63205
77034 85558
53368 61230
57297 72648
36958 71193
74218 87575
744 63636
2585 81663
44751 76129
4085 27687
36959 88542
12286 81259
39420 62703
17075 20401
11331 56195
29359 87277
9032 92179
66123 77716
80721 88556
9044 87826
20997 50806
48338 76893
15439 38671
37784 68159
23806 60257
71323 82343
1321 40211
29958 75272
52507 81873
57667 81008
41508 81945
50689 68423
78030 79853
85479 92061
9794 65415
32999 58920
77060 81596
11500 77912
55283 75897
6485 48869
7203 53598
2236 51515
37366 90273
1587 87682
75402 84902
55190 83659
21505 21745
5458 70404
50421 54294
4788 64932
11595 61282
30958 78782
37227 55966
78006 92366
25347 72144
18261 50077
58382 78431
66738 89812
9097 50748
9109 56973
43155 70582
69676 73289
25532 81489
17774 32990
30907 63203
26407 87011
8041 76978
2182 81996
2851 4903
39680 41318
37239 88955
45986 52576
50410 72883
14050 23368
9464 70092
18853 25005
16033 23626
36873 49851
11139 58677
61000 63771
19769 86820
17329 31247
22853 83731
27593 39067
32683 70248
17131 61679
11511 39166
15113 40693
79987 82039
5662 47481
42816 67047
39471 61559
38503 56379
36295 42234
12991 84216
44220 84425
54644 65856
60272 82566
59750 60843
75390 81413
10955 86924
5716 22992
42073 48236
17890 45319
30139 92599
41355 61459
54683 58573
45498 49425
21116 54154
5269 10668
45994 65935
17430 43384
58352 67142
63586 65428
8504 58902
50673 92226
67911 86696
47544 81477
12458 23840
9611 69791
56185 67506
52495 61157
22548 26395
1159 12959
5304 72007
29710 90833
43400 59941
3168 77341
8539 17950
47030 70086
40821 86910
77439 78124
33165 78310
49005 83236
47928 75323
39503 75016
2543 20563
26803 84776
58299 77551
13033 55229
64908 72761
42405 66933
41122 44657
63294 90198
54972 80125
37374 89792
32999 36575
46047 79167
1467 18563
20187 89688
1042 57538
8175 73172
60539 81456
19495 55713
45495 51256
41044 76810
52842 84862
32789 52801
21058 48429
82202 88978
13820 51016
28731 40835
69412 85357
215 12886
14124 60212
38739 49345
8308 83079
67162 88523
51129 57572
18785 91418
14637 56849
43771 56021
30765 61338
11111 48714
19935 35012
3235 61530
8357 37347
32793 70566
78567 86029
41435 48594
31511 88962
9277 62796
16687 24475
18131 34425
31800 39340
18556 23613
37540 73632
3566 8829
39000 87990
50699 71112
15139 18587
57818 84084
23556 57073
38969 62460
13169 72709
23376 91539
8896 16107
7762 42975
5468 48123
38347 87555
19758 77614
22640 50935
37525 87410
13834 52637
11595 18264
29618 45715
9042 29719
4225 74926
44572 90516
86082 86930
23533 80231
33173 55739
7989 55924
14105 66238
69291 76144
24105 52666
8800 51413
20440 55241
84264 91352
3198 68646
2865 29429
1344 67228
17014 30218
55312 84069
4003 9406
12526 15832
20336 30975
10216 13850
23653 42183
45465 84588
39678 77334
47200 63236
14343 37221
13855 68924
30344 39215
1826 37633
8231 69306
46956 48802
40163 41229
32165 60160
8767 89653
26338 65112
27469 36576
41372 80787
60336 73016
36677 70757
21486 76079
36840 90815
19183 89664
9972 74429
72977 83004
52207 88156
11088 17053
85836 86587
66270 92238
66168 80251
34438 88643
76711 78445
31572 77494
40179 83284
47703 79138
48614 91436
15041 89390
27576 82785
65550 84833
1599 56530
31730 76691
37254 73129
30956 38597
3763 83007
40037 91545
55545 66104
50362 63509
22650 29510
15466 44197
6848 74081
61756 63282
39907 82873
18254 30432
13326 73817
2939 56922
42080 62144
22108 28332
36428 61359
35921 76038
11000 52921
9840 89106
59105 66270
23442 47186
17179 17888
29514 60035
21843 81252
19027 80913
4223 23083
67746 76367
15480 71447
178 27949
1536 59170
20472 72434
43095 82464
56570 64054
47671 67584
38653 90509
29778 80151
32452 82137
21726 88820
1767 55588
34980 66662
1690 67108
2941 16526
8929 81598
1631 78623
17637 92125
22123 62563
20165 55372
54952 61921
23235 40916
44314 74947
32239 77371
6784 34309
40866 67274
13611 71372
33261 49621
24174 66141
148 76267
45489 50020
14165 71082
70655 89854
26805 61948
30357 86096
15187 19534
23272 43675
35181 39459
29933 46035
74 51207
30463 37937
5163 74843
9841 74621
57129 57175
30560 74833
6198 38690
24313 83844
19594 78066
1097 75879
64272 90215
31701 35486
58726 60603
45810 51838
18595 63325
5983 55799
14473 45440
13584 89289
64853 78874
11794 75312
7980 26773
48580 83018
48747 60858
13123 91633
42211 69356
27307 55323
72749 72850
376 69922
19264 48084
13742 69192
36079 36501
13684 63293
36269 41254
24233 29816
49932 69336
16018 24315
34646 78082
54441 59618
2365 88443
10457 61229
57042 88423
47700 88653
84122 90709
36550 62251
13785 42568
34250 66321
3623 18845
45873 54242
16943 21304
8715 82197
51718 59066
365 57768
15606 36752
18314 62596
60352 85998
32668 71692
13230 89372
15820 72330
5396 27881
34819 63325
15983 46828
24698 66009
52985 68514
10323 17883
4823 8288
25918 33228
28347 52448
26273 38374
57407 79584
24699 49791
5284 32543
48533 87746
9703 21206
14126 23464
23319 56535
45637 56049
21274 29660
7112 50066
4215 84670
3308 88656
13665 69088
33548 44423
68735 81181
30836 79190
3781 11239
18810 82914
41103 65018
39768 87358
14190 34200
39055 67968
24719 30581
55579 57093
14223 15136
69950 70873
25122 45135
69739 81215
15586 27071
327 11165
8641 81777
13371 24869
71565 72442
51033 51332
17278 31965
10548 48730
20979 85878
67806 83735
19659 82345
1248 37645
49236 68643
55696 65690
71008 79893
6314 44719
3032 44305
40216 61738
30544 37108
65702 80887
3952 15731
49357 81378
65583 85930
25768 44475
1184 60803
23890 74612
621 11877
7766 36818
41591 67650
78951 85520
63298 78413
32379 41100
73800 85281
46133 91872
39207 46024
15676 51055
29684 64743
17220 86505
59036 85461
21972 84609
45066 80511
24253 40692
24628 45769
47784 56851
76664 79125
85012 89285
77531 87611
77078 85894
25137 87706
47637 82588
32268 89585
35746 58388
59812 76247
46636 82690
6856 65040
26344 46195
54783 92039
55 21226
88445 91655
48575 62631
68147 72247
15345 88196
44500 50959
5534 33186
12787 42158
47181 77614
33316 86183
59956 68510
974 72904
19273 61769
16798 85519
39263 72910
38731 69426
26474 35365
46226 46378
38750 60822
47448 65128
53850 83288
13738 38675
41289 69382
1024 87922
24592 89289
69921 82764
63022 66502
19247 65638
19323 21377
37733 49596
56504 63967
20435 73823
25459 65885
33557 48866
15555 85070
32815 36077
52392 92121
276 66712
23774 81617
34497 87641
40541 62086
3284 42308
2186 84412
54906 60758
51884 87977
1269 5271
76058 83307
19420 65576
53690 83997
2619 36284
16851 60356
63743 83624
24036 83357
1379 37596
37307 86591
7974 35965
6356 30449
53517 70537
26788 28353
42644 86686
37280 49783
42864 88635
17027 52531
52149 77092
67667 83980
2786 46070
17077 22488
62481 76816
35503 40394
4584 37344
13247 54397
30961 36292
6822 23727
4263 41337
14997 17404
49026 78528
30165 57599
3638 9483
23283 86400
69246 89591
89410 89574
7420 53120
41268 51449
37703 52848
67115 67174
34221 39043
56000 78797
25791 80202
36134 53179
52806 72904
19441 83532
45849 74097
24173 51138
39625 47919
56739 63120
50663 67477
19723 57739
11050 28654
28544 60540
53589 76295
16633 78856
4818 13183
24357 30669
18012 18179
5935 85205
42385 65503
78675 80166
46781 77640
26177 29390
25363 45330
14899 38329
7983 56156
38410 52993
78201 88527
30905 74624
11734 42792
16194 73698
43309 66951
33787 46192
81598 87266
9018 74294
2805 3289
40618 54303
36431 90576
29221 64014
42155 83073
41753 82696
37991 39592
24412 83003
8908 46763
42959 90309
39122 63668
25571 81313
55057 63407
53788 77171
2287 6561
9774 30729
18423 45700
73315 83787
24830 62634
16259 37626
82814 86839
47889 62340
43843 49732
595 30631
66519 79815
4314 48957
30190 76935
61306 70550
14230 25075
31034 62302
36885 83211
4898 18712
22404 47378
26313 83187
24134 47044
15740 56855
71566 88427
29545 72288
3105 61924
9062 81237
56499 76854
55384 71682
37352 54580
54153 71366
71873 90099
69471 78542
44819 66548
38665 57312
42440 88082
436 49764
48050 77961
1498 68511
3250 30037
10896 87188
44329 49833
21104 42953
25060 78231
12769 58229
15346 35205
40607 49331
21565 66147
17216 54791
5675 16545
4193 31229
1868 53902
74986 75356
28181 62196
27406 76337
72715 76343
2247 44208
1483 77569
28597 77361
12377 40154
29077 91494
28404 87382
25506 42300
34435 64838
44115 51292
35916 89583
46046 70478
81804 89459
33849 52443
56217 84837
37016 50073
4433 84529
44290 74881
46564 50899
74124 83929
27107 59213
5034 39578
12121 34616
40961 49742
20966 91729
54488 90403
56118 58794
35995 52734
36264 80376
35908 49403
3837 52726
14988 55533
6399 51066
35450 86058
7285 86454
3477 40407
69559 86418
40591 46502
4571 78865
35132 41512
5321 36181
18772 79713
12758 35156
80457 81821
39689 73977
35473 42179
39888 82176
30919 63908
7214 57971
14393 39766
60216 73291
533 3983
39782 62748
15854 92040
10578 77406
15332 59275
10294 37536
3170 3468
8348 40692
24862 49946
9666 77502
22370 49588
16004 74989
78783 80198
47331 67146
21678 90060
47681 87631
19719 26235
30074 86896
30809 84235
45375 82272
4738 27104
64148 75985
21199 32853
23324 50205
56950 83954
6146 46502
35055 44961
62962 66400
8005 31729
26039 74280
26819 75156
39298 59452
31930 84866
47986 74766
6428 52922
24166 47018
2778 82220
14789 26867
37650 85909
18779 50211
28860 92334
2115 78279
11416 29820
35734 92439
48759 58462
944 14830
46118 66154
47950 70152
15418 37449
17258 73604
41491 70752
38741 78016
9931 21745
50020 72721
13312 77738
14626 65808
21611 42010
1077 45479
33865 83148
36163 65670
16906 74547
81200 84326
34566 89992
31391 61356
75566 77256
70590 90348
29185 67801
23593 81418
4004 17980
21137 66229
30296 60687
71243 81631
49189 76939
13578 32576
62078 66492
36640 39950
20845 74815
14992 53973
35059 92466
63574 69001
25590 67633
38237 58071
33689 55142
80 69969
401 35269
14389 15528
11899 24984
33988 53282
47095 73000
2646 51426
1123 13017
25252 83756
18694 61440
46406 73423
15329 31328
77073 84338
19773 71750
7796 49551
38348 43155
30189 63282
21493 90709
19757 26476
17337 90477
26445 65766
37516 49860
6068 86660
10124 34349
21414 77252
56087 72787
28718 87687
26437 50468
2679 52841
32969 77588
32117 82424
9621 10472
57508 85233
9944 21047
14088 71122
39686 75022
15572 70197
45662 81203
7917 73922
32081 84235
5644 68606
27143 77399
14465 72625
24972 83729
15346 61471
27332 58088
45871 66307
49574 77096
18465 65202
68321 80929
4614 74669
26104 85985
42651 51916
24289 47193
84865 86066
19787 86775
54919 71130
9180 59092
51950 91813
60831 82617
49229 63517
40871 91135
33276 64857
27290 35034
34223 66367
20105 59365
639 18509
45238 88330
6024 83937
333 61907
78599 90467
33074 84011
45326 75136
58489 80374
35007 49739
23200 24925
3833 69502
62190 67943
5766 45035
30852 45178
17632 76314
64683 71036
6128 34074
27126 81896
66836 91806
59740 70539
15187 86872
4395 82073
23617 80716
33252 83245
14676 39666
10148 49380
11991 42565
30159 44038
7359 58460
44959 61099
13150 42568
37953 85626
9747 20890
13083 91250
31706 57684
79953 83773
10319 38609
65707 82250
65826 79868
27978 60288
27915 54060
63991 92348
39266 45680
34966 54569
37658 47790
67573 80284
27263 84482
76615 83704
23533 63649
4563 55913
43208 56977
641 6147
24810 52537
29167 54294
32996 59750
45748 77179
26229 45981
12502 68863
37360 66783
12789 65398
18641 19131
62683 68344
63195 73565
92334 92544
69630 91110
4408 83968
52597 81238
16794 23378
59820 62255
45161 53896
5282 65655
81126 90828
14579 27313
6051 41411
39773 86180
1342 17649
46200 84948
8916 78287
41976 66410
1365 71116
35627 53266
42257 47942
8827 75571
438 24810
5433 7467
46576 51262
33771 68326
5419 22060
59216 86129
21606 34525
1411 48812
54728 67906
37197 92613
6476 25436
2190 82766
19327 69697
33163 82928
4257 33865
46895 59273
3277 65536
22945 50668
52103 74098
3391 91062
34507 66840
54812 65288
1442 82238
48856 88303
18503 46959
10030 89243
14382 56599
22863 25636
18723 43990
5578 9527
31224 89100
4789 56719
39969 90675
16112 70120
11090 85094
28599 62618
17387 50965
58531 63454
62154 83682
48343 60725
65284 76301
18163 74070
40068 58051
67082 91080
42047 86085
1247 32502
35685 40653
41017 58500
14816 46019
32122 58886
53358 71125
46421 81613
38875 69092
27236 63393
12769 12801
2848 74616
9179 25887
20486 72267
67590 78729
19253 89875
35381 70601
66429 78472
48496 79467
38843 43390
40499 90476
49963 88029
16144 57151
6146 84184
49311 64707
25249 62547
42843 86151
38491 85471
43690 78664
15063 65638
32572 84482
32550 88586
44604 83203
35229 48687
49700 87183
82609 85714
43958 74518
32072 91855
42127 61489
31876 91193
16154 74085
15396 88491
63242 89767
11183 21001
59911 69387
54311 81727
19462 84125
28974 88362
15149 69011
12765 45166
14350 38687
44946 45485
2022 13638
42093 63574
7729 38603
17186 39420
17495 46367
25205 39079
45595 71334
52976 66464
41451 49426
48620 82392
52485 83541
7158 30299
50439 85446
85169 85866
28381 58470
43568 80837
38485 67841
33071 62139
47857 70823
57826 63507
13898 44898
17686 33389
60665 61145
38340 57300
66488 86756
53177 90361
48807 90853
27717 62299
1048 77185
48896 55044
25282 83469
12258 47255
35793 44497
13810 23570
24908 30631
25034 52957
36767 59953
26756 39679
66357 82411
22679 51218
4105 51967
18479 70336
9811 16776
33410 43883
22392 89398
23464 59758
16162 49034
19463 19538
58712 80304
21726 59877
5581 13678
51478 87666
68189 81492
10291 23285
4582 11127
25243 29487
46495 90630
59105 74649
24534 39488
18710 60970
73531 85459
16375 29152
28023 35855
33834 63832
13614 25294
18425 85979
54246 90801
14278 60044
43836 67752
64941 70210
67795 87382
43188 71830
37701 40684
68407 85674
8177 47178
7225 48303
32190 68284
10128 89991
18341 65245
51802 63495
38144 38701
7045 47187
54606 66481
11251 47205
33277 65085
31052 57061
14956 47403
30356 92382
3367 31413
25318 65351
44430 61457
38722 90563
21009 68729
1650 74977
69729 87322
19353 26108
25620 75068
1610 58676
37586 51971
35664 83432
12505 55549
12397 63280
3480 52572
9008 51521
47732 71127
71203 82636
9835 35460
44202 58075
47900 69207
48003 88428
5146 12770
46677 76456
47042 87589
29368 76467
36264 69440
49538 62353
16606 30986
15736 52134
55932 87217
1083 74977
33440 67926
21484 81460
39292 82622
13259 74981
21173 57044
6896 17082
43931 57646
38365 74908
9519 81424
26062 71011
16740 60418
30397 46456
16947 21005
69308 84227
51018 81813
4532 28719
34012 77443
61833 76621
8358 38234
7510 29524
29665 83643
2706 71624
2614 60085
34068 43953
16368 23784
9096 13111
28660 62772
84219 85314
25639 26474
18692 66921
15164 78575
13125 60154
9057 68556
10275 21842
52011 62839
631 69997
23569 45905
29310 49464
13561 73271
11693 47444
25188 40775
17345 83835
56967 58230
48999 70807
754 44828
35465 43968
18656 59252
9395 80452
49895 67365
13493 65903
2803 10475
3340 88807
57524 78465
24059 81585
19850 63719
12752 19590
4867 64008
39457 89134
72438 72888
6620 67975
71889 78256
90199 90238
495 34892
16784 57100
43544 53104
12298 66826
52009 54980
9950 11263
27152 35968
46294 83051
53570 70689
64240 65353
47549 78571
843 72366
4123 8372
16551 21551
23775 53903
51310 58940
44384 85760
28207 64841
8562 41689
22158 63376
5216 44526
7154 67557
46403 73572
35511 50933
18597 64109
19954 78692
78275 91668
3183 35499
9747 53780
39809 46625
28744 68399
62937 87451
16728 20242
13152 64690
11610 88939
11533 49076
29020 64381
51929 78414
19322 52492
9915 71059
53708 57915
31055 68308
63834 68250
53728 70704
27131 54207
20558 79294
18636 85415
4377 7293
14955 79208
6202 63014
11824 48262
31991 73383
1714 6680
77858 90756
3728 82018
32693 89969
87836 90181
7077 81035
50306 74171
56501 89296
7783 18180
17016 81737
42750 85893
48131 68642
59918 61886
52624 80683
11501 81079
57825 80750
31446 35738
44532 78677
31069 81563
32724 67079
75053 79553
22842 64412
10173 22715
49110 59875
11364 86130
51419 65112
6529 53427
26854 69425
35578 69996
55007 65432
9079 64619
47230 88550
23176 57620
22225 55049
22316 71829
7467 13084
43184 54586
20212 48011
4867 17540
31581 83341
36282 84452
22644 65015
54866 85421
103 67537
49802 59677
87738 88339
4068 61260
63484 83783
40202 89674
50183 75460
19266 32341
8308 32671
68017 79807
35618 70356
44790 59455
8511 59991
12880 19224
5761 77540
52639 86486
32336 56156
21001 76512
72447 91090
73443 88325
29289 80620
50703 56544
59502 87401
32508 45202
28773 50455
41862 46034
42598 77010
37277 39891
36553 53561
7024 9024
33420 77544
30706 88556
14483 39998
50435 52604
24474 53045
5349 14089
21389 75246
71752 91500
27447 69596
82893 87271
12163 34777
28064 35513
65337 66835
7274 68235
51600 58818
14421 39852
42338 55172
32956 84375
76354 79364
50552 90463
9523 64859
67638 73437
741 41500
23229 85130
589 24529
9530 51068
7912 16817
930 51243
59959 62854
4710 48372
82379 84996
5214 11102
69081 86846
28309 56972
382 52439
67509 90958
5640 20372
17628 30233
57072 65950
5340 37368
7898 48071
88114 92466
53038 54378
22244 31714
6820 48046
39798 45900
12866 60698
35509 38255
45140 47304
9108 62082
4771 70791
10266 25579
70855 86532
27407 34661
34083 61459
41799 50973
47482 86785
20719 44721
66200 88994
23705 58174
70778 89359
41874 48876
2773 20227
8153 66650
23243 77493
66222 89780
81790 89742
63316 72981
2120 59211
51387 82442
18533 78803
39789 42255
2069 54268
828 18039
92 71327
14854 82904
2038 8038
31249 71665
35223 59902
67045 87140
6576 18215
61959 71161
46099 79379
7364 41711
16376 21081
14666 19027
465 32165
63520 66095
2870 46008
86220 91983
30234 59806
29448 77022
43421 80646
30109 56074
60936 63464
32458 78065
8793 54805
76379 91207
42947 83585
59818 75943
41170 69566
15428 25779
37462 82263
12505 41711
40729 63511
57048 59065
8899 58443
37284 47625
72866 75644
13791 28167
4543 7149
31965 52593
72778 83606
23672 62211
34848 88875
28472 41944
1489 51250
28132 58411
50310 68713
38032 51909
41836 88871
81667 84061
14561 21430
37309 70202
82630 86605
4699 25097
84081 92215
4950 87153
27141 43104
14870 87052
32987 82223
53507 55659
7540 52861
45276 82983
37930 46371
9484 54578
25746 43250
18398 84402
25401 37939
8633 82532
10802 84895
52350 63208
29726 78626
20826 92412
27571 77784
25362 52287
8400 36413
30596 65093
2296 44176
79028 83215
29551 39451
11763 69345
26381 45302
15853 40083
22951 33273
16280 45740
18048 77447
41788 71183
13198 29628
59434 64034
22283 66016
39885 87907
39262 85725
12676 84101
59709 92037
47202 91382
17189 52493
15056 66064
83979 85716
3631 9755
4158 7198
17756 52096
21688 24551
82145 91927
10752 51779
29623 30853
47279 81033
21449 64373
28964 29046
42994 70605
25783 79306
24485 51592
56480 87390
74956 89717
5064 19524
54434 86663
23405 34061
1449 3627
58866 76772
32924 84976
8598 64288
2830 35819
23517 89506
690 35238
39930 44298
3414 79396
31376 82893
49736 53546
38849 42255
17065 21904
1532 35107
18457 25637
25593 65966
24124 42978
8036 17649
275 66154
17881 91558
15624 70056
18109 29956
20491 49142
18664 84394
30183 47597
7797 28642
35858 91391
10837 88108
17853 29569
4303 36102
36583 46104
15244 35601
3187 61763
58948 92084
21916 32982
18879 46544
11047 85717
58318 90558
28495 82241
18887 53413
52727 71500
18088 54549
28599 89766
37614 60387
65277 72351
35780 42292
62647 66862
26076 57834
16476 89375
40484 84035
48274 62999
28940 80378
47934 86094
1000 51332
49626 64204
38490 60372
36604 43660
49553 83861
10960 92460
10915 22418
7079 33099
9773 75139
16523 36917
66142 88020
30874 50279
2133 91673
60772 81709
46549 69295
4188 56590
28335 82126
33439 76220
37417 85050
18969 29934
5371 17976
30668 31343
74332 81592
1308 63342
45793 76972
40589 55494
54022 87878
12405 39054
52466 56046
18688 80590
4230 79127
21238 53237
47840 57150
29166 77420
30759 50800
55502 88475
65557 86848
24250 49248
40905 55078
8126 66869
8810 56341
27291 36199
39561 73598
17472 70163
15652 47546
24777 28024
28727 88898
1249 79772
3499 28105
15307 20372
829 35434
33784 37690
26024 63514
3059 34830
30821 41251
13983 20807
26114 40450
19909 75928
27380 44617
25346 77899
42486 79383
72264 75853
63463 86003
26732 60270
40715 56836
154 64956
30064 65957
6674 18945
6649 81600
25723 30760
31316 36312
39892 55397
38492 49369
44558 49746
18379 41334
22052 39838
42489 71890
29265 70503
25097 54358
13335 91765
830 28461
30492 40308
21505 82148
13065 80216
12978 23852
10243 49137
80369 81052
24357 51233
44399 44734
13349 37066
30728 40254
58305 72378
23926 75535
5469 51941
22329 45420
21288 36572
50429 66440
59009 59658
57419 81800
3382 21932
23626 57704
26935 27506
20445 36219
62108 78746
306 22173
61479 83680
43151 47040
22517 72252
5666 30473
53540 70647
42859 52741
82900 90693
15132 40598
54118 55062
20397 54143
35737 72507
1221 81853
79541 86176
38102 83751
16576 77228
16943 88648
64845 88492
43789 79858
346 26488
2103 55784
18149 87389
64616 87060
3862 42377
18146 45922
64638 65067
67505 89326
75576 84697
8080 74926
84728 85241
14803 25185
27001 51675
11998 33946
40043 74724
21130 55615
10647 20247
6405 37413
46111 67786
15975 78508
51153 69960
34391 43658
3194 10108
76517 83786
56769 88579
2791 60476
3902 32990
7218 24865
2877 74270
81845 91819
9834 70158
8830 39918
11091 43428
8369 78050
54779 61930
76553 87878
31472 46261
2369 82591
36383 91947
36910 41349
14723 68985
50359 59692
56807 73878
42611 54122
76572 82871
11348 41176
3666 83872
2202 72302
66466 78183
44383 90970
73356 77897
2611 74285
1422 71950
92 78280
5964 64733
41103 70596
11376 30531
21923 51439
19180 39174
51782 65157
7165 46236
60582 71953
66317 71591
59875 65301
65078 65554
26856 50228
36743 59241
60539 85249
8838 10388
811 86890
30230 41827
5287 51195
8600 67941
1464 73122
73037 76882
30705 48084
57655 64180
54923 81697
50823 84052
5879 89433
25055 40934
30495 34355
2088 42196
5405 11779
44052 70553
21302 65246
81651 87150
48133 79085
11678 35410
7065 47078
38992 50946
75127 84106
7841 16902
83710 84140
24405 70497
34870 89477
14623 91513
47800 52915
2723 82960
37837 44631
21283 68410
23087 44959
53102 89943
8071 14739
2938 34179
5102 62626
70034 70226
1136 32504
39864 84774
16151 78214
19922 86551
57184 63127
3906 69133
3832 69627
12784 21856
23708 77981
43699 80747
2825 15938
1141 63539
58327 82364
31784 67235
58744 71312
67684 82221
60965 75251
40096 52868
7457 83677
67672 83551
6265 32658
10281 82588
27596 64752
18119 26127
12102 19983
81683 92368
45721 78454
5373 90614
10992 75652
29415 35467
14237 15215
45699 75350
18391 48632
975 61092
17308 74618
33510 50838
9133 65112
46889 82519
20545 25122
3008 38981
47363 61674
23982 37374
1092 84333
386 33130
438 25484
28340 89469
59588 90505
18907 77573
13649 31893
26214 69178
1550 71686
36083 63093
43180 86601
52878 70448
15171 60395
3308 11975
35389 66999
26322 38572
49928 68500
5220 76760
15599 31675
49051 68744
2847 47336
15433 57975
10028 14300
25353 38390
3313 9970
61584 61685
9132 49979
80200 92107
20773 69959
29815 50066
64851 65572
12406 44556
41823 79292
6623 39934
60112 67810
5613 33408
67286 74705
16663 26041
28595 55568
29807 78154
13393 58750
63863 80434
285 31418
6520 37412
15466 83678
2323 31639
83955 85386
26978 69517
31627 83634
6594 86667
17795 50512
22452 31789
52782 60519
23800 84231
49758 90261
37826 43544
59485 70046
41004 67030
16916 79244
23717 57297
16378 90098
48679 86524
50283 88057
9614 35153
8727 12942
14690 86628
50793 78425
43480 73715
35356 88825
53466 55260
22305 49405
48165 86998
21940 84640
23996 32751
17646 41276
32746 77782
2524 15265
53261 72827
13549 58105
27214 80679
19564 25702
30701 48819
66443 80600
8433 53416
45476 75020
3725 47807
32877 71477
4148 60668
57477 68267
28153 53174
252 50912
18974 20252
46639 85562
81184 91779
2370 37259
24337 84906
51169 66935
75058 76577
20732 74825
8148 88171
73178 91638
3479 83429
24686 77934
5893 36592
61524 62593
34453 35497
19492 77440
6299 20202
26639 29248
11100 72188
19248 76154
1315 66432
51698 76114
66658 82811
13185 49407
46300 89534
6381 32496
26172 31876
21773 24203
4898 88545
28751 65533
35279 86468
16843 59546
35650 36403
25511 47800
22648 52107
23348 50151
76057 83674
44858 58264
63509 77680
65500 72334
67348 79758
27946 79654
46705 84723
30100 65954
20928 76518
50930 52455
39007 74448
6206 12757
85603 86866
42018 44649
78147 92040
45531 53290
9984 85098
14789 51656
17201 81978
28191 57878
28638 88051
38559 61378
24501 70598
9993 39352
63853 77735
37664 50022
78571 79375
69968 89783
47653 83812
42658 77570
66537 87552
28430 44140
1853 90384
30461 66791
31085 39078
52759 55683
54078 75497
64508 89565
32287 86600
84646 88138
14472 28473
8551 44292
3368 75094
58139 83021
33951 47841
45270 82484
58261 59625
50465 79727
38803 66203
40817 80715
79406 84471
13750 51682
2135 26798
6133 43949
24379 55188
62505 67358
49912 58413
23365 75071
19013 52153
50952 83281
37528 50310
9151 87611
17550 75807
31542 70251
25687 32540
34113 63909
8746 81833
9190 10650
21637 85231
19850 46279
358 27899
19435 23395
338 73037
22805 31011
55523 69401
13148 25473
10862 30300
29632 82901
30130 90520
55502 78528
30661 54215
7835 83989
84251 87865
81098 86358
24297 52482
14003 37557
15775 26305
7903 24971
42144 45106
64911 84897
8710 17660
36883 58332
6214 57281
22203 25251
82897 86113
15634 34597
34214 38655
5209 8606
24941 38747
24912 47864
2229 37104
67262 76953
2555 77076
29392 82768
60516 85947
37289 84982
6860 33993
41922 43150
10058 59811
30599 46028
71465 90913
43314 83172
42519 86038
48274 54101
43587 53259
10349 90250
63261 84184
4879 60727
35502 71057
42560 55759
23545 40282
11180 37549
21755 83874
19555 78719
58823 66708
22569 65851
98 12055
1725 67459
32074 78444
63364 65499
4842 38460
2344 11797
17596 57327
3552 53775
1134 76620
41487 55795
10576 36544
21385 86106
30432 51948
4064 57854
61088 62556
3701 86098
75216 80061
5 18403
4041 89187
75539 84466
1818 36140
73584 83602
1956 11702
25092 49448
19865 73159
25077 68952
43023 91392
3847 4804
40397 66968
19487 76379
15332 64898
13716 78861
25758 59113
17705 78334
88999 89074
24443 73607
22166 42890
34515 79902
70373 80119
15283 39746
628 38865
7302 17237
9221 46145
45787 88055
15869 16168
81456 85832
31202 80222
24953 30502
7934 34843
1695 43405
44895 80046
34170 89459
29785 74673
26647 34539
14119 40249
8410 32861
28198 57959
49138 77019
22556 38501
67621 89828
7986 57797
9048 51252
4919 27325
22961 27795
43265 71513
64396 89104
17132 21103
22193 73281
59873 73634
2116 15349
21497 71524
41043 50026
9918 11599
9630 17648
7115 51483
29570 72593
11771 54077
73195 79663
42124 43649
29994 49730
68198 69132
7590 18764
17862 18715
41459 90939
57856 69240
2720 91893
35089 67384
71568 86368
27500 50122
26494 83778
13294 22622
9921 82455
32767 44352
27625 55554
15951 90494
14155 19328
46107 66086
30219 43272
432 80872
44175 73273
59063 84312
20037 40838
50858 63755
44740 88676
11415 12629
33231 77083
18616 38875
43923 85740
56246 58584
63230 70695
37842 42065
20124 84732
11534 18843
42114 43620
61677 66815
58019 59712
70614 75266
75709 80562
53388 61174
20541 66446
35646 66962
39517 47437
7368 23829
32856 59109
48316 75671
49468 73411
28962 57450
1002 38325
21508 61227
16671 53001
19665 56519
5507 80485
18492 39199
56342 89123
12387 42709
9059 25239
3357 37046
14763 80921
3623 6556
62246 73072
18748 31341
59127 72865
273 30870
5966 20939
42703 83418
31240 66383
16099 58429
65224 71972
8525 44845
12939 89577
79425 86620
43640 88380
23338 77290
16680 39405
29755 68840
7866 10171
36191 66072
18724 84572
27507 39391
62683 69928
38241 92440
15869 59896
59966 61628
49194 79411
7716 64803
7985 14562
77398 88611
24737 83152
53856 80585
29948 90271
17158 31938
50569 81650
50252 68388
53860 80452
25366 92078
33411 41454
42635 90481
25209 40126
39404 41788
60230 84350
887 26111
6678 68612
27528 49056
43230 72130
19017 91466
49458 79680
26184 49009
4096 40331
7834 24849
26498 72550
58624 77362
17561 65199
88522 92026
12797 42717
56519 67620
14107 36722
33385 33906
6732 82937
37983 58435
35328 82653
30748 56981
44683 52939
45182 67487
20884 25396
701 81497
48835 59846
63166 85712
32198 87172
574 72433
12597 38715
53138 72306
51976 90163
42688 87734
15152 73512
3347 85858
22659 38698
40536 58252
64085 80989
9500 84123
70325 74427
12379 69126
12773 78990
61554 61841
2841 23197
8681 29293
1032 68734
33820 87592
51270 90073
30446 83466
1575 19739
18352 75496
24484 54528
1208 47923
8349 28741
5974 31729
13668 40521
31218 76102
17608 75451
26750 49965
37454 38648
23174 36651
21924 38499
18560 36063
24148 67990
25623 38899
19229 37515
13516 44462
48303 48368
32603 72025
34892 54174
58184 61817
4546 45671
6365 6583
74322 76515
43130 54293
34678 70464
27375 58904
11952 67733
24697 44805
71209 80492
31566 91014
47479 73609
1427 79049
35030 76847
20316 74291
43264 86598
10179 79921
21108 64007
79881 84139
23418 66463
62828 63198
9607 77343
51358 86281
13134 82429
62575 73439
77042 77317
8687 64501
19404 63325
42733 67180
72900 79371
18575 27372
6187 18941
34986 88950
64208 90503
15701 30708
21020 86374
8134 28836
13822 69839
31919 75146
24710 52151
14876 57517
9260 33195
4423 69118
25106 72484
56656 79281
52501 69262
32478 40371
20389 77698
36066 71805
8904 19078
15505 66100
65312 80687
26926 51466
43924 89210
23972 37769
47086 67678
59746 90336
361 76319
60436 68880
50112 53126
11906 32628
30658 49833
10170 22325
22439 63166
31832 46008
27697 36375
1729 16604
35297 59701
39278 82884
7381 81157
45908 72959
69853 82428
20555 76839
57000 67217
9025 9421
80526 85434
75399 81805
17591 52771
8921 65552
19217 86725
41760 53140
62884 81421
40252 58635
30681 42801
4477 56712
5805 10074
54694 89626
66394 70093
39428 91517
32437 63095
22395 46933
8128 24002
24775 44911
47565 79455
63298 82332
37932 51725
34739 70121
24374 34602
70718 72963
23907 73221
51694 65729
47022 80006
37241 39745
44773 59464
34973 36418
26143 53226
63647 65356
55353 62715
20487 61698
1590 42868
49165 51349
37977 71629
44305 66543
6381 53881
50088 75467
2844 55033
21394 46454
5397 73769
54203 77681
72382 76219
7733 75396
28111 33610
35417 55406
4593 41747
3786 40492
50230 91522
9975 87612
21311 23160
28366 49122
51166 63529
41057 91435
24191 46397
650 19565
16105 28771
31233 34300
5358 12101
49445 86950
22229 58159
2402 39427
729 83884
48928 76177
11097 73027
19797 74678
435 65558
47028 72852
53556 65911
14110 83436
16557 35488
5212 22686
3383 85598
61726 74188
54736 67533
15785 77843
41549 69485
49398 56534
13609 34557
6686 7234
22734 55304
15815 35462
15131 88331
20056 39951
60154 73577
52383 77012
43996 91358
72325 77440
36879 76007
20212 55575
37703 51038
20773 31847
7160 85606
29210 90947
39847 75710
39393 72805
33262 87606
17740 41070
49139 68588
17837 75244
48671 85899
18254 89811
47624 60693
3599 13922
62115 78564
4983 82996
68931 76684
21681 89601
36208 37858
38853 41333
29345 83395
63092 72829
28780 54007
24741 60637
7913 20081
4374 22294
59107 71972
42724 45332
1057 68129
5870 13600
10883 77782
31683 40914
18383 66434
25426 73752
38114 54278
55699 83988
62218 76999
35910 42981
28813 76543
60558 90991
11140 18679
3351 16354
26692 85732
16666 19776
34575 36001
27622 69866
53388 84709
21683 75525
43675 55365
23387 80395
31214 88995
7047 34967
29012 80694
56190 79653
40573 73505
22109 34744
2848 39103
5177 8120
25222 85721
47279 58015
36143 78358
25403 88536
48082 67453
7400 13500
33026 77352
13933 65132
21224 24119
44337 44636
40761 44713
52638 69737
67997 79524
47481 61929
16761 35875
72082 83015
40544 72809
31647 37132
27480 35329
17881 63320
3427 89095
50932 52282
25023 61922
48948 67380
29153 71936
66722 78449
39152 54161
21464 54374
8732 25335
21510 29323
9124 70561
16960 43623
74769 90975
5759 70746
33779 54438
50568 60133
27221 66770
11284 77965
21249 23038
17205 82803
1803 36273
36354 60910
57613 65143
40525 49288
56440 63674
28937 63156
10327 62736
57737 68693
13592 71789
37874 55967
39371 58227
53626 76540
62077 75623
19113 33009
36847 41575
15251 56716
43037 57296
11041 71042
29423 70419
31740 68875
32290 36941
42523 62808
14454 44806
61683 74672
18273 28287
41832 71279
2740 54341
26041 79909
56872 88539
47500 55796
27445 34878
3496 69511
71856 72057
25960 88664
7761 44212
81278 82862
16592 47290
5906 89485
23063 83351
66319 70590
81232 88353
28856 58132
32101 79105
6974 9945
26947 73077
38759 56111
32650 78721
84922 92543
32207 60124
4301 33621
15424 32772
52518 87665
7502 18680
6439 29198
59844 73066
29329 30101
57326 69407
19197 44413
17642 41165
42004 66961
30591 46459
50051 68404
48830 70415
75642 77589
69768 80041
23139 64161
13752 61852
26669 67733
39192 61855
57128 83643
4667 43685
67185 70477
14219 79935
21801 41088
13428 23218
50802 91284
31726 90402
23002 56403
12356 64762
32348 40593
20819 63584
56648 82851
19462 87790
10066 86638
25761 39921
59719 83471
39490 45896
37613 53151
281 1668
67036 76421
53281 77773
29989 55992
8663 41117
51676 88814
29178 90175
33467 42423
51142 92126
1458 15176
57138 71705
43755 59118
2579 70770
8654 71093
15278 79023
5434 10741
537 40802
67745 70677
37560 59933
28444 87968
16298 89927
30577 81047
88414 92495
41861 50002
26906 90926
13063 40374
17417 90841
9631 68431
33426 57811
18968 58129
9866 58024
69289 89331
29620 32670
6350 6439
9135 62573
16045 67144
9791 53441
25477 43674
13571 21639
18670 60637
29548 78549
30493 70052
42707 80151
16787 72183
370 53792
39603 60625
752 10330
983 46093
60311 64988
23935 56728
20410 42993
89346 91469
34659 84286
3597 67794
85680 91508
19088 64568
32082 38930
46029 89872
10342 51433
69954 85906
65485 67239
72588 79882
47794 89360
31560 82899
14565 33155
9127 60838
10468 18738
44204 84912
40068 66683
36910 84350
7116 88649
32131 87509
28813 70983
70218 75679
2090 53815
28503 74361
19441 22986
5193 79347
60704 92049
10686 85540
27101 62990
84354 86407
9174 46745
10001 74399
58104 85382
11394 38723
2045 60707
24288 57899
65227 86236
45392 54405
18187 65407
63166 75581
4014 79852
36638 60408
38246 80282
9475 81350
63793 79933
12972 14544
19181 57927
10408 80341
7352 63465
58139 91664
15228 53178
58147 87847
72418 77627
18860 21625
34464 80639
7944 49061
49635 73762
14323 17263
8347 18384
72750 75345
4000 47390
22690 65519
85007 90553
1837 18809
74795 86678
64922 89752
10944 80108
25591 26262
14219 48442
10814 49822
20175 71377
19009 56425
44006 61634
331 45226
39396 77274
14506 57635
13658 33652
29058 65835
38148 39147
68056 87279
30094 64339
49744 61481
22497 32510
56207 90718
46103 56272
35080 78181
63120 71045
1398 43265
8520 80177
22825 72028
15264 57247
75974 80447
11699 71789
49365 77986
5241 42936
8061 59697
29450 33270
24017 44763
55382 65829
15044 62558
4998 27168
27919 58155
54410 77382
52326 77219
6442 30290
18244 68782
63831 69759
13353 47877
26280 64342
19751 25577
70341 85567
33757 45414
5714 20994
9637 72465
2762 88026
27786 38247
11445 40030
43034 77849
3618 73082
51386 55849
36005 71053
25078 74250
4231 12214
16832 22066
22779 75532
49502 79741
34298 71359
45537 60370
36508 45840
2587 56499
58925 87709
39366 77722
37600 53902
20766 86106
61958 79237
24609 58436
36681 36898
27027 90092
69432 77173
12178 87759
27984 85926
23977 69410
60508 70626
8611 47639
86318 88244
71611 80175
46404 52703
26875 79314
3365 82239
34752 44290
1214 8324
35038 48238
4971 76140
17301 67521
20527 23634
18762 39872
30016 49029
43761 64664
27905 85299
6692 49712
66156 67073
20346 87993
14506 48720
46530 50602
48373 64903
30318 67785
5297 32777
34981 86364
57156 76200
2168 60359
44313 88283
56196 78144
19389 58358
6705 29486
48002 64425
8518 38691
26132 61237
25418 61602
74334 82012
33450 77314
52825 87826
6480 8544
43531 72347
66476 90867
35695 37511
8225 79824
57582 69723
3741 45276
14672 73783
74182 88882
48359 70414
13716 82852
42730 49362
48714 90658
76268 90540
38914 45880
57779 61882
70071 80153
39119 77553
7975 23959
40493 71121
18719 72802
2101 37940
12171 46040
10372 45754
40560 81971
17410 20382
67386 70570
37662 82384
47733 65057
27367 29202
8920 71887
19473 38900
27389 46385
2904 37257
28773 28902
43415 84249
3697 28698
23180 40713
53917 77836
3362 39046
27551 52139
14784 54073
26756 87572
17569 18922
16771 60878
88441 91942
68921 88191
40592 70017
4224 55792
71656 78630
14155 75481
13005 25269
39570 56708
31975 38527
30555 41889
32255 46630
30341 42891
13011 44252
8806 40110
4822 35236
18878 83188
70780 80516
15837 26922
14378 58736
59358 87124
29234 29769
45135 54803
75888 88957
6740 71599
11688 31077
53690 82879
35458 57816
15075 29140
41723 46456
18659 70338
5920 56825
36127 49374
9680 42036
28511 77876
22599 79317
20433 47863
30333 85128
32862 57657
21066 77760
5011 58874
65913 78466
13143 39141
65852 78135
18611 38414
9236 34004
25008 53308
45093 80791
575 10679
21799 42294
8112 91195
31043 60482
1647 53604
2919 58053
44099 87650
64314 81857
59981 83906
13378 41612
16494 16723
24804 31579
20835 38073
29666 34111
135 55304
10817 91849
23602 72675
68297 83363
40756 71407
8740 67358
21920 24508
10003 62246
11836 19236
16503 18303
12556 64788
29551 43232
44844 59869
4943 83603
60317 82917
72037 83874
27788 33661
22998 50960
294 84797
29982 85655
35154 42398
34081 49749
13251 23384
4986 45507
8245 49677
3947 74358
47382 83967
35792 75126
39168 52700
29005 56183
82074 83222
19023 72484
18059 91016
418 8424
66449 71266
35333 87048
50286 77718
32867 81016
48225 77756
25970 41570
8745 85113
39317 44041
53962 68082
41165 84320
40862 87135
12445 47397
47319 87595
82695 90541
38244 65810
65578 91386
908 63965
17574 54430
918 70179
64368 69455
26806 66646
65480 74090
6618 61798
73294 81221
45659 70131
11258 18921
38374 53954
63524 75435
16228 58008
39398 71549
536 68133
22260 42842
52438 82047
44208 86131
3482 31680
3866 71218
52046 73021
27687 38302
49556 58763
38051 71625
61104 62243
61756 70644
14056 65499
8067 76184
12364 43666
61177 66753
18616 24545
45998 55332
82945 86638
23653 87078
37512 82248
77641 79056
3419 5073
15725 45624
17975 63091
9671 80108
57543 65807
25912 49046
15951 37728
60576 88750
38355 67653
59407 81415
49567 75755
35552 71645
79259 86841
69788 75135
43923 66982
60014 85694
8860 54090
70221 88132
58980 67423
263 6160
26207 86532
5808 23083
11823 50668
64654 67374
12313 51329
16724 68624
22082 41296
22016 42859
16527 89647
47925 75103
30498 38263
20541 38777
5446 17788
72644 78547
17140 82607
19637 51157
64691 76015
287 32305
84661 87695
3678 58930
39041 52254
77468 86546
1938 67282
27683 44486
64495 76461
49410 81373
26339 82689
5277 17641
25797 42963
7575 51338
18600 80287
79524 83548
19588 47390
67348 91383
46150 77663
46291 56706
22812 64640
5328 22704
14295 40418
13796 56294
3699 19499
75948 90127
17235 59215
9904 45706
23683 59022
73521 83996
18718 30971
35333 70879
9621 41204
38044 67478
18933 81138
3224 51942
40087 67586
48800 78849
39305 72940
18123 81170
13937 74297
8976 31006
14548 54426
28202 41505
78233 83614
21680 58934
13855 27288
65396 75381
17093 23703
64341 67813
38911 47270
15335 15470
7489 85487
23646 91846
16128 20152
13025 48828
48299 69170
28722 65463
22724 40780
30214 69548
49318 82406
2294 38701
17255 73593
84486 88499
54967 56354
499 7944
74255 81548
43674 71257
56055 84268
9509 62976
25815 73932
19720 33692
38588 84568
44374 57106
69378 85363
19084 90106
54469 70357
59361 66010
9009 17151
11148 30618
5766 18551
30192 56349
25772 69359
48273 49998
55440 87972
65327 78852
25086 33894
26493 66091
48080 89490
25193 54714
39573 79335
54123 82295
13187 83510
40012 49823
21583 88998
22901 39306
38684 69758
5479 41877
17037 45800
41291 83989
58868 68561
40585 64047
6803 11640
19486 61356
13032 15038
28868 36594
18005 40186
1893 34681
13900 27382
58171 75134
10850 52839
42433 75056
3198 12354
25815 77786
32710 40319
37191 41984
67617 70391
23967 38537
2261 36436
37276 65700
20472 44648
27273 44074
16471 37306
23433 71036
2643 30250
15338 47172
66445 72880
22198 35125
23956 60854
1471 81897
25680 60494
52134 56423
65257 82539
55676 60315
3886 9799
39750 76941
1254 60317
57532 67323
9270 61567
39275 59273
18968 80163
56860 76991
6894 8243
75744 76861
38423 44487
58389 85708
44805 84039
6168 26030
51721 57920
24732 71764
77080 84732
50450 55964
22810 83768
42353 61610
72668 82606
29977 83895
49707 88875
16103 74789
55107 70591
1080 70532
73123 73820
67412 71850
2187 16628
25745 28715
57609 73767
65189 89980
17507 19719
9503 63490
1669 88334
44706 63031
38744 88948
22519 73633
54969 66467
12009 68014
6853 26644
16542 90743
39225 44994
21379 57439
57365 86612
13225 20741
23159 68299
53994 68608
21085 85303
26667 62072
83204 91063
12840 87865
11692 74212
44096 58298
18024 40007
37884 91159
3189 38305
74071 78483
30958 60840
14151 75670
100 60772
59837 62590
29742 77805
4334 35079
6018 29807
38555 87530
709 6276
21813 32835
31331 67010
24505 60154
31365 42727
29776 84277
13545 89791
22638 47692
42556 90550
45881 57290
10403 50967
20334 67246
82060 85824
11757 12665
19739 79688
67860 76046
2803 70104
2518 55436
51146 66696
73563 80972
23624 53380
20928 61929
36036 70123
37959 55767
63123 68451
22239 62322
10380 86349
10276 14782
23212 82879
16622 88471
45311 88575
22347 45046
62346 73395
18092 56672
57488 80389
6035 64069
54138 90497
11870 78815
5197 62470
19542 84706
14013 76587
1954 80512
38781 78523
31690 44351
61031 84777
50541 90805
31365 78803
29675 32346
24706 50643
40473 72194
69387 69850
62543 72084
5301 85795
35561 48618
46986 77566
22411 66283
1791 60935
54914 80368
50782 73344
21294 83873
27690 79861
4144 26317
9608 19493
22623 76532
68644 74173
25088 79729
1827 62706
6444 55041
54801 80832
9484 63877
5456 9137
379 38522
65341 77483
45477 52470
30426 44861
71594 92293
29838 37372
40384 65037
46646 91224
5816 86017
21214 29946
39041 61428
3438 10145
51128 86549
24033 78680
27467 67642
22862 65596
25609 41263
13472 43127
45433 49773
9782 20625
46858 78035
14426 81452
39874 86456
913 70347
3674 87940
20631 66290
5474 49794
5992 26582
6913 9330
51677 69672
37067 50417
55721 83814
36228 45412
10038 20992
10008 75466
38564 63606
51473 82769
31979 89961
3334 91287
4849 50609
1879 83699
5981 9298
62080 76393
41582 43478
14679 40216
2693 75655
5793 38425
32943 51479
16934 47004
14983 28712
39066 41117
34950 85395
41020 69461
44305 57726
55034 57962
73441 74781
48711 86762
15461 19256
44576 54563
61255 64913
79235 91746
20644 37098
75099 85146
68143 68559
44503 46664
37388 59263
1579 28266
21392 24889
10370 65230
42993 76102
45854 64774
77434 78538
23335 79193
1259 78851
29002 30880
36686 82581
30874 35191
41020 41763
35455 65777
40024 60669
19854 23890
44186 68197
9020 57468
18742 81390
8196 66590
44229 84083
33089 35929
87759 91225
20308 60007
21395 63402
19127 62656
71665 79310
12186 36815
81517 89966
43364 85892
4721 7464
79587 82176
66357 66718
59785 70307
10098 26797
82568 88463
11995 60409
27312 91688
3264 35027
2344 71181
54216 92422
51649 52060
51166 88902
39017 70445
910 14157
16505 56334
30919 33118
7215 71796
31515 55622
46057 79282
23257 49868
4069 4492
40085 87318
49759 62574
83685 88864
63234 64690
8966 62099
38290 72564
49708 78500
2760 38727
21519 23242
37953 66008
45373 84303
23525 86850
17812 60022
10677 36934
27207 51950
7908 25657
8172 38074
57300 66558
37743 61400
34962 60409
59079 62103
11099 75700
19142 40185
32971 44648
13395 66605
41345 74329
47951 66281
37550 37981
15598 30801
19669 39947
17579 57160
21125 85573
48115 81597
23835 32361
29667 46956
4572 60288
11401 56773
9610 32888
35322 73495
74421 74796
19301 44790
31111 70149
2134 24094
3233 36298
49808 83555
18504 23887
24380 54661
25161 85693
28468 33537
26257 42326
18222 67882
12942 87102
43476 75115
6526 90872
27997 61343
32923 73088
62988 73052
36920 84795
58279 69822
35265 40476
41792 86920
3269 85555
6945 76066
1795 11977
54992 57282
2007 6085
11445 13690
20462 30623
4782 67411
19499 24256
24546 32943
11668 25879
79671 81573
36673 49630
83114 83377
6233 42420
73346 78229
44933 47822
67808 75702
40926 66532
1936 86335
14789 80355
7839 71820
4150 37674
152 15018
42967 80983
3965 85921
14920 73984
60124 68788
48363 68152
37504 65164
46547 69016
22046 24307
36303 60287
40881 84090
43368 71047
27823 78720
8643 56474
5304 32905
40655 81047
16536 32173
22590 56533
2933 29589
15391 17954
36194 74022
12785 60014
29743 45619
41240 43229
22235 71168
1604 77417
1861 26613
15979 16614
19553 64565
3832 65950
50466 74202
14834 63206
7295 51875
48792 76056
8149 66667
63460 69067
72673 91928
65159 88469
54740 79951
22198 28847
71463 75817
19518 80621
54237 87625
48324 52733
20299 24523
58446 89958
275 64246
50818 60393
62002 81059
30997 82241
23709 80045
4674 52720
20589 76443
9734 67093
931 21392
19596 89007
12348 76678
42592 57910
31396 49380
2705 71323
4930 18058
3034 36046
1052 2106
7487 77347
7369 25842
74533 76416
50813 51359
39920 52310
53259 74441
17172 22620
8675 17757
55654 57749
23272 57704
9190 26624
69586 75666
3151 72277
117 39202
10321 42725
58550 83058
17990 39654
3074 70312
28008 80950
31523 82299
70391 88064
47694 67126
25037 69772
25409 35150
14223 82808
17167 91067
10101 62104
23057 65133
5865 24752
65298 71964
8415 56590
61406 72157
24037 41861
484 75093
30710 36412
79443 82411
20502 53857
26320 70056
15463 29100
11718 27566
47309 69871
44057 62528
6028 60328
32660 60021
8207 28437
42171 59191
21990 48023
25694 37394
21000 52276
27122 44668
75012 92207
73108 92027
7630 46768
51095 69306
48460 66923
24375 59943
7786 43254
63057 87179
82656 85256
10470 47940
72546 90435
40308 64430
17471 35298
36815 51266
49594 87741
68350 77091
31934 56401
8962 23623
63854 85316
40572 65119
36576 51909
87824 88733
8576 25815
72776 77559
7069 76945
9063 39200
22746 45614
32678 67067
7637 64189
13839 22144
67348 88121
25905 49376
12928 22510
49527 76350
21364 75036
57794 84175
12515 80505
2871 59950
28200 79972
56128 64414
10297 15389
3682 16898
4562 12123
3873 22554
41839 61578
14880 25226
12749 39272
68 70056
35675 53598
10215 86173
23075 87455
39964 69240
4051 13031
74890 92176
26483 63233
31076 70027
13188 57622
41981 89798
16542 82121
13385 71419
12950 51010
14842 33806
25117 27692
12632 14881
3115 6978
17648 62601
18775 41882
54634 64405
61501 63108
1635 84873
13387 49357
12775 20636
62714 64663
37200 80520
6279 23583
64397 73873
9579 47293
11224 71615
1908 75431
30290 66068
45519 72002
38969 65592
77546 80122
20375 73878
21377 55427
8652 20607
35393 81571
55270 84892
2046 30594
25446 83550
32034 65547
13202 70272
14946 15078
6131 49158
9325 78474
24271 87120
12258 72087
16372 82425
9198 35954
10379 68527
30755 70598
29979 88505
1204 73528
42442 88196
15351 40601
27579 57454
16012 47471
23818 24898
45301 77678
42535 66095
3572 21962
8004 59374
17553 44798
30673 43801
24235 47899
39683 83743
81046 91757
34607 39491
69617 77759
18073 38569
47985 49890
582 79915
25900 85274
27050 61302
17493 46424
6636 58575
52414 88372
33184 55193
1064 46630
31494 83002
19176 21069
11587 51540
16413 45314
35881 51734
67935 77393
46371 46736
12740 61286
51348 54771
13703 78840
262 4474
52930 62231
43006 81987
132 6225
8717 66441
31456 38762
15356 43542
10804 18119
27749 82998
65386 83982
29019 50755
39480 61480
10768 52571
52489 55301
71418 71634
86522 89268
3340 16310
12803 44896
40248 60366
81159 88261
59194 60390
55746 88514
60546 89753
3653 30595
19024 21751
737 81330
58259 89544
44218 69711
17321 34987
21319 25798
57927 75357
9859 47049
70126 75557
1838 57401
1368 70785
8347 27783
54844 84236
59725 74221
13581 85906
40242 60608
2203 25282
22410 27917
42450 84113
21948 41442
24106 52394
28725 32239
52854 53178
64626 73741
47379 77682
46375 64275
18834 44024
10670 81800
48591 70940
22997 49344
5367 92558
11733 47051
39180 71299
36121 66703
55126 91843
48037 54673
23932 61379
25390 81937
81809 90765
2109 50877
54397 71068
54123 68635
5603 7500
39235 87090
2957 18209
44307 86785
26060 55989
30229 31792
3184 11691
45241 84917
25799 71548
52082 66214
45582 55380
77784 82947
52978 57085
2470 34061
72357 75122
54917 79850
51823 75446
45793 72843
1493 44606
56909 77435
7948 83855
23413 89491
54175 59744
29185 87815
42885 89304
62905 71091
9518 79563
23907 58377
53099 78189
16847 52134
18717 71725
16020 28126
966 27609
36410 48959
38433 41952
20860 37396
55279 92206
16283 66254
43293 83348
2363 74129
23342 91205
40070 52354
54255 67373
41 86861
65725 87958
54730 58218
1770 86958
40275 40977
22937 35893
18335 38209
60605 63394
15824 42609
10375 45488
39932 52831
72275 73554
31721 49153
52845 64086
71008 83207
57466 64179
65345 72968
76154 86145
9240 13152
31347 49374
38317 83626
39624 48943
18842 84910
81553 91767
22598 49993
16024 61242
46932 50882
9739 68259
3185 56093
69071 76723
57259 69578
12989 73097
6205 82709
14010 61065
27726 63158
77874 92234
35674 84946
77165 77901
61921 88704
50817 73910
5852 6138
16699 46312
24192 84703
8 36998
41835 71585
45212 82957
23390 60035
13983 31578
14801 22832
51386 87716
19060 33046
9400 89863
56033 68484
53001 84603
12201 28309
14406 47247
24893 91259
24 51385
38064 47098
81112 89015
15628 40206
19070 84102
77795 92208
81715 91841
30218 73512
1046 67705
56862 63259
84804 87015
51488 55350
10092 47771
25379 87468
2947 10359
88419 89896
13646 43183
11461 82666
39959 74298
44777 82217
43530 50587
38929 74642
21994 91093
5469 88235
15476 49268
22920 73302
40358 42298
11203 89458
21523 59747
31590 64158
1276 3699
30320 66944
7887 10825
15223 25801
1846 27444
2602 68384
12700 16269
41400 85424
62807 70429
2543 23095
16403 39290
74286 87317
82560 86322
67485 81257
31685 33028
41950 75287
189 32509
831 33890
12206 19915
8899 15631
1156 4271
53637 85319
51717 86581
15758 33584
20747 76890
7571 69534
21404 51171
65033 77679
30362 90434
20225 67844
76446 78341
9411 79234
84680 85067
20838 24334
13845 16337
13074 16397
4447 24963
52812 87163
1804 83062
46374 67080
79157 90264
2039 44924
64329 91628
5745 16118
11420 52478
51990 78072
8162 47865
24236 27536
10650 84621
31855 59400
54816 76080
82443 85641
12165 16328
46515 90963
985 70669
78688 85077
13355 44214
13042 33246
24411 61475
33661 82598
27244 52099
1627 78300
49558 79901
19560 30329
19196 89749
46408 70908
26337 32269
51082 70390
63819 80312
9298 74837
39098 49185
431 64849
35974 59770
8230 75814
40979 75473
78591 89937
56665 62776
47513 76738
25278 79223
16066 58435
47605 62924
41326 83467
64455 83892
58780 83606
73400 76211
62777 80647
17484 52755
21913 33777
15513 66507
47847 87722
77296 84520
74113 88417
39163 90297
20214 73771
86927 90150
21609 55415
8484 76331
37042 52527
16675 75944
69158 81675
7267 15942
15267 91733
67002 73379
8223 59908
69310 79836
16279 46229
16580 73892
19753 76419
35710 57853
8938 40527
60450 65954
3669 46680
22092 48295
51549 60607
24093 41757
19108 68394
8846 66657
6082 41681
25665 89293
22383 85681
15112 57626
38278 89438
52894 92201
5911 7116
54624 71875
24877 83870
16303 24689
63969 72435
2576 73344
30178 56015
31290 40766
76223 85825
14642 16457
33935 35351
47391 70994
22407 50766
23368 42060
16224 87495
19311 65191
51500 68953
48587 57271
14381 43658
34086 69243
45887 68533
19911 26100
51867 80463
36490 53802
65408 68076
33790 55585
45100 81992
3376 82080
33437 90353
17577 21650
6757 25932
66534 66708
16842 83255
8194 82874
5063 84372
42286 66363
78876 84695
823 78997
30009 88248
55621 92615
24981 42262
33675 34217
36839 51085
18112 26439
28996 53648
141 59850
24710 50768
7150 73948
78586 81070
31816 43473
37269 54899
13034 76514
15828 36197
56322 79207
20437 36533
43851 83528
33461 38321
6909 40021
19877 65899
63997 80878
38643 71915
1157 80294
52075 70442
39304 48404
64964 83326
44940 88540
18407 26499
27713 90771
28733 51796
8228 37967
40561 79111
15173 23284
37729 85828
48164 52830
6755 52043
2434 32408
26872 58635
11717 47038
66625 77464
19922 78632
33013 86565
62639 85315
22700 80499
20514 51330
37401 68519
12323 84786
29133 75966
26945 36099
32441 47832
43404 50230
9105 83966
64498 91683
48207 49517
31267 67539
66162 74071
50372 90265
23435 45482
67930 74945
43079 58341
45553 81042
45655 65438
48436 87832
30504 50683
17195 88526
25993 63312
57318 65736
86324 92219
31330 39564
28214 70792
3307 86952
10588 78603
1810 89154
34637 90611
18046 52639
32754 86203
25140 56509
56767 89170
77278 79150
41584 88739
50906 82074
62566 75176
23625 80840
5577 17192
53834 70966
42520 88219
79009 86949
20599 48953
52003 65555
36762 91455
4863 58471
62461 86071
51984 69442
36356 54821
67293 88094
26166 29123
1224 45313
22678 74461
53529 54063
1502 83077
69187 84596
10565 26272
5198 14095
66766 91575
27330 30278
60869 79337
12309 39740
17454 85935
60479 67363
55588 61638
22056 86054
34039 55824
15333 62723
21619 92552
9713 78694
51525 65430
40152 44509
21615 61872
6197 65566
21679 58638
26490 88425
14272 36970
10635 25404
35806 75413
625 45836
9050 81062
36600 60442
18611 80842
20130 36719
21269 27647
21555 63534
30503 81648
12093 71164
56263 66029
46961 58047
15687 82788
2843 11882
8626 12100
13207 58444
4354 87849
13344 53529
39528 85139
2929 40646
25406 72877
30864 48425
7148 87872
8787 79697
41070 59607
1983 8957
22778 71614
63924 89575
52447 90436
5238 36096
65707 77591
14121 80050
56514 61317
104 3925
67145 76224
57183 68978
73678 90753
61085 72263
57563 57812
26670 27954
47835 87241
46027 64905
57736 59141
25159 36686
24837 51955
20401 25497
60916 91878
1222 34496
14930 39612
58391 61848
24881 52444
59469 67072
19179 41449
60071 89208
38546 74270
4460 63260
9302 67991
19160 26897
13259 72179
36563 73669
8543 51274
32876 33571
46922 63113
744 58524
6441 89902
10306 91566
8395 79773
21462 76291
73116 87843
41367 67718
25637 29141
77654 90802
316 37438
17781 77878
78043 90463
46545 62350
21828 90242
16619 30591
6853 53543
46057 89821
33129 48092
48188 56417
27096 81581
11864 45084
30636 34941
39673 40744
29174 40918
37465 66837
54270 55671
25250 41017
25502 61738
88345 89426
28965 63420
8046 21957
11184 74596
12889 26597
22938 25938
6315 67005
33577 53686
67360 71240
22877 46740
68122 87402
68792 70251
20815 44872
81190 86265
31696 71599
47468 52507
34250 61721
36329 41436
25301 77295
16954 75684
45214 55696
58308 69286
31067 43789
43078 70208
25280 30848
43179 43764
29250 39125
16347 62734
30001 88684
1262 46670
32772 76371
72289 85640
71964 86393
21612 34693
83842 84218
33227 50864
30697 67003
29282 84388
3856 40764
5010 66294
18265 69444
62513 69366
43832 61038
60318 88953
12751 27554
4191 77253
21656 90927
15754 34893
29707 60536
8294 56188
41081 51151
9776 14272
31168 83789
22749 22824
30395 42627
16519 90798
48839 63196
8434 84047
25087 57588
31700 44808
35057 45020
34141 64964
32594 37748
49999 86825
832 71639
2695 67908
15180 18115
18171 21739
61780 82901
56349 76673
10138 21109
40429 92620
211 32375
25960 63517
8521 22705
12451 29035
13143 71714
28151 29334
40025 65782
21675 83442
8219 45046
37806 72157
28621 41708
12797 61502
65346 91820
63723 81537
25740 49339
53783 55513
74065 89821
81921 88588
42041 74009
57801 79280
15892 73156
58038 61922
13440 32997
39218 51125
65228 82786
12196 64065
29839 62971
37695 54536
25338 88624
17402 32455
15627 40311
29243 49496
16829 92309
14381 23427
53707 63222
57202 78322
28229 65303
4868 28177
34172 69646
38265 70049
42088 91349
35180 50093
21827 35554
16087 28745
16846 40066
54328 74980
56284 72730
22251 64264
39051 49001
45513 51292
7919 34365
15269 69437
29232 34489
27614 86365
49987 87370
573 11003
58702 63154
20344 74567
65482 82778
1640 78894
13422 35039
70624 82668
33149 75399
36504 47508
28992 32821
47069 87434
79445 83343
44700 73121
9734 16744
14114 65624
33690 77850
4405 9379
5360 43420
63918 70772
39119 39407
7471 86523
41016 59721
18190 25392
16277 74861
14662 41796
54831 56785
68060 78696
77251 78197
36731 44899
50811 69598
52924 59130
80605 90363
11769 57071
28388 31494
4541 6826
19777 31669
12851 30031
4097 91053
2550 91529
32362 78081
26421 73618
22195 45245
5777 82071
23693 76905
28419 47467
25032 80037
1154 33543
8492 50492
13177 14505
57677 80899
3911 92558
27025 61887
24440 62115
23570 64324
34905 85124
27924 72714
57111 86256
14665 81288
16587 79564
26750 61937
45267 54473
70449 71247
15286 67249
6366 18110
21062 81766
41902 84370
39434 48909
49636 85823
72248 77261
23885 65182
22555 92624
12438 36376
20451 60365
28601 55383
23690 64260
10950 83350
48278 77639
10012 49661
48290 85793
68832 91093
23827 77321
3143 80507
1596 37998
21479 51231
50090 76929
23392 27113
11500 74999
21544 72644
15800 42459
69574 81529
16860 87113
77319 80601
58003 58658
19840 34301
7543 42732
17146 52404
1703 73078
3648 34499
29632 90710
38500 65955
29505 46890
48548 52842
12859 24730
39683 75786
6975 53722
37631 47603
15845 70140
1831 90450
32325 67990
18651 26663
9719 78723
1264 32402
10548 49277
43965 71796
33884 86663
8893 30676
35046 75963
46481 72120
10928 59416
15686 21770
27282 86002
25250 57368
75016 79688
49892 57481
74983 87811
24804 83045
10346 84513
27036 86473
12010 46144
68977 77333
57365 90112
41417 42325
63486 80654
69005 79672
64324 69663
22760 74831
11265 90245
30400 59815
43622 79850
22047 39026
2497 87971
8301 66162
1026 92008
8612 11811
32706 54669
15019 45067
17960 78474
8752 14732
46657 74742
33012 48378
8767 46173
45208 47830
7033 57914
19838 60701
47429 69887
38075 50757
15204 90331
53176 59189
130 24203
42453 67279
59838 69550
49469 59906
18993 24843
7005 10058
53025 61290
81655 89227
23699 69128
11183 16807
34570 83228
17800 84731
38022 82486
59552 76309
31229 58190
54241 61620
34925 87970
28042 32541
15030 19303
13771 84396
60201 69556
15063 86829
17412 89671
3692 32104
20907 47544
11930 12517
75451 89003
58168 86105
15649 17201
5896 77038
53316 62642
61023 61224
17844 50159
60271 80984
3822 28747
50570 66822
38089 76948
13567 76208
1401 7533
52849 65760
43956 45769
46136 76586
27897 49607
16357 48751
10137 60699
1417 66363
29630 49372
13316 74952
35449 44334
4719 26105
21570 37732
35112 41242
9009 31224
1505 62103
31474 66485
2792 55297
45956 49246
72663 91396
52319 83877
1199 15078
35877 72886
67189 84838
4362 43101
36479 90959
49070 85752
45331 68586
85612 90417
10505 74124
25957 58236
9369 9920
13095 47071
17474 69703
17090 80495
19347 27221
31889 70320
7145 46543
35652 54392
29086 88494
75407 77785
13126 31459
7639 17929
35763 72619
3226 87373
10802 67513
14653 42224
18229 22279
33256 79801
68958 74945
33847 62081
59122 61394
30348 30490
29232 75772
18466 49403
41585 46970
39325 52005
9950 37559
17157 27814
39144 46938
20656 84919
82320 88499
14589 26660
34514 38672
40628 75522
9613 82138
36412 60692
72866 77447
16906 77921
1074 51364
43322 86617
8227 69017
10329 19983
26064 64357
74243 87012
19457 84317
24684 46908
20129 73460
567 64609
61004 62780
56517 81233
79819 91451
38884 42794
1227 50718
7103 32112
53994 72779
39612 78546
2841 21962
49368 57810
17155 23954
18862 60615
20499 31928
41263 44899
67470 89652
59361 83347
28199 76776
68006 69962
2408 18653
52782 69281
21242 49713
38386 61361
46003 91619
79485 83225
7937 61215
53667 68922
56548 77183
66252 78565
66923 82136
22403 35615
22140 42199
12137 88356
23479 59628
18671 28868
30099 50919
37076 43817
20435 86794
52043 80131
21628 22816
20981 39478
18935 72929
50500 68576
22558 29192
50154 55898
6429 36659
21241 66439
76798 83111
44698 92042
8255 31049
12125 42978
10951 76915
1353 87038
81710 88628
64749 71752
52814 68057
6115 38062
64859 89263
41478 86582
33058 90362
4176 86577
31525 81651
11457 32076
2915 53913
3608 4193
21253 50062
24652 43542
40463 64458
28831 89152
46330 50163
29844 92165
33703 61361
83621 84614
17193 63207
3094 41338
85323 90920
49394 65383
46793 57766
53177 80838
15506 82205
36896 54091
3860 47636
28646 42961
7490 50945
24732 82400
39203 52811
33335 45419
36275 37648
66021 81096
13433 31704
10492 54505
12490 87111
3758 11167
60854 90696
33894 37096
10371 78871
20987 42148
29080 72050
21881 48661
3430 57571
32948 80849
23537 84361
12745 15475
39670 82031
45943 49355
31028 53310
36361 56520
44523 79293
49520 86270
17017 55518
7722 83471
67224 69378
8425 90996
5130 85491
58715 79575
86595 92302
32572 33866
20748 56302
33489 42174
5304 84553
11954 20741
9883 27048
3923 12812
34316 50189
15343 88607
29338 82293
31832 46696
28009 52850
43423 87460
62677 92476
12531 80247
11638 87989
53823 87597
58689 86169
1530 28236
3211 70177
20883 61699
18750 29831
27758 79314
32850 42625
35696 37370
62499 88938
7692 31791
7862 44658
25924 75603
5641 46676
25592 70029
11577 14763
36330 63810
75047 90453
61526 79438
12915 77603
40859 45970
15108 66692
24353 35357
2807 60555
4370 73030
9985 36657
33849 40080
54868 76973
21573 83592
36306 52853
64273 89744
77401 88243
69687 80483
72780 74622
32026 81091
19548 71563
28504 41514
10904 40057
3403 78531
60612 81023
2230 73529
5576 62276
21647 79583
1442 31814
59383 79568
30872 53739
18287 86433
71515 87980
19808 35593
54300 75665
2421 67026
10306 85385
30507 39527
68243 88456
8452 27838
51745 52895
27777 74449
26696 52849
17577 78566
18126 25044
8384 33396
22324 49087
42683 85733
11570 44607
20740 28059
46406 87295
13416 85022
12328 82034
68698 74497
39819 66808
48853 87941
5551 37487
15233 20404
58536 66163
29284 30149
2286 13509
1378 56444
13521 25431
17366 39775
37541 61452
14628 87638
6035 55618
24220 37733
14654 29364
42535 71479
23619 33186
22908 38784
51365 73583
53498 70428
11388 69946
38520 62478
52406 57758
30691 34234
12767 44484
25906 58787
14819 77792
73824 82749
51812 70266
30011 56372
4054 68682
55923 63662
73195 81597
38934 78071
66674 74902
32453 53765
11198 36313
14382 28185
65503 68704
5876 40449
52255 76395
4353 45262
12742 23057
50487 77228
8104 40564
17761 59341
9260 59038
71805 75229
21706 34113
77223 92621
90052 91958
52836 92028
57524 61803
60468 61851
1596 84229
23191 73783
42713 48980
41503 42462
9648 21937
10240 84635
35577 50921
70302 88908
37046 65154
23640 90280
16531 42753
12619 49877
1918 13911
38221 63144
33256 69765
29415 46388
78194 87800
64571 75486
21484 67712
12944 90748
26384 69560
23825 75718
77198 90161
16958 29430
36221 68827
18594 86445
22342 28541
46068 65576
26855 53776
72392 72805
62554 65522
27422 85211
6880 59677
39324 66966
43771 68884
11351 84281
80968 82945
21141 26113
2804 11092
21066 34234
42454 87936
28523 63048
17577 40509
51977 77821
45321 65240
27485 55771
14764 26061
19260 76826
5768 79721
19882 39806
9115 36771
63101 89270
44976 85320
27064 54117
261 60320
146 25890
21517 74867
13924 35985
21099 39925
62005 74771
21558 45331
8792 20593
10598 65863
6848 37124
774 88258
48388 50685
17172 49924
30209 64183
13361 17581
7307 53545
5263 35551
22547 62400
12402 72046
24955 90718
11516 36046
8233 65329
46391 71008
25651 69151
2844 27848
34490 52706
19675 43397
62215 68503
25029 73590
13410 82124
50369 82753
18219 61732
14285 17511
28399 91759
4000 8505
2058 60484
17815 19427
31607 31806
15525 76026
39751 87116
70699 76678
2886 74355
38049 56296
74593 90982
54953 73791
10801 86863
87 51196
5381 64695
50353 80479
10181 48749
47564 60562
68940 92311
48910 89574
70901 76842
10275 77093
5537 62539
40960 42728
16846 90142
50064 62538
23528 38102
39662 79242
6353 17052
58327 91750
56678 92405
70157 91374
37036 39707
80802 83764
963 15609
16211 68945
21004 25487
69028 85453
42019 43738
16023 53762
52281 72292
18446 81249
48342 83876
17835 41427
11136 65571
30869 35411
20718 55525
6197 43652
53158 72126
11541 80088
8744 63844
27598 85219
63700 82923
11666 12546
1164 14318
30834 72994
28517 84560
2913 68059
24660 29431
11473 56403
43558 44849
52759 66306
40043 45547
9194 62544
25902 26046
23508 44677
10267 61961
12465 49637
48556 69205
24188 58144
53497 54775
22832 81936
5220 89935
33064 78466
37636 91634
576 61655
66829 74345
13790 27279
35094 58943
80659 86883
48403 49862
12766 79107
3384 20678
24119 36561
44418 44695
9953 79425
60711 81619
74880 91052
12618 21821
28137 29264
5655 52164
49605 78510
33583 66514
20686 81088
73943 89237
31336 78673
7452 78953
84864 87705
19362 20521
25153 50840
41180 67674
43291 57798
32895 47063
8454 19302
54496 64223
10186 33542
45435 88467
22257 29553
63515 74184
42083 88531
4739 40463
28471 90745
35998 54025
27180 34341
66125 91618
59276 61483
44278 71782
47673 82878
9857 91088
75368 79586
47811 72707
5928 87614
60496 91907
18483 38382
9536 58336
41978 72862
25627 27149
49217 62425
21135 44455
2543 41687
9138 81156
27180 33117
36440 39418
27740 37693
26421 44008
69123 82960
4887 77242
1254 76167
17545 33750
4595 87089
42583 67774
29624 37541
40877 63209
21084 68492
43724 91594
43012 82246
28349 81754
64233 87692
16549 75268
23316 43490
50445 61975
60600 77117
12826 37867
3123 84274
60187 81644
73894 87442
28067 36522
9610 16201
31907 43628
35321 47608
48120 50100
24877 40668
45444 75186
10271 49295
30770 75714
41958 64706
31795 61577
4802 35057
16844 53134
41889 91390
3666 14020
80281 81863
46717 54748
12326 29082
53009 84341
13779 77083
42994 62907
53357 75157
49141 55505
29679 34248
65041 73136
32283 57911
61813 61947
7447 64940
8506 69200
35015 65272
43343 74350
80921 82062
29522 62575
53555 60374
20768 76455
28757 55790
49138 77813
34799 74638
11376 19591
7517 8609
8194 87892
803 76504
39158 78361
62767 88160
36624 38942
55306 74683
27407 56719
24660 54915
11064 68058
41054 61013
69953 80423
25732 59539
6895 80105
31912 47013
466 74727
38329 68835
24891 73047
39293 80501
62771 88253
16303 37205
33743 70772
725 7024
39125 69142
36503 57132
50290 52442
22797 36762
53757 67066
45921 73533
57478 73975
70699 80406
22277 66372
3696 73593
63392 81970
4088 71482
65728 76199
40436 71842
34965 35111
2927 6219
16872 90431
13264 84520
55771 85944
37812 64148
692 36294
40803 82064
61765 67097
21275 92350
17014 82187
53984 62836
64153 69113
49799 86051
16445 45214
5046 32538
26613 42481
14363 29356
23399 90687
78124 90791
36791 72990
5841 52885
35834 67681
42049 83761
25387 83000
15025 15274
15833 90478
75557 85523
54187 81188
44371 56356
21791 73210
51963 82615
4440 7831
39211 77515
27891 88183
17784 56420
42609 53836
62207 70984
45551 65106
40770 50005
21343 26150
5621 34623
15468 68298
11698 55355
5161 70148
69706 90732
71873 72433
18615 79079
14320 59728
28220 57449
22832 42885
24934 47475
38708 43140
19376 57811
59076 70732
9980 69831
8828 41208
60130 74295
40150 75753
38271 44937
32375 54581
70043 78279
49126 91317
11874 42957
12051 79784
48518 78527
20202 80039
51465 66416
14283 67755
3743 54561
55429 85265
32116 62932
49763 75598
4394 6320
56954 90742
23371 71554
25636 74109
52696 75563
33968 47402
11338 87827
66596 91407
6455 46698
28806 31049
5768 33066
13905 44793
11574 85557
83162 86162
3928 30069
2153 22040
13247 40812
21751 43839
28628 90707
14695 57698
26482 42347
1563 26949
12874 64976
46550 72398
6877 46671
8995 37641
1138 48336
19881 67245
35297 70046
41213 71549
26849 69849
12668 75336
48525 73774
69306 90116
57611 86806
12657 62394
13328 58632
21812 92105
65386 77442
5706 59384
24473 50619
46871 64197
2828 17664
15135 20945
58646 75562
2182 47222
74893 75221
16435 46110
48817 82081
10216 88179
12503 19531
31728 40896
27279 43446
76148 78399
25454 91752
28018 38843
10762 20707
51207 90162
2177 27046
37798 58187
14422 36145
52569 67824
84546 87636
19007 90259
46753 60977
63476 65302
65887 77575
6609 88864
21539 64838
4267 79328
47055 89234
39277 43336
9153 46339
45856 52304
7102 34236
21810 38024
6042 85794
11278 76344
11057 59652
13126 30785
13007 90792
3560 5809
19864 66976
13864 29395
22882 25557
5132 46770
29661 65806
8905 33314
21371 52984
42256 70413
51992 68922
56701 61187
51220 92444
10637 73508
26411 33649
44993 76333
31765 49570
21005 49714
52689 70155
14805 42752
50732 78750
63498 86572
74619 75157
74563 86373
11512 54800
23609 47994
3885 86174
5819 51579
35438 42070
68577 89783
22745 90536
26049 52363
32337 43792
44529 59012
2841 30631
31222 76840
42611 81670
78393 87540
18119 19987
40488 61726
25586 62638
1710 36754
18363 56600
32379 59499
1982 83361
16627 70515
65154 72138
15098 59018
34886 59823
8802 82243
30335 65312
26429 45581
74761 90545
85894 87369
11628 77923
17373 62528
17739 38845
25790 68449
62904 82097
11749 27530
72781 89310
72126 86595
62696 74434
8205 48550
21254 71382
9737 25019
19440 35785
44751 56549
35148 60948
30400 79599
28724 48694
51347 56744
67172 81689
37742 87043
18769 48218
76286 89888
28562 78304
36323 86192
1719 50013
26484 49406
11671 83421
54060 78714
69705 86524
34580 60529
17686 78744
34823 64490
5659 18021
1389 64531
37505 75410
35752 39684
3249 19423
24078 35414
61190 84257
14181 81887
45340 79428
25 89415
20514 26161
9149 26264
8491 25563
38158 67807
22220 78748
12923 56144
85569 85844
21796 25299
4310 14654
38076 65073
34741 35591
171 62955
12764 13052
7198 44782
13926 84796
58912 87812
18379 88131
49729 66693
75313 77255
19080 81923
3253 87704
24017 82039
18941 60000
25831 37620
20463 87219
34486 34747
2753 48012
27574 52132
78829 86071
8650 14161
15485 27239
87744 90230
9846 11534
64527 92553
70932 76205
11270 81780
42818 74875
8471 19621
45131 45316
13976 28989
28857 30655
8383 80576
13 16551
42343 76848
14124 85115
77827 80903
9891 42108
5753 65291
7922 71782
35015 59241
41037 92325
37263 68275
86301 90135
45244 59694
27587 53418
48285 68840
25529 53571
45242 79914
15889 57897
20339 70172
31124 53204
2635 72833
344 77481
59406 86353
62577 73084
35970 40097
46524 76011
14105 73599
38267 41619
1199 92275
70576 87583
14329 69787
69 51482
52993 76654
66043 82973
2930 68283
47610 80976
14595 54541
49974 87474
21549 55622
4270 13894
52369 68220
22439 85305
26531 73406
36398 37090
48402 76335
33659 88852
14091 83553
17323 18729
5967 82536
67130 84941
3723 73505
41297 55881
12077 48286
9685 42560
17337 20154
55300 73947
18783 24085
58716 74577
22273 67354
36980 83500
48923 61027
21666 48078
12415 73968
60684 91689
22980 51008
56109 58853
10597 45795
2707 39883
18334 78269
46417 60937
35833 67926
25722 81179
23771 57962
9010 17710
8595 82712
45880 82312
88710 91639
65239 75837
9626 14388
42522 55048
47016 76594
27024 70003
26221 85466
33906 35825
928 87070
24171 27026
11378 55769
81552 89050
62517 68861
61356 81709
81876 84122
48414 69569
55550 76603
2483 8797
21166 45885
69982 87582
10133 68465
73641 89605
1021 30244
24085 62877
60639 71421
14408 86146
59713 65755
25966 51315
3040 91016
34116 86010
35529 82045
31772 59176
39883 82437
33976 76318
72782 73821
44609 74917
44015 48085
31156 80350
20733 85447
26039 61576
24262 37096
49987 90217
13590 43710
33295 62908
6507 12648
25332 67420
35460 61206
66317 78978
18494 30615
3033 22431
25166 90990
47175 53039
56333 87363
14533 17926
4088 43056
42204 62294
35032 76465
71959 75092
19925 54439
12520 50696
14444 79070
60560 84653
6340 23544
11312 13047
69874 82724
13576 28094
4884 48917
65847 76062
37450 64644
63188 90547
25882 62038
33442 36174
11892 75488
42486 87329
2798 87247
62913 87942
32698 90985
47617 68263
80067 81757
17519 77934
36088 92440
77168 92294
40860 80985
35331 81698
24434 53038
41671 87927
16753 27731
31379 87812
4233 49516
75904 80044
6340 91873
15189 60855
22440 35238
42772 60963
12299 17800
38851 61975
5530 80369
44919 76670
38855 42438
36006 57685
67675 82468
42325 72299
58589 65370
26222 29720
61410 89492
39672 64587
7130 13431
25067 53026
36920 73574
16673 86807
29476 71666
25665 39725
76883 85439
8069 51241
17083 19336
40023 71784
24530 66742
48233 60800
78342 88688
20032 39489
15969 87239
28046 90237
42061 51478
25439 69829
6242 47769
12507 65029
50274 55016
36728 88154
59849 66698
49212 50536
7804 9825
9203 65371
18460 65516
7034 28521
32784 42862
35903 53467
50779 60978
37385 90378
6241 87648
7331 83328
37271 37820
4184 88696
23276 86071
48915 74307
39457 51720
65720 92301
1187 91065
46731 64049
4102 34649
2776 60727
19974 80571
5497 12146
1818 78328
6464 42412
28517 88617
25944 39530
52229 87226
2123 81934
33803 70766
11140 85028
7401 12462
17667 51680
31230 45487
62918 68406
47010 56090
8139 11632
19861 24879
10580 62449
25562 34456
49097 74193
41254 58320
1952 38635
11057 68981
46051 87954
58094 61295
3206 24331
4058 38423
20958 74054
23260 30360
31324 59296
11484 88636
66936 74381
21110 33307
72960 81582
42096 68841
36442 56173
5977 81098
53776 56301
35197 86917
27606 32936
6734 78788
4725 51408
2017 31269
27555 37927
36101 51102
44036 85149
37494 60912
82105 89909
6614 30673
18665 64508
51057 77003
48289 68644
11743 66954
48845 56611
34084 52467
56614 59629
24480 68774
38797 60890
20456 52136
36736 81736
10664 15423
22417 82183
21964 65505
13089 88875
54838 58470
10761 78700
70972 85513
11456 66865
30372 74206
53235 55002
35264 48762
44203 48523
38580 87380
53186 88058
7600 68711
67039 74411
44286 49488
3786 5603
72172 75908
46871 92198
5909 35619
33538 72996
22600 61316
59564 75020
14618 59941
25423 26393
40808 56172
15988 44529
40052 84581
6303 85492
890 75397
80872 91531
1322 27908
77892 79346
29465 49511
63983 84960
32908 34545
17957 54216
38614 69399
32254 61498
37926 71712
3021 59438
4449 45506
15073 69132
12961 75214
77647 92604
55684 66829
7955 33110
7395 50906
8655 73716
10062 60579
37468 52206
14358 16520
14138 25639
9975 92359
39433 82011
23058 52634
28079 45228
13205 53962
31421 59755
40641 88416
7574 40527
50746 56840
23752 55275
22283 27336
22285 88009
4686 29818
46417 53564
54354 64115
70428 80695
20286 90455
6013 40283
17898 34111
28945 80224
65984 69485
5807 19449
26215 45356
65977 75446
6486 62980
14173 41195
28704 35686
66359 92264
21740 54056
32856 37693
47720 80615
21186 82939
18123 32163
49966 71200
15774 60940
67155 91423
28001 31833
19872 58927
60140 83990
7936 37139
20595 44017
1735 11751
41442 51217
5827 66746
9212 61229
23877 29606
14589 46757
37636 43987
12605 40979
12273 55477
77191 90237
34269 38751
57781 92216
67063 77643
30661 52149
50074 68341
12340 86576
25922 73166
35435 51801
18144 40676
52012 56349
17298 62216
78419 78597
14783 46524
61959 77383
14379 59538
37587 69704
8577 43499
25079 69867
19280 37764
8335 43805
44965 91591
10661 43778
33931 81704
7077 85357
67803 69903
1983 79815
17037 68090
43517 84046
48942 71321
83140 88053
2451 80721
25534 70403
72665 75055
20510 59748
36216 52506
4962 81669
52302 71139
21503 87231
73248 80802
58971 82581
48850 85911
29343 51358
3541 42231
11680 53287
6819 48343
28091 34206
43011 90822
47823 53711
22420 75805
43665 78633
18270 20430
30329 37878
16506 51160
31791 84294
1686 14312
33089 72493
34634 78516
14289 36702
56790 77026
54729 81099
45547 70682
821 39840
26786 40126
421 80502
15943 35170
36053 67911
34835 58514
7884 74441
33807 73461
12270 14538
34749 60118
62796 75866
24906 73837
10508 17596
139 60897
4229 62996
62981 81354
20914 76861
33918 34339
348 1732
34555 45115
8282 10758
10822 48424
24446 25473
57747 79156
50684 83201
34231 85491
48168 56488
15784 77043
4604 75919
27006 38976
17787 49856
4001 20147
19676 50075
20272 52917
18317 79438
59939 74139
19814 81825
77826 78662
27894 44985
41777 77347
10133 38695
38921 52537
51584 61328
5310 45054
16533 40123
34744 42768
22031 90063
28521 54083
10471 47934
17155 37199
10147 66990
20725 77262
50743 68879
52566 91001
28399 91662
38248 75107
61732 65534
58654 89334
8574 46379
14658 83130
13286 51060
59226 66567
53690 71866
37765 50800
58207 75042
69984 81742
29147 29194
3972 26823
36600 88365
40803 62011
27803 70885
15132 34827
25990 38558
41181 50160
53405 71091
3343 81815
1092 48024
11188 90800
5896 47444
32609 73899
25731 64490
10682 14889
51479 89169
52913 70688
47947 59082
27338 60518
28427 56122
9053 83712
43930 72359
66848 72919
12508 38632
41576 54691
16755 71772
29903 78813
14811 42125
2914 45101
55458 90804
66236 90219
40293 70393
19646 92020
2733 15552
57847 89423
11457 29336
44779 79676
9833 69287
1481 69863
25832 47072
24471 88087
56113 69918
42552 61478
16259 86376
41956 61081
70796 82160
66107 66141
39614 61514
64965 81151
71026 75412
2124 52791
9365 43110
4362 76993
47742 73014
22016 26907
18393 58617
829 60778
12400 88879
59322 86479
79963 90956
2677 34222
9822 80635
16425 75472
66366 81762
32861 86412
3666 29996
40907 54754
5076 5501
9801 86574
14377 68629
66771 81909
4684 26961
26276 55427
32525 71464
42162 47592
25875 31413
15455 41360
56418 85910
590 31472
15210 64696
14083 84021
50259 62194
50261 62511
25791 73624
7502 15793
36590 42043
40714 47363
13483 20126
20685 22318
57840 82069
18 76661
3035 55679
54032 62711
40589 74629
24230 53531
49970 90138
18049 56637
42876 64373
9486 69708
29097 36174
15903 75317
19822 22098
6845 63029
35862 78918
72792 84257
1061 81958
1158 68212
27769 88507
8894 23154
14537 40346
8237 87277
292 5641
75977 78879
38598 81731
14138 24155
3105 71908
24967 90551
29067 73278
31523 57827
69437 89728
31222 40994
23941 28635
46099 49331
26206 31175
7170 87599
45056 85406
18964 31107
62041 72898
24017 29620
9615 75177
30449 88425
16526 20498
55513 71593
44457 78588
717 50310
69877 73743
7987 41919
79651 85837
73609 79802
35169 62366
13905 20980
11579 12032
2995 26673
10485 47084
15115 29721
3365 82473
28072 72048
39180 77204
7606 62195
69566 73372
68198 87377
3522 50529
9287 34920
20700 91389
49566 53612
36001 52393
46663 89089
49880 61727
21651 33654
77019 81565
9701 13484
44505 58680
28904 36805
43064 67942
4229 67101
6245 44958
40424 58410
58833 62571
5673 65354
31826 43344
18800 75459
31342 85632
11079 45421
74980 83855
15858 65504
32715 57312
71510 73867
32323 60574
3386 29000
2439 37688
3041 26837
13043 71582
32928 80618
7460 36410
13065 31145
56137 84594
33871 69614
31363 51510
62930 75814
11934 22916
66658 80861
55496 66974
6856 8501
10574 38921
11624 28707
45872 58708
62998 90070
26114 82600
23591 43596
2452 15986
17647 64353
3827 50459
13743 31923
34979 64025
6559 42753
79603 80285
72449 87451
37994 63776
16138 44915
58277 89225
49490 68186
43194 48971
19625 48711
6175 80889
11033 20675
23703 67812
45009 78165
4498 6577
1698 31080
63199 89339
66148 69943
19847 39309
46317 57958
7543 25173
6809 53576
78625 82350
32551 61398
6533 91849
16289 65623
24500 25252
62393 90619
72786 79078
2355 8078
88352 89049
36920 46594
3385 40236
7482 69896
13409 46776
14828 70711
31486 76931
20876 88592
61196 81126
11437 90857
36910 62171
17091 50345
25591 36077
25064 44900
62912 64037
22515 89252
24030 64354
68686 74454
28851 54855
21343 22837
35263 70196
58309 58486
1754 54235
38445 60874
48920 76714
35060 36265
12933 25764
11334 32160
14988 20380
16092 33294
54631 91676
8249 85488
32360 46207
21449 83871
26423 53113
18562 64803
19501 73884
15719 56573
32951 57002
34228 71918
10769 25135
74015 79767
2878 9989
9394 62110
47726 84592
11374 32414
10581 28672
80293 83579
11346 63351
42706 88288
7222 91001
39923 72353
23190 23860
15307 65628
6289 11056
32466 41898
74490 85574
15336 70367
9968 40496
70719 77195
59151 78817
49774 63686
2768 62290
32208 38868
75064 82333
43209 55597
12731 46443
51984 71207
53461 86228
64941 92244
26815 89622
46138 54447
58723 60528
9942 54666
31619 81075
48607 56026
14930 78064
10516 16955
1153 67731
1135 62186
40465 80139
6559 89371
13872 19454
27443 54461
72391 76036
16324 33807
77103 84693
41404 83032
74175 84559
3843 59752
24833 78685
28784 64345
46777 68775
48030 70664
58134 83292
33459 34195
35988 69574
26387 56802
4443 36504
14595 81287
32653 64987
61391 62873
1638 62029
53620 62164
60390 66328
30330 57407
15436 72986
38044 39496
6783 52305
18777 70834
65230 80341
8662 83653
10144 61527
60776 74260
28997 72550
46793 72019
23975 79678
40657 55047
58149 66026
14710 74071
59495 73598
44409 57414
36135 46048
22642 88311
19040 59890
12047 28786
11552 85854
59451 78125
19993 38546
23913 54819
43343 60913
2537 77466
1459 82666
65910 89721
32589 53057
69074 86209
16764 30497
23936 25008
42004 43814
9194 25024
13364 26078
27974 90862
39760 55976
3867 41541
30847 43524
39165 73121
44895 48028
7840 18508
36414 65273
11642 78322
82617 88696
22043 56371
10146 69350
78958 89857
72583 83384
19923 59312
56583 76117
7798 53790
26583 42008
70745 85349
48242 65047
11167 87843
26515 66447
18785 82893
28074 31428
49868 87576
3209 38546
975 90200
34986 39146
69053 90669
7970 78928
12466 35237
14797 21624
1903 81314
45342 81336
44304 88795
2697 50554
4142 85129
21402 81531
50145 70674
6827 13525
26990 36917
41571 67632
7807 19627
39455 64087
2637 27970
30875 74861
22878 89428
1823 6459
71307 71750
69115 83059
36750 53325
16559 67228
46656 83335
7992 83535
9447 16691
81885 84479
35854 67549
47260 56202
40460 89332
87401 92169
23818 46633
25571 71259
2069 20424
58536 73996
41798 53736
36434 92100
24792 67869
39717 77508
26240 87272
2869 91677
70266 92424
87280 87505
41112 90586
21788 73440
29813 36121
29685 45002
51944 53424
16704 49807
12496 53444
41437 66387
24242 90857
38158 59357
74571 91962
14753 43939
19985 37888
28850 37272
39328 85380
74384 89728
11898 13154
89588 90431
20750 81311
11327 24864
34288 75367
39375 89658
42153 51840
23103 80080
35657 47607
18382 51451
5253 59579
32374 65864
11399 62154
54623 78744
54948 59093
3014 39754
41485 86825
31844 46385
30230 62320
34353 42090
11914 50679
11737 66520
61793 83231
14467 80303
22556 73153
48302 60089
60039 74039
14166 28567
8562 31767
13922 84908
9252 92033
48387 48791
38166 80978
14973 79501
26119 40002
7495 50101
52750 79103
55359 59277
86902 88362
10777 62662
29874 88408
47574 55549
26261 26441
55015 79428
1480 86541
1666 21937
16288 58887
17134 61128
3905 59936
12543 47759
32884 48048
28220 55819
64478 87720
12801 64034
18463 55007
41770 51310
25155 35332
40753 54989
9719 20414
76228 88596
5378 86380
15711 73055
66160 77817
11401 84299
25918 26134
47141 61598
3828 50462
77694 90841
9332 85703
225 67702
9174 57196
28252 40921
36874 88069
68187 78761
30020 43402
14884 35219
45430 58868
58349 79799
72792 73254
39602 86418
22421 50869
36901 80347
53710 74121
54524 66463
12879 38375
6798 13213
18519 64320
15085 66103
5922 65303
10550 49893
61324 82469
27816 43666
5058 12901
79926 81263
2136 5741
37999 70354
60241 81355
70049 75665
4929 10501
37351 50301
27927 67566
15992 79512
24843 67350
63084 81642
23719 49129
185 41543
32525 59715
29796 68226
54924 79049
46361 77646
42862 43737
19715 48328
16009 88454
9471 45762
19592 80822
25131 63643
27242 55138
4800 65888
40165 61911
40505 48843
3114 28049
35481 81677
62549 69279
67147 92296
23663 78310
23809 86516
70199 84778
47537 50697
38896 62378
56046 89161
12465 92025
35307 53379
24384 77171
23310 44210
2906 23390
38349 64012
47436 76300
42798 47361
8214 79197
18572 32342
20960 89793
54170 63974
31958 73938
72213 78616
19241 85201
14423 62497
68441 82541
5677 44153
15359 57397
41687 66383
55722 84289
9224 82432
62468 80379
38217 66093
29926 51915
53562 53722
76800 89897
14431 50305
12867 13380
4734 12849
43989 81835
4832 27350
7783 73200
5744 49311
5975 46828
39856 90955
22165 28390
48774 73898
35019 92161
37480 45172
25166 61427
66293 80984
68356 84452
66477 84876
11555 57547
72517 84554
35590 64244
40489 51284
29639 45732
37210 56748
14550 68750
85541 87813
33661 40042
15403 32994
17061 65836
1622 4619
32827 68666
14117 46576
24100 41618
23959 92043
17059 61216
5708 73929
17228 41906
4574 69725
32261 50112
8325 26279
64634 91021
39460 70529
43595 58975
22259 61770
53659 79733
18594 87030
18654 87951
43606 64982
22667 37332
19568 42275
38985 42404
981 47133
13442 57083
33846 64903
56198 67788
1946 86966
40236 47944
9178 46312
77632 89807
5006 70590
9882 24356
13134 57053
33262 84829
44510 45046
29808 52405
43321 82288
10008 47421
72477 86908
27957 40546
6438 22131
31015 43070
46914 89332
29896 50336
4871 65306
16781 88678
70917 86418
30640 68906
7530 67949
22979 34676
72747 77605
25405 45276
66665 68071
16412 42678
462 30037
53440 87798
12503 67335
23573 70361
35895 81237
9079 53990
5854 42127
20256 32640
54987 58025
41115 80997
21046 37385
4648 8109
62002 70973
33622 86859
12404 18689
13045 83942
5492 22055
1705 26078
41042 84023
9499 39377
7344 75036
38481 63448
14430 56428
28879 73414
8709 36779
28878 33714
49026 91738
75706 88593
62438 62500
58869 88238
27398 53653
30141 59614
42885 76405
24430 70081
16526 37068
24764 63719
25530 49300
70108 75024
12757 72870
9324 51274
2772 75847
54706 83409
28541 38828
64692 71803
15488 29532
34141 37261
69410 87882
16757 26416
14822 71380
76458 80336
4387 18881
40793 80926
10488 12324
34601 76744
51935 55456
21925 43539
21265 24265
51799 68586
43312 49530
29640 68248
70666 83884
10963 89467
22901 50034
10218 34212
70709 89941
8085 26693
12230 43938
79084 80120
32424 86632
43280 54742
31062 91172
44852 89152
4784 47048
63376 71441
9699 72353
28502 91492
7957 14661
2630 40369
26468 33962
11799 19302
11888 14396
9686 39639
42599 66174
42144 51243
11632 90193
32586 39768
60481 72603
45083 80188
42255 67585
37530 46502
12196 52396
9812 74148
1326 58156
69898 77821
8675 78558
8019 84636
71523 83245
29271 84790
15274 53952
44838 75868
24200 85578
12889 38262
21411 65401
3902 36473
27565 56968
28982 57502
32382 33082
10717 15156
69302 75867
37468 59743
34349 55460
3928 73115
24924 73046
54673 89995
21397 46333
57799 62051
13805 88531
29863 80107
25585 83723
19388 52521
55054 63750
46390 48647
57122 71804
33452 61653
7574 50803
9636 85294
6722 73999
62288 70313
20082 91806
73238 88594
16417 69274
78208 78211
210 90278
50237 65272
2697 3179
69009 85926
37976 86792
25941 82814
7859 28639
58371 76571
52580 62482
27459 31398
30733 70726
29630 78708
21996 88295
16692 68561
30860 62926
31183 89540
10669 71791
44689 83691
12486 69465
19862 81058
69120 83094
69567 85690
27561 67997
8310 81758
27112 28565
81796 84595
37060 51718
42030 63675
8922 32476
23403 82852
6203 73988
8539 39697
45925 71454
67425 69573
33591 62619
46223 57867
52187 81170
22050 90096
37664 69046
18754 41051
33525 43835
11002 89349
16455 56843
22147 43583
50441 91980
16126 63991
13177 58022
12539 65632
24781 55525
35316 50595
47800 65746
42583 84938
80797 89732
1208 75478
1010 11435
28150 51488
30055 60348
73387 92026
36051 56491
4158 32550
9491 15810
26722 89183
33257 81876
77781 82195
26688 43189
23387 90195
20334 91871
24273 56090
59977 90143
27673 91560
4277 54579
2634 85465
47624 70620
25603 75055
17225 58109
39277 92285
16750 48352
20386 30812
20769 52701
24457 87742
79739 81740
60995 84150
57700 60644
3986 31117
7903 24612
29838 89844
29285 42430
3473 68547
13696 46325
65625 73701
44114 57103
28256 33601
236 38690
20076 77302
63852 64730
26131 86987
27948 69945
48976 76799
3349 45872
17692 50537
69487 90017
20183 23557
5837 80700
15628 46730
30169 78829
3825 20699
5097 53317
33695 80730
32703 52912
1119 41668
9236 63133
77920 86882
27417 68612
71651 77855
38713 47690
20812 85764
36444 37235
37023 75425
7717 27738
83191 90839
31881 55913
29629 63921
48991 88478
3485 27699
4223 67955
27706 86371
28461 71886
39781 82628
7077 45580
82327 86930
21958 77808
14282 55879
38936 48674
23299 47696
88430 92610
26636 35500
25711 48179
51647 61670
38981 77906
59837 69952
13881 41536
20036 56843
56135 69908
31888 65511
45383 69490
5572 32394
18799 28477
4141 16323
9893 32249
11021 51229
20037 85638
19981 62623
38300 67206
23544 64618
80274 83501
1620 23279
58898 76445
26345 80116
49113 83926
10834 85097
51411 76798
77693 80187
33990 70363
16964 29616
15344 88206
42792 47922
8466 48314
7799 69841
8580 60457
55902 70079
13089 17590
73294 90080
13698 39120
75316 86445
62594 82660
46580 78560
58521 86526
1005 17705
27600 78701
19830 90025
81023 82276
59241 66356
30342 66955
39458 42903
72320 90001
31045 78252
53054 84247
13385 21861
40811 79580
2256 42524
88702 89425
9297 86872
58646 89533
37144 43353
40730 58329
61173 89835
14517 14589
319 44134
9114 69978
65659 92276
7131 74848
37468 85092
5196 48057
38690 40205
29698 82210
15748 79221
22838 45236
40224 67369
39699 69602
20340 69930
46338 88154
14705 32391
10124 65543
15166 85510
41460 70795
9262 31707
8879 88110
75867 88243
7795 46098
31422 66800
20950 43778
45125 47658
4805 60806
46365 91062
39217 76580
37632 85752
12221 48356
25287 53795
33339 71587
26989 85406
24006 47087
71348 80023
39121 52425
20533 44322
37030 85333
5308 80871
52071 54943
9349 47217
3752 77559
77635 92087
4993 80690
41731 44709
29780 75847
133 3514
37206 82827
11536 40621
5600 58600
3498 13883
2526 79829
18230 52995
55619 74681
13740 31605
27721 82512
8951 57563
29261 56741
74323 82396
37768 88501
42510 78885
10498 56381
17090 82144
83144 92074
24521 53978
56165 66241
24795 76248
70292 80717
6988 85462
28933 36291
27943 60527
57579 73047
3717 81342
13453 48136
2932 43397
11244 49973
1362 80274
71267 86143
39443 66873
20117 30559
19448 27162
15131 77282
38866 84030
6507 58554
22622 87793
56155 63212
2860 70067
27229 41696
7472 78542
39452 46955
35560 45760
18349 74103
13641 24466
52821 88819
46170 68560
14811 63603
46512 69583
55746 60413
5714 10481
37318 67750
51647 75283
36197 73150
15821 70873
32559 83481
15582 60811
14039 39088
64064 78077
7826 67770
59315 81062
3093 75529
56507 63041
75468 87811
24200 54761
18129 27714
8776 27842
30629 86876
36847 76433
14216 31139
18685 23410
4750 11108
60558 69458
7144 11648
967 1784
9488 63338
4299 33876
41795 69621
31464 33648
10273 59234
5948 35951
47884 82555
11119 43351
1497 12983
22749 50750
36354 52907
24925 87161
13499 84182
19426 63620
38367 77668
45485 53559
29793 31992
41044 87170
25460 26746
866 19443
6959 24824
44700 92550
65938 83542
26686 52585
16815 42122
33066 84630
42818 91897
5271 48181
62750 81061
6685 42607
85256 87164
8856 40955
60999 74582
17612 44221
53614 82488
25966 76343
24962 72565
70018 75111
2853 13551
60649 89992
32261 87952
77301 92333
88951 91733
7844 26201
68235 89090
70795 84798
44577 75271
71625 74380
61925 73013
27912 57095
19344 76157
63003 90847
44788 82190
50361 85161
22846 86638
9560 87619
25262 67525
28675 52042
21569 82407
39598 53144
65831 72186
5240 24808
51877 91225
27899 69400
3911 83433
80370 81349
13606 61270
40896 87867
19224 48397
4221 8408
61881 63100
25607 51798
33683 66983
26763 56637
24209 78611
28360 88579
65920 72285
31056 86359
24630 53544
6317 76282
3814 24279
3145 56451
45785 76611
52131 78433
11696 54544
4551 60059
39566 50611
53459 58219
57595 85915
1269 54715
57957 69246
74409 87306
52428 83102
2719 48831
21714 75666
12784 92472
24587 77829
9882 91949
10022 16224
47506 87552
9486 86190
6787 88889
46448 65687
12116 90904
65608 66487
16138 24236
34328 68825
50277 79049
14509 78238
53476 69473
62118 89593
46838 68983
23952 60053
24975 73376
13232 66281
9091 53803
53272 53508
64536 71041
38652 75894
39766 54428
31249 85617
30542 56598
58428 79120
18507 81748
26899 42832
36840 56736
56008 57428
24459 66568
30016 58903
47338 52534
5947 48768
26295 90826
1879 50394
28122 70939
39957 61207
1540 23939
12862 79967
4989 64015
51716 79741
49966 61034
6350 14579
29885 59816
29971 76170
8151 59232
59129 83824
30598 38913
66179 86938
28255 47484
48079 51012
2656 52813
30615 48273
39703 49456
25414 87359
22116 89801
67598 68398
84922 85872
14920 80397
5989 51342
16583 67896
5923 52184
49997 71753
17351 18962
13253 79580
28222 84465
7749 79052
19313 21017
10014 19337
24607 60474
11426 11791
14818 32731
42389 58746
21917 29033
24903 83230
74868 86965
21675 84510
14744 34552
36112 80968
24668 89652
19061 37409
4336 22604
22446 31367
3300 68821
20481 55026
350 53338
11002 36613
7069 57663
29459 86108
55258 56195
33073 40573
31960 41668
15500 59080
13609 40063
32677 58331
21149 90628
51183 74772
26613 55764
16644 61790
22640 56224
43273 87870
31169 49077
68964 90112
15358 62509
71102 87013
689 44118
56821 89550
19308 53181
7586 30504
42017 45060
36976 83820
20103 37672
25573 86738
27434 56443
3980 88008
27159 60128
10962 39077
11998 16575
34684 85190
50167 82377
1384 78502
10974 14288
75450 89920
16460 17647
36319 75083
17380 26188
2544 12047
21707 56953
5731 41976
18643 35598
34437 66474
1675 8307
14098 63440
18448 27470
43308 60291
36072 87226
480 65576
34149 48118
19355 54137
50238 88766
18135 87278
30512 65414
11365 29669
101 4818
20569 81552
51643 64139
32388 44502
70249 89984
13868 66290
35307 63993
81464 82392
5575 30606
6240 60209
31651 36698
32371 53440
79726 88089
14754 25448
22693 66021
9420 73077
23070 51206
4255 15669
25240 57839
35940 41119
12772 23815
11181 25008
23386 52487
34243 70902
1633 56674
13939 52002
31141 32244
48846 87236
11049 23910
58202 90783
4084 42111
82801 84083
4470 84035
29190 31392
2277 50315
23511 37896
2085 81418
77434 91804
36087 43154
33835 40485
9122 55088
12270 78888
57241 68685
58504 89045
1831 58735
65195 73231
57386 83617
17279 80335
41735 68511
24818 56564
48792 55739
19943 21495
37522 39538
48652 56328
37469 77946
2159 12515
43813 81766
54651 81211
40707 70801
13815 51876
4297 83218
10814 79208
8033 11562
60555 90949
55428 80009
53098 55684
4644 73136
83800 89771
6216 59633
2495 71433
24026 45127
5891 67641
59380 64701
22752 35312
62439 63336
36616 54194
14899 48518
30154 88943
52709 90251
80774 82862
24128 54275
41021 90734
1349 58586
37411 77776
61176 91759
7403 38404
70446 87011
26257 58406
23922 92031
12535 59078
56304 64559
22727 62689
38312 89125
59831 62934
5273 34052
48126 56915
6294 90284
59606 78837
42010 80645
29135 33890
40548 45849
12978 31219
18677 82648
5892 75850
59415 61613
11903 73469
17102 90030
37569 52254
54962 89600
32020 88537
18330 66671
13788 91940
47652 64432
6248 40195
15640 37670
67406 78957
25092 48345
7884 16773
21484 42631
7422 30273
3756 70222
10947 19697
15117 66947
31938 63765
48046 69157
49510 55962
25556 85998
26535 41427
28837 43238
3021 76339
7707 50690
3290 38059
21192 62352
39069 84365
19720 27650
18500 68474
67657 71730
39764 84966
45169 61299
41047 88127
14817 60397
78347 82891
42238 91291
54916 81452
47834 89799
63771 75160
50289 76328
13232 67699
54501 89420
4657 55119
42561 44891
38353 79917
18385 20894
56544 79678
4218 42634
69638 78814
68257 79849
52207 77296
4011 40304
34472 51697
52690 73788
7374 15468
77790 89952
67229 92577
47934 71755
61316 82990
14362 47219
12504 41485
16009 46626
26326 34379
10807 45678
25572 88758
50761 59500
24425 55491
8030 60831
7256 53179
7914 52766
10763 90607
58660 90091
25949 58320
7697 64376
19731 28569
24842 51341
14960 79443
30155 81415
20808 51110
48267 61257
11617 48791
7959 75484
14274 34695
19886 35455
15277 22181
7184 73624
45938 89980
14905 25984
4542 88361
37719 49581
4124 20171
1209 34330
15326 76336
13304 89205
24888 36997
19663 49942
34606 84228
3728 47061
39639 74257
27764 61271
46883 52990
36365 73752
7958 56015
29713 63197
12724 42229
1125 64157
32938 60280
31576 73246
61643 64255
2235 48571
13529 76104
9304 77649
24500 55816
7393 16405
55479 64962
45082 91968
32763 57778
30869 45528
43015 61096
21068 63138
69197 81830
14550 46658
32288 89045
10793 75658
4598 79105
71972 78017
17452 86058
26340 38041
38921 85056
49687 83604
61104 65638
6387 83851
14889 87281
81926 82377
44600 79493
40031 53935
39074 84933
15869 32579
16498 60507
15258 63655
24928 91527
41041 48276
65232 76107
6159 33655
17396 21030
12477 57654
15753 89505
37224 70745
9968 49195
5827 53766
10152 90247
54767 70446
8310 58956
22285 48908
27482 69207
10289 62004
68835 75918
65286 81253
35375 64097
46553 89392
40126 61739
39821 57092
2925 34181
425 81545
32959 58176
15935 30673
3240 72485
48085 50292
77820 82106
67327 87061
28673 66625
17896 30985
14641 42892
5330 31027
10017 83212
27569 82863
18234 66851
15141 74953
19694 78260
36612 78729
29373 53938
4013 81640
34121 65907
72579 79131
38865 44313
14595 68526
4049 27061
24697 86082
1669 74197
31841 69630
16561 42235
43144 87010
14808 21388
24733 40907
74035 86872
1702 68351
1662 65089
6321 42768
6712 92235
15419 49709
25268 56010
46912 61010
36839 68390
6627 31856
51894 56454
5480 86692
11378 56904
47787 67293
67638 75648
18202 54837
14227 29270
28551 61751
64545 88201
10588 50818
14084 42374
49487 61782
46936 75289
62189 67483
24259 39796
43701 82863
46965 54745
12130 83263
23004 55801
12939 87956
16851 29319
2065 24942
61777 62862
62497 74689
8351 13614
25409 49101
75333 92026
40895 63637
51348 72643
14736 60333
5557 90698
450 48097
57338 65877
3516 78341
19716 25365
29905 83298
31278 43188
3199 71414
31479 61052
61117 90555
31424 55741
9873 91272
20667 71024
47399 63048
9773 28140
9149 80128
46823 78706
42355 90280
78695 88851
75437 87248
23819 49444
30651 75996
11617 50336
12908 67062
22406 55791
65522 68422
54843 70612
7243 49311
29028 29238
41566 66420
11949 77441
1000 24585
15914 34722
20585 56822
5764 73738
2703 43963
5057 85816
22361 53153
30877 39113
4945 11554
62764 63921
83967 91849
16207 68966
8655 12247
74138 86127
21424 50410
1183 85713
3507 50801
47377 60558
53995 55759
9245 15320
68162 85480
27352 66053
70221 79517
72617 73194
36405 51007
58974 79926
15536 19344
67995 83267
16838 26958
33106 89372
2965 35865
17285 37601
38649 47154
31721 36400
38800 46061
19495 91936
52922 59102
10338 75010
19972 78108
65231 89330
3347 9119
16724 59174
49975 50718
19566 79639
9686 34961
12027 49790
5475 62279
77976 88904
52698 55276
39750 63810
23645 26496
6267 33954
2921 85964
13456 36730
20535 68780
30748 38292
36678 46290
11821 46896
70184 72488
4468 62169
22185 30704
28719 45623
20844 27258
66477 89287
69574 87214
71415 75608
30471 89746
24821 66290
19698 73255
15660 41540
3420 39551
2234 31011
4371 79362
26284 26578
802 4076
29517 52075
21825 22727
13638 19418
4519 82939
60014 82112
58503 75674
76114 85176
2781 22913
5166 11542
66043 73436
25814 80324
272 73060
52044 56292
8773 82221
42694 66222
21406 30062
42887 76728
81463 92247
50530 64855
22284 28597
11135 55282
17834 30163
7808 29450
12606 51893
27426 44869
33907 61445
20690 29230
807 49769
11889 16298
17013 85063
19824 23931
37309 66881
27912 47601
71755 88257
68635 69580
53017 87107
13488 16208
29212 41176
20605 75822
14863 80805
31782 86306
13821 30447
61341 68960
32807 53396
39898 67364
15225 72907
60032 82457
77453 92526
61836 69970
54059 58062
400 37179
735 28209
18328 38735
39798 71338
87035 91245
61808 81171
55014 88822
23734 77511
66335 74273
35865 56830
7216 86858
19183 56372
25410 83595
77327 84991
14958 47333
26477 68310
24428 40654
33015 59658
48948 56669
58745 67910
75143 90662
6283 78096
9568 59569
63584 73696
3248 18912
41887 44901
18910 77218
15095 29017
12150 82403
708 33002
21946 25203
76285 80939
24177 77283
57746 87770
1554 22633
3443 27604
8897 91691
10768 37813
47724 63469
33707 36284
63780 74002
72497 82074
39467 45124
50456 60433
67990 80649
67033 87101
57149 82004
26327 31535
12793 54565
68653 73504
14357 66096
6629 51608
46296 92549
27186 59361
11961 88264
28369 91795
18836 46683
34206 51402
36602 75118
1420 56482
667 78200
36673 51977
3078 6052
16010 52519
17783 32625
13609 74701
19665 83040
579 13896
22638 85585
13588 54787
12322 43231
25700 81542
8076 25274
48940 72129
34224 60785
60445 78680
28609 44441
57885 92403
18180 60687
21693 71142
38008 62879
22112 87494
9321 43569
52659 58486
16723 67618
32628 85249
10591 15410
60324 60499
40842 59313
33477 40909
45212 46621
59056 62961
30778 86815
42755 71206
20081 76052
63151 77767
34061 55181
43250 58805
41334 79039
18226 56770
59377 89413
22603 30032
10395 55252
73253 88264
17723 25560
11033 69348
24363 41941
18295 71257
7561 28644
6521 91625
73604 85743
4598 56316
19678 49950
45153 89524
16023 65483
41517 59740
78724 81557
1619 65791
12833 24942
13165 63628
48205 81835
24641 70138
38305 48810
69307 80113
1045 6946
15289 38339
30426 86674
34429 44202
9907 22685
64156 73650
18594 71853
12391 56271
7871 12399
48673 51128
17810 59325
56274 65759
67859 76684
27619 43898
37027 54055
63736 77270
37900 43974
71433 90712
19286 64499
64483 88808
22738 25404
6412 29874
1062 32910
15432 15441
4926 20632
9012 15201
16064 19660
8145 11048
48983 61875
25018 54242
22388 23271
37929 48447
32962 36835
46560 87724
18248 61558
24020 73090
10959 44718
4141 84007
68593 89750
7004 70650
11960 20596
43385 84110
36836 58977
53598 72911
32747 75614
28042 43816
16611 45904
35496 35652
5582 73980
75451 88718
17887 87760
3641 58597
69573 92265
47330 82170
1451 82063
3237 16934
40875 83495
68461 80309
60802 72069
38043 85077
314 84457
19129 89263
15046 37141
2892 20698
6997 83929
37084 74718
36996 87578
25559 38585
56148 88672
45914 76171
31464 64134
53712 77115
9473 75745
12546 83241
14353 89254
47324 49594
391 68876
22494 30399
3201 11614
10645 38209
43364 79346
68527 73638
51825 79900
47886 70247
52175 52207
28389 90797
54184 85787
81851 89012
8680 45078
62042 67680
33007 75021
27050 28429
16454 35678
15200 24183
25089 41464
29192 88275
40033 81842
5574 11444
34455 64159
50439 85582
50822 56574
42099 54899
32431 53131
28492 45783
56977 91266
15532 66550
8822 24072
38869 88566
24060 66787
64077 82260
9488 39753
30960 63428
81663 82797
57170 84366
19570 57947
51623 75981
29981 65682
7641 16947
37312 53696
11645 51863
20636 54453
23927 28092
47674 71010
2173 39833
38297 65172
30102 66858
42809 57350
52651 84420
53574 90706
31711 80130
73428 87651
35085 42510
31852 87088
7914 40940
25075 38804
61308 82684
32781 88720
24241 41369
4912 71767
58117 91227
35437 90105
8440 15148
27650 68200
7985 27468
76208 81027
15337 76478
53684 90207
60481 76632
30876 33956
33143 78077
33499 36930
18550 75304
29844 37467
69799 77726
27632 58178
8831 14642
31285 54906
6877 73128
18078 20073
45462 65315
34914 82712
15651 62727
121 25476
1422 79088
76443 90780
23344 79275
42372 87609
71460 79728
4857 89586
70521 71569
465 30657
37145 74158
36694 40135
5174 77438
31544 85506
23790 62835
6324 39352
24774 56329
878 3705
36761 37011
62054 72389
24770 44282
30900 54777
1336 29268
14477 72179
46185 53754
40851 74564
27967 40869
17403 82507
26230 72893
30898 85821
6476 88556
56987 90947
28758 86473
6148 48183
29741 64038
22685 38772
16821 19194
48141 58354
13552 77968
8564 43031
45098 45299
4298 48192
14040 41230
44142 51783
6191 69009
3814 7429
71250 83668
2628 90177
18766 46846
18390 48478
2244 14898
2714 53753
15896 85888
3753 71260
60649 67231
7882 30087
28100 59497
38500 70467
4355 69915
238 58271
11743 14446
9131 59486
76108 85433
11659 71394
8172 78875
7845 71539
38293 85311
30846 61098
10489 83148
31473 87867
56968 84487
78768 89042
18465 69264
29244 71671
42236 81633
19916 81337
48550 59927
56780 77146
9987 26895
46179 69595
5504 36867
14209 42030
24510 70404
17894 37820
8879 76301
41863 53346
14357 24963
20183 67205
33959 87670
4914 12294
30532 56000
54396 61344
56648 77718
30123 71049
13843 26777
13312 86397
78072 90883
21942 52540
56291 81654
16979 61149
21306 84006
46846 74386
30467 38665
66846 84507
25550 33455
19689 39094
9185 48614
79176 82389
14429 79423
20089 54547
27071 79884
72399 89537
63062 84768
15825 60295
8124 52775
10084 13086
37306 53728
22973 56378
73069 90514
15634 18539
46300 67139
20947 90118
50578 67416
20523 43533
37084 58486
59113 70300
71043 80233
54092 64715
11787 87243
62456 76905
56753 81569
20127 83131
12475 27670
19518 28544
22119 86310
836 87614
2756 47966
29763 34858
1944 6860
53173 83793
9730 16766
5771 54941
7454 33690
41632 51221
62089 77553
52479 75061
53303 65581
16753 25762
2908 49699
8294 15474
7099 59221
18640 49094
76574 89688
2068 57578
39138 74343
6149 12878
12091 71704
4457 36052
2043 76473
60882 71036
59699 85986
25811 76828
73343 84047
812 42946
15346 43743
23442 46051
12553 69559
13376 84313
1296 11779
49410 81433
32575 62454
57450 84477
5872 54350
34094 77690
19256 50655
26322 46316
59643 80137
26015 42475
50868 64244
50633 68805
44374 89801
3016 8711
60670 74479
8603 22598
54687 76079
21196 34852
87877 91126
23774 52976
77166 79379
79383 81606
67981 79283
3678 63581
34581 48745
69535 84307
22218 22893
34567 46188
25871 82913
8036 34175
1828 57601
2487 38220
46921 90651
13153 41382
30939 53327
42024 54278
3920 17175
10931 27135
14001 14641
52251 53735
38844 61817
75873 80998
3201 72970
19659 92585
31508 60895
56667 90843
24611 44899
17660 77158
12143 25193
43629 91186
24800 85862
13642 31457
80039 90988
13092 57262
54749 78542
43969 74511
22309 52332
30416 40607
16418 42443
42158 62059
34010 43299
24235 74903
84775 90536
48426 73509
17895 40401
17980 30506
39880 87079
38357 50715
74243 88901
42056 48395
11597 12228
9886 82881
9454 69962
73299 92000
28773 72664
24322 25969
49301 79426
43362 63704
5446 89423
17197 48950
14151 52291
29677 39895
63787 66203
11632 70059
2307 20252
45118 92095
18959 89019
20392 80490
52870 71419
34511 54209
18929 77319
23692 73229
4714 86420
32107 75620
36584 45762
25591 82539
1456 47540
11296 53371
26302 29436
10888 84456
6195 6743
5157 71201
25169 54816
30503 47961
55269 68381
34225 86855
27949 51267
14264 41947
28681 71743
85319 88384
50223 56737
20761 63999
29904 42239
76062 90692
56350 63413
7098 19917
32190 50653
53168 67380
13530 20183
48371 50732
28226 75790
29649 80025
31300 52677
28044 63809
6077 76560
42236 83265
60176 89838
62892 67996
35458 68050
47830 89936
47108 87728
15393 40285
20554 47178
44462 50862
11343 22894
36131 52134
42947 87108
60639 82327
44648 78595
49775 88913
6192 80071
48316 77074
11642 85756
70836 72990
19301 69513
26929 80704
65532 80404
288 80983
48678 88902
38358 88055
85828 92290
47036 63351
8018 65955
5308 74653
4559 14716
60596 61725
14453 73964
35505 66641
19663 68115
6002 25956
18667 57058
12899 38729
3390 41621
18981 87925
22004 74415
23463 72684
23076 37151
11394 84985
68597 87825
23573 71881
49127 82982
11163 72126
81304 91787
34475 60560
36779 83426
6670 45213
6467 87285
52883 66781
12576 38807
82170 91223
13264 88917
17036 64206
50907 84471
25644 73906
21705 26049
53373 68007
66190 82365
2798 18785
2171 24249
5874 31145
10401 46761
56658 86609
6018 60511
56243 67459
40009 71808
18550 47042
9698 78051
51947 82015
15187 26864
9312 61614
39938 75708
64821 72546
63851 78912
60106 78573
11463 79935
6611 20654
27152 66488
20983 45368
4239 46965
9262 88826
5886 47149
17885 63651
31315 80368
2466 81561
32863 53842
4486 76373
32077 86986
48647 84457
8145 33533
17450 76872
10204 35549
37644 69053
19257 63544
61468 67922
38478 65711
1643 20796
4865 45972
10650 81797
22854 71938
6288 89815
4456 39934
28573 43862
68410 69267
47578 69408
13570 74390
330 55812
43780 84728
14370 63115
81607 90705
15008 42213
46540 49983
17234 45668
7171 42621
799 6000
72331 91341
30062 32135
4045 88369
28824 29592
7385 87367
75134 88425
17501 50892
906 50783
48269 72526
73507 88060
3200 18206
24707 76267
14028 43971
12816 28230
78902 87817
34651 71730
18161 28341
59789 63518
64427 68981
10621 20502
40509 83852
6646 73648
63357 71997
7516 14729
8039 25222
66434 83791
31765 88989
18148 86950
50400 79985
1189 7303
10639 41054
10831 49359
6408 87435
23164 90152
31636 77411
13020 38732
4827 44830
9957 17795
64193 64414
1360 85638
78449 86388
36242 88235
50439 64524
30653 44215
3073 14649
53671 85894
13369 80571
14365 64471
12135 43735
55492 61943
28274 44474
8175 16828
19372 59366
27428 53228
35542 36987
9210 88286
24429 66451
22012 48929
47182 55728
31001 88833
16788 39030
19256 82542
27647 83716
56529 59726
12522 88150
5290 81549
49249 77417
29638 40135
13590 80796
17253 30793
42720 61648
22246 89240
19191 20680
24653 64903
23900 30283
12039 22125
1603 90924
25706 81453
40837 70004
83943 87582
3590 59400
26522 37396
50058 52208
19416 30713
18208 19358
13426 25886
33214 73607
5036 22528
18638 87548
2797 38911
48767 85391
7458 92510
52188 69220
69625 76661
64570 77123
73556 80825
23632 32937
70 44641
15462 73219
60428 78756
28719 49825
37429 57729
16428 33148
50763 73469
20873 68521
15517 87887
112 50285
48824 59502
7446 43215
3583 36589
25659 57293
10364 43837
32756 36397
17309 79208
45075 64870
68423 90279
63313 63526
12307 35180
17737 90592
3902 72388
45013 68471
18049 20819
5727 70970
17437 31119
38663 43142
2897 18972
74452 75043
36722 48372
751 46195
29810 66450
32469 83966
69290 81278
28850 67266
10771 49696
18638 63322
32000 89873
75574 88928
79569 85691
697 6439
19569 81892
4017 81910
78489 80185
15626 51470
10692 16038
40765 80604
55663 65285
31019 68172
17492 85615
35310 90069
62969 86699
7419 44059
84542 85181
27571 62295
17739 61547
72775 78353
35807 40409
68574 72757
59870 90432
20152 55334
30757 75042
14868 79723
22625 37062
80638 87151
10107 80039
43307 77687
33863 58343
42257 76455
71979 85973
60249 63455
79933 88613
250 67826
792 1321
21489 73769
11363 60173
21121 52480
44648 73271
41228 75825
30429 37708
55482 64167
2097 46130
30852 32571
57746 64610
37140 84653
10681 83318
12524 19676
48468 79696
43125 84456
6829 67304
39833 57519
2996 59241
33256 90908
18466 48977
13322 44013
40611 79145
45928 72251
52622 68488
50337 77726
58133 70838
13475 35841
984 55328
85002 92042
2805 34415
51661 72449
37422 81654
11679 21375
2085 92123
54139 68108
42224 44243
69058 79551
37729 70966
17946 87293
80320 90584
51368 73075
6357 43594
73626 76824
11157 15056
30878 73878
50977 64992
26876 48704
401 83584
7612 52968
2370 32128
7479 78913
4206 47469
45611 72750
62875 86188
15765 18252
2167 17555
54981 73052
47050 62253
47746 60849
21045 67560
12990 82457
68918 88052
31201 89198
36263 39057
11767 48226
36058 66845
9710 41705
5377 49330
61991 83280
7144 46062
11333 59217
24579 71247
5612 31691
49331 87834
66720 83542
18736 34220
14899 62657
2107 64712
24444 34237
18484 27644
33100 55934
5383 85425
54636 57751
16603 61622
21892 72461
14722 87368
3512 28170
48044 66860
71254 79524
9157 76646
22252 48251
45823 50549
76820 85649
4611 52966
69754 75356
8192 31041
39611 87133
9473 28206
16060 31541
13828 16646
6085 57777
36052 42587
21603 37773
28136 39279
76139 88258
9649 17589
35124 45655
10867 16029
34260 78621
71278 88704
34604 92609
10719 14327
367 42367
80912 83754
796 2683
20368 91494
15455 48244
30425 36387
34973 81255
13847 89062
7752 21693
43511 87911
17221 90020
28634 69295
41274 65244
13181 42477
49909 61653
47241 55260
14803 32036
10227 61169
19969 92490
32312 37371
5322 46139
68094 88230
45010 81951
28978 47340
58469 62315
28229 88651
4644 33385
36789 47401
24256 59629
34827 43429
13376 80327
10517 60686
9232 59179
23295 72058
39834 57329
55121 62172
78975 91270
15356 21219
29858 76981
2827 3849
26582 28574
22141 67880
49353 85452
40260 75955
423 5948
40514 75603
31250 46079
32866 68231
30441 81139
14983 33010
16049 18212
24722 26289
18881 49841
32841 81694
6782 49880
22215 35314
16139 50841
40768 55134
2738 17593
29134 58826
26918 79978
22713 73537
15911 90520
41751 48769
52354 65425
18090 79553
56377 66713
8267 42316
18180 58292
71564 91840
69090 86682
3336 54668
42567 89455
8289 18643
15853 41672
3565 66920
40796 81373
48561 82676
61423 66370
44825 46672
1563 28551
51490 91172
78958 87971
23901 71675
8780 19153
19453 59987
20072 26543
3444 82566
8040 54700
62298 74177
63956 72414
20043 87367
26425 63497
59027 65160
5632 35178
19469 83154
14496 57642
30307 42267
6885 70603
54343 86358
18221 60911
11313 22385
74434 81563
55396 83102
26127 49123
37448 84840
59818 92603
69810 81140
32649 88751
36809 43718
54395 58300
71021 91547
51849 90560
46283 75294
86297 87361
43301 46075
7600 91570
3898 20893
42779 63643
47905 88557
21533 62837
71367 88359
21628 81021
11005 25475
61209 77898
16579 37871
20364 82031
19205 83105
28348 30881
27507 44386
51497 52840
10457 82689
49104 58085
36013 76937
18012 61229
11319 74462
17592 59771
17865 42447
78359 89244
39704 54334
54393 85155
74676 89346
20501 88626
63641 80645
19339 51751
8170 70795
8471 85997
30419 55180
12944 31439
34360 71351
3766 10084
29963 64882
41170 89105
13667 24288
21179 61028
12514 88582
1216 58010
45069 62583
41598 45694
13399 59981
18078 40293
71789 86774
19525 31653
41661 79531
54830 70970
19282 32596
4664 74462
52562 68119
41466 92570
31088 58482
21621 31036
56936 63048
743 81290
14543 39036
61659 84700
14921 45636
49855 70675
86207 88670
2794 58555
15675 31305
22340 68311
40479 55895
18379 24255
14198 43938
18449 65556
76095 82206
1367 38787
3083 21696
8452 85941
12703 85270
61291 72235
48840 90057
36473 59367
21623 30619
23699 57079
4838 87587
33239 82334
3088 33805
25167 75855
40865 52523
1244 14564
30 89668
78935 83783
25357 49599
19303 22412
15305 37122
72417 79145
51657 80108
36008 91510
75583 88878
7286 40709
12358 29877
513 68083
33371 60647
55066 63662
67778 68649
17840 22385
53113 82883
3189 20337
47642 73896
80762 80928
20662 32781
14533 88292
36921 48200
15689 52183
6548 58159
42816 50021
44151 63221
50420 79351
78220 91015
16549 18240
34841 39462
74749 80221
13332 17790
56139 88582
10511 27594
3232 34402
17608 60117
71030 89773
24573 68074
36678 86694
28973 36504
15632 86311
11081 37883
74019 79991
1394 28887
66028 70116
18253 43811
3494 53655
19772 73359
2174 46326
11469 68456
65037 71535
37964 67076
13297 41401
1290 34956
54365 63296
39234 77200
2457 83101
44818 89894
64203 68636
20864 64406
3302 36092
17328 66200
33838 90565
72142 82385
5813 91665
65133 68710
15923 73638
12033 69984
19795 62565
14760 81063
24615 48686
26734 56935
40474 82563
56105 69045
41213 45600
40935 56163
67883 75416
1285 55577
2834 23134
7780 21869
29353 57123
21896 22676
48562 62273
65993 91245
9632 80797
9103 32532
27969 53004
9389 75567
55613 56814
54496 55800
31605 52752
75519 82611
24618 42583
2516 89704
56081 67840
44102 66563
47797 76677
43636 78947
31263 35990
6069 19788
35924 42929
19204 90937
26846 86164
36238 74823
646 46481
60298 83165
19340 61493
3477 73935
9635 61450
20809 69731
27458 66962
710 65397
26533 58265
31703 69239
3920 74063
28774 59696
21005 88196
29608 41195
16504 24321
644 6479
45596 67358
21873 61438
5392 88220
17385 29146
8145 54301
57442 74430
65202 68442
11144 33335
78886 88919
52306 83754
57540 64490
15288 53439
35271 62047
17979 64148
7051 45940
17447 81115
23254 34640
13339 30397
15375 51030
54501 55962
38309 40287
84792 91247
31037 79974
39686 47826
65795 66366
1523 87755
15254 72143
22148 80423
4199 13333
1390 59970
14338 72565
47931 88982
56154 83586
3948 11622
76754 88143
47368 76276
6664 86950
12582 53619
75198 89846
33744 78111
7260 20385
10759 85071
72905 90073
47881 62053
50091 91735
42830 87212
35296 58235
2963 69140
70314 79802
49468 52015
21750 23877
33102 40848
9385 12376
6153 82551
18754 74595
2085 31212
21084 50260
11113 36728
34896 88451
54356 86112
34856 85298
30765 45033
33250 82710
4405 45989
43528 51273
52349 60026
57946 77896
8138 22608
80119 90821
17958 89333
49496 70739
58471 79121
17118 17122
58853 81684
27585 77910
1494 57576
76961 89669
35683 68097
10945 63774
11534 79978
47501 80768
11611 36386
20279 65504
38741 91903
22332 44411
35588 60928
77084 84400
22864 82075
24356 81915
6061 56948
25342 59372
21435 74499
47740 83188
2548 12585
74842 84339
35457 59278
9985 28225
16206 85415
50203 66970
53718 70942
23189 50946
20539 74881
85448 92516
13553 83174
49103 72382
10420 23009
18242 29549
5537 56282
41141 90808
50162 90913
20007 53748
76850 78665
7454 20821
53446 88057
59779 69509
952 75995
22942 78656
39644 88170
32051 44436
51832 66123
64060 75681
22728 58681
20060 45879
42481 43731
60307 91887
64219 90855
2868 52156
47654 89383
17165 73914
18371 82863
18454 78891
25354 44743
19198 43883
4905 71453
51759 76203
48895 56732
16055 70370
76836 90790
30689 74931
42013 86445
10660 56296
76715 86958
21004 34879
39669 42913
38417 43520
31261 74909
4866 57146
58417 72670
45578 61497
48421 87334
24956 42639
28153 81910
75630 75765
64374 85893
56561 69410
39875 75455
25611 38169
29929 68806
59033 91651
43981 44196
16082 75715
1979 7880
13726 88109
25225 57542
6884 43439
6425 57115
27695 47665
13895 16137
36294 68600
12498 42545
51366 59225
15260 67034
3345 25268
29938 34174
9001 90792
59537 85755
12466 64593
5046 15759
8639 11787
60060 69388
17036 17362
13155 31077
41557 90772
90040 90817
55272 56236
39980 67442
52322 91566
20369 27341
12232 80762
1685 12710
32472 72660
66391 70550
25083 33866
27002 73793
13360 56061
799 1621
57180 74720
85400 89875
7383 72693
13548 43940
65536 88783
57752 69825
47471 82164
24111 42467
8757 46769
26960 33499
14179 69994
51037 78271
23165 74794
32994 54094
15811 17234
16378 58580
50182 91187
6463 36492
18725 67857
10968 84184
36005 80308
34479 43295
14710 48865
3362 11037
20076 48732
33671 77654
8487 28550
22885 29474
26660 60332
30850 53852
29503 79631
32691 39799
10537 23847
7351 27676
46733 63289
53298 57192
6430 19344
16681 89374
24600 70568
19268 45890
31861 70303
77767 86023
53854 54638
29851 43747
26971 54851
39 62576
67144 71166
25883 26946
59131 92180
2176 46273
44788 91359
47670 56993
21988 90852
50141 53791
21817 70656
7119 57775
62848 89900
3952 11857
16598 74208
33794 60077
4140 33794
6352 90310
66219 90798
18559 89458
1718 78008
12251 72471
50403 52584
27424 81200
67153 85472
3848 72964
19019 50673
8262 59629
55170 74235
8586 77634
12410 56043
22481 48343
36858 92254
47543 69340
13154 49467
38382 76412
62442 91628
59815 69620
17798 53976
52848 86508
47788 88781
37572 88180
8358 63071
43889 58974
60008 88383
76686 91915
65458 72124
56976 66744
25796 33869
21264 40447
52535 74193
79249 83714
33505 83718
53165 53656
57596 79649
74841 90335
50896 71748
35526 69745
50734 75957
33562 37513
22682 72945
24866 69861
59406 79110
72352 75381
8152 30089
66306 78365
10219 39797
32566 67085
25917 74801
7018 59184
11264 88779
5376 68023
48049 76465
53694 92420
33628 83458
4473 12107
2021 50312
18187 44085
53004 67529
57734 85392
42959 57213
29968 74911
34535 74957
54883 89644
35399 36293
21301 67131
47825 72030
16942 19111
16462 77557
72116 75093
6772 17275
27396 36297
2068 77128
50459 91706
45515 49147
301 45134
9761 54340
14621 26354
73019 84418
32724 81066
6542 16280
6061 20971
35887 52124
23811 57988
9585 45863
12196 88508
31386 91062
6938 92064
6598 78870
21500 76044
12691 56958
31378 43578
46734 52957
63932 78578
7793 38344
34206 78482
26825 39204
56557 76395
60542 81602
78773 84636
873 24683
22602 34183
57432 67803
6440 68151
24179 36978
73535 85412
33292 67117
2834 4154
57545 75077
11826 52485
32159 72515
43496 89453
2418 84732
55709 65890
27644 47865
39222 86665
7666 39446
15945 18448
22070 72906
44097 61474
18087 31749
8884 19481
54670 64388
55036 89051
34386 80028
86613 91553
47058 48773
769 13659
39317 64578
20664 82141
28076 36445
29556 66520
23113 54786
36781 85430
45814 52417
16316 89743
15302 86681
29174 91163
42749 84866
41030 65596
50519 56331
38309 80509
72296 82579
6519 12236
54851 79378
12383 12684
13086 79792
57730 75896
27697 83322
14963 72997
14874 43714
58533 80791
15468 25645
34700 70296
39361 52709
3319 67880
38114 58118
28667 34799
57760 63660
29935 53049
32122 84706
10254 91063
74543 77460
1468 50969
31546 79668
58230 76206
75060 89597
55870 68474
22563 62651
16741 65180
28687 40894
67882 79006
1386 79436
4885 17180
3515 57678
10189 41780
5189 60669
37237 89981
31838 42367
33503 62844
43627 84676
37631 80960
47683 71252
64999 87561
21425 55085
24021 56987
56498 83319
7783 11019
1832 12920
46358 55541
20248 78701
46405 67908
33734 70598
1208 5197
18309 82749
63784 78412
46803 74934
33898 38986
10140 62374
25457 58751
5159 30983
56065 72207
37145 40729
27134 51252
28299 28479
60145 90161
55058 72957
34166 91381
12991 66844
73801 74398
41808 60904
30739 42536
50072 56422
53234 59269
17026 60824
983 23323
65135 89898
8614 74782
20390 78792
43888 91835
70756 85128
26433 92082
7947 79506
2686 73618
33068 60085
53182 92424
9379 63206
32085 81888
33023 64840
15420 82906
17770 59863
26977 54649
48393 62487
38674 49128
86367 89997
6655 32358
54106 65741
35191 83044
30490 73584
60137 69864
43637 79651
45998 52627
80885 91298
23602 79812
3030 16610
15898 89309
18879 53032
926 73395
12029 65957
40085 56804
22597 56012
2407 14010
19616 32234
40304 53835
24575 76318
1666 85796
30813 61808
13262 16316
40472 89755
86860 92576
61111 84448
78010 79213
55572 83398
25324 44994
3924 54482
19451 72853
70478 87892
2315 77390
36537 54412
8607 92289
40262 58981
29052 68841
31225 55591
9967 52598
9149 44484
74995 87830
43768 77428
52675 61058
75653 83996
36009 89564
23328 27907
27291 72197
9086 30668
9308 73402
37225 52874
50703 67880
68168 69131
51875 88540
48700 65728
60437 71338
1921 43824
32581 50438
25017 76169
3396 63277
9978 56636
18720 32809
13358 65421
36943 81524
18333 26570
44199 61064
41344 84430
35500 42102
5183 34579
72455 86430
20570 57696
22968 65467
5121 66029
67896 81530
49838 85465
83422 92345
28249 68845
3889 74423
31402 42160
19624 90982
30473 70401
24109 77862
1912 34899
22886 57612
30558 84291
47647 65582
24520 24931
9058 60171
29978 70389
39405 61194
3372 44339
41567 90676
2580 66625
45585 84522
56841 68467
20975 33426
4837 8655
12066 17853
4904 89042
29512 50271
32144 51437
27453 84922
3607 35618
23923 40471
41667 59229
23746 57425
1645 14498
31257 40958
72965 90879
19572 63857
3746 86470
33678 38158
14742 38416
27831 85208
1947 63255
32467 74935
30631 34095
9137 45222
46288 74141
15199 19208
27086 67309
73114 75501
58903 91538
39130 40314
5201 90310
20762 71157
35022 69334
9031 13582
35557 78971
11444 54315
7826 50458
39992 60831
7813 82315
4400 72465
2109 14945
27861 44646
9202 67446
38838 52027
1722 39161
61204 65681
76617 88714
17335 92580
41797 71260
30581 38653
73825 76754
1693 29298
26968 36053
49427 84936
18687 29267
38011 45692
44080 79961
41506 89092
2172 47968
40912 42514
25157 32885
22420 44502
25374 46284
18254 64914
6913 53060
5496 17172
46055 57319
7341 54501
67099 87283
9748 23898
36676 52107
29950 39982
16190 77499
50027 79677
42311 60614
32762 66306
1045 19307
4165 42820
10746 87538
65104 66407
36606 69414
43853 49005
2011 39271
72685 88520
74057 83777
58173 84605
42938 92582
30585 75952
30294 72060
40399 60695
10534 14354
4414 41806
25854 78133
61368 85002
16909 19934
84777 90054
5234 73609
31127 89144
898 78126
8151 52105
34976 74917
9860 13664
67393 91848
25993 26622
9321 38107
63661 67872
61858 74300
495 72844
59271 82504
33955 72333
35705 81870
25642 48633
51774 91176
19433 27128
13285 32378
22518 81533
45581 82251
75274 91281
43254 68915
50935 53260
52161 90109
74519 78532
56922 73696
54274 88048
19783 45316
53455 80501
14207 16984
46626 85493
31902 79451
64359 70234
33289 52076
34589 40597
7172 69780
29373 46978
15520 18221
57928 91346
62577 64227
15998 86613
27228 41492
29312 73804
20176 48676
59564 66739
6298 62060
11078 34336
128 86388
4274 68669
26487 63683
14614 74403
19428 50829
24395 78886
20816 75132
39142 91823
28 73875
65883 66169
11853 81055
60409 80015
42885 57562
4580 56760
11934 38446
50547 54764
44808 87892
18611 52982
50525 64576
35768 39557
19764 33706
11540 22702
811 69806
27621 81846
47348 82221
24682 87261
14290 72335
4768 63702
21647 33240
8995 63754
10556 66664
7924 57515
19942 22003
29315 46612
2177 56231
10876 48978
31975 53098
27815 41182
1830 24722
78015 82667
847 47637
16080 54336
3883 65868
31403 48240
45844 81788
74913 91497
63086 87363
67824 72719
32425 38430
26097 91379
37910 80002
52635 57091
14188 88284
10142 29491
432 55302
18964 61723
28302 30950
29178 67304
74703 75433
13458 70960
21495 26735
6513 26261
53693 61730
11146 87215
65842 76345
3921 59520
39623 82093
1001 10482
29192 54618
71625 72533
3932 53015
84607 87527
29875 67151
85934 91668
10366 75001
27990 56633
15530 21188
24235 54395
32116 48349
42337 54198
1037 58109
25223 78485
1010 37183
34061 68497
27364 35158
61578 79512
19711 86337
37931 46210
15483 60388
7128 18737
57192 81853
4831 43442
76731 77910
14386 48816
51648 55418
22687 23558
18409 27191
29583 71100
33038 77927
16117 64058
22336 63398
67059 79961
11653 23033
70385 81641
11031 41708
40723 86271
22378 55174
113 51469
50008 71698
46682 70223
18749 20613
25834 32721
79889 89137
15135 17424
2067 91187
47637 75216
39344 70830
34920 38449
15804 84085
2956 40157
31888 54368
16066 78077
33196 66650
873 16389
34086 70894
3888 32123
30384 50352
51244 58190
24655 84098
87897 90865
21575 74699
6460 69777
2483 5844
7616 13537
16709 60247
6769 61586
20745 63328
86576 86928
31426 71592
39253 62854
22972 63412
72441 77038
9879 19389
19335 68471
29525 53137
31907 75801
55 37367
9054 75903
30884 72769
1173 12258
8314 28358
62406 88601
75339 89160
3054 78822
22795 81763
10254 36481
6116 28085
52557 84411
45220 67649
38613 70008
19543 37042
2396 11072
22645 36276
14475 60020
47618 80791
6838 88603
8573 34215
1664 46685
48023 52340
29854 69706
9638 88366
14467 70327
22953 56012
34257 59459
28115 76879
6534 70475
35049 90727
16377 56544
16444 78268
5844 78052
55048 72527
27377 28918
46985 82588
8883 27998
66704 85605
72542 80170
958 86608
69668 86810
58250 76443
43736 71313
9668 82729
44772 47389
2502 28183
54146 62568
60389 88880
63665 71454
53816 55460
4543 16543
16560 55885
35474 58326
9174 26848
30681 45792
50792 77897
78254 78502
56562 70203
50729 88594
63404 86864
6458 17461
45831 88733
9825 61836
26641 88586
27992 67181
19926 84479
25104 70335
20734 25548
66947 84677
56328 62959
40244 77499
8772 47777
2906 5552
11986 72917
38822 55320
21523 41861
78960 91146
17299 70124
7490 68585
4460 55916
9798 53023
23343 44091
76570 84834
55167 90961
56984 85940
54525 69516
28182 76149
30837 68154
54526 84652
36032 83120
9971 92430
51279 84156
41304 87891
26561 81004
42775 79435
72923 82082
17033 58472
26413 76607
31357 57094
52550 77721
7416 42405
87833 89109
34058 62630
47184 58279
17661 26940
23815 84022
36221 40480
68388 87383
15852 74883
15633 66449
19006 27778
54347 74606
56680 57791
43758 89720
5530 79098
15617 41089
31496 73725
27074 46139
3656 78265
27166 29718
13730 64127
51023 57769
18239 39868
37260 52560
2820 59247
69957 78262
39370 59331
26749 31930
14215 76590
51653 68076
37418 46507
75855 87041
79380 81086
20746 83018
81342 82650
10725 37803
32584 34581
39619 46482
13331 25098
4161 40792
57978 82481
73443 76419
72559 87716
41421 51673
22216 43387
15394 66958
133 88142
34812 67684
84804 86463
31517 64482
59820 76323
7986 75422
14779 89861
38005 80936
61580 70258
27988 39607
64107 83323
16474 51334
46760 50481
72200 91060
22708 65696
27579 91819
43566 45463
41901 89354
20976 79596
66084 78028
54711 58775
20317 76835
35843 63303
20228 71476
59988 82348
44585 74159
16684 81172
53515 55195
76909 87147
20844 56613
26737 83307
4611 88011
33782 57157
18099 69724
25567 37534
5975 14553
720 22713
35294 51958
15572 40863
62296 80660
2372 38879
16173 72423
12043 25201
72486 83795
54441 69369
10009 26089
58018 69606
1125 39713
32802 70118
7402 65388
16610 34451
47280 67967
46612 73006
22449 53911
14583 35280
15298 88564
52148 68571
7131 78035
27607 29550
37135 85138
42539 43487
14817 33705
67193 72000
66374 76735
219 73052
12128 45392
36277 46073
2507 64053
17066 64118
8338 92170
14871 58942
40476 40531
8854 63495
29474 91220
15188 56543
82508 91810
30021 87076
44818 76946
19113 61701
75317 84705
16026 64290
42517 42779
38589 52031
62824 68983
24424 64882
11449 49629
6668 23023
25857 84878
37755 79329
12526 60855
11487 20920
19929 31661
19895 69551
10680 66589
34791 50079
2711 31132
43542 48291
74980 79336
80897 90777
45169 82835
8364 37895
8661 54837
54261 82880
16958 18698
15465 83102
43021 76611
28768 58093
58491 67709
3045 41157
66785 77465
22345 81876
82995 92056
30695 59257
8164 14176
37070 44130
13216 20780
45976 80669
21776 38043
10364 61926
39790 80660
65930 90869
32174 45265
61748 82759
22114 40574
3089 46368
22241 75365
41421 81810
34083 87060
40933 70026
18145 66913
17460 49002
14681 39130
31292 61548
22070 45951
37767 71613
30492 69647
52403 58191
6615 29168
76095 78025
10928 25089
65362 72643
1313 61872
6924 28350
60661 64353
59754 86173
29650 34040
528 57846
60304 74012
21329 68964
7442 47249
7425 12092
75451 79676
61017 69066
61857 74703
9688 61452
22098 90431
9325 77130
11461 58740
67988 77475
59874 68845
26740 65643
2533 34820
22422 63879
9271 51077
3641 75541
75576 77237
8686 45862
1261 91253
19757 59088
29607 83999
24880 43193
2393 85955
17264 49690
52589 65315
18737 59079
23496 66042
9955 21851
38973 88654
16798 92242
22065 63789
14630 28114
69490 91123
51698 72076
740 36075
25290 74143
84013 88949
33619 51678
79676 83018
133 66888
22884 52661
9876 77191
40882 49748
8810 80945
28513 65236
26459 72335
18297 84335
64520 81951
21806 79611
36014 57071
21193 66880
49403 71822
56930 61609
67577 69863
10751 75007
49205 92033
23046 29165
15441 23157
19546 26950
53912 62825
32028 90044
48298 60760
70007 80234
63930 81952
12566 31893
4392 15345
21066 83505
25491 60697
30538 86276
2524 89082
26128 55808
88150 89757
30812 66346
45441 85352
25099 56431
228 85639
22467 51577
275 13965
44021 77622
17115 77562
21762 24975
32918 50972
6616 16561
15895 43751
25054 68474
31914 40687
11803 66778
20446 47717
60192 86999
25087 38985
5162 58568
40933 79016
19595 20005
14792 78648
24187 72799
41866 71772
47998 57064
13509 81381
45152 67605
34569 76145
27446 53505
10584 26510
4247 45477
14945 43127
18036 45458
31792 52563
29273 66858
19404 68806
40119 59581
35931 71676
16734 50369
18814 49446
2752 9791
46864 70194
57493 71791
21005 30810
68718 83837
17089 90258
80470 85928
7108 40853
17730 44805
19202 84563
7723 84395
42086 47202
10884 78230
40857 74957
112 50971
90830 91584
39308 67044
23943 86385
49021 85841
60428 90547
8765 78048
17390 57670
10478 55314
35444 59632
82957 92185
31996 41793
14622 42609
26735 56812
62978 77804
5968 24419
880 52093
23693 50303
46098 63826
36933 57583
41149 66875
45306 54083
10892 11967
48532 89954
71189 91334
53053 56497
91298 92111
66334 73289
78517 86234
12706 43319
25118 78719
12188 69722
3739 40985
11438 56111
44803 77916
19322 72713
62359 65654
37160 83809
61054 82394
10 21629
6521 25261
62128 90398
34293 50242
76597 87103
31655 59537
17093 59723
13719 88759
30812 74294
30579 64047
63662 90480
10669 26405
18239 44486
19877 62022
3864 77916
15707 87155
3160 12614
23258 27306
19426 64470
21282 22855
20939 44558
23000 86932
52310 89428
36783 76145
8869 27308
85124 86992
48511 75473
7916 84462
7094 16282
33510 92216
49949 62251
18784 47877
18588 49240
41571 91217
12659 60236
13269 56834
70457 88596
29861 80954
52136 79533
21221 25899
586 7831
55139 55878
56331 61716
10245 58051
17106 42654
38981 47646
27811 84135
16972 69329
15667 41192
27633 44641
62471 92567
62693 90237
56219 83102
44302 79249
30339 62221
56466 61739
10181 77808
27833 86791
55545 58056
31016 84890
41430 91162
49430 71433
55820 59159
28891 51168
14572 30057
16891 26969
20506 61553
39221 92096
31110 44569
11047 83227
16985 80358
7901 48918
10589 71181
51361 87195
71344 75222
22037 56962
10970 68361
5523 49879
16090 52667
14191 38842
8544 71824
23900 55220
24629 77196
13491 31476
37554 70773
27524 49332
6023 22341
48870 82135
68225 79978
42936 47232
44305 49446
23282 41331
3716 9147
54496 77627
24220 60351
46108 74946
67246 91168
63407 79146
25472 91512
17854 73276
6843 65086
41501 43117
6809 71490
47852 83991
19618 65777
14276 50973
16400 43072
17568 22468
22180 85631
4857 51053
71438 85367
58438 77279
33338 76018
32397 83755
8300 23095
6651 58370
56773 78026
23828 65311
74900 83294
8743 75995
60930 76512
30989 91237
2437 59072
65523 73615
6375 15692
21876 58122
6820 47148
7406 47740
61298 78550
434 9206
18000 20229
7110 30520
22319 37113
1746 8697
41556 87699
30871 75281
6669 62733
19096 77400
36394 42539
70709 75619
40512 65067
26664 86238
7446 38445
7971 89268
33172 55981
38588 48271
14026 85584
13665 34234
8358 71326
15756 42172
14108 43013
7635 55629
25091 81791
20874 42453
34850 37062
41739 60340
4211 45465
19453 78121
3920 75761
4858 66073
16073 38525
47263 61693
21521 55562
39472 40833
14514 16504
42521 70730
71477 79084
18007 20814
49517 68745
5062 47869
8988 20014
47592 77912
2108 82184
33319 64777
20695 20843
11823 23090
39100 70914
17562 91147
42108 89466
60441 62303
22668 66377
29197 40003
11494 75307
17284 49101
9168 64641
9879 71691
45766 90315
14443 43867
21705 68975
31192 66776
60123 60633
20942 71678
7521 9273
65386 67111
26074 27846
51298 51793
37001 55971
59855 77146
34051 46223
1433 23144
62450 88893
31918 41695
68578 87949
58462 72728
50643 57822
42419 64927
2439 75099
39334 67809
27024 58026
64490 66847
63655 90276
54840 79202
12202 27117
78932 91591
40742 85829
13609 14813
28216 42503
758 91716
36858 45295
19164 57041
15458 55435
366 5657
23526 48832
8393 72787
66790 88068
34720 44797
26476 86402
52486 85617
43050 58533
4334 85926
58733 91582
13953 49432
28563 42797
6884 15659
19 11874
5713 17305
1479 73031
11390 60235
47978 66690
1907 41619
5743 85158
38561 75420
20784 30356
4008 87745
28315 76479
7185 42673
3146 74750
19758 84397
5316 47244
73164 83476
8114 10160
16147 74541
29827 66423
80029 80227
33596 35805
15723 66866
11890 65216
32829 77624
13092 17329
12110 70234
9787 29381
42509 91177
54478 79636
32581 79203
9927 63415
11982 75735
66151 69261
79801 81730
11868 16883
15622 85816
16310 87916
12848 59865
22898 84249
10851 74355
5325 25870
6347 88604
1354 39930
76235 76756
21373 78379
37028 89723
52941 80804
31730 32863
29566 32098
18243 67452
55106 80243
6952 52550
31533 68921
36848 67170
63996 82368
6071 73256
55865 79952
1595 41748
50005 80292
1643 91470
3837 67825
16974 81230
50480 55014
13514 17104
11117 77357
12370 91344
7411 56375
20952 81872
8923 81986
64521 88684
6241 15100
25372 66525
25996 79567
46480 54885
1582 18495
46275 61181
31444 40356
20174 55147
10359 37384
45135 87565
41661 69803
16387 83255
9617 57761
35586 62632
17627 43969
71033 73616
37696 40986
31413 38220
71201 79501
32857 35988
66466 81710
29654 92341
19523 42309
5367 51031
76526 85547
2640 35701
10084 61900
38635 63824
21187 63388
82105 82311
47487 72678
1335 68713
25313 39299
43269 43970
25880 58502
76267 79284
19389 62205
65702 86305
43677 67720
120 82788
17470 17829
18570 46487
23496 65721
11874 51697
36382 91013
25264 62624
16069 31098
64063 74497
16824 69009
57065 69262
3574 83007
26960 50112
39701 82407
23545 30675
19438 36045
12210 44807
8160 68736
37739 48129
33152 81312
21955 48126
66969 91239
27666 52990
3295 76286
54059 64784
30438 90994
11250 23208
32822 34321
36025 85155
37434 79059
7328 56105
40595 71300
49401 73531
9097 86936
65290 70490
59473 64571
28919 31877
1307 48485
65123 89436
11039 74815
18799 80386
77121 77878
40813 87123
71383 78608
39126 47771
10732 36535
30058 68239
3168 32407
11224 46586
50315 82891
9402 53850
63048 79744
46790 62808
50539 87855
40129 73908
48784 68991
54043 57644
4894 63834
28495 85727
5215 33247
14021 14081
5338 55182
29824 81675
18894 54406
13946 66829
25502 72575
60141 76654
49370 59029
57962 58417
25084 36676
31832 38305
60412 63393
12198 57657
4022 15712
33774 69290
32549 45984
6088 18173
2002 3479
2160 27703
9182 45123
3956 59183
27194 53953
35382 43147
74825 84325
27974 83481
1475 33281
4629 39578
49947 76622
4923 58567
41901 61893
18613 52848
4245 63446
27987 42643
47974 74242
4658 34912
7046 53873
29665 40307
24800 86117
50073 92278
67267 80192
10350 65488
28475 68179
5423 69938
58587 64840
9261 74049
7363 77433
2199 42392
64021 75391
14261 54747
10149 16166
1634 1874
17437 69134
653 29221
29038 78720
44396 71663
50458 60941
6562 30380
33145 44520
75733 84833
44743 61738
39674 88422
13681 68946
26712 73579
38535 71227
62221 65106
66184 78965
69379 85137
28800 57125
26202 42851
59318 75887
60094 64920
44547 70940
6141 91655
59299 81876
8652 45811
33249 90785
27005 77873
37824 85180
36288 47363
47977 73621
47842 76842
10250 52668
9870 86106
72184 84797
3447 68567
19080 77065
32991 53560
83205 91449
24280 45603
68165 68279
19952 42891
9494 66831
22347 31798
16334 25541
9560 13812
46051 88650
62401 88807
31456 49344
18011 82639
35138 62207
14472 34400
17990 37437
34067 91112
12266 28892
5531 76315
55553 74210
8126 43728
4110 30682
48299 57630
11555 64620
87862 90082
2537 39790
25711 89515
11143 32157
3055 28620
31292 61027
30020 83140
22420 46715
55275 89094
23045 52050
1380 13114
14547 27269
49335 92415
37923 45678
22182 82192
8450 26258
76777 85634
18740 88379
27061 49573
63762 82480
52513 71513
75282 91888
32628 58609
44804 88709
19766 38922
33422 37861
19658 63341
62786 87720
7692 8969
79394 92153
21383 48348
51067 61343
6740 31860
10736 20749
68657 70824
32756 79219
14593 28082
24155 56896
45678 46625
2355 50460
26320 30397
34586 57411
15494 31425
69508 79632
70403 80213
47206 60608
59922 92090
9929 26485
21547 66871
59 17528
5123 77278
15828 56842
10593 66583
29927 47341
3810 4532
16500 63835
11940 81465
35743 52849
36004 52772
22021 42549
31565 40366
11081 34526
16100 34249
91903 92483
40159 42856
35396 92119
36851 51591
30561 76763
34992 82432
41175 59221
53739 60485
26789 38102
53955 72569
47295 56913
34868 85857
56251 59216
54289 85944
34466 85527
72883 89339
29809 31437
49641 73140
5550 31125
52119 88141
55999 65926
46595 75380
21221 73184
26835 70319
40165 55858
77214 79422
38168 58350
31434 90630
55334 62008
71171 91733
44023 51044
51301 92214
19836 68895
29910 48565
64634 72179
42413 71196
21840 51945
26042 64764
60488 86924
44818 90646
9489 21520
65247 73046
2230 6929
57423 74400
32216 53110
75610 88731
30977 92457
39094 84143
81829 90649
68749 70090
4772 58107
27658 72549
29563 31472
51322 86044
53995 73344
3216 67535
48365 64292
294 57984
37469 86579
27564 83375
22214 92534
81678 86669
12172 70599
51270 88792
54697 88001
20902 66660
17246 54333
3876 30930
15927 27780
36061 51733
48455 88915
28751 52846
44698 49263
67685 88590
26449 55187
74028 83302
9260 40078
61197 80956
28508 70264
34422 84150
33955 80053
18515 25653
49285 88014
15890 80117
3992 11215
20545 55323
17844 39519
13205 61139
3241 5836
56517 74412
23982 80712
6516 18511
73068 73475
49675 80239
59971 64455
18405 49862
43779 58972
82867 84715
38139 68706
16692 90967
40623 71128
66530 86234
28111 49565
1637 62316
75748 76592
32236 57341
56788 62194
495 33315
3001 18561
1900 70094
20606 71967
7036 69453
39203 56588
44648 75884
10523 49673
27091 73194
6914 45095
16373 17338
28946 69682
43183 66127
84885 89463
1184 87681
50803 79917
25992 49765
7611 71441
48018 55909
36407 86966
19603 51963
32869 84386
44886 79085
24313 88223
12430 25248
12996 83522
58174 65606
30194 30272
43347 67524
34868 76308
46965 75382
18074 40974
76031 76696
66906 76669
42697 45934
33526 45631
46131 61834
4773 69432
2660 50698
22105 39745
20926 65803
83553 86542
79732 83954
27206 38406
74361 82632
5143 86720
13900 88245
21124 40463
53585 87250
72137 74982
30849 43226
76396 90716
2210 60786
21640 39128
48640 87313
867 58762
55309 81385
45111 45372
39208 42683
47867 68055
8960 35703
33105 35312
20532 68510
62831 83876
34557 66545
40138 55641
9745 91532
60984 61663
13726 42247
24191 62487
79902 88705
62658 79883
27061 45124
34721 61253
71583 89971
30906 55371
45923 82997
22740 54533
73735 85890
9657 55869
3950 28002
31280 49477
54764 62888
4984 24228
5930 77152
60060 66875
44166 47201
29011 63336
6609 38067
1459 36690
36263 46647
44764 74670
7878 15916
6901 90036
908 26976
42358 70779
40235 72164
2161 20451
10033 19636
29924 57853
19815 40917
31589 41765
25521 65484
45340 54176
40067 70799
77552 91201
10179 36970
25828 30559
43933 70099
13841 20895
2787 14798
31562 68543
4397 78252
4335 30380
61903 64804
20629 79965
11125 21734
24741 84251
4550 21646
65306 86323
28177 89237
20091 79380
18525 59979
1015 82323
17112 88962
55462 68230
53014 69631
2059 41373
50331 78664
3857 91047
83063 92199
68182 87090
913 92510
76185 86402
17264 50788
67035 79819
20437 34222
144 47730
9628 30564
66955 68374
27760 75808
9540 11205
11681 53581
87127 91995
20816 58901
19742 36423
14931 61299
13635 39646
35621 72894
33124 81104
3781 24095
10171 81418
30030 33168
8493 45794
6545 30197
18452 21256
45122 53542
10820 83206
11045 23352
62174 65293
19864 77131
75205 90599
32979 68056
9440 29439
30215 78663
70166 72353
20044 40847
22256 77714
5618 20483
46881 74097
51974 91252
13380 74267
14721 17039
48141 57137
70687 85916
38971 43672
43497 84001
7233 64053
30613 91003
9376 51614
36042 80211
54525 83260
9379 63582
3985 80353
18334 75424
72619 90986
4046 84950
54697 63372
16007 64208
39482 51846
61442 73749
29990 64728
14312 56681
48357 69371
23259 59724
15684 29162
23182 86553
5205 38155
2146 8369
2160 24102
50721 72217
16400 31487
24720 29336
22913 64693
3364 9118
12201 69345
3906 81211
11585 38574
67882 76870
29404 80974
10682 89890
90 66815
31388 86866
13687 25114
32371 49653
3812 59438
26735 68630
41666 73035
5911 18290
19622 76234
14687 26681
62548 68794
4599 30180
50217 92370
65515 66610
4004 8531
49384 73320
37005 73440
29194 43553
29015 37071
25400 55994
35256 53759
2370 70490
7534 9583
15854 34171
24004 59824
21669 63419
29146 51374
6056 70982
896 57189
21191 31821
82145 92165
15245 30466
80880 91099
18165 63686
24010 75784
36296 80971
22823 28235
35873 78388
20398 42463
23131 39150
995 68616
58283 62363
1026 16912
39614 89437
1948 90222
52258 69750
15842 75797
16902 43201
49692 52841
35350 56474
5386 11510
7514 50177
54532 73798
33941 50041
49463 52248
24340 46417
16297 65199
3017 25285
58018 60367
3740 22340
56881 88375
10636 60409
6510 60329
30552 56096
21352 45280
34419 68906
15274 47036
69179 75011
44954 50012
27425 63420
24663 59767
8064 16275
7476 90946
66728 79385
48035 91458
46890 60978
32719 46182
15855 39470
1499 80718
1720 42898
24356 29901
1722 14853
39896 84021
11854 14296
1320 2287
41760 86019
21525 63175
14595 19115
34634 40130
9852 38037
855 38881
62429 66545
81444 86185
24636 75525
57893 88267
71563 82483
6801 47606
49947 52006
26615 30016
42887 45428
9991 77330
44680 70640
31102 76397
34383 63744
31962 54695
13035 77280
30585 82223
22602 60653
61242 69187
26404 49292
57291 76618
20333 47328
6666 86657
49830 65706
4872 33377
49843 82140
13634 69544
24455 72770
64417 83519
15342 19067
28585 92098
263 62853
32388 70883
16008 75323
13786 19698
11108 50334
19498 88094
29512 57552
33012 72000
72093 83914
4565 29445
50274 91632
13015 36338
34239 56108
49339 66657
16697 43972
2061 11651
69530 69640
51251 57516
91682 92033
2706 38740
52922 82204
60891 65928
163 71898
19444 61780
8126 67062
28638 84443
87646 88233
8575 79454
57692 60035
42171 66715
64736 89234
5739 75329
25345 90545
42972 68366
75119 75768
3513 77025
45107 59365
3908 20668
27833 51321
48035 58048
40102 44993
13934 73495
3479 88974
6209 7725
48736 59192
36749 63537
12869 23135
54042 62103
17150 73420
14648 54406
1886 31547
27818 63215
18258 25158
6621 87091
15205 17980
86289 90314
45304 57230
78727 81838
72738 89121
53355 68649
30703 84960
22210 87499
44871 66612
47712 53258
39277 86924
58851 75865
11239 49746
5395 33958
64329 68834
21131 23241
13610 22557
66423 70373
27083 67288
24087 90857
54048 64829
35484 51489
20960 32983
19646 59642
60154 83091
54782 72593
62588 66080
40510 64568
51411 52534
4719 76403
35548 85870
33145 52426
15292 49792
55424 56150
19801 57288
11552 45432
1466 71600
15226 49688
8153 20119
31955 64822
1101 25560
58674 91487
7310 40424
81882 91810
33510 66994
36379 63540
11074 78555
14080 71537
30400 89915
53850 56452
77216 84462
29698 81489
25387 34653
13858 51293
47392 55606
36191 56167
28034 53651
30878 70195
207 29583
5698 65781
41460 91955
10413 77778
57094 65983
21094 33723
69554 75486
56274 64405
80846 89585
12051 66192
39971 90665
20603 79977
1464 10444
17138 77651
62591 78539
81079 86628
36278 75149
63260 74820
36825 75605
47810 65908
61395 92587
72711 91285
619 35920
8575 29383
3184 26170
44535 44688
4912 31365
1890 7629
22010 64819
32161 75419
6695 66722
972 89101
20187 43594
37778 78614
31264 72435
8274 30160
32590 63052
71279 77810
62209 68626
1200 79689
26876 33505
60851 91428
58335 87227
277 44648
49253 85624
23950 90516
27087 90035
37376 41954
18116 90748
35409 85678
19431 48519
2299 70323
43543 53441
1151 83090
59434 85208
640 32665
34698 47661
2590 90569
16319 30154
41858 75714
10319 84525
71573 72136
35607 56088
17434 28269
69783 78675
36199 58403
23825 83630
8867 81224
35303 67839
13450 23197
35254 48450
31524 77432
6648 10016
16343 16485
32624 33063
75882 86992
25314 56776
2179 73992
6907 44345
80565 88912
22569 66362
8794 81016
21869 73740
19771 81926
17263 87031
47581 72094
55238 59924
41996 90248
16127 46731
10362 48204
30134 40824
11393 35263
22971 37999
5419 79650
80912 87026
5015 19977
15765 88926
25684 84545
63985 74485
64119 75380
52351 85922
45827 68255
61072 75277
51687 53822
39522 72806
59828 72789
12125 83871
31804 69519
10503 74539
77933 82476
34934 92439
78714 82060
63882 89573
951 56819
29998 83117
4953 74993
2598 65390
54028 66105
64415 67075
68245 75350
11366 12071
46200 84970
63556 64951
21031 77460
20546 58328
39925 48652
30075 81989
24742 70161
8950 75921
9099 68157
23477 80447
9629 9772
79160 86925
2126 30755
26630 42302
4735 45710
8156 15945
24313 85986
826 90574
17843 80839
2242 48391
40188 85202
1409 67050
53688 74320
635 49877
17308 88960
17959 84893
47232 87352
5238 37938
33955 40054
6710 49762
55127 76298
71304 71350
4055 46677
3981 32298
4905 77906
55830 83612
54728 78533
10485 41128
37894 43784
38541 85733
21564 60758
56982 70603
10910 91806
52893 57822
7958 14412
8321 56841
17701 61240
64300 85933
37379 52561
1796 34311
11210 73364
47119 60770
23588 41886
30095 31779
49271 63674
24269 88733
68438 85842
26682 40044
27402 91136
14636 62100
33702 43567
77039 90084
7661 74587
3763 74081
3792 50262
75122 78520
57356 82854
78305 80090
21157 52632
56123 57507
82242 86946
21525 26440
61489 70622
11819 77538
15652 48370
84778 88643
17958 66000
55871 66032
56013 79600
7199 76252
27826 39281
513 79849
9570 14081
41346 52998
71397 92148
31338 41504
54257 75661
30050 75763
22142 90165
10639 64983
29158 85853
15694 27977
48133 69507
5002 36773
10969 52125
36745 87362
13404 13713
42884 55626
48338 60663
7866 62113
49676 72163
23159 51557
50506 74908
47065 67742
29844 89914
31072 77328
9907 38757
11105 58296
44855 71622
53060 58709
19990 65399
20667 61355
54596 84461
9778 31597
25723 47207
26983 69249
36312 43639
41635 65362
24885 75619
34939 56497
17713 18218
4239 17607
47304 84825
22164 29138
1399 44643
26953 47231
23869 36964
17033 80474
10211 59300
72379 82573
35866 66645
2498 23082
38632 52208
38769 76703
47486 71858
60338 63400
23357 34508
4663 23183
25515 51802
7631 80898
37703 43846
76614 78561
33505 38961
8510 34025
1920 14405
1556 73388
53970 86455
31197 42871
54260 80323
31488 46867
22212 57608
56285 92470
36965 84523
79785 87867
12634 23329
14978 77489
18372 18565
13851 15929
55765 82866
7263 11027
25535 78562
72020 77126
21585 61286
16297 44899
79434 80968
26156 78435
58916 84125
4208 22088
40409 60325
9540 49860
6328 44197
20438 77101
51098 62075
622 64321
1532 34361
7489 52131
8567 77995
31036 31409
16357 83159
33337 43061
12343 34274
1798 4375
2102 61699
74174 91441
67323 73291
7737 31099
44315 47076
2358 50006
47804 71189
32732 80101
38785 74635
50211 50788
13717 91781
14016 73499
975 84968
7401 89019
35287 47568
13090 86481
71136 84459
3116 61987
14317 24893
13205 71243
63269 80817
444 3424
11330 59249
23963 59095
21219 73291
61736 89124
28178 50521
51091 79622
68086 79956
43128 65387
40420 72964
34518 71213
56127 77167
2169 66138
43075 84839
24715 88970
45902 46731
13252 28742
3906 27536
59541 64271
15767 47180
34157 79565
1116 29920
25201 73961
24373 60381
5054 43458
36463 48290
3668 73971
49170 78659
18613 76186
6536 57203
23715 31488
64676 79479
51619 83417
27579 38041
3846 32659
12264 74715
268 39882
33760 44502
68357 68931
60076 80431
48237 88438
18343 71029
35376 75754
18398 81860
76012 80977
50975 86629
20809 48783
14502 77174
44992 52413
10575 29121
44864 56171
7187 9613
79244 81886
39550 41154
74475 90149
38586 63605
42017 49262
12500 21649
31003 50451
31127 68337
25209 90437
24069 67581
8318 37696
69900 86712
15710 88651
29204 64217
5117 49668
8167 45830
13274 48157
74764 78284
36649 77918
13244 72803
38464 64645
88032 88293
36290 57909
24289 51718
4537 90697
65870 82301
18119 74066
16319 50388
10847 67103
3922 65151
46930 55627
49837 74680
7282 54807
75 53100
22029 43986
13291 26385
45095 58900
65710 79401
18859 49104
58906 59439
25244 59707
73898 89068
62218 65638
23717 47843
1561 84927
23493 74967
20870 31588
89093 89730
30700 39137
1793 10040
29236 31356
15446 29872
50575 55481
80387 80985
36148 59024
8045 16788
18347 77150
49444 52488
27654 77690
17925 19068
7710 37558
18859 78961
11062 30458
11228 42851
31414 92380
4742 27120
39394 83267
3495 5174
45172 47132
10935 18022
22747 73476
25552 69226
56023 81203
34269 86328
22052 78021
29332 69466
11838 43098
47323 78303
20041 50152
7704 9458
5784 57364
38599 77289
54003 56091
67736 74959
22642 34195
8693 62875
52021 87644
49803 64917
82974 89650
59492 63816
30835 86614
3750 9895
25985 72435
35774 49521
46600 87645
24102 75097
6128 90440
925 16820
12047 15944
23188 78462
30831 45406
34178 34783
22820 31607
18240 71455
33785 43734
41190 53995
29494 36240
4587 23585
26191 78347
74374 81310
85658 91947
8157 72793
80932 81152
55337 77333
42634 68927
79241 82953
27966 54492
27422 74459
6796 31021
48531 75653
43452 75951
3525 81901
22019 84282
20676 86864
26510 40164
78238 81902
46949 58343
51882 79897
62362 91748
14590 57580
48895 73038
61406 81199
18866 20847
71341 71712
13968 87774
28587 76030
19401 33015
32549 76011
18995 49392
48225 65838
51052 77218
82788 86305
22141 24786
42741 51449
42529 92526
34673 39781
9343 19327
27758 63359
66753 86037
5459 82197
63693 84063
81115 84638
21293 41084
78110 88222
4570 20984
10638 48527
77917 84352
49761 75019
30692 54409
11067 69041
3143 72313
12795 67378
45790 47164
51244 79948
4472 38765
46876 52554
33553 83076
52094 86790
74888 77849
7885 18832
51111 90861
24969 62591
7897 48464
4039 64119
49531 87961
44482 75189
5795 17462
57194 92029
88672 89871
17940 46025
5592 7024
11581 53918
12402 76990
17969 66887
15949 83790
15801 48595
24961 55679
24623 45900
2698 26425
18333 69331
60123 88108
13966 76655
15421 89821
31623 53359
776 35803
45058 53618
6844 58251
31242 61321
1073 38680
61280 70074
11245 92388
21640 47162
10483 15680
7598 23024
25048 73683
41759 72063
16209 30097
8609 90301
30259 44665
13654 91916
59411 85351
30188 78690
91307 92172
8284 46064
74721 79101
6479 33722
26252 64236
30771 37971
53520 57166
25521 31441
18065 56091
9864 49101
5974 86864
29620 32730
38612 74800
17037 43560
36331 66027
6707 74384
18477 84103
28237 40295
31815 72291
17217 77466
77223 90961
87744 88715
5747 83155
60636 82319
40555 73241
15504 38144
16150 66711
33321 92603
78827 81887
5091 40995
67761 85179
54931 78496
58340 82608
14958 40516
9980 58238
54643 57705
2475 87667
13227 70156
41288 49619
36747 44786
14630 28827
75514 91665
11890 73119
49193 75519
60990 77133
7264 33832
45630 83526
14233 44925
66690 71461
6096 49210
3026 14822
12433 61392
56659 85086
30385 81653
37482 50116
17517 29509
22829 89650
11373 87491
65999 81488
48559 70244
43266 64570
1871 24942
5790 74750
71981 79239
31731 59305
63617 73672
1933 90271
4096 68369
34630 78361
15853 37681
38024 38858
28490 64444
8756 20059
60743 64475
16473 39212
14073 48941
22818 46626
444 89876
31748 61478
37256 47030
4451 22545
71592 86863
19477 88359
22364 54601
39061 52034
12895 60410
47194 90294
40333 47070
68823 70500
6946 65274
17646 41254
14863 17292
11855 73889
33524 53864
6241 10129
26410 55247
19069 53776
48691 67626
61116 88047
12951 85689
12618 79453
51300 73506
53056 67841
25138 28257
37495 67077
34870 71756
41995 85092
46115 72685
7394 9413
23016 52194
79464 83791
73147 76914
60704 91777
796 58940
6550 45676
10502 38156
9374 15826
27301 36581
30344 39321
27112 33013
55324 77888
42172 75607
61442 85174
5080 65835
48765 80016
19960 48363
86389 88621
5311 90331
16968 74208
42715 49689
41957 74869
34477 41146
31103 87043
12373 39968
13356 54344
13805 59394
7072 60198
37887 42275
47259 90070
8607 69586
13715 52912
62062 63777
7226 14221
32053 39743
61586 70161
20803 76119
24083 85104
9348 20964
50263 90042
21625 55151
973 80283
34228 59377
18306 82813
67 35524
39964 91842
12023 80151
5149 38868
23458 59661
23843 50901
17002 62898
48268 62277
24267 45309
6461 81139
583 51951
80913 87012
3765 13889
3890 91366
6446 50291
13672 55294
47454 75499
41747 46776
57406 83739
14933 86427
44915 85554
30237 46603
41084 66161
14235 88032
17707 35510
21202 42945
7371 67246
37121 49823
336 67814
10770 90584
73083 76502
7779 27766
19531 49698
33027 67357
20067 73105
12372 59395
21242 73148
52241 84018
13718 78389
27276 77720
55527 62416
12367 49206
15553 36883
17075 25633
2335 62689
14787 70698
11482 92004
49320 88187
48004 56199
7648 54959
5504 30228
67670 72140
4217 9366
25062 76533
15050 40660
1377 56652
32675 87243
43937 64833
32422 71618
72900 80800
36478 86762
50234 90182
46220 51199
52029 92168
17943 49109
62217 87889
15208 90288
15288 32390
8913 73141
23295 57589
37490 91236
18604 29620
51262 63424
225 80935
22019 47667
9268 21892
50906 55551
9901 90344
13611 34714
842 40819
37096 61732
45974 90984
12160 43323
20081 21420
61085 61108
53940 68335
3046 73846
21385 58007
20591 65706
43931 62968
44111 59710
28799 46534
8032 60244
54733 58585
21821 84016
53026 60351
29285 48122
31954 36010
26328 74126
40873 47610
13118 24999
75027 77322
8617 39743
54296 71052
6233 82487
42389 73148
76740 81263
63543 91500
23827 89156
12327 52446
6761 91907
7478 28658
58966 70924
24809 66530
27674 81100
1206 67469
77348 79233
22825 73688
58185 81474
19355 23877
40067 91949
16486 63584
18919 60948
48338 66061
55007 55441
45910 79222
15034 48631
39617 83680
33890 64991
37869 39324
32841 92512
18951 90654
37414 73853
2157 73108
19918 35943
12445 80498
29917 78375
13070 59296
47846 67648
68999 82850
20473 66996
62171 91729
2047 21206
51583 90254
27815 59517
26811 44289
24698 73823
1147 7751
41227 59583
22195 87134
4063 62680
48732 51664
41088 79619
24714 54926
2773 58569
39667 84539
80984 92343
70295 90282
13383 51085
18678 52447
38949 60995
15789 64159
38395 63805
31211 44296
1585 65648
46283 58030
4005 48139
22550 26867
7312 69795
45499 67787
10492 41976
28001 87466
15169 85703
16771 89804
30407 78747
10529 28995
31617 70757
23194 35881
35696 74420
20489 58888
44426 55969
15951 31047
66925 77452
13308 83996
41848 59718
5663 85925
1215 57477
78404 83003
46886 85051
52697 87272
60569 69930
21881 82473
37598 74534
41539 75363
16355 57603
67168 72025
32413 55517
8219 60853
47227 63138
9909 85340
47118 78410
29612 60153
7246 56763
5453 11697
20657 22939
30959 49386
36751 50967
23091 40199
721 9866
39733 84561
11336 86098
23766 28258
42839 88213
17078 31200
29187 56493
1930 90571
344 40660
45983 76267
24346 53931
41573 74871
865 36750
6268 30311
33389 75305
5401 72781
2178 87318
8033 18996
35186 42987
74386 81834
4814 91182
28080 52725
74190 78174
63457 92340
72980 73227
66980 72269
43117 47810
26840 81152
56060 58120
3075 82941
9216 10979
79808 82156
16640 64016
19211 91281
960 76286
49651 90851
16925 60611
49824 58739
88968 89724
15247 49299
62543 66590
63506 90632
84942 87329
15633 79386
34432 91241
25602 34106
4950 35566
6328 10375
33418 52467
14940 25401
27114 71824
35448 75191
18673 72218
3067 13122
8014 33141
82823 87342
33336 45659
18034 24934
19393 43113
2958 59132
55458 56515
16968 36323
6139 51469
38688 52214
38048 88309
34874 71056
4250 74292
31763 68169
45162 90905
31739 91390
33628 38678
50123 62572
64334 75075
51639 88969
21367 81381
8714 27519
58331 63272
45231 63405
9093 47153
61475 66245
19809 38639
44250 54890
32385 82623
16097 78270
9930 88885
27294 54658
46916 85112
645 85222
15610 52248
5242 75690
27721 78658
4568 85873
63480 73193
23768 74309
26273 71676
39792 66347
28214 70489
5269 84071
6617 71108
9323 62615
3780 91544
5628 15973
22103 65554
19150 29776
41799 51914
70721 86216
27133 35691
72493 89972
1773 35248
45427 52761
23561 89848
85192 86423
18430 45958
11805 86368
28191 34736
5410 54667
62193 91644
15838 60301
749 19031
15556 81640
68179 84212
56462 72671
30762 52745
71769 84060
19325 39893
8392 82860
9750 64644
71277 83064
29447 32500
25307 59374
67843 85905
72270 80983
50193 64618
1965 12800
4400 49393
2159 81045
13010 65698
3029 66370
54365 64484
11783 31206
39736 62486
7725 59652
9386 39824
33653 91697
6823 62513
45436 51938
3320 63586
16559 26547
73095 79671
79037 88669
5931 54875
6208 80678
12007 75792
65084 91403
59638 59807
27708 36297
16890 86285
14587 41571
8761 55478
966 78315
34031 81288
45642 60577
31323 68601
22376 25268
49094 63888
57672 90425
7391 45445
38603 48764
32723 62011
41341 81798
9748 27706
11575 77928
15692 33593
13858 71532
26645 30449
5855 18406
10776 36082
17009 82776
30723 89775
2066 17128
53634 91319
38759 39059
44138 88136
42559 56704
6055 10110
13378 57941
51179 51873
852 4271
35013 61684
15362 76492
4310 26440
60619 76905
20317 77538
1239 18221
47428 57869
11070 79022
48648 77219
30143 61420
51120 68407
61126 72473
38997 79922
32698 86623
32110 83794
26609 89974
40001 77418
43270 44066
30 18886
33724 67915
7321 46487
7682 59239
7661 16075
5535 28890
21944 51907
41503 82024
24340 78982
34880 57770
35799 67782
18876 21566
3319 62208
20824 51082
25480 66384
7708 62629
41508 72195
73065 84925
15921 73620
51500 70509
48012 50231
53681 59796
17321 46011
27838 52797
56934 77018
21927 82917
11545 91881
8718 61068
17460 85705
54375 54501
849 73417
55177 66672
2564 37409
2166 16649
41055 65889
73860 73892
30699 80718
40888 48689
21745 74601
3022 86412
4618 45456
61400 74769
68181 76539
78293 87033
9671 83667
53502 58475
8425 9756
25756 25912
3780 49769
75624 88693
587 28860
42206 61064
13118 22263
31874 36339
26408 38423
2254 40198
36785 39687
39906 41944
15840 40840
9009 85809
14460 46142
63 68832
59128 87002
35919 65301
10701 12353
41044 50122
45536 46727
85116 88357
67896 88686
12684 91795
1779 34848
3090 26959
7639 71404
782 82233
76162 81442
24255 52728
17212 70282
84911 92116
31386 85423
13999 84811
22226 54055
38541 39174
34685 86431
13080 59463
12171 68237
55622 60811
3584 20390
33759 61560
24246 54058
66105 80729
5648 34742
24270 87964
56825 58220
15361 79572
20808 88500
53886 81897
69467 78804
43989 51048
17507 53743
5631 36149
38098 42356
4839 6090
56028 80897
26492 77462
2193 40137
64590 85716
61937 86365
45203 85300
2341 88884
18088 50486
50526 89527
4575 55371
19615 65311
40872 86866
23066 61407
23245 64294
40419 44644
19228 29179
35758 80136
65350 83562
15732 30583
14007 16752
57223 63792
33729 88843
5565 68533
4634 87624
32613 55015
11666 16187
55951 69135
25060 26436
80029 90814
73486 80425
51279 91494
31532 89307
79569 86636
3029 34406
2237 60095
56291 73480
67130 92610
1527 87546
37898 41845
47984 67982
19192 88597
8358 22997
13993 51021
9241 75473
36677 83268
19198 64546
74362 83706
1737 43965
1611 74129
83452 91230
25689 58272
13925 58418
10270 24813
4644 41537
5931 27338
69593 87557
14481 38960
66643 84260
38692 72497
55995 63952
30240 82033
51404 66317
38081 77723
48656 73707
29800 44440
3189 75029
21234 28334
21331 85840
2958 78962
21519 86758
66493 68359
43967 61626
20623 78785
34075 71821
69807 73183
18381 36961
52895 71666
35872 77293
30576 52777
38078 85775
56079 56961
35068 59757
29562 46074
43351 91342
38667 48679
8039 59654
23942 76742
47740 58849
25694 32577
34233 39425
16827 35567
51959 72733
25721 38214
4374 34850
47500 79444
18201 67147
15475 50733
30983 79868
45506 83605
20587 76275
43362 72370
12206 59132
24284 58587
51305 54372
15194 37007
23778 44706
9102 77045
32764 81228
7973 38907
46322 54602
37863 83344
59175 69713
22828 40886
31280 35908
2116 87115
5951 87403
30575 77341
2224 61359
63773 90696
13663 34103
20128 45359
12686 71410
44776 62327
12221 30270
12469 45486
26945 66118
60827 74590
2157 89559
5783 61543
3177 71080
24524 34872
18889 52353
4303 53471
37449 89929
27355 62018
75270 81929
40976 46876
37565 74925
66385 70896
5539 47737
2297 66284
2739 12399
44328 79072
19149 53299
13600 32541
23208 31565
17068 88326
66126 81229
29137 66073
30865 33536
53989 86919
14688 35521
65517 76271
18391 82376
6943 18846
6642 68979
49535 58166
43364 87339
29416 46589
11023 31717
49557 79550
25924 62635
40786 78887
25513 41216
6248 88341
35234 63974
62044 75916
12821 31818
26712 50310
15458 34119
1534 38424
21282 81201
3131 51557
1437 75901
20827 59918
30849 78800
38117 55015
50082 84082
36831 87694
22271 38020
10200 37394
83624 84929
66894 81051
1308 17985
18712 39797
22716 22931
45856 57117
2090 73463
9542 19132
59560 68313
7725 18521
11242 91572
63908 74207
17476 23450
25128 88433
62774 88044
38475 67604
21142 26519
3134 81788
33964 67035
45477 83053
36428 70125
51587 68785
74640 91841
52747 72874
68750 71961
64133 77516
14607 47155
81386 89167
21465 22288
144 83399
18296 35532
52404 64548
2027 66407
73059 77186
16646 62420
48496 89701
9482 22507
84086 92049
10963 78580
53701 65615
10706 45215
11434 87461
43386 48871
25969 87568
47952 56357
25283 33106
58926 70155
27086 72447
61632 87461
70704 78818
24736 28107
23830 65932
30661 68196
34632 56646
6386 84467
9016 21946
33024 53915
7611 87186
2659 87650
44787 71005
4586 23558
5395 53505
4211 43800
15180 40049
11409 35681
3380 37392
18409 44441
13378 90708
42477 91175
67623 92205
23390 82762
901 54137
61296 92135
9023 68740
16206 24112
14400 25646
69834 73895
33152 64377
12199 81436
2799 72527
13808 40808
16935 40098
79100 87105
19774 63734
67692 69596
57801 84479
7595 22531
24719 55595
20246 37956
62543 82858
31583 44522
37316 91495
42982 88120
52787 89330
46298 62881
34865 76361
41718 57860
77648 83939
26755 33451
74654 84751
37164 40313
2679 82524
42914 72241
47909 63621
18583 89387
11471 44650
25402 73595
46754 49807
54107 75563
83448 90104
38834 62135
1587 71742
40722 80317
12166 72163
6797 66959
73977 88935
12805 73895
64510 71657
52541 58732
59326 62231
21967 69264
7036 78955
51136 69180
47342 80337
69963 91356
10584 72649
4047 70097
62286 67595
7174 86209
22585 66151
23226 26595
43699 56765
5238 39307
2816 66896
4837 39651
2243 27226
44878 63676
12017 78855
34753 57118
75572 80178
49697 68556
55631 80064
36558 66911
30561 84070
30830 34115
13562 87500
19101 49635
51660 53495
65247 84745
23921 82575
56 68709
44608 67757
14656 42690
44179 68162
71757 84505
14229 42460
12068 89093
42473 50912
29655 68066
46143 80483
8776 62493
48117 89781
36906 49869
51200 90094
49136 68083
26246 40632
57190 71359
21121 64927
2817 30477
65133 76133
19066 90779
598 26014
1218 45541
9473 44327
33423 89611
11504 48928
461 86687
3716 82473
27455 64312
33752 75537
55542 91087
15192 62516
18756 23782
11559 26229
41879 87382
49624 62044
5111 22334
9785 24407
41026 66460
17098 18238
228 75854
4398 62585
18173 35963
9581 58271
15991 66468
45081 85443
41605 82951
24176 41621
19655 69833
20158 63366
32195 43222
34811 43194
41115 83776
47497 85235
47145 74822
339 22422
42232 77436
45249 88482
16467 55018
6430 35314
7309 47507
41251 69160
11148 84467
5425 80564
25761 83496
12754 32974
32639 39684
3590 47956
12782 43275
51328 86642
8851 13058
29835 86286
1339 65045
23130 32394
7453 29937
9418 70539
15108 38934
17959 58154
5772 36369
43770 83509
8358 16637
30864 90782
14933 63007
9890 84406
8589 10814
79454 81320
68164 91094
8954 61033
58574 74368
46834 56927
18879 70848
5801 11764
63073 66635
24999 84153
91486 92287
71865 73536
24979 40330
6590 33185
18327 25294
55314 68144
32173 44854
12065 32408
31472 55301
10982 66338
19060 46257
54072 62613
40350 52879
37778 78364
49558 64210
19542 68165
22170 29102
82349 87493
55557 69734
43417 53614
17918 46180
65412 74269
2931 88223
14029 61450
2330 75644
37625 57092
17751 33875
31985 36292
16133 48665
23760 76201
40681 81629
9314 62380
55678 89131
39041 74341
28606 57833
35490 53391
14262 87557
24111 51856
19810 85057
49571 78459
36870 76234
28372 32199
1122 91890
60532 86413
66954 74751
6730 38112
37114 54348
33017 67963
31687 50991
21122 73271
32137 39995
25727 37427
20730 31598
13378 68444
18691 43355
18968 64855
9265 47187
20663 35620
33727 36295
1834 31490
11835 64056
11841 82055
20715 62657
28613 72855
7995 11470
25829 66303
32792 35648
8076 92020
34560 38928
23995 54485
7131 31348
9912 62335
23190 55178
5147 47067
76584 89327
22379 76550
41277 87584
42134 88599
47757 70634
24432 61301
15688 41599
9615 37372
30696 75416
2058 18875
24713 47241
2209 17400
85469 89233
72373 86331
70361 77194
11998 84506
18614 36581
75193 78274
8285 63554
32398 51836
43565 88992
43920 78336
72507 90988
11268 34695
76053 89667
31467 58353
50008 58470
14123 80688
32574 90042
11641 78072
50071 59253
14635 22182
38985 54822
72787 80443
5735 82327
29708 31187
11240 17880
33576 50140
57167 64132
13789 53499
35536 78253
4402 5315
53499 91458
6338 12358
4931 65024
57374 68081
9008 48984
4187 44393
24081 65705
73080 81937
296 11243
22586 78341
12393 81991
1570 38627
43510 62176
11806 83592
22957 66493
15865 74476
18282 29292
25298 25804
70577 78038
30663 62075
22645 55013
24932 39352
40023 46031
17308 56200
16844 23313
30702 49078
6286 44649
13682 92345
68457 87730
35477 67065
9967 24377
34147 41509
58476 60498
56833 74650
21378 70784
5013 81789
14672 16152
14789 42787
34009 60440
41025 76577
10498 67749
75086 81421
6593 35630
2050 62298
46405 82202
3342 14007
31084 42043
32111 38749
6269 82195
17592 75685
15576 70900
34799 40561
23233 68780
41500 81841
54155 75155
51197 67499
1772 78432
77172 89710
64274 67301
6236 89535
19372 20441
44902 82639
35333 58670
25860 70091
54645 82587
23136 84260
49059 84421
46096 55708
3138 58895
37955 78716
13786 43125
14653 49398
32924 34262
54616 71815
23177 71724
68865 90306
17787 23715
54047 78057
16569 55618
63138 81285
62521 85387
53500 89458
35587 67374
5574 63276
26055 60301
36194 66713
35971 36213
4992 89821
4732 47077
81886 84328
15791 29727
52597 56426
578 18039
17531 90512
8971 14520
42150 63549
29586 33301
24448 67709
10682 18537
44539 58577
21741 68806
14904 26585
18115 83414
58614 64926
44764 61350
2648 20086
6584 30431
10194 16488
68486 71629
3678 36976
11346 50896
71848 86616
13800 39904
42889 64414
76301 84719
70975 71655
5734 59411
31410 44857
33283 51780
49298 71984
52409 78780
57594 84004
22670 24979
6826 10071
14516 42756
15252 72955
128 45869
31180 41720
31900 64702
16844 50199
33551 40797
12119 61087
88975 89951
38767 77767
46983 70923
36776 72751
11423 55150
11175 39118
13933 16242
64756 68514
21560 45255
14101 20008
45120 73261
37248 80312
18675 56997
48034 52470
312 1652
42155 67431
81067 82010
45687 73736
5904 63479
18022 37496
10258 62096
34466 39525
81839 86758
47998 69969
4343 76355
32647 90725
8711 37787
4788 50763
19751 67225
58873 72949
74773 84614
38191 43576
6546 76917
4415 28984
11714 12011
20068 62991
43138 64295
12987 62570
40183 51663
49661 60644
1998 24900
30951 54872
18532 66547
9667 70525
43021 46029
39847 43947
17670 24345
35629 79489
40300 87448
37151 72391
4155 75733
25844 69548
7120 85385
11549 17847
67665 79691
6653 19353
75562 88888
10545 69496
41249 54344
25421 27132
2737 41160
12150 34685
4537 49348
44408 73607
36101 49319
48326 62015
25239 58565
1766 5164
54055 90488
1053 28822
33547 34162
30380 64598
77077 92158
43601 60352
67344 76584
74318 78954
50162 87568
9751 21679
69946 86257
34965 73752
39159 54207
21250 66475
42966 79631
10401 16224
58459 90071
13709 82679
3912 45904
56381 77420
24961 83081
20881 55909
53584 75506
22579 78486
33030 52886
22797 27678
27878 44575
10766 24682
61850 66606
41983 63019
3217 88132
20005 53554
37628 71823
22027 38981
3086 57569
27551 37262
24518 27542
49333 53389
23407 46996
7391 68884
26511 90986
5234 44373
33012 86187
30261 67008
13178 58887
29676 67912
13245 55941
29625 38079
4779 36488
23161 72364
38962 85796
4293 23682
12235 30880
10828 60017
14356 23830
29900 71967
14254 66493
6420 56656
14759 79235
35171 90753
31944 63677
2207 27673
1104 87503
61539 63668
1399 85179
38410 79654
6690 56748
54527 79297
13620 42900
5804 61035
77117 81192
9373 38015
25712 56111
12592 35033
66991 82952
18873 52514
72930 79586
35494 87147
53466 83959
55131 84683
2016 21342
49488 74637
69936 70333
23788 50909
37078 53111
32914 85643
15143 55976
16548 32855
39127 70017
32008 80033
42229 51703
6293 48220
18215 39682
13243 83057
3626 40723
29082 71259
43367 72120
17108 63398
27054 82172
2735 34252
32613 36413
37740 82386
20072 83748
26535 27111
8157 75386
50963 52270
30289 63426
7154 81649
4241 16791
1862 41390
31396 65113
29031 58278
19803 68891
14883 30577
26929 46753
16639 67843
36475 73724
11521 61181
54154 72506
9916 49890
30927 33555
51951 88691
11817 76979
4735 30584
64345 78461
51870 90614
66071 78307
24178 92078
9906 39065
39090 50657
5461 40008
40033 47246
19441 47291
31799 56825
13123 25075
4058 18188
4206 34449
20828 69291
50007 88244
7905 64854
11830 25475
35078 67904
3478 13548
6557 92037
14137 41159
12781 83327
42554 47505
45455 84737
980 41180
45651 75847
16089 28663
7927 87486
5541 16693
20126 51888
9589 47151
53680 92294
10001 54289
11639 43539
42703 48432
10907 52145
15093 15808
5739 48664
14478 77875
50534 54787
42061 49020
74984 77438
3492 62144
15149 68329
5263 8542
33579 67891
25322 34335
19280 67012
55022 90149
26206 69970
1917 74044
44101 71670
1644 18122
6390 23375
50015 80412
24154 37602
75289 90094
33404 92364
44748 64918
6818 9262
10703 89974
19261 45865
30843 71019
60166 81867
15569 33164
25491 57652
57749 75352
14367 49163
32153 59830
38754 65858
35450 52822
37093 54566
56323 69086
70885 70903
60280 60570
3062 66490
8030 73278
8334 80476
58667 65928
15525 81084
5129 75936
50908 74489
6161 48522
30834 82518
49835 69855
42208 44760
70462 89785
3601 69110
54803 56673
9059 78010
8888 85440
62786 68569
25404 69205
16107 75820
8496 73510
46398 67886
37670 92001
65959 70263
61062 82570
25960 44777
14182 49119
13314 20228
22716 65824
67459 75765
32791 41083
23656 62303
24855 53449
67861 68071
3308 7288
10796 65676
21368 65687
54424 59256
35060 72828
6552 83923
11150 87651
7750 56348
39732 88998
30136 89683
82541 92547
45536 83231
3768 85906
63760 66593
19502 21339
23070 80249
84700 87467
26777 64013
10510 55942
45007 48119
12178 32118
70689 79654
9796 92266
9357 65213
48531 75559
54570 84194
14199 82528
49783 70858
10612 46154
14358 20185
25369 51234
52126 72931
67229 77925
3215 47624
35720 68808
12305 23712
8329 48021
19971 23982
14798 89860
16819 28742
25263 49866
9815 59207
18361 48304
18105 21109
23048 49226
47525 86854
68936 72155
74310 83027
21167 40897
57270 59184
59341 86752
23187 34206
51375 76847
50762 78463
73523 79009
41889 48690
5743 36587
49665 81154
3449 84726
58226 72690
16022 59831
38098 51711
64217 75738
20620 65499
78027 81166
59905 81385
45179 70576
45979 82592
17969 48507
3922 29082
28909 48402
29917 85082
3021 75808
13467 88639
19082 63233
22460 85212
12985 43288
5159 21286
24610 58516
63473 84691
51350 65392
18261 92101
43004 83137
38944 55828
16704 64079
21898 75030
30601 52171
22833 57435
53808 89660
4241 41504
13292 60187
55171 89539
18433 56689
6889 56568
46877 67403
21870 90359
22431 48608
18612 48903
11761 37900
49519 79752
42985 60535
9924 84317
9870 88449
20981 88260
51234 87311
52540 55376
11275 90604
14123 86098
39957 61648
40753 42913
6125 86674
47575 85348
50914 78325
9135 14480
6019 16335
35093 53953
14350 84274
51516 67503
26391 27738
23641 25104
3132 54263
26697 47968
22435 85929
39829 56181
8723 46168
37345 55301
9869 83374
86207 90785
25034 48062
2525 29418
68429 82035
11984 85324
17300 27728
20193 35876
29666 90011
79989 83668
23785 66520
14162 30943
2192 56397
8785 56864
18798 73606
42923 90429
61608 87158
316 61790
23478 69154
17588 72623
69741 75200
17824 85984
52414 72258
50106 80523
6696 30892
71403 75245
4730 49447
81419 90603
1686 48459
51166 56140
7940 87402
67621 88330
6373 48812
5602 17168
67317 78713
9082 58007
4630 11382
15879 16227
11421 18008
39493 72394
54607 56878
34140 72727
54151 76647
39187 78719
40471 57826
38880 84664
15160 16332
10929 84608
17077 57488
10310 26910
25865 73756
51909 61314
49217 77207
30642 70142
42380 54262
45611 84999
15856 20504
2719 5654
7849 68557
8082 41068
9059 61544
24807 80294
42856 55260
8133 78797
17814 43365
7995 64186
14058 26469
40748 66222
36939 45660
5253 28041
5410 88648
54844 72710
12487 15005
63189 88393
35920 84531
12476 25608
38267 83772
10489 31288
13026 81097
24233 72787
36502 53327
38902 73490
37912 71283
30898 38410
2697 60777
69137 71352
10935 83667
12559 59694
56338 71879
49942 59964
24028 67504
21146 22490
27947 62275
11293 15109
63160 76281
30974 68206
24653 57093
70695 70752
25093 82780
83174 85365
61582 77856
1463 68138
47547 59513
4340 37507
32487 35879
5479 69302
9782 18482
32678 88323
3951 16133
46922 58337
13948 24212
20379 86140
66852 75013
38101 80706
2017 63312
74633 78082
66494 88544
40624 48034
26443 63670
7675 81152
59703 71687
11142 20885
16786 80843
58980 70971
29675 70042
31455 54245
82644 84135
47207 68474
25338 52697
34709 46763
24195 32059
26772 80203
13491 33479
20840 61648
24649 55911
14686 54108
40593 46075
51619 87385
15927 24020
71814 74172
19842 31701
29735 69032
23516 53067
4955 32690
9611 18954
15147 40741
450 15814
286 52807
1571 2250
60824 92171
12783 88585
41427 73817
1207 68630
49824 92597
958 22121
12422 87281
24105 80897
31293 61767
38531 81852
26155 38934
45547 46150
18706 19682
32110 81563
22682 46369
28555 33214
38328 40307
17721 43472
49347 52659
38170 59900
36646 65354
34247 90906
28875 45386
10914 50012
24117 86377
47669 74266
28704 65341
48290 85195
45708 57513
3355 13060
44923 55924
64484 70803
51720 52641
61352 83349
9967 24634
49403 51066
38388 74882
29749 43506
49655 80936
19453 62043
3973 43718
31719 71581
21781 90994
16302 84001
46929 84210
125 12555
2733 29091
14180 16016
55377 58965
50405 87760
4717 78021
20370 55088
15279 67244
36357 52138
7234 38802
12222 65445
31323 47910
35519 63723
16097 68037
67458 73469
13061 88166
51979 92510
79028 81165
2553 31856
24630 76814
79503 85887
4412 73726
1475 41079
6401 48105
73206 82123
13116 61488
55765 68039
76234 87920
14996 24718
26246 85867
17684 48154
53952 73920
40594 43671
14895 19612
61043 91985
20568 24358
8877 24864
14099 59300
19985 35118
78388 79974
17494 57514
52516 85825
39784 56612
29885 61458
6605 51805
59004 80140
1365 64942
32502 62366
28453 66919
6700 9409
34867 56857
17118 89298
22999 89149
4983 48751
3944 41271
56897 65153
52633 72739
34097 88367
10007 18126
12692 44135
40468 76268
11162 48046
47706 72698
58767 70170
68474 85537
48924 80087
8999 83502
23486 30112
43186 85866
60022 71293
14848 84453
16581 77870
17006 76551
33974 58917
89635 91786
17383 44473
32634 35624
32124 46662
61345 61451
63996 71991
42603 51547
36582 88235
45464 71453
61128 68827
25590 89008
33114 55976
47105 60561
38740 74873
14130 18833
39579 46640
47057 54427
25666 60496
29441 56753
41595 43269
6767 56412
30034 40782
13045 29060
20083 20659
6719 33749
50788 70762
21354 32802
61046 66400
20821 75642
23517 39025
16153 85473
9724 40759
55361 58111
7524 12404
58251 90024
31290 69585
13930 63564
13788 58712
29367 46026
11219 86269
27348 55490
51607 83066
15286 80100
67443 70854
38192 61479
2395 36479
9816 35660
22457 68932
2587 33510
41662 85069
38046 49579
2594 54402
70013 80937
14573 70293
9940 92296
73543 77130
30277 52100
9163 61531
14563 73366
3018 33388
68472 80947
9678 90478
20304 36098
4669 88251
14345 29484
1994 87077
45837 63114
31942 75875
11660 23425
27865 50072
44272 78779
13648 38845
11684 40189
56622 73286
11757 66961
20526 42386
16777 32224
23920 80155
2667 20338
13823 36952
28117 50942
12886 33825
72034 90888
34239 40886
34081 36414
63012 87310
5452 46936
37206 42340
16844 84242
16854 34995
68406 77289
41792 43770
74423 81995
84658 89024
14304 17916
75497 86128
50434 72462
31729 39650
51320 67952
62608 80213
22703 73914
44131 90756
25513 35910
8852 39466
72965 84057
3996 29242
6062 46088
27392 48225
53351 73886
17133 92006
39948 55266
25243 39498
10729 91945
34016 70155
42060 45712
56329 59436
59137 63270
90 10658
15679 32420
83087 88882
8897 78619
31796 31847
55109 63756
50974 68771
40183 71308
11877 76095
58766 80220
16289 41235
14796 20301
2052 21137
48510 68301
17053 53233
31921 33857
14540 31848
22219 73669
23646 36199
11043 24252
2282 20953
58904 59973
44142 53523
66596 79257
50696 85560
50272 84301
2214 51723
69292 88348
23657 26719
12052 84847
12732 45061
25156 91482
43403 46606
21782 62384
49149 71078
15596 47475
68658 80074
30359 71020
6619 26521
28427 73481
69449 82031
55254 68759
57494 75703
89368 91440
48673 81557
85740 87302
37004 75898
22855 32890
16553 32366
11862 13154
12345 33450
51823 64346
2306 17387
1339 62497
15131 79141
7672 41157
39002 60381
6914 64862
51329 83486
20062 81852
24702 73198
27951 52023
16304 39203
30497 74527
46121 74112
47277 64074
10233 68690
70943 83989
31438 73230
8918 90770
61937 73414
31565 35028
5960 21593
6757 83141
1428 48487
29395 92092
3986 73581
54518 71099
81422 86082
29905 49711
64340 65402
36406 64295
30320 49454
45572 59051
17109 79857
7324 54019
64767 73929
25130 87748
38914 70051
23311 63883
22932 73655
28741 65028
77516 78836
6166 31515
14739 49121
11061 84296
60564 66823
38665 42648
83194 85248
14290 69965
28685 82231
73174 80848
23448 27748
35600 70657
70229 90125
59857 78864
37875 89734
10948 90291
931 82659
27820 46143
3686 6406
7876 65075
40290 89987
29325 67876
10459 31124
35961 54128
56811 88430
50997 61173
52642 74145
37003 54932
3175 84821
49967 53276
1001 74319
26948 46462
81389 91459
57778 68051
21716 25778
18423 54845
15394 65064
28363 89003
35807 85191
15677 51677
4480 19804
10928 34537
23373 84758
22648 69364
22714 69134
30336 41320
13989 16655
32534 87033
18260 30279
20320 80837
11668 75682
12528 49980
85583 87645
22768 23860
67890 83087
70808 88554
4947 47379
46614 87563
1928 2882
9378 19552
11262 43275
25435 74289
55917 69694
38547 60712
69428 73371
62744 86792
36305 70356
58582 59489
11401 86602
24495 58945
2009 32670
48653 76371
43536 67952
42573 45392
30020 63798
46898 56570
10143 54865
46665 71702
8648 80390
40911 43687
7330 69227
17702 72454
20470 87272
40912 90417
25737 67243
16757 24313
54830 86229
16922 61348
27128 29063
77312 88462
1699 63834
15789 55314
76009 90089
21153 24804
2421 69690
35298 45676
19129 81764
43925 87538
42212 78107
32167 78057
2905 33099
58683 66286
4581 91301
62860 82416
11340 48670
17098 72707
79453 81008
13037 15338
31810 49929
48267 51903
30517 32521
9218 32378
13485 26617
17921 74334
63269 69227
38432 56744
71865 77100
21246 27373
41353 42795
24095 67712
8923 67754
1121 5994
44629 45058
7437 58359
6084 71762
34960 75689
87219 89531
6314 13127
44251 62941
56785 81663
11488 87663
54385 75654
45919 46191
54369 81819
4814 30553
19659 67059
18698 32896
16752 35648
83074 90329
43917 78256
8935 72970
33082 88881
16189 59006
39472 72863
49116 64003
17955 67838
4653 52126
77886 89063
75313 83453
6836 53486
23784 72780
5580 85465
47158 70477
19095 70665
5952 41217
6509 29924
46284 81892
53366 68823
584 76975
66627 85809
14143 35825
11598 15447
4120 79230
29700 82205
24058 64845
5378 85134
47037 74913
46222 54621
20813 48480
665 11721
45841 67505
22630 40754
41915 69122
37777 60216
7885 80851
6753 74755
16107 55057
33867 65184
21025 41764
20189 34678
45791 90880
2646 17012
34667 61335
1601 86292
9121 55078
3590 5983
57505 77816
51370 66483
54359 81617
23509 51635
15236 22760
33894 41333
10536 40148
64801 69399
23646 85472
47734 68514
49921 92044
31414 48982
594 35179
8730 64350
50853 62235
22958 76565
56064 91546
47742 89105
551 52461
52752 75192
54161 77137
11899 44766
40875 66817
54553 86461
14251 20107
29520 69981
34837 66769
33001 77689
77224 80638
28983 88086
31379 72427
1594 88813
33460 48327
25871 71984
11271 88139
40272 55095
11171 37952
43295 92166
37270 90620
15915 32177
42134 80849
3716 18522
4782 26980
9413 48405
15833 36989
10605 83672
71211 77807
205 33370
35381 87901
12830 77448
53706 59357
22838 58690
39776 79343
44251 46987
25794 53907
3101 91536
34748 83506
19774 90585
52106 68056
12259 53486
1243 87825
41529 63945
28483 32419
5711 22270
49376 74434
16466 90349
56316 63395
69916 83287
20157 20646
59655 81627
15516 24279
43607 66820
10737 78040
79246 91482
60670 89971
19563 26546
1619 15790
88653 90571
26192 89568
26087 68819
25014 60314
12998 31708
18208 29216
28581 84790
63205 89262
70996 80254
27045 40583
86661 90623
43123 51708
16380 22411
26036 35604
30651 67592
24766 55812
36738 88903
23097 23685
54148 77667
8712 34791
13798 51032
49948 71556
73217 74366
55355 63205
59914 66445
11870 52376
64318 82136
23197 64336
5020 13367
18036 44700
34634 65811
78403 89285
12383 52421
54835 55021
17376 33874
7252 13093
19479 40781
239 37169
45859 48616
761 48204
10831 79928
16636 60398
35653 71128
10261 57395
82571 85169
17274 66541
24160 32189
27198 58960
3973 76360
4642 88320
48069 62699
17626 84335
28099 60796
72386 84192
2757 86560
10471 18447
15943 22532
19342 88385
52979 73761
61975 69443
7599 33625
23776 25069
18402 39291
43138 77848
44811 65008
25701 55493
58771 87476
59114 69704
5146 15434
48103 63266
55946 76754
23598 57430
54829 81311
54631 81299
12264 38398
75748 88902
14280 72540
71305 77042
74745 84819
17914 39064
13680 92343
67912 77683
42806 56481
33331 90859
3981 40397
21287 40939
73459 85642
67936 74554
75982 91638
15925 26337
25703 38602
6718 80256
2750 77347
38409 66130
45712 82200
9091 45313
45787 75994
12256 20952
10661 73237
21597 52443
29364 49536
15651 51441
1294 44187
6992 18925
25034 29493
77776 89680
9026 9224
65587 67352
20616 21037
41936 75328
21993 64041
79747 85139
38601 72170
1254 29071
3877 63130
26510 70270
4353 64711
14035 47594
35154 60759
27707 82099
11897 69219
37725 64121
71868 88335
4698 10918
56544 68661
9083 23256
9024 29450
83863 86664
9157 64584
15311 65349
31399 72392
71920 77652
22522 24498
15600 89119
31734 86370
40577 66841
27758 31118
53335 67666
68163 82164
18103 81429
32529 91320
423 61262
10249 18057
17615 19775
43085 59039
9438 80244
69832 70180
13871 20709
87205 90365
17405 46246
19560 65090
5731 34358
7562 58813
77202 84209
22836 51647
56757 60755
64137 85780
36937 51284
22362 42028
57510 74215
62103 69822
74451 92326
9576 50170
56680 59918
8319 87359
973 21520
7333 24132
17702 29656
40733 81246
22022 60404
23619 38387
56807 89698
87545 89115
8198 77547
29660 62532
24554 92033
25505 49665
14428 25742
8213 10768
62837 74224
21056 77153
14814 75008
58080 84214
21425 74373
10605 29621
23220 54651
11014 51610
9291 37282
7072 85287
17643 19234
38814 43568
8912 74093
12363 90151
1334 4992
39419 69436
81877 82551
7958 52839
62674 81438
36230 88520
66638 83515
74951 75320
54913 90069
44919 78004
36113 59247
1414 91701
36395 48887
7687 92292
30411 82456
52973 86245
30781 47082
10515 76789
13202 76034
2702 80456
20248 22962
18341 61860
34987 55934
29414 54327
48997 67994
26533 58817
28790 74473
16866 29853
43629 43804
27218 65028
86190 87714
31386 39067
67032 80266
50174 90778
19536 49938
38837 42148
12718 30865
29230 65477
44211 60985
27139 71175
57648 68283
8254 35119
26414 45654
13534 69599
16128 92391
9771 63014
7964 44624
15790 46956
2894 58391
5209 59063
80067 91406
14497 74131
36542 87541
32440 88320
33677 72590
7495 63236
440 76315
606 54943
12334 25478
2297 72567
30541 53133
34574 50120
15502 15962
1689 5718
3978 63960
20887 87664
12472 38710
50604 89034
2529 65926
45855 91396
4426 50047
41681 82619
25867 33435
31133 73656
39445 82916
57948 84458
70053 81762
54945 81066
17831 42595
22778 63480
50950 87322
71691 75433
4002 88252
21648 62753
24016 80699
29567 80889
23363 26096
60751 72141
74508 88327
3783 11667
19873 66857
72210 75795
5738 50552
33409 36334
37741 40390
68989 85690
23506 53510
37944 54874
4441 38559
36868 81876
55663 82682
7744 50953
73194 80529
32447 55965
17216 44640
7440 31872
6724 68302
8499 35654
25038 34939
14607 83185
37993 52690
33189 34653
4607 83776
17196 84073
18810 39712
19006 74858
23542 86895
7165 15540
2967 31491
39289 84763
59748 75560
42145 91322
52919 74393
31738 90752
70707 84903
34409 91985
42732 70933
39843 65720
33086 77550
12127 13938
22423 70288
1541 4266
13811 40881
58094 89870
7030 67342
51738 58051
67968 91404
82564 92155
3782 51940
40007 46727
14151 92477
68265 80852
20211 87943
79752 80799
12671 51292
7275 65830
3838 22736
60252 60967
59884 90933
25750 55773
15313 87385
9182 78638
53035 86389
419 28764
34969 55862
46521 53733
45255 70403
13239 35366
23344 51448
25845 43800
4637 71375
55775 61365
61697 75569
10177 42473
12215 80415
27366 77237
14981 75669
27509 65145
13843 80402
27543 61494
6441 38909
6735 30514
21190 79260
46095 80722
21445 68664
8358 12072
36982 91280
20662 28554
3695 80921
24993 62028
19225 88304
30443 89040
23078 86618
7907 66085
17831 89764
11827 27221
56279 90360
46200 77154
6771 10677
76787 87023
3806 4488
78138 86093
31808 45129
27568 36452
52193 87348
33997 57593
14783 27038
86603 87015
19320 48425
69296 70207
30566 80951
616 66744
5584 21689
33635 43314
38017 91004
25453 56449
28728 54162
16293 82408
8536 46166
47050 51048
14217 30715
19223 29377
68019 79570
2961 56462
21944 49998
2671 84182
15515 89380
1734 35895
74562 91541
57779 80084
44301 78838
19420 65801
49758 73089
14049 50830
20682 44780
16022 16208
24059 26856
7975 37230
14040 75167
27448 55266
2825 21239
3165 20251
3178 71081
2684 52934
27097 51784
13379 23670
21551 90964
30445 74484
27356 56815
24144 29985
27163 59897
35015 71054
63892 75109
56316 78439
22297 91414
33492 76919
39645 49870
12925 33563
49083 68057
58282 86727
15616 91447
10224 40728
11452 66894
62123 89162
3686 52741
780 78623
17840 72345
767 4357
13691 38484
9413 23012
85634 88267
52061 77022
47125 88148
3480 38937
36145 51168
27009 83010
35617 62460
4603 15775
59496 88425
46705 64903
70328 71951
24967 56721
36231 80474
33756 82054
31595 64640
29295 36286
32264 45023
4404 83930
5238 81956
42612 63038
31195 46213
9087 65154
8487 55942
39813 63276
45742 77476
57877 90656
29719 86285
10254 72426
74546 81840
50064 59211
42591 89101
3699 20618
2088 19036
12522 62823
48369 85236
5289 77459
67128 83190
32400 62979
57139 87623
24215 30526
27601 28423
52789 70396
36205 81194
35477 90233
82451 83154
58856 78891
43371 55078
35490 51460
80874 84375
31863 70224
49187 50905
44557 56729
12537 38447
14974 24817
17690 59522
20946 37233
34726 54342
30777 51801
51565 86274
12916 48219
68410 89597
45826 62528
3119 76865
27128 61296
63081 66852
18594 85568
8245 67255
25177 41933
2679 11294
31093 81350
1119 86303
46636 55958
1546 25343
21113 76264
67786 76005
46597 73785
3818 72597
30672 54374
5881 86437
21903 27129
30449 85650
1051 53617
27598 69096
46634 67218
12174 91354
22225 50984
1981 4097
3259 80912
17667 42886
1119 38625
32076 60202
15086 16728
6643 28146
42381 55822
3351 68282
33024 81379
36323 62648
22458 51362
56744 85813
16812 66228
826 75457
699 66999
50605 64067
52951 77663
48570 56371
69394 75356
81212 82846
1576 34950
73104 76983
29553 83102
69285 81596
36113 64479
11462 58472
18238 70346
38939 49991
89382 91874
17941 83994
10830 29758
32986 57176
40602 59070
4424 49538
2560 59527
5567 30929
30148 58674
23528 30534
48283 75883
14156 54754
16983 20679
57149 90219
47708 59441
14113 88617
33549 84539
86564 90699
11461 67495
8505 38843
30120 87335
55386 83859
54267 73819
55626 69965
32715 58462
10710 62406
38536 42318
54235 69315
29971 51319
59756 86012
10471 80341
37416 53040
133 36991
7747 56707
9555 26755
10315 34384
14929 85641
57627 68495
38239 78168
50300 86054
7287 54568
31530 69791
5147 66791
44231 57229
47234 84601
58746 62811
28478 53655
23228 35025
84195 91913
26127 29655
19672 67191
17649 85033
9947 39288
14140 63230
58699 92041
23889 37138
61383 89914
19658 82880
23491 91816
6382 41571
19481 91961
10868 76401
24929 88445
18575 66814
38720 54905
12898 62198
66435 74323
50293 90414
23334 37917
36073 36591
36903 79336
12708 63323
22840 40477
9594 40411
4034 5490
4773 28723
276 13704
21826 39100
20346 24184
35818 74450
15283 90373
45222 91046
83 85915
28947 61148
16288 19857
29254 30950
5430 35557
30701 59563
37341 92281
34648 64223
11064 79425
23044 58441
41030 61437
71363 77329
65894 78226
11039 39478
10788 56962
32713 82522
23152 81044
13049 92505
9737 37136
61432 80297
44556 90934
24814 59911
65398 79764
8261 52096
19533 84775
38586 90844
22809 50781
75743 89305
7551 58975
12136 61450
11922 53141
13764 88397
32652 81747
62132 86262
16571 89193
40862 58398
12696 78366
22007 57562
32972 57615
85304 86380
32296 76465
27699 81785
75077 90956
1568 60909
27627 90216
32738 60274
5843 39968
5252 56838
33569 64544
32571 62030
6577 49382
12901 26339
39278 50086
57982 68885
37032 85033
38522 62213
66051 69957
16534 55754
35362 83782
13357 44138
28344 91626
22582 63163
26820 79965
4055 90473
189 9589
25165 71101
6318 55368
30200 83043
1848 81968
7443 28597
35517 91331
21773 69382
12170 84764
58861 61910
17937 28217
20349 60658
80408 84257
64156 65864
87776 90055
69687 90418
31955 48275
4609 53301
45567 50594
21197 77675
57079 80387
18844 76404
68688 76262
19167 44939
4284 88356
13891 78090
51634 59816
11046 87414
37501 50148
18840 36439
64821 74848
12378 78874
1460 4731
2320 16850
41911 54791
36795 59984
34662 45011
12374 76794
36118 54051
3725 71571
1752 78220
61188 65259
27954 83862
61774 72855
6952 33668
55329 82638
6863 81410
50154 61759
30868 35180
27853 72318
84235 84972
64477 90589
46968 83302
32851 86974
65386 88646
20123 27161
65700 85572
37301 51702
72346 92077
12602 62465
3238 30823
85237 87180
12028 91405
77671 83554
21733 50535
8811 77656
22960 47158
17609 43854
23454 77221
21330 55435
8312 73571
33463 67744
36897 82409
2379 50570
5374 69150
41426 64553
14813 33810
244 26808
48524 48664
23899 45913
63262 87809
43465 57004
81309 87315
16845 66169
22628 44058
37332 66082
32330 45980
33587 86975
25171 76800
20317 73615
7102 62872
59273 79940
71187 73883
63069 70898
5124 49601
4463 30489
21709 71143
47973 91252
11990 52898
16180 81405
1419 27191
252 43832
73121 80525
12524 51376
13043 66468
24593 81767
5945 73173
42853 63041
1097 39766
55372 91866
48364 57833
3695 82060
9049 18911
1244 16240
20670 71015
36343 41738
14534 78708
56283 66807
5999 83248
15447 29627
79946 80122
33593 79406
80549 90757
17365 32583
3223 28989
15605 36498
50171 60204
6526 25785
79402 80245
25542 64750
17181 23469
83340 91431
25713 58926
1616 51806
13264 44290
36687 47637
44146 50434
12990 92242
33397 77154
56540 89590
23095 79992
31461 78298
26215 36896
17308 27476
19457 31715
40267 75955
16439 91887
30491 42860
1210 82458
3354 54432
10833 31960
12928 72820
46136 84129
19550 48418
42047 81776
25162 43570
52319 75876
18886 68424
38813 53797
8217 43033
55559 74319
61720 67707
58502 91083
5448 21593
26157 38912
28692 53250
69174 86203
17714 37653
29573 61352
43539 83327
16650 85132
69431 79033
41471 50725
27382 51252
15407 90770
11006 43568
38100 43830
28968 54510
3670 37772
62116 76307
13695 45486
16299 85287
5402 43759
12334 83765
65426 73182
14706 91110
58364 69989
17554 27133
12211 26574
40368 57513
38403 84952
15026 62147
16862 42548
15572 60235
34072 52323
15525 60264
14837 37982
5258 52347
28850 70784
31329 71565
23477 81863
2195 43450
47377 86443
23495 75308
6837 74832
53073 56328
51000 75288
16345 27950
51466 85116
28567 46334
2614 58231
44594 76100
10257 15712
24740 66002
30247 60093
48518 57870
17937 82451
17798 71996
29361 47921
62048 91489
18160 26746
84443 88013
18355 86453
69964 78737
28916 42618
65541 90748
15149 58038
22220 86664
59153 66136
4476 10169
42628 62185
14474 67115
5895 66280
17210 73417
9202 44991
7638 82138
39098 62602
3011 12687
32095 59826
60654 87349
3044 26431
4808 32778
171 25461
31806 90256
44878 80789
52732 78493
47806 81283
59098 86360
18367 61324
7050 29597
27866 64236
23731 39465
16277 58026
48421 54941
308 81300
54390 66709
14049 39903
3991 48092
1870 14302
49759 56068
59541 62327
69747 83545
44829 47814
1101 46928
18710 20486
7345 23500
25834 47169
423 47682
2557 79318
5503 74118
86740 91402
82317 87629
19309 70053
27407 54010
39728 79481
36554 67748
73204 87152
7884 27790
15092 15635
25418 77307
1458 89198
9076 13654
15936 53719
60906 73335
4703 65459
46189 60582
11511 85995
13491 26836
59723 87651
70391 87826
52633 66104
26645 44322
72030 88041
27735 46435
30296 69016
26959 59068
51244 51736
52575 55437
18617 78601
59559 73311
19550 50639
56722 91925
40120 86663
29312 81269
21857 35599
44695 77059
56172 84285
3590 10185
34445 40876
48892 53552
23440 27842
19275 50270
17774 18831
58104 88676
16582 61930
14599 87902
68840 91673
45478 89825
56964 91113
15648 58112
41460 56302
34330 86884
49724 69732
56608 79552
62567 83544
39317 63483
65227 91402
9957 51581
1010 71653
5180 83906
53959 70541
13837 57147
41413 67823
14181 83794
14676 88283
60001 66753
24301 51595
30120 56647
27136 62351
11648 17806
787 45773
25377 86304
11062 19894
49707 58181
69181 70247
20437 81148
29788 88095
18145 87108
4628 5835
20527 84144
20090 63956
519 72468
11088 81853
35490 80113
65723 73171
48216 84216
7148 81760
77029 89786
48705 81758
65871 68841
788 77169
31814 85686
4322 17960
60744 78471
50652 86549
15810 75001
54585 56978
10513 16973
8879 69589
22884 49352
26709 38326
10146 82301
56094 73353
65226 71350
71710 73154
80092 82689
73723 81793
9123 38513
28954 35471
15769 59391
50693 71142
30431 61416
37308 90788
279 42354
3341 82895
22689 40888
8693 42460
9301 81488
52679 91696
5301 67378
70154 89670
38947 61073
57123 82086
45012 71800
15582 88319
47536 75805
38549 80670
19453 48755
29518 47452
28790 87236
23145 49179
19239 70824
1912 70065
41392 47906
9860 55362
82283 84795
77721 88266
43822 67135
2353 61528
6619 38917
47935 84191
36622 59284
2592 49707
75688 90166
17684 54837
15929 36360
28713 62929
772 72148
27839 40828
26911 61131
10588 68191
42801 59801
43713 89904
9069 25026
33652 48051
8938 77326
69195 89898
27571 28582
26860 65693
43165 48393
30281 83828
43569 77719
17242 74132
57328 87860
32109 38613
45210 71823
38207 75930
3854 78398
45027 51638
33308 44288
8271 51634
73898 76190
674 91642
9368 53808
68463 70059
19260 69136
13782 20824
12790 43290
33445 75624
2530 66547
69695 90499
72166 78379
2201 78702
12131 85848
28486 71743
17237 45587
5382 33922
60037 70183
2140 41135
35584 75395
57760 78884
17184 62072
14246 49978
2241 39445
1535 55160
9175 75127
45379 73756
16619 37126
21686 49265
21706 26889
90621 92218
84977 86589
11432 69045
26863 40534
67347 72283
56506 68916
8223 45582
690 78899
28872 33625
29589 63092
21438 64512
42352 61653
22455 50076
58240 70775
3500 51737
19594 82205
25162 55359
67298 73281
6423 8558
16233 35061
1821 34304
14937 81392
63006 80453
18252 80880
88758 90076
31477 44828
59909 74415
43597 56593
84340 90186
8562 12186
24369 53235
5068 58626
20421 83040
13925 21302
32187 72968
30252 45418
23256 35847
6283 53130
29442 68287
46412 83181
43321 47147
55648 86511
29892 66120
23857 47055
48998 70326
32701 44625
4629 66510
67376 87749
37645 39624
13450 86520
44784 71493
48172 81580
23274 67400
10445 85630
30456 39204
74530 82750
42438 47352
10625 31781
32971 56131
61619 73651
11620 22360
2851 27304
10199 34879
10564 90184
27612 31930
15476 66557
34564 53309
57133 80345
3557 51925
83853 91411
20476 36146
11879 86038
21996 46911
28651 47801
4149 88563
10691 65523
25030 55447
57485 89782
4995 29637
66006 66697
20225 70367
30365 48525
29305 66150
70350 81413
49013 89100
45871 85831
660 16393
30670 80954
65455 79382
25728 39273
3889 69125
42130 71612
17215 27706
61918 75811
25279 86288
4613 84865
20139 84702
38379 61303
24968 34845
67961 70439
4028 7613
78273 81742
75889 89631
62237 88063
21143 45196
23902 55433
89388 90971
12482 52516
41750 92621
18228 62167
17865 61245
23189 60340
51186 91685
31841 71901
9258 22176
30783 90686
5905 69816
23802 58266
34527 60567
16096 47358
1206 79582
26112 82652
57564 86398
58775 92612
19472 85620
38670 41150
36647 83759
1357 23731
40372 67515
5689 80061
24909 67782
18309 19433
1653 92087
5836 31780
19644 66901
40927 91259
43652 92424
1063 64561
28657 34332
11067 52316
20301 81146
35624 41270
13399 64409
18263 40151
11486 16224
23631 69793
17624 51516
36057 61363
57450 90085
30737 54884
37133 73936
39024 46879
3409 8193
42864 68253
18548 84786
36006 76433
39183 69887
2226 48428
32911 78825
8309 44099
28731 85725
9182 85148
33323 88583
72126 73370
73591 75737
15670 79491
11338 15295
15025 70975
24016 79731
14435 49562
68860 73651
71894 78644
67156 75667
31710 38845
14532 91053
33106 36167
17426 25125
15130 88356
11025 82697
21845 75648
67656 89784
41222 89173
6230 85633
3966 17570
21385 71392
56687 84641
809 62955
20528 21472
25908 32726
34279 67277
49669 78116
1303 27073
32354 56474
11452 62625
2621 53645
39638 71187
77559 77663
41316 60038
29280 34455
32491 52216
35781 36430
4165 4899
1073 53255
1776 3761
37551 70126
41416 92588
20689 77576
45331 46458
51890 75931
20740 73657
29499 29720
32206 70334
70751 81418
40896 77995
2814 5057
81992 84049
15531 59291
24343 36435
4822 44356
11460 38901
52999 57126
8281 58139
11265 75495
1368 87332
31590 36349
39364 69673
25664 92001
919 15425
27658 71398
11536 32274
23564 81124
23017 67138
24798 54889
46943 58886
16743 41934
30484 76091
34622 58918
73090 80743
19136 53340
51739 83980
32284 75477
16553 50213
41495 92261
403 71904
14389 25029
5092 14852
7087 22383
26379 48653
26429 37601
45156 65108
8395 70505
14620 52814
58116 77263
48411 55198
49594 60101
22867 66267
34609 62246
44000 67333
38535 44424
10188 74769
43054 47354
42076 63317
61772 66420
15621 16926
19104 65363
78716 91519
48378 73222
23958 41594
9047 18547
19138 79010
9512 16794
26441 79979
36408 73746
60189 67185
58485 78598
83109 86792
11654 69702
10050 48105
87520 88796
41711 50234
18613 75502
10898 25674
59963 62735
45375 53168
25139 63062
7913 74420
13175 75283
4216 58838
55997 86087
38572 54034
25229 43901
39855 68155
27119 69247
10299 26715
10547 13661
24253 37588
61633 82401
25944 58198
26852 42883
73627 77007
30822 91816
23098 36908
3896 37510
51599 60082
10668 82771
15507 25093
69089 90175
56135 77954
20084 51089
21504 46075
8425 17877
63126 91684
35958 76453
14671 63373
82181 83798
35427 62654
59571 92115
12961 36829
23283 50087
31560 90557
10782 63372
27696 82086
23821 61066
23579 38271
11518 42104
39791 79980
15221 23380
39489 91051
32539 41331
18788 87725
62668 71736
8696 62856
35459 61420
51732 64255
29248 44891
3274 7153
45521 52320
6399 32224
53066 71237
18509 44958
32493 53427
48658 70933
36766 83598
48677 51304
2353 38848
54336 76546
13417 61770
37613 47191
3080 62209
48466 54226
32977 35544
25832 62499
15682 92210
8904 43474
62036 78172
45968 75891
68731 78897
12643 74195
6639 24269
31572 38527
21800 87308
9556 18821
54381 65307
78217 85452
2630 82041
3710 14320
1212 89243
42135 43587
17286 70596
29714 78294
24087 28470
47906 84060
69051 81223
8345 59535
22920 30525
50011 57853
71652 78420
2590 9141
16191 42614
23389 52014
482 32140
3117 57682
38648 50494
9653 61155
76795 87892
62578 81082
538 33501
8128 76967
4713 26715
52670 77459
35730 83408
25434 81631
10481 91330
11025 72284
7084 7256
48956 62651
5280 85055
4471 26885
12695 18371
59159 90339
38765 62762
52969 87805
74084 82833
9597 92332
37242 42512
14534 40817
31967 56129
28470 89244
23626 88719
20262 33355
17589 24494
40561 72724
17583 52338
28190 36300
9732 76328
50589 51955
5609 9230
29646 60412
36604 69620
31189 80153
19781 56384
72866 73017
10621 66645
13350 84389
1235 42603
57166 77540
12919 18031
13736 20805
5640 45482
44351 51281
28899 66152
31980 73725
55382 87266
5472 74171
9803 47579
3634 78068
23884 71862
20054 82137
29767 34939
28714 59231
17065 55308
20983 58244
45338 77495
56556 78878
54222 87115
7146 26928
44970 90555
70028 76001
79429 89503
45784 62535
8483 51731
14857 65295
10243 71406
55260 86989
19585 64663
28310 79178
14009 36323
49047 70781
9605 86321
30396 85265
28947 87452
795 38164
18887 45909
13123 60674
44355 53078
21531 57526
20779 34543
7017 36474
66114 86840
63225 91134
16242 61930
10520 82475
67364 89594
23323 87793
58862 70136
6692 12718
37606 55942
19816 29054
47675 84494
23494 67182
24334 48785
50644 91078
14509 30548
62260 66581
30137 85765
56567 64287
14866 42921
41774 50358
40097 74351
16816 28229
24649 57398
37819 38698
10133 26545
3963 73315
9268 80415
70842 84171
60409 79290
56342 66591
52125 54914
70315 91831
28487 85548
6769 40106
24565 62793
21689 86558
28628 35717
2077 71698
16813 83479
8007 52737
12486 84696
43987 89038
31058 55316
15478 17785
39085 90234
73568 82786
2437 48143
12776 71638
4478 34519
65217 83626
35654 67834
43116 84752
10328 55718
68328 73614
5083 73936
1015 27295
35023 67289
37121 56580
52012 76326
31888 39028
44231 67748
9142 70311
63547 67155
34452 65371
44621 50758
10650 49753
33307 55160
46339 87868
1232 73954
2520 72588
73349 75061
19605 63178
57334 75401
16911 85318
35657 50585
68750 89230
18255 65935
470 69380
15562 86368
16854 16911
68501 73416
9160 88876
14575 87770
86471 87209
13211 90090
28386 59782
60765 71809
28229 82040
69219 76949
6943 36472
15093 87252
11964 43852
15346 66833
3526 65678
25307 42008
53282 60429
24627 87302
38792 67308
14540 46158
16302 28880
83756 88898
41452 79699
53782 86551
33747 66174
69756 75468
21720 54085
50429 84780
32869 73640
38192 88451
35807 51828
27462 54056
4372 35812
59153 69236
13580 33731
28681 79075
46616 48445
12045 48215
75208 92151
14455 25741
17416 60927
220 91094
27997 82467
10297 80225
44866 81514
68568 89591
277 38274
26359 46743
20435 37586
66838 91153
33261 42310
32624 65622
56993 85573
15051 26760
21910 61421
35613 75422
31597 34473
8921 52717
79296 82980
67355 70960
17935 52415
31283 51589
14034 60543
13201 43860
214 90092
32940 51242
20651 64121
72970 85694
62827 65576
13659 89596
57479 74349
2775 28003
68650 81156
34973 71168
8655 19930
43099 70350
27470 31019
25206 80502
81306 87085
28651 79226
37913 44469
30190 32147
51958 79267
33042 41336
26186 87762
52557 69677
19953 59046
4033 20576
12122 82351
673 52381
4476 87440
20442 89801
48993 59209
35856 51568
433 78871
12536 56290
38152 87417
40564 64383
9096 20408
30355 65604
21073 27831
34807 86895
43410 55893
55795 74572
22791 64522
63415 68793
3192 87490
68738 85781
3610 56134
40403 41319
2409 53235
2106 48887
5810 22924
33120 50915
35024 87523
29244 55262
27672 84902
87436 88481
45181 91442
27213 76663
65555 73609
68945 69284
59730 90298
41400 73930
2104 17569
29596 70387
20730 63057
37852 77406
45276 84017
491 39784
22010 68541
470 56253
58924 61201
26610 41477
38909 84296
38642 72563
60278 76685
15467 18639
35435 39107
54326 78151
18958 90286
46872 51067
7909 78744
28835 55758
5084 22592
17491 23451
44740 89144
11052 21376
26118 83699
52345 84905
48212 73980
15520 49631
51366 59438
3761 75578
73691 76305
15674 49991
14130 33661
77429 84567
2292 5482
30136 64157
21690 36174
21775 55569
68228 83121
65240 67336
43591 81597
81020 87774
82758 92046
14278 54598
2261 62204
50885 55898
66847 70407
17896 92011
11188 38483
21601 70651
64774 92375
2552 78636
16651 69410
17538 26207
31733 76401
9633 64681
7290 91967
67227 78017
29818 75201
9480 39737
66313 78230
32782 64225
345 18213
4290 54483
76 60507
11882 35537
4474 31659
9969 42062
20678 81499
44459 52456
23710 62989
59927 74989
47792 61076
25320 52285
302 79047
35799 54182
33582 64511
16789 89623
43291 61733
29129 69167
54588 61303
7402 11710
11052 74793
49524 59108
12318 68862
3513 87739
31607 92172
36648 61578
34469 52400
27042 31025
5432 92098
59893 84129
49247 70059
60532 72228
23273 67469
56323 78723
38364 86369
37875 45202
31722 40775
6081 45281
42601 83984
21000 91155
56519 69638
22566 59493
48363 67768
11703 70887
4672 80968
33699 78600
32657 38517
32840 43457
50479 86555
20411 84217
44158 58918
31671 40916
15605 55301
17272 23978
72012 73772
50222 87384
5974 15551
3764 27091
13878 59137
41496 81581
32868 62048
9932 23601
22759 65963
66499 88616
59851 91550
33570 81005
51888 81175
61077 63229
37010 84501
43262 85919
18736 36975
10424 55612
12980 47750
1561 86213
7243 32790
68572 79189
25970 37530
9171 77215
40963 85108
46528 77862
190 35410
7724 38820
18551 56580
20052 44345
46674 62872
38074 52976
82145 82886
80553 87324
30664 68562
54548 89456
13443 82399
4401 76617
24479 74161
43884 55316
34078 54907
56057 66857
9686 62004
25322 68762
120 46216
29149 43176
52010 82844
16040 81361
8807 10805
61313 69913
26861 27760
67239 75827
1968 9740
23496 76668
40401 57898
78701 84033
15953 43746
11417 55036
32008 70755
88577 92420
120 6635
13278 31264
54858 74217
29068 50216
28574 51495
31649 79711
36755 85445
29468 30842
8555 31586
70547 80555
72100 82788
34917 76580
20855 67566
89818 91513
31381 60538
21430 70072
24892 67154
40772 64449
17363 20292
70666 72573
46444 72293
77523 80490
40503 43141
7076 36454
49738 90818
9673 88562
18118 20601
8088 60104
30162 75757
55505 87752
14803 21167
69849 89091
67818 87568
12886 35883
53843 71558
1825 60963
8051 18469
19808 55727
44559 69644
9894 55388
53368 74874
18450 67080
40258 85342
55966 74418
64228 76895
19663 20975
53879 57116
3914 78345
59457 61685
14862 58570
2562 82133
387 63477
5838 9957
26039 68137
23878 34919
48401 62168
6622 23190
12006 19593
57824 72375
29840 34522
13570 71915
62350 66885
70629 85360
16952 48973
5093 76829
59186 81433
18823 50831
45090 85493
35945 46286
19763 70792
18543 19622
23941 56497
54188 87973
33713 69016
3745 27382
43142 55500
38016 62233
5193 40081
20204 48736
56693 85347
24789 56027
19361 19796
199 61326
2086 89852
2203 78692
1894 82553
75533 86293
58350 82145
72370 85023
24013 73867
3636 66400
33662 82306
33073 75344
36435 84565
21221 33075
34501 67706
44295 67585
30464 46754
82756 84487
57664 72836
41129 89835
4281 90815
80653 83647
34758 67685
1472 53351
16551 58532
8865 17196
69116 84385
27209 54500
38171 46403
18301 86002
1714 67789
25811 68907
43290 89289
495 52925
74762 90743
15822 74333
18367 68370
27102 90024
43946 72741
5674 19834
19616 45336
15419 20942
58133 68085
17245 86210
1327 10230
59241 88296
15720 57078
27199 75100
59542 67962
14135 43818
18901 64172
20276 51420
74307 77004
24086 42703
9729 28647
50632 53969
53183 71716
1 24706
14405 74522
20654 20929
9747 46783
20238 86806
24336 75776
30551 60577
27503 38956
57735 64796
2160 70998
30127 72138
5704 28496
8928 13328
15535 73240
7563 71536
2654 70086
5205 78737
51038 74990
25881 41355
14358 62817
73866 77435
3301 89430
28754 84079
43921 89211
24330 75135
57244 75235
24689 36792
33220 65093
59610 71327
26503 84060
39871 91287
8375 54024
15618 69064
25076 68525
14335 45489
31828 57923
56023 89877
64242 64566
25281 74008
4025 18829
2318 30668
4993 34084
39822 73223
43537 49056
50517 72132
4331 74330
61594 84891
30587 35109
48406 72574
30472 34026
1250 44522
50870 51112
6708 75105
15726 51475
23670 63042
18685 29440
35112 88215
11502 80610
82888 92294
39157 65531
12305 54009
32083 55810
67101 67747
5517 68349
7432 72952
8275 36221
13772 34398
24405 25866
25810 89040
85040 85429
7506 45751
17693 85420
9773 68935
51942 69427
2920 36640
22053 23185
42684 62370
16104 78697
24223 66702
68382 73075
28717 50656
6254 76857
45396 57543
23623 33889
9292 77321
77395 91044
10993 20185
58994 91454
48112 64894
22576 85913
24169 60713
21775 31265
36312 89035
70177 72260
4563 44373
28946 33789
88835 91925
61584 85592
39707 76649
51299 65665
2050 8357
32041 72195
22059 83137
41951 76489
39018 79187
15932 18430
56475 83667
11758 48282
68481 91455
2911 10791
14430 60549
34275 77719
78813 91000
18779 22300
43015 66527
56030 63069
2111 41315
63 64588
68171 70448
27172 55698
6562 69918
69053 81213
6288 71840
567 11401
28031 42497
25323 77821
14900 83686
33770 72074
1764 58584
12667 61829
34334 92443
21204 85299
12857 24196
5456 42779
54938 86246
12597 61561
9169 67001
30576 41666
70908 79783
54630 91171
71959 78023
25255 53813
7397 37969
40819 45735
64638 82026
1588 47849
50819 64553
65215 85662
41489 88666
33613 55874
4071 16164
22489 75320
28528 43554
54316 76181
36868 59498
46364 86797
2421 76895
3947 77352
2110 61943
71512 86622
8473 61387
48320 61805
13193 75912
113 3129
24068 91803
53867 70619
90081 92393
48792 84144
32713 49784
1481 5728
44554 47911
21791 55029
88981 91930
6722 16761
17560 85022
47216 58452
56001 70684
68476 77162
52706 57599
2585 23690
7814 33484
9577 44299
5188 74048
1079 83959
46287 56876
5123 21135
58306 89094
19839 79622
866 47255
41356 49642
32152 54892
23473 75939
23365 84050
7313 22774
54356 83687
15572 15726
2052 42564
50557 80217
47802 76598
33448 57707
35618 72758
39725 60317
45110 58304
71409 86164
37436 48687
20605 23982
59118 60832
5189 48038
4232 55916
843 92390
30816 55348
41057 73911
13547 22697
17137 24000
34232 88415
22363 40973
23992 81944
66832 86913
53940 86462
88099 91207
5750 24686
42676 84888
11483 32793
22613 87341
6222 27994
15612 25530
15970 84833
8072 77139
37408 92079
2723 91143
10932 11454
4701 21072
18610 58612
25650 90304
1513 1677
37865 47031
3860 62892
31584 53833
17619 33672
9955 28184
19594 22087
18756 64593
79533 89469
31656 40201
16465 32953
38666 57851
9067 86550
79874 80371
8336 44956
2634 81834
46663 72050
29220 63367
68397 68876
43383 59808
74710 87758
43924 50350
14556 16915
67204 84403
5592 24214
2541 57366
20402 71032
77245 80191
51336 61241
62574 74704
18160 39795
9121 87272
4447 18306
9224 23739
31774 80494
53044 61927
68217 80738
65344 67921
38909 45403
39991 44003
788 76980
70948 90481
18336 60272
32586 39816
10889 87272
42165 91437
18854 68238
13857 57490
33216 43558
21646 33112
59590 76300
7680 72293
32906 78336
12473 58786
58536 90125
46125 91228
11123 37154
47525 76448
62934 72909
17209 58747
64317 88889
51316 58414
19894 65358
58390 89134
59178 76155
10919 20858
19494 58982
35421 60492
73072 81393
6326 24217
28447 54977
75519 75864
24804 33776
60120 85673
76104 86248
18916 32170
69932 92096
46381 67903
33754 42418
49979 92117
62199 90267
57404 72927
26708 36558
25795 63257
4146 45500
61315 65926
65260 86346
21743 51568
1183 82433
13468 32407
57050 66308
59840 73669
3394 9066
32650 45978
64808 73516
20550 60768
12510 50107
40918 50097
66721 83494
38743 91461
35853 69463
70558 85733
65464 65479
32918 75447
7133 57238
38096 58128
67856 68731
2556 15889
52890 58490
44606 69518
8279 44576
79830 89549
21888 88419
39010 39311
16287 32008
9929 58322
31455 47879
87007 88385
36165 61861
74392 76396
29829 87468
58932 88481
75541 76522
3044 39427
19357 41093
17899 90255
29713 86441
13826 86773
56484 58322
24393 42306
23568 86525
34411 52016
6845 35791
46826 90336
23276 75858
27695 45060
40373 43006
8083 46630
74470 84952
16868 38857
53789 78380
30266 51696
24076 45508
24269 73599
25814 41890
26056 86876
12505 32027
3743 6717
42500 88859
10635 14777
35009 76850
14335 30598
4581 31096
15609 63081
9110 36930
11795 18763
24853 29237
16819 87797
9939 66789
3230 61757
60610 77666
37947 50942
17452 90993
63487 79027
57625 77831
46913 91457
5033 67736
90169 90695
70975 79343
35377 36378
3312 23849
8282 26389
16751 74380
36209 67119
35942 80414
50948 62566
21031 30385
34619 82036
7996 26065
35673 50230
40969 66817
37986 75666
72574 88093
18132 88640
6048 41653
26631 71754
1586 16356
44056 74644
77208 87665
19120 26344
25004 33277
45500 57338
23682 60910
50856 54712
40334 84401
36564 36907
6942 16452
4007 83889
36398 64940
31347 80367
8682 91094
48753 75687
73210 75355
18272 40086
38343 84907
10931 46386
31109 52867
45241 55915
9951 80054
16935 17927
4034 60044
38102 84294
21909 67701
36181 85159
45884 68918
12677 41054
31059 60224
34699 47459
52988 74487
46582 74238
58415 61204
28962 74938
11270 51020
48622 87220
72188 81507
4050 15652
5021 51801
68789 80429
27916 57049
64306 73332
85609 87005
19069 83763
26150 68363
34299 77713
43744 45666
52931 76724
20116 26149
9472 87545
41913 76555
45373 61363
28961 44674
51466 91061
50284 91490
61945 66254
32884 84121
3498 4726
4946 47605
43957 77393
37550 60758
19914 22029
56756 60091
18923 64568
43966 46354
68199 72790
14447 72459
15125 87320
56835 61172
11669 32255
7764 85082
34997 92086
40781 42330
20654 49234
25363 28135
16156 70262
64819 73448
76844 90894
41002 52935
15550 23865
25307 62819
13912 63758
60111 88280
23624 46561
46519 78156
1963 21668
24791 72692
44347 79450
20750 57083
8711 44230
14854 72250
53533 77326
40684 52135
76091 92207
10634 76304
10703 51112
36259 79016
39944 64384
31472 51306
30013 77704
8670 86378
4110 34358
40394 48709
13335 29124
19477 83149
13306 39017
70061 73202
8924 49082
43481 57076
19 6433
52333 66258
71484 73909
55001 89840
60707 90342
84685 91443
46728 47845
50628 58397
6832 12710
48938 74201
40814 67008
57790 62636
40407 52963
52120 79370
41558 70967
19224 20863
4258 59355
16792 19595
640 61514
38568 87531
16887 77999
2464 27176
14537 35107
10907 49646
57589 83127
26386 70464
46672 67389
11360 46838
62692 74616
22101 70301
21430 39412
33184 74256
56608 80056
15506 75460
22047 47972
22081 56522
15654 90196
4454 37099
80985 86509
24510 46373
7211 41103
10232 39902
3052 79115
12780 25987
12536 50766
56875 77609
24831 72799
51357 51511
66022 72375
27207 64809
32350 72988
14414 43053
61706 83696
4464 86354
19745 53401
15706 17086
22343 92047
33545 64118
26443 70920
53992 65836
62875 76471
30558 86704
14106 65393
4522 84792
8209 37206
71264 71589
5365 17520
70455 79379
39148 46498
38461 92107
56105 83394
14276 46272
38593 43101
5757 12621
30433 30674
42563 60966
11777 52035
60369 78214
64319 71647
9206 82917
71768 91086
26581 47723
2546 16745
14299 14751
32555 32998
30434 74945
22625 59701
7229 76902
45302 91345
64502 78942
26092 58641
42624 76792
75407 78858
7912 67625
50470 57469
20135 77639
9899 37197
44637 74030
7896 63761
33994 55601
59106 90620
21121 34320
62110 85254
14487 70312
36623 37561
5775 88089
28310 67517
3108 74354
26879 89471
19372 62008
13575 67585
45896 55057
14566 65802
31679 70562
40927 59825
65663 87897
12271 30128
4748 9072
42965 84094
51742 73161
33797 69444
23207 50035
34273 62182
42922 81636
12018 27706
39465 70037
3498 81187
41560 88814
12932 49142
35086 72665
20857 55426
4681 73879
28179 40128
13322 32817
38151 45435
18503 21822
56284 62538
62805 81398
19700 54044
16399 63954
2015 73234
17570 43459
37210 86262
28440 49030
23176 58896
63006 71966
23218 51389
12042 18902
37689 53909
72509 92580
14219 51983
1090 39300
78123 80131
19097 63400
11385 82695
11159 13672
53624 74898
71178 87676
31613 53762
78542 90676
11066 69268
2395 21130
25789 39618
3151 13968
16541 87952
18081 56145
46513 77112
64719 69890
2221 75321
62699 74610
45471 92553
18971 34640
7375 48284
25616 87097
1262 14123
24057 81616
63375 86746
239 88961
64425 80298
3207 62141
27851 33552
19824 82362
11071 25884
33380 92497
23121 88495
64600 67273
29657 39908
33543 43810
57777 66312
12333 35766
13492 87154
13125 84407
49200 78891
41573 69850
72402 76903
81166 87803
615 38824
24746 83090
50761 86376
6843 86927
15178 36477
18769 20295
21997 72107
18423 68128
17329 44296
16882 30076
32174 74563
38817 62870
26755 58866
1547 43281
6745 18032
16213 40207
5778 71121
36449 62138
18104 87527
10357 31965
4392 13854
9282 67740
12945 33323
21691 38234
23144 79361
23806 86538
25919 30881
22730 68052
6809 58014
52775 55309
68078 72354
1682 4539
40301 68591
56457 78271
21460 36178
25497 91187
39725 53072
1232 44124
72028 88240
33583 61069
71927 92544
81262 82220
24980 83547
1912 13982
72005 90493
72686 88154
50497 69314
11510 74140
14924 37338
40875 73200
72424 78293
17932 46519
37811 75841
4296 23605
62990 63303
47890 67758
75025 75997
46666 73153
28597 43907
50565 77438
12258 72480
47849 62811
25317 91777
1883 74799
72480 84483
14429 40321
17682 90652
12370 78663
31633 54985
16491 57537
60419 66260
3178 30200
35609 88839
27249 72051
33192 66651
19435 42084
43426 88852
40842 73508
10154 74789
39143 84829
28076 71983
23881 67109
10992 38161
56133 76710
12998 79095
86920 89334
7237 60024
37886 40705
3497 46056
3563 40192
38264 88097
64430 65372
20001 26061
11081 43677
64865 85883
5158 60547
26363 54968
5055 48216
85519 88292
18552 29831
64072 84780
28239 52599
1233 91384
49095 66789
20476 60815
9205 18617
37166 37404
29182 77552
9986 87321
66456 81509
38441 87850
35433 59973
13246 69154
46612 89132
39902 55554
9276 86884
4684 73331
5843 37220
4301 20247
36745 86136
3717 28579
22045 59609
33182 39543
26386 33664
4331 48401
75833 79044
14376 79931
34718 46671
12022 45266
6499 49009
42580 64897
22861 55269
37 80057
18969 59128
47014 88046
38231 42327
19890 26003
33192 74532
3318 13240
78433 86849
19168 64975
24677 52177
20441 54849
407 92484
12033 55735
64079 89762
9284 38041
21224 47069
61058 80031
74646 90155
3875 90819
16700 46152
42548 69420
16442 59716
31110 39651
7608 30464
9197 20400
41055 62399
29917 66773
20220 76404
32210 45200
26507 38594
2851 88407
23425 45913
19817 81715
23885 54308
5662 41582
2161 54069
37915 90710
16919 26238
34499 67455
22484 64890
12244 42638
31989 54782
20155 21775
51215 84865
5655 69954
6020 6434
45779 55450
33963 70843
27655 73281
3710 7321
20770 74343
17688 64336
31682 67334
44920 79263
51167 52711
340 61055
37232 40349
6352 21601
21128 41822
2503 11878
47311 50270
30930 64786
34057 64373
43879 55913
73504 81363
36633 51766
29575 40742
86076 90652
7032 23322
30399 69607
32789 53810
30194 89339
49299 56467
42300 86845
52704 56042
41797 83540
17736 26622
72796 80749
32039 84123
48073 76897
32324 68332
10124 14639
34384 34960
8030 80476
31994 47007
62944 65077
14760 32650
40176 86910
28189 29026
62007 77641
37927 68564
30950 67648
61492 82791
20118 28646
19734 30683
62969 79487
65664 75900
81112 84255
4069 79376
41625 62995
60806 80477
9884 28743
34902 40301
58069 72284
53924 92490
58575 78298
59813 70275
8638 23704
20730 37319
44374 66853
34703 91729
32276 88657
45202 81133
46834 86209
37694 92613
79600 85956
26496 39308
12895 68890
1998 66266
36719 50109
25637 77279
3917 70091
52804 81134
57113 63351
19844 65418
13087 79239
30247 34738
19163 47665
27757 56667
39798 90149
21157 22098
6342 36945
36762 45467
43180 82295
22749 48909
30138 32205
11357 21589
47843 68930
34318 73864
4894 85514
26470 37205
57062 83675
45386 50516
34794 71031
24451 26040
64382 69968
33917 80064
5312 56208
25825 91568
21462 76556
28390 31638
61702 62484
65243 81251
24154 82737
71035 80936
41810 67124
2380 32055
1017 79032
20979 63374
36892 49723
5921 58990
10623 33427
27126 92501
1507 3304
84293 88058
24887 91956
41718 73898
23969 27253
74598 81615
11269 49033
73862 79628
27254 72441
40393 45659
51778 65984
61472 75277
30871 91542
60811 79212
73332 84558
4991 27751
63421 68703
23963 87256
20462 55838
82387 87714
30151 74537
18058 63450
8512 69801
17801 63276
13169 14394
31997 42232
27600 28575
42492 55213
6773 66356
867 86617
14771 18601
84328 90011
31645 68211
32695 46480
44336 80026
15857 45547
20517 68503
15823 48253
32426 83669
30666 53262
7181 90474
27446 80494
5979 76504
52176 62930
13942 71083
62152 81958
26498 32222
23331 88813
32290 78540
12578 35479
30102 70321
8094 88294
17996 45839
86200 92292
2076 35477
24847 55029
71222 79589
64726 80235
16854 69540
21249 37600
7782 25467
45744 88430
38307 84056
27280 69232
6079 66494
46972 89366
62113 80786
14118 29514
63756 67520
12083 60170
20726 66022
27955 32183
16946 89963
34025 75679
5094 15484
1654 50651
771 65574
10484 58437
18850 33807
30520 58460
22532 30912
34523 67515
38872 41323
42466 51061
206 74621
48714 69320
2846 62582
13429 55686
22123 38750
14438 42171
30887 60817
69940 90794
19002 90825
2955 54388
74231 80825
39447 56729
43750 87520
34873 44516
31912 65249
32352 85941
76693 87513
23952 59265
22225 58035
17367 21916
526 86038
11626 70134
47070 49947
4878 47148
38212 66852
60620 78710
20406 73911
13242 29074
44246 53899
64868 67770
6635 11570
5299 87689
27283 37206
21412 28322
109 12322
43316 62573
10771 56815
43054 44061
9418 39406
67731 80457
8372 15103
43625 85431
50215 89876
30599 52670
5931 54436
951 82358
34501 89388
17245 92542
31401 34422
5453 90913
47302 73567
26546 77641
41278 85586
17711 73831
71381 77649
10742 18591
21621 42485
64835 80106
21448 85519
9717 64443
2636 5938
66975 71899
43557 49445
7907 10350
930 32680
34454 60852
10585 65099
8050 76517
32758 52100
2696 75978
38356 62950
20175 51098
55186 84211
48567 79556
68318 71719
60923 91511
24426 73335
7786 21336
28537 85599
6200 64638
30452 69636
72062 76033
27751 70647
73753 86524
51315 72756
6382 18557
14222 22168
7234 33222
24769 53391
59060 91407
68121 82301
49706 58514
59174 67558
67391 81279
51364 63987
21474 73793
39095 65660
24026 53502
17767 79674
65978 72663
32925 46996
61571 83848
17789 66794
35576 54857
60814 74956
50303 77428
16675 34488
35486 51713
4659 85512
49091 83461
15528 81854
57017 61990
50770 65065
54081 77231
15998 80805
22021 63076
63177 74749
17633 21706
64120 89098
42158 66662
11565 83651
9953 12973
11927 60233
67650 74852
23503 58153
28079 91270
71810 83745
36046 86844
4030 17996
45881 67586
24981 42302
60791 61529
49247 67861
44272 55589
6413 37969
61586 75513
23343 43203
16935 43988
3779 80644
26818 86936
46449 46965
10225 43648
19886 76894
12553 60077
25317 69841
23883 91786
3378 58330
63455 69253
74838 81780
7929 36192
43226 82258
53077 57632
18094 53014
7645 18884
73626 91864
40721 84614
28849 38739
18183 58465
3143 65214
20831 76004
20680 73323
6334 56677
6027 77237
7462 74890
44646 69214
62516 82693
16559 41581
38304 45919
68509 71782
67186 87146
26214 50847
4993 57021
9335 59737
6330 28589
4798 32865
2051 77434
961 3257
24644 87215
57924 87636
53834 85517
7878 61203
34325 50991
10689 20954
66076 82145
38137 47045
75515 82730
61864 83108
32397 78612
38513 90341
15733 45011
28986 48062
49352 53440
60918 87224
46927 74274
15740 86716
36473 43483
11955 15314
62591 65407
5977 20907
25473 79251
54730 85863
59083 65565
224 84361
4743 14449
44613 47251
32811 67527
34303 52061
13930 26017
34144 76077
10731 47768
31471 65561
18753 82790
38503 62717
77431 79436
43947 61602
21570 46562
60644 80605
48246 85906
57181 77204
13224 85235
6706 80473
24736 67714
1247 71604
81043 86796
67774 79846
8902 38459
19887 72436
25287 49791
3441 16966
67575 86380
59975 61162
21772 64128
21825 49347
5257 64968
6676 55709
43607 80282
25738 54606
9954 63227
75177 84141
13728 76340
10932 43731
10817 15897
17885 64191
35344 52834
9812 59431
12892 30712
54179 54412
54958 62832
61793 82243
72174 86638
17295 44197
13144 67182
8006 31604
36287 62864
31756 61371
38082 40366
22295 81637
61220 87147
54571 69118
74733 86654
17076 65301
41812 91967
29947 75561
6797 45941
13727 88823
28408 89767
25620 40599
47131 62421
41574 51701
43876 68150
26225 31194
33048 54630
15571 29905
13663 67583
24304 27514
6334 57342
66929 68471
20644 36032
36486 61137
59830 92025
34574 81967
61031 86659
24754 72191
78235 83205
7854 86159
81595 89248
35292 68812
30027 92465
63116 88940
9038 18732
70468 71277
20398 33863
10818 77924
14720 71614
1260 85113
2683 5988
41170 41379
887 18315
7874 15746
78274 82753
28179 65274
31854 35136
24999 90647
22680 77557
29823 47782
45325 79135
20329 68734
6484 59174
29723 69010
21017 50904
18483 22748
40835 43851
30419 35195
18392 64343
32315 56397
18992 22866
3522 90702
21576 23674
21013 31805
5959 92292
68081 70468
49416 86568
64587 85155
13601 58250
63990 78700
37983 86218
51499 55051
82 55341
25789 57671
940 88981
757 82456
8142 59602
13010 60780
30319 56238
21965 63178
3786 17555
76553 86085
63667 88146
45545 55072
42324 62562
33111 86395
57961 85564
12873 23389
17940 86878
11690 88772
10242 67359
50619 69578
70984 86081
17897 53358
30953 68525
75806 77933
59089 77019
19240 77077
8082 38633
4590 91721
3284 87459
60182 74852
1468 30058
31070 39280
34866 80156
15570 69195
7791 58347
14546 52114
1048 23150
8671 65594
61483 69274
28691 42514
47321 89909
38892 88429
25680 73255
11848 76012
6454 10393
18718 89551
8729 29315
11095 74387
6792 51874
9011 47607
56145 67084
21515 66876
43538 55582
44997 76227
43802 48131
11095 29375
15963 32868
4251 36480
32822 62759
20357 52011
12956 77622
38673 58117
2735 3152
8035 28606
33522 69258
29590 79404
2863 34697
33619 69205
30562 72737
18369 86338
7552 86162
53005 89658
12715 75651
37554 84806
36340 87912
9908 50603
80682 89836
64146 82975
3020 22454
38875 48659
59478 76636
27746 63622
55871 89092
9596 12648
29670 70374
18268 68324
36031 87960
30756 45337
17140 77257
81860 88523
36204 67416
60274 83628
49966 54068
39213 72436
63798 79930
16172 42516
21993 55311
1254 59274
38962 56037
48168 83146
8278 37694
60736 84729
14971 61453
15280 23923
15605 21773
15433 45254
78323 90039
21159 49070
13943 76418
36645 44355
34299 91040
38339 90629
28222 64882
22121 26132
58997 75166
1105 31941
25306 75542
40639 49445
3221 10463
15422 70322
17912 27075
14031 50753
20050 36825
303 75610
40725 87843
11324 81266
20818 89880
29850 81163
248 40248
35488 89169
6718 16722
7394 22076
52064 91277
45541 86640
36368 51632
28089 79181
16921 80772
29429 64296
33278 78523
4229 14307
18416 74079
52161 79881
19504 90795
8791 55320
27187 83826
12474 19668
67099 76071
13793 19412
27765 89482
63594 78713
19679 70751
13836 42014
23864 53581
23968 60732
83017 86683
40048 56865
11374 59645
23602 36956
6449 48430
40753 89633
52431 76037
25181 91482
43738 44088
25440 27251
29554 78335
9879 41668
18676 29402
74782 87538
9907 81419
2283 85107
69440 71854
70714 72372
7595 35999
81116 88273
786 31349
1810 51944
41377 51657
56551 62984
37248 85406
29378 57479
61583 75258
77568 85102
28690 79742
28150 72861
9291 64937
80414 89419
3206 11147
413 59648
26639 68078
51235 83943
39016 58435
6616 78269
29651 63460
51304 86253
28370 54150
39730 80959
44842 63633
73148 74297
8354 87842
40706 50356
19953 30265
64652 65988
20947 62053
3237 82053
38317 46514
49059 52224
16349 85172
35959 91368
7947 29794
27848 76466
8182 72798
20234 31494
4891 23954
12864 46262
11934 45195
37126 51730
6733 84329
26584 60572
51922 57451
29046 35612
38173 84243
44458 62834
55491 91009
6570 62231
27019 54376
56795 61047
70430 85813
9198 55008
44093 75708
33692 75576
32653 72352
62283 81799
37041 56654
39293 85403
60264 73733
3744 33247
44963 67405
13899 80093
17686 73242
6463 32149
29161 41386
42362 49785
3444 31843
48110 71724
35441 60384
7363 41468
5534 79116
21734 32198
26188 55002
9746 43426
43360 60341
21308 63525
50886 58899
13378 92485
21957 90785
340 63156
40101 61836
34799 89972
10781 42754
1653 40486
51179 60774
64971 70889
10223 60007
3900 72910
56795 68934
38641 40624
21429 80275
20400 85911
58189 81431
8577 58740
13270 16769
47943 51481
63819 66266
10468 74949
36373 45969
7333 39096
65813 86628
21594 75267
44780 59622
20514 74448
43093 81400
13678 38692
19696 64011
12978 28846
58402 83288
3635 54777
45943 67872
11998 18160
16030 30071
39903 82515
44871 66466
52540 53762
34967 83315
8065 8449
7577 38602
28762 45495
31314 85894
14865 72198
4054 56007
4608 51059
36039 39658
27707 92271
27110 30680
28826 82051
31496 92480
29000 69554
22207 23580
41301 74561
23629 31266
24650 62659
19125 41075
10150 34344
37109 43451
45190 71245
31828 40678
79078 88441
23785 49772
33612 71125
54767 77084
5616 77524
43386 57479
9128 45445
29406 65547
30390 48527
66 87136
38944 79159
515 11696
43636 43946
48601 55434
11569 30636
63372 89004
45941 86313
7648 74345
35570 45653
6740 13794
26080 29863
33429 74893
56814 64198
19240 24997
6895 51364
1134 22575
10247 71530
15048 80342
13559 59345
45831 73206
13323 70333
28337 43999
11225 45153
25275 40375
61111 84593
47206 51009
75133 90190
60798 81948
44917 49798
19430 55144
46582 60182
27701 83452
52952 74854
27442 75149
40493 65405
58985 59267
8617 9728
56013 76566
40193 71165
39662 53406
35284 74836
39290 81388
19164 77231
71887 91304
65271 77274
40832 55123
36559 49744
13993 92254
26863 30391
23432 59653
22274 22817
41091 66319
35642 81966
5595 75412
27427 87684
48485 66872
23592 43451
56354 56410
9455 54307
18515 24128
12013 69639
50689 82316
46331 88766
36230 67551
4891 40265
59702 86532
16010 25716
42299 64055
21256 56807
27942 45409
8153 57347
24136 43828
4074 6093
74517 87676
67071 72852
19238 45000
76427 77627
86785 90340
40512 45452
27633 89487
8852 47154
58229 68964
23549 84608
30302 82937
51692 88184
13113 26958
54862 64270
21275 24465
46100 78103
4527 42296
4101 79018
60144 63400
45597 63497
10107 84297
8145 43965
23262 57960
12955 89261
30496 42784
31715 45965
61329 69747
9167 78116
50289 69865
54748 66881
25176 27226
5818 35585
43557 82892
35300 45960
31418 43319
30884 32301
40448 85301
47609 89788
5949 39123
9938 89112
10986 79635
75356 77559
39835 73560
884 90731
5059 47145
18889 46760
4801 62404
27826 61497
7843 48438
21187 24031
18183 59387
38130 59960
42379 47427
7328 56013
36970 83359
7099 7730
83763 89246
57112 60034
8815 88956
67474 67992
34556 65916
54 49098
3884 63853
22401 75976
64958 86992
3036 24026
61050 68958
12048 29667
75882 78353
41205 53634
33266 72300
11453 86739
35964 68780
744 88045
179 24009
20542 20967
18792 70759
69851 76993
1741 88022
27990 46352
35882 57984
47509 77152
26409 58703
32512 69794
191 57440
18396 75263
95 18613
47080 82996
64335 92550
27913 81535
15452 61025
37933 78480
10439 16478
30783 90677
36497 81518
31805 55021
63222 68504
64637 75771
11632 34507
25350 54976
4504 42335
17945 25761
39630 77978
3281 27888
51432 63652
31289 50806
7144 75802
802 19090
57610 77952
29847 40006
338 81999
37575 88343
28765 58037
49666 68195
44000 44981
38052 52913
3626 7436
48465 56831
50883 79400
14423 75334
67740 90437
1758 57451
57956 65631
83745 91968
62630 68954
6898 71056
38682 48786
27911 34061
31186 44085
19307 71678
15657 43365
69767 77715
25695 30825
18588 54173
33971 72383
31376 33442
54255 69214
29640 35770
21103 43579
47498 55062
31281 62282
65075 90893
14773 52214
1484 59850
31100 52405
24045 91867
63060 73363
47124 52306
3817 61108
55972 68113
4727 27160
7020 20891
20405 71484
29811 30101
36017 67658
35014 64168
8302 51027
10511 50813
1940 89239
21317 41059
20627 24477
11676 66835
15447 26183
25788 56512
3064 34300
15940 26535
26560 72552
18423 59575
8773 86471
11299 78228
30542 76895
24986 56101
43592 46464
50431 88751
51234 56184
51253 51603
35180 39832
31156 46761
3967 36787
11582 70806
31 18333
13525 35951
41290 53467
69090 78244
1439 38737
9154 81954
25150 37398
70281 80599
14408 61197
21018 70921
37362 53559
32080 85499
52608 63029
5130 14752
10575 41725
29819 51435
72888 74263
18105 82607
35715 85136
44860 83751
1369 31923
32691 52192
48558 83513
52597 88607
7156 43396
1899 81564
33817 76842
44307 54718
13192 44542
7216 70460
49605 73722
12835 46944
30984 70948
5494 41469
74397 78307
88437 90154
39072 44999
71470 81514
18197 43132
76248 89384
38033 47027
58429 82323
1135 28128
10206 13541
27114 36736
16444 83902
56752 57789
44010 72922
56490 74820
59807 82942
69148 74525
12431 61300
77276 91090
22448 28590
3753 5364
51344 79498
22890 38836
26450 63247
40050 58174
65389 73913
32732 80445
17411 70673
82065 84239
15675 20252
10606 45582
28371 88611
7788 77757
32953 67255
50092 53900
5291 32128
77561 82785
2112 56333
294 1526
14947 38655
14811 39902
39916 79942
19706 83022
47414 84787
61259 88277
30303 50724
5344 17534
88047 88163
65607 68153
16430 29241
41532 56681
39240 71197
50736 87927
11034 24563
26532 63573
8360 19186
25773 89765
36027 82268
8139 60682
3055 27897
52062 70190
41498 43435
16016 59304
26669 51870
12659 12891
52785 57545
72247 85377
9729 34644
11071 59954
13497 66803
55462 70961
10670 23593
19041 26737
17090 36271
40355 71363
746 26109
11335 38150
17697 88793
31867 53814
58492 82187
10820 26594
5110 12630
72958 77667
6982 83755
7454 12897
49353 66881
41970 67146
36492 46577
23211 56228
11448 41580
35312 52677
44601 57073
2096 65387
67158 76477
42427 78492
6788 78604
60094 90490
12282 41580
61620 91025
17985 59574
18061 83214
5892 74097
12952 57592
19536 75164
6386 63769
12123 22550
25056 39475
20557 82920
82609 92495
33305 76730
32254 88413
8440 31807
59771 61350
8774 29253
11932 49590
45576 64576
61331 66861
64548 67867
16030 88134
23613 52404
11531 45093
34621 85754
1811 80314
76598 89958
37222 75347
52878 56062
19339 89951
11236 22230
46104 77378
22711 79753
59197 80134
2846 59637
64679 84239
38497 74703
2769 89693
2830 68817
322 85063
12638 69840
27078 27225
547 67577
64084 68257
35983 57777
393 88289
55626 73412
21870 59973
22638 29612
12301 85426
19267 47465
5718 45890
863 8702
24538 64612
62030 85967
42329 77331
11203 35823
30455 76607
28822 74791
1501 77953
16530 82236
18859 78097
17322 43621
24297 72174
72029 72336
53856 65579
13681 63664
1563 49312
26109 62328
16222 82336
25246 77254
32401 61332
49232 57147
27346 39571
12715 91957
50511 70214
12137 22748
4988 28318
9276 89833
28286 43034
2921 41280
8059 55595
44327 48980
15073 90583
5218 91912
1803 54700
26595 57696
31021 35888
8998 14687
8696 26396
11997 45310
53322 91151
43252 66996
26445 91358
69273 86567
48306 89016
16751 49925
8209 22846
31147 82992
46460 58582
11967 13140
69057 89194
70275 88702
35507 75467
34282 79684
12673 45239
47947 52643
57578 70461
15981 83610
8603 20433
13994 41848
62489 74032
25806 36169
63068 74386
43170 78082
41205 51409
19670 71612
17560 35851
69404 77819
6493 21265
47747 56629
38228 61147
21426 91435
12458 72544
42013 84675
11994 54032
27008 74195
1179 75646
79063 88893
26414 53361
23721 66168
22093 69146
13613 65003
21841 32132
37385 92053
21311 24991
12590 52415
18 68454
27905 78669
12019 66642
5664 69819
38970 58293
18929 44666
39206 45323
10392 84276
68986 69283
18975 60305
19967 47594
4060 80826
20408 38921
7381 86708
13955 23486
4619 47165
57814 92246
45128 82807
39157 62706
9288 18264
2696 84927
16371 25981
20062 41269
76206 76552
45484 80772
678 81188
35798 61935
17921 61340
22011 25670
32982 45368
12952 57063
3474 74985
60764 73503
63774 72891
53751 58495
2429 56362
4968 19078
48253 73720
35690 79459
5033 58931
23926 72792
5574 64625
50116 89025
55657 78978
29189 52761
20363 49822
72362 84552
7789 35275
41486 43440
1077 46691
31193 63926
8269 59187
11222 83058
30194 68622
66967 74623
75249 85510
34 80880
33658 38430
73722 79270
25676 92246
67916 75060
32087 33684
19803 68911
6310 51790
37751 52354
35137 64373
19987 91228
12679 27969
50946 65035
12884 79490
6330 73671
15770 64098
45168 65485
52492 75829
22103 52264
48358 92517
46383 78660
3326 22614
25795 68672
10919 65370
28411 58474
13453 28708
31621 81409
57861 63330
45922 87162
56248 63295
4886 43075
21008 26164
62090 65995
3453 87604
28912 63414
19160 74866
43719 62146
67541 91576
49141 86658
22209 75188
22971 42927
11093 82750
30242 38876
40075 46360
17153 74150
16646 24285
14735 37430
9300 16850
33329 46285
43825 76754
15777 15966
14478 16167
21894 42344
19989 87994
25415 37950
5863 17871
34666 81384
35244 84436
447 44521
49247 77099
9983 56004
42902 60072
73196 84890
27168 43563
6020 31925
30853 74557
30092 32796
28106 81212
2631 19447
73033 91656
56189 82103
12630 83488
57701 61064
5130 34932
5161 79465
42272 54217
6847 7905
70900 78011
8157 13445
33490 80635
21437 23953
61969 75702
7491 83830
52282 84637
32128 91776
37388 38132
24007 51843
29875 86453
45275 71384
51813 84641
25497 25869
64454 65469
56861 68457
68389 80648
22713 44036
34528 42980
36668 65788
21230 61864
58382 80029
7607 80227
3859 75659
11878 80562
50658 79818
12868 28415
9211 88220
6743 33807
58596 91196
26268 88848
10291 28695
953 59125
52543 58558
13139 26704
24496 76755
9555 71852
8489 14539
18558 58373
30318 84448
21395 21753
6005 52667
6218 53252
31351 78668
19468 83050
21899 30150
43160 80177
36990 40443
12659 55378
9332 77851
44009 58436
50912 60189
8597 20826
66886 79253
71817 90651
46237 85723
12731 63049
66906 68495
21175 31475
1698 19536
14392 86751
16862 53829
31609 47199
15157 62950
33205 67605
5053 71328
44656 50976
12814 28478
1604 50574
15295 81863
62292 86649
70470 85951
9251 33641
34421 79543
2947 50857
38293 64296
10047 66961
36592 46148
4869 61647
30415 38478
28496 43726
28312 32170
74144 84305
17936 31496
50678 82996
4746 39602
2607 33046
16759 61791
10713 89505
24139 58947
48212 71964
14383 78020
25220 71056
50079 83957
17386 43569
44791 83382
45950 72814
36075 40581
48083 78234
31932 42174
21591 38610
69464 70226
12606 37180
7509 10258
3666 23683
39615 65188
33153 48285
28882 79395
4103 41843
2951 51720
13 69683
40130 78306
63936 68936
52621 64702
30612 74425
41594 78976
86266 86387
32216 88031
5731 79971
19771 20581
3704 6866
10738 65738
6298 83047
27022 77738
19206 64939
14840 59128
21923 60647
54295 63389
10366 47242
58807 83384
3678 5378
9645 18644
37995 63569
28243 61396
39199 42582
25536 65490
3826 85808
34906 57586
6335 52091
36900 49713
16226 90947
52140 81065
67816 82670
63167 89039
6864 41735
55136 72388
11408 59822
44455 80226
11007 60048
32370 75617
64651 71542
1481 5270
24054 73702
42201 75862
59162 77007
10298 71931
57525 88086
1712 18473
83795 84535
34966 74398
66691 91210
64335 67675
45294 76361
26930 33984
18151 41694
2056 80448
2826 48689
12720 56567
57424 59238
23064 27832
6278 75380
5657 89220
15058 72366
16501 38095
50419 86254
53524 76034
30666 91578
28845 72135
49208 53087
34061 78003
21170 88298
26760 30170
64115 73829
19596 78310
25969 50360
1652 73832
29881 73016
225 31351
2507 16516
38726 83974
28854 33956
7452 69356
6224 13964
7934 90264
57753 81879
30904 62538
20515 85573
12471 43984
3274 90321
76127 89144
11294 87866
44527 77305
18063 23301
8275 57745
41799 42856
13871 16911
72134 83445
76153 85391
60429 67341
199 19443
54775 55692
20238 26528
283 48479
1223 10914
20118 64227
15916 51673
29487 56601
3680 48915
17794 58651
85596 88303
10900 54888
7620 79286
7720 23564
58673 72370
31825 60739
68 12045
28411 69101
25601 43465
36396 92068
36606 86027
3033 35542
31655 50573
54159 63341
74753 77286
18263 27188
34297 67919
25936 77076
42201 53770
39770 41135
37561 47699
23537 39234
57562 68390
3041 26908
64089 75888
9766 14325
12534 72791
30556 77234
28665 42688
45249 86671
26170 73339
871 11396
53602 60658
51805 81313
29326 81222
6907 82148
32715 91218
4566 56763
4477 20798
21287 29277
60351 83768
29182 46509
10889 25415
45110 80231
54131 62723
32395 48431
40936 72056
75884 78743
7258 82926
6160 80852
21958 40526
68225 76804
45808 61297
42909 52000
34904 65660
15602 26174
31863 58037
5355 43887
64625 77482
25435 36842
45444 87920
34982 82430
11718 57159
31801 73842
21533 47842
18165 63906
14519 33543
17842 21820
15545 75943
38853 90929
15341 32194
64431 86357
75019 79360
34035 56805
3962 10821
15279 39495
54486 86057
5425 81568
38512 42502
55632 58912
7364 33269
27235 68206
2971 40000
13813 39553
2575 43315
58515 61992
25513 27190
24702 34025
16075 68452
67128 70910
28704 42947
64813 88068
47832 60712
51783 69788
41328 50539
27747 42606
82750 91281
21493 23725
11396 42717
15278 70759
56883 89927
61341 77550
15614 84191
26381 43599
14085 66230
69552 92447
12711 92609
38015 66428
29130 90724
28027 74606
24992 89912
31058 42708
19612 50294
5637 91124
128 56199
35391 50516
20394 37584
15793 75951
55923 86017
33759 72301
9037 42930
60141 77357
18996 70329
25747 84943
45003 56922
13446 75267
56107 69000
66907 78274
24021 28849
35673 46935
6119 91521
27550 49738
9823 42264
2213 82720
52653 59837
3633 43332
48218 56493
58569 62038
39115 83641
31218 47178
28401 46444
43034 52954
1602 63209
47726 61136
56779 92442
28071 51783
39900 55389
24927 78355
65103 88952
5890 78790
15644 23848
24745 80760
21602 80035
28895 47904
77214 88407
33991 81160
35774 74566
1077 27978
10224 54041
48585 84170
40394 46569
27480 52148
39074 39751
22423 75929
50978 56810
40866 57112
57046 65315
20922 25495
36635 82630
35280 62545
23385 41316
51010 57702
71138 86726
19081 87089
42516 67081
45249 88736
3958 39518
10752 33417
34408 46616
35137 53042
21994 26640
29410 55686
17527 52069
54044 62416
36019 40892
2107 56755
8222 91321
8458 73465
34375 84757
13919 79610
37022 74200
49651 65647
17706 70540
9713 80624
45536 54837
42542 89425
32767 79666
60370 76329
24641 81649
30431 31821
23974 42686
63945 81231
39202 61513
5427 26031
37846 72704
5001 53848
38277 74053
19283 79816
45045 91826
28033 83653
63156 68872
56860 83787
17152 57706
35620 37601
25360 35201
1312 34929
844 38861
71565 85206
5369 31606
24170 78216
35248 59964
36295 52172
21694 29157
58605 80492
59570 71628
11451 55347
45691 71183
75662 87940
58112 61547
11987 53718
17750 74978
25745 85540
10327 71307
52570 89530
38677 57657
19291 45005
33031 71578
21575 29744
1359 19636
45882 65883
1498 47795
17530 89381
11073 55343
7088 67850
45222 60129
48686 74051
34671 63542
59950 87558
14525 33104
71350 83735
50473 84430
20808 82718
44383 72016
17271 87038
58220 77440
34050 58829
18287 51808
11141 19907
62580 69850
15867 33575
85427 90510
24451 61943
64087 65102
76034 76230
32360 72648
37198 83363
51183 66531
7192 57786
30975 79401
13999 62206
70834 89867
3716 38199
60121 92337
15081 82893
44074 91219
61274 72127
58121 63526
31339 43169
9614 33345
89177 92378
13745 86564
86563 92440
14074 58351
43774 55397
16530 70353
41467 42037
6007 22482
42788 45228
19125 46553
81402 85305
825 29724
7428 51355
50507 87399
12829 83813
8847 60956
67189 74051
5318 23772
42724 43662
58038 87812
30592 30623
27859 74935
55012 59204
5415 39964
44904 53384
17303 66960
5023 85560
47646 90871
34270 73016
24441 45101
1355 4210
75994 83666
15962 67470
56197 69882
45497 51663
51296 90178
43651 64144
47674 55086
23646 74591
25550 27725
32686 69799
20116 27207
43581 50165
32148 80370
33847 85806
14020 16289
61383 72796
12651 19010
20288 60291
19574 49207
42012 90822
18879 42354
50724 60774
15008 20685
54144 57711
26315 45448
39354 80824
47947 54616
303 50950
35542 60211
26116 28374
43571 59653
11753 49296
33535 76126
70852 90405
53763 70563
11176 35610
8897 80547
7370 44277
62792 91591
61834 78157
60856 67791
37554 61272
43559 68948
22446 51641
9362 33030
20843 73292
32933 55751
65624 71864
29940 78184
90984 91394
63132 68555
9415 17697
21630 64876
73745 84746
47706 61939
46904 51560
19515 88796
62018 81860
74024 89306
8210 71954
2474 10930
40472 78065
17301 34799
5553 56388
13179 50397
25346 79806
20093 66457
81436 83841
1169 72650
35015 76390
7239 87384
9728 57319
34409 79467
15750 65545
16313 28860
20372 89746
30578 70889
37213 48263
53201 75284
940 90675
16063 80395
59530 62740
1101 21668
23640 75179
20941 67712
27705 41378
50571 56288
5038 14933
21202 67069
14512 82044
30186 43076
70067 84486
21589 42849
26354 63604
837 8172
6934 55702
20703 29029
84437 87128
63502 81673
7341 20424
64461 70299
35634 44865
12909 13716
41866 90587
78875 81637
41297 91243
4770 74268
13682 33851
7735 29322
15437 22784
21997 75933
61768 85050
30975 53020
5755 70884
10240 41381
73152 90224
9388 63485
15930 56321
30330 41222
55882 76685
10893 81203
47726 62738
14972 51193
56409 77773
22307 86006
58731 64184
39979 82025
41100 61500
21410 77136
24081 80525
13609 65244
49281 65092
26492 59974
13303 46595
47130 54022
33771 82241
5013 53377
6834 7159
47209 67888
6913 76308
5696 78453
1629 38445
88371 92205
41815 77743
42692 46603
23676 40683
20113 42272
14818 44126
36296 90667
16905 29040
27162 61792
14281 21386
49128 85215
19018 38599
6851 16329
46689 68390
21406 72185
55 78819
18518 61536
17571 57682
702 46065
52293 91387
40020 58970
1826 79597
4665 87284
5840 48822
33622 55657
14957 85962
9571 23365
31374 87018
8033 52648
14788 77073
38365 71186
23144 56204
13893 59952
5764 56397
13892 24066
54105 59661
26688 76854
22577 26501
22231 80325
33796 78349
2453 91764
1641 78150
69701 74222
38393 69406
15308 23914
46210 81719
7835 67686
7564 22436
82694 90196
38270 41559
29731 56283
28279 32855
46924 87066
4650 19485
48436 57283
48892 62741
58361 68120
6999 24522
88168 90173
5524 81409
39828 67893
55251 58858
31023 85766
19867 47114
43549 65482
7575 20149
3781 38467
55930 82866
1608 78683
23911 39552
49556 49924
87132 90432
45719 52764
15157 78382
16112 65472
61899 67332
47211 57117
7468 16975
2250 20154
61959 87379
24479 55730
64374 82467
16706 53215
71705 83663
25938 90792
1724 72792
6222 89798
6427 75385
7109 75327
47953 70122
4050 60832
68926 80790
51549 77848
23657 53512
52515 84818
27416 51735
41388 62466
19023 44034
12721 65109
29994 64478
28607 35947
18657 35437
47201 76921
25469 63306
50666 58980
74428 91376
6833 50470
49215 86855
44361 81537
65539 86420
19512 70071
45453 70971
5459 59891
26946 33545
46736 61439
27565 36696
27835 28644
53244 71430
60094 73126
3177 12043
31829 45947
1857 28869
15753 90409
60985 83610
9703 32556
26617 57712
18555 65838
2921 90522
72695 85678
77004 89136
48225 81856
25015 25267
84431 85895
39860 80029
6157 30521
853 18226
19077 54433
16084 58581
11215 88769
201 21319
13300 36260
33161 35878
76708 88170
22802 28423
7370 66230
38649 90738
77036 91125
52462 65905
58199 89281
64923 76209
196 55106
31264 47339
41460 49580
18668 61345
82174 88573
14818 87394
11928 21210
14310 44560
10939 88088
61969 82073
33334 44027
2503 6692
13940 22401
9987 87741
7859 87698
67398 73410
29959 32422
11411 83534
1195 83249
24283 87178
35742 86329
1099 14303
2426 47768
41049 66744
7478 85458
12763 71620
32071 89528
58707 90387
20182 43475
2299 87773
6384 39955
52188 61692
50397 90573
10029 33046
46202 53868
25164 64134
29297 91599
3763 27032
57436 84328
45140 84555
38105 69602
12942 75456
34852 48707
3137 36777
77176 86185
20963 45219
34860 59831
21861 45213
5734 76678
5609 40556
49877 56280
80418 84472
45691 52029
28525 55782
1175 48602
17822 33409
31184 79627
60795 68521
2445 26892
61678 76235
44270 52492
2517 25329
15570 75938
82775 88771
71223 91836
28165 40955
4643 16282
36431 58998
29603 33128
63020 68263
6246 69594
19322 39722
62880 64771
31608 68129
42347 74067
25128 78909
55997 91540
8487 39981
68884 90132
44601 67586
74588 82611
82034 92503
7854 60589
14786 81199
2897 18110
45542 88087
63853 76863
13008 88388
12747 18876
50406 85165
10095 50185
7417 36003
26164 31169
58447 69791
22878 57798
26468 48890
21133 53150
37371 49307
14552 90378
26121 90470
23429 25858
19618 19795
11070 20346
15807 40967
76836 82702
24030 24846
16777 43642
18082 92322
3706 32549
23376 57711
10085 52738
28094 80607
41607 59415
13907 55770
7501 80110
59447 68137
35293 47074
29120 55090
29272 89611
21472 60667
40967 47623
62416 64334
34079 68781
20101 30425
15065 85691
19328 69803
17928 42225
12860 27986
10752 65176
10622 23035
45681 64492
57291 92424
9846 89227
45944 77782
15430 45280
49441 74845
36659 60804
17322 79948
40144 43421
44363 46481
18139 77426
11277 81067
1991 42194
52425 77256
22638 41910
43542 89742
8709 73212
31934 80788
21311 49762
38945 47277
46346 73732
24804 56344
13389 64046
36611 86796
51782 74941
79793 87749
1631 20464
28610 87589
30240 31803
32879 82823
62846 82527
79792 83046
12455 63559
30099 86404
68080 82849
21591 79745
39717 57765
53380 84441
7062 57038
25473 56997
7927 49496
18055 70555
24369 91644
76017 78200
12637 58730
16542 33779
2945 26008
24098 37972
41525 78402
771 33556
43620 55346
29847 55269
29441 31335
5794 11202
51046 61854
19648 59832
36834 59752
14155 46265
30082 65710
23889 43648
62920 78880
79361 81745
52617 79902
795 49291
3300 39968
32181 81387
68341 83214
9953 72895
7485 80808
30053 61175
63075 66520
65472 67312
64579 92354
5522 31086
6390 34700
68904 76212
38733 63450
8754 37759
80892 88505
30942 57055
8667 16528
6292 83941
10210 84866
49803 66941
26710 28840
49603 64367
16229 46785
56708 83270
33907 62966
20776 29713
18624 64587
4793 48332
12256 36261
53506 90516
39791 90782
45022 57639
36239 84110
47070 83437
36613 64555
3102 42415
30431 74775
14431 86551
54881 73867
23931 44818
9609 51718
19515 91280
29489 55786
5367 13551
72231 86779
28918 33947
7185 33733
79813 88752
17127 85501
11729 74361
9162 81652
64037 84860
34165 60011
74565 81255
48845 89447
28360 77986
2040 64635
43130 45754
25767 75880
79214 92623
14000 17446
56184 63441
6052 48644
59456 88189
6073 10021
70512 91053
13544 35210
39014 68721
55770 86991
15520 28133
32832 45498
16806 45567
31740 45183
35490 70139
38676 80593
34599 41334
52717 68510
37035 52911
43748 65404
31627 47331
51767 77590
61697 83052
86334 92274
15445 22026
54344 92380
4035 70464
57362 79150
1137 13897
66723 77475
46058 84863
53863 61744
14524 30632
13489 89187
40463 59389
28514 78379
14211 83003
24175 71821
10786 18366
41493 43140
17525 72465
60069 79609
61466 92371
75345 78853
48747 51238
22840 65405
48369 84774
9092 65023
16451 49374
27940 49919
23068 41223
60108 86094
48659 56283
12711 90197
23708 79050
69486 87701
61731 81035
71045 79912
44505 66589
16637 46004
33113 77906
5544 25454
19565 46507
30663 68861
58204 74772
55249 61349
73973 81190
46692 59477
3521 42492
58238 71002
66362 85216
13483 54903
49735 63623
67866 68135
2010 76804
16275 79513
29290 42904
38342 73576
67853 81031
23531 29392
30403 43526
15377 21269
25705 44037
39842 71184
42729 52943
46557 49706
6192 33907
24509 90025
52583 83348
12835 23245
61035 73279
45133 74846
19587 65662
26346 45319
3814 56282
59586 78725
55607 65968
2728 84770
23268 63980
14428 66084
35153 85681
63528 92172
4700 25732
9658 24869
4912 51322
27809 39686
66794 83394
1856 3861
12473 59400
84802 87353
18155 18228
47181 71967
40411 55609
65069 88072
2498 53586
14006 61849
71590 84682
13750 51457
49815 84368
6289 28783
4302 78719
6362 21768
83891 84405
32968 36632
15927 31348
24376 46103
21863 74680
51343 54693
15180 60138
22240 74369
3489 35544
65825 71342
33459 65274
65698 84289
61043 86583
5039 82731
21221 35519
10666 34579
12016 76792
10548 60911
26561 90725
1185 30793
31799 79515
4370 36993
17823 40138
12858 29046
28455 88886
51487 87514
33438 62077
12055 90486
858 84205
10221 40712
17338 40693
46278 67721
2902 47807
41074 80589
55365 58477
57744 67123
18824 80182
81223 92547
51509 52255
88082 88922
18094 71195
8148 71426
53732 67306
19576 31667
29980 32735
11954 60939
65728 73507
46966 64712
10424 61561
43815 90655
13668 74578
62657 84880
12401 53102
24649 52473
9860 38647
18702 23266
10135 38923
54811 58147
42973 50321
3403 25046
38095 49548
21185 61785
4657 44502
12119 44309
8908 34013
34543 87697
35869 48516
27457 46071
54525 88890
460 12206
10111 40001
36185 77803
43199 61136
36750 62978
13594 19999
1551 27934
8362 75516
622 53025
2288 57994
57444 84799
6349 62433
80853 85179
67437 79376
64985 80815
10878 12987
40316 54975
41328 71814
53151 64674
14658 30820
35519 74964
43600 76710
3833 19617
9045 27641
20410 78871
20787 87345
18534 18913
60506 72630
52768 65768
26578 34431
81797 83375
80485 91482
86958 87112
30014 60739
35607 86549
21864 88525
32317 63988
19468 67947
24820 84325
31822 55585
62969 70279
41852 55699
15443 45498
34656 40222
10497 46535
28414 62690
20194 66074
3052 16846
57441 65037
68235 82219
21068 77619
7056 81927
82852 85232
26282 39603
46302 84879
28966 83939
61704 70551
4414 62842
68907 75434
17740 68658
33361 47929
21199 21743
20889 22853
870 12167
43713 44835
64252 77715
18729 89892
30679 72419
16351 53384
47097 49882
57219 81640
6897 85818
4371 19501
48984 50549
12624 50907
58472 86069
5494 12786
2269 57969
16647 34488
87047 92039
5915 57725
19380 26340
29014 44212
34373 92364
67082 76458
31385 45748
18969 46177
25408 42808
61195 61800
1762 75157
42799 61996
20986 61463
40563 81240
44974 79797
34665 83709
11593 62389
33390 42761
32551 59699
45124 90885
19908 34302
11718 49669
39153 73483
46 18990
7927 84992
8019 26240
74329 83159
16275 32061
32504 67547
14431 81579
42183 73726
100 72676
24694 91567
21600 50608
42112 87358
32409 74412
39180 48680
40670 48921
25 22864
8020 46498
22050 43758
21618 77747
3265 9466
45790 51875
12771 81850
60617 74142
42105 88716
35995 41504
35567 91712
67347 84902
56714 64046
42443 88936
60002 66337
40689 66766
45679 47594
19226 86684
44623 92066
318 29831
43559 83541
42599 43640
1210 35528
131 7883
38650 77569
28469 71557
38068 82295
2971 82684
78329 86588
3911 80290
13292 83538
305 70783
5006 40608
1181 26245
757 84836
17343 18722
9178 11055
7487 62952
68212 70778
44905 59990
11497 61443
15906 58938
66978 89354
46411 58934
40187 58156
3418 4771
22378 30656
62600 66036
59007 67080
8935 37346
23102 55610
22456 84592
44315 76703
27127 66100
14228 27534
59349 69028
58324 89469
3507 35456
9856 90585
6995 68664
33862 62285
21695 51771
2348 45963
56045 89706
30465 50480
68916 90404
18494 47931
25268 60182
4860 42070
23422 83953
23318 62678
13983 71558
60858 67275
2956 25910
23995 44368
29666 33698
10517 67207
16876 86613
33554 55632
34457 39523
19163 25053
7837 54861
9851 39005
32105 75491
21794 90995
20825 34038
35058 41012
17623 74074
25652 36226
64852 74645
10212 44380
50256 57959
74470 84368
68495 69367
8190 81987
1083 47171
5716 18444
27291 29496
35166 67616
12023 49057
44247 61974
2759 52806
40314 47499
27885 37419
18211 82421
9421 12524
7296 40651
11214 37154
13927 67676
3161 61265
35359 80428
14441 53150
48284 91581
26911 91168
76133 87769
24276 80447
53393 62360
73552 79003
7150 35980
49695 78053
34681 65757
7305 92206
19723 32758
661 54927
15398 67579
50228 90323
21625 26345
34796 59900
17314 77271
31219 65464
17512 55894
34252 45218
27033 58305
65955 72043
31362 33547
51124 67621
32351 36795
69051 88027
12058 43065
66377 66543
69540 74240
674 54108
25259 30250
1840 52199
20254 62233
50123 51141
10798 24573
4147 57569
27225 84592
3505 56737
22933 60249
65714 76791
35485 72312
70559 86931
31211 57132
15308 24905
70170 84077
55897 59917
38850 63369
3263 67003
35822 52748
15137 51517
30127 30508
35626 92539
58435 87641
29967 66344
30710 46346
7884 21371
7005 12727
17985 91554
29995 75579
9209 19968
105 90530
71343 77107
71464 87034
25824 73875
11072 62829
23238 64282
11253 92463
30202 86516
11379 50047
37029 84939
11664 20916
14339 24910
17236 57049
27192 58424
18436 26302
3574 25471
25935 74950
58399 68106
13977 43590
23074 82626
39437 42263
2523 78709
2086 39156
21670 53326
68371 88483
11248 64406
58346 79360
10353 46006
19511 45840
15242 24879
25095 73752
30147 80035
43651 87859
63136 77185
54879 66475
57309 62876
30341 87664
11959 28469
25500 35098
34426 39532
54480 68149
13904 65486
44729 60921
7194 84841
1191 7547
31629 90794
18135 51178
13979 82935
85325 89067
68384 77102
54693 57281
3198 56597
22300 50722
19057 23163
39428 70769
4747 42776
6852 40831
35930 82612
37342 81931
464 40666
11923 57715
570 76946
16898 44908
2500 84495
53698 58057
23856 61506
24862 79309
57638 76176
6191 10779
63333 76468
58116 67046
10312 52642
37444 40976
43753 73081
43610 75468
24167 85978
18736 29236
15725 40677
28846 30119
22059 33990
4345 87978
26746 30074
56329 56518
29302 65218
59915 69735
31712 71854
52034 87360
40962 77140
63925 69847
59808 79286
56450 90373
13330 55592
41187 92363
19504 44502
20528 47031
38845 78233
3065 12783
16740 86880
47051 87354
26025 83157
1616 47062
19963 57364
7084 20831
49966 78962
18323 57707
15321 27394
29460 48965
7633 11256
16106 28575
30380 54077
4496 32255
47880 65172
65862 70530
46423 63005
6240 18986
46985 69042
3915 79009
27716 66892
30543 34950
23265 77031
10630 44482
48754 82808
73084 87719
32740 75367
50305 90056
15138 24998
33189 56662
15630 56620
3092 26859
17353 59225
598 7284
43250 79758
25400 32749
67383 87659
52417 80241
41384 80431
75373 89314
37152 72806
60208 76098
14184 47726
21066 49421
39293 50825
22765 83892
15762 34534
63095 85058
60392 84665
23139 38007
36977 37821
43777 61576
12295 92286
44430 45588
10623 30560
38715 72052
4716 91768
29256 89352
18038 34274
41996 81894
16362 30339
13369 76094
15784 39033
21790 39803
64834 86625
77501 79213
66684 88277
156 178
80246 83577
8366 18377
10229 86688
24601 67703
11826 40754
555 23069
32194 89802
17546 25081
59261 77201
37359 73457
32965 49110
56748 88575
20059 83329
17286 66483
7977 27050
64084 78785
73450 87814
50882 77607
27684 75208
6188 87163
5993 30915
20300 49791
29315 45794
66603 85740
18595 47087
17064 60062
68212 75711
35198 37303
53962 92298
71016 89877
12138 35603
22444 70045
12028 81102
12147 79728
79607 85060
8433 50793
30743 32732
67756 79412
58329 63951
30310 61094
1708 88271
4443 84623
14601 57778
3429 17249
19952 27475
58218 66537
54906 90078
58242 88118
40175 67285
78578 91153
26327 32937
57282 73753
26710 48555
68968 74390
50194 71483
35451 39085
18129 49488
2971 70181
15078 45492
66427 85944
9140 38223
8810 37300
17224 67519
61024 70764
5204 85025
12015 20398
26491 33075
10927 35178
76677 91488
43589 51164
76116 91626
70681 72151
70204 87115
14427 52515
75320 89460
16171 62087
24749 38080
20487 72170
70540 82935
11557 17438
42862 81599
15207 68821
46548 87707
52707 91621
46922 51820
25170 55753
25853 34799
26548 75041
9221 19408
79286 85926
32781 42447
5123 44047
24578 60892
16808 32016
11442 38602
19770 83664
12803 73298
41236 53451
9037 85178
20724 58544
16513 59200
3593 54894
14666 72196
77286 91421
1171 15022
19026 71308
19321 54565
5347 53363
4145 88965
43445 88641
15040 16203
81324 82674
22478 70595
39173 64852
3679 61680
45559 49424
6674 86114
45958 65761
4604 29574
15765 47635
50647 78243
25624 82288
32675 58876
29322 79833
8197 27314
11822 33944
12575 45346
481 27765
34432 59364
5033 8828
26215 64018
47684 56490
56004 89150
13152 74463
42521 60148
23104 49518
1473 7388
73725 82900
2965 46631
86525 88424
9503 59218
38080 56178
61050 89481
14647 31481
16196 84775
4374 44580
3813 42753
18973 20793
16006 64820
40789 42078
26617 61229
68642 83269
42985 64487
32667 90103
21812 63368
43555 91737
40303 75895
20555 48769
21623 80528
63239 80177
30556 42065
26756 41024
59027 81529
8926 52913
70801 72335
44886 87035
52297 67541
4704 53737
9586 79640
6698 78322
74601 81946
19778 23116
39335 62428
24034 80385
36774 64683
1835 60011
31550 56835
43329 92308
17742 66190
60282 86102
53229 92377
36900 87191
5655 28565
91031 92599
39588 40187
17587 67582
7273 37889
839 49221
17947 33120
48223 75126
17222 51314
42880 60484
59321 70842
22505 74346
23957 85310
8969 80514
55994 72210
24836 71143
58065 73113
43424 80937
2675 92210
61609 66413
6772 22761
9567 71407
11791 24945
29089 51763
2067 52795
73328 81667
75660 88868
17495 86830
36420 72408
68597 84975
18523 92614
36009 82000
20502 24581
36024 50465
75114 85839
16951 65123
18104 62094
23376 57524
48012 89904
32288 92081
18518 26152
6243 39428
67326 69296
6843 7550
23833 56506
63637 63980
28484 89095
12207 66022
19513 27388
48163 63108
10614 50417
36684 61774
41527 48347
84660 91065
5215 62787
30474 31348
36790 37550
26076 55421
53112 60187
21483 82669
17738 27075
13975 38201
7919 53627
45030 65052
19053 83556
21468 65773
14055 46231
29582 37141
3676 32175
16552 32810
2687 15911
7778 92095
18831 43946
49286 73085
6645 39291
76785 76954
20003 34933
15241 50858
7020 21322
65497 70463
10752 88121
13751 20469
37823 73393
10758 53957
57301 58696
31551 53899
23084 42352
20259 83478
36076 56232
87450 89064
46807 70746
20942 68628
72233 90409
53538 82024
2676 89006
65127 70002
9876 37814
54587 55790
37307 39057
17141 66681
1561 43640
2965 41459
4225 88274
3796 84022
32892 61413
14642 40407
16846 63461
39739 76264
11159 53191
90982 91906
48629 57207
24395 92080
2250 56802
75335 79972
67941 72143
32713 67983
25108 71869
40187 91494
3572 82139
35561 51893
41762 71380
44526 58337
49917 69873
80950 89140
15264 51896
3404 40760
8952 20770
3703 68693
15385 25296
52975 87785
9063 27011
57298 88191
69979 84397
1348 57401
126 4245
4799 9664
49226 69484
55923 72378
14993 58315
5089 29943
59097 85741
42509 60676
13071 58811
42028 63409
55418 71652
62573 84714
26009 55508
3013 58015
16200 36492
48399 67008
15032 62165
43869 48474
63873 68194
44809 61742
46872 75988
48059 74927
17552 72516
8148 55677
12914 67379
38693 54358
6499 50769
21145 53335
8922 36765
44810 47025
64537 74191
21832 59803
31047 52347
44789 58160
43779 89709
8914 79843
29375 66459
29331 42869
15839 58216
12876 25360
1851 30184
29607 75908
10299 87592
24994 73903
18411 23476
20963 78957
7500 89641
19892 39167
21629 69550
34808 36972
53704 73682
14840 36184
45644 51645
50002 69216
2555 39441
15217 72424
16770 51909
46410 73754
68791 75033
50115 66940
20060 58764
34009 64402
4858 87534
14959 38212
25642 64239
31571 56222
79346 80440
54445 56485
22083 82856
6441 78866
10912 83538
60193 72370
21739 66968
56021 80109
43741 69523
36024 45168
70200 86522
16052 64490
31541 39098
22496 28939
40366 54485
10895 60187
17761 26251
25187 58650
41793 85677
56237 79944
20623 73228
31559 37934
58975 68835
45994 84136
29843 44696
77019 88078
67095 89510
30613 49631
52316 87046
33194 85341
25843 75562
9488 53627
15430 90283
20835 30288
40445 63622
89248 89728
15330 23876
65921 83102
2510 63136
41169 86972
19932 78543
29834 53793
51847 76231
9854 49068
10614 78388
32133 64955
5536 17318
736 78597
12890 71012
4845 63871
22695 34795
40215 90143
1799 2873
10657 44701
30259 86148
41081 62399
46898 71726
30640 37827
43604 72918
49180 61416
26534 49599
3845 65881
78658 84842
14900 17140
8528 43384
8159 45547
13009 16602
5491 51744
9260 90191
34303 70672
61912 88500
363 38914
10898 26562
17900 74174
41554 73815
79148 91717
48717 73794
45531 56764
9972 31204
88634 92360
38855 79402
26719 57244
13097 58720
1263 42290
45267 70322
5261 26316
54350 69632
1955 81461
26067 35231
54641 65658
7344 66251
70336 91614
16998 33016
36505 79321
17114 41166
15784 42747
70023 71150
69799 85580
14609 42112
39467 44260
55884 66117
85637 92453
28780 59741
45833 46087
37057 44113
56925 66237
30281 55008
49969 53946
5211 79340
23476 52055
14897 49029
15078 84336
57035 67145
26594 51582
39651 43499
67753 78535
19314 19882
89 27591
7518 20190
37690 77570
36699 82048
11031 55952
31997 63242
47099 51287
51731 83528
27582 43134
44173 88275
3033 17264
4384 54162
69251 73024
71356 92392
47002 71608
29660 44646
71892 76823
46025 79953
20720 73263
55090 77765
51705 78360
29119 41740
81486 81887
74699 80516
6974 80396
61106 83807
54545 80746
6323 10904
62421 84698
28803 87430
1634 84543
55108 60201
66979 75942
11023 58857
17782 40115
25875 60149
29196 59674
1903 6834
29252 33701
20926 52131
13210 68137
55256 70634
18805 44808
29514 30523
35110 85603
13646 39184
10711 79683
10799 54868
9270 17728
48970 68539
22440 30062
37504 82704
19117 83296
4842 72853
35187 87340
28980 30713
6695 38179
20564 52498
15763 90416
33303 89450
8190 75233
33840 47015
15665 57002
53871 69385
47725 81596
56600 78094
57144 74937
40817 83499
2288 65404
65586 77357
27251 73508
48044 70312
89220 89868
5637 62133
6547 91267
20166 56553
35133 42609
22363 65034
36806 78114
41458 49641
53639 88066
30670 51480
68591 86887
16591 30355
28979 72654
52306 59646
42863 70255
53559 86090
5744 19909
23687 32720
725 65810
11014 18290
47799 59325
4137 35437
37742 64110
18028 50119
2643 73210
8312 30317
46971 87463
3700 10407
22364 59659
8073 27837
2498 12959
15978 41639
44384 91572
21190 82119
59079 75774
4147 35188
42562 81905
31108 81991
49753 90265
1032 13017
36586 76135
59224 61189
17738 49612
38110 85311
882 78900
33761 39277
35725 73390
64332 89312
64171 73477
15751 79012
45580 64814
21109 32779
15479 59295
51403 59049
25620 61282
417 54217
14345 36970
26773 38681
17527 91827
71827 85835
3240 21665
7316 48854
4979 62639
27806 38842
36240 71446
22735 83595
4363 21154
22925 73031
58735 76033
77549 80484
15173 47278
13684 22314
37298 86268
50611 79056
51384 67294
45833 79979
55761 60168
31322 79288
7787 41404
63203 66789
29868 47899
36124 37394
40833 46995
9234 58712
46679 85551
604 78080
18732 86169
3715 70540
40635 90951
54385 58760
21998 50783
15333 34896
38106 57160
31395 42518
7172 69424
52143 91463
76004 87014
9220 75175
21679 82087
46617 73131
30962 38471
18966 84253
26956 83901
15220 84867
40597 74135
48722 87049
14852 26347
42320 78110
10097 84772
33335 77264
18932 48652
67190 78931
47026 47137
6222 31684
64683 71956
44930 87067
77023 79564
31730 45016
77640 79084
32966 91566
24121 25023
6749 82168
12180 28449
2542 54017
8605 57862
44297 59849
13610 78781
72833 75614
34528 54571
33136 41728
70247 76708
11882 84991
33913 43845
9403 80896
84946 90235
45349 73384
44928 58318
54669 55479
15740 67727
17990 69344
30658 84902
29076 46371
55615 68513
55951 58885
46624 75656
26222 72952
14484 28905
14731 69924
10591 34697
16286 56303
40554 80799
22842 27036
46328 85835
49168 68991
40032 79381
10237 60048
36409 58587
40000 49388
31293 51725
55383 83803
35238 66005
24361 39621
22984 24715
12312 70848
52766 84828
14491 38671
16019 16408
39164 40292
32746 70385
28077 49848
9263 34099
33976 45667
43337 79889
75746 82534
12176 25286
6619 38520
17273 19841
14628 46931
77693 92441
48699 85977
44192 55548
1706 72864
26447 91396
22284 35906
50754 53396
5528 64570
40421 79937
11034 71718
29452 59757
19071 62917
58898 72308
15312 43669
38967 65591
6603 36298
11759 80983
28178 90471
12244 87469
42258 74470
49941 76761
52572 89163
24917 45613
54118 64602
49094 85612
87055 88569
31398 60322
54903 86327
21350 35318
1909 73396
10897 28974
1244 3450
802 54860
32513 53999
38954 75482
10201 56828
68142 84330
21523 40233
7722 26904
25988 68440
2764 36342
76586 79822
55734 87302
3828 16767
71477 75017
5237 51819
30942 44083
34183 47294
25561 64791
45014 55261
41948 58181
30626 49471
17036 18339
39503 64065
124 35326
25720 61184
23255 71168
4685 29966
36540 49957
30805 48753
55749 70783
48352 67750
13077 76685
48687 85917
12262 50200
23275 86259
39179 77620
23675 79703
88515 89611
73057 92375
18094 56731
29679 51454
2817 79813
39275 47159
16066 66266
44389 45986
9933 17010
51647 59965
8300 31278
1809 78694
25794 89198
41055 44109
35127 41936
6260 36309
15638 69254
10436 45523
28481 76568
50947 71304
16789 60127
778 51282
61967 67986
8300 64569
51360 65502
43988 83296
36154 74963
17839 86339
3822 40443
30984 46866
57561 81158
320 14589
2308 10799
74798 83311
74244 79829
48594 78682
30834 52992
10142 67678
43965 81300
27189 39976
19354 66987
88345 91737
52565 65809
72132 72469
41850 83983
65039 86508
47756 68380
934 2588
40879 90821
7497 33043
73587 92583
17643 67188
10572 38800
369 70115
56037 61595
16887 72825
1463 31643
41898 81806
74032 90611
19948 68500
5890 28953
35975 75017
59559 89622
53488 87060
26476 35227
14817 39818
611 42217
26148 35616
28864 75909
7816 48702
5987 15920
32843 71428
20050 25480
29445 36573
74155 75122
9576 69221
23119 87313
17300 35308
15398 64519
13776 81953
59994 87490
69241 87839
14151 42465
73243 85675
16639 35820
53667 78141
6946 22453
58668 78819
86534 87664
13080 41820
13363 20287
8089 8869
14890 33397
441 35723
51388 80296
10906 70763
73547 75360
22518 92084
51139 64081
12990 31804
58547 77406
66008 73633
36029 89361
60979 67674
9730 51697
27762 39098
56226 56800
8758 53559
11002 81890
6673 52554
13818 27947
30744 44929
14407 86774
23265 49566
36683 90752
59467 65619
7746 81365
14613 53107
20465 86221
31339 71252
1687 91820
1333 84599
2612 24367
66815 92274
56618 89013
4939 5145
42073 73656
15070 51083
20285 78182
16105 41149
32045 52243
38900 85213
11438 84742
16843 46495
53658 61197
16553 21867
6166 49067
18920 54700
58169 81200
21151 46646
65479 91662
35976 82811
13166 57919
19752 69130
8458 72452
17469 87794
23604 84730
4526 33238
57763 83585
51542 69374
21923 66797
12551 31734
16672 85335
5514 55408
3805 24136
24798 31256
79531 79661
42746 43882
82458 84245
76335 77334
8805 74405
21810 82029
53227 63641
11878 90828
6976 73430
68710 90502
7237 86856
31493 89859
59908 79615
3006 45151
47311 47995
144 68643
10169 42901
20425 80367
8888 92206
48046 91164
67685 86186
36763 75946
19504 34683
36569 78306
68709 91355
67281 83430
23748 38853
13593 17627
34130 59616
28737 68825
324 84062
58805 89742
46015 82537
41824 69834
29796 88432
43146 71759
970 63291
9568 15029
18000 46745
17497 73959
30020 89426
6817 48240
36839 71306
44313 87289
47082 55924
13965 49863
1277 70028
49651 79183
32862 56542
31681 86350
13660 28928
48752 89230
66614 67030
52411 70884
2302 85001
1820 40161
2893 76487
42443 76290
22770 87972
11470 49185
43936 86198
25498 58569
2941 65284
4765 32142
39912 82592
22934 53132
37459 66117
11878 16215
38379 43059
49873 81213
56036 87643
70948 89170
42696 43224
43951 83057
6848 47867
86957 90020
11909 66185
14036 28707
2463 67151
41302 66170
53437 74152
47523 80607
11087 18031
64811 88762
1391 59686
43039 58516
10945 56898
47167 82049
2905 45203
19774 24203
36572 84977
71696 73893
15182 76090
13985 67090
15994 40745
22603 89411
66169 72200
37007 47135
14788 41145
13460 84116
4027 63133
7885 47340
35469 51557
42094 74920
27181 87067
9897 44538
1100 22199
28083 30498
41980 87087
6184 78431
54740 78153
47583 76513
213 61994
42994 45984
6013 68048
50175 69002
8372 40394
42171 63979
35546 43108
8879 33396
36856 87923
34670 64368
49870 56104
72669 92336
41366 64688
49265 51592
16679 91502
37465 92364
51726 52980
39852 91570
20099 89256
1559 87574
39099 77900
35164 35720
14530 76693
39355 46888
28272 51420
26741 90272
20655 62546
8891 90963
2435 35260
11153 22516
4530 39024
20284 41381
32379 37470
50319 91781
19007 39687
31498 33057
24714 43021
17278 73197
3777 16478
21373 48775
4130 90095
15342 63541
3031 38254
6008 57938
22870 62425
42219 46527
23321 43981
23507 51447
13152 18395
27536 78801
27335 80024
4910 26382
24694 67902
68406 72223
24877 44516
66945 82356
68481 73348
11437 32006
13726 59670
63326 86503
8253 58863
66360 85566
18110 75195
48475 80734
50340 73438
50909 63953
77382 78154
82803 85249
33675 60725
133 3192
19589 90664
19410 55333
30794 35124
34253 74233
77508 81445
3368 52090
68452 88020
27861 55507
36907 61418
52824 66669
53797 72353
21454 58282
30775 38499
24517 26770
26413 78508
19394 55657
55470 79868
49217 66442
49406 82289
3651 63145
4142 51891
20641 70938
33607 84334
16312 75534
61264 71482
1079 46157
15743 29971
31383 51376
43372 80461
20826 46904
9863 73641
10002 46427
60829 82496
67455 84486
26107 67240
946 30055
13647 65660
61838 85934
23107 53698
2211 51776
21590 29775
10018 23091
29210 89679
4079 81193
28238 30590
18434 43696
20723 32089
34195 83061
22018 76710
53934 91010
42626 80362
11089 84644
34423 41888
26432 51602
37890 39394
3738 41823
7234 16915
37421 57277
34942 77745
10516 42842
81069 90560
28202 30874
2798 82645
13386 78246
54777 56321
56534 57071
52405 91955
25007 40854
34615 42996
3151 86858
239 19646
12160 81489
14583 92394
32923 50801
89935 92328
45502 62024
44158 73388
61992 85540
14478 24028
4391 54194
2316 36307
20921 76293
22204 83654
36675 45313
33535 87099
87086 92495
22091 25766
32285 52989
4715 51443
17886 79748
4681 44482
39911 77011
16024 74838
40100 67776
31137 46948
45017 70654
3855 72134
31749 58658
12290 58892
26720 43591
2718 29776
792 14504
26420 73938
24244 41627
7259 39342
80865 91968
33534 39845
59222 83689
8106 37156
802 68684
4861 91482
1528 8196
20590 89019
36703 80405
51512 61519
53372 88788
12261 50192
2750 59026
14199 79994
16433 31705
31029 77944
13667 84062
31399 88490
29495 38102
4441 11362
11481 83746
6137 66380
15240 58484
8634 48818
55272 59613
13308 60158
5643 92559
14862 89743
25192 67729
17376 44264
78573 80439
16995 55128
7205 34663
22807 81366
21562 39741
9162 75136
17505 29560
51543 69482
3532 35179
67564 91814
60246 82674
4877 88754
27383 29707
12143 35881
2833 65460
57216 63618
88091 91404
46495 58849
39856 80153
3923 74497
63865 90209
50046 85118
19933 86538
30732 43159
72259 75659
9135 61287
36567 66781
6855 67740
55024 58943
20396 82150
311 28268
33247 64879
34540 60807
19997 56446
22108 37828
75427 81615
51401 76551
8522 73834
15032 34264
12202 15809
35709 47001
38292 57291
18723 24816
14973 54486
24426 88106
15291 62747
67555 76306
58176 85532
13597 75189
8099 76394
8460 64503
36383 42018
17841 60322
40306 91487
32720 54912
46330 86780
10763 48681
6227 80916
81310 83976
37989 43538
83729 85740
16559 18171
62305 75626
38349 74344
25607 64244
38936 44135
25205 60441
33599 69625
10840 69101
52362 76129
10231 54930
25039 89016
35589 88130
64682 69167
56566 61142
65689 87851
15908 71539
54981 61324
40708 49015
126 27310
31990 87049
9001 82645
5689 67233
39137 91800
7540 15782
81023 86635
25105 78933
38930 67520
34223 79387
7691 11730
80867 85090
34308 59364
6834 88823
76419 86040
3409 23600
52458 70023
31236 76769
31826 84215
12683 68107
7094 60139
63656 84890
61464 69947
10398 28035
24877 28188
15304 70448
28720 57472
32073 44722
13159 32860
42894 80327
27250 70149
33946 51079
22135 49075
7726 73469
35927 65431
44571 51458
33907 82555
39182 75939
52737 68981
13563 50806
43277 46592
37284 75574
30445 51289
12201 45287
31949 51189
1598 41812
17277 43693
6839 7824
37260 59924
8151 68206
67542 70489
38936 73883
61913 84859
15485 21050
16 55361
1673 63786
24495 65821
12412 58095
67247 68936
8142 15959
771 6792
16912 90076
20345 52700
2404 43395
7476 58479
34066 66123
77178 79163
42229 85954
6563 29379
31274 80942
66723 68555
30430 51397
5636 25133
9121 70017
7861 60536
7623 83067
1290 90955
763 38154
66347 82536
55063 82698
40247 77044
15164 63763
42238 89306
2337 44799
50869 67537
63938 76296
54205 56114
53866 79913
24403 70355
27191 81561
42063 68366
54359 73203
37709 54146
68586 78551
42078 82044
82196 84725
45671 90278
5794 56816
27645 54763
40328 75627
67089 73658
45505 74244
2545 76344
8915 48924
66388 83329
19515 44192
12218 22077
23968 80480
65812 79401
27421 43003
20318 38064
35472 86917
12998 50752
64521 81862
25383 81045
11685 19650
37683 48845
22353 30152
49622 76860
20554 44063
76495 77213
25351 27692
22712 25282
25060 74971
22880 45724
58983 92302
68035 90634
23116 39240
4872 47267
11125 87992
61015 70761
53463 91087
11502 47064
14285 19824
51812 55213
26465 52692
58963 78414
46108 83800
77459 84458
14211 22712
58215 73670
43648 71662
34743 56475
21772 70924
8551 8865
61770 88390
56686 76168
41999 76850
51690 65790
15802 17356
12175 69792
40422 61604
67082 77060
19293 61232
9349 47348
708 33071
7704 85339
38299 81671
15062 69918
55968 90532
16736 76424
12908 61167
19967 32784
32015 46478
1486 44213
51144 54329
71780 75426
24885 49941
18039 72805
63734 82119
59292 64753
28505 32982
75494 82188
52717 91400
13627 77037
7560 69872
894 6591
12168 75100
44496 82189
37003 71261
1876 68851
25159 81793
12635 69813
61942 86718
78248 79311
33862 84924
12527 15188
20201 72666
32038 85208
1520 24461
1906 4061
35623 76534
29654 67398
32555 90449
52316 56418
28506 55772
8395 69567
15277 61207
7914 67213
11774 30112
70244 70842
10766 22000
19269 31092
54931 75226
17361 88226
45599 46081
5900 62143
73465 85657
41250 59747
690 2589
4368 18281
4106 25041
28032 60535
37552 49592
38539 87834
71920 81701
8378 75958
24718 70273
3988 17587
1019 86169
3328 21358
9272 79737
656 35254
17442 48386
25863 56486
1388 70617
55656 83087
30798 48344
32539 59926
36676 60179
50132 62427
21473 48063
32064 79645
24660 42895
53484 78216
7891 91370
33391 90564
16844 51353
37024 85749
36364 38419
3351 68342
38453 44994
15053 44129
55860 67452
32608 60384
66453 85145
17159 49081
45503 49222
11895 63183
64348 82259
2774 23913
39110 80075
6148 25633
15027 87356
1785 68050
26053 90951
56217 58770
13938 79770
31957 72208
27340 52018
31321 73098
14936 88566
21484 31368
3188 59434
15526 45020
30625 52557
38929 50921
19346 84484
15132 61467
52916 87651
46387 48289
12230 83507
3925 35722
17104 76421
44 45829
39755 40075
28108 64003
12906 25270
42012 76471
6546 60775
42111 67625
8065 68242
11933 21883
23673 54780
11300 79142
16336 29824
25658 82694
42219 72758
31335 39557
3343 83049
55134 69789
72778 90300
59358 74450
17864 78205
7150 70278
88469 92182
63836 64599
37583 77014
19421 91390
31005 60996
23358 92040
61303 66392
50111 89339
31154 33392
21120 39394
9209 22181
28228 33322
16224 73105
17010 17768
79085 92164
56387 90901
66629 72714
68215 91017
54558 55603
51901 84732
25441 85883
5421 51613
17249 67692
26074 90838
28380 80222
21312 57028
37791 75928
53860 72227
20183 82703
32299 88322
11120 57098
7411 39131
10372 12610
56890 69040
8218 55218
54260 76454
35836 86295
38880 57094
51926 66403
39313 78627
7754 13161
35588 38307
7999 79735
9229 9722
42784 72083
16995 89190
66583 68574
21459 68799
10466 13132
79090 91240
73886 86963
53508 74327
25330 65542
18095 36306
19177 61577
49636 66863
24193 76903
11192 74820
26786 35177
26578 62300
5052 31180
35774 89496
30264 54739
42952 44052
27302 84843
12314 14092
36662 64473
3056 63257
71779 74270
64535 71872
20995 39419
33016 70741
16895 69709
85182 86603
15370 43782
47884 52536
11468 82185
56201 86915
2004 29046
27644 88669
31347 42812
1788 50238
39203 54822
8437 32481
18094 52605
14439 69357
37583 53625
12905 72223
24451 34812
29264 59167
39212 68286
16411 33815
84495 87331
35331 38706
1433 9358
15491 47171
85697 86205
14270 24669
44192 63460
22542 43178
7421 52344
45882 62989
37184 57910
8104 87574
11228 32126
29891 43673
19534 69296
67334 91608
51526 72877
78534 86306
19166 51550
57955 86105
64514 84806
12290 80661
44261 49546
17139 86601
62233 64218
7254 86358
13089 54019
4769 63347
37993 49356
8916 50213
7633 77008
19875 61183
45231 80234
40264 80378
34883 82077
18581 53396
55965 72334
75973 80359
30250 54770
8668 44485
39038 62553
23427 70199
63351 63552
76955 86849
5354 70348
28261 39461
84556 84710
15076 80361
4025 8526
9333 38050
39740 52875
18382 58696
38401 82394
41744 67720
8011 86944
67022 83489
46664 70522
25036 29581
44903 70385
23212 26909
852 23688
68203 84945
60573 86126
13112 54424
39604 61937
57521 68106
39264 56907
20852 30064
51946 63684
28452 50517
12295 29115
5668 5769
11144 40549
49661 84397
57894 82671
749 12045
24501 29977
67156 78218
46103 70852
26110 31062
33016 67449
50086 69046
14980 42607
9449 27544
63631 83070
8471 87516
41361 58333
3840 37082
19642 39852
27108 78717
10036 83746
24902 63320
1621 91419
33491 86816
33886 78333
2290 84067
2982 53073
24371 77126
23389 73768
38847 46133
49825 58979
3451 3666
18591 90357
9982 29062
42179 79843
42631 66940
11898 35392
38132 68496
30788 55438
46314 59363
39274 61928
45011 85755
6625 12378
53013 76194
50493 52733
75628 83816
18458 88054
51055 72503
83645 85182
15109 79816
20687 57015
26066 71473
85074 86141
29363 51945
65240 67529
31841 42155
16110 37757
38566 77007
18257 54727
38493 64643
20583 80757
2157 47056
26194 26243
38846 64921
356 75849
40725 74747
20251 91730
75092 77912
19825 78214
3118 20600
82494 89493
22716 42563
21813 83468
22568 77416
6451 80752
27132 52999
24152 60727
18527 41057
23428 37570
13392 69916
64909 79293
53687 54472
30311 68291
52790 57192
24861 74171
30625 53047
61543 83453
7736 79103
17434 24439
10231 23941
8790 31129
11777 44310
71365 91861
36480 52177
21718 79395
14730 57832
28956 48971
19670 48876
3045 17437
12795 25493
16723 59853
17167 23816
17748 49079
42737 76646
23272 63796
8358 78291
26522 63149
42857 87825
76490 89146
17261 63878
2321 84109
17093 35395
26965 82433
27912 76603
952 77796
8219 40789
45264 90206
53853 62709
42811 88127
47123 58697
38138 40908
46423 73251
44063 61654
47334 64324
12772 77588
7941 78761
9272 51026
20904 71925
28646 32431
29632 33499
21258 76589
76950 92576
47124 60173
9759 59552
4375 8231
57926 88351
13893 17619
45755 50337
8723 55267
7435 60782
51815 91717
30802 80027
21701 90890
10374 61375
7997 45077
39896 52615
346 91641
38728 44586
2465 56940
74566 80119
17809 87508
32339 60106
9567 70570
21895 32488
15093 64053
49056 76422
27071 83517
50867 80488
4055 65609
2272 91547
1596 40797
26843 35409
44041 64093
14788 60456
20815 63851
21382 52698
13402 76282
69623 88871
31267 54928
8635 55171
18762 26912
6735 86501
19213 41615
4263 26164
27272 64679
43854 79192
4235 79368
11041 34068
4479 88763
46780 73613
14839 28391
22271 68667
39816 48282
73662 80005
6733 51447
3666 32180
7724 70743
38419 75471
28551 36860
27107 61884
43268 61229
68592 82792
35360 42123
45261 49379
26528 47467
10679 44529
43408 50366
5821 73799
80271 83217
27695 45738
19305 66176
60141 79400
65256 92411
33236 34209
12779 32456
21236 89010
45079 56226
57535 74427
28117 89563
48110 61120
1419 3583
4366 64119
9502 22863
9441 48073
4360 49310
77852 79087
20417 67936
36932 72486
39744 42110
16895 64451
3098 52819
78448 91732
30678 32228
76568 85883
34823 64279
15428 45986
14892 74126
82252 89688
880 65978
19509 20639
35766 80099
65855 66853
41051 86506
69728 91119
47874 66857
3785 4788
18646 58343
32440 53950
36026 72044
59538 69258
53034 57045
64240 68909
62826 87845
18122 80756
30265 89871
27508 64294
5635 52788
20802 80919
42597 58766
12413 76670
77291 82412
30165 33702
11473 15075
7996 39065
72079 78800
42309 59102
62299 80035
46888 67282
21346 66467
85017 89648
7035 45309
64130 82857
71917 76936
40435 49521
4085 25684
55633 81172
41562 66476
2269 15385
15124 49060
34416 86561
12256 60894
29814 30332
15842 73328
55461 70736
71384 71541
940 26445
13675 60874
8774 13232
18864 60735
44787 82827
71637 80936
5664 25964
11413 35467
35466 69708
4222 46866
35034 72483
39507 77702
34306 50417
57641 87352
25134 64428
48059 80179
512 23303
27932 90563
21478 25541
46906 81372
31143 90489
1720 50611
31792 66781
38606 63819
26138 41499
8530 24851
31496 57788
15659 70669
28982 41274
70548 81949
47574 90780
3410 35231
51388 52727
23518 88541
52101 53736
49546 66143
1964 3163
20177 28296
48659 57238
51878 64003
75523 84640
7809 25096
36762 38239
20675 57034
82790 83831
85440 91353
30231 59807
55023 82402
15861 34729
46595 65542
47264 50872
7753 26881
12403 41445
17022 38445
36677 37380
46691 53657
40322 74375
10524 56504
21990 56145
44514 47623
27211 34596
277 11383
12014 24387
47725 80941
39449 57480
12978 15474
51368 62357
43288 71462
14103 57799
57637 73057
42799 58303
27709 29996
705 3986
9252 20148
7928 41421
13393 50553
16943 23854
3288 44141
46320 54884
65790 71061
550 24694
19370 30893
39260 73627
7156 31870
30410 90223
22733 80253
2322 63982
40090 65538
68653 85044
20620 34416
66482 90888
10182 85085
2412 34828
5155 37754
48188 82779
73656 77435
45095 52947
17152 42042
8072 28685
33406 48685
27857 88099
28515 76771
32962 62714
23156 43729
54675 72608
22861 50004
10998 55024
2694 60283
4781 59004
55856 79480
68855 81932
33865 80891
7689 80162
967 7313
69299 84376
16462 62585
10753 46726
28010 35958
15563 36638
53274 64844
5416 21614
67727 81277
22043 71147
8056 53966
20202 64115
64340 83479
4371 70943
39347 48378
4732 26228
49171 80098
9600 45421
19129 68423
39587 43299
60270 71544
62076 78002
62066 65742
44849 49942
6978 62896
41424 60919
958 64071
41771 56025
3941 60028
16173 28116
4460 33854
60838 71387
39310 88878
13889 56818
27194 47511
85169 87010
26582 75849
8305 51598
44624 75216
7479 70909
14466 79481
36196 68543
6353 11153
25666 26322
57617 74289
34308 60447
83385 86133
52280 72639
18430 19274
38718 79415
47950 81273
4618 28248
3671 77205
36830 71939
31974 33626
34426 77554
2721 35322
35462 38369
16586 48171
47566 57774
48966 62096
56181 89292
11971 67291
52456 73776
39079 64127
3162 39938
31915 70885
59514 61530
66592 67451
8689 57177
34213 56425
10420 76826
117 26606
56689 68872
76735 86545
56626 77446
11804 39086
42032 42698
11682 86606
6594 82900
81216 91265
4830 19688
34744 77973
12858 41455
7 52716
59381 66645
3518 63233
37325 88400
46969 55351
5374 43165
66971 69981
18905 33044
46627 51040
49951 71015
79084 88258
50002 53509
20037 21697
34204 53735
56811 58672
63827 90403
9970 33748
28888 75991
30371 35075
31827 67001
40897 72128
15418 38827
22253 45471
8093 11045
2412 58208
30823 79274
5018 85834
56698 85890
29742 52290
33468 43128
37108 73303
88776 91232
1907 77358
33737 37576
17418 29037
6559 21953
35373 65837
17551 73828
15045 67470
38603 44166
57477 69548
67469 87399
70112 89927
20765 22600
26172 91883
44862 74536
24561 86443
29084 32960
23345 47654
19354 63261
29616 44600
17422 69876
2220 62272
69373 84887
1007 61605
8136 87024
40810 56056
40808 87272
2995 16139
13572 19976
37110 61731
10174 88375
57332 85607
2693 37489
36358 51797
17918 62738
7092 83520
25784 60547
12615 44886
2291 15100
27936 82759
21848 32581
10325 59332
15975 52267
20836 41291
73863 78324
5570 54531
35367 39623
41168 91148
29753 45768
30546 79069
41374 50991
45559 46719
1597 58432
33554 48816
20670 89880
40528 82385
13656 71534
43456 48472
46395 87855
38469 58866
46536 77780
36715 85323
19932 91970
27841 53313
6088 87278
33701 77134
44212 83680
20607 41005
35670 57422
42808 52724
23325 42144
52404 60550
32924 78342
265 82781
22243 73301
25268 68035
16126 59285
42648 65359
40396 64821
4065 36736
59508 77596
29851 55967
10932 50286
11160 45383
485 79756
6021 14150
2901 63872
6730 75112
46720 86064
29483 81977
36205 59231
4826 23099
4161 56419
10356 60591
50874 88180
15638 32231
35214 46603
15932 61249
14878 22818
7891 89176
4586 30108
31484 48568
33862 90868
3892 61190
2251 17752
44693 63779
44702 84247
28542 76615
22101 43766
12354 62554
60903 79634
42121 83807
14936 53285
2518 89379
59875 65291
32273 63604
28125 48413
29774 39418
28028 85467
3674 87012
13468 68666
42441 43471
63156 77764
72090 88041
11437 76308
39873 82214
1602 77789
25702 29351
80477 89641
5649 46148
44605 65532
22394 56839
19203 86195
19967 55733
80497 80924
8389 52606
12439 75122
8727 17503
42056 75503
63950 80445
27409 55040
70394 76543
33464 33472
57467 66397
30650 37880
10761 61715
41 19279
6443 42786
54234 82358
7738 15386
531 51014
52666 55037
54675 90721
8069 74314
30607 68832
1119 84287
25906 48605
18513 65031
24029 25955
17957 45284
81177 86818
36484 47437
13938 61929
7453 23039
4858 58574
5635 71317
54697 80286
33375 84114
55892 75784
16583 82415
40264 41986
20804 61067
42737 51715
86634 88763
18930 72448
50055 51800
1103 89139
4031 4243
28181 52482
30565 50836
67959 92441
23700 25402
1726 71189
55721 83510
14910 33599
56917 70165
8792 84814
7691 21084
37711 72729
51232 66548
35989 85940
21081 81076
47328 64416
33920 54822
16314 30075
8572 48231
43649 85614
35915 51326
5404 49192
3837 57347
85469 87499
14875 24693
45615 91374
5810 55659
20192 63366
10672 51488
9391 46844
30839 76417
68905 87519
13694 47030
19858 60587
25724 31186
7206 14251
38893 47102
14139 72334
30000 87497
14352 32882
19760 72166
62106 76827
52836 71440
6906 69646
76283 76741
8048 63676
33842 53027
15938 74196
8959 20819
34454 74975
72545 72812
59263 72421
1193 56480
8604 57526
12481 34977
21286 42287
72077 82206
87507 92233
61410 68090
69788 91853
5154 19509
11348 28142
12828 75911
21874 63350
1697 33562
88700 92332
66288 83721
46791 65220
50602 58142
44664 65227
1405 17508
35144 66409
27642 68439
45374 86533
49729 74643
21428 77633
30938 33305
41057 87140
18401 78228
38822 83963
19604 48949
46779 86853
60686 70653
3552 14602
1633 76345
61694 81068
12672 62373
26932 41910
33410 67424
32859 61143
35565 65727
33362 82280
16864 47909
76665 79569
7759 25361
4892 74373
12153 50774
24320 32251
37990 65699
13222 76998
3235 86873
3016 26236
2262 56496
12581 46747
55562 84609
66906 79255
24707 45908
30883 71306
31775 81556
26516 91473
48131 71437
24422 85744
41459 67846
250 57901
39695 84275
40611 46364
4952 23258
13654 29656
61830 88843
42221 43902
36493 90167
3826 37648
67086 70652
3799 59623
28993 52494
15865 20956
57378 90166
11078 74497
47030 75334
47399 66090
4826 12051
31561 58990
35701 37415
13519 40723
30775 67824
58577 67853
11667 49713
15851 53379
2975 16714
33227 67957
25007 82358
22493 33638
48512 62419
40967 42258
6636 50246
39702 51425
55075 82862
36596 71323
13724 37927
86326 88687
60086 85343
59149 74126
21511 38261
57623 65167
779 59902
5723 31070
13946 50377
57465 71660
26517 43787
54213 73797
3404 31765
36325 73152
52589 61407
6425 89645
83653 83670
28324 89504
60296 89268
79531 82449
10333 47391
22475 48654
36776 83657
67607 75749
11429 91164
63820 66828
15220 24850
