95721 63814
19803 49242
72335 85041
54827 69228
18573 91723
39677 76994
24685 57168
55613 63279
62122 84499
20568 74069
544 68711
40861 87387
51109 67681
12085 76161
58514 77169
57549 93822
940 94860
15671 93847
14671 40266
28702 67987
25828 39677
62980 76288
25314 79994
16940 40957
12360 82443
6198 39056
22917 51397
21005 61478
78799 84855
25054 64456
39789 55787
4556 23021
24987 70115
30841 49936
12757 91022
35445 93865
4554 15113
82729 82953
25174 56293
1649 14611
11182 72705
37743 45902
33043 45023
33994 43712
41807 62804
16439 53401
11847 61573
47910 56671
23570 39654
77949 86468
3906 75153
29761 94934
51020 67639
49361 68714
14865 49663
68388 93059
7739 30219
32982 33305
23204 67067
25528 94783
4210 45339
4471 84126
10812 70859
9755 38520
13009 68548
16641 76860
52499 57578
18742 21522
75452 94402
8470 79923
251 46005
16875 55548
5773 72962
25270 93827
28405 62721
17438 82681
6497 42519
13565 41885
74722 82192
43265 82436
2367 11152
33523 71027
20329 69073
36746 85998
50847 52911
41513 56937
7207 73206
20741 67959
59794 91113
85688 88216
58907 82585
57826 60133
29231 44933
58792 79350
47895 69749
11248 57100
33851 58167
30126 68770
54204 58015
20034 48062
51797 69402
20847 24687
14783 28110
10893 30385
7977 42892
18458 65235
11878 48737
47224 75090
8930 15854
23866 94377
60283 92999
31028 48530
8827 76780
23245 84894
1658 46465
13634 63989
50825 81206
58965 78980
61029 64023
84158 89079
50155 75179
48761 84060
33152 56794
57352 59178
2113 53502
21509 93716
16860 27426
23227 23609
15954 53399
51019 55367
27313 51750
45229 70179
67499 74110
17491 52182
85984 94619
20141 39320
63261 91860
65688 76955
46686 60145
10682 67298
80495 88101
3824 11479
7988 30926
30182 77675
10321 29843
24474 90624
12137 81080
8906 31290
57432 57992
41682 44876
25891 83274
18825 23329
8271 23773
4809 88220
21058 81404
72084 84087
25806 83737
38172 43551
17822 57186
1291 14339
40849 72300
3028 60190
50552 62648
15404 76542
42593 73027
24325 82273
65863 86497
9613 47002
18790 35681
24058 24151
30099 82632
49350 87596
22954 40785
24863 40499
33120 88217
858 39076
62947 92897
44847 46331
1576 23692
77835 94039
53090 86915
27210 58099
1909 87462
45639 86232
4285 74284
77663 78541
41814 92325
56042 61841
17267 88870
46411 59846
47169 85345
23804 89768
31380 47491
21283 56687
34 29229
9776 78693
44106 52169
54604 92222
60339 66096
62714 65761
68413 71232
24564 90071
28905 73383
74720 77533
8592 51213
253 52770
23242 50571
4288 55047
39891 90615
45330 46658
34878 86303
10988 80438
2202 68416
23924 78205
19563 24554
77131 77780
33252 39835
48804 58485
58359 84669
40141 77552
45430 69338
53442 72665
47732 85343
45290 94307
26761 27804
14091 24094
22573 40958
6463 68278
23245 58658
39389 80005
1172 80421
47321 75868
29812 74116
62345 63799
42823 80300
63005 66673
23329 51092
11429 49460
74347 74797
52850 64552
27362 67984
27937 41607
23833 42075
63027 76319
37892 79779
12508 91179
46458 70166
4832 52168
38407 91762
50762 78440
7652 68876
44315 85306
21078 67623
49747 84102
2560 32826
32068 62772
15662 65936
7422 28349
1231 8727
47715 58291
46107 83926
4815 23855
62226 73354
16012 88011
52487 55925
20131 55089
23720 54861
32756 76013
13476 31003
23798 53481
15698 44409
71295 92845
20321 38671
30315 94336
231 70852
52791 90562
23051 40629
52572 85610
1647 19959
50584 90452
21153 77878
4672 84200
53339 65319
27049 50547
29005 94454
52420 78570
3358 92418
23492 42773
1736 8064
6937 57186
67519 88205
12382 51675
3861 40099
29440 46204
46774 61357
27331 29624
36303 80003
7814 70434
3344 58226
41987 52214
3762 6358
19644 66457
55296 62426
3922 93650
17017 38604
28128 43702
43063 70007
2238 36108
36341 71904
38330 49799
57624 93745
859 79692
61899 67723
37095 38688
57360 70271
10346 16394
41550 69203
19428 48242
2507 32568
79128 80894
7377 30955
10626 34622
62398 67373
24370 29501
46436 57826
61391 83073
26891 71182
28359 78743
44395 58645
65165 90452
1902 77455
37112 93290
44459 61007
58808 62366
7926 69422
22201 73070
43533 69413
20283 34987
49850 93028
42851 67148
9169 92027
6361 77805
22623 50524
18542 49822
77347 78776
20955 90177
13954 89145
20908 88669
34566 51779
22050 79640
22310 35128
29547 30475
18463 67142
71023 83940
43709 63076
10652 23386
30497 37548
30661 56070
2206 72446
26942 63238
24899 47118
12650 31779
36227 59895
9261 27104
54243 68212
8225 83804
18203 48700
37067 42914
65154 82755
9307 17898
57526 92243
4443 34607
11956 46211
13741 30273
43654 65407
59788 88586
14434 20095
16615 33077
34683 59933
73267 84658
32450 68900
48849 77543
25351 41627
41643 94768
35727 62972
24056 72661
50383 73416
31409 84817
78071 89579
57445 73891
87035 94034
7884 83137
41147 81506
12015 57742
26768 53627
4261 88874
7313 65843
13800 62325
18915 30546
13620 37007
7991 26048
33284 67660
37131 59743
34136 48879
13623 82980
3285 84575
2036 71762
29759 64199
9520 22636
252 15929
13453 41828
5495 20163
17762 33823
75434 83166
2865 46010
49136 80329
17592 46492
17331 72446
47612 92819
5297 57156
35860 38374
29410 58988
74051 77260
9278 90848
71556 91420
25406 31983
85154 91586
22190 38225
16144 57698
36824 94132
75036 91556
18136 21999
52891 80905
37994 63786
52754 95089
41199 84808
20381 88565
47292 75421
3936 81566
5102 22034
44821 55663
13548 52368
6741 20228
80037 87580
2126 89807
24859 91356
2907 22729
82143 90185
28109 38862
48487 56921
88177 95649
14751 30363
15167 94969
14826 18510
72899 84676
37191 50771
25880 55411
3908 50105
12381 91157
45257 88357
31663 58522
18013 91976
45349 48049
76581 79229
66497 71277
8675 36175
67812 94862
32411 32878
517 15314
30111 41564
41273 65840
49949 67856
81177 94111
11732 78124
12102 85602
29059 75677
37142 74516
66145 91775
55437 57522
5217 72743
10865 57224
28545 68435
22455 87080
1000 94553
62374 84024
63349 80246
15009 30168
74348 86454
41826 58518
35806 94404
19776 55779
39409 65973
63303 69735
19975 78141
24243 79130
47377 88067
35220 44404
31322 65234
2739 25845
48287 63646
11425 47917
29928 63103
90766 93982
40568 82263
2217 56022
18755 92342
8970 65864
768 49153
16291 63347
10968 26131
8903 46831
46668 75879
18470 54115
8339 92178
18556 36591
85064 85271
13964 17015
1786 94341
7033 89324
41754 72124
32610 88628
64945 71113
32649 69273
2898 49324
20769 23156
35459 43028
83735 92816
67012 92999
43620 58857
77898 89937
19745 84807
60948 61349
24912 93835
53186 64835
32246 61257
11740 61048
25602 43709
49888 76732
30757 51074
77405 94344
15966 61063
16841 44840
951 24419
32622 87512
18551 23154
15067 60237
26366 38483
36768 91609
43357 89330
30058 56585
82788 91590
70876 81599
16114 19615
51101 91859
1282 22399
28188 73444
4477 29403
70719 80914
5611 15656
75308 93663
58383 77204
23576 58068
22555 43473
45930 89402
82434 84007
5196 11813
68065 91179
30667 34058
64736 69055
11721 18968
17695 25343
35717 48520
2925 55034
47504 90506
59274 69949
31866 56747
28093 39060
66115 74136
25949 40283
20826 33802
2302 53940
9511 42153
58470 91971
58942 71587
23716 63316
41953 54931
24644 30072
21112 41732
27487 37853
1118 2783
6128 18687
1388 18239
41170 44166
19290 61863
30145 75985
59945 69093
40789 58056
31617 83343
42857 47424
30131 91561
5092 20730
33542 62920
60203 85075
19150 86491
51352 53749
15863 62950
16585 56177
6459 51748
51508 76746
28201 54013
55576 77512
75108 89323
16918 89800
88646 92962
9988 62328
6325 39893
14757 24148
11500 87101
56956 65952
9210 68190
304 39299
74969 82345
28000 59718
35994 93336
27273 46712
7251 26867
6047 58778
39363 65348
40970 85872
4934 14993
39163 57337
4135 24299
25869 81414
36090 44790
16822 34895
34431 63896
45102 47510
48303 55804
28220 92079
34284 57975
51108 69735
38042 89805
22488 36504
11957 92357
23443 68466
27653 43205
11196 52469
2448 31840
19377 37309
7535 38537
79034 90514
78900 89927
24712 45082
46896 87139
68776 89034
545 68423
1272 90645
40043 90333
21484 66360
4911 6833
289 32603
77379 83521
38935 43204
245 78097
68202 68910
30902 82744
49413 72782
18326 41048
32067 90533
4483 19182
66041 78707
33884 57750
27 47417
30654 33404
18623 47383
65708 70766
21652 36062
55522 58777
44591 85852
3375 44382
17988 51845
63531 71115
18809 42421
71363 88759
27404 71319
23825 44696
62704 85812
25271 89793
13520 50063
65861 67421
15866 38944
21875 71802
25666 85825
46718 75587
19600 29773
27902 42011
21602 32785
64704 67803
38190 68518
7956 32229
62631 71027
68412 78457
10738 30305
50597 85023
51552 69306
1316 46894
47421 83395
13207 35878
10582 44579
39898 67795
49842 94664
29061 41379
43241 69624
34253 43329
5515 65498
10058 32897
5432 74694
83653 91395
6684 20149
83625 84456
62003 74638
28288 92418
28759 58392
36656 67671
42806 69606
43695 90181
48303 82294
505 5213
30739 78120
37657 62927
45719 53083
57764 95543
52396 80041
36101 88701
68073 81728
2579 33458
34346 36673
30201 80702
9975 53914
51003 57840
30320 85101
18527 35861
1010 25169
1671 36927
15978 81679
47401 87472
30444 61576
38335 52391
41884 83236
36754 47481
6960 37251
21810 74593
30274 80303
60665 67597
17829 40199
3986 39295
42143 79585
24038 65338
48333 56520
54896 85326
31641 50593
77952 91130
57999 68931
10754 66611
27058 79794
15267 84118
21609 37772
48969 65392
38285 89637
15970 26446
17407 79738
30258 66656
68083 81697
66494 87159
3493 13778
89097 91075
15871 65528
31829 39525
41344 75382
10054 70357
65585 83797
16548 76061
12231 25663
40879 61775
19053 81724
27609 35052
14891 68155
32597 82151
13089 68878
3442 26485
33845 56437
4615 72680
27843 58481
24316 73978
21977 51305
23807 24236
54599 64362
31973 68710
33175 43502
26543 51462
17599 52699
47968 53337
903 40810
37608 94081
49211 59746
14498 17132
4472 27204
40021 90931
56706 94299
59193 65301
24896 39936
61042 69073
41026 77624
27137 48865
36502 81009
30921 77692
15860 90219
50628 93335
60699 69578
28557 48600
19533 59146
23965 44598
78183 89636
16083 58746
49448 58882
52849 88289
72876 80936
10648 64118
63510 93965
22372 22564
61307 67607
22190 57849
42605 84110
34000 59269
3927 80068
17193 31685
35498 74236
21826 56344
36433 85053
6341 64767
12236 47697
51785 85614
13565 65020
38198 90213
56272 81319
6416 55117
38221 47705
42996 75964
43933 84406
14475 94939
29001 58293
6433 61698
22890 32596
63844 68667
75698 91200
2477 84734
24326 41724
7182 94818
4237 61601
31183 89630
24228 35936
1440 89043
15247 34698
29830 65700
12688 87552
4269 14027
6145 47162
25248 44524
42598 44188
1956 76608
40959 51505
46794 78112
44969 50075
57235 95040
3984 5870
38990 68928
44257 90552
19985 65948
16291 78322
41854 65948
21842 31228
59208 92557
14385 56341
12667 67477
47898 56973
7055 23601
25089 41178
64393 93347
22730 47074
36289 87612
15782 28251
8067 84702
37368 54054
30171 73671
23472 27860
47399 52539
54176 54477
35021 55293
1956 19442
18669 54150
75963 78819
65169 94256
16859 77211
40963 60196
19755 44573
76820 84996
53330 62245
56800 89033
3589 79444
31684 49987
42813 85658
28037 57915
75472 82349
24403 52836
10462 67374
27411 68140
20006 49051
22226 62657
74367 89541
18347 77897
43793 69713
76533 81545
18021 78549
42862 94936
45038 74664
71645 95307
49507 65356
14882 73156
47290 76297
80396 89045
2261 67836
13561 72062
85974 95181
58034 59341
34514 42528
16026 59745
9284 13072
26108 64144
9874 52466
14516 25073
1890 74705
379 9593
52188 81979
25266 79954
9218 91370
11313 28850
75554 90323
16323 89000
65273 65278
27308 91941
15580 36400
20152 28927
15061 19327
59792 88033
21535 62980
10318 13511
6187 63679
33557 83719
29532 53762
54283 87501
22053 51034
76537 78737
71761 85582
1947 58014
37870 93869
27443 67499
6516 62062
41565 77596
2220 75710
66619 72738
22660 92722
1032 26370
22930 78027
10035 28455
35044 60173
41803 49107
24835 41697
2545 21425
4577 87618
77501 89843
43856 67942
17483 27616
510 63491
4045 66715
56122 67825
13109 82147
47880 55479
12684 24847
58343 77844
10331 78520
2391 54724
69707 72264
12879 51598
52471 55116
2977 31416
35095 94607
4147 43217
10005 90252
66945 79842
22095 67249
27106 49795
47432 90729
28560 77573
32 39041
48627 54578
69494 83742
19907 38077
34932 74605
53104 66567
62967 80124
5333 36910
21219 81725
62702 64303
49794 85914
6795 44984
45857 91044
9988 13094
1814 29736
21230 31431
3520 57280
2225 87838
40539 65495
13002 84393
31384 52566
48108 81559
29455 38859
61974 93158
12219 69580
53428 72132
1703 39596
10124 16400
21398 82211
39071 60794
55927 74745
20830 89061
66405 84411
21197 28197
69723 74930
1497 14298
43568 83490
13269 85983
24711 79249
40449 70867
79774 87557
28936 31852
36067 59729
25511 25998
23180 79711
19922 94181
38161 79210
33088 49249
8939 79599
45249 90170
2387 25031
6394 44601
67429 70423
53481 90305
69012 71971
38410 77469
27162 37163
10503 75565
22886 55113
54476 68800
47894 49273
41711 73757
10867 55927
11702 47953
49107 65875
12585 94588
880 16573
16403 46800
3650 91785
49530 65233
61216 80131
5624 36336
40769 56992
46934 68601
49823 54472
13806 51809
71839 83114
72740 86601
68773 82283
11487 38449
45696 47453
50172 79106
50803 53579
68837 90171
8736 33745
16163 48320
20112 72034
9380 78379
31030 49213
54492 94070
29012 85100
82058 83296
18168 58731
59378 60716
65001 81900
28383 71793
7564 25890
38877 76571
17710 33052
34819 40082
43821 56927
18536 29890
83765 94150
31085 69656
6114 39989
19560 79108
54378 81154
2886 85101
8860 50451
18852 76469
7668 44156
2271 42126
58602 87261
33773 75919
2162 55135
37269 66137
25014 62552
13747 54476
72546 80548
36435 64774
757 77811
55732 80297
37967 57788
8490 80423
18785 69783
25046 70170
15087 41029
29532 85458
54135 66312
29271 85815
35065 41726
21141 76751
17781 41680
8219 58858
1007 82838
60233 89633
3724 53830
29077 56395
45567 86888
3810 11076
43996 92236
9049 94107
33748 39742
78524 79606
18750 18943
73940 88142
36074 44074
60990 65576
29489 61776
3936 45971
44560 50494
5916 17340
4144 93317
7401 10621
24548 92018
25560 36516
13713 57145
49946 50266
29182 85974
51430 57337
57437 60640
23462 85009
54576 65990
23364 93267
34257 86047
29235 31054
9350 30208
14833 58253
33995 53648
63707 73996
28763 80540
8194 38618
71994 73586
23743 82063
8711 47387
62637 66356
84445 93661
43528 47075
32915 53594
2887 55403
46868 83246
57932 92930
800 23155
11953 56033
29135 54569
63102 79079
59297 73147
48332 59406
33293 88821
20265 47455
6042 58890
39133 81906
25053 86197
16068 29341
18294 88478
28538 36752
34477 58326
12210 79793
4674 90125
45309 75987
47428 54720
3988 71371
125 47485
11054 26369
13001 34041
76884 94574
40763 73675
57230 68273
33531 49289
11225 30698
18371 86734
2050 48548
56418 67688
19769 58254
5381 42865
50659 61952
21155 47279
18877 22490
67481 80816
24847 64489
24532 29268
11405 68055
25597 83206
24881 53672
11339 54053
67346 91659
13976 57671
36139 48992
86828 90751
13049 68839
39667 71047
10368 44880
75970 84800
5283 73143
56732 84699
32333 61259
580 50286
4709 42145
32946 88863
15852 47256
12169 74540
49422 66048
13346 78054
9937 74652
27298 86314
66538 77276
20021 84549
88593 88763
31854 91603
19476 58381
21265 85119
37359 57905
50800 70749
5906 88500
9562 45854
29456 74988
20247 69646
56782 83657
987 12381
24292 80185
18772 25994
35969 72636
60465 68400
34935 47962
61215 64490
50266 57583
45502 71636
12231 53867
33781 70321
38714 56606
15286 39823
3533 89619
26381 54872
52 90799
5933 53965
11234 42143
51015 71379
1218 40981
28642 85536
28160 71343
25850 78783
89824 91433
14390 59414
33943 59874
29578 60010
20366 69708
20694 48898
44328 91759
26523 77961
17098 77005
20318 66043
22980 24820
22897 56438
10738 67264
11204 89590
3876 32650
30 77409
9771 22001
19131 35824
33006 68170
5204 43262
17403 84267
1364 85174
65898 73178
51862 59547
44093 72893
48506 69429
86183 94604
40349 87984
39469 61766
83880 89100
28633 53127
28928 65794
15810 66834
2864 80592
2538 4940
15860 94497
46227 56231
25410 80896
32212 86726
40129 93034
46933 60755
41069 45666
7400 77828
44948 74409
80708 86272
27996 85801
19674 61561
2124 34463
58739 92157
82154 85664
4859 85029
67118 85720
87814 91622
39003 60885
51885 68295
13212 17714
25910 32908
61940 75085
36253 90657
3587 29729
30471 68051
25590 51710
42172 89504
38597 56570
1759 46039
12963 41954
58792 84130
61322 95298
35870 77935
3271 20429
17529 53242
26540 86691
16531 26176
10528 45490
19356 38888
2676 69308
12306 44392
10116 79341
10435 44656
10247 45256
16857 78757
49295 93148
32624 51749
66855 76257
9236 86313
1072 75478
44133 53621
49585 58972
18552 60559
81123 88005
23430 84341
39606 74043
17237 73016
65344 85828
2679 68926
15235 16210
66345 70765
57709 73081
22027 56870
6646 61679
22490 60855
4192 78949
57668 84209
14678 52834
59731 65514
10016 40487
63578 78697
65938 66173
60393 67372
70188 83562
6305 20251
86109 95601
37784 51523
203 42511
64794 76621
3889 50385
11542 70059
28209 52891
39355 51624
86384 86932
38988 39293
11328 89890
91613 93484
56375 70456
6592 93551
23726 82919
4716 19890
33593 42524
2535 64142
24303 33304
36134 60010
75502 85195
16566 84696
853 19056
6729 24478
18522 66689
20389 79623
4299 39429
58698 65128
26002 80885
9928 56827
30789 73265
13641 63304
11126 60994
23519 57015
81578 91943
8614 37932
41563 80145
1922 38066
86590 87183
37043 95401
38182 56342
50803 90294
80781 86363
4272 29431
45286 70215
11519 39374
12174 70600
1621 38839
9599 14907
11733 42709
18383 81048
11313 44047
28148 62597
43819 89625
39105 88522
35858 78596
1282 89798
28788 61360
9342 71650
42735 89919
44026 95050
5226 64336
892 88003
72457 83837
38729 64612
36214 68217
23440 34431
36255 37163
41281 50374
5605 15829
47206 63366
43044 64833
26855 80637
37273 55767
14130 24112
8250 48176
26091 39439
33865 55696
27217 30925
13818 36096
16175 86401
13303 54260
72411 94445
70932 78036
44588 75143
80529 92398
2148 12422
57791 81591
53399 85868
41239 53801
555 53687
76848 82036
566 41597
24159 77832
31714 84794
6605 9070
8323 18339
21719 95554
32169 41218
44445 83468
7669 24961
45252 67644
1916 1998
34029 70155
32013 81860
27023 83781
67336 75010
7323 42466
9598 95155
39067 66775
17139 35202
37962 59897
26029 76080
68560 89007
70254 74332
41161 77649
55852 86092
42827 68722
19809 94680
46852 52318
29877 36792
16134 40332
37948 64344
53115 82484
37976 54437
4965 30336
31530 55568
32060 56121
31643 69865
52847 66591
40067 49969
41862 91481
2315 22026
15061 31760
4492 20255
7105 32759
1424 55266
41033 59909
33961 45100
54474 91376
18470 93393
6710 36532
43771 91614
23110 95076
57120 72786
34163 79070
42820 71090
7785 87467
59838 63566
26192 62310
79333 86855
25039 67199
23265 47488
48718 50454
47378 55320
12886 36060
41168 44736
44360 94327
16050 74642
8350 30469
4481 85518
27957 77696
34899 64390
22393 59542
39563 82544
13341 19284
53192 87497
46475 66247
60690 61487
46581 80280
27677 47986
14078 78255
21226 31272
5039 20479
32656 46091
47872 74452
19804 51936
30879 78451
10584 35120
11668 81162
9154 46678
8385 84546
7180 40589
57220 67254
42111 67341
12625 89153
4340 41496
32342 32847
9135 73030
18439 53955
39009 54100
40483 53957
9897 11041
913 50566
17249 86356
24039 41123
48916 82876
4077 9253
25604 49618
34769 36349
50790 58528
70769 72690
64583 67822
21143 88072
24544 39033
32033 41297
53287 54739
38617 48213
20250 68222
77949 79889
15848 69999
39899 46822
52229 64499
7553 73517
80260 88574
35024 38227
8500 86636
8055 83945
42792 95225
33822 57260
73267 79329
31777 95299
32390 77977
55601 92152
50565 53362
19636 24158
47542 53498
16566 58819
21057 91237
46399 85851
10331 94376
7893 14619
10775 83602
33021 78351
11918 28607
29348 61735
8024 33582
2621 86180
82658 88365
16995 87119
15962 66770
5745 75179
38124 39975
19512 35238
49676 66898
82774 95206
46507 56224
12101 16547
30265 53906
60797 62936
86218 88423
62593 91541
8957 80773
44904 81913
7857 91320
152 63123
10584 59323
41712 79115
23519 39614
8611 90003
5435 82000
33302 95080
42928 83681
2642 23482
16163 63991
7495 51728
53471 69328
30738 91897
68226 77403
77199 90656
59832 78141
51614 81590
6499 14233
57644 62877
4725 79121
20590 42542
18536 27143
17305 22229
2040 66589
36455 69611
2879 59967
17865 18994
46762 50562
7563 91853
31888 56990
83552 83788
16032 47765
74029 81072
58769 58865
52434 68979
17061 31992
6494 14724
3887 7854
21824 72593
23601 75954
77471 91123
10929 25088
35693 69507
78921 83539
8127 63805
2631 59959
28975 58241
48909 92131
32525 66697
24103 66338
57433 67740
28173 90386
28435 88482
29176 34520
75202 89358
9873 45393
4566 26728
52829 54584
6285 54247
19352 75045
1432 33651
26876 38596
35562 41810
79323 89210
36847 63714
28039 32733
4510 47322
25294 34279
28129 34881
5797 31426
51632 68722
46586 63738
47428 73986
20078 54368
6177 22069
1235 53998
51093 70875
42214 53610
73386 86067
53283 93729
47706 60908
77599 91935
12833 44392
21217 53970
44183 49527
22624 89982
57846 69245
20023 35596
48125 66962
9053 39732
9880 38538
60941 73396
48743 58254
17299 55953
31045 35161
30671 58773
5651 83615
10218 15043
64001 80133
38297 71098
16609 25827
2773 88584
84089 91202
28073 67819
16033 37152
26005 35958
62887 90268
62406 64830
41301 61613
6156 58582
27409 61965
31577 89367
19987 55290
5112 43290
69061 80495
75916 86566
26113 77974
6468 20266
40128 49917
48101 64741
27430 87018
4119 16175
22502 43284
38173 38654
71981 92219
4636 26997
21860 67814
62045 79476
52788 83099
18279 80411
37096 75551
57822 71151
23460 55461
22038 28091
3426 26145
41432 93001
65386 66615
31436 74247
48047 68746
21379 41008
1233 44488
55292 71578
45367 63205
10960 41615
14479 20374
6916 35579
3600 47552
25723 44529
16532 38845
9247 42824
28022 94898
22665 93385
5882 35470
17197 30948
48656 51717
20971 71398
31661 85622
1918 5238
40070 42894
44071 66959
46985 64516
51465 72089
28477 90263
52881 62193
51032 53030
61781 73054
38461 58227
17983 47387
86148 92012
36164 65477
15924 67860
60251 86672
39005 69701
5254 40699
73731 89853
31087 36637
84945 91039
35586 78035
24604 46178
40151 76629
53532 78977
54711 82214
16624 44063
8405 31230
23917 82871
6063 95700
20001 32169
29797 84103
55973 91578
72581 74957
43790 57010
55729 57909
46527 68870
11540 30550
40775 91950
42372 83551
17207 46406
11591 90199
28116 63429
56312 64946
68598 72563
60489 84470
23784 35385
27045 57807
7096 13375
1500 60462
50282 53836
44244 89591
19148 24998
2917 42387
80163 88408
18958 74078
42586 64220
18308 91153
23061 32281
7839 83986
9474 13590
75404 85673
75736 84519
2540 73702
36393 87131
13924 67890
6798 52768
38001 84701
81776 91455
35741 86608
24252 91105
49567 84617
3910 65646
33504 63692
19628 27671
12460 90993
26281 26795
72266 82488
2082 3525
60439 77950
4707 75346
19930 28077
8827 78148
33312 76313
38074 61060
856 67715
9856 43802
4684 56946
66686 66997
36761 84500
53549 68981
25390 91267
1800 32575
18894 57807
78040 81482
3159 55811
29177 58599
5473 65455
6140 54810
7810 59180
34851 54396
23321 82365
85746 93349
6136 48691
17230 19180
31237 94959
56006 58962
29327 91022
64 21838
8434 17483
4103 27019
27477 33258
21395 94194
48878 63912
32537 63554
10394 30281
52214 84238
8183 62007
43960 44954
21940 66849
23415 36606
1573 17768
69780 91438
18299 69378
17496 41297
10420 80900
13109 20743
74895 88624
72574 83462
50745 68575
21614 36282
16035 17493
54945 80243
83360 93874
79336 80989
63677 95173
20492 84154
48086 53650
23469 31186
6568 28649
11004 19650
48626 72647
31053 44227
32478 70146
88374 88422
65638 70512
27710 36366
57381 86142
24827 64335
12921 64161
10056 62060
62609 71849
61202 92979
34169 36804
79916 80551
929 93191
28523 67445
38513 46451
10213 32309
32871 83869
47547 65894
3766 30275
7779 80744
4678 21198
28677 55949
12487 60348
54603 81822
19845 30993
68006 91307
61963 93396
43029 53572
53567 94124
21749 84293
54521 65054
16724 78051
18494 58223
29257 49132
3239 84515
65618 83126
73243 90035
1207 63249
63897 73600
51936 62214
30639 35473
41599 88035
86756 95293
50819 72327
17996 45149
19253 55049
62815 80255
40016 89983
25170 57294
17811 21082
13838 65283
14755 28758
28092 37884
6206 49296
38300 62205
27799 86164
10523 32342
33146 71380
57816 72048
71792 76429
24699 94711
2033 66517
18945 58167
74899 85946
24958 29185
5949 83941
9226 31639
8671 76638
83300 86329
43169 64765
22516 55920
7187 76498
36584 74101
13186 22385
56821 88246
39346 81097
20453 82993
26218 60244
49234 71168
17894 67618
53896 72142
23201 51637
7061 48584
13711 31888
85635 89525
52381 57359
79592 88708
47428 61869
12127 13971
62738 66188
37520 86504
16629 57143
11249 44951
76129 79695
16182 45247
36504 83111
17460 69732
45213 56298
23950 30531
83356 89482
2162 18246
72923 81030
59358 74768
21001 83193
15673 72715
31008 81871
12049 49774
5827 6136
3287 27275
56144 63247
2217 15241
9436 52556
14769 59093
65554 66634
7430 94309
33020 54562
7123 29357
15984 16235
55399 58696
17493 92272
35972 77345
26926 45244
48197 93386
51756 58084
77391 88660
59696 65330
65772 94861
36070 77085
31618 60662
16866 63556
39137 55763
28008 64593
55572 86147
40509 52373
39449 91264
62990 73580
27439 38227
15915 33978
75649 78702
21566 47143
41899 60485
53863 59350
22393 57147
53482 66620
23284 72717
31492 75183
28296 80564
39852 57716
67948 80125
14725 48800
23071 30963
19001 45943
18812 62272
10400 90864
2117 31698
26311 66756
751 84972
44393 88464
4526 91524
48329 62189
85772 94436
18381 95085
69736 82526
10271 89254
37449 69079
84030 89548
21218 52019
26852 44783
64769 78471
8415 82112
36576 40543
38088 60524
14738 57871
43531 50864
52134 90207
30148 53880
90786 93855
10651 13534
10107 82208
7899 27993
64092 68352
1279 47059
56222 81236
63198 66900
56613 92469
5189 75285
23996 64197
11185 75432
51459 64121
26320 62469
64325 80525
15035 36948
23118 68187
74008 87616
67333 75624
22609 59057
2994 95473
5341 93824
17855 72636
10411 25173
59599 79876
20811 55302
1719 19786
76834 93475
62041 71042
229 51090
36970 70595
9682 38548
23682 25548
2137 17684
11913 87150
26037 60932
7082 17551
50769 63732
22768 48053
13456 74682
25365 67967
8810 59171
48535 62129
41732 59114
15434 37044
55624 84910
54323 82457
57769 94171
65641 93101
64870 81318
8444 75540
6261 14255
62232 74033
24198 57056
51551 95384
2704 82377
11610 93373
48745 74616
58983 84311
23337 85960
39226 58242
76437 85008
60358 69857
81124 84981
8687 39895
10603 20575
3064 59250
5733 37719
71967 91908
61434 83823
22779 55652
19424 63216
14555 82789
93915 95059
1367 19342
11950 80823
60546 63997
23295 71255
11786 91790
18836 89123
39164 84032
5061 20768
78475 93128
4221 95014
61721 66668
88771 89474
61635 69735
9141 50122
19116 86716
48652 95670
16994 46212
36363 71942
19342 86770
440 9019
74357 95679
13663 23531
37359 42967
70731 95563
22501 87555
22656 90924
59019 74585
60997 93048
28778 56568
3024 27478
83475 87943
53257 91432
46993 72528
60243 70127
25213 64575
4253 75331
45886 75673
34468 89991
17585 76742
66204 93560
40052 71868
41010 81904
59170 80475
44722 65881
78071 95127
42245 84939
41555 50086
11450 37640
21101 59719
33454 45626
72135 75692
17374 46282
45974 72359
45076 68801
9426 90021
59453 71515
86402 89355
1537 54698
26081 40742
32094 80211
25147 52770
52594 56040
13729 54233
51395 58525
37680 69553
27015 28208
8363 78678
71377 77109
31318 35138
68654 69729
29749 34812
26197 26484
3140 79702
88853 92042
7898 78726
3156 43597
7005 77923
30423 38158
49333 56479
49054 91945
63087 73238
23010 83283
8625 63404
57274 89071
13559 32944
34630 44107
40164 67778
83778 95018
64423 83849
932 60745
13008 17854
49220 79850
75395 91278
55658 76747
31028 53040
3989 78323
27385 61430
10248 64515
27610 27904
10942 87557
9529 78371
60660 76341
22114 29485
40598 91906
32592 48477
48859 90509
12382 44790
19027 84926
30898 84892
15205 55660
5384 11619
13740 70944
43354 75626
52841 70703
21090 48446
9383 24601
29363 68692
32002 82359
45082 82801
16404 27471
9975 83773
40650 60161
56795 56836
24375 69681
38218 84710
36771 56304
4561 31732
31973 89968
16237 23999
2499 55145
2330 73980
30107 57548
8606 52978
80961 94006
4335 41985
75770 84020
7247 24215
22041 63826
55597 78681
981 84781
255 11242
4649 55527
20818 39028
45377 68091
32663 87184
1026 25464
34040 76689
1981 77160
87774 93418
31043 90721
64698 77010
4418 13997
24806 91166
81661 90438
27576 41115
57612 63020
19188 57599
16184 76631
15171 23311
49014 93514
28867 58700
15264 87043
69873 92233
3903 38716
13047 95081
67908 81094
32736 71054
22765 79318
14244 38830
30326 37670
16774 79873
50560 92794
48691 52321
89143 94871
64559 78251
30269 32083
7691 72624
54240 83284
30367 39393
72998 76480
14475 58356
46550 72550
64696 65707
78235 87688
37238 67893
7417 30109
58539 62760
19244 51655
41970 91520
6001 26858
50478 55890
41519 63922
23120 34390
10589 28180
10693 35400
14071 81769
48129 59682
28760 93716
14497 26389
23893 54033
66594 81449
36539 93412
80114 85290
9276 34374
29303 51711
32880 37371
4510 22543
85043 87181
24350 40899
10210 91599
4044 20421
51436 75238
13036 37397
64192 76057
5937 39373
1592 38163
9109 45126
55191 79226
59553 72342
2689 41648
17961 58005
18065 42400
61787 92334
66185 67666
64890 77197
14718 94887
59920 64087
52735 60623
23768 25765
42857 79664
50063 75929
87706 90874
14342 59948
43463 44404
11096 89143
33526 57977
53087 62787
48092 53325
53435 74313
61997 83238
32565 43288
11850 74041
51770 59927
58890 66010
17214 42617
38716 68493
27877 89725
3403 63668
31225 62867
72092 88440
28300 49814
49415 89938
16467 66253
1138 33189
62137 65004
6214 32694
76227 83763
16553 86787
40265 92767
16877 17533
66529 90939
4395 9056
82381 86685
9524 89247
11931 65189
48874 91300
221 78287
10099 82107
45518 92291
3256 22625
13205 32137
23967 25497
1233 71438
28559 77051
10655 20957
57660 85391
72173 83230
52456 58100
44567 76542
77095 86128
31722 64240
947 60332
71411 75829
79057 95666
43830 78278
57847 63482
10313 49456
17742 92394
4573 73621
59387 66704
31333 82310
6420 8186
42200 80893
5625 42519
57970 81805
63073 90213
646 705
45513 76990
23593 69844
37517 83360
27561 79047
63964 92445
4306 65872
23060 35814
25851 32290
19972 65431
58986 83652
17150 52106
50242 84774
9644 80931
31220 68161
34214 75254
8714 37216
44508 80154
10101 12256
44019 51486
10154 92267
71320 73505
33234 92907
42746 52543
52425 81023
9507 45385
40877 82922
52920 56997
13644 93650
13090 57403
86399 93923
5953 39801
8905 42075
45080 77070
47747 84151
51767 69596
36903 78856
37148 60804
21278 83912
11900 66211
85535 91703
41176 82564
55604 88286
14088 64625
46683 76608
32971 59522
54019 84886
26492 63038
36767 94506
76022 83380
12500 50927
60586 63509
24638 37052
16791 29498
5028 25664
9200 34178
37218 54692
8633 34789
667 52737
15914 65223
65433 72487
18137 51748
9279 23779
65081 93554
19237 58442
7219 52548
46082 75753
35237 61846
70660 73744
30902 35106
32741 70909
66714 87087
23109 76992
6691 63648
20897 79931
4872 57579
20518 43721
16895 88986
61281 81434
38172 51657
14981 53837
30149 58393
41343 54746
38624 45695
58318 91207
12484 71697
1801 8830
7691 32921
43274 61205
62835 63806
47161 69645
54600 95291
31153 58128
19959 51395
86092 95684
13360 32776
1261 18229
74707 80729
27757 53156
8957 94497
25262 65738
6646 62161
42163 73589
15565 49323
29816 42666
46071 84285
21959 47511
3104 82709
13724 31008
84726 90022
9612 23265
22157 55143
55428 87171
53465 58057
24330 89355
734 84940
13643 39812
43073 84835
20333 53870
17429 44753
60051 72717
28077 69836
68887 84075
17069 73891
32352 67186
52020 64845
12461 41821
90024 90386
76730 77572
9639 24000
38204 72420
42643 56520
28078 51700
45995 78862
19875 79997
10906 47832
12954 33867
644 14167
4407 84208
29472 83423
21071 62630
33681 49301
9575 79426
13456 37470
4142 94974
58167 59217
75888 77946
6088 90299
11183 71948
45456 71182
35506 72779
26338 79980
44037 75789
5927 58870
43839 44629
39338 51639
44226 62319
11435 28660
62372 68737
3899 12269
28282 30613
52746 95122
3394 9936
7879 38604
29845 32686
38658 49829
33442 34791
22737 92431
22582 79458
15996 45203
2179 23666
10828 20892
17805 77346
4620 52712
22393 88643
48259 57279
18184 90239
19130 75216
53435 86923
25640 83590
26005 71594
755 15895
46037 86926
26800 39795
54602 60378
5062 60581
56484 57798
6199 87284
21000 68608
63031 89715
29274 64292
19144 47457
3922 30665
20895 81528
2263 77781
15466 84929
43564 85942
26941 64584
6020 35107
83983 93007
47238 84967
35122 43186
22636 90011
25680 35785
16128 60076
10923 57800
81973 90192
30116 88004
56670 81434
40038 90434
23462 39345
44357 48404
24218 32513
56638 78190
33034 34900
71146 94399
28616 42840
5590 56482
35647 91022
63613 68782
1074 65999
28222 95169
26410 43935
14120 78016
32877 48133
50036 70177
25605 77776
35749 46103
41456 42839
21352 62215
21350 36527
33500 84673
38309 58416
26215 36255
61154 73133
2873 87719
1894 92106
30050 90314
17640 43706
23002 29733
1613 63583
9910 51442
41629 75424
10382 93024
26444 45169
78074 85411
47535 74551
2678 72427
61741 67311
35106 38362
3220 84615
13739 36384
6314 33692
69176 82144
4878 90648
10406 59512
53336 63252
12867 95559
69672 90374
17845 68767
9657 37474
13794 60685
22275 31887
30634 63574
41359 86026
55527 88232
25823 95136
32053 88335
2787 63513
40840 68906
5298 26029
5368 49033
9748 78020
28851 73985
14945 73932
61768 72854
55761 71740
16621 60351
74597 90493
28692 68922
14847 48970
8043 37005
58461 74600
9708 93044
11950 52040
28272 55142
31993 52941
16834 40886
43384 94277
23661 81330
28999 42111
51156 68872
27567 87361
36608 67146
49121 84732
25143 42596
4847 55946
3892 13020
17211 95394
18807 95402
20580 71332
37932 54555
1983 34228
64966 84638
7911 83771
58573 77415
39917 54038
4728 17880
86885 90944
3051 81849
10728 49764
34822 77466
61022 80187
13900 66865
53229 60785
21645 71399
59416 63262
12436 34738
21262 49119
6822 87505
38661 69046
53158 69551
2413 65694
60672 73847
23315 41682
50394 88492
33332 93559
14367 19655
39261 45799
15988 52377
23627 26092
2870 9288
4571 24823
43725 65986
12993 75620
23876 79652
1831 48905
91796 94055
31106 43221
24601 71957
23612 38141
82076 93209
72602 91217
32280 33742
20152 41088
59512 65352
2700 18236
26430 50786
24216 39989
57695 60341
15943 48634
490 29492
30350 60272
48510 81988
25038 30604
38155 59589
25991 32297
18123 57936
14326 63221
54309 64823
50831 65056
29067 84796
2549 59115
23196 62577
61515 68342
57183 92887
29997 95356
833 44706
39850 93645
48175 76191
46062 48645
9568 63723
14821 61041
42239 78809
949 91603
57720 78953
15794 22629
63237 82141
46918 68786
1765 50117
10546 58288
49894 92858
8855 76631
42484 82169
51024 78445
62331 76074
11579 22951
23079 45659
12695 13544
16333 56679
34313 36429
53510 75147
15993 16217
9771 80473
90317 94944
1101 90296
12363 94747
68234 86566
31613 44756
27027 48789
63464 76954
10030 26785
66134 73989
74981 92592
22236 32576
786 94041
13245 71230
69063 83537
1405 44644
8994 51418
19177 46501
17103 86914
43910 73531
29879 40730
30478 87435
68172 92049
18126 42565
11849 85496
58795 86850
48110 88098
66242 71544
27326 67061
12620 84490
5786 70096
52199 78214
1368 85933
65585 86250
46692 58574
18023 59519
22246 75911
84737 84973
9558 64123
66566 78291
19157 50712
44580 60139
25205 73401
80814 81426
30749 73046
25123 55555
66007 82215
33464 71994
26532 41281
22308 56906
12640 16471
11252 34771
6028 87402
8110 14861
12990 14205
19803 59549
45794 57766
847 75598
31558 52424
77225 95135
62412 95083
17559 55068
16023 92977
49995 55228
47744 80300
24210 83101
15871 77304
20929 27415
56201 87198
42089 76049
26616 80962
23032 84123
46787 93140
46305 82583
29817 86434
14639 72825
43249 69082
6181 63674
21456 82901
227 25388
21101 71358
55743 88225
5269 38726
28689 64238
83223 86283
67765 84812
40163 60278
66259 66557
48043 48989
21265 55296
42302 47847
31378 76394
4340 27554
26358 59735
36737 63572
59390 61728
30236 41325
9831 9933
14630 46265
29642 92606
13373 93631
15102 67082
15642 28669
5477 42969
50608 84563
55692 80884
48546 92399
76208 79702
75737 80650
8662 76295
7393 39299
13893 85401
45764 84632
29756 31710
33909 57936
22567 47808
5261 62186
2705 91806
1468 87565
63674 75243
37817 51318
56555 66886
18407 67669
40404 55394
827 48297
74118 75802
2127 36633
7550 84856
10038 25438
25897 52750
2374 83715
36357 51718
4095 40225
24759 60564
35017 87278
56857 62906
71631 80924
15955 89133
52919 73924
1 73722
4852 18957
29204 82238
73303 74130
37505 44705
29739 39455
20622 40191
8214 25789
11614 81615
18899 54764
68089 83680
72008 86217
26812 89344
53373 55521
39018 70389
31881 70336
75179 90608
48664 72414
14713 47210
32046 71939
25745 68410
74876 86643
69929 71723
13950 19775
19354 84090
14631 91041
15344 61743
26890 47561
10747 93611
5073 18721
25187 27215
60596 88153
3261 21084
70274 91371
20778 34883
19286 30521
72966 89574
58813 71049
64183 71620
80269 91995
26073 66391
79272 89269
2266 40867
8373 68120
26937 80060
26668 50140
29562 83246
1242 29824
43195 94513
24840 77545
58915 69272
10733 34073
71785 85614
76144 80791
47576 87349
8471 82652
8015 90199
84035 92001
39671 78299
1195 71676
10805 43555
28089 34131
55520 83939
62946 71949
12178 44797
30056 64568
78693 94862
42558 47572
9551 70230
32751 86917
47520 75652
21041 26015
80023 93099
78905 93663
844 14587
18229 31438
11325 53372
29192 65580
36962 82962
10831 83599
20432 90440
14278 34824
27191 28839
14263 90171
34320 60563
9773 14595
22711 23160
1951 91707
11769 38383
43582 92660
1937 50395
44267 94152
28601 50718
23805 72058
14318 61286
11397 56289
1291 38803
9763 43334
48439 56446
69740 87390
18292 23923
28201 94484
58933 88129
1996 31164
78995 80333
70824 89068
7844 13427
18488 27981
30036 90743
89055 94459
30828 60094
55096 65018
11219 74939
2712 24790
27215 37496
71209 83633
2964 58853
35843 87944
45847 54675
9325 23739
576 74272
15776 62861
18663 87297
30000 53133
38728 62764
59449 63573
69556 92186
34497 82821
196 35880
93222 94990
84992 86909
27081 79926
61526 87005
34854 40180
71643 92765
28617 64718
13053 17336
8595 55886
53094 69519
14216 54804
20361 31182
2430 9935
31154 70680
61163 65432
21246 85658
50400 62281
75406 92211
6643 46506
8411 37153
81374 88204
28710 31371
764 81341
1066 47086
69384 77742
72482 73852
9754 53482
51384 76502
31665 73164
817 56183
38990 60260
15218 81141
8242 65891
9372 66462
6797 26062
44229 47841
17254 62646
27178 68988
37997 68678
67609 89780
50302 84969
40037 58063
38759 84450
52442 53218
70339 79135
49190 84394
2009 12069
2169 87667
22957 89971
62868 66350
8339 35947
39115 79269
29169 53561
6209 44533
68203 75539
18272 79238
41597 61021
6142 51017
72080 75940
62097 68292
72220 76954
22431 41960
1513 2076
64719 93324
22362 30242
29174 65178
10007 72986
65477 85902
33271 86190
54525 73557
30208 58970
22816 74427
21437 41385
55946 89950
9104 57393
66530 85449
54775 88314
59375 79030
31304 62534
64018 78058
33070 80491
85718 89645
20598 58929
2916 27485
3214 81523
816 34169
49104 82599
61569 79989
74934 88084
50243 81631
47536 83639
44665 87087
4741 77963
42717 88965
20440 81581
23235 72864
49931 84718
31354 48486
22203 40116
51101 51691
58779 76573
17557 83766
85718 94675
25454 26149
23750 61835
14418 42097
3172 84812
55290 80700
252 51250
41257 90604
48101 59251
1788 83115
1814 20802
11262 55017
26605 92928
32893 85169
6518 12022
41935 84185
73884 93770
6090 63275
44624 77983
41911 58979
42881 50779
67938 95172
14307 51278
19963 90204
48570 58186
30067 59492
19965 69195
8904 53591
11423 37857
4003 59468
2169 45648
19820 58500
40708 56172
19576 73374
5323 38449
60915 94948
36367 43117
37479 85856
29084 39443
14984 63610
23143 45368
7365 85500
8518 33183
35283 79409
52015 59434
32414 47802
1067 51506
17080 52290
28363 37369
39080 77181
24478 40396
8763 25798
86534 91140
2249 37237
15191 33455
43641 53293
28650 59839
86243 95212
41858 70733
55771 76102
30891 37939
57265 81170
18835 20973
61566 70828
8073 18839
69290 80888
12981 26185
22594 88424
18775 71667
43767 80386
53500 77588
62814 64818
47291 64303
31638 58770
23633 25456
13931 73797
20880 77896
70678 79162
39536 48062
58365 81077
20506 94145
8099 57611
26967 45203
54025 87098
39838 68160
53184 91839
13829 76747
14503 77856
13571 89427
45795 83501
14692 46360
6428 29670
59344 63362
57079 85473
1562 33683
6978 77146
37073 69408
31923 63633
14901 32611
46490 58995
2212 13541
21818 75279
68783 87973
8156 19547
27544 69354
49560 59359
21998 94210
7922 19127
69035 95664
3590 57658
28203 65149
50904 74064
26206 49333
29188 49185
11033 51989
5100 24654
31243 57689
26225 65549
72738 85537
73817 83225
39582 85563
51942 77357
30394 55317
1777 91023
43147 86196
42583 43485
43978 91216
50509 71094
36880 47215
17202 40190
32396 91573
25143 63335
33950 54409
307 81634
40097 44806
52765 95151
88494 92942
40748 90551
2563 90805
5549 60066
71844 72777
24959 53344
1317 18307
2645 3109
41246 75379
66870 81566
9471 77334
93431 94888
80051 83122
77068 80690
18688 54892
27962 53462
22711 65848
16128 94753
26330 82241
15786 76723
74116 80486
16991 56837
55534 62251
14025 70182
87224 89193
27947 44133
7229 58881
26020 63450
72491 82761
13670 31253
9819 62647
42946 61978
36260 84957
13964 65386
79890 82784
31282 65122
8698 65897
49102 70684
50330 78192
19630 80196
27921 38156
60720 78850
12518 24026
60072 81065
40160 72923
15924 54069
45878 52964
42725 68168
50279 70856
55883 62924
21777 74109
40634 81520
62935 65245
4248 44898
3305 95277
20077 61870
80795 81456
21414 49852
4048 9805
47146 80939
14344 52794
19520 92931
61703 74516
15571 46689
10885 76152
33220 76933
64029 85840
15985 34140
18773 79306
74574 89093
3151 76606
65274 93572
39231 93945
24178 94820
8546 85827
14992 88701
40642 89822
65688 95295
2704 29949
14608 68838
3016 78848
16503 33478
15508 35830
32340 40848
31693 75875
11910 15877
23558 76400
57197 66632
42684 43493
32339 40615
61949 95451
50819 57815
12686 38078
76958 83426
77162 83365
54538 56212
73925 77610
56936 82853
26364 34742
57933 93571
30566 61235
4601 34929
45170 94294
25156 25428
24933 25853
58733 59228
66493 82987
20224 48287
20790 26199
78501 92798
13201 32000
57318 62337
62732 72727
39783 94457
6844 46331
9963 34852
42414 88096
16274 55699
71258 91618
36908 93168
9834 79528
16216 57576
44643 82699
65606 67688
37228 63801
25993 50182
60862 64807
29867 42842
2405 10021
44297 67022
42444 56436
44365 46866
55997 56938
86551 92738
24011 95158
24997 75318
47569 85545
39699 60147
22187 65626
20769 89345
14525 52012
34023 94772
18012 18033
70076 90128
21841 28358
42775 87456
193 15642
80045 89659
69405 94584
33381 69005
5252 12384
21700 62379
27778 68441
35016 79224
2643 90054
76203 90650
26130 69446
64151 84872
78870 84684
34082 34192
2481 30811
15758 91657
30632 65363
78384 81129
1464 72914
34666 89775
12120 86033
35745 67542
20249 26981
19509 53750
88588 89168
10519 65641
8799 13230
61787 79290
35253 94365
5050 71086
60473 65031
1972 2281
46563 92826
55595 63494
31460 83998
30025 59439
40932 83668
15838 62999
66225 93470
16306 42234
6839 80157
65292 86862
15468 33327
1556 89004
13860 76687
51938 57419
6562 59074
28759 59927
16803 74356
30599 59802
81905 92756
9579 28856
39567 42086
43747 85557
40885 88778
61998 78038
14247 73903
4150 66050
8310 87225
33640 63496
57714 59028
14315 94018
38902 90939
55538 73021
54352 94838
50177 52894
2958 57315
2723 80243
55871 66904
41096 63306
19568 76771
24294 51595
11131 89743
22647 55954
3716 57960
8429 27983
51148 86662
4578 70963
81038 93704
14887 74912
44651 49643
86806 93247
24974 80500
58748 90824
3426 16039
35000 90602
46794 60558
32075 95223
40378 94441
7945 67513
19117 89909
48351 79014
31227 88669
16280 27574
29151 76253
32803 39955
25089 50302
5058 27046
17196 34589
17951 22203
15200 61168
59950 88202
37933 90329
17274 61329
3896 41775
8252 63499
12673 42056
12380 69953
15319 57964
7471 30279
49068 61621
20963 57583
80539 87055
19704 25811
51535 58867
36455 60134
21818 46590
69015 88488
35687 58618
66177 75941
50265 75397
71054 85967
5975 92391
13903 33353
13392 41243
1025 39651
20875 72568
1713 47042
24158 80432
83117 85122
6646 18568
28333 28749
62158 74846
19338 70761
40184 86748
3714 58755
11138 14381
36391 44681
60770 68488
17416 54717
9639 31927
12456 18806
51333 73531
53576 68539
62212 71006
19113 60262
8459 80747
69704 84496
2235 20916
19328 40110
12067 94005
71711 72387
23900 24898
40672 54929
13162 59653
9329 37391
12092 75605
14235 66835
27947 92281
2089 70447
11697 88239
5271 7910
72410 86653
56952 62726
15840 44400
53733 68548
61951 72860
57532 74254
23981 93321
79921 89757
5649 18051
52336 63957
18790 85754
37911 51971
37176 94371
33248 78589
19877 54007
43769 85803
4556 94831
3677 22260
18592 90762
24618 81869
26678 45918
15896 62815
41443 94093
5564 23674
39111 51595
17056 49883
66694 73904
66788 68981
55309 75666
18609 30802
27091 84881
75057 84790
46365 90923
49803 92521
82215 91424
40867 52526
2228 78835
82062 89188
75552 83884
22023 91073
2276 58231
81891 92689
16449 93564
84069 87834
41548 66180
63188 86372
2469 13168
76278 81928
51567 87159
12257 88526
61547 89558
22727 42394
60627 94659
64279 90079
34073 83036
56380 78989
87190 92273
34840 40402
6759 91252
44193 81320
22440 93981
31926 63710
26721 45380
40605 63562
12718 58557
68301 81181
27210 51022
22680 70285
22003 31485
29140 81738
25176 51647
14364 65766
10893 35303
6419 45777
11774 87565
61727 66302
61086 94647
9819 93552
15985 43590
1978 35117
46403 83257
47118 92860
84704 85597
43572 57731
47449 92238
6499 28269
31272 39928
44590 82304
37128 63572
70650 86139
50832 55176
19508 65762
20545 61527
48034 90319
88531 93743
6042 39250
48343 50995
30036 58950
45345 74777
36457 79417
9816 93183
31846 83201
2645 77361
23801 49112
61781 71852
28337 68591
9890 34028
16581 44674
371 19690
35473 42323
15104 58618
12215 69705
4833 76454
54764 61254
5650 46679
45753 60682
49612 79711
131 91330
53932 70391
26024 75539
71733 83556
78778 79876
23441 71893
27847 85732
18610 82390
1015 91231
6657 24614
3309 50609
3040 70971
32400 37430
57683 89417
45949 69313
154 90768
2803 47971
49703 90051
797 19378
8603 85112
37505 40323
50046 59206
61960 68113
56277 71824
19301 33708
56683 70803
61719 85461
74339 76861
23500 79377
25805 37265
1218 7270
3757 88053
24021 93512
72475 82273
12142 37688
44568 68133
63300 75379
12406 83493
57592 71754
44311 65030
85824 89432
28253 36693
23090 89793
8749 13578
10055 40495
15000 45843
1162 35718
14236 55868
64189 71550
32355 90614
58004 60520
52117 78454
8772 44460
83423 94720
12775 65973
48023 91878
66654 70052
65063 86276
38781 62377
16264 54313
15879 58551
30409 93714
42296 63567
36870 84980
89927 92983
26727 43604
43496 51033
27516 74213
4076 71812
32197 40904
8355 37784
22505 33012
29091 72139
11199 28960
4366 39770
69509 80615
36573 69985
27161 90101
93889 94397
25097 71274
47051 78414
10882 31278
54470 85450
14135 26557
4591 16084
4757 54328
49837 54304
7548 20886
18950 37540
842 67807
4743 14471
33262 87698
18656 79575
32178 61439
72376 85403
28273 92785
65756 83292
9872 32139
34774 51163
64024 78626
754 18937
21385 67345
29812 51824
77021 86226
42609 85650
45018 72086
54792 77327
31338 83970
52153 81723
6924 66216
932 49878
22931 74355
48798 95042
4383 89622
48892 92038
7824 24134
26554 59486
2186 33946
42913 51846
71863 85235
17550 76135
14949 42524
16612 21798
14505 83528
32755 92279
31047 43171
33287 46754
1994 47023
10967 62256
13791 44396
43916 60841
36241 40651
24116 48173
4204 8352
21723 50072
11381 56648
34169 84346
16610 63054
29982 41248
26721 69583
71890 74607
14236 54607
736 48313
14982 46551
92235 94362
58050 82104
36639 44688
48344 88285
59465 69799
59372 89497
52287 73275
57583 72357
1056 3126
8246 61013
56802 61775
11780 95016
35616 89703
8595 81404
4000 44069
549 92955
5673 25071
15702 62386
28474 85866
1631 43299
7840 33478
20719 39912
7274 62572
2519 61539
58913 59965
31977 95059
4958 22105
37459 43171
21287 30103
24477 67929
34508 94503
41174 64326
20167 80801
60899 84408
21203 45503
7926 43670
5251 79805
43737 67785
35038 63267
11452 42633
43602 61270
9927 40873
6432 92701
78702 82529
35877 50195
12845 45117
42176 57627
24485 90375
5816 42237
31655 66256
38948 45834
56469 60452
52705 86146
37494 66836
49386 60075
29857 37915
18123 65182
15219 48767
193 66960
51333 89725
12343 58223
12210 43491
10674 65135
39195 58809
5491 94944
67112 81826
322 30288
16427 52650
29722 32166
11789 59255
59818 80198
6649 44389
5288 54212
22102 87517
84688 93710
16171 72723
65138 66099
59032 88384
51194 77622
31399 76920
2512 82061
31431 34631
63804 78996
28608 29088
21410 27624
28612 91031
85362 89034
34354 77616
44117 94953
60285 88316
18534 61092
21561 72894
718 21044
39998 49943
34122 69282
7482 50031
55781 77072
63687 73205
14901 59135
20250 47039
70443 81571
17099 67811
47103 48945
23751 72722
5203 24472
7475 92454
32527 69038
42305 45693
14373 35927
30383 61638
40576 78543
12478 41736
49579 87900
58190 68951
5378 45008
10306 64175
39683 63522
108 15136
42106 64293
27710 41139
17339 88209
16004 60874
25942 28537
23364 27551
32109 93779
21202 49487
16816 56983
908 50544
71677 72646
72234 90849
2471 92758
20437 66622
1622 54016
78159 79826
16276 85890
8004 9440
33797 53278
566 23603
21848 36377
38003 92168
7072 83515
25474 94624
70245 72194
13825 48646
50677 83148
30986 54594
17651 21836
41847 86011
27618 49175
4659 85194
21514 51807
72563 93255
19218 53388
28424 78358
2307 20653
17130 73140
25143 78209
62946 80583
36707 81587
11646 69217
51155 68394
39960 78836
6370 36510
16255 78864
12343 85164
84708 87800
12116 28440
22266 62996
3180 30374
59837 88032
33093 41859
34626 46370
48975 78458
81535 87438
78255 84523
44860 79949
37947 82257
36034 73389
53574 56175
46758 59639
14429 75749
37376 59618
38432 73724
10393 65473
21593 39302
46205 70715
9813 44666
64674 81894
64059 67350
47879 88108
86667 92854
11411 12703
76405 84645
1841 51298
25732 57146
53812 87767
30197 59782
30796 60849
6974 18645
40534 64985
13919 36354
14624 26995
14519 71540
52876 73859
45698 70019
84434 88134
41315 52436
55778 79088
31944 41319
77804 82794
54315 57783
78653 88756
31138 87352
39402 80252
5403 53989
68918 91187
18520 59754
6991 50785
13506 56738
82407 91529
26781 61880
38530 55607
20538 56309
36613 79695
31449 55330
10323 33118
79867 85046
65393 94264
83063 93763
37310 66832
42970 59038
7777 18753
54455 91399
2900 74540
61800 65745
10499 25814
22614 82101
61155 84002
53096 95657
49607 50823
8123 74144
24211 56671
29109 89314
18129 25325
1559 92880
28676 72181
57516 73941
7611 83203
7655 51348
20267 85065
954 72141
6617 18854
18798 83665
31788 66861
1241 84847
18465 68801
75022 93326
79660 82656
2219 72690
38454 81627
83416 88885
2513 93390
12388 64739
23856 66913
42639 90011
10756 94946
27000 62970
1143 86750
14217 26527
66285 93065
16081 23158
15618 32967
49911 59894
1499 95107
38008 85727
25221 76542
10299 26060
62085 77308
12165 32055
46497 62499
22575 42501
37590 82358
18628 79168
62534 65715
28317 66734
55698 91610
8349 79333
20773 39395
13230 46323
30172 31120
49677 70529
7907 8310
14505 30687
17167 40796
81593 92652
20484 80651
10034 50103
75131 86889
41804 71751
3283 52416
55006 56868
11771 80938
30314 65716
8978 36160
12095 65930
13844 91119
34230 51231
19848 41320
9847 38716
68857 71038
65435 88097
33306 88313
21750 65999
10860 77559
77356 90694
67822 87851
73844 74689
17187 42515
18194 79197
45755 85189
26755 50922
60139 82196
14730 23043
24923 92980
6080 18057
792 44372
36760 77897
24584 67244
60232 89812
34173 41228
74758 85728
27153 65532
24176 42160
49248 87470
25882 79999
6873 21189
12494 92383
42455 70535
77383 78429
27422 31983
6190 52062
32685 90702
2342 39559
50342 89031
48131 77058
34120 39863
611 6459
39769 87719
18421 59286
58083 94696
50413 64945
24350 35868
1947 93738
69567 70955
32176 83387
38747 58656
7852 86767
46431 67528
74004 94892
20685 63339
39514 70587
5566 78840
7354 17258
11374 36871
15827 73337
24137 29220
7162 46720
69023 82488
57664 64864
48096 77543
1508 90340
10867 90155
3934 75545
9117 79487
15587 16483
13510 83419
60117 79919
42950 88162
18798 52142
37136 43614
13390 88870
38960 60678
40339 50595
558 24368
15103 87572
8862 42992
48287 81698
74887 84708
34835 85845
23616 81814
7722 23409
6582 32393
75218 93507
18515 22952
1652 35831
58164 83865
32347 93058
45923 59827
51356 91987
11022 11941
54457 82199
52339 79715
16292 51722
28213 65153
27487 63533
53662 69488
56536 58534
7565 54381
67821 94900
40929 48915
82600 93810
2252 78839
76750 92078
74196 81811
16601 77739
27445 77678
51019 72526
2998 88059
1736 10649
37432 80421
6653 25489
59816 91741
80433 90107
47322 55067
31004 80270
11679 91694
2239 94830
44428 68283
71110 83183
33266 58083
9610 41725
26436 41998
43595 48556
27940 71508
42782 75571
59220 76906
13439 68683
11703 33174
8768 33520
41795 84085
20146 56367
26416 78182
48324 60197
2045 28995
8187 93687
12587 83084
69201 80301
19567 25451
8669 42481
32675 74357
11103 70990
11457 68769
41439 64800
14833 73796
5031 56575
57535 76065
56953 83994
28919 37996
45393 84842
6450 79843
4993 50017
33677 65405
61882 72951
70392 83929
13242 83322
37549 45749
53242 55127
70049 72906
12267 95179
26343 47753
30465 61506
37623 54520
15490 43985
53111 59549
20781 93638
11306 24707
60548 87511
46233 46986
35813 54102
86298 92222
51813 68139
11665 47605
27420 39503
14171 47367
69520 83513
4738 51233
30398 76177
40881 46410
10270 46876
85800 85926
4503 66491
69505 92524
50597 75838
74171 81522
40201 58224
28396 51650
54218 64959
1995 47930
10889 24568
3130 46416
9161 92254
56339 94195
38516 93594
12745 44203
37987 79711
1993 48165
29146 67233
77741 79216
55762 85291
8661 89427
39411 79227
7149 32571
74709 84854
29930 37022
10830 73608
24915 86698
77049 81728
252 14892
11933 15479
24684 70270
28766 37864
16454 51868
10430 84162
4218 78762
37913 38725
35199 61748
49645 92956
10658 53697
46194 77228
24832 29788
37165 54573
43154 66257
7802 42485
6770 32434
85896 90959
82899 87260
53892 87382
48614 76861
12977 29567
21088 40021
18812 95499
28110 54864
19915 85337
54323 93301
51394 88070
8720 79239
38194 51707
53875 56139
59368 89725
24394 63349
37422 71357
18779 46408
200 23566
29844 40600
40449 72994
21006 70179
23910 60053
15503 80079
39771 85592
60589 81531
24874 61433
1138 76576
229 86222
42692 58753
13694 23575
2078 81799
49570 79158
1512 83871
15457 30331
69635 71394
37048 63246
88802 93983
69469 89287
84916 89403
33122 34198
1437 62122
71340 83976
476 61659
6709 67993
11946 93010
86431 93162
6192 95639
59959 72049
45656 52303
64510 76362
15704 30201
11006 67592
25500 83182
84761 86078
34401 40007
293 54664
11995 21027
665 43669
29319 91268
3352 66298
43378 62312
18225 21848
24758 34951
7846 26534
78636 86783
4156 7347
5766 38636
57775 71491
42518 55975
19018 67762
30235 90178
11029 34238
12981 71594
65601 74330
40978 94699
39504 62097
17694 43295
47218 66222
57671 95670
9479 29112
63665 71599
9449 92610
70208 82199
8250 59099
2193 68227
5931 35823
14873 71966
28893 42260
15187 68119
32397 47670
29908 89013
71747 89735
71658 92672
13982 50271
18516 61864
1628 84797
13476 13550
76934 84714
39420 89039
54362 69219
14043 56222
44851 76846
74157 80664
776 60823
40043 63085
8641 50254
11937 17394
18211 36885
45722 70828
9707 68462
45362 87004
57449 92840
83325 88678
24095 60074
61285 68718
8031 71754
31539 75614
5795 45849
29106 87925
23438 40729
94199 95361
15703 84928
7620 44405
63113 95439
40301 70938
13580 57625
30412 70737
91344 91946
15578 87110
46737 48389
5958 39159
70868 91384
55053 91051
35566 82984
7108 52468
36097 94450
64819 78255
7212 26550
13912 29373
13818 83236
12321 48447
29789 80077
69645 80646
57420 72024
11564 58925
19671 79237
3504 35505
11656 28326
17726 27435
50338 82165
9467 24037
73786 80216
47407 94357
71237 78396
16569 64288
36378 62555
40940 51121
20473 88627
16847 81292
66631 93148
36616 90585
32740 84466
64452 69264
36931 69957
39173 94407
35974 47117
67639 87912
72759 80680
11246 66947
40263 90592
41530 67856
48624 63973
64457 88615
22010 84466
34416 78898
45555 93831
2060 59346
72347 91788
51530 64776
27936 39250
31171 42587
38312 88413
56990 81729
507 10303
48278 94489
58052 61239
18160 24776
9163 83300
21999 25156
35304 74255
89058 94378
7231 63120
40462 63555
33170 63681
23734 44043
57452 75766
14061 53186
50493 78016
42138 94415
37609 55865
31390 83243
32005 39843
38809 45315
18792 42629
45952 89692
71783 92670
11172 60090
22205 73340
24099 65323
36762 39017
139 88001
6787 82116
17327 20062
19372 65335
26056 55919
3419 31763
47827 80486
16291 23674
16043 33562
77754 92688
8278 88771
28485 39960
83979 92166
5549 85698
36935 38922
13989 46767
39163 50617
4023 23667
20266 23849
9902 86766
50198 84365
21899 29318
20777 38128
19496 46291
52093 58082
22180 29853
3407 75523
39094 84762
52336 66963
13064 38405
52452 65750
32358 83718
26277 68949
4098 46704
54986 70905
41708 58277
30213 57041
6761 27074
27719 90076
8127 78181
43974 66752
25346 64128
2118 74895
43630 51533
8117 11531
8559 89619
22408 31707
27129 69311
65260 73775
23678 49298
74321 89614
37573 67420
1660 67429
28068 73762
9411 43320
26155 53102
64963 76419
35560 83354
29188 71330
17159 38735
9 91686
1986 76363
6167 24590
34298 38710
4544 95165
11347 64777
17756 50894
46301 57034
34271 36193
62262 70380
25173 26795
16338 81209
276 71056
16499 67641
18571 69175
71918 92690
9183 35565
29907 43167
50107 93253
38948 62124
49094 59213
1743 50767
56304 57230
65907 89160
15611 28406
34902 65524
76694 79165
1380 4035
66370 88180
12244 74406
20734 62704
46243 64403
30123 39580
13384 95218
23079 59421
29969 41805
25077 94674
43964 73313
24444 91008
72199 90805
70392 89869
52171 75799
50602 58346
11170 82384
53391 72543
74263 74975
21498 22362
46971 65540
37679 79141
80252 86800
14927 52430
7074 38396
62290 86920
33416 46142
2886 82350
71934 72899
43904 74154
30371 70794
28118 91416
65374 67677
49224 69925
23989 30334
47008 52114
31311 68666
60593 73363
50928 67263
5676 18729
12404 54867
11524 79787
37318 41133
45582 50903
2487 66217
5628 80828
26771 42410
14 4953
48026 77429
45842 93695
28423 77984
30294 91702
10829 12618
27251 56012
26975 69816
7886 65343
53039 77382
55227 56887
31094 50052
2903 7539
584 33189
9038 64597
6777 60939
72709 90323
69262 82943
27113 32498
24411 42542
12916 33553
51101 72083
6704 77626
9544 74726
9382 43025
66328 85902
4694 27722
44019 49116
45261 56969
17643 88938
65214 87413
44551 87423
3425 49424
3342 11716
61985 90984
45166 72463
46911 61283
21179 39337
13288 50533
48043 86955
29764 39823
20664 69832
39217 57614
11047 86964
93208 94235
30820 48964
55728 92831
62008 89555
16881 69519
4766 40695
15097 59980
40831 58929
68291 85238
34094 78654
18406 29442
18241 75782
44455 86999
24192 71908
10925 92447
64201 77846
62300 90722
31521 40155
60636 75435
55766 67516
13156 53630
50736 93893
31280 94024
10183 41668
50291 81673
16602 21264
32937 79417
35303 88054
63016 67296
46758 59859
3964 59651
20743 33310
67004 92645
15187 28514
11593 12863
26362 61467
1989 3393
5399 27380
34845 71115
17377 20223
27600 51923
31108 87799
3904 38816
52015 64929
14243 75532
68816 72727
22760 57330
46510 88940
35940 51028
31220 49792
19594 47712
36446 72237
48552 66946
24504 74861
64861 86403
23418 45614
34274 70991
16988 70999
36169 92884
21660 60478
1970 95692
7771 10601
42483 93709
19947 89673
5749 27042
53414 91602
33529 88723
52520 56926
29485 47394
5841 65948
16774 94500
35252 88003
41069 67124
8178 51447
63707 82724
73609 95012
2399 32588
38166 71316
83928 87828
56603 81992
16949 58429
5955 51133
13615 52983
38681 59677
69822 83260
69962 85834
1385 62844
61132 87968
8519 79922
36108 82937
36484 76111
23922 76637
23674 63993
14640 42949
4983 41200
60299 62425
22138 67723
14382 89158
23194 64937
8382 88730
28793 67098
59649 86790
9478 10579
29560 47494
3759 33559
86202 91687
50053 74113
17398 21538
73214 82674
14098 64171
56683 67574
70686 88576
25630 42423
12647 68141
1689 9914
56285 63631
52988 75410
41128 83250
19487 95062
83338 94613
7839 16717
42409 72759
19448 74327
21922 69034
49708 86038
43292 59315
1269 20048
18564 32480
807 32889
19338 22585
64389 79713
18096 20796
15219 44781
52047 88255
11991 17447
41523 70376
30163 59315
22028 70557
63801 82047
6909 37107
60147 72381
69 11338
45642 56224
27769 84113
2620 40685
32081 74983
41271 70560
70295 73106
13711 76773
76319 85804
12686 80599
30427 89164
35167 58268
39124 70850
48824 69418
43032 66323
26050 88224
12822 42590
34953 58193
35804 69363
15410 25466
1475 68570
5856 43590
4313 35363
28189 61160
62593 79235
63634 86602
5151 70245
64372 76824
34935 40141
22800 51008
42693 60276
53396 83986
51425 90755
56667 66303
68587 92622
72158 88245
39001 86506
60476 78487
53812 82541
50161 58491
44160 94588
13059 15612
55897 94566
6529 83266
16946 63989
35119 91502
430 21579
37484 88216
15905 70149
53371 78370
41778 72057
28016 35293
19906 23580
35276 94768
7918 94800
27755 83740
10123 83477
53818 54036
32534 73820
4958 83302
36095 49822
2583 89371
79877 82623
831 93695
62328 91004
73647 92656
19970 43238
8991 36021
51247 71085
11722 67182
35907 51407
49282 56579
9815 11111
32624 43677
56093 77635
69768 70234
2354 6696
2107 89139
20361 41513
13697 26438
2337 16162
18576 47305
24418 78993
87546 92893
34949 41095
7414 54769
21716 38626
19434 49782
24459 68931
14583 73031
69202 78394
40424 55813
88491 95079
40002 40287
9414 73397
20699 61476
46256 83133
26502 68947
17613 27616
14106 94206
36916 47002
61509 67977
69211 69412
69480 87246
12193 17084
49058 90503
8468 87999
1029 10700
9665 79722
8416 55166
9322 77159
37131 92604
21364 46528
53981 67428
16406 29998
69193 70580
19772 75164
36016 83253
62684 93726
40758 90675
47944 78464
73044 85307
73750 81369
44913 69173
573 66613
57430 85118
49816 60127
6779 31595
35818 66749
43523 63402
15580 87987
9050 76579
82195 91985
65570 92610
20428 67734
61370 73011
59332 88046
21078 88878
66450 78868
91022 92226
9446 57207
33518 48310
32581 73721
12062 32394
49585 83984
37343 89784
5439 93860
81473 84988
2324 66991
53389 53765
2992 59340
30391 40398
53626 59371
3612 73587
232 80411
26065 86404
1006 6907
10690 62037
39825 75042
5888 11420
17097 76307
57552 86309
10793 59011
2504 59383
50770 62557
27556 45412
71855 73562
1936 67993
19892 71941
10987 26632
24472 30060
21337 95162
21268 93638
799 4261
11136 23092
13936 46711
16642 88605
26592 59787
34532 39500
32504 69458
25437 58640
39522 79210
21465 85143
7528 29829
5297 12455
4196 80355
21544 32916
63847 88514
32477 41496
47887 55652
18122 31558
38425 68859
85058 92297
9524 45006
39409 94567
71504 90755
5481 56191
30632 48992
36688 41515
8276 55693
48386 88098
13389 73811
867 83253
1016 23394
1641 87507
22875 52377
13796 28024
12949 40777
17753 76057
6691 9166
19695 44621
61424 88302
10494 85465
9876 68632
33814 70122
19912 89571
8144 64897
20452 56996
34867 90633
38639 95506
70455 86081
18937 49307
50216 62707
57344 94831
87555 95253
16848 46784
4888 34239
8639 63028
39870 68716
41469 56311
20861 74737
26898 48922
56830 94761
5671 61253
12159 74367
51744 77027
16846 89003
25257 86227
40881 76936
41595 45340
44693 83773
36474 54321
35109 90143
75540 90792
13522 13627
16378 79773
36347 60899
62166 75902
55246 84366
890 72104
58432 82281
29540 77185
10748 60076
32885 54301
37735 70694
4962 24351
2096 10223
4979 88144
74955 89957
52392 89716
39194 64192
35698 57552
10507 44480
11555 42665
28161 92638
15441 40537
33679 36848
4216 35006
81714 84353
37767 43046
41825 61362
83980 88513
10767 64802
29928 57832
14703 66234
33583 88462
14347 75925
44139 92640
20345 40529
7903 95433
34459 78375
49004 80956
12788 41597
11048 31673
19711 78424
11036 91522
1054 34305
79143 90783
12199 20461
39458 89224
42462 42868
62190 88238
16037 38873
22337 43520
10739 12446
34009 55827
7680 83947
20819 34093
29728 33066
46649 78107
3630 25319
84369 87393
35120 47279
6363 7343
38709 80338
5447 75610
2298 34263
20238 23461
37974 70841
325 3204
40137 44441
72414 85368
56980 68387
44434 93089
76332 77411
243 73158
18557 41612
8805 94278
3195 14412
34022 64022
17109 39053
26687 81875
17083 38418
37512 91264
1848 82389
87952 91529
67272 83819
25486 67164
24594 79145
7765 41718
10736 81704
62677 75844
22366 23517
39326 46008
48661 59866
92247 94273
21564 79453
33811 66454
27868 44933
24831 70478
46379 73080
4706 78850
4190 34241
1496 42126
60113 61817
35789 82439
17832 30358
58383 81980
56476 86049
53586 60662
30705 55087
7124 27606
35984 88175
36198 36837
42010 82854
13596 50352
66805 88846
14383 38126
22413 85776
86406 93119
9277 77355
30793 91683
3038 11815
67603 73069
10504 24850
27440 77237
8667 19133
22764 87396
70113 92954
26224 29034
59018 64219
31965 78918
5377 82268
17073 31689
30662 59400
247 58923
40798 93374
6082 23686
5395 42059
46086 74131
32698 65449
65074 82439
65647 93262
12108 80174
11727 73771
70651 75169
36083 59319
26791 29982
14887 93241
7962 56956
1303 62764
27104 50666
27620 70271
15557 67687
5504 27190
47639 51935
18823 49399
81404 85230
16284 46479
23442 50936
34217 70697
27324 70434
48846 91190
21392 83992
7740 15584
28376 40597
27936 39970
79390 80694
88641 93833
46713 94873
18905 37961
5047 71682
65105 67374
19088 77738
9229 77007
33094 73751
18418 74547
57499 60342
16783 60195
53077 73280
9277 62455
26181 39486
49323 80588
17135 59640
60454 85312
29956 55765
85643 92901
77395 90987
9163 53265
44971 89084
37431 48485
34188 56838
14906 80931
68869 76491
36784 51469
1785 9679
48229 83811
68647 86170
25195 57706
73792 82145
33750 67171
26434 80073
30574 93003
65023 85024
65295 75785
7094 61721
14059 46512
47954 49992
55825 72329
34268 58068
48785 71876
53322 76174
46362 65812
44003 86037
54350 62502
18237 60836
49253 65336
12367 26270
25069 61224
18338 64203
52778 73446
32441 61101
55239 93318
62954 75383
1615 36394
13455 22491
54626 75616
27950 78526
53485 93639
1086 22745
4458 64056
48394 81382
50719 55436
46124 68997
14113 45226
70285 92705
6885 43332
8018 44676
33856 87958
39616 72462
39723 75865
10313 28997
26069 64472
13363 49820
1148 41135
58552 82230
26242 34256
51610 64070
9038 33610
59336 76113
67378 73748
63461 89601
70580 86884
36045 53688
25980 74208
42993 88934
11823 43925
32130 45691
42802 74915
60211 66976
61563 87872
42289 44760
61959 74432
44656 81780
12393 74795
2796 31639
18542 49942
52237 82687
75919 94832
43354 65930
36156 56204
6228 25473
53842 58625
38885 42284
27794 92376
7521 42829
9054 86663
10280 47549
372 78815
12864 49289
23837 80875
1750 11996
7252 7634
9948 28115
10322 51544
2082 93077
47442 58173
48545 71542
5525 46307
4854 84588
43212 51976
8773 66646
54142 94721
14401 43670
56842 84535
39092 49359
72046 85695
18035 21062
87945 92484
12540 52411
5995 44793
23014 90716
24312 35200
19616 82555
31786 80301
47868 94430
68304 73779
49496 94837
28698 45112
31978 94544
4426 15263
27648 89324
43803 45881
22022 31148
2914 4696
12681 33928
43430 83230
53850 61294
25637 95027
38377 42572
41763 75265
61538 90617
10581 55937
5247 48763
2324 90499
79876 87090
1408 9569
3776 73556
15395 25406
87453 88586
16399 21165
26016 89288
75034 93061
22750 56763
232 90521
4865 63673
26463 95315
24584 41853
7547 56571
16389 21910
528 50156
733 23464
57082 69820
64529 76172
60127 91086
12797 70064
36273 66516
49630 62571
72299 85367
60326 66616
50385 90179
9707 69728
42624 57900
18080 77031
7197 35339
14975 41316
42335 68118
48001 82949
47909 91811
7570 77367
305 8648
63110 68374
20583 94901
39911 77424
44987 73874
44310 70214
5162 78002
23901 28238
55357 83302
65749 92816
51759 85209
19916 61186
9517 82062
20366 64573
36243 74221
3884 46079
29716 58678
28997 84363
54249 70633
22742 35336
52201 68734
7678 82988
5050 37894
73253 75544
44879 71126
15469 47823
19770 52342
30678 52116
39999 73729
17259 45904
31205 89006
574 53319
16767 89405
39446 56714
56682 61611
37839 46158
12534 61254
1831 19894
38443 61985
14115 22652
55669 72283
5620 60522
67966 75997
61528 66345
28560 86268
53619 89120
26885 59130
31712 58175
40106 77468
46400 79598
7927 49024
44903 58585
19008 55396
7527 92586
17874 46197
9914 39090
3644 53948
14454 74562
26392 64761
10879 43533
30836 32336
39609 51498
37907 54676
19046 46866
31914 69221
23015 67461
67376 83508
43356 54750
7655 25826
511 41335
83188 84970
24473 74735
14729 33566
60410 94903
22568 59848
48887 69010
5856 64055
4083 95357
42922 88067
1396 47329
27574 53419
68015 94590
50644 80406
54439 67154
86387 87502
74604 92266
22794 93610
19156 42741
35478 49335
40880 44425
44975 93623
7033 37751
16982 47058
37330 69257
26662 51004
22441 71502
39094 57033
40683 80906
6089 33690
49442 57794
42454 65661
15307 31368
9319 14663
62441 67913
56236 74142
14610 23834
5538 91236
54299 90452
6227 45732
7403 92450
53108 91185
13153 34270
72918 95172
66625 89282
24129 58085
60514 89054
43874 90033
13949 63456
32194 55012
39785 75506
28937 45021
32023 35007
39960 55046
11088 66990
37989 43339
3074 39549
37096 66012
7334 73604
61783 89041
47123 90922
9598 29661
40943 86994
20223 45808
28877 64937
24188 29583
9744 13880
5223 41830
18799 80660
17874 88392
56022 74584
23598 51511
31866 69640
55923 85413
29985 63408
8608 13517
32823 57605
40551 83857
1955 78278
22935 52088
13379 44649
14174 83519
11653 23350
15399 67282
43849 84833
5345 41182
85755 90055
53795 81448
37435 70363
37212 69499
63187 82751
56764 63316
32163 67692
15266 47821
48224 88440
18798 94933
2230 39450
10758 84616
24180 64235
16654 72665
53355 86626
904 49618
13251 14215
6733 79108
33783 69649
36418 94125
12512 42485
79967 83748
33615 35506
22589 49270
1338 10298
9228 25211
17985 84122
60220 86855
53097 91601
12133 26835
29492 76926
35390 36526
6925 61952
22317 84208
11084 68955
17285 68576
1115 45344
1785 18155
54822 86617
12850 36775
19715 76757
13843 69041
27806 79973
31879 58677
4243 47503
15424 72286
48685 50196
7 60941
3572 34523
76515 81920
649 17660
67248 76730
11735 80149
31501 94820
65811 81985
1242 9156
1627 60870
14094 31154
62761 80335
49125 70237
6580 94701
22777 64818
29298 66575
1061 52099
28166 60574
35480 63054
49416 57940
26986 52071
84903 87012
81515 87022
51858 77986
592 71312
5885 65009
77986 94780
3649 94866
34116 44821
23376 58469
19197 65653
633 90764
49359 93771
24685 37076
3764 81509
24219 42766
73718 91926
33486 89111
22634 66088
45950 56674
48631 72628
46298 60607
69932 91966
3701 40648
89576 91307
22054 44897
17718 25256
52673 62972
26367 89408
497 26539
32753 52120
41494 59108
7251 53743
29505 49834
6011 50447
40637 53493
19269 72093
67090 89826
30230 57339
14160 68245
67974 78431
2556 23572
66451 80527
27528 72038
63515 84830
49346 80861
22691 28831
417 53379
2044 83458
11740 48906
52591 54714
11374 37482
53168 66868
7721 68409
154 1430
164 76858
49654 94641
33402 66602
59925 75240
7233 29083
22274 74618
22426 26990
35269 61763
46942 92271
50491 58995
32584 38608
18026 86037
45903 94286
5645 95116
27385 52845
30091 55827
11707 56897
54784 61047
47895 86914
43790 62428
55266 68809
18322 76853
11992 88931
23266 50947
6024 10977
52115 78043
16296 92242
69657 70511
929 94832
14827 69471
35261 92581
5690 38655
1047 9112
56438 69874
8779 40898
45649 91727
56965 78679
8883 23540
38789 54083
52430 76958
55990 75598
27192 61743
38098 65579
65524 86957
12623 81077
13442 27732
45003 58351
49469 82291
48101 58171
22097 28648
77065 83113
39955 80108
30011 42882
67976 70947
64918 89751
46313 58904
29471 47388
16265 45792
63232 79759
6889 82512
27183 92686
50689 73008
28151 43700
1949 90863
37108 64787
8567 17618
10982 58735
7658 48545
7637 44665
27 7475
40010 47290
10629 33946
27262 60196
79222 84330
22669 28299
36988 61821
30443 30640
72927 80454
37728 53817
311 55980
40688 54379
5168 66655
83122 85216
34695 42236
70704 80731
12010 24479
8343 91382
2160 69559
67283 75965
11603 50554
18740 61741
49593 73690
28229 88624
31214 82128
41507 64334
28357 56373
42885 92965
41773 82863
49956 62958
38263 68331
72701 78577
54298 59153
8326 25113
71432 81918
30145 51629
51819 92530
71847 93415
12881 15524
52560 73056
2657 89846
10530 27796
22396 52308
38022 69969
3738 46736
40170 93967
51184 64567
28323 81070
15772 22568
1583 84167
1823 59952
59015 61898
3262 16913
61125 84325
87513 90739
34638 38879
10675 80742
69953 85687
76301 83622
30280 74238
66215 91458
27477 70745
14248 72420
7942 82111
13941 33629
37697 74608
63128 91100
40343 82208
57854 63885
33294 73665
22768 92890
66891 68769
16982 38017
33206 91182
31732 61578
38964 84595
12870 47646
31022 59263
35298 82388
28162 87511
29821 49218
4182 12120
28730 57066
25807 92701
21550 90055
2531 59104
49302 68765
40310 63900
4898 46363
34460 58109
15254 52465
43044 61576
69077 82282
44625 47419
15271 86623
23877 47319
2817 89778
36592 92832
51040 89828
31473 68529
64139 75666
57403 94205
9634 29643
18318 21672
11723 90881
30204 61143
24306 44523
60101 72658
35327 49556
6963 7010
10133 47116
50257 90784
47413 75264
24668 93822
28510 37743
48509 56214
7081 28588
6194 64131
63624 85700
33254 89492
20365 36328
23347 66345
42204 80546
57880 67277
14137 93085
31996 95558
15926 93225
58571 71934
25828 86371
6459 58281
3792 66461
85452 91886
3363 41047
10989 18254
9848 57925
16471 21077
48535 83012
19928 53795
9246 67928
20570 41387
34652 58558
33705 80353
68341 82793
75523 83405
15651 85938
17810 68905
31559 57858
15149 20304
46777 75673
38765 92962
5476 53078
19653 28679
61657 72545
7037 59503
58263 85302
49854 63907
18167 47411
9591 38039
21990 71183
10583 93266
4509 95050
23814 39180
4253 67363
5985 11614
27025 41602
62910 85957
39027 64598
23165 39009
40010 77038
20926 54315
36733 88113
58893 59072
77457 87646
38525 73489
52799 82197
13812 24505
17982 55967
65596 94021
16318 82547
14297 37278
19738 52841
63655 75116
25199 41519
12953 24750
91561 92744
50032 74304
28737 65425
11070 22734
42062 79226
22341 57574
51610 54045
15899 21240
49168 83646
42094 47142
52239 77954
48327 90780
37293 62184
86667 88421
71091 93358
46956 50119
34488 74977
21297 57983
5236 6656
67220 84858
76433 80665
22033 55159
68534 83411
29506 56695
9323 73689
46649 66816
53271 88408
23126 71984
56527 81685
44357 94774
7463 41568
598 20056
31793 55944
43062 81776
39553 45457
69155 90290
31546 57392
17704 65813
18621 69161
28233 86567
37589 64694
49595 74153
69013 91914
5202 66845
20743 94877
6544 71398
27731 72850
47140 63498
26632 53505
70319 72033
21302 46924
38318 44460
3692 12148
33903 69857
4881 81056
9301 34251
86202 93468
12361 61924
40410 64580
28611 72212
4341 58240
21176 29223
3981 83493
19297 50654
215 95694
48515 87940
38454 80281
53436 94574
10972 48118
34940 93999
1226 42700
19448 36577
40948 49952
50938 72300
26347 87754
19253 65290
48617 85919
4825 33195
46807 82751
2477 74191
36527 79211
18611 93409
42323 76324
34006 70509
27866 42494
46553 50803
14763 50183
80208 82793
29348 61621
79086 94404
7339 86425
75389 76079
84402 90350
55019 95091
39389 69711
16085 20358
4851 59881
30260 82458
223 336
22691 74846
7278 76722
11113 14511
34760 53772
856 40986
7367 27692
23726 48544
3022 19693
34462 43043
67070 78188
9204 61730
33409 46727
33525 77711
64021 77532
67503 89168
20237 51811
54151 56782
54386 61229
15489 68549
3174 41506
75115 90588
74387 82977
77095 81633
57236 77766
15862 87866
43036 63748
1029 49413
22574 89073
74477 76312
6342 80376
45452 67182
62992 66265
5259 56879
11330 41413
35750 86800
22987 51247
13435 64227
28506 46170
58503 63550
2674 12939
9860 61521
72282 81426
16397 20841
7195 55294
30683 38449
41263 93952
41103 75962
46664 49279
15024 19077
35691 75199
45405 68011
12335 95380
53056 80618
13120 82099
68544 90729
23086 55370
1334 12031
19041 47974
37821 95694
27682 92718
21219 30021
10375 40643
53211 73848
21057 34804
62486 83553
16178 88888
47204 84726
15168 35275
8680 17489
62242 69120
28916 38733
35380 49078
31786 45817
64350 73899
58902 77348
27545 46237
49359 72639
2768 50628
44408 59908
14913 71152
36233 91164
36130 79209
57292 76280
28504 73828
61 16771
64595 79359
8438 42044
62 49433
5779 19748
29764 80574
11833 37050
1038 50623
21644 81816
23976 43718
47234 48797
70136 86160
14551 53173
38067 39323
48598 66882
5550 30190
46737 67783
14424 85747
8386 48478
36567 70186
21193 21564
16821 24501
57994 62419
34320 89266
4233 42806
73491 88942
11958 38592
15659 39641
22077 49109
67786 89916
25166 43372
45994 91594
7732 93983
22254 59773
22869 31853
22064 46189
4089 20247
22436 64024
23987 45295
46714 60074
39796 47992
10115 66433
13353 23121
43189 46157
34637 81799
59806 73796
13202 74378
14172 48121
11698 54876
48840 58664
15012 64167
74962 79739
28496 80432
3815 59179
4760 19957
29880 49407
131 8798
24343 71619
86735 92106
20298 51513
49306 70225
69367 80974
93 53499
13719 73393
11873 46268
5838 52891
39307 92626
48595 53212
11570 38539
13924 52306
19157 46417
60839 81961
15656 30569
57459 68150
3082 49392
8459 27564
63323 74129
45466 94198
54154 84734
1399 10385
72881 94153
33210 73369
19886 40892
5146 31828
33572 94265
18694 73692
3306 52629
25479 49351
3066 30984
90872 92213
63446 80677
383 27326
14975 25928
9194 36851
33855 59347
52525 83524
3754 10567
36594 66386
24523 63697
4359 21939
15341 77939
18591 73135
16866 35264
50965 73377
63110 73823
65735 89414
67536 86244
66075 74812
5930 91796
10646 23090
49568 85870
27916 37026
22460 53193
6908 70415
4537 94018
64280 86929
61995 62824
16657 83749
51302 56229
16481 85824
73571 79186
23658 42491
5459 10312
15456 51457
72153 87459
30029 85272
7471 69995
8673 86205
661 30592
48608 58570
65502 77906
9145 92970
47227 60886
26557 39441
24281 91365
4243 34466
1712 36519
15371 30612
43031 85415
35904 93405
68014 77772
8329 94715
36573 68565
10834 60538
2787 71087
30684 77907
28171 86523
34338 62862
17007 51155
3463 83406
18824 70076
23611 32942
30031 40796
82153 83713
1118 91349
20121 68901
165 90256
26648 71976
20215 85638
32623 86168
2889 9128
8391 80833
43474 62573
10877 70535
71669 78200
25330 79482
11710 68052
40273 81000
13702 29963
36528 88740
57038 62477
37285 47564
52641 66286
21624 66226
5747 8144
2066 65298
16179 83976
18805 52154
11653 40151
24183 30999
5885 91548
67362 75742
14091 71632
2397 71656
30703 37785
27735 62434
30842 52729
83405 84685
82710 87121
2726 77198
802 34921
30713 54391
20945 87074
6695 88380
58335 78979
61728 66910
20352 34262
29118 34787
48081 77376
52778 91140
42772 90670
9422 28324
6951 34274
34157 43748
10425 72635
30720 64027
33773 91651
27090 78021
43621 91643
34275 51374
12837 68833
65990 80398
70448 95251
19799 91897
23902 93815
56222 78393
80166 92349
34695 52197
16558 52820
827 87449
54731 57177
46008 61291
7267 31280
14065 56306
21438 27760
77506 93785
70765 92388
138 36894
10942 73708
89651 89845
70171 83815
30410 34666
44032 51815
16862 47301
53335 68148
35728 85457
60033 80018
49366 66263
930 54712
28080 30613
69529 86368
541 60233
51286 81390
75832 84263
15621 82800
60413 65753
84928 93323
58053 82654
10244 30220
58494 87715
26700 69387
17037 60352
11652 34752
68803 78673
14898 28950
31201 58115
53804 68485
47617 75864
39273 89160
11666 68516
9682 11232
18933 20524
12066 29569
29612 73092
51206 72752
8329 65714
64177 73916
16138 95662
34074 51754
60305 75431
85118 92345
5587 28887
34881 71194
42990 50544
35163 36305
20491 41627
43805 53528
4794 49228
30116 36961
18940 19002
79226 90686
1964 80327
28275 94874
53729 74573
26098 89403
31727 62374
39024 92760
64074 85198
43864 59279
5314 54034
32389 77315
46584 83862
39206 90523
22242 68142
1217 46758
19783 35398
36874 80163
77905 93133
65421 81376
27757 87098
43416 91944
27375 34644
24420 57283
41781 50725
36323 46336
9036 65183
45108 91069
61244 91502
88122 88454
48026 72044
4736 60760
2001 89500
48491 72019
38213 56298
12465 92002
40102 72636
32429 58371
6856 37452
12572 36474
5603 16853
41356 56003
42585 65314
47310 84267
55532 71176
40163 55081
6340 22754
14672 79373
72341 82333
17982 49710
25388 73383
27852 68488
26192 74819
17023 65260
44097 94944
27546 59395
24510 29867
39726 92619
86869 87233
15666 19409
35891 76855
30578 57161
28682 90775
69674 81290
29922 52627
21320 79916
51122 53741
47930 62525
3705 89963
82034 92042
33748 45810
32568 46371
6197 77543
59706 78280
12544 40740
21752 66698
42363 85914
52648 89291
88303 93201
23481 40561
9542 36966
10528 70074
69534 76182
53766 85969
11974 13238
51276 73175
26146 90636
19316 87012
63167 72517
39138 70404
6735 28495
24966 85972
15578 26156
31987 60106
91972 92420
4908 91926
46295 70111
34923 80783
6195 42700
55755 86485
45575 60387
10647 95038
21076 50394
20532 39164
53864 75404
48730 74644
18356 91144
30578 63074
77931 90164
49921 71967
5011 61921
25851 93067
19384 50280
55647 93320
35209 38928
37967 66123
42321 87941
18733 83173
64549 94439
24958 72250
11442 81805
3659 73447
33159 55131
15810 33463
15346 67476
36595 73297
92195 94347
31383 71391
24066 71784
57221 85373
34645 95287
61415 66204
7190 25371
2048 63282
43246 69649
20884 66341
19043 36765
1467 85497
4308 26144
36390 47289
5371 48571
30582 64474
709 2431
211 25284
596 3210
9171 94760
11271 94222
28578 47969
13561 84491
56168 78161
44859 82466
46721 94927
45011 80906
40283 81448
46192 89296
7789 20085
32692 36283
1534 62600
4534 44768
41586 75364
1125 62463
11677 43298
12786 81202
23614 65139
69928 82443
61176 64158
65816 85273
27702 67007
29353 76137
403 33945
47406 68821
33392 86461
35753 53321
76772 77028
19033 34971
68437 74577
70958 85841
3961 62238
12598 95186
17981 65689
24454 58731
62711 93138
41484 56558
23907 74108
29308 39233
40958 82413
90673 92355
77647 77717
81405 84997
9928 71901
65326 70365
50607 60847
52535 94545
2040 66934
41597 61799
31352 76025
20563 77047
36925 61135
76923 88960
41351 78661
21815 40320
46926 95420
32891 72170
38456 70639
55766 75869
37083 37512
28156 34574
43827 93835
10257 47748
38355 93786
69431 74126
56305 67189
23749 33740
67724 90519
11110 16122
21883 35833
22381 44824
37785 83521
12589 78390
23287 59277
8995 48008
80711 90871
30235 49074
40381 61402
20719 73659
7003 91317
35644 43308
59946 62794
72906 78825
54174 62471
23537 33469
21947 58562
50884 81904
77701 86384
37686 74705
3157 83565
11355 30146
57352 90274
39352 64837
35912 67448
10188 89908
17327 38515
3366 66062
14289 23009
40630 46346
17954 63690
41939 66381
13109 51045
17502 33305
27401 82199
12780 13579
14765 89949
53668 95615
10068 41761
9109 32329
63090 87663
5347 50392
18032 67571
42359 80235
92887 94252
24847 48231
57576 77195
51051 73523
13 70800
11747 42938
22998 81618
11237 56510
24822 40964
33203 48712
51414 85914
28327 28717
49685 61197
43391 57937
15497 63299
3279 77096
8295 51204
25048 65871
48398 61485
26775 54197
63575 89991
37545 84611
13961 84387
5840 37044
51213 69634
17970 32391
52304 67580
16170 56923
34387 70047
5916 28735
40080 90224
36832 68057
27862 73141
4789 36245
12814 80335
59291 65133
17768 87606
41946 53581
12481 51749
29430 82712
3185 21382
9367 92576
2302 87895
52764 62873
23754 26145
7744 33210
78215 90026
39065 80074
33067 86516
65286 84204
998 64533
50149 81455
27475 31779
26904 85951
1039 46877
35687 89201
57829 80049
50440 65735
33297 80821
21696 47749
60466 83572
24901 80862
2743 89671
73565 83312
33054 93311
43077 76933
9429 32915
11215 16041
38215 71252
10190 26327
53184 58384
34856 92214
3935 31830
15307 17199
52095 58086
18244 58866
301 40251
39225 43788
22123 52065
59226 76473
63356 86451
4105 93340
41608 41987
4066 44716
72769 74972
1210 48960
66204 87596
66511 67798
54835 69063
63566 83485
37062 76300
68781 94996
2967 41045
36541 57186
10759 56091
16425 64285
3013 19475
55399 80768
79268 87436
47323 79326
7104 49640
52931 84038
33331 56119
75444 90450
14444 34335
7926 41766
73263 75719
20186 92491
33362 73198
23755 91978
30438 73252
35222 65562
58850 93097
31270 59814
1919 53534
16506 43199
46822 83967
3912 60421
64543 91519
18416 74656
2695 92093
60815 69208
81909 86494
24420 39728
14461 36088
61096 74490
54114 61655
31537 81113
71584 80200
34829 67926
27743 52087
17318 37542
61035 73513
66550 82023
36241 48565
49652 87283
84788 94159
22448 42682
67869 72423
20083 36747
21142 90622
428 44224
18869 33383
10924 75531
4863 27837
47910 56632
14688 64924
31497 72005
67928 80215
35884 68303
66721 78766
26172 33848
36774 53690
55410 79409
7322 83048
29881 75577
38160 84905
50180 90716
54213 62558
17059 62832
26965 34849
24201 81342
7659 84537
3248 34299
1670 27009
12313 70378
24418 66326
26918 71031
66685 68808
42481 64085
36925 38094
60185 90496
12409 39418
18779 94182
47419 62011
71219 88756
4666 38936
82612 94037
42342 93335
65799 83863
4033 57753
46175 58924
54613 80554
22345 53243
40693 92049
22980 45186
57295 64663
12677 14219
11286 21291
1385 73161
64804 83481
6745 25875
21075 69241
10390 75992
56999 57849
35325 36259
82978 83436
31019 81664
29974 93694
62831 92109
38555 47344
42813 93088
45561 61492
188 47919
13439 21980
9533 69402
62502 72402
6646 66114
24215 26269
32427 61665
12703 58472
73432 95435
58441 85834
44871 90784
44830 86129
78645 85956
59535 86099
72497 94470
954 12655
41100 80885
19224 42044
45447 91664
7063 15854
15524 54983
26298 48446
47247 76820
17449 43401
45701 84698
75104 84253
59743 63264
3042 69482
68833 88114
10727 80341
24304 66739
12000 90043
41405 66060
4342 56812
61855 68020
42956 83315
61164 72906
37899 81760
85069 87805
24407 72942
3318 9446
50469 77778
2061 52454
26815 59353
18815 20049
35758 91757
12648 92214
13248 13521
23688 29071
20709 48719
18092 50954
35895 39026
8079 52038
27405 79836
14989 74372
60783 72811
29920 34129
50892 74447
8000 35472
71874 91404
15990 47706
35017 88048
1423 91796
6842 38491
28673 53463
1017 87334
51646 94933
38955 75322
18453 69822
87374 93718
49450 64913
25009 66224
37440 89096
28073 82895
2089 60586
10927 49339
4609 70056
21850 50699
9464 11820
11573 67384
20867 38767
65802 68541
8867 36230
12672 47061
77442 94935
20762 68676
68429 71058
43034 45517
12879 38143
58545 95145
738 23964
19482 22641
29327 91848
10755 86548
66623 89827
26199 29953
30500 85592
66364 83010
29811 68498
55246 68170
61075 89033
19682 28680
4328 55234
29137 53628
28072 46580
51117 76634
28646 92554
2241 13739
15211 25343
14509 90995
71947 88318
74790 93598
35869 46628
1459 12866
28981 72196
52769 80784
77880 85631
10647 92101
26999 64976
62856 86492
48821 93133
68025 70621
64206 64732
38493 59108
17073 30113
15095 85206
45589 86680
26442 92032
1365 89219
19184 42762
42641 69224
38722 63469
55274 67207
17206 30640
30080 86556
78550 93328
46294 72453
77074 93216
51706 92901
24033 26046
254 35751
35594 65620
60904 74617
10835 67628
61776 94172
39192 47017
9538 63120
34678 64647
13008 63667
15560 30973
36949 62014
43480 47516
14583 75702
21168 63310
1618 95368
22234 37172
74 38436
22209 71598
16318 46401
13234 68327
7814 21207
28444 55201
29826 30397
58436 74771
58988 81888
28289 29962
63749 93584
20203 31146
87149 95233
3304 44676
29138 70121
23983 76482
41083 57846
5152 76206
34877 70023
33147 56398
23789 95436
11152 80710
80058 89787
46345 74430
35509 73889
18397 42775
36160 44735
23335 46778
83363 90422
83899 91772
48938 55075
18232 56607
4028 30476
59070 61123
22112 90679
50899 91514
10997 49376
10817 62110
9953 76215
12583 39423
5923 74814
52298 72132
38781 47420
4380 93009
1575 69788
31816 45322
22886 79084
4122 86260
2817 70563
438 93702
36525 69651
47709 76195
74752 81989
52665 61100
53999 68532
8035 28181
63000 92864
30140 47366
19020 79235
45789 91082
55956 71508
8361 95085
37829 50286
7898 86665
51039 66674
13930 46566
854 2861
2996 66763
78948 81398
6708 57272
11622 40672
3198 9945
6288 82699
38855 66275
35824 58570
44862 75966
7954 16554
34077 44398
11955 52984
37347 85324
6332 40511
55349 94012
50682 63782
33932 41513
56409 86261
22245 78104
85535 86468
24863 78150
11405 17198
11571 48263
16293 16825
19156 76164
1698 26561
21207 53166
25259 68272
30319 76750
50932 72059
39822 62883
16305 51308
16846 92552
7774 50482
34161 82295
49175 86670
55774 77196
22686 37107
21367 44480
20633 66384
9798 22860
8922 77977
11508 33546
3170 33920
13034 20194
37921 47471
58538 59847
68645 82861
50746 79064
61182 88662
15632 88514
6799 33739
18383 75369
115 38460
31776 34194
39271 87865
39087 49929
56509 79866
8628 34662
13588 53000
22619 43716
69784 74426
28926 66780
1403 85877
2865 12146
24478 35128
12067 32115
46370 89434
15615 30850
41476 61350
18204 73461
14510 40895
4221 24160
14597 76654
979 83611
25943 90287
62888 65211
61099 70210
17329 71109
5707 17556
78779 86058
5536 94107
18007 88118
43884 81233
63424 69183
79070 83442
48853 76054
39836 62820
66429 82498
1395 20472
54384 69559
1036 85537
18663 64050
50376 68218
14489 78990
5583 45798
17762 64462
9238 22674
50764 87995
7641 57056
79084 81138
78210 87221
61113 77012
44197 85574
51268 72957
2569 31180
27337 90072
5099 95396
4193 34458
47411 69163
34561 51273
8663 21772
71581 80644
47505 63302
9957 66814
33463 88036
18974 34183
11631 70999
32362 61634
57735 93679
8036 57880
15751 53317
16962 64254
16844 51344
43396 53518
24149 83489
11281 90952
11091 64803
1067 88176
32705 35747
57863 90746
32584 67919
30328 70164
74046 82809
8883 13030
4714 31023
48061 81077
45176 81378
51464 62498
31956 73492
87725 90138
35454 45515
6727 82960
8847 9539
9042 80606
48970 68836
325 12343
26391 70745
44351 57306
48327 83143
4821 77249
34657 61112
59729 71416
8824 13081
37470 80819
69138 79543
19514 83936
57464 63380
22300 30629
38213 70165
48792 51027
8129 79448
10787 95027
18795 81592
31504 64153
14101 46678
385 20637
11701 49285
3398 10170
79226 81325
15268 32958
7882 79329
31655 85280
39875 49759
13357 79845
7568 66657
39660 48568
14811 16617
33047 83297
5098 10930
76857 85016
8672 64107
11705 93701
4267 61847
7850 19404
4258 93542
14498 58110
684 40203
57784 63147
13479 63055
3203 36803
88530 94048
34540 62003
30294 57443
25057 94310
21019 34345
11355 78340
66645 89655
803 60870
64411 78866
3607 28118
1104 25348
60843 66507
48978 57013
40416 75472
16944 51886
68406 76458
41584 89683
33323 77832
9734 30635
21717 50402
20051 49222
31331 32426
7004 47905
19566 66814
18764 21450
36790 54855
78277 91184
10306 13221
92277 93381
20697 27964
4020 33916
8281 48567
17351 18362
12907 15766
8248 10340
40782 57644
79707 91335
50278 90528
20443 63377
74753 86924
9835 82680
292 81476
41950 59692
67973 80092
3123 90794
8682 89655
62026 74402
26177 56833
1941 74031
30839 45522
9880 83112
3696 35136
8655 28301
60107 89554
12819 78951
14553 83723
12650 55220
403 14444
63496 70554
37667 91158
21205 50342
35685 77559
49762 64158
32565 48540
17504 74326
48514 89064
67596 79247
33141 95456
86026 87011
67706 91590
40257 73032
6821 25095
79348 84570
69743 72558
1743 41017
37808 63323
7640 49592
64959 80072
68348 78747
25508 41932
38543 81788
1400 14659
37424 80201
32644 75278
26731 82004
11677 14485
86261 92977
6640 55682
48059 69235
20873 59982
11792 73828
22765 36491
30549 88030
86135 95270
34575 89403
67353 79952
43762 72680
12685 20927
1896 95498
26747 42245
32564 90369
55930 77954
52996 92598
36249 58896
67725 84682
23709 71294
6717 49142
2385 73722
12533 83531
49863 62967
43308 74950
14533 35999
56574 77716
7485 17150
16578 50688
4579 80117
8665 58816
50013 93177
44738 63638
36957 43656
45528 90557
33043 44562
31657 48109
32128 80292
4121 82559
33258 50597
44168 62004
25917 63954
39111 82921
18217 31143
22200 43215
42609 60113
14331 94470
71509 71961
26707 90991
35647 65733
44563 63952
56944 82937
66678 92555
43492 90205
36765 49946
28834 48220
51668 72673
9024 65157
31259 87822
64024 94117
16251 43633
38936 68180
12929 80359
1209 93308
6489 31651
370 11032
26445 76735
34634 67354
26600 68422
25859 80967
7614 69999
61240 71107
63621 75877
55762 85901
8478 76572
20943 23887
71216 83471
1801 16874
50936 77060
7379 58658
28064 29570
61165 73253
33489 45893
18605 28951
16957 58060
29173 93459
69918 81116
3657 56433
5331 16639
43990 73998
5297 45595
15564 74170
763 24862
33785 75011
9229 52841
77307 83690
57312 60358
71429 92263
16322 63437
34678 83072
3415 20381
50651 66308
8236 33527
37631 74818
61607 64928
10878 14818
37757 39480
68073 74769
19464 90225
23619 94376
55286 66966
20595 63292
2837 47888
3066 57450
47384 75052
4857 8513
47965 82981
40146 54167
14961 50784
11408 90660
4717 20459
90270 90537
1822 62111
22428 44274
13910 39584
18428 56767
41321 73814
56299 84613
26916 37338
27060 48954
4032 88671
58764 91255
44269 53295
33100 69025
18143 85977
61389 69522
35466 76349
56506 67901
38157 87549
61411 81306
49295 78884
59733 69025
20018 68635
35185 37998
25721 36464
24735 47636
5868 81332
33299 43867
800 33012
76405 78457
75289 93330
2640 14477
6692 65951
47818 85379
62882 64133
42330 42599
11650 67837
18998 72795
20347 38875
63141 70433
35506 66295
23349 74492
46948 50611
60163 91756
17473 42559
13897 91344
12889 31592
8075 18586
17804 94008
135 60318
28994 75793
28180 55878
4137 90434
3402 8887
26984 66777
642 80136
50668 78144
28323 90673
39221 69490
23281 87066
44473 81677
29494 46313
57980 64718
12451 50824
64713 77458
52968 82555
31653 33022
71010 93262
75644 90779
28963 31631
18855 79786
16105 32064
55491 58357
8261 16481
9218 9765
29550 72893
12141 22186
30285 66829
1347 83884
19707 34964
15210 81681
12990 73683
6824 63247
4325 73491
18386 94614
88115 92257
7597 66087
23405 63508
27386 42206
45407 49297
2385 55534
26744 47402
15833 66953
14772 19592
31891 70691
43870 66776
11127 68962
4680 50156
56994 67385
66287 66469
47124 68716
52915 86418
24688 26133
15998 24182
44756 79597
12905 55346
57528 88780
44400 58671
73342 93594
274 82738
25842 44393
48119 61073
50200 56486
17888 80587
27047 36582
48716 50343
15203 72758
36526 54436
52636 89922
43823 90678
5153 74698
31814 51439
59100 81356
16341 45471
40846 66625
50719 89061
45313 66670
7957 13493
16755 48161
28345 45656
10467 54389
10625 54572
36650 68157
10863 70787
38 94349
9584 44131
4746 57231
85513 89524
23332 23548
9086 10036
19706 64741
3084 11534
21327 53382
39232 56743
79023 88194
2778 42934
56688 77855
13258 79495
50 21840
25942 89178
17363 19450
79393 93741
23348 70050
30841 91249
12710 81348
13211 71969
20772 84742
31458 74201
18988 82040
30812 63377
53547 75481
65861 86858
8328 81023
10222 25372
7077 78664
10617 77965
39918 73124
16332 46428
54696 56005
73724 78102
17334 44284
20787 55905
18155 54711
26703 46490
64673 66242
42036 74201
4040 77603
27394 39799
54026 58571
37611 69650
35213 69253
42618 47716
7857 23276
14931 56227
69316 94676
13510 94560
35340 86259
25932 35335
15294 37018
15532 22324
33193 89774
30253 68076
7335 76725
50302 74405
42887 58090
41129 86369
21737 34745
9480 67038
2722 70074
13325 46502
61175 73895
5505 22644
37009 79038
932 41760
28556 89763
42134 57456
29772 59672
95234 95426
43378 76454
40896 87700
17931 35982
7522 68628
1860 86403
19479 64203
1858 53221
14285 25208
1936 10007
48960 83859
70520 81294
17543 54802
17566 27732
64950 79680
32129 72511
30115 88066
26561 47597
5282 73263
42617 61615
50120 70174
63587 75523
71834 83322
935 42453
72439 72517
61909 65099
42236 78423
10290 57875
80805 84970
49400 80016
4173 47961
44916 48862
3870 73081
65563 76380
71678 88960
19141 29942
680 6873
42727 82448
48106 52402
58851 77159
24589 45063
57483 71069
22402 43277
72808 91239
39840 88842
13008 21434
51102 88837
17556 29967
84246 94586
33896 37819
47192 95294
52059 89472
1036 37296
947 68337
24761 41969
36933 67605
6689 57735
12467 19260
1679 61710
12703 63198
28159 39762
85775 87628
15338 81941
34108 52798
4224 14766
62533 91173
51009 83551
49934 86952
26278 50389
30099 31994
21445 56859
33156 77038
71348 89883
1888 27434
18384 67166
50735 72263
19414 61907
58221 79075
27788 33484
12652 14845
51936 79149
70063 74417
87726 91723
1210 74916
23078 24700
47139 67031
37275 46091
37809 92969
78263 84576
8460 83954
76074 90594
72453 92048
64102 78207
32965 94950
23788 39019
5285 62472
49421 68878
58417 78508
67195 77316
23373 30382
32165 69601
25354 71494
30644 66209
6386 21806
46533 56372
25796 46998
25575 28407
90931 93806
31188 53820
4097 95067
42022 67866
24017 38478
1146 42221
44813 91608
27037 80303
44767 73798
26080 53655
16099 83316
42209 61176
11629 49589
51491 92358
57641 76976
48308 69339
17728 33936
38761 87814
7475 51125
19868 76839
18348 26221
3462 32973
40871 94679
91216 93408
21668 30028
32406 85526
22948 88889
16766 46973
20598 44719
5837 79630
10606 11105
92197 94871
2744 92757
64673 79424
35740 77883
76777 88498
92271 95215
16660 93258
11940 27882
12355 93187
5703 26820
1719 62218
69050 71465
31643 42043
49841 59187
66519 73905
21097 51441
31151 53214
33149 43915
4469 58877
27389 31233
22583 46756
22466 76240
19820 72016
41166 87419
14893 35572
36438 44804
40078 79553
38907 55114
50941 51129
20863 89108
9828 78968
9642 63894
15815 74205
10917 59574
59046 68168
25848 82162
30986 32358
1376 75332
9990 95158
33430 62599
81852 88813
9210 39741
29875 80043
16762 49402
25252 34925
37393 88996
59416 88170
26081 62739
53778 67689
28590 46961
12719 22360
23518 88946
32064 92837
5398 51471
8049 16253
24568 82875
13158 48758
45278 61874
60611 89715
39047 82535
58297 93185
23018 84648
79635 80400
13671 34500
19316 82649
5137 55683
60494 91766
72187 81322
15787 86540
71832 82221
26599 58712
58735 89165
15057 92099
41561 87300
6864 86372
10710 30377
12504 51079
22594 54679
74622 83828
2555 57731
5044 81665
13812 60477
46379 56348
25108 56889
53617 67788
75175 86121
66600 81286
27538 65286
46548 61756
59202 89603
40911 41592
61127 87818
28745 72649
51715 81947
13142 71206
35802 42577
39678 50455
42696 63994
21107 81359
27014 34458
2005 2471
49572 70395
24465 60389
27353 28803
22272 56326
3646 38531
72107 73682
6204 62746
49559 55703
11491 72399
19054 50941
30086 71775
4515 44603
19646 36312
20408 91197
41838 48607
17620 44001
15771 88207
12097 40682
56518 91494
10608 12049
17955 49149
15023 49085
3043 7812
10514 47419
16070 68007
49067 62418
19392 53508
15990 35871
44959 76514
31819 52781
285 46135
49305 77063
50672 90727
52745 74168
514 4526
64443 66784
44901 69884
42618 47082
33715 81843
66931 81085
43982 72085
36824 81986
91364 92032
49605 89044
16986 51800
68314 78028
72058 90813
16351 48299
11366 88909
4198 95237
7894 53400
11647 87429
5597 9909
33601 87447
70935 84458
46880 58354
11292 89596
23442 65183
6549 40238
19317 94949
5806 64239
10813 41903
38031 79691
83365 87040
24062 57011
39829 56853
33122 86092
4003 83371
62318 94542
35513 50583
18575 30303
33711 42685
43151 54801
7302 92176
46796 67281
45320 59554
58541 65616
27072 82227
3470 86520
21326 39645
51682 54613
25962 39422
55693 64393
33392 86722
52773 76060
20974 49278
70678 82821
2770 73900
18219 48447
80073 94692
3287 65504
13574 38386
73751 78672
39814 65737
15871 29245
1844 70629
27775 92868
45121 51640
67780 95005
16388 27896
33801 57004
5404 27898
13815 88396
14893 31325
31718 77300
75798 88126
14428 25508
79120 88409
21369 39060
26631 63669
20966 51836
78661 92318
58279 73197
25154 64918
55657 85416
35960 87810
2140 34251
51493 80688
84703 94313
55939 64628
6786 26131
3128 3484
1839 77039
31218 87176
16232 73037
10207 35623
63413 65777
83037 85415
51901 91035
26723 89877
52998 71594
76280 89726
68217 71282
3766 51062
72958 93567
3498 51164
14301 71320
73164 87037
23672 94359
30149 89218
8269 38962
33675 53116
68033 92656
60873 91946
15248 23058
15878 27951
87508 95248
16980 50468
18218 56347
22641 52242
50346 93947
35273 43949
10689 92162
14555 35450
53161 67392
40673 63530
13605 38288
13660 46254
7828 15550
10601 57577
32795 62140
17793 38388
5902 75649
22367 40477
49311 87296
66997 72745
65356 72617
10621 93752
5198 88153
55958 69135
1779 8679
9000 37349
80965 85266
4975 57772
53414 78979
11170 89747
48934 52093
3194 33027
12706 15825
69128 88340
11012 37551
72982 76387
13301 74844
24692 54029
59667 68770
7084 25889
17029 41535
37606 93257
39066 63474
22023 81269
18678 86899
74799 75078
28270 61450
19400 90755
3065 84302
7955 60313
4181 71966
26643 81719
5154 16466
20362 67327
15759 70948
63980 81076
8445 24904
24602 81724
14348 19097
5155 42179
51860 95600
13858 48607
43832 45823
18955 94528
75638 79381
88704 90746
2546 61205
906 34825
13457 16671
63727 70101
75385 95371
79106 89620
5027 58808
9131 42550
7018 88881
71 66459
5104 95132
11692 73096
60709 87691
38336 94843
3114 22417
13336 92537
62454 91227
21248 65436
24848 94569
1290 92763
55324 67599
11836 16253
3325 46192
58589 82143
22012 63335
26362 47098
4578 23920
28092 69804
5042 11386
6009 70838
33223 49599
10980 95685
49948 86369
27552 50980
19677 43815
2072 33999
56849 63636
32967 49788
5437 49399
79599 82539
18099 64873
30841 49432
9959 85019
36616 75781
50521 77009
7214 92194
52534 54803
62329 79466
8523 9603
56750 79455
15322 70976
18797 68272
5290 44467
56033 66449
44340 83338
6240 57577
35619 51186
52110 63588
10854 35126
80614 88104
63203 91480
65032 77176
48 78657
46328 67961
76164 81670
29772 53252
71994 88615
14028 19108
59518 78511
59900 62622
71614 95139
31517 62624
8208 57447
48926 90072
35827 45169
4135 84596
66546 73575
9299 64332
37338 57487
38562 66410
27775 59848
27215 36126
74157 77192
12652 49885
73271 95310
13821 93435
1943 49308
34265 75064
10265 23746
3369 58203
31741 93462
15257 73047
26708 44364
3103 46530
34340 63650
16156 35224
49371 89630
70643 87271
31195 52209
74255 86789
48431 75732
15685 21317
56371 90999
33301 38485
26914 41490
6138 81366
22039 86669
32310 87878
21127 79982
24903 81972
85841 91541
42334 70520
34361 37891
27737 50852
26790 83825
7748 20405
53443 94871
40882 94218
72138 87577
50020 78204
4475 89513
21225 57251
26582 42820
22140 51800
3871 77529
16919 43584
35061 59865
51187 87909
45672 82071
72616 91572
12224 43371
71790 88023
32340 79381
55966 73854
59092 65511
81436 93950
63547 83633
3628 40148
60082 70565
43842 58085
45226 61517
53565 76627
32372 94232
16603 31820
11002 43860
22312 75443
40032 47946
38748 59259
34964 63428
28904 83262
6486 94485
3476 63264
29639 91943
59690 88778
28072 33608
40438 68631
22355 61502
5506 34958
42525 74543
4762 88060
26778 87098
47075 93833
22837 65121
11694 70913
24294 31248
34 40497
23643 80900
18903 28926
33874 40105
15843 22780
42340 59017
31505 43998
35850 87163
43573 52941
8175 15066
52115 84717
92750 92831
13477 91414
22295 79481
84064 84781
51706 70706
45390 48902
12166 56073
1305 58239
57724 82227
10990 16030
8726 62219
41435 80618
33340 47631
12637 77056
23852 87453
1444 10808
22876 72012
31040 94446
14718 47302
14569 23351
31387 85953
5823 63313
23332 65556
1245 12748
15423 25069
78914 84940
1285 47933
3172 24044
16542 71530
9027 26509
75880 78632
75970 92496
1763 21244
17092 72804
4770 27745
3964 5081
75635 84111
13058 47405
81202 84846
2726 80394
7620 70401
24129 57833
38158 82006
7324 49612
1990 44543
19325 29982
35611 45610
13333 35119
16812 93129
13822 43945
54030 68218
16366 65465
24094 49451
17483 87035
27339 88756
82228 83591
19307 83419
21234 34617
78773 82898
46403 87483
45297 57544
27044 84122
14424 31248
6384 11446
5934 39335
40403 82385
80338 86461
39053 42055
758 51753
72417 76706
12190 81523
42851 76447
36827 77964
8430 53621
5531 73432
62588 64145
17931 72654
56150 70605
18623 69129
49253 68126
23548 41223
19115 62645
5077 20629
43017 52312
18246 92806
24881 40651
27422 93247
9018 64011
42295 59599
10123 10551
21368 70882
4101 32155
47393 84471
17449 25482
46079 70396
47447 63633
65339 85738
16841 44207
70043 87687
23962 29446
28545 56420
19400 43883
4197 45286
3037 69922
42588 95654
35278 72689
17966 63189
38963 56294
14844 71465
32908 43501
43066 93091
18457 47536
28177 61529
62290 62611
31024 34838
44290 62080
55985 65435
6216 36322
63866 87236
17898 86263
45639 71861
57509 63756
19837 25165
50386 87273
33776 72979
62540 81954
19738 88473
47677 86063
8727 20040
5673 40751
49009 75187
20927 33163
43696 84840
55108 77234
35607 88269
32628 95626
75305 80550
63515 66794
37147 51355
5040 24157
9821 11758
20478 75818
13862 67269
4692 28325
72429 92167
31392 73111
64185 92759
2686 12623
18935 71110
8229 75358
38872 79714
32897 76551
39191 39711
39810 81840
3051 48701
72599 79410
21501 85621
45319 82778
38202 38861
1956 29778
27482 83585
23842 41786
39833 85673
52856 91627
2732 4681
33947 60737
7847 27497
9258 60300
85 1966
16495 58780
50071 77223
42866 76932
36056 82468
33526 76866
35799 53764
47845 57724
5226 43346
51531 94608
37550 74093
5399 90264
34448 37168
2755 21848
3275 49410
29979 34630
37584 65766
1658 90945
60653 87985
25045 83858
1622 10839
60610 67657
50724 73006
50116 68306
16976 30767
24179 56403
36995 40967
30789 92380
26663 92896
23459 82113
13427 34230
48807 78412
10025 53115
13898 74557
12557 27484
58678 65824
29539 68625
46502 50491
25064 63323
10991 56968
73493 91769
1674 47726
17010 51203
15084 53212
23162 77954
16671 43637
5017 83283
64424 91035
56710 73059
6490 46491
69557 77698
57421 92548
35758 91392
57859 63999
6502 69235
8679 51800
17656 27744
85426 93679
53053 78111
49614 71028
15476 76921
51815 58797
31045 85952
21789 50034
27198 89170
4301 38765
11210 27260
37979 74800
58588 84118
28438 40689
6121 39027
11236 94923
69695 91124
32194 66269
63895 78741
1445 72933
5378 18552
7067 7760
27687 65211
5261 10139
85850 93500
24582 37244
85091 94343
61157 67567
10805 77486
24714 60868
4313 19928
89213 94578
15956 23852
12319 43651
9552 53509
66804 84981
17859 67407
56317 78597
2806 81782
3907 34584
26038 29948
29130 93122
89497 92978
10958 78693
81258 90643
21543 67477
3546 44850
35410 85295
21643 92130
37240 78653
7441 16909
19326 42639
14326 45964
62860 78468
32937 59806
10453 88447
74234 74875
25320 37241
19225 61588
49423 81371
14893 71017
24722 65427
23606 47667
68597 95176
19381 29255
68751 86056
19341 44173
16177 54832
67790 85379
12544 41763
58139 61458
65608 65845
62742 63334
21790 49205
2618 89548
38857 56847
22311 36824
2122 48283
59616 83000
37719 77189
28573 45532
69958 75361
56924 72713
9455 39004
39494 51253
1765 27385
41682 48960
66150 75373
58494 63020
8066 28437
32198 45263
32265 91593
18155 37275
43916 83879
44695 68390
71702 74972
73297 92244
45196 79829
7216 35598
71448 86093
52643 93014
31500 82872
65128 76020
6571 27534
9169 58265
42702 51047
13918 17290
62455 83100
87626 89562
1322 28370
21115 83371
16735 25974
2237 9703
3136 49029
72923 80992
33276 57434
2947 42141
7758 21431
41289 83913
65188 93466
7051 59616
27434 93455
17168 54719
8315 27336
23854 30132
32713 66496
36364 54979
24188 40668
26407 78947
15923 86104
8066 27011
51459 79705
47932 83685
7118 34427
8863 89203
63157 81952
41718 67877
37703 79543
70161 87592
6780 24002
76358 80860
45835 48989
40607 70956
14468 51755
26344 52472
16565 81959
60547 62095
8807 16089
10998 33354
59842 85676
24539 50950
5319 90147
7072 32748
13923 19661
8540 50023
39914 86668
17917 50598
73295 79300
45204 60773
57981 80738
62845 63610
7927 51476
781 94716
11040 85854
76519 91251
27960 82588
22753 62059
42827 55698
21320 62279
11662 43113
8080 10962
6167 53717
20916 65088
50209 95156
16175 37254
32330 64625
69126 90614
58094 64391
38408 78044
50334 66351
41387 81466
45589 49283
1295 56578
44465 64136
26579 37619
14791 78000
41637 83081
37784 92531
41726 73842
25815 60728
59410 71606
52401 95171
42407 85914
49721 79840
34026 95088
28342 66016
5231 92784
16755 28337
81296 86062
27504 44375
173 5792
61089 80282
33909 89168
50048 82526
24509 92132
26551 39839
22222 90747
30551 88005
9215 40704
13446 66474
43587 68529
13414 17267
20416 68022
1143 59650
4472 72537
13469 22027
50973 58076
46866 65805
65928 77961
21207 93263
7979 61500
47880 55615
38044 81457
4174 73221
11051 56109
16559 92278
70300 84015
7333 82830
52 29278
59563 75530
60312 81425
10361 82361
44389 58550
39193 49649
43027 44768
26822 64795
50332 54350
5282 60315
10712 55842
38809 40313
26433 50933
47647 66051
51929 93414
11370 31794
18199 50581
9729 87236
28250 54028
19901 54004
25900 90249
41581 68202
52164 62404
4450 64654
46865 51227
10515 78504
10089 42682
10755 52609
20784 66394
8242 46334
59416 81949
5709 20747
48872 54350
28919 29569
23497 63917
4193 17523
55399 84110
5173 86014
21880 26049
11928 85879
12078 29804
42426 76812
23676 64259
53358 67947
39035 60166
18509 77060
53787 60917
49800 82702
8202 87855
65942 87424
77194 84948
444 11603
12669 14753
35614 58631
213 45286
4937 33640
17858 46576
13181 70130
58814 62975
132 94974
36191 76609
446 57959
35519 90774
1304 37588
68803 83951
878 36593
76789 89205
1741 45340
22468 91219
27576 33104
48103 68703
43975 85272
29660 46473
27946 80050
39627 76692
929 52330
29451 33059
84957 88906
14089 44609
2491 69541
22895 43705
15855 73881
10757 31391
2092 29666
66709 79735
45482 70289
70807 71485
62770 93450
30018 67297
1285 91619
42240 76237
78198 87574
8115 49814
11918 41164
14465 48630
83559 93710
8647 63347
49698 83154
27402 41514
25875 93451
34153 65622
46995 65821
22088 85251
40697 85298
81907 82985
35811 44046
13309 80526
1521 12369
33488 44392
82889 88889
21177 53071
70358 91292
75533 85382
13791 80283
13 9679
46873 91780
33318 74755
7204 81242
45008 89342
2010 22411
8904 30762
39781 45229
6921 34821
36609 64508
2047 57562
92631 92765
86673 93690
9666 52871
4612 6538
28400 78518
33776 43987
64343 78720
13794 79924
13160 40241
29494 47883
19291 95539
47329 84160
21999 60988
30777 83032
57566 83009
7372 34199
40552 60253
4602 9394
10287 78469
3894 87625
40894 44961
22654 49060
70159 87435
24277 30250
19164 40050
51559 78509
28447 50866
6303 93322
58568 72582
9763 41901
6532 88154
70936 71595
6031 38245
30013 54065
14913 57689
37571 80488
2087 12684
5197 77704
21217 86586
34278 63044
43374 85772
28743 66651
9156 48221
79404 80709
32166 40705
25673 59419
8314 68466
32993 93400
78021 82031
8802 46340
50001 82957
67749 73656
79418 81303
8111 68557
11739 56328
25836 64899
5667 30234
15815 36769
9416 88302
1469 9125
51270 66581
4467 90037
25264 76977
4043 56810
15086 35934
22316 59208
53145 68882
40272 62644
15095 79128
6491 92118
37884 39050
1963 87093
63904 81774
8563 70630
1563 31590
83436 91327
71551 85244
13691 30740
30665 40545
25009 76088
80131 89990
14463 80863
1431 60310
8620 86417
23111 79223
1508 28897
9490 56995
22723 29505
15950 59090
18619 89228
15876 68106
25088 95655
40151 42650
21901 78118
13440 55832
7701 51323
83943 95255
45095 63091
730 26374
5377 11560
46112 89726
17807 93382
52920 84585
12605 41301
10419 24305
41590 75883
16650 94485
17959 35395
34299 92361
37512 91793
34575 57582
9759 37191
17554 19742
357 12820
51250 89506
62134 78172
65542 77733
33776 83260
19103 57261
29484 94943
45743 55362
40634 73658
15684 42768
5588 14706
4710 12377
12771 91256
30210 79940
8524 18697
72106 77709
1872 26216
22479 51552
28276 85269
1416 67334
12018 79291
23052 47356
37985 90358
47587 60520
50417 55162
60808 73526
7929 8587
52361 68500
7038 11605
54203 81772
39774 84937
56 2933
5202 44871
58195 64461
14313 46876
69795 87457
35375 87011
13105 91841
21856 85294
39910 76598
54605 69622
8122 37873
75142 76224
25867 27203
59796 77978
7361 85676
45367 75220
18261 25867
47250 73640
55301 82444
1036 2754
53133 77904
8147 23142
50784 65973
30363 66127
78265 81086
19985 53008
13117 64183
21382 48374
27321 53789
38564 54340
38370 54602
30744 60604
37 76783
21410 92169
21851 71162
38094 54398
56957 81084
26871 84998
9179 18461
18503 92609
22259 90985
7324 46131
23372 39115
921 38342
12739 88145
36577 72096
44388 52444
25430 81489
4448 79779
7376 19674
5657 27916
41013 46565
3872 9627
13324 84066
32145 78552
36014 87563
2215 37401
37123 65566
32845 50494
22296 57893
67889 89217
17783 65438
68472 82376
29818 91749
14807 49644
58224 63473
55110 71577
49193 74304
76893 80869
24440 94337
72622 80808
38204 78268
60990 67078
44543 79094
34022 61065
49276 87639
27452 44625
20369 39182
68629 89778
3405 81901
43116 57511
23627 82566
2909 61599
1177 50496
14403 45086
65610 73443
52465 91346
18855 88736
30095 73981
12074 76117
71864 79836
55487 64398
10678 56413
50338 77405
40151 81463
76566 92492
25055 35606
51256 60495
39859 75622
29152 92355
7001 31590
1817 28558
39005 75023
28134 84562
12493 18294
37170 37263
40786 72974
12492 89676
36774 82657
69190 71868
72878 78008
11993 17933
12223 77939
38298 82064
37107 64543
22993 74194
51256 64722
9283 56472
35900 85701
47438 90114
4 44845
51434 70385
24020 95222
31810 77951
37599 64544
43863 59359
42612 58880
7220 50337
57047 88904
37637 43509
63565 75711
1237 45335
78634 94621
10685 51414
44549 87375
26211 60988
34912 77252
10463 49906
3134 78755
21847 75998
36362 36558
22050 57793
10503 59534
3742 42210
9970 17076
37531 51899
83116 94017
20597 83152
55926 84809
40628 66106
7253 53481
7153 11062
32051 71136
21293 91334
24843 77372
58317 94159
65340 72958
70957 89476
28224 74176
80442 95696
47571 86661
48105 90179
44815 76384
64382 72858
68562 80971
23164 79775
48323 92952
60123 95418
71272 82936
60476 75451
57762 77852
12377 56721
29294 81134
33557 48297
4482 45253
24896 88373
1484 47023
38523 76220
27718 33599
8386 57502
42901 43678
37029 84719
9421 58853
33114 82973
76957 94242
17435 77525
24122 51899
4523 11899
36534 84261
51228 52430
21873 81949
30634 50366
51833 61650
68008 95283
1657 86356
72491 93164
54667 95577
46044 80754
3832 51140
18081 57399
69794 91335
33857 79056
16244 56280
22930 61785
12837 90257
8813 57536
10040 64272
310 36367
3971 61756
63593 76205
10909 69030
22704 67141
46142 95684
4229 60759
33087 42456
324 40094
1412 78355
12771 78847
22738 67872
34657 48972
51872 93754
62610 93955
30907 39308
20659 52141
7354 72423
14428 18762
17278 66179
47685 90473
25710 77097
7647 44979
8855 46510
58394 61963
81273 87564
28393 28644
52601 73993
62315 88632
80649 87519
16695 86572
2465 15164
78145 81374
24877 44621
16231 56364
7550 59032
22631 85873
40832 81457
49450 90705
30169 35544
15557 36384
2445 37644
40911 46845
29859 30773
25142 47756
46123 70362
56352 69154
35405 45973
3541 80153
16259 42612
15923 46736
52915 60501
44593 84577
27590 62359
24403 34292
31385 92549
17287 41290
6367 65881
68312 78981
646 23064
2540 71203
58717 87935
894 63577
12126 32673
49178 92601
9569 43158
51955 83717
25028 40911
60814 71535
31459 76106
76286 88411
12027 29152
79472 89864
17125 87844
28942 48371
19138 43312
1074 67695
3178 20220
21930 40325
29480 69533
2572 80795
17736 26793
43747 74577
41380 81160
84920 92185
40545 59009
3896 72821
73522 77723
36987 64334
17409 51253
73683 82780
2310 68644
23884 73863
78653 87611
73345 85633
4619 93708
36878 85784
25759 57287
91099 95320
5279 70290
10643 13372
8589 46026
53738 92911
6146 75998
23044 40413
45129 54845
50650 77866
34554 40812
39127 87173
55239 85102
12437 69839
6967 89503
19684 86264
3785 49485
37949 87003
12704 35669
74102 86258
29408 45776
43535 92143
20808 75485
84233 86914
75056 84980
1382 52497
10906 38402
25026 85274
29114 95102
86493 91111
5405 92335
10961 40296
8376 72215
23645 82993
27517 90029
3870 86249
70574 75673
73271 95133
20189 45178
87092 90357
56852 68712
67342 90718
8853 50640
43553 54236
5653 88295
7051 66440
19784 71044
43993 51911
50356 88603
34214 52654
15852 93700
14046 59724
77022 84338
11681 14957
36102 93838
2151 46757
4893 38284
46171 92841
23462 28925
51143 69006
79698 84172
7681 69641
12722 63984
34480 63153
33310 49027
4276 76273
23033 62712
393 65381
29509 48529
55569 89733
3918 93885
31784 55013
54941 77222
33163 38386
16313 52404
2323 76378
28153 57118
36403 44579
63245 81733
43048 70803
4603 74276
8711 61021
7446 72534
16022 84817
24679 59753
38372 40952
66452 78750
58817 70943
12339 78336
29068 80383
30676 43089
19571 84038
7531 87272
34322 60032
71115 76150
29926 80133
32245 50017
67605 74669
33071 40164
43070 89380
422 95717
67987 74290
68897 88185
39266 81621
47861 73756
37706 91242
47607 89657
10879 60404
11663 87079
33436 92645
38839 47854
5409 89821
54663 63740
26428 42052
7210 41672
41266 63272
46614 77547
30408 70123
77037 89661
25488 28417
42918 78201
26408 83830
59084 89305
11421 70099
26559 53557
17870 71317
11642 84174
5590 12661
49611 50302
34176 62115
18037 76376
4705 19477
51465 84867
45256 48104
69039 92290
35657 93828
10031 29811
7316 20247
34640 79783
23871 39253
30836 89207
1264 79749
11996 29947
46904 89629
36544 76046
33967 44362
81825 93003
57442 70663
245 84097
2856 7738
21993 56457
61945 85984
46353 77429
20776 85596
40625 50595
50430 95462
50223 60262
55091 73893
37026 88277
48920 93308
2978 87453
59160 78574
23770 42059
11941 71979
73426 93731
27670 67118
22503 45290
14765 44092
19769 67454
66929 67412
10551 76018
5179 68996
11443 41644
6572 49774
2247 7273
44254 60190
2304 26819
25149 42200
25033 48895
890 35618
4554 62677
43877 66023
50843 92716
47651 74769
25074 85075
45331 74251
10250 36863
48656 51009
40152 95110
67283 79802
24225 61431
55060 87295
33570 73152
69943 82468
33683 53872
79878 82364
12097 88240
49537 68561
10672 67480
78293 89856
74986 83840
37264 44516
65786 76341
18130 68043
92472 93831
15563 82486
48931 85802
39939 47557
18206 86380
16518 81821
4180 21098
64889 73277
56411 85091
21733 58013
20107 51745
45046 46088
1506 42638
27555 93708
18639 78801
4432 5160
6250 56688
50867 53221
46373 74385
4801 35270
1349 15018
7175 74148
65564 84071
17634 21165
63755 75115
40727 49783
26249 62328
44388 75135
28601 41157
63036 69664
37706 52869
55630 62481
33320 70642
76189 91472
75244 93493
40291 48500
2995 8288
90934 95064
8554 78595
14250 79306
26995 29070
27664 93915
18550 64156
57408 69506
2822 54411
1390 47518
580 56002
26451 74935
9771 87112
8795 60336
7498 88086
50759 65657
7994 43918
32154 60918
737 83290
35514 62740
190 6638
11916 54249
42828 51246
9223 82108
27249 53243
882 28918
7821 95698
32235 46088
6248 56884
1523 35722
54760 74711
25207 31616
1019 55474
9604 33346
82471 86325
10897 20969
51995 74791
34240 53414
64510 82791
43375 69029
33915 58455
24909 72155
9706 90507
42426 86299
12362 13940
23559 65997
37385 80401
18538 62498
40497 79850
38 54717
14258 56405
43664 64240
70710 89382
70839 94148
18681 26770
45497 53826
62658 84286
74729 89997
21714 50250
47777 56407
21340 93071
19862 72076
32695 73356
31283 86074
17014 49334
53158 75351
31563 54114
69403 76668
20701 82653
28018 55911
73681 84060
2624 17547
81098 85198
10370 90370
25139 36720
37881 39625
5495 43648
7714 41869
159 84416
55346 90866
12157 52550
17039 76786
40434 84224
36498 66387
4156 84527
5318 52482
6854 83505
627 30665
43825 78376
45555 75330
48091 66569
64706 86691
33777 47544
40220 46154
2975 19270
23167 95008
49997 61022
7955 63937
18233 66654
11906 61574
18290 90731
79809 80324
69624 94987
12883 43036
18059 18999
63982 83695
19330 76865
47993 49275
53694 85620
7467 59126
48312 84316
12502 33302
50122 94532
46801 89517
31302 77933
11761 31000
1076 62448
20438 79244
52363 60068
11492 94103
71881 73693
4182 64611
28867 45817
24633 81127
4325 12921
22148 64425
5384 46173
49821 57318
36506 68977
29108 83002
34608 79191
32782 60448
45903 53221
80316 86155
84546 91986
80775 87462
31083 73584
54911 72531
66394 82065
504 23833
60037 70391
34004 62637
19871 92208
37448 91246
8894 17266
37217 65451
21113 43735
86973 90228
36 22806
14217 22636
20933 33632
45309 95493
64654 65908
13866 39875
77893 78805
15395 83243
8700 51558
52540 85132
16473 62266
33695 76277
35773 84001
43947 93980
34222 44087
6027 82739
63130 82104
23714 32933
28622 70686
38369 55487
23100 39976
22870 24305
57838 70592
72328 90300
29153 71918
9156 25862
82253 94676
80064 94374
44222 86129
25797 68763
40733 49958
48844 88556
49176 66914
17546 70404
41876 48366
51670 58541
23926 74933
82517 94465
51162 95480
1527 8682
61297 70964
78209 93557
28295 64132
29065 95133
85077 90624
21096 41055
50515 82620
12358 84953
60653 67111
17444 39905
24816 62289
20437 60583
28906 35041
45670 85722
54479 83918
28738 56248
23613 84631
53738 60193
5115 7247
33531 46505
43850 55731
10931 53085
12543 86685
91901 94007
10129 64252
59655 67425
28473 72423
75330 85536
50520 93331
54720 68494
92701 94342
25945 74379
23593 73983
62795 90756
27339 63588
48049 89248
16033 50518
17318 39081
15247 59035
23836 80978
2708 51465
41980 64350
15167 44143
27694 82817
46233 77118
53402 92594
37042 43181
41539 91388
6959 65956
17217 18545
36284 75094
38056 73828
66938 75459
24871 52084
11890 40621
15480 37921
6282 88279
42552 85195
43045 82959
26409 33343
42648 88487
76410 87729
84531 85471
24150 74719
68872 73398
46674 52677
88708 93001
147 80592
11857 24311
56327 93898
71905 88947
46008 86079
49037 51338
38673 75840
50410 67075
21379 48430
11020 82708
43878 48037
87513 92424
50451 65986
52561 79638
49163 68204
1392 40305
46012 61969
21322 47075
3625 15071
18676 24170
28624 81703
55559 56925
246 36145
57410 68402
38088 70143
56469 74856
36999 81214
6551 71478
41621 94540
43362 74695
73088 81017
59215 70997
30945 45436
19496 80884
20987 66116
16864 58932
62642 76885
479 8845
51480 76354
18839 35689
52599 89988
38459 61105
18731 43040
30091 78573
3365 23565
25503 79445
39386 65679
29640 54066
16935 62371
21473 48359
22525 73200
14079 82692
2010 49964
16789 60737
30844 46018
66560 75152
73136 79268
40454 55964
62242 76732
48303 51166
54055 79538
77975 94762
43390 66746
20391 53222
26207 46511
67188 92656
34417 57309
29715 56226
13626 21045
69416 77080
6223 60662
3901 80308
5024 75807
27052 78007
16436 51146
44142 67208
2881 12399
40191 60862
50853 70050
27468 79390
83155 87404
5027 30571
25184 49645
21961 37862
15407 92001
27955 70951
46228 60294
51861 60747
24704 63260
13170 62729
51426 55576
43505 71742
35069 86555
42151 79413
50610 82901
23989 82048
45338 95036
9949 14083
55712 57418
18683 24205
62257 95531
5737 27100
31229 68761
63509 79845
264 12824
24340 77005
36835 80139
12006 27795
15343 91864
5733 45282
2801 12948
48521 50027
6052 25872
4560 61454
15810 81566
32127 58490
67179 93186
57890 79179
33151 78290
48849 66170
6596 86182
36411 42822
18030 71133
54900 68515
81957 85578
40038 75692
28664 29390
19393 21195
19457 26634
10246 84009
4492 74732
54871 63171
74638 89850
16473 58466
80497 83569
1004 80408
7677 76148
43800 55530
19360 35772
9920 87014
13516 54595
13380 18361
28820 41970
3069 6176
28004 92299
19842 88947
17629 43197
620 16058
11004 12280
17665 68859
28073 33845
6250 71085
18589 43942
32772 46671
11881 80147
10418 60921
2528 52903
63774 89223
6034 27417
60585 72202
36332 79965
79712 81943
56881 72987
541 48678
18192 21560
30759 80738
2296 92025
50435 58683
29779 53751
46241 55774
67584 75143
17283 78778
24780 46625
40035 77930
75815 87834
22512 88453
16022 21494
58345 63265
26765 63483
8940 53144
30880 59342
29344 56780
84323 85426
23522 79164
34806 86844
30936 37540
3219 47836
31013 76365
80031 82247
18734 53879
7928 64993
4181 56518
37053 41693
42086 89314
7669 63109
8223 27045
4010 16678
11047 93980
32705 83195
35943 61963
11214 34002
53389 56429
42129 79424
7373 70832
18888 44206
12436 75959
40509 93308
25007 30546
225 77510
61510 66215
5713 36622
37746 63330
67779 70310
15754 56221
3279 41088
14173 23024
15837 17085
35251 35777
60219 80984
29391 30687
74660 87196
66546 86502
10245 91792
595 39282
1515 95309
55906 79994
65607 88892
5934 36715
57038 79691
2981 70728
11768 59774
53739 60896
24440 95294
46627 67638
70854 85932
40571 43629
23184 91652
19810 61132
52224 83147
34768 48478
55356 88412
25013 30548
40387 84832
50462 70039
21435 58107
16885 45067
59081 88727
10097 85015
13029 52600
58456 79618
56921 74814
79632 87039
9266 22500
53816 67897
1223 16708
20212 34692
30794 77625
11078 37690
77824 78813
20858 23830
9304 13093
18529 49376
2608 49445
21926 27210
28729 85991
1841 31386
50232 55464
23050 71426
68664 79914
313 55410
50381 63820
15426 89901
21891 85049
81294 92793
27783 38344
23597 86052
70777 75641
58347 63864
24685 62021
17259 45063
31411 91750
56988 74414
17144 47235
10342 90481
64721 87757
3922 51958
55931 69876
32282 79677
9084 64018
15115 35648
55351 60984
12648 50762
35478 87774
43197 57795
35622 91922
71340 78311
2134 50392
2565 11824
26057 92360
33002 35900
16913 68154
63854 94275
1370 74686
4868 69318
58701 84102
24728 73937
35591 68891
35516 81809
44498 47771
72766 92334
6502 10186
70583 82350
56577 72942
23556 31615
48741 64824
23903 27859
46390 77857
23699 50620
54708 77912
48939 91628
19372 47841
49852 64280
76430 82481
20852 90480
66335 83348
27717 55768
37590 62078
1828 17299
7627 80926
3609 36493
24155 24393
66285 70556
41496 63946
14326 53906
44873 44944
9389 22877
74518 77850
17557 82488
60215 87946
58388 67418
14831 35034
7355 63426
44870 64457
69927 89793
73878 78726
41815 77182
27080 46709
15373 31533
9142 33402
49081 57667
49420 91317
23751 63176
45481 51563
26600 29596
40780 56410
63804 94475
17523 27763
18718 43347
48242 55982
14646 39951
63639 95622
27980 36699
47078 93900
72722 93868
39522 52819
64482 80002
8057 51114
18725 60854
77345 92137
40643 73378
13650 14436
9090 90643
78662 84189
1551 64595
38596 69222
58851 88635
4419 78880
52722 78990
47050 53575
20117 58304
44819 94316
58259 75100
25720 74321
32509 41255
40274 66656
32207 87628
46434 51721
62474 65299
25224 32008
6181 74979
73122 74346
34604 37330
4284 71133
1664 17917
62848 75537
3248 11074
59613 88411
12792 21549
20053 93375
3195 86569
39567 46893
31450 82688
2687 90359
66499 80920
4651 90209
55823 90503
62143 75822
6664 83871
35031 56565
14789 15981
51808 58519
11690 51292
26237 51542
54568 80352
62753 87814
8924 76943
11401 24643
81633 90069
44006 61312
16928 55665
61633 91057
63204 89229
9106 83425
58529 91486
61988 76171
3319 72213
33356 65132
4722 65568
50947 86494
501 21055
6682 9897
21745 55248
69506 73916
4898 84199
2579 29834
40585 86810
5915 19814
31051 35300
39407 57948
13455 45171
21318 53601
28616 47121
29795 60587
75112 87886
44216 44633
33670 50325
20843 77540
54147 91384
41512 83378
63038 77962
944 13887
69425 80479
13153 65519
74764 87643
61153 66569
531 26296
2987 58484
23088 57143
410 52744
83869 90278
48061 74931
47289 64597
36376 52741
776 12437
397 25348
8896 42318
2232 91000
76831 78183
376 5838
43721 77552
19259 80869
30514 94458
8984 32232
62197 64924
32336 80829
20851 25375
67734 67822
17879 27466
28715 69968
24117 57568
7397 40419
27680 48842
27588 41769
13121 80385
9627 18176
2289 17061
17430 46758
31365 73386
58672 64859
12211 66489
53655 56632
4029 61664
21556 53713
49021 79022
53267 91870
33876 75446
4485 30149
8654 28299
24182 31531
1408 57649
82727 90464
23135 59576
36349 89595
28013 76926
6415 56135
47978 64778
32045 57246
18239 58281
14612 94913
4472 63626
20880 61240
24691 79218
24099 92032
2733 5806
61608 75856
63213 66537
19720 57824
51218 90457
13980 89651
74653 95473
2055 78213
20407 72619
39103 67757
28476 56459
30289 70838
6962 40945
39055 64389
20838 74968
13075 20979
1288 34671
9502 13354
20522 29722
49928 61872
1268 18926
6079 59634
8840 67603
21940 56024
4195 29191
26326 48911
39773 50371
8011 25879
32388 35124
73371 93205
19747 53855
9304 53799
20954 57261
21924 59032
8243 88835
10622 79665
18288 52442
6352 73208
81757 95399
29403 74174
31211 62384
1784 44082
31297 84274
11430 18460
16821 42470
39501 80911
17845 69590
39321 93857
13246 74204
53255 69343
39652 63046
30530 37521
61683 67372
17302 86099
59620 94280
45519 73412
59080 74695
37665 74328
15820 47323
24210 47595
46042 64381
9946 76839
26415 28175
15369 84330
6196 37450
37314 63762
13639 44111
14720 48192
47338 71549
25627 40172
56556 76790
16480 19299
32745 35491
11248 76242
33330 73158
59689 74738
23521 54545
19027 88360
8102 87585
29859 62649
42137 84279
36057 81624
28594 32674
42056 77245
89449 92634
8456 50142
5280 70486
70222 80476
9250 46522
25234 28447
36997 73471
3414 80131
55385 78464
28124 78443
46652 93749
6092 50448
18675 45185
2539 87506
15823 77794
70793 80869
81029 91708
43311 73268
14347 45986
49833 94193
13010 66496
38722 59166
73108 77188
61086 71034
5824 50731
28139 87098
66386 66761
64228 95068
947 47332
64729 85333
20358 86015
18420 79094
18081 31195
9036 22468
57908 71599
9533 76328
6529 88618
44548 51050
47859 71272
24691 88540
20775 69064
45219 87546
26877 29413
26033 27481
29367 82065
8493 46516
26500 90497
3458 39596
33156 72265
5856 13231
55524 61029
70345 70958
20424 73885
18069 44199
53956 77883
25146 35153
49704 87417
2053 62027
81034 95038
8748 84866
11894 92141
55486 92033
68242 69787
10470 76026
45713 58738
22055 71559
22755 66982
5857 41384
49917 92859
43194 85811
6866 78061
75546 94116
5687 63773
32717 93085
13326 94144
12077 70813
27407 86850
5002 62550
2143 11623
4085 41382
44912 84891
11074 59268
38872 71416
14276 14758
66637 69781
57153 63389
1812 13853
48944 54959
35884 90371
56423 64536
57242 94663
32716 88226
11588 83219
7486 23675
68295 79387
19746 94668
9652 76047
36721 67003
32138 92421
7343 32097
38504 73196
12072 20588
22007 51827
8265 87141
89290 92108
39393 68092
3190 78040
58833 80890
10721 86419
4119 80393
43073 80423
19130 73426
13809 20715
28781 61393
24544 69125
86223 87562
5518 15203
11875 77434
28346 61894
1842 47933
49975 74345
85520 87772
6963 13459
5806 50498
12138 31433
66565 84099
42546 54062
331 37225
14635 66931
19157 48332
80961 94918
17418 20840
27398 79631
3671 30765
62649 66466
4014 17541
2776 9798
14889 71963
67167 75023
13644 31783
15431 70066
80871 94167
1066 17127
29274 60778
51708 63821
38071 77851
49381 69568
3471 95700
15008 67452
3144 87933
31602 67759
3592 41713
5553 38296
2694 60705
32672 52278
3432 81311
18158 30199
42477 62545
45560 75071
23157 26509
58027 68654
33549 39794
9369 19935
19655 56540
84879 93057
28519 74778
74092 77150
40370 52229
10683 73942
23544 58138
59373 78454
20463 74179
48956 86599
26601 91257
18673 81163
17202 59706
299 16436
33299 39046
8615 59455
37178 89934
8324 8329
744 69035
23238 51899
36184 67085
2057 25683
31092 49873
59143 86544
82489 86980
9667 36566
82471 87249
18761 49819
29624 81781
4977 23714
18096 90984
60710 73975
11733 14677
41110 89339
1390 45741
58937 62609
10201 61618
22241 25859
32620 37590
50881 58669
75600 77914
39080 66127
3219 3372
67325 73709
57044 58462
22545 69215
3061 69096
41259 75126
74068 91833
66254 77515
27677 92874
30722 91990
56709 73664
28318 42571
53129 63575
52465 73039
63489 71179
73981 86892
58803 65733
11531 42083
18335 90052
6794 84696
58808 71826
10514 52654
77948 94327
2677 18607
5877 79780
86527 92110
3607 78887
1020 22692
25498 78719
22501 62704
24744 48378
34717 80945
409 17174
52152 63714
62986 86949
26454 45524
67941 68606
54557 80240
34025 90627
6349 82078
13046 44891
30387 77547
54933 60657
3896 85758
79939 88253
41606 58687
12552 17426
65272 72365
37480 86727
8642 20528
29702 60498
12134 81629
52155 64534
15360 79970
8362 81242
36726 44515
15422 92810
43552 62987
64997 71778
67764 88526
32210 58298
28180 82679
28982 69159
1457 36573
33777 40645
25765 66149
45070 86286
42851 52530
62078 79255
35129 53180
38362 74798
20562 73007
41880 59191
9000 79388
7166 91530
91146 91861
62147 66964
6367 22023
53618 62262
61863 74248
58492 92804
80195 83661
17874 40791
35728 57162
69828 81453
1366 62519
29303 43619
19845 46511
38398 59382
472 70234
219 71459
6757 30547
59016 62316
11460 87476
15277 45427
50043 54448
61064 92094
50410 76557
2646 43951
8152 61366
32551 64998
55699 75961
9396 84173
64343 90244
18149 33835
32426 51250
30628 94474
49464 63654
20475 66014
15373 62488
34618 47134
4528 10792
35562 37438
52086 94709
6094 76059
15352 66643
36192 48692
34160 94769
3105 78666
14177 70818
43530 51317
18636 84729
6151 63145
40938 71296
20409 25942
3417 60058
21864 44474
35669 75298
37210 49371
11840 71801
36093 43189
16283 71693
73028 89738
57233 84578
20033 50275
27490 93224
1613 51082
38892 48648
52231 52647
3552 71769
419 56991
82905 83763
6862 49834
14278 74189
36389 93711
30255 50215
57350 73584
1445 43567
9921 55668
32928 79585
16204 91832
56465 73173
23235 38296
21430 27387
33140 58203
6460 54553
72519 83983
47024 78454
7868 49842
49846 58490
55719 71471
21209 79946
12552 73874
7830 58082
11752 43038
4072 77983
23310 89180
57209 64755
3394 73234
18989 44850
10789 18243
27464 46883
46126 49353
7038 26639
54482 91727
20781 47268
16691 77384
23828 53475
21982 92930
13057 72691
10607 26180
82449 92844
28466 82959
871 7070
12040 73805
22857 91955
67851 88697
13091 68244
51150 86352
4916 75540
23599 72144
50220 94177
468 29259
75076 82854
45814 70195
32751 35558
52116 81816
5242 91181
83536 87026
82056 88238
20624 41511
5336 77873
41586 75813
15517 37556
20591 44876
5179 16636
76165 92765
88435 92955
29607 80985
18440 71524
29376 88697
32913 77674
22375 33868
32990 46250
5231 6841
31777 37397
15967 58163
1145 43729
3777 52475
2097 32486
13133 80950
49154 61256
16076 54064
9666 13312
10292 23100
45523 75653
31316 64720
28517 79163
29515 90766
50307 60659
12420 33099
4026 44813
68125 80210
42108 72568
55514 61734
39685 86338
21850 88195
2801 29918
41085 76305
74018 83694
17183 27631
44992 45280
17689 55194
4399 53963
13963 50378
33089 72965
10326 46342
62076 71565
30961 90621
47620 48415
4743 56432
88578 94112
59866 91727
10336 26279
24587 47273
31449 40809
174 34072
6891 82981
21419 73472
23792 80928
18607 69098
3638 20728
33576 95519
75332 77457
13825 57959
37777 57808
16798 62211
72206 91203
32147 56432
46452 82226
4195 63655
40684 88601
36082 90372
21162 61755
1605 19493
17623 94509
14337 29889
35503 68109
37484 61514
20718 55734
12732 23867
58915 59589
66619 81561
11580 35993
77834 94600
15433 48740
1395 52946
71472 82524
19603 67867
22514 68948
24027 33513
12902 60919
64407 65481
7687 32035
39150 69666
40774 57389
6785 23843
37362 56692
55720 68105
16258 80656
17320 22923
1789 5202
12996 32173
86293 94031
25771 79172
58998 59705
39741 72191
14991 69377
25107 47111
25309 82383
6752 55411
59490 62634
22194 51298
6204 28531
49530 86708
62081 68103
26960 41713
72745 82619
8215 74849
21573 37607
6939 48631
29918 92106
23439 35481
24753 62740
53457 56159
67678 72137
36433 68195
2631 91363
41385 56849
8221 36646
14307 30071
2555 92575
9668 47217
4950 35788
32274 76388
17208 81832
28019 74066
51136 58407
47380 49239
44926 55924
24018 27603
1659 61641
49286 81105
5675 9146
1182 40089
47595 67679
13860 62439
6421 40043
42306 55182
2466 45947
34562 60705
25299 69768
4272 76851
35548 48104
31269 89636
50643 74290
3412 9307
21953 87566
29643 89469
44461 77823
5083 94811
5249 44156
67303 81279
25347 42899
71492 89912
75050 93978
38107 46849
69441 74438
51560 58569
35170 86991
49415 87323
10393 24500
40972 57431
84214 88727
28517 48757
16769 49301
63415 82018
23336 57715
6226 13320
10742 62734
28247 77128
21814 95350
41148 78422
16240 37450
49898 84347
50138 55539
76382 92750
27299 91004
51608 52322
65763 88712
4992 60282
15411 18267
55905 84023
38108 54713
32011 77772
27873 61417
76915 81125
22452 58613
2480 90170
1408 86205
69985 91125
8152 88409
28126 76404
29554 36244
4402 71266
48167 53877
33231 95344
16321 32652
82086 89002
38808 44151
64734 87991
53182 76920
173 50755
16440 70239
24366 74021
10900 52880
2416 64552
32009 66812
62373 95353
13726 39802
33354 63405
9904 50414
86318 92732
56726 83485
72983 85649
49322 69409
851 1351
81937 84879
9237 13082
32542 68799
36568 50507
66241 86314
38363 64100
7190 81842
10439 68277
7273 75657
40572 61556
75079 83968
17850 44499
45113 61568
48277 71978
22007 50146
19908 56862
14845 17451
4256 72686
25007 42475
17735 35887
46795 69463
5112 48346
48647 53181
40822 90986
21376 31682
51374 85277
40333 56255
26184 88716
7843 48715
55153 64981
45697 89606
1130 18796
3823 87798
23361 94065
36176 55837
32287 71048
2581 79779
11590 19229
6734 66935
33418 65748
65013 77864
45510 69648
24403 45347
10342 17444
1317 8537
45750 50249
83898 87475
6158 91867
45477 82028
2871 47764
53581 76831
60986 69236
67614 84934
3397 36012
48967 75357
5911 55057
26245 82478
2204 15921
53448 78154
48282 55251
29076 67986
27393 74832
2065 74264
43983 54061
89100 94772
55940 66209
72821 85721
13719 83379
29490 55486
46161 92288
2070 50778
62626 65888
20741 59810
31795 74080
34703 35977
29686 51971
16965 76219
1780 13872
38168 47109
45282 88127
15507 49698
58024 79022
24881 62379
78658 93262
48116 62429
2260 69857
43216 46026
49001 82407
25667 93459
11618 16868
7843 46776
32898 72541
6985 55532
24057 78624
52143 81194
57584 64194
57304 61385
16817 50868
59254 82952
36200 63753
52212 69732
35617 60532
3323 44723
55558 71425
69529 82665
49098 86156
17076 64949
73889 86172
70807 92152
12973 54414
66905 79690
15218 40567
41770 49837
92272 93902
14970 61970
41212 93032
1107 2904
15383 29670
29404 51365
33429 57192
17290 57005
57014 95630
7278 74954
28617 52615
37446 80305
18599 48069
49137 90554
9958 92700
32285 69375
17506 23972
49641 55582
88479 93649
1493 94372
90355 91387
72922 88757
3130 30229
1667 9365
56816 91285
8738 22424
13659 34087
18725 50360
54067 90961
12699 27959
1572 87395
39691 70122
16880 17872
16473 38516
36390 89202
41619 94667
45069 48905
8395 14439
1660 13776
28451 93339
27769 68282
63704 66656
29580 35439
32307 39297
37381 78352
52715 95076
11136 26125
33887 36156
35703 42906
10879 52606
9949 87833
53635 56691
8597 68557
50947 79162
31914 86911
65668 81956
34946 56992
42647 61117
39948 41916
47542 70143
40482 82676
24546 37486
16974 21264
74973 77448
11108 40127
9475 60743
65032 66300
70385 91558
70181 89930
8627 42516
36896 39264
2040 12900
41755 51745
570 39984
25964 72265
13452 54143
32782 49728
49045 85711
23968 72692
19240 71640
48688 95040
68808 77862
31297 77534
22829 91198
7261 69324
2996 14148
12919 14345
24106 55482
2455 22474
29639 30765
14505 88023
21714 69574
68550 86669
37752 94602
23472 79838
17285 27585
47145 88850
12909 33660
51130 61532
70348 80788
3038 77667
16060 63400
15280 94444
21374 94172
21355 95098
35613 42723
41189 87177
2909 83808
11860 50697
9132 66022
41575 91527
20672 67388
34101 50025
7894 35812
13799 87591
18810 30295
58570 89519
25441 54637
8640 33091
12416 49850
33606 47125
13745 88354
22360 73488
72185 83265
3440 85953
39871 75633
26059 37001
45052 45969
58724 91723
10210 31415
43937 88324
39671 65071
74911 81803
17730 69869
28273 89531
84550 87936
38542 77190
76072 89118
21405 59455
2815 82228
5449 77473
13633 59201
84643 95016
66554 71702
24139 65344
44911 78825
5005 28148
18924 74016
14305 14989
38320 65053
86090 92203
20503 54934
18724 66851
30035 85630
12610 91408
12588 94289
60111 84265
22284 50462
60403 89602
50192 65155
37676 48787
20180 79930
55698 87167
29960 30373
4734 8901
58755 89662
22184 79307
72524 88827
18327 39645
24700 86052
30387 85305
34626 70031
16859 39149
13773 59735
25921 73905
5350 27667
64943 89674
80474 87176
64182 71897
2418 60360
7630 21013
23297 36888
52153 89673
759 38129
1724 18895
36389 60252
56712 72227
80946 89600
34881 94092
5007 14254
25977 43931
35128 46060
78726 86338
20787 20942
36055 82789
49638 61679
53618 81830
24706 91222
69965 74995
43309 47368
87594 90677
8866 31090
58106 76037
82252 88565
10184 86318
7747 42950
25682 35270
20591 91723
14842 52842
14613 16277
17063 90306
21911 62698
23614 95396
52671 55163
18731 45505
2713 46259
32715 77843
38175 49122
3383 93802
72988 95215
37517 55495
22350 60889
45938 47326
43197 77229
19906 43676
2238 88170
3370 71023
72012 82389
31767 95717
44610 88714
29329 51112
32528 65573
24679 76857
38451 62549
65221 67246
2542 76553
20209 87408
18039 72000
43016 51100
30061 74175
72053 78559
32668 52726
54088 67353
3285 51796
67012 71197
42284 93879
26980 76716
24843 27082
49690 82562
8554 56101
31950 46865
35765 57788
46690 72447
6729 8626
5716 28405
36961 54205
29081 55325
11104 73067
3139 24851
20770 47830
42470 47355
35498 76011
28977 57574
51447 79864
44291 51975
5409 68807
76621 88212
67325 73576
15899 37848
58836 81386
40677 71345
10054 75423
40898 94981
37563 44450
29689 34321
8595 88444
16694 53234
21656 48476
49355 52628
36228 50082
4786 43419
62012 63822
58216 76212
24014 80098
92808 93849
76402 86337
29738 54092
32770 94344
43656 83018
6420 79816
30499 84191
1510 45565
19992 23626
7139 30784
55516 93322
2978 53747
59057 64418
32884 81513
42925 51029
31160 55994
20156 74717
68198 88860
45879 58100
61732 70362
29125 56097
50320 76687
2076 71178
3786 89933
31797 64482
11809 38528
59256 65593
15117 74679
17405 45262
19903 26579
52212 65653
35930 42891
27369 87683
67043 77158
38740 92333
38023 66574
36755 65981
710 2578
24153 47779
3966 48748
8122 90842
8636 24178
13778 45344
14866 78390
37553 51800
47201 47498
92454 93939
34424 94205
27669 79709
41289 55838
10256 87307
84670 90030
12347 32329
58833 64168
11532 61855
3219 92691
13034 37411
34740 67324
38113 62988
32 48035
37373 69045
85394 93392
37274 57670
73037 82609
34630 69275
10736 17660
10613 42625
84553 85486
34197 88269
32066 43164
24277 31306
45218 67944
35104 93730
63478 81500
8622 20855
34552 54284
43521 60694
80872 94317
35883 88980
2387 37168
2510 22351
50264 65176
4503 53331
37649 94958
39243 76492
29426 36334
37321 61909
35693 85734
80591 89558
54870 69346
67831 69857
42766 93926
47101 87639
58456 77276
37064 42071
27775 79737
10513 29949
8756 47499
32474 38268
17116 22599
50163 94800
28000 83378
54121 88350
3484 36045
87936 93160
46002 70744
22902 94471
30084 95682
67686 95152
5485 68288
2196 51205
14693 43186
37011 43087
34861 84021
68022 85967
42897 85374
2572 65167
50977 81028
49584 74608
12068 74117
16382 19558
39214 55490
11014 42177
62034 76660
18230 92620
10857 21270
8847 78643
14015 56445
34654 91376
7175 82948
16783 43991
59171 88204
83527 89208
788 74671
14446 19627
1474 64398
833 60396
17658 81517
38304 45929
55353 62952
36180 46783
4533 43490
160 86966
17420 94829
44406 89410
14521 58479
47004 60431
24044 74003
10258 32562
861 93010
69847 75348
42445 63259
19847 59300
23808 75338
47809 66094
43493 78152
41757 51227
59215 63473
69048 84709
2768 32057
5702 57014
25853 69367
24692 71396
15267 85424
80960 82897
8865 75786
20935 66876
1161 84876
68974 79151
19490 82187
2555 58799
43832 50049
31637 34745
14029 28717
76614 78778
62904 86353
46515 70651
20540 50668
52777 93436
27731 49892
12428 50360
46082 65763
48516 67443
40163 62153
7836 93015
46037 51140
7019 39656
77288 85287
40751 46272
41590 82553
24543 75296
20915 60702
16431 40353
26387 58503
2634 93113
56753 63237
50191 63530
12697 90058
13874 28211
11163 59466
45227 85288
55178 84526
11102 58497
45756 70189
29848 53882
51780 74502
23057 33607
75666 84041
45041 55689
34595 54907
30931 33958
40250 50170
41035 66253
12323 43230
21420 55804
23081 28143
40836 44927
11332 12855
4469 15807
29181 57878
8618 51968
17413 50814
4327 69593
41380 61458
31211 67720
28314 37137
83858 87848
20097 55685
18426 33476
2567 8607
21165 82896
54134 90498
71341 88069
17621 37100
57213 94549
37571 43344
34340 87667
42393 47452
66780 81512
39804 65542
51783 90442
7600 54015
3575 42023
14511 49186
32653 50398
9825 90837
25617 62694
16403 64030
61526 76747
46718 59821
25138 37399
490 44146
57631 82896
54189 70224
75524 91577
23174 51331
8908 45298
46630 52411
61067 83573
18786 44956
32559 68068
55279 64179
29920 34164
1719 74846
36627 46527
34406 58490
27915 54911
29648 56276
31978 77298
26178 80260
47818 71983
45329 65460
9780 92579
28855 79514
11373 29712
61436 86039
13597 84984
37599 85073
4626 76741
26478 85264
5414 69752
72458 87423
22227 93285
8520 79255
4093 86096
51069 86236
66229 88900
17682 91379
74953 84422
60103 87855
22357 62877
8154 64662
1782 17476
63397 80035
68644 71596
84799 92542
71016 80896
44860 80416
18764 64998
206 56711
25442 32664
19761 75502
24227 87345
77523 80383
63460 72070
56823 62603
39255 85619
33908 59253
62361 65245
31095 76462
2946 12647
21579 28923
33112 80072
10294 35116
48444 65787
4278 20090
58795 70978
25841 80170
16907 86945
45885 86141
41585 62546
67399 91401
77989 78941
38509 81771
7526 40904
8224 13315
34 75680
34993 88008
14537 18550
59108 59161
49516 81264
14344 45418
55085 66375
36198 65735
11462 92720
6038 38594
49075 87778
13461 63842
2622 44680
23487 93901
81895 95381
58388 83715
36195 71461
21021 31708
52620 63641
61288 70882
36421 58298
12508 42993
14816 23838
29655 31693
7574 54150
9608 69276
64037 85131
17774 44772
37375 47543
17602 53235
65370 82026
84547 92265
31973 53883
23808 69542
23318 93426
73201 73385
14160 18621
47244 75056
46918 65205
35395 82167
7921 8823
17769 89305
55292 88052
33300 61545
17041 85282
10962 43895
10885 59828
47862 63294
44827 44953
780 83749
1850 47701
27042 68577
41618 83541
67405 95452
36538 93609
36592 51119
62509 89962
31896 67395
60099 85249
21506 24163
25453 56567
65424 87259
757 24290
7444 59937
41515 60551
8302 14448
35 1702
34304 69258
12815 82539
27363 80147
11675 68069
6052 33911
43520 73689
29458 57432
37268 59899
27409 80078
40889 57774
51370 62839
53605 83551
38672 69341
66978 87936
36152 36422
21294 88548
14436 53449
58754 83859
63207 75907
41786 52833
14900 49695
33606 46941
29109 35546
14951 40531
78666 86253
46460 66954
12950 78741
29219 89922
31362 73832
37434 78252
46672 91664
8600 21545
21837 43238
4924 95712
37820 71350
35749 46803
3673 8468
133 16003
49612 92867
16315 29195
53832 59457
18173 94248
44382 83302
6969 89900
67920 80911
11298 95431
3832 94716
45678 59384
32671 62840
53190 91776
6026 63083
3342 20868
6176 6229
15065 51667
32210 84171
46304 60297
51212 93740
37605 86999
63913 91965
35731 42656
46554 51787
41110 60875
33152 58369
40331 69259
22124 71860
11949 41430
1876 20853
56481 87071
15115 52928
54954 90821
13602 79268
1814 17791
1793 11648
28090 87177
4147 25636
28149 39958
4500 43024
16281 68080
46604 56639
12843 68503
65491 92455
14464 16400
54036 61357
28744 64335
24560 28324
38578 46263
21646 24156
7581 49938
11331 69978
25476 88237
10975 91234
62634 81186
25598 94654
49427 91997
10619 27001
40445 91184
69433 75919
66451 74608
8990 15839
11134 32778
56805 75674
46802 66011
38012 85408
64222 76330
10203 36233
15085 16402
50250 86474
16153 79460
81426 92902
56361 88140
47764 75047
30309 57926
10301 51729
33453 52787
8521 91086
39924 41787
28078 81696
26567 49318
52579 94755
34975 58143
40906 70213
17799 58744
14520 44482
81180 84386
13369 88340
6325 23346
30435 75731
71939 84408
32959 75716
24683 50565
16770 19408
8586 91975
22821 37086
21974 94462
45528 95229
17634 65111
33416 78397
9040 87699
29488 80251
39526 65807
31979 65865
64351 90919
32800 73209
44318 93484
35061 69820
14099 72917
72790 86953
14923 78446
27101 71144
23540 34940
12076 84488
36673 71607
33209 90198
35096 55115
6369 65595
10885 54999
38860 43989
41714 90175
22877 54838
50846 81628
51806 59285
85916 93337
59814 76986
86183 90325
41643 47746
33198 70448
31056 45334
70586 81747
62444 65839
83972 88762
2471 2688
15376 91670
76707 78924
60586 78221
30870 44803
20808 89209
15972 71803
9052 89942
43826 95293
64675 69409
5598 19393
77292 84232
64089 88033
80170 81189
26627 39129
48681 75597
11924 79597
813 28794
5501 83211
32925 54242
810 45669
28772 89950
6919 19709
26810 55426
24850 45840
26462 95611
69280 80929
61630 78014
22361 92412
32313 53062
18069 19543
42057 59426
49778 88387
48777 58974
1100 83261
47672 83173
19594 20601
59235 91932
16065 55335
1535 12872
5528 18646
30430 59102
25445 58130
26776 61506
27797 88253
30448 64326
37617 62327
36847 91021
8540 75042
65104 74622
664 10081
33980 43883
30513 53440
80507 95134
22663 91379
2860 82371
4189 91197
27785 94836
37315 94521
14762 28147
18423 61129
404 86809
38046 45319
51762 81498
67181 75852
20222 50185
19429 68606
11107 71560
38497 87399
49383 89824
60120 80977
53351 57746
1223 55728
74083 75652
23717 75156
14750 88771
24238 86743
24036 60890
32870 34274
35803 81931
62561 68703
4725 14553
16408 73619
28767 62815
16431 38158
86277 88677
53148 54712
54778 79008
13897 38347
577 41967
32221 92474
38584 51467
6378 79719
62842 66568
43635 92903
19294 77344
9225 9696
16776 93809
6777 11608
64089 85357
22185 59138
31979 67084
6129 20610
22361 77053
27573 34728
29804 72016
21175 72156
7970 11534
19661 38292
13655 40384
21985 57682
56633 70942
31405 48197
6701 62913
47330 85928
11434 52326
11332 68976
22738 45645
72218 78697
60566 78205
23425 37919
62082 65777
31418 71839
1685 36529
32655 84320
17455 17832
33273 89058
11742 24918
3515 62050
1638 49472
14169 90896
35899 70268
41924 45275
14766 86035
32375 75739
34248 41892
30723 49153
18326 77589
48519 51387
36464 42136
28760 32479
35450 54178
27709 55440
12047 70043
49396 67447
51352 81797
1689 58444
2784 69705
28677 40632
65403 90044
7825 14060
53823 69352
5877 34729
15684 93646
21740 77232
29405 68162
64718 78505
48265 56773
4328 73092
67239 76532
33110 55712
9402 29868
55058 84973
19133 78180
18296 46472
80856 86849
24228 51956
16516 52014
40313 89505
43666 53141
18627 26771
70234 90049
5803 19473
1114 18831
29913 76452
14060 55881
42734 83445
37708 43221
34719 53651
38729 66089
58474 71922
34635 45597
3227 43430
18160 23801
60802 81194
70345 80977
5835 19565
50920 54503
68061 68096
73839 77095
47183 80334
36493 66891
24134 40245
31564 39194
36637 56355
17104 30361
12269 70308
35192 79647
58867 73832
57839 61627
2094 29162
45295 89464
30192 39746
80802 87915
8909 51460
46527 94571
51755 75955
28240 65913
54225 62881
80689 95455
26173 92671
18096 38955
5330 36352
27118 53871
20254 94798
1770 94520
26372 56830
54378 69999
31239 65960
15034 47898
68764 90008
19382 24660
13188 92269
21323 30532
13103 50277
81876 88174
1120 82346
6578 67937
45195 61136
49329 56899
23032 67846
37034 84846
35345 53287
84769 89524
23247 82497
15787 60530
9150 54775
50817 62932
2624 56397
59506 73002
41446 91023
74441 76612
40835 54675
19920 21397
23713 26347
76590 79273
325 69779
7609 27154
40605 50280
65798 77572
17582 44405
8071 52883
33961 81401
11303 63816
27818 38211
17176 60440
64768 77627
16491 61599
77006 89949
8559 89553
24658 83272
3590 37575
16548 65021
30731 76303
5522 67079
19804 38488
19731 78880
60606 74883
86848 89859
11648 76573
31793 53833
65530 78835
41323 47254
31863 87192
8088 67295
12433 66191
11469 67654
14695 60623
28337 64687
7865 24179
33273 55259
12486 21831
52370 86431
33453 65243
22884 74803
14308 19727
587 80875
9465 21088
10165 24745
15799 54214
30080 35269
7907 83194
23247 44135
14263 39930
27367 48562
22346 81728
30173 38225
69324 87297
47708 65048
72787 94144
83982 95410
51140 86727
49790 71328
30622 69701
6595 29067
16026 30452
23039 26903
10593 41903
17128 70542
26683 93080
15957 89913
6619 28032
6692 45735
69019 77745
6826 88667
7814 58504
38345 90613
15352 85489
47624 75929
50753 90175
10766 42416
64569 79405
73771 89496
4342 52984
22825 45653
35721 39109
35539 46838
15923 72202
44123 55028
17173 83643
23048 74739
36603 79681
12216 23449
39570 40844
4010 44388
46962 92963
77112 90283
16868 33900
26481 72014
18110 50278
8 31600
19999 61379
38934 44470
17035 64815
52514 95106
69218 70700
45587 48472
26049 50176
2625 13958
49040 65365
34606 86937
2767 59497
57817 58547
7959 24555
58683 77356
48793 73353
2512 16256
9476 87781
9722 81587
37742 87230
5864 48397
32518 82689
9969 93723
49324 64629
80589 84021
46070 75429
71101 88866
26092 29102
25254 87045
2817 51461
8414 46418
28916 48193
47827 87216
36307 73040
44026 59428
40285 92395
22636 55997
47484 67487
16998 53196
19578 83418
56732 77820
55209 56335
50799 94016
61279 77111
4149 87729
51987 79228
37707 43987
15662 58290
26863 71584
73878 77220
7989 80969
26418 78805
35075 75767
34811 70241
6155 28717
67637 92300
83926 86624
15916 81415
38530 47740
62074 93779
71851 79703
51188 73993
2055 22912
18772 23637
85535 89130
72059 86314
27506 42441
8293 51566
9663 39822
88718 95396
56666 63496
12829 90600
90995 91298
8448 37357
43212 65623
81007 95311
77127 87483
14818 51977
8799 53702
10594 66173
61559 64863
15279 56340
46137 92067
15078 47431
17651 95312
5935 63245
37260 62712
10250 17039
6674 66396
25789 37868
14116 18050
48759 53331
32430 71304
13409 81401
60651 65118
3361 68400
26393 48858
15193 41977
74709 80352
31847 77825
31841 52864
12197 41310
30938 73110
39028 51712
33940 37404
5530 65541
48887 49910
48404 69456
51530 55443
54474 59557
14391 16901
17639 65553
54159 77789
16891 90022
12998 14857
66363 76355
88974 95253
9012 67244
2733 39437
77244 94295
25235 38996
27984 69522
2802 9957
17813 42616
33297 65693
6782 53755
16049 31504
82037 91523
24129 76280
8144 24853
32731 86889
2639 32973
38719 65386
75254 86524
4297 25986
5954 93419
50433 55039
59646 93523
31363 84785
7068 75685
21333 24177
24647 41351
6461 74945
9816 72212
28125 51062
23884 52045
5885 10851
25419 49208
79837 82446
10983 89499
62445 94947
12464 37989
21795 33674
58062 79502
4351 85794
27307 50153
37713 51852
53611 74336
11137 76964
5568 63836
39772 78644
33699 34454
47711 79973
569 34586
29264 79393
38741 86451
52366 68964
68248 79148
59298 67378
6516 31061
41470 69922
21377 51322
18670 23561
63945 65900
24630 64669
61235 89173
7157 60089
6892 89496
66800 71344
36294 56549
24048 56665
18139 92702
57028 93654
60060 72899
46458 87422
14619 43270
13953 84940
59199 67247
43391 51398
26578 65822
31375 82398
9541 42641
26261 66250
45658 70449
17451 88921
6638 47719
35651 70610
23089 43170
38919 75572
51974 82514
38093 89919
47343 64734
33478 55324
56223 94129
19093 87245
41650 41836
83641 86635
44852 51795
16308 57834
16640 54624
73660 75806
37843 92043
11220 85250
30217 71493
27750 67117
16934 30947
3781 65798
56476 69851
4835 60990
5940 40155
17045 81709
50279 68778
24917 46695
50864 76487
9721 94709
53948 74986
40886 87561
42648 72047
18257 91753
26789 34834
25786 81074
6108 85045
47325 55722
46183 95169
3696 33191
44099 92420
46902 73044
50610 59120
66514 73512
82208 82354
56969 88104
6797 37417
61917 69221
46037 46308
10079 46402
28576 58784
64705 85932
21789 94661
50784 85060
30038 41962
14643 78647
52995 59515
34931 70408
51720 58555
34190 56723
44146 74487
5002 33479
56988 78837
22182 33387
58314 70356
61538 86649
24720 79492
8395 18552
15992 64490
14145 70543
42597 85251
28902 58862
47342 94231
48891 55249
6001 72448
77671 84083
6831 44406
5885 49113
30285 44598
2135 31510
7363 13183
17805 83705
48358 75732
14421 68431
590 32264
38741 65533
43688 48214
38477 51069
40741 91798
56138 68280
18920 19862
564 90082
35509 53716
36112 89562
11591 84380
51270 95232
17922 49909
45184 73243
20559 80468
53089 68495
17861 43417
14111 90142
13350 83355
1108 94413
34291 75628
63175 83936
34781 48500
33912 77979
8770 39600
4071 86508
47504 71628
12608 49601
36927 94214
8047 59728
43107 46926
25919 93004
23854 94944
1449 94850
18369 29181
7047 19100
16617 19761
65643 77875
41877 57973
78243 95114
16535 48317
34488 43692
68435 83730
27650 36462
32069 59657
47283 59700
58790 93721
27142 77246
7481 28709
26733 81014
2797 75515
48897 94531
21187 66091
2076 60226
6259 30151
39243 49436
63594 79240
54551 70707
59977 74705
14695 90871
22479 69174
23041 46382
1831 13330
22114 73030
24269 34332
5903 81254
13513 17432
23191 38763
21756 28655
17007 71741
55474 92100
25117 77792
35700 74488
18292 93290
23988 74706
30105 46157
35674 79890
69754 95133
33573 86088
30875 81525
64701 74064
3592 34478
51698 61212
32469 74157
6407 28188
10812 40158
63260 87858
28020 86595
14883 25728
82583 90819
79922 87608
26899 33958
53109 94531
18606 21204
22997 51673
9942 84102
28982 30396
64052 91045
10242 92559
9639 48761
15000 51511
18007 82093
8363 29763
28583 95017
59590 88303
39845 80819
59080 76229
32482 45625
8643 27092
16770 43360
34747 71422
6041 48244
2536 86003
24147 90739
16071 42425
76838 94831
21698 72179
28176 36296
36365 45926
53411 85537
70165 73114
58752 75869
39779 73458
4520 78839
14613 69755
16823 82926
49315 59219
2711 67368
8913 94995
68296 82650
11300 60087
17498 52265
56944 89642
29254 65773
24687 83955
42046 45210
52121 57247
68190 68200
67746 76970
42702 54624
72573 75135
5905 21726
8914 26959
9090 58342
16696 35370
27820 36389
86023 94924
16428 92377
27988 93643
4673 79802
86364 93424
16927 54328
9597 90571
72562 84065
7983 86267
10580 64165
477 94884
8564 13315
6910 80144
58942 76778
19837 40949
8772 70064
48457 54747
23218 77489
2222 66956
65134 69211
39733 78667
31085 41379
59809 64464
11254 64331
3470 44284
47126 94392
77612 90891
25287 79332
52801 57366
9761 79129
76440 81212
35516 42641
6779 67370
65239 85703
7074 79454
5461 16651
21969 51805
24373 25711
28409 40118
40298 71227
48848 53849
58960 71348
52147 74270
640 83472
51530 61396
61887 89167
4586 94205
6073 22051
21092 69177
28771 48304
6076 12203
33924 85620
19775 30637
44404 89478
23191 68094
26400 61207
46345 70748
53289 76374
9975 37600
5028 37474
17974 73381
16235 60825
1732 22246
1179 55578
29395 89556
60405 74950
67477 69373
75388 80105
38050 52702
12266 91471
43573 82729
53442 78752
67418 94896
68110 79533
32526 85678
61705 75181
40503 51262
29934 37459
74038 93821
13302 54361
90194 93805
24784 47957
7995 77580
60600 81324
46348 79782
6926 47494
31145 95711
71858 88741
20597 52528
42273 84045
29960 49492
30212 92881
39461 70562
55009 84026
6787 35622
26230 34370
49368 68799
5581 57440
26986 44489
57644 64444
18424 77442
2094 60412
25346 80476
24757 36845
5789 88071
6595 11213
32243 76408
51004 65627
40195 62274
8439 94942
29644 46799
31801 39653
22077 30652
10053 83151
19913 71856
5072 16044
57874 60946
48264 69921
54773 90899
54636 91666
37227 57692
27362 70631
13563 32409
54941 57407
6758 55551
72994 85588
30550 45714
12875 59534
31363 69153
67463 83062
211 76417
43610 94108
36836 49130
48412 67325
26660 71067
5967 65383
20637 63807
36009 82932
31789 53127
70527 90652
12880 44078
19123 55248
19325 58872
10071 80920
30320 43494
31317 59404
19242 44760
33634 52005
52441 79594
49571 76536
11996 40827
11414 51117
15038 87002
44412 85578
33657 41685
39188 88220
17134 30770
6129 10771
60000 62987
31899 75070
15268 27066
53041 68693
52470 55983
2226 16092
24368 53657
76222 77297
37391 91815
41690 51383
11308 40411
46869 93972
51756 58286
29797 83780
19433 77619
78205 82453
66880 70579
10208 62335
9193 48468
22526 23445
26967 65957
2243 75077
2345 2736
9396 73485
54523 56238
72560 86977
1713 68111
65490 88347
64462 66770
72506 79939
3476 73865
66544 91946
38934 43855
16378 22250
22231 61171
19452 68416
12073 24395
73853 89937
9663 17408
20827 77123
33327 91223
64578 83459
15317 28347
5946 12578
34626 83487
24208 52260
44492 86590
13138 19375
20433 78006
34619 86164
13829 46202
25929 87344
11258 51702
8206 39314
39185 62098
29710 34601
53874 58605
32559 51319
11063 67497
74472 86682
29429 34412
29012 82778
93179 93697
63625 69541
43537 46945
32862 35676
3671 27282
25603 35536
70386 78425
34755 54485
46109 78618
38730 90902
78946 89699
4450 64384
6238 78676
85974 94756
2286 32522
36119 88546
59555 61098
46483 92291
53546 80268
1937 47092
88603 93341
35824 51455
8686 14441
20012 83578
2755 53766
35176 69691
53915 77465
23318 63975
33900 40289
22796 29859
53890 89129
35504 74702
2462 18845
11819 29881
2156 13445
39150 67371
5378 56731
16001 77108
64783 73286
16295 48174
3200 25698
23865 41668
33047 43464
31460 55749
4739 71336
45317 48159
26702 52687
44808 55323
47630 90467
49394 53143
31711 72061
56899 72782
34781 46988
24594 92112
35092 58270
48259 87662
12139 25939
1057 57119
28830 86731
11058 50847
17886 91346
5900 44482
67263 68543
9291 52820
18006 86294
15988 29356
25513 39440
17213 38441
30207 53461
12310 85663
27974 62114
60429 63221
33271 44266
3877 45830
8743 27604
73637 92708
9478 14763
62397 65681
71837 72615
14854 72949
68598 74525
20023 45512
49494 92738
52255 80237
21120 55458
60290 91063
30987 33461
13803 42961
16810 61991
1723 65914
16987 84554
81360 86100
12983 51034
11532 23973
14272 88049
1250 85555
53949 77333
9693 91970
54481 89691
74377 93473
42003 72441
17231 91926
34027 41209
20733 35712
59012 64734
62439 85219
12043 39081
59110 92606
78989 92851
42550 68251
1461 48832
6171 12346
3847 79780
8600 74851
24046 34955
12617 84467
5367 7014
34708 90062
31954 47596
9203 63143
8151 45122
26976 77683
30128 90210
13173 55215
998 24943
8116 46211
241 82316
2834 41197
30207 34900
6907 45968
11753 68595
24534 81577
5898 7000
23887 39299
42392 68299
52809 58029
4952 45234
46157 47163
37374 86935
12235 64596
6881 9478
4145 15401
66299 80704
1530 71579
19653 57507
23294 50465
15403 53118
30126 83863
11689 35964
6276 64309
79389 91680
28044 83763
54664 59992
10817 52872
35143 53063
44442 92318
13143 75890
13140 28459
28070 66080
20426 60086
27956 85281
16502 46615
24727 82192
72202 75371
3659 10310
5916 86982
73199 75977
11631 32247
4335 64725
61760 66602
13562 75829
10536 21095
56794 72184
31640 88444
12847 73038
4968 19922
55555 79799
24202 48713
77486 82834
7563 58917
28435 43709
38408 69818
36313 37335
22590 72732
5808 17710
75174 85143
26733 85811
32398 91622
60375 81259
4541 87364
25002 88188
53242 86662
46138 50410
43629 54241
31768 55260
9032 60911
51397 56866
39772 86966
48815 61403
16293 73580
15894 52805
21099 80316
25664 72492
76419 80163
26805 44250
37492 87589
7357 42782
58803 66668
53742 79231
32203 47659
22925 47308
52503 62419
26209 33472
34503 71244
44398 92602
29671 50957
8958 52459
23346 49600
20551 83875
60973 93627
46061 87326
62823 68030
1240 50586
20816 90570
15399 83323
5234 15583
17640 88088
74450 91249
30622 78184
60197 66508
37999 71075
61657 75800
11286 55566
77454 92983
16087 27724
12743 17359
4047 21601
5572 27407
7576 19328
11858 30489
76185 87225
30072 36793
14380 41872
38936 48135
39816 94955
3068 14643
8186 43222
56468 84490
66083 84658
10022 83216
61130 79299
53378 87292
39032 89494
37108 83635
26586 59797
66757 73073
21597 65490
26732 72545
77155 79750
53257 61154
44023 64895
75444 93173
41263 71229
11231 83264
33013 87271
21122 60897
10985 12443
5793 23676
36670 51826
15003 77322
21965 39605
34641 65641
54656 58631
62373 89684
933 5651
51902 57143
15267 82012
937 83517
4752 85532
23835 46374
15639 25054
44291 68617
35790 41589
47996 78836
26943 63011
76911 80912
22904 65239
74658 78205
4482 16397
37816 58758
72447 85601
13237 72688
9037 46142
24702 33364
81357 83795
983 14897
25225 75903
49948 91982
24709 46212
27515 37767
35156 50995
10838 53152
58912 90225
31939 63732
32450 84395
17612 57853
91591 95222
21380 83804
19331 38245
20973 49386
24788 80866
25487 72322
69678 73153
4730 65341
50657 80890
63010 85797
12283 81696
26278 88875
19551 89507
43352 85057
13355 77008
9957 15853
2784 18825
22787 85994
50147 92632
28648 94100
31385 94976
69606 90792
7787 84175
22241 65140
3205 8284
44408 58357
61080 76654
3974 6468
21915 84750
2458 3023
39875 50136
17020 45502
45067 94096
8979 92128
28025 59542
61747 85457
81428 86145
3392 34016
55025 67905
9670 39838
34120 85542
9663 57822
16368 28771
25701 73433
2712 81160
963 76269
20032 37566
26457 92605
46237 71496
20796 24849
58180 85899
15265 78698
23749 94922
24901 44677
18296 41804
53879 63278
60238 95106
5337 8155
22229 54505
4592 58072
2961 71692
48080 91894
3081 4669
27686 91970
3590 69800
76538 92558
16109 26194
8957 10544
26483 59441
40002 93327
16148 58638
11256 69216
28076 76385
24866 36389
6014 12500
19226 37316
42015 91286
10446 35764
6169 47453
77313 82013
79463 90878
29143 34715
34921 63795
51714 58325
46692 48120
14003 80940
59059 77096
14082 22273
73196 84127
32490 33129
50454 69273
55180 85695
10456 74982
39705 89788
42919 90984
11223 20412
13771 88569
5555 53702
2260 65109
16113 67956
72239 79320
4225 55176
13651 60590
21954 50899
23458 54887
9845 48772
21433 54938
15643 59996
4143 18372
6240 28400
79056 83611
11695 15093
50318 68478
11961 32075
86809 86858
38150 49132
30356 77076
992 76906
62428 70573
51304 75215
29482 32649
11653 47330
20766 69576
46094 78744
13147 26094
28900 85154
6799 75100
15226 57309
12663 56907
30919 71885
46314 76036
19540 42222
36057 75085
2888 75284
4717 31689
27747 76250
12738 72329
770 20119
25269 61333
7787 22154
10098 72503
53961 81902
28502 64421
13459 95548
33606 83245
14131 44983
16050 86227
6899 16040
739 94239
21606 87817
66498 82701
54123 90573
26320 76567
13829 73505
17278 30417
20040 77666
38470 40017
46468 84100
15348 40521
6932 84214
80385 90329
76774 88986
44840 93304
14343 67889
2119 53880
18462 56630
12910 35783
7004 49458
32485 59685
4232 42982
1546 38608
39758 61683
12755 87906
45558 58549
17736 94145
39239 51943
52750 54158
11933 58056
47582 69642
21475 94055
68484 69519
43281 65262
48390 76969
3872 73225
25338 57021
60104 83226
5004 78170
5479 24101
17540 42862
61161 92604
20082 26321
10421 57466
7209 16862
37670 57974
10033 40620
81857 88307
60242 86313
42319 87096
20137 33690
60004 91744
47764 76864
13020 41765
6337 42451
8571 44295
24283 57440
34226 79968
17212 40665
24787 61054
10669 41440
20162 61335
4326 51597
39211 88733
831 47124
51723 68026
61676 83288
31867 37225
3003 78156
13334 94815
50423 87394
38306 66345
48964 81356
2328 72394
24349 25550
81190 94176
10747 18559
53894 58717
57380 89353
76173 78575
36963 42512
49108 85649
44914 85224
65231 68422
61836 88222
15289 41829
20215 65023
39845 89990
52429 90777
10922 85088
53568 62405
56319 81357
4429 67986
542 57566
25121 88486
38751 60247
22599 78829
15795 56057
22665 55087
35399 65659
69282 90440
34922 92632
91066 91739
73288 75983
37760 84641
35469 58237
20822 36906
49634 75044
12620 25626
77729 78316
24167 46364
6755 86963
56043 68782
21305 94523
14023 22199
29733 73058
2914 85213
68313 74606
19978 68783
27295 28311
21812 92024
37281 40620
46383 56945
31645 64035
61563 95321
9839 27808
37850 84205
12247 54944
34080 81130
22229 66431
13696 61279
81824 82329
62266 65874
31811 88170
36038 57227
23061 41928
69704 89165
3281 62444
46742 54292
77099 87915
8077 25937
34497 49484
1578 83370
2555 78350
23551 84531
40270 57445
34414 69503
31290 40197
46727 68666
32511 74209
497 28092
38989 67039
59532 86179
71953 81077
44486 65974
59022 82092
89383 93773
8541 58124
29956 41937
10522 65768
40226 74550
43557 60648
23985 67560
10510 67873
17715 67383
43876 68521
27436 72453
4831 69157
6566 93365
58172 73356
81707 93834
18533 18667
58996 70484
25454 70670
9901 58038
56490 86352
31508 76465
25359 92689
14673 74179
17591 79307
23071 80778
342 4838
71262 80190
60145 74324
32245 51347
23925 91059
62907 75270
53353 57901
13389 73855
16931 48068
19379 28632
2011 32388
32939 54137
55817 84952
33551 77048
39729 49198
68867 84593
26532 77873
8649 67997
24896 25921
4679 14891
36134 37845
18943 68264
6797 86067
68169 68353
71025 88748
54386 55267
21209 74929
6436 85005
15826 50484
18888 61874
37053 80416
38004 74436
31231 87387
20257 27061
33783 62437
22685 68014
35291 44246
24751 65980
50534 65116
7972 51624
53898 69142
4849 84627
23970 76716
42331 45000
54966 92773
45948 75313
65470 92679
17770 47000
7769 64059
45041 80050
18219 54387
42672 43584
45309 82738
23639 54588
1905 18956
11414 66523
58604 85083
21003 55364
45500 59738
42713 69661
12700 73881
21359 28414
67763 92670
3709 91841
31550 84597
11203 65601
70765 88163
27588 71994
51029 84337
75457 78485
30872 87019
12566 66458
87115 89587
43752 45286
10368 53994
9168 51958
6194 95013
12665 29404
11764 59844
4732 19040
27517 40044
1198 34050
52385 85741
27501 34679
82276 91232
28338 39531
29426 35025
28689 89323
5659 56115
9907 17282
4310 41209
61444 84872
55609 88639
24491 72303
58451 82123
20670 50708
28975 68758
29254 42719
21906 29946
78845 93779
24714 51272
57387 93127
45966 63267
26871 51829
67902 80142
65496 88565
40123 57510
13527 49066
29326 71969
72932 91001
88283 93262
27611 48896
35297 65490
8620 39670
19631 66576
63413 76236
31015 69159
42784 58808
80409 92602
1212 44217
42772 65392
74696 90676
79369 85123
25430 37518
64939 93884
14752 29316
82317 91420
2000 68424
73235 82124
13484 39570
16062 29325
41954 59397
29210 73727
41740 64818
11269 80231
1059 32720
5149 35457
53342 64034
24739 87593
27904 63812
20226 38840
16086 42275
19050 69299
77329 95422
29908 87373
18770 88546
4330 26669
57928 77402
42005 54894
25157 41870
65239 82293
89682 90654
18370 32282
3404 38944
6633 34078
40279 83705
69116 70201
17540 75503
59852 65807
29996 64181
65212 91272
20702 51879
42888 51570
15411 34904
84087 93633
29085 90235
27814 74496
3473 59532
23263 28132
38125 41137
3653 63860
18050 80480
20058 71172
48407 65346
54435 79316
20755 52311
37666 87782
46094 93148
4707 52987
54692 59471
41145 79726
90578 92275
30734 83792
2713 65448
16066 17799
28981 38271
14186 68468
59090 60743
51858 74571
24746 32278
21663 43634
7112 28241
16615 64637
20203 53673
16036 26262
25584 43903
63479 86089
17883 68496
16320 20397
7094 82017
15681 89837
28470 88030
4297 74615
39360 42028
10080 63043
11896 53033
21632 30561
35677 42955
9948 71034
35744 61461
85518 90261
35658 91475
5494 29414
41655 89739
37050 60823
3805 12785
40333 69706
38643 41260
86464 89044
34719 61121
19186 80295
26630 40031
14645 53996
20312 81642
39177 87490
4004 58718
8731 75261
22261 25152
8827 61955
20937 27259
10912 94065
41764 81162
26338 36780
45950 66110
24915 31325
30750 77017
15408 86649
46599 81737
69848 86486
6559 51598
1821 26001
14958 28802
19047 83726
43530 92002
5688 83941
12086 50655
22349 65792
7515 30899
11749 82668
176 50585
18710 81470
6907 94959
2701 46503
2237 25826
2023 51973
14310 75894
6038 38908
1566 7182
42891 79340
4344 13860
71084 77626
21501 86473
29263 43912
17291 31732
64863 91984
27774 60491
27216 41032
22780 90986
55690 72333
36389 36530
36407 83868
23607 27660
45345 92124
60610 77608
36771 71339
2913 84387
68796 80440
19331 53771
67402 72032
2885 24625
24352 76538
62172 83765
712 94549
44687 77119
3462 67861
7282 67150
11763 58732
9861 94678
34702 86089
80040 83544
42933 59501
25144 74180
14924 32656
41567 79112
58425 62793
43062 87538
55410 86370
60447 66257
37213 65514
29452 44561
39373 87430
66432 88154
2822 48740
12608 63639
19552 71265
21825 70031
4287 6765
37468 59729
12664 69902
40049 52717
12209 18178
11338 85661
74785 83806
4263 29741
43038 81172
41999 49428
60168 71180
2888 37407
24932 84499
72329 78332
47677 58429
1557 67106
13543 86989
25449 28531
53876 76557
59791 80876
5172 32821
13247 20841
19304 68018
2747 74619
31528 87314
19843 79486
45685 83561
1569 77350
68858 84077
31896 59520
2584 93086
9002 14273
10806 20138
64552 75955
62427 66949
2850 75298
27256 51758
52542 72509
2448 40904
6669 43451
15412 48954
7146 15300
41224 43852
14499 84733
12144 17064
70563 74916
26113 74385
3891 36649
13845 18879
75056 85079
47165 91772
15379 49151
1099 4310
7991 54483
11144 44258
20079 28341
29210 47375
70677 71295
39413 64888
59090 78986
1008 16927
14178 14695
9352 75334
31757 48116
30734 60413
37059 66216
15239 86118
21367 90746
6410 26981
2943 70808
36158 71238
13072 41643
9717 50669
19422 73475
34696 61109
20636 66943
31299 63965
34668 49621
42561 46731
3664 32318
1808 68028
2636 30280
10920 55914
76674 91141
12359 93264
31685 31862
77459 85753
10834 39165
49983 55191
29718 60896
69353 70094
2378 78299
20965 95219
14035 37288
70058 80425
46610 60204
5832 38393
45419 53299
58582 85119
57243 63551
69811 94410
56122 72102
30072 91429
61483 82614
40803 68946
60161 88820
8430 58210
3794 28109
59238 72832
40082 61599
36560 54785
1685 29623
27220 49475
61345 93092
15503 79547
24814 27233
23187 59104
39105 69633
63949 76285
52579 59810
16269 77423
19326 57510
44978 63466
3533 49662
29965 38090
26694 36901
2799 44149
58989 87072
23516 67131
33068 46994
274 47670
30505 77006
25699 52252
7797 28012
13739 68032
1659 2532
7479 43398
43317 64757
54985 93118
37855 58057
33232 93408
24410 28626
25610 80639
7936 50855
14233 65347
40572 47845
63766 92650
45291 51966
37498 82725
54729 89689
53924 66821
72777 74895
15551 84603
6819 7820
20502 53806
39016 42388
54037 56539
10754 31215
60777 91046
11463 39964
11391 16128
40120 80836
3974 41031
53832 65604
31651 77852
24209 41308
15636 32137
42192 73917
29466 79367
41569 79907
78665 94663
31861 67823
51122 83226
38936 91972
47686 50882
7976 26474
59499 91151
38256 38762
15457 82883
31469 86148
49182 89211
50560 86255
34390 45822
18226 84170
38327 51222
30091 49183
72271 87356
57572 94392
3178 26261
38984 85930
18580 64210
5372 54117
53149 53228
17316 18864
53059 79059
11356 59264
25909 55964
5266 34036
59910 83266
37313 72050
64492 68822
31752 75796
22639 49981
27529 66236
4783 77774
23520 66410
41772 44862
23876 90982
20491 36790
15831 22196
35440 84747
8244 74760
38010 56736
26606 92540
2717 58987
57052 65325
13295 67334
44965 53269
89454 92568
18099 23878
9130 33750
4366 33344
74685 84131
19096 24355
49725 53336
2164 80294
51018 93011
31838 69023
49442 53538
53669 94832
42265 86159
9716 90876
17044 82413
21201 58362
19127 53839
30063 36514
13878 87513
6945 50928
60717 75037
19536 66158
32051 60230
43869 53090
49770 78866
31304 81909
23992 94192
10314 53408
19401 84253
57746 86313
25145 60386
34216 45635
28992 79158
39761 45313
6542 51563
79662 83749
1812 24030
14868 61826
305 585
25534 66889
17970 34306
25603 80409
22563 62273
24083 54210
73669 83117
18136 56756
27004 86172
19723 67795
68318 74777
22823 48562
37802 65733
25750 42465
47473 75329
2442 31106
30431 59494
42828 75543
10359 34275
12578 20104
26913 93530
41727 60572
27692 62408
78812 89200
25098 90445
26346 67543
75476 86447
4133 15142
990 78027
82722 89147
3081 24198
40691 61527
11007 49037
5096 21736
82642 87851
10094 92294
21464 92519
48036 69639
3989 51506
49739 68787
38298 65238
7738 85609
82673 86735
3993 12868
46536 57076
18118 32912
28142 94466
32736 78797
70331 71824
42593 91304
54377 57612
37873 88509
8975 68572
5777 55287
51986 77280
15601 53087
2755 36352
75370 92406
9955 58370
33664 55450
53560 57312
18165 25401
18823 73217
30344 85967
53074 71205
67457 86165
62536 77740
2933 19893
6718 13847
39754 54044
6576 59396
10314 65464
26343 62293
24963 34308
36550 59420
74405 90220
5456 85690
18872 93121
14058 36692
74932 91384
18084 36381
75229 80889
40855 92820
3536 86050
14729 16156
40873 66184
91124 94866
1685 23804
13986 69068
30978 42557
38206 81249
67959 81670
12548 34365
29223 68673
14449 43276
28106 30241
81404 86655
19994 48680
32851 45057
73559 93672
11691 83744
18409 82077
41940 64226
32805 72959
28420 89987
55373 70176
28202 44165
19913 59546
30434 57519
10619 78912
8589 40761
68267 91441
28910 81144
14770 92682
25043 64743
38358 51395
67088 67932
42021 82743
41380 83974
66205 92608
10368 55878
40355 53319
42492 90781
45900 61139
6538 12571
56146 67048
36416 88938
19737 32566
16726 19816
53700 78851
20420 70297
33731 53482
75254 83408
38127 86074
18869 32526
52667 57943
34395 52625
2884 55659
81910 83477
55596 88698
24058 24106
17838 45726
13255 72914
1808 82498
11197 35315
68120 73405
60578 90507
69950 74033
57650 95110
16113 50528
26890 38958
36505 93107
34898 89299
10434 50424
5425 22104
53417 71322
46694 91746
60167 66197
23102 47950
5111 18160
25615 88067
9650 86517
21093 36341
4875 76524
69439 72768
64876 69852
16398 48352
22807 68395
57614 59960
22660 61371
360 4729
40588 65321
9946 56023
9743 29664
4176 53846
30407 84766
1095 58781
11621 20933
28791 39306
55978 70452
6482 22296
40408 80703
25160 65260
20222 70516
39530 69582
66933 74443
4650 55100
38703 60941
28110 40016
2098 51359
77410 85747
11889 74822
12514 25804
20071 33274
19547 73010
60401 61583
4381 85602
29523 44426
25622 51166
30453 70239
57602 76464
49933 56438
7018 69488
31690 46508
34672 85831
2430 5112
10437 64176
2878 9732
2142 3799
31397 64083
5912 66982
28999 67970
47511 88422
39796 40058
41757 58503
31804 34003
43773 57205
53753 82245
76202 95354
34805 76589
26541 33633
21676 95300
50178 75276
14595 20126
24472 51396
3264 34639
29384 50867
26638 91564
27489 80598
4310 25928
43717 87057
11734 30620
54852 67813
86002 90892
43695 86223
12231 70848
15779 27068
32370 55692
71616 91791
6291 39592
70895 79655
86619 92372
80159 88879
70407 94416
35438 69228
40667 78125
43059 51465
9287 31806
40015 85794
36429 89164
23723 88599
34560 93704
982 67566
38374 70695
288 60184
16323 67719
6861 58912
18083 53161
51802 56872
19056 84552
64566 64967
15642 38233
66370 68189
11576 40780
26286 88151
27111 89456
1036 86866
49385 56441
19724 90820
36369 81907
29879 41213
35542 93533
28226 82382
28587 84085
21086 79329
46982 56689
54572 88356
24737 59886
26211 29088
9202 12760
23318 41155
29293 42863
9501 42090
48861 63210
26127 76075
7262 29854
45087 90445
60723 67746
38837 58691
2595 80079
4941 87915
6802 62929
30705 90758
12753 53221
70669 87522
71854 78628
71291 94226
57079 73218
21719 29767
9944 23584
53849 62339
12197 62187
199 54403
9466 56355
16964 62540
9538 37789
47296 86980
24900 39074
64080 92349
14405 91619
10209 80049
7308 43110
24676 43427
17766 20712
4814 44764
88890 94584
83116 95524
23928 80363
49264 63397
26659 51840
31209 48485
15011 67784
24439 39403
2901 25773
53001 78743
31736 69795
46396 53309
52986 77864
14760 84062
9298 95596
53674 72583
53030 88278
83729 91511
61827 69893
37020 39067
7963 46842
26321 67236
12011 64326
33004 87413
42318 83565
21259 46530
27011 90654
50601 60862
25004 53564
2882 26127
73022 76126
30892 52359
73869 84964
65564 65988
48248 54272
3666 84251
10034 71306
41813 52220
40968 79628
48693 58362
28905 45391
18464 45497
43388 75208
35576 92002
61579 62043
27325 28426
64326 74415
31784 66092
27390 71150
62124 89447
21359 63090
89449 91271
78792 85211
16589 77148
8776 78592
30587 47067
53363 63913
24292 46667
87738 95402
68644 85920
24486 80012
36360 46356
26516 93288
4364 36097
74123 93290
10281 76366
50248 59507
13501 66806
20776 59333
80072 95481
44778 89516
75852 85580
3696 44443
64161 77400
58905 87480
68778 92180
42387 51022
3705 36415
14855 21248
56853 93224
6881 33703
22669 31662
62163 85170
8736 90871
16181 26931
413 14236
67535 83047
15037 23404
25637 55019
30603 64239
23122 47220
28743 82992
67263 84602
19824 47385
19257 72251
57968 88417
879 1324
58908 93666
15575 61261
68652 88772
12591 15505
44512 44980
46801 67986
34286 65574
11255 16598
63377 71868
9461 14341
10510 72532
11311 20002
13720 29113
10882 76303
69965 92095
54012 80956
13658 58954
37318 37969
7273 37849
58389 68147
14744 59809
142 12062
7879 22519
5343 44539
47138 69221
36631 57505
31943 78168
9304 48151
4693 28009
92384 94000
60948 82155
14807 32215
51207 91722
58519 82597
77705 93794
96 10156
450 4418
1763 91771
15644 37463
13244 33168
699 61300
9667 18993
40647 63537
4312 46911
26732 78000
80482 82930
4353 11874
11128 49584
11154 38687
18508 42495
20486 91453
3965 5864
17321 61858
61973 82041
9946 45313
60795 90274
53675 67034
12941 66329
33236 50205
22658 29190
19226 63703
53134 92072
87818 91818
1330 24001
43397 44393
44752 74282
54090 94967
1461 33314
10968 72325
48018 53799
78921 85929
75711 88001
25389 62476
61243 90608
30546 79589
21341 75132
76784 95335
13801 28444
2489 31412
2817 40820
19688 92203
19602 63884
2343 68695
22393 22833
35926 44683
83162 88054
9098 59973
19455 42784
38359 45633
15835 39252
8723 48188
50756 76329
6799 69973
46281 85606
25053 35920
14888 23896
2355 76045
3988 76529
40852 62511
22639 35634
21722 70454
50477 70583
13823 50932
34304 49332
53611 72740
65358 95000
39758 71476
18273 53777
252 48347
17704 70846
8707 70776
20236 41467
4719 13598
67063 68333
12758 94494
24012 44524
11393 32106
45337 92266
4754 28221
8699 45623
19058 50261
20715 53083
60508 88033
44957 88076
49912 82117
45289 80330
68923 70192
30993 91637
55808 61334
36479 82326
80017 88472
14308 26847
433 66311
8357 95442
27977 48000
5634 88437
13697 75704
72 34487
44418 49040
22547 53001
36274 79648
1170 28177
53930 70357
53714 91360
44328 75505
17460 21769
80302 86101
16785 89228
60344 73263
36104 37028
9807 75538
61274 95620
63495 86005
3710 82750
9349 32392
20524 38671
44936 57378
58409 88377
20033 75962
14802 44572
79662 92461
24544 78176
17285 38968
63482 72820
38482 58895
13625 13948
4659 89555
13430 26158
37231 40368
22215 46587
8895 82791
44845 85368
39379 64607
70601 84018
6109 23671
1995 72383
39099 70040
9430 79774
22375 70695
46492 55094
22296 53156
3710 26540
1313 7880
26350 52380
17227 90465
31171 84884
76171 84979
58823 79459
48423 63720
48089 70781
50335 69794
48270 60616
57745 79426
44815 71891
10609 78544
57430 94906
35343 53992
56523 73281
24562 67124
53566 67209
47395 91201
17204 27731
25590 26303
44716 81637
13185 91680
33947 50485
57750 68644
10353 26975
3339 41565
49133 88701
75325 77870
16363 18373
30521 59402
17840 39214
65609 95691
11234 50393
9162 88072
68999 88089
15866 49402
19369 49900
70854 75388
279 34242
42389 94810
14446 51970
3899 52943
59344 61129
47078 71964
28129 92327
11510 44961
11686 43420
4817 80253
72018 74254
2354 59844
38112 83637
31378 67120
6547 69523
63831 71327
67125 93540
58765 77879
14614 85066
31821 42722
60831 85189
7904 65311
34073 67537
7800 61208
22651 24987
4613 81626
51387 72872
45940 57594
85693 88073
8861 63506
14230 27022
53599 75293
11773 55050
83544 90400
29706 51726
8074 74659
34590 48464
86021 93500
34169 48150
9710 14441
13559 41565
25013 27460
13276 15774
51753 56583
16448 92383
3244 11203
21570 70773
55831 95088
12032 20054
7606 87161
60084 63915
19072 68270
11264 88928
46759 71758
23594 88841
21869 67044
8449 60421
73097 73688
32031 94325
47035 84390
4691 54077
11057 70582
6323 93020
12568 54445
25611 79364
6251 61284
18462 31302
2699 69883
60956 91768
1450 13807
26288 62805
11856 71565
28353 44771
44555 53905
17744 69517
34670 78431
63151 77461
44690 86453
27712 38113
22697 24811
10499 63183
3034 7534
19110 35130
40908 43713
5078 79521
20700 80021
6001 86109
46294 86600
6608 20841
41624 81792
2264 59797
20793 61593
56731 85609
61181 61918
5785 21216
11397 27961
15303 69020
16077 37259
24745 32923
21663 23995
15323 66499
41746 64897
15842 65615
34544 81232
39632 74517
30032 94781
19074 68825
22490 55911
32984 74584
23483 31295
7261 32809
2347 57926
15989 36033
31219 83072
23526 86713
8891 87008
29608 61112
23430 85808
71246 86823
26344 89037
52223 72205
3866 6848
72537 73640
2473 86590
6116 10721
54914 59543
36440 40582
41600 46169
11118 69241
13738 15117
7360 8022
75268 93633
6781 85150
5386 9430
78096 89433
80225 82727
54226 68270
475 92814
25649 66564
70127 72633
4112 43305
13832 53054
41906 83944
34473 87929
23254 82377
9828 13862
3117 57266
63668 79794
10042 91285
36305 56916
26040 53066
9559 10805
56668 68232
23962 65381
10129 46070
23529 70560
50689 59784
45442 82572
5992 56591
42574 45501
49111 95655
18900 25826
20782 47816
2072 79809
57691 90792
16936 81288
51580 53816
76483 78283
14762 45895
63552 75061
37633 68605
28688 34868
23936 51956
44716 76251
62897 84631
20592 53987
2023 79919
30947 92131
19152 71836
36694 45678
52438 59601
20635 49036
73676 85419
45668 59837
57625 94414
5032 5530
27384 66697
65550 76158
50163 65671
25398 46730
6049 45273
36575 59143
59619 73431
71637 77926
13589 21471
12912 81917
39197 91592
27184 29253
11916 89596
20918 29044
21740 89179
20108 60017
72792 92950
12726 81716
801 94037
27557 52584
20159 81962
1752 75773
4188 45658
80466 86756
19000 59814
27801 71129
5831 60699
10376 18971
20609 49748
28809 53275
35358 71298
23935 29116
30336 35526
72803 74739
39159 60057
38792 39672
9037 73427
39755 58020
66858 76220
26936 38911
80651 90657
49428 70988
2656 77939
2627 22080
28477 44996
61087 91872
29113 93126
17132 46642
75608 89986
13089 44213
21304 64836
30184 38558
32506 69012
19208 24653
45990 66536
57485 92341
19059 89729
29050 49044
34948 65832
8298 63805
63146 68893
6225 22482
12329 93279
5508 79035
16829 64153
72460 75582
43577 51189
78900 80883
56830 78359
23424 42471
14084 50708
20195 49821
19926 46495
3166 79607
33212 72199
55848 65347
60896 94690
28007 38401
53897 77581
56476 88471
35457 95711
70053 89120
10864 13002
44934 61331
4524 56173
60360 79920
67479 90089
5032 78376
1489 61911
20704 84545
21027 60762
74181 87596
5983 39988
1957 17351
66369 75106
23304 44653
9722 29140
42540 66464
54871 62248
22615 30502
3539 32341
19643 77591
7011 48002
57260 93334
35399 61567
64004 76824
20708 46575
7644 49554
48413 50386
39081 71455
6318 71276
38164 41730
89285 94203
57398 61084
72459 81014
14693 17786
5404 11520
23477 84265
491 11986
9688 25981
10593 60904
56339 93841
45571 56764
33267 73240
27425 49038
17424 62896
54321 70621
2234 3189
40136 61938
19650 59194
9404 23962
19748 60021
19857 76398
4448 21426
42947 58400
1352 69701
24269 85590
39930 56523
21183 55465
15044 44037
20426 22114
21576 69895
60563 90081
17832 73945
29984 62401
8496 64587
50358 81200
74537 87145
15757 70096
55622 76811
34114 65149
69190 71352
4207 27773
21759 47446
2173 71278
71394 78798
22513 34233
15823 70441
37765 58039
42250 56912
67461 94899
20264 42356
78250 91534
14238 75401
12893 54701
23570 30731
20978 80257
11475 83618
50359 71736
5294 34534
75672 90612
10286 78342
4267 11529
57449 82668
49573 80500
79902 83135
2935 20373
55754 83249
13721 47911
52165 81151
36259 57257
9646 69853
3304 80645
48732 48830
55831 58423
14901 39611
16878 45147
38336 66725
34071 81478
50635 51930
91109 95338
43156 47879
27853 62728
19134 48918
40152 83177
69816 81134
78332 95310
8067 8071
54016 78790
4409 43085
20991 94436
9151 65506
1718 52824
52652 67296
50709 91022
66576 89243
65869 68162
17327 35951
27725 77788
16618 54679
14206 38486
47516 64491
11143 45780
37969 55322
40983 42677
2316 61292
79208 94013
48698 66180
44570 71681
55047 78114
3400 80845
9837 18674
15887 73092
6830 78911
69329 85686
58149 87230
52524 84365
65745 94788
10244 67301
13627 76633
13657 38460
41042 84941
1268 19191
40504 84516
58233 78267
67311 91169
24948 70918
39528 59592
60577 68779
38088 95165
6419 79913
3127 79951
35366 43876
42930 55401
4827 57970
17449 39029
994 80124
49978 66771
42021 43143
6971 10745
24415 30171
45843 95162
23556 47109
59268 74200
21077 70820
45517 89223
20262 76942
40574 87053
35543 38281
20667 89064
27418 29925
28230 81565
4394 43717
77524 78569
43540 56005
22583 79896
21346 68587
71716 94469
33752 42675
13835 90765
33886 75875
7323 38814
56984 85644
31938 49001
5800 85420
39956 70907
21658 39233
255 23356
19406 40465
55390 65730
29288 63644
71092 83022
46771 80465
15440 26806
26258 56818
87237 87404
33708 92992
24114 78226
665 65364
47992 83588
59393 89836
44513 86050
6690 13730
41166 91630
29066 34437
41348 44654
37586 57045
3380 59799
65328 93042
66931 69347
67628 85475
54402 67166
74730 77885
50511 80165
2508 22194
3461 28780
11162 14283
69045 91509
11981 18087
5739 17761
22527 94873
2209 90976
14374 42570
1637 47617
11841 66514
10169 57880
33471 42461
57543 71440
8752 14347
15266 22698
2460 64767
24053 73731
23658 89434
6591 64161
2909 63829
31493 87563
21466 37111
16566 68020
53988 63614
3621 15312
42112 57834
30897 62319
49745 89327
13245 55370
59277 63331
80620 89691
43053 95202
51847 55081
58575 84725
63039 94874
42083 92649
19909 87557
86682 91108
2533 22219
23056 77447
56258 81022
57262 82330
9880 73501
25687 53584
46880 54729
22711 59981
72951 82350
1425 3372
86792 86855
18948 36614
57151 64032
18295 72955
31056 95578
2197 89393
77227 92191
952 91253
66575 83695
25511 45348
64654 72635
8717 82361
52051 55197
52501 59457
70237 75010
28936 58334
62618 79058
8795 58534
15923 73100
4214 74063
27922 54210
20959 38179
69415 91766
32867 70812
37983 70032
4564 38352
48932 85197
55384 59442
807 91900
50371 76946
1551 8780
50333 59443
3741 69726
51724 73804
34414 88763
32633 62066
47523 50012
26283 49309
4443 43438
92265 92684
16104 90747
1826 95000
45930 63072
8705 10795
72955 92043
4683 30117
36285 53360
15510 88033
26363 73468
47248 48618
10716 45477
14552 54624
41828 66183
18190 30220
40981 90053
5623 49628
10855 23056
6138 59386
26928 44954
70867 73291
67697 82675
70885 89755
4970 91568
50259 57998
55486 69675
1705 83747
70367 71315
26717 91285
10263 75011
32782 34607
64418 84143
38786 51126
48482 80601
18973 67105
4898 57237
79181 83151
4249 45196
30581 49209
6240 80629
69800 71158
45056 69189
43440 82562
53860 64131
45301 94468
28970 75689
52777 69188
89009 91622
754 83022
43942 93004
7977 54175
49354 71747
7458 36221
10339 47525
51857 74476
5146 59321
65071 75033
264 27564
26798 68027
14012 14924
50448 65975
28984 79052
60035 77480
692 20188
23554 45096
207 67541
8676 17485
36223 66012
33345 85991
39644 60991
9744 20868
4110 4778
3756 19152
29160 72739
8079 40380
32538 94524
56277 72774
3242 94378
8770 79790
66823 93676
12927 43854
4169 77042
35318 49623
37951 93656
58098 72163
13383 82103
9066 12977
18031 71857
30336 52557
31688 86001
27025 78625
36019 86249
14132 57519
3493 56720
44051 46676
46100 89215
75853 84438
15064 92687
12197 18115
31779 81084
9755 66312
49750 83568
50493 67177
59707 73270
8509 44221
71175 93538
67675 90284
30475 47447
22940 72185
49764 49849
39033 85729
29466 83160
36782 55554
7113 53523
9563 13923
5209 35328
44143 52790
25041 79297
54161 73750
67270 76537
5792 31154
28982 52850
41982 72508
24798 80621
25730 75582
84869 85556
25148 71862
8279 48720
9746 28336
18338 43599
58534 78857
80350 88569
71707 76080
1213 93576
29997 40869
31246 78066
27581 52842
27118 48573
9344 87830
21647 66942
44987 74633
13071 80494
11166 31446
26552 45012
40602 90907
21151 32458
48498 85400
25817 50812
8092 33519
53323 84176
68912 76056
14122 85476
71346 93744
39668 89959
55930 88825
46433 80745
21231 55918
54958 59304
41425 70391
57988 91367
53401 93915
54098 94624
90598 92279
3994 72282
53462 83534
5930 6982
84500 94724
56232 79283
55971 70980
69239 77738
2088 60695
67243 72054
27314 40844
27033 54233
46444 74528
11066 37518
8214 61112
27690 35349
26540 35142
12243 20690
41764 44191
59224 70768
5602 88491
82589 88065
2079 94239
59640 67033
11489 28806
20059 41670
10784 63535
50364 87018
4453 75813
40367 75187
66139 78179
48382 67696
10428 80879
24719 85313
7407 12246
7927 58601
18315 93594
59833 77845
86772 90576
19154 32061
7566 9196
60466 82680
47421 91436
40278 71104
22932 63384
8031 54835
58584 92668
1391 6664
15533 35139
65868 84781
5416 62900
70406 92156
37729 70828
18135 34294
32233 52322
10993 31903
10685 33419
28669 68710
78023 93272
26726 44979
20760 60422
5894 60933
79790 81413
71285 78676
40238 41938
5130 82768
77206 93350
12485 23720
6943 47456
61085 62721
71495 94554
25884 58056
10683 38784
1954 89408
68601 78180
30505 33654
31241 50336
39529 77533
4604 15267
1867 58788
42732 57068
48993 67110
25788 54850
6177 55639
79105 89581
14097 49736
7416 82608
42875 82779
8134 50214
20892 47349
63571 89566
30115 79559
56498 61485
38734 52194
50759 75642
26525 55435
53484 67317
31643 53516
378 36058
37934 72324
23084 54483
78996 84019
10410 25612
16967 89979
21281 57312
32386 68407
52116 63512
19413 49263
20425 92250
18308 92156
5394 39189
18394 84072
30190 56289
27754 76661
14810 20224
10770 61513
43076 88888
21946 26992
1930 64830
34283 92490
38598 56641
18964 62687
53317 93396
39308 59767
20672 47099
32967 89635
21616 80331
51156 61459
2442 40636
8079 56682
9621 61781
13235 61768
3612 16958
63979 68159
73853 94609
480 69166
27659 62552
16202 74862
28302 89860
5558 70349
25639 53707
2187 72355
31270 61134
19684 79391
33073 51409
86029 92290
74277 94300
62358 73825
31177 48560
9485 64830
3506 26309
11131 18990
25478 60961
3692 45459
27077 91507
37957 86485
2906 94444
19320 20804
4720 53794
87712 89572
70165 83495
26046 80243
36776 40569
42454 83703
13197 83342
9887 50586
2931 66814
10005 54145
3210 93551
26652 85798
39635 74166
72780 78559
661 18704
47303 77239
37387 68651
8878 78364
9204 70091
51693 88365
44237 91565
1827 46675
41287 45398
37369 41040
73600 77814
10310 76626
23653 40478
48231 59482
51757 63443
2115 31258
9742 40638
87272 95471
41502 53302
3400 33879
28240 75457
12493 28571
8616 49741
7367 75038
41218 77062
51871 53071
29153 58887
66923 94339
7541 43437
6382 63400
52918 93681
26772 28855
36634 74985
61010 93680
5467 17165
55527 84724
48701 52404
74635 82977
68109 74572
20043 47278
40868 71520
48160 77709
47659 58282
19220 26113
53332 74618
13864 55486
1562 33827
35487 90984
39158 76032
37681 92363
44362 60372
19047 57720
1439 70968
17786 80864
29796 51963
40777 46035
72579 88134
37403 44324
46905 90958
45675 52110
8268 9836
12312 48741
4489 73725
9983 28309
56512 59986
51775 93717
63230 63249
38993 75407
17576 72075
44885 45077
15869 31396
44451 50856
38039 48439
8289 89150
1794 12440
1592 3355
73090 92026
4815 6231
13351 83534
50670 74099
6093 87529
26267 58027
10788 82002
15786 63438
65220 71619
69162 75732
34770 91129
46799 67133
8027 16352
22594 84112
31095 81993
40835 94580
60042 91515
8241 46657
11191 24803
37978 48924
11368 34504
7605 46160
5476 94979
31684 87767
38711 93508
1754 41351
76135 76216
36327 65180
13464 20181
52254 58786
48134 88568
52439 53860
59046 65619
60279 73561
49850 88034
17665 78536
4423 36910
52071 87981
6234 59206
13697 77362
31067 45024
8816 52465
19514 37771
2229 82401
11423 52799
22834 63281
65194 94596
80556 84543
34932 87595
4700 19507
24757 88449
19312 94011
29392 83073
64766 83502
566 56102
94515 95575
47283 48453
4577 22270
21006 84150
4188 59328
31547 73837
1510 22914
16735 93291
45178 73021
68766 89323
8871 72676
59458 60842
26336 58848
59664 78794
27582 35617
8959 63466
90940 93094
33512 51517
50514 82508
2009 27456
16035 54646
14370 15260
44341 81080
42018 84877
18075 24378
29742 88854
29020 82259
23730 32643
76828 81936
39472 90620
33430 93540
2368 68865
65730 73888
24773 28140
63500 66596
12911 41590
30667 58070
31593 40109
5850 7785
48229 67489
121 44353
51201 56548
41319 81438
53462 58068
78297 84559
46613 62065
26893 94569
11690 29858
36663 50234
23055 64483
58242 95395
82497 82535
51648 57949
57303 65758
58629 92840
28653 73274
31950 59458
76191 80250
31101 78660
2461 5669
27241 37026
52524 84639
3719 93014
10959 25829
50118 74330
36942 58862
6647 55043
4331 73348
20728 70731
19899 91555
12848 60767
43441 56539
9868 79301
4121 84377
20506 89771
31220 31713
45985 49044
10127 84220
28138 57166
58466 93034
24524 87658
32915 62964
73435 95132
8171 45869
63247 66318
5016 77865
18492 31784
43943 54772
39355 72638
235 34018
22107 60696
45445 81929
26929 27014
24587 61588
13321 36103
42888 77950
37005 54243
34085 44265
64133 94732
71543 88300
17712 83773
6755 44955
20433 71604
26827 31921
24410 74854
39537 62873
66336 76639
2918 19778
31295 42989
36377 41742
16419 20378
46180 93809
15824 65324
14667 51697
6240 35030
32045 80094
10088 69228
7491 80716
27882 44806
10664 13506
63319 76047
13044 32008
2362 84027
1533 15335
42180 70441
26259 76832
14941 37277
74917 90003
57350 59780
33218 45741
36647 90717
90765 93504
19132 87232
3883 21489
21218 82978
52215 75201
29033 74083
54251 92909
6181 65370
3624 27926
24817 30334
65101 90863
46125 82904
49783 81306
13696 50063
16129 67597
70421 77477
48604 88514
19830 28393
17278 92635
20306 91116
30974 89563
42010 53288
5074 60011
1563 2951
30427 59331
76011 78860
47747 88451
2971 84245
33782 43645
43840 73794
45139 64390
26268 77675
24364 82476
8317 74088
53842 94588
24699 44717
5201 10303
8819 53108
63386 83756
21563 26223
45370 94737
59919 95118
24758 44497
1446 21436
47406 57335
7437 67389
24396 91719
55281 66299
60824 88352
3218 12605
58437 77527
2022 74951
37164 76249
68407 93317
1711 91740
13968 63585
1858 13658
9990 62773
81061 81300
60614 81574
42297 69792
69809 72468
45756 84855
50196 68917
2802 75523
45431 78137
16790 65780
63286 65825
31986 49628
18122 21999
54407 75432
83828 90484
21482 85785
7853 58571
40130 84619
47304 60477
3510 56243
446 58961
48812 50578
33445 40189
25375 50343
17059 54654
46099 63999
9433 29636
69304 78779
14234 43071
27666 60680
22151 79297
17732 50067
2247 60359
22510 94703
10020 49319
27140 32602
17013 77949
10535 65228
35670 77809
902 31636
37226 73917
12324 90732
12079 26595
5222 92459
10366 13903
25782 39421
29433 92715
54625 62533
31293 81007
34484 41949
3602 29555
2850 20464
26161 90442
42401 78187
560 27519
21122 78837
50195 59403
10183 60845
19665 41643
66941 78825
80 55957
14251 20196
9750 58995
25430 59842
47732 53708
16828 24035
28248 80886
35363 77972
33913 41926
4259 13485
38696 71009
35648 47790
40201 43637
57431 84164
13370 14766
67236 75702
44016 75315
12548 40507
49660 85189
3193 68996
73814 85806
32162 51656
1113 26279
15785 64940
470 61773
37872 45468
5495 46740
21287 29645
240 45055
38789 89175
19348 65993
20920 48048
54478 92210
39026 81879
339 16203
16491 75102
19962 84302
20932 80791
3506 55793
44292 71716
37787 70676
42722 58798
31020 57266
6911 55789
72979 95257
64213 81411
9679 11849
4931 28691
30051 32748
16737 88150
59448 72635
766 44609
13214 49570
7373 31315
6659 77095
2839 76747
19464 25330
33036 54409
7010 91247
26165 37675
40017 53162
35286 76291
34311 55673
12628 38623
34057 46408
61610 93497
36903 44100
20351 70101
78785 82058
11137 76299
78621 89570
13732 77168
17586 28966
57968 62267
42894 81309
19985 89530
72697 89462
19444 50461
14005 37055
28060 73653
36512 86560
35640 93299
357 16425
28356 89875
38419 65981
15175 32139
38160 81850
53206 56133
24265 29973
61583 87869
60738 87569
11799 15120
53722 65954
53258 94248
4436 60167
65964 79683
9631 53653
39329 77633
8655 93754
27750 85749
54960 79158
25950 77597
44443 82391
21785 73975
58155 63679
62272 92931
73646 89140
25616 30460
29864 67934
38742 63864
587 79787
27743 29231
42192 45112
4199 66141
19123 87954
12190 42675
12181 89494
17221 39026
4194 90561
65645 89198
266 78424
80011 89739
36997 93690
4246 11408
38994 64605
36768 60236
24599 54206
33448 49181
20143 79611
21338 76341
73464 75316
7839 56474
23902 51593
11202 73080
22354 61341
24526 70203
28983 61236
25105 33708
404 49975
41238 91048
41967 50615
36895 39975
24157 68948
36532 53393
20546 81484
61049 80223
62418 90141
71359 89628
41192 43552
17240 24902
14096 36427
24426 70349
9721 48132
67398 90601
13118 86326
2881 15826
11414 36569
54629 62334
43352 65586
7177 79319
8591 35857
54401 68333
27861 31628
70623 87665
2628 41421
9999 38556
14140 32935
39774 62647
26873 47161
11725 71545
3941 41694
27249 53093
8118 16880
171 8505
52310 92325
20126 25171
25952 49669
14733 64865
36053 61077
10981 12730
32791 39115
55894 72851
45969 91311
20565 27545
34355 47496
42374 80230
36185 66716
37778 49778
73882 79386
18125 73960
47822 86297
12989 58695
24544 46785
3967 71274
34216 67342
25769 56797
8266 76991
43945 76024
15857 26204
13168 68677
30190 93555
25597 36130
28111 36461
9915 44804
25272 50019
68839 70302
7839 53020
28904 64115
34305 67338
8114 14049
291 25288
4028 47439
11708 73417
57623 84203
700 63460
77916 78620
38973 88268
36358 78898
10581 34746
23848 54749
84589 95326
10146 17611
53600 67696
47778 69976
90262 91745
21617 94316
24894 59059
50129 89195
117 91007
60089 88971
29829 45131
8114 8667
12225 37657
9657 83844
8991 40243
61316 72921
36931 42517
25617 41068
70058 74770
69238 74717
9639 86784
4733 71989
70773 71933
45550 61212
63385 79517
5925 23060
35953 88642
16563 51487
18258 46597
26274 52070
14891 57189
3909 88067
4411 30671
68507 79190
41779 83628
53581 63412
42040 95096
16795 91746
48915 72204
12708 72601
16641 26636
11705 54243
2889 94817
62328 80248
54820 76378
20679 92763
13419 21446
10968 32066
36828 53286
21515 22160
4654 32567
27502 36496
47229 81670
42766 77775
23263 55337
23469 44343
1239 5737
27362 70679
1278 3795
29098 41066
25807 90393
46246 81744
18643 34132
44368 80563
3941 14449
5097 28224
46053 55872
16182 17391
3262 29118
36172 51189
22588 36681
14254 15240
8593 37710
42771 55018
50814 65924
3221 84174
35066 59229
1136 67213
5554 95677
31177 40197
14056 58809
47379 86910
4406 62617
24427 30089
15520 63842
21320 54952
57183 72853
11170 53920
23471 32474
27099 55295
4218 87276
27887 28315
38585 74333
21336 76504
48743 90052
53914 78203
7719 36018
44434 73787
49376 56942
5714 17414
1188 91957
38437 49078
45080 89461
22894 94785
87903 93948
34072 35080
7384 20731
69108 91750
55935 75071
24291 62581
33053 39381
11856 54808
13476 82646
52957 92147
26194 82961
4997 6017
13969 72729
23514 40810
1842 28496
42473 79989
49289 72226
83888 88011
4593 93945
41267 45520
67985 76485
6092 67754
90345 91517
16121 89674
9943 23498
872 25198
40442 75350
14742 28216
18880 63851
6266 58400
47196 52867
24325 62651
43227 47970
16738 53836
64985 87574
89513 92004
5761 6635
1587 12785
16751 47185
53235 85057
13411 63039
37899 58050
17853 66612
21573 54443
49084 69982
67665 72100
52311 93682
24168 54976
21608 76893
15166 18124
38140 53433
7636 30248
19907 69372
77967 94901
41212 93847
49949 51083
11146 77711
3457 41478
50264 89853
42386 53793
44688 46010
30469 40049
28208 83678
27031 64460
16474 84596
5549 52227
41065 41842
12619 63706
13084 26195
32430 37340
21307 68287
11225 63768
65558 94887
1307 78673
87798 88620
5266 75568
60034 67151
45112 75059
24205 74953
2554 19681
25103 48524
18505 73567
27532 74499
853 49392
86822 89028
84328 93459
19517 82696
10944 67072
23579 55539
56543 70658
18141 50202
12170 89725
40567 88182
23764 78553
6965 19774
20913 26884
68550 89677
1320 52150
17762 89701
1276 92600
6016 79671
31548 42597
6755 43110
40289 51574
31425 48596
36013 79986
31237 78951
494 20702
54534 65695
67737 72716
22700 85232
5734 93421
1227 32573
50665 79870
3819 81891
5465 23042
20468 50010
60122 80160
20736 34630
12094 82355
8531 68196
76399 91624
41059 48593
13052 32027
51703 79413
63924 84301
27925 93400
47047 59724
62370 82566
41929 42129
45243 67089
28134 59109
16186 92545
10139 77092
33340 34711
16340 80231
69541 85487
52171 67663
20436 84665
67568 83823
2043 69888
65810 66802
53565 79826
52819 61378
67457 74198
10964 55372
41428 75063
88375 94166
37881 45224
50378 75971
26501 59132
20727 41348
36190 60640
16007 67072
10093 11318
15318 67365
14598 39211
23597 52217
30621 63472
23284 83971
10570 74380
52652 80663
8800 14677
64272 89821
43112 68784
35161 69568
17161 28599
19856 72812
16572 31191
19645 83577
20541 20582
29399 33231
20682 87082
24672 42537
3054 55744
52727 90471
10545 83956
22580 37107
33186 63944
22323 31291
73587 94421
25742 79606
13855 24731
36647 90300
18172 28487
42936 50285
21533 65238
2307 14186
75101 95581
12470 66592
7660 82454
18923 21047
51136 55758
858 61210
35655 86411
56812 95195
40120 88719
46435 93517
21285 32999
41231 51386
64647 82766
1566 62747
8236 79260
5269 41861
17572 80089
23356 48248
31328 84112
61265 82243
16941 70871
3322 42105
26306 46733
685 55748
15016 35628
9887 76826
40986 46541
7012 39964
686 67129
4020 18990
18281 61257
8261 67504
40470 65063
6526 51178
91910 95254
42510 52466
16041 28117
25866 67738
59821 68351
76290 78505
55460 86753
46635 77403
11515 87722
28560 81333
29495 89981
17065 48519
33593 83383
33868 95340
9431 62502
6456 80683
11695 92773
34717 49174
56936 62903
53387 72435
55864 88034
1011 21290
37596 88816
54854 58328
31994 53435
7260 95682
1000 1392
58208 91126
52441 60652
7061 25616
17306 86747
14529 62279
15670 90184
70030 90642
12864 55531
17340 57219
33671 61660
64931 86672
28828 41543
19308 50924
23897 42845
46065 84360
4380 43525
28145 88662
1116 53872
28441 71883
20847 87253
12844 24443
33325 61516
13664 60212
7928 19797
20324 65322
25882 87340
2701 88944
7025 42871
4807 44841
56085 88038
8988 41665
20238 73693
38495 68039
3141 84393
26658 50244
29549 71710
36526 37007
19655 29888
52280 94533
14024 70894
16399 45616
43392 83264
77411 81556
3683 95342
50397 51023
28876 91394
45079 74496
25899 59481
57310 75520
22973 61123
2224 39303
37643 63262
25098 35524
25275 74712
30644 83383
4330 51945
54949 75110
12798 74576
65737 84776
8602 88505
48941 75886
5088 26733
78827 81636
33046 69499
19094 38703
13239 54250
74503 86879
11477 60071
12100 25750
16293 70446
81312 87880
27977 92315
31002 35066
79013 86748
20093 25325
51191 66296
4995 84996
26722 71648
18607 88137
52931 62035
38221 91642
68069 78017
6075 73991
17769 68166
58785 59370
40475 67245
5466 90745
6536 80522
72819 78506
58117 61353
16529 92394
44951 57979
61798 94581
33394 54787
80381 93128
10282 36872
7860 65138
21069 34934
8012 12529
43713 63155
68935 74914
70651 80408
56038 76356
4514 91705
22455 35052
18458 33376
38503 82100
9768 78904
3060 70831
29433 36906
67230 73416
42861 51268
43973 69604
49454 75419
31939 59167
50661 87491
66525 70911
19820 19859
4166 57299
43583 45004
8127 18859
26352 70950
57312 72742
992 11364
59683 83665
36699 37865
59354 86050
9509 76452
58065 83528
63397 69274
19802 41063
39423 85847
47641 83808
9333 85578
23035 23597
20171 89052
38237 38760
57735 73339
57657 79860
27613 76481
11856 89032
21930 69532
4785 44958
29270 79190
18858 58395
22576 44010
24097 59732
12852 90187
31309 85178
36254 79926
14908 59800
7433 44366
7235 67312
26358 33168
6603 10309
13677 47258
17654 56305
78002 87947
18848 56758
26868 91939
36660 41800
13314 22696
8083 24878
56496 86229
31665 86130
1535 1757
79324 84469
9644 66224
9535 74667
56115 61998
9881 26087
63320 74967
83575 89742
57718 63411
4319 71820
15516 36531
22460 85466
63911 81518
36049 73979
1339 2597
20189 30076
73489 78594
8559 49759
11149 63378
61552 62476
64675 94538
80704 89369
24411 35167
3994 52029
16560 68637
7387 7819
20344 49935
30880 53840
13820 20408
15674 89508
23293 48035
6764 67973
62900 75333
26743 61110
599 70905
31820 70512
28405 60129
1260 22416
65954 67030
27017 89852
6377 47111
26429 30666
5145 52112
6557 79123
44306 79105
27603 60154
60105 84254
26789 44238
81592 89207
11578 91120
16791 28757
3388 25428
71004 81347
24662 76105
35525 42981
31563 69032
16077 56266
58 8636
37098 68134
43708 86355
15315 56631
31171 47777
13935 79219
1722 77668
1826 21585
28028 46065
18981 46493
47109 63456
44660 55105
10852 21628
19244 29013
48643 82281
43757 67873
3157 54872
81263 95600
53430 70407
17783 29753
10757 44903
63051 90107
20179 51967
23394 86683
35920 76382
9725 81026
11672 30489
61256 67370
21246 49273
16832 91615
43017 66377
28616 51447
13038 81038
49224 95057
56502 86122
50692 95423
41923 83074
34063 39597
39494 91622
183 81404
55398 63719
67759 80265
365 60807
11601 55958
49782 59379
86545 87900
21444 73571
17609 17838
32296 91541
81711 84141
10371 62341
13713 21034
37620 81368
56184 84313
18780 43008
43539 49206
48614 65217
20320 63498
2075 68901
11519 32730
5115 71185
10699 58103
2419 3582
40488 93535
77514 79882
6045 13013
47479 72651
8994 82690
39382 46939
33296 72859
8265 47842
17518 44787
21651 68154
19918 51636
21945 74057
38085 72862
33175 82358
7360 83693
13079 14835
70658 73687
15905 18018
60716 89718
50251 86611
21889 62604
51752 54694
18249 76890
37280 60151
20430 49716
61302 72439
38059 78569
14278 39229
48143 77966
55114 87890
32982 62211
18266 28641
19417 26591
677 24781
16249 46143
14278 33754
8002 44127
62430 78931
2796 9956
37868 85141
51512 88273
9944 52327
1969 67517
63339 82951
39041 91607
3529 90128
40456 94597
13201 33156
64908 80171
5194 8623
15494 17265
18420 39482
61887 76717
79043 85712
20695 79713
3793 25856
14559 25717
39004 66484
5489 32660
43944 78925
42644 64587
36514 50647
28693 34242
52894 60543
70478 80290
1404 36348
23358 56872
62225 83307
27332 43932
75339 82093
22860 26340
10131 14565
35433 46227
22480 48283
51935 87148
27437 30080
51307 92227
195 57380
59243 83588
19454 63856
34728 49515
17049 57349
25664 74835
91813 91959
9149 89818
3032 66751
6556 91949
23513 38212
40580 75522
3290 60173
21315 68287
28375 69864
46192 68057
43670 73087
8607 73969
24565 30194
27298 30095
6275 85009
8885 75790
29696 61248
63217 75787
56403 67525
73272 91101
7441 15239
21817 90520
63079 85009
4535 51467
20641 37354
8218 21547
29198 48204
44009 44413
41354 85367
64492 80009
69099 95510
4488 34692
8418 70735
81259 88640
11861 66558
69620 86862
23997 60645
42943 75522
53361 65581
41726 69052
42458 44249
81714 88756
46071 52516
32899 67694
15820 91212
8682 36325
16023 21979
30653 80703
77543 80545
5420 23506
14768 34101
21307 76443
46700 71037
8951 39981
7262 58230
69765 94470
43021 68119
71044 93773
55791 67888
28468 41139
5608 58496
80743 90233
9446 94966
18183 79870
25919 61041
1777 52520
59851 94021
35633 39868
21758 71608
7940 19836
37656 70734
306 85233
50191 81938
10794 66315
53782 91274
51246 83443
20251 69385
7073 15555
81117 86844
8424 38469
63959 81494
7893 86973
12331 42255
14408 47707
3320 5831
81168 85695
43189 70513
51378 56959
42984 53263
23885 41623
14199 35176
55246 60095
68928 69113
25292 43128
19155 44557
19102 69537
40620 60817
82844 87683
44498 76259
33027 85483
6173 15131
44573 84527
49617 50244
91323 93759
20411 30271
67571 72391
22770 68025
9280 31801
34668 58935
3499 64587
9243 53249
5307 36819
59157 85609
9501 56030
43317 67505
9180 51113
52419 94481
33298 72506
65195 67294
49094 86526
39559 95669
59689 66641
54062 80449
17216 89897
34872 45247
44794 81706
5468 81314
15216 16819
86463 87579
193 89800
6298 41842
69290 89847
63162 86119
65782 89908
35648 91341
14449 91011
582 24296
66716 84185
15746 54386
8341 14378
52825 63718
31827 70333
8679 53924
15376 40456
6868 25868
33502 43766
7693 15137
4705 5127
19912 86414
8313 83032
40126 66121
34793 83800
10830 14762
26339 54471
69301 82635
29710 79556
58399 84254
5203 10653
72101 90610
65745 74901
36022 44805
3879 87715
34171 65852
14385 71494
36289 78967
3076 73806
13782 85871
23970 33559
17246 29316
17087 61036
40142 56780
49780 84184
23396 88490
42334 48222
41660 79973
30688 73695
11704 52972
7120 84868
41247 45860
85794 94097
79366 91767
58635 90810
31330 60725
11706 51037
63396 88398
33028 35793
2491 54722
27044 54787
33336 49895
57330 85218
18314 53744
34874 89143
17384 91498
1727 14504
12860 16462
78313 81014
21250 47119
38905 84036
37017 48375
41564 67891
51071 63193
17459 25006
27507 84124
7526 89934
22429 25165
50744 65032
4058 52867
11100 47047
84016 90599
11099 77387
21538 77903
42041 65608
39483 53555
36652 48043
22765 55381
35949 46787
18676 57247
12546 75579
47930 50626
30951 61315
65885 69038
2335 20799
23560 31653
68845 70208
63408 77109
3051 32529
9455 42932
31376 53802
16185 87169
20181 35730
15600 75089
33368 70936
14127 28473
7443 41778
17136 84913
1996 31429
52008 69038
63288 75900
24558 62578
57465 86885
13636 53693
1620 54553
41998 53400
43635 60813
7771 84206
69540 81357
42444 89462
7380 48438
26442 35289
14793 75476
60261 77495
55532 88583
48452 71736
23424 76159
60931 65737
84341 87948
10429 94092
31103 60587
18972 60891
66635 91773
48960 90679
10102 83952
5919 33673
5390 54145
55491 70464
2144 13948
2445 15572
62078 81634
67187 75676
37556 42021
40160 65297
25114 45393
26539 58337
36003 64280
12552 25265
19413 44057
15822 78188
16146 64115
83100 90110
69287 87314
12821 45284
12894 80312
17028 80914
35878 53682
24651 33906
48926 58698
48738 70410
57790 89536
15642 60096
55537 60057
49051 59688
81352 93119
48096 69795
42090 92759
34874 56011
5784 51049
4691 81377
17688 49677
15717 80899
12679 93730
17066 31067
821 16363
41430 86534
4707 9690
26553 89309
34042 70406
19543 81148
59243 84252
21532 25780
29800 40370
4434 27006
11648 51491
92473 95156
38908 45058
296 68313
29373 92266
8267 66831
33087 56258
80479 91906
48545 61303
9342 50089
27617 50436
86331 93609
54645 73176
10914 79760
24947 53543
11090 34856
135 62680
11344 55636
20079 85545
25379 58149
2831 42399
41881 77047
8128 52428
10413 90160
10956 92762
19413 58480
75780 91460
14278 19885
55564 80868
2439 24000
24194 45356
45899 83100
18099 65188
16193 71619
29428 59772
18222 61917
20924 82167
318 50640
74456 90530
3278 40293
14868 60434
21120 85414
13258 22321
19900 44308
64022 70115
15227 45676
61540 78503
8546 63328
17305 72441
7079 22163
17490 55122
75340 93924
5422 69406
37772 87280
7615 86858
41692 82705
1606 73051
5032 53332
19678 55314
9172 90100
79514 84164
32581 54383
12751 25440
12676 49186
3159 73349
11059 65559
2903 85731
4179 52617
40182 93247
32635 34723
1500 57656
28301 33749
68902 75987
8556 19837
23280 42698
8090 61037
14529 34619
51920 82124
44536 47729
38231 42973
45028 60093
35358 52107
16618 47322
60410 71039
18813 67858
65442 69105
21870 40579
51625 87622
14914 66332
49491 81283
35525 58875
24764 55216
15990 66738
7503 49723
39403 50429
36765 57991
50206 88329
79085 90156
23059 71887
23049 60826
10154 48334
15775 64788
9248 35548
41990 55798
23980 43083
15497 23542
91715 94056
3968 8727
59039 72964
27402 39247
64202 86307
5445 87587
72366 82709
10417 37440
763 34546
44220 50741
45422 92596
758 41471
35277 61846
38000 51091
34869 58259
93654 95188
4509 78089
73911 83351
2056 35244
73123 84129
55629 77027
5646 51949
61313 89109
71352 93678
73615 80036
3620 63087
72829 91538
12130 52975
78544 83603
36955 52928
62825 65196
65053 74802
21298 45675
72533 88025
1917 52654
16007 23798
1939 12259
7372 88411
36765 60710
30754 77348
56489 63368
42466 48351
19733 60729
74481 79442
38815 61045
22213 46329
22805 72253
66477 91636
49078 54332
44519 89096
23315 84381
35961 57441
47448 48386
48068 60283
30409 40971
25862 91593
60503 95480
29547 76159
38958 92945
16480 40611
65877 71076
45096 49841
39949 82948
24992 44760
6877 19750
27745 47822
20443 45900
28662 86904
3955 12295
28893 56439
14722 17914
60500 64216
21767 32504
54927 66328
3750 32896
24339 73362
65585 83683
22059 51769
8182 94833
45623 78484
38618 81010
55583 69195
68213 81057
60105 75246
19808 80876
18210 55884
47690 50686
1412 3188
12332 81728
49747 91180
33701 51218
65604 72377
50399 91941
28013 93027
17294 48239
15168 22432
65221 78805
51336 80566
66207 69630
57386 76657
49507 91642
2557 76853
47438 91160
16173 26205
2219 3907
44153 57519
39708 78445
12251 20861
9136 73491
17602 58851
22318 92278
76546 81890
10468 21453
13609 17757
17121 79682
26742 57754
9362 90723
13457 23048
7917 91408
68347 88403
50255 94856
33427 85854
10098 13724
37562 55910
30361 83697
38129 76680
36282 46747
76195 83198
17768 31456
58160 82622
3341 47028
59475 63224
11900 30813
32923 44435
6718 36823
5654 78978
31426 69665
11408 67087
17549 92934
16571 37263
25740 80598
57229 77882
2350 27454
68060 78360
77902 82640
30113 91706
1853 23074
16649 18618
1176 3580
4056 17716
13606 29811
64988 70468
6684 93737
6995 77775
51774 56983
44354 76895
10488 87162
84393 92399
21836 49620
18322 48152
38478 44210
46270 90363
80579 89116
8077 80824
84819 89856
94653 94711
20850 45589
2821 27697
16550 40532
66165 76136
36582 63810
6066 41444
24227 30617
54649 87388
52942 60393
36358 76275
12703 13062
25659 83564
31327 31864
16518 24714
37018 73281
12921 63215
13893 53151
10708 62669
35386 83415
6974 39330
18670 88176
18879 62652
13178 76080
74665 83507
39054 50725
10291 23290
80386 90317
934 93581
45726 84491
52180 52530
10963 56213
19234 31796
24318 91559
47232 74804
7376 39546
6434 50551
42884 90405
45054 49854
5466 12280
49867 55059
50886 58047
66883 81074
36254 65226
37203 87884
3158 81435
16290 84271
12001 95018
532 62851
55619 93227
30397 75889
6751 13231
28244 72131
16413 76878
29667 67150
19369 66721
9310 56965
2721 7200
35482 81806
31822 34305
39003 69962
66748 71720
44714 63570
72606 94369
58843 61173
1083 50089
64388 83984
4880 32027
24626 54931
1809 3642
26112 61401
15296 68809
12795 89456
8000 69272
16065 26799
5797 24564
2680 9589
2486 8742
5987 11221
34876 46769
13960 15931
18379 47216
15996 68425
24436 62949
38385 89714
981 6776
6397 78647
13448 84314
16732 64885
46365 62760
9624 75482
13346 62563
43004 57810
27588 51984
51409 87701
8311 73135
57709 88983
9305 25098
46645 55023
53513 65058
51589 82111
41395 81191
17033 25482
47688 71547
41708 86869
17901 83675
983 27370
27398 74901
31098 51253
54730 66640
24155 33912
40303 52967
15864 90525
37984 84653
34531 80013
20818 41437
41574 49126
70844 73101
36293 90266
17383 40325
39105 67231
586 77440
35172 43050
19372 81580
51981 72959
52711 63651
898 31242
6106 23106
6763 37356
10070 51295
16080 87667
14717 52056
91969 93171
51462 78279
10407 59922
9130 85692
2201 3241
30511 63517
50100 64106
10002 57535
59947 93346
7468 80333
13598 92132
16098 90893
32153 50732
11128 24372
20184 85410
13163 70776
13864 89201
24255 92331
24044 74588
60879 73958
13588 81069
82605 90432
50759 85603
44494 79250
18222 83218
22716 93093
54244 93103
25517 52314
40915 42950
23615 87385
37719 63842
9064 53559
18969 27039
18656 88534
3097 71692
68023 93143
20011 22624
16550 49017
2495 19400
54494 84805
57392 69134
32883 84149
61610 86989
3669 16598
38045 43375
37128 74898
15975 82438
51620 87004
1591 64347
35003 38388
26140 73880
32712 44363
42073 45226
17690 47309
59072 61906
24418 59568
24331 44886
37843 47446
21107 47075
70304 93248
30275 54284
31803 91696
35610 47081
38377 87598
44972 71816
1775 56379
66854 69035
2699 83705
41093 91026
54555 73073
37356 86898
56462 57483
5868 86665
27091 63518
5485 86590
40249 79214
35620 40656
71161 87563
9546 15782
23447 54800
27427 82002
11537 30127
35008 73256
18387 29887
586 18332
11904 80285
49782 58835
7899 38697
5338 54416
54690 76395
59896 69361
49368 87707
61711 64499
30707 64812
32548 94193
59385 71940
35482 82226
4055 65048
11561 71900
7988 75659
1142 68638
15521 17199
47757 77196
70516 83392
22793 57522
56060 57179
76342 84462
53227 91145
22087 53515
56723 76674
7731 78748
2024 65614
21782 32523
36789 57630
9204 75359
75692 92071
46422 60736
1606 78477
56303 89860
25620 30208
71712 84260
39387 60017
50130 61825
30441 64196
30044 84688
8675 36893
63105 90294
5076 81209
44517 46860
75005 90260
35716 70071
2000 19516
81259 84072
21702 34610
15324 76851
69769 72061
32204 60920
24642 85358
27939 33491
78703 79169
9999 90747
11652 50879
18020 72409
35803 37225
80633 88431
30322 58955
23402 46483
29011 81283
4347 83635
43924 56034
39290 72311
41897 87276
9924 53710
18959 72405
63637 77090
81366 85896
51130 77106
15213 48483
21755 45090
1147 46318
9664 37399
33128 38557
10338 12146
23870 27703
46890 87464
82423 85838
18548 86502
7715 36303
49469 93500
19374 35921
2958 49760
19970 62999
12607 75278
25960 27462
23528 26751
15538 66595
42690 65385
7751 22746
85894 86366
25537 87866
74833 95444
39510 59227
38232 63870
8223 29773
10186 24406
9541 56996
22411 53013
34299 77326
36055 87883
18431 51318
44676 73595
6856 71178
12345 26213
47416 55968
62213 84119
28109 60603
3954 34550
16272 52150
53181 94860
58510 69296
76296 82581
65545 87307
53754 58263
56716 95157
9652 32740
28484 28984
72794 86175
82144 82762
34519 89738
34813 44187
346 58590
3358 51829
20118 54234
13178 65683
10811 28068
25742 35918
3610 86576
33222 40538
6410 67436
29142 69891
13266 16238
35788 53146
1761 92715
61027 76321
27856 83165
64954 72627
37523 92592
1793 25554
19627 41916
43081 55465
13559 62986
29374 70688
22774 38254
72764 80525
10608 72266
44835 81618
78450 89008
50495 69565
31060 91754
25775 76092
64905 68717
68252 82643
10211 42079
17148 64159
57180 78190
11200 69310
22679 26063
12687 25789
44707 68062
15372 78450
14924 80965
7270 55898
42870 82431
21444 85541
73443 73851
14261 40101
12334 61078
15882 30506
76428 83092
325 53674
5525 13368
20536 57298
8998 31459
25316 95074
1654 9597
10306 66336
2184 53394
38023 88162
8888 78427
36611 81672
45852 75198
23272 47518
35542 38304
18865 62497
16715 86047
61316 61926
88148 94199
19446 53051
3659 24394
897 71310
32173 49259
26555 60130
39171 56354
25092 77769
52022 78673
3273 26435
78379 90531
34703 71921
16194 61680
77418 89185
83643 94788
3639 79241
67856 76862
58646 60787
29512 60578
16850 64785
41633 63326
56919 69232
58973 65157
4982 89826
15998 45424
47725 61982
215 18605
9722 40917
60073 73316
33058 72166
26024 62395
56049 86316
21639 73921
11940 38053
44966 68988
6567 90459
1908 43479
62375 68140
56328 62869
43429 58809
35107 64746
4743 20872
63809 87265
2587 32606
19729 70507
7016 23011
16334 85172
32373 39655
70158 91319
18929 81622
61510 85720
30771 60688
27907 62213
15706 81116
23319 30702
35524 80128
82130 83855
29125 67618
42288 77692
11621 81507
54966 69699
4947 19789
15062 23615
20910 76969
43537 75617
975 20519
28894 62776
53607 79132
44749 80589
80345 87442
22044 84854
2115 87853
48009 72116
492 62964
70810 74692
36004 87820
42005 82956
37364 89882
73883 81028
49806 87944
15523 22269
34762 73029
83301 87912
23651 60465
88026 94319
65137 72532
7462 50200
6751 49518
5121 57924
24871 84655
21895 83502
37325 66244
15745 61925
2282 57961
41420 90844
25329 65724
2336 13037
33648 39306
9401 53394
7107 11486
11669 71493
270 53973
16983 34834
56692 84676
72945 78043
47953 62101
20449 60186
194 56262
56598 94797
45394 47212
28015 64356
12366 28203
23366 81843
23626 45598
36577 40650
3498 46913
43024 43896
10427 75710
11810 90572
55087 66766
5728 43813
26503 40292
31205 31270
61504 77648
18589 88646
4100 7823
8493 51739
48828 89554
17494 82790
13875 48294
51852 52095
11045 18002
61525 92824
4149 91437
10820 17701
55779 71901
18097 95544
36558 60234
58726 90878
8691 56310
72855 85842
25578 41120
34543 94741
7669 55050
41897 59467
68988 94860
27066 50041
50729 85231
66795 70160
53919 71960
39694 80891
43982 44875
45062 59494
6669 19143
29010 51272
59502 70794
40750 81811
61894 92857
51874 63718
45976 81761
84181 90932
18784 30445
4302 59673
863 80049
23283 45281
26239 50189
1444 61256
15599 19431
64714 69728
21434 47551
61137 73540
25299 86280
24626 64667
12657 59696
39588 41297
45769 51564
86257 87725
33410 69785
17065 54156
590 60125
21985 88242
41667 73804
79453 94836
34330 44050
12316 52873
44389 65797
46669 58133
25300 83396
27216 51371
22480 42637
34235 79291
32756 56613
64531 67196
58622 74755
12942 63427
68046 91729
62146 75781
17082 28266
43305 52311
33776 70245
10480 51790
38321 49796
33063 95308
16187 45010
7794 91760
38774 92054
33909 87025
1373 15010
35046 44162
1283 72981
9863 40625
5095 39259
24264 80247
37985 69534
87770 89563
55070 77850
47018 57083
17984 64940
78019 95123
90048 92488
786 77580
87766 90847
38695 79393
17415 54713
44379 63843
1582 95627
29802 41967
31083 52590
69787 75997
31769 41836
15127 31927
26707 75777
22214 91965
25539 86533
74587 95388
15439 90429
20017 71306
1799 88489
47552 51778
16301 82397
37548 83561
30273 40598
44617 88041
1547 28624
34773 72718
5137 18101
57457 66014
45472 73622
29689 52259
12077 85235
20980 63932
47323 73771
17201 65992
8518 56334
19715 32191
6381 52503
45475 55348
40779 88644
27166 55687
70320 85012
59699 91352
30528 66488
6530 36831
4809 11162
13152 84446
25585 80628
34490 76308
49153 55962
86243 92902
25171 75902
14562 47750
34427 72329
57358 58903
32905 61657
41564 75376
51190 93165
10646 85463
20590 88461
53283 58961
3385 70618
39361 69627
38366 72668
4505 6490
6731 41262
55631 57466
4919 72721
41734 61621
28452 55696
57795 74913
17368 71596
40465 62978
27866 83234
17165 60217
37613 46844
4094 60306
5662 20401
20622 84805
44547 76275
56700 73294
3603 89083
1330 82534
33975 74268
30941 77771
23996 41862
6076 28289
15869 49003
33932 73675
59450 79271
22281 55545
47927 80595
17020 71155
21823 29711
25640 36980
53327 68062
30473 48022
65922 85398
55630 80410
6241 28748
20660 28347
58837 60580
42328 84771
17343 83428
41261 95171
50208 86762
62075 78372
47103 86491
65109 74961
7379 63905
28047 83413
6550 87143
33350 92373
8768 42875
66657 92279
5840 18495
52915 84581
11136 44863
65161 89699
65177 93054
6884 17830
23772 75658
10946 73426
16829 32048
41865 93732
69250 77229
32196 86898
51616 79967
10511 61635
33254 44916
25151 84956
224 27208
33539 44452
57907 61420
11619 34209
52261 64372
5582 68470
29564 68064
8402 82363
70943 95614
78628 85982
11163 12199
73811 95594
68258 75605
21351 86408
76737 91107
19614 82492
218 30220
36568 66204
32997 33261
28933 45640
34697 77171
74338 87851
4389 38587
3500 80673
40842 84863
4143 55715
344 13842
14609 79593
62010 73806
21301 60514
38586 39738
3407 78602
9624 38453
27640 77413
19518 72757
1929 74519
52829 59924
35507 81756
58434 87951
71069 84478
14258 86877
35887 78377
57965 81120
31953 81096
64505 76058
26983 73762
34845 91800
77945 82058
59887 89260
10224 38060
10164 50944
60692 71969
20582 55510
43766 66369
24155 43346
29898 57253
20614 28681
29610 39832
62172 93540
16260 41963
78248 94877
48440 58380
4562 71206
7933 67612
46377 59759
4657 7753
49130 91214
10534 26909
50119 58100
4446 53008
64918 82492
50846 69012
52003 55081
50316 59677
12534 19767
47268 54156
9448 55558
72018 79631
7861 90415
13014 87990
13394 42700
45636 73302
80005 86590
46412 82125
46867 92039
13419 13926
62257 74296
2358 48839
14079 53207
16300 73086
61906 76802
6945 28782
55648 84111
22516 26431
4503 95673
51968 70940
1763 45370
26625 27528
19725 88489
57737 65260
27450 67546
25008 31547
3625 35767
18413 60334
19466 57824
40377 89621
22434 84711
30231 59567
33613 46809
13726 18923
48366 54528
63094 69861
68287 83518
60800 87994
55544 92786
54100 85627
30804 95535
34384 71202
65307 80420
34698 64182
1189 52003
18749 47449
1223 27414
54065 66886
24524 68425
2930 54046
74945 93431
55143 77057
11026 31809
41464 76427
36703 39592
61163 63387
19985 63901
5572 33591
48092 49023
39252 46440
67369 89925
42977 78534
43625 56717
38173 71915
8994 75830
23627 61904
19889 33203
31105 83250
9460 21257
44025 70201
44883 69986
783 12395
51415 80312
39805 48551
16873 73787
17234 72058
15795 94868
44341 88278
25416 74642
84336 85294
44874 71503
1163 79714
74666 91041
46031 87804
33931 35805
2652 45825
248 23470
27144 48592
55103 71167
6223 17719
34901 53123
32422 63197
67800 85352
18248 90490
10480 77448
65871 73064
84612 93714
26730 33197
13746 46422
9434 39996
45376 74086
33215 64511
58336 79770
23699 25043
82145 87073
49679 95332
39355 84649
50722 88320
34910 55198
28886 95176
19925 48448
5521 65580
22948 72143
69005 83324
5272 5654
16207 19133
43093 51241
66686 73363
22699 27559
6043 51241
11228 83017
15869 68557
6934 40883
17934 42367
30950 36821
2083 32056
13681 81235
35611 92658
3558 85788
22662 26580
58972 91431
10165 75837
49019 67300
5277 29847
364 86466
9552 57355
28334 93684
18973 41000
30262 88533
31620 38624
65169 85800
24527 27461
12149 64321
73808 78521
10081 39250
3383 19501
34762 40563
18863 36788
10792 26238
25902 93405
13862 47047
11982 22291
25618 89286
33631 61274
2622 81512
45410 91942
33381 87529
13002 21715
14713 30819
30937 95087
876 67668
49063 79448
29498 37888
28249 44677
26959 94798
334 68971
26424 66167
41869 88589
42594 77294
61056 69719
49643 85116
16361 59824
4926 56893
51764 87441
13762 27334
56139 75395
21734 55603
40093 55725
47119 91789
2523 77975
32293 49341
44497 69542
36029 76631
30034 62040
50054 56666
34981 80026
53425 89125
12195 71330
57104 59982
39454 85667
53666 71062
17479 71489
60405 73346
50623 79095
38713 79550
16869 81349
52927 68589
6099 70885
10432 25127
66485 84789
45167 62699
59032 69029
36289 44552
51333 65980
17955 72518
3722 47621
38451 51370
41266 42565
29082 75271
25224 74401
82782 92166
58304 90777
7319 20744
21338 80725
73999 91110
31799 45129
11564 92087
58772 88194
43578 61103
21477 58999
18608 38897
36905 62867
66833 86421
41125 51665
54275 91612
3690 21551
32298 55887
80221 89220
59021 74225
72492 86296
31319 39312
29723 63923
34109 95160
68533 68724
8457 94295
9875 26817
50655 84091
21542 72245
62142 67184
8318 78982
4809 47632
33826 70786
10476 49462
5560 24255
9968 92245
5013 12899
63534 65982
65713 75431
1261 95651
61014 95148
1706 23558
32119 66214
19381 67317
28417 95369
3332 47831
30732 49307
35523 56029
8549 82356
42922 93196
25642 35677
31400 80623
19235 88536
14656 17801
4240 58796
30369 71493
7549 8468
18988 19056
23932 24782
69498 89950
37200 64732
27958 31527
64897 89211
59247 91914
21838 87679
61325 74715
11597 40199
33806 37344
52910 78170
88255 92503
26193 84592
34690 59137
3003 16101
66274 72933
139 75577
6654 25804
16064 87460
45824 85279
39074 67215
3546 64843
84781 88904
29439 45221
70664 76486
44012 95442
28339 56798
45362 46910
47875 50461
22196 70856
63387 70200
10499 38688
39044 90458
31300 63571
30041 54285
22076 40000
70488 87629
31402 88391
46688 64180
20762 46769
49741 57820
13950 91480
79866 90572
21453 73340
30976 80236
15331 29021
25382 91816
3623 53065
79062 94630
46806 64574
56703 63742
25382 89792
58254 78402
20438 90369
54804 83822
58514 71081
57413 80980
37416 64948
62139 74614
32270 74399
8233 67060
68475 80360
3874 62502
28835 93324
25010 61995
40458 51372
24915 79675
53842 66351
48727 92453
57897 71753
37522 86857
14879 61300
23989 58073
76600 80647
5976 62832
24159 76933
49062 55242
1490 30406
36872 81474
36558 69943
12394 71107
1671 59623
44575 80075
45420 55966
36047 75761
47306 66808
7070 46551
28662 43270
6138 22244
87568 95149
22791 51772
61073 70633
10742 59041
10141 41760
1381 18648
5680 8066
47903 62251
17701 94328
92055 93422
45184 63303
330 32048
14429 43849
82747 87736
16714 63005
38724 82407
64289 91432
25122 91216
28804 56273
17246 58976
7767 85206
33463 69099
51664 61837
8164 51652
9711 23305
84456 94636
4009 57000
69478 79616
59734 86315
40101 80002
54920 66604
21368 67475
9650 12826
15700 56362
28673 78553
26449 53873
71737 93436
14058 66847
10105 49933
64401 76224
41553 88831
39062 85061
58601 78831
34540 60575
17417 63513
20467 75429
1279 91502
11475 51297
16409 33670
24849 67581
57530 77534
14811 86311
43526 69434
22023 73881
54506 58431
47910 92486
56470 62272
58673 91475
36722 54658
37729 87667
18039 92664
11273 23653
16666 80131
74284 80378
13183 80114
24168 84189
8858 57433
66152 86302
77314 91099
22935 35766
14539 59284
11818 67816
36680 72792
58953 76130
4659 54270
18733 70103
65101 72828
32908 73766
51875 60019
25370 73254
2602 15242
70164 70664
24077 93771
30009 53124
3189 11906
38261 89898
1925 30694
75864 86685
10265 24307
14858 34992
35556 39899
37561 93838
4542 91181
45863 72107
26507 61478
50497 60769
15066 33508
1599 95127
48929 88438
14854 37434
16408 66418
57343 75632
17526 61631
64467 88488
42576 53893
26168 31560
50801 85198
27665 61948
78926 94324
34576 79867
68668 83262
51553 85898
7549 67834
50256 67254
35938 56840
6440 7530
3556 54377
4723 38950
19036 37757
84752 88888
51862 70185
54362 85548
56924 69015
30750 54702
10298 13320
48475 85908
25040 50275
56576 61974
41601 41898
9908 23908
37278 40085
9196 30530
23100 26614
21051 43243
8381 18659
63239 83846
27000 43948
52822 63776
23791 43483
84155 85145
5748 67049
45614 49153
41689 68233
15304 71309
32436 69494
52096 84553
61198 62328
45016 66477
51527 59894
45602 90323
15699 48249
44609 89553
25395 29420
12862 72416
801 54194
15184 38464
25788 47904
50167 79834
75499 77310
8701 80357
35176 58455
18375 32806
16770 75443
54756 73021
18667 40239
48883 59073
50489 68213
23182 89310
14944 55877
2399 31309
17330 67410
7572 66664
27223 67385
37801 50438
6602 43728
29360 73042
25643 48364
37551 56275
77051 81464
51879 81471
40635 42774
21872 40498
56091 88135
49254 70763
29276 50112
2008 50609
26805 27070
51113 56017
72347 74985
9357 40084
6512 23528
36417 73717
10571 85695
24172 70818
63546 71542
76192 92698
3349 37721
19805 79529
18019 77307
24262 62160
20646 47410
56452 82167
40981 63791
4326 29517
13396 41996
24845 63350
18798 53745
4762 50816
22502 22668
29897 87322
19106 70838
41343 42963
33589 85237
10657 61113
35441 42633
51696 52536
33618 41709
25810 69891
21988 87120
19694 95339
5072 79995
26045 41417
37915 80841
34548 36000
42538 62946
7499 63368
71418 88367
16704 72466
72262 90857
10724 26311
10860 37655
85522 88282
9924 63468
2741 79439
24327 90834
15226 61083
1434 87682
46371 70962
6145 86615
44430 76416
28648 37355
77277 78260
47880 56015
30543 74911
37023 52780
38794 42351
7007 59674
45760 69088
51969 70559
58074 88077
39763 53442
26805 44666
6864 31979
84161 94171
38545 70238
13545 59771
5178 21367
1182 56927
73530 74135
15056 36355
32753 77167
7834 50220
24677 36064
22482 51721
13392 63110
7750 28143
18382 52707
55003 74584
15657 95493
34971 92308
6483 43974
17266 33685
80544 81427
19092 74022
10126 46382
40405 75234
28715 51786
8132 24585
14732 78625
29125 58699
52869 60183
11502 20946
39099 64779
24302 45566
60700 69140
27911 37780
16613 23500
13143 39391
16650 48824
15982 67349
21550 58571
28986 56637
25724 49106
4407 71412
13336 31018
31050 44981
4311 58592
28007 82719
23323 47512
3565 86320
45715 60682
9306 61057
30975 93053
16336 95466
4014 17589
88675 88975
29269 59507
51803 95020
18338 60786
51577 76404
16238 18022
27271 63536
44701 87881
49820 68265
43974 66502
41048 48730
36943 51028
62961 82991
10848 88508
72181 83518
15330 32567
41026 62106
9681 12766
29034 40437
45942 77764
16384 25660
19015 48175
18443 86038
30387 56536
5925 33822
35536 91954
343 37392
15335 19522
42523 48152
34595 40764
36993 51014
41857 48855
34679 59718
55218 78027
86113 88071
19993 81752
19152 32501
5503 14118
9202 84924
25194 45260
718 64088
85054 88120
75898 91018
40974 50515
44269 52903
36679 50314
76097 77108
13793 37215
32770 75067
1515 11209
86374 93156
9879 36859
1431 13829
37605 51325
12000 80742
7148 27278
70033 88403
24624 48262
16416 54392
23281 59823
41603 55047
65796 71528
26473 28922
2400 32580
23696 48905
59030 89147
15820 22919
70041 89235
2119 72283
11434 16096
45084 49115
7228 95134
93075 95503
50435 51198
37064 63982
8720 40764
15638 41539
31470 77015
6642 90287
12886 20387
33406 43341
1410 72128
65382 80009
65786 95042
10053 26499
375 71857
60179 91863
18000 54004
8004 66861
23817 34268
38316 51446
995 80717
42882 74805
44373 62130
4658 82768
18186 34272
8559 14357
12044 68368
74237 82302
16987 59265
11955 58972
4067 43374
5006 14395
78556 91467
26841 83765
2365 32299
20146 43942
44211 83301
35692 46630
23835 80548
62413 94596
33897 82304
507 59856
4471 19499
26331 55477
80305 85031
13473 72067
2665 54193
13059 57957
22823 28561
2344 67716
15786 90108
20008 20624
5992 55562
40148 51771
10533 71766
53557 82022
44485 65684
20573 90727
5349 65977
48326 81485
9754 68011
41532 67148
8252 31361
43391 71908
40109 51664
60138 63227
43549 52987
35811 66080
23431 62764
24292 73268
32190 86985
18565 34346
86371 94377
44335 91724
52274 69731
8418 13047
82423 86837
7892 32092
26509 41410
40642 68125
26246 93384
40165 80408
11465 22241
34893 67060
46637 93778
26809 76790
78613 86529
28088 31285
13342 50906
4235 66150
249 55314
25463 54286
13024 94429
59427 69198
5134 64830
37192 90327
36385 69565
6612 66379
43633 88571
35346 83882
21897 80048
43537 48835
69533 77157
10431 30390
55334 77039
37958 89131
29966 63088
9830 91456
17125 33458
43715 52372
29254 93075
36940 55374
3906 72989
52912 53930
29411 92383
81550 85209
3441 65507
7003 69972
20022 88739
54880 77029
17311 47032
2119 32463
9037 79898
10074 18971
8563 21265
27772 49895
34454 79960
18652 57035
30154 70501
11902 91898
28562 76787
65520 95277
18885 48000
89341 94903
2217 20058
2932 33026
4173 60792
5850 18395
10419 66994
19545 56601
73898 77293
17732 27081
66148 71892
8377 70759
3089 35300
30012 60194
27075 62685
597 44852
38503 72877
21485 28927
77311 78944
63925 90815
15440 31407
33944 84332
18724 35515
26665 28517
75227 79770
46857 77360
37997 93340
42092 44812
52057 82221
7145 82365
9418 47452
25193 95451
4470 79848
56745 95716
15661 78379
24462 52568
36836 80616
66307 85343
13113 86250
11655 36863
28147 80072
34049 39123
20408 54781
19757 63486
33820 58337
2821 77303
30131 45877
18080 68851
44831 93795
54731 86288
80825 81058
38350 41996
70719 83616
28080 54723
14041 75617
16799 38091
36906 91391
56711 72622
22583 80865
30380 63898
77235 80954
352 77008
22865 89251
17110 94391
25074 49437
37583 44825
59060 85490
82617 86216
16440 20934
55442 79859
31553 72585
23595 85646
14939 82959
2621 65389
27644 93789
25645 54051
25048 78925
70600 81434
20983 67579
47791 52436
29830 59235
18798 22266
19129 67855
17649 69017
62145 77858
19931 50811
42135 72517
70743 91236
12167 33313
25625 45010
5250 74598
67334 78916
26589 31926
632 39027
6791 77081
12993 88184
56016 80491
14858 24076
21968 79127
10949 78875
14103 83796
41948 86185
14070 50091
11266 24168
64302 78718
43917 88907
19 67061
34196 35454
9550 88790
5400 75821
10694 79290
45185 85746
54367 77592
29692 49632
51765 69454
26011 76706
18995 30007
25430 42191
78403 80555
30437 84731
83299 85973
27623 66351
2934 56381
8929 54152
56405 61596
968 9736
22008 92939
27252 94371
75062 86325
67058 86623
1940 53455
10699 84631
24430 75851
25400 44820
9389 17727
30534 36381
12945 68766
4141 16658
11433 88289
194 14507
16853 43852
29715 60275
8367 59848
47992 63297
9414 26690
64092 65120
44053 88659
20098 66919
74375 86157
31364 87852
3594 81555
13902 17998
82114 94157
70834 75209
11537 37741
64735 70806
7969 10629
11643 13330
18244 55868
28974 56568
299 90501
65705 74859
26626 78347
17722 51804
21017 35100
25397 41916
21616 64631
22531 69427
61056 89007
429 67375
29678 62975
15254 50382
15735 21472
8568 72193
9138 94603
23329 64535
7851 38940
8929 49571
54315 81034
86774 95190
86409 88905
17235 74712
60101 81116
53180 56752
20530 91811
57916 74542
9364 73063
1513 53128
8999 18324
71602 94622
66368 70551
42080 89349
3872 84537
23346 29258
67224 79355
83016 91526
75027 94185
2763 66954
61054 92333
23902 95156
5331 93802
28579 39459
32864 95110
15615 91835
31246 37682
52657 61804
98 72036
4526 6822
16249 95044
32798 61031
55679 93707
7185 65758
53130 57103
9426 78165
92329 93238
50416 69224
24403 50452
38681 94183
4316 72940
40765 88370
46156 78809
18836 65430
2493 58550
47501 78032
24314 30699
58093 80692
22396 77781
79266 86329
48083 51122
44986 80812
9509 85664
58761 88468
10735 65810
55266 83506
57454 84649
54355 92936
54695 73725
22824 67278
95363 95393
21549 33361
46903 50776
40739 53356
13067 74572
12308 84001
22317 82267
33654 94466
27536 44585
33851 87380
23251 71046
35175 83918
32153 51201
40140 90060
69770 75963
43640 79254
10500 15320
55153 63377
21435 25332
38243 78957
57930 83773
341 4921
53552 77134
45617 76730
6439 31071
13638 75727
49004 67089
13483 60575
87590 92988
9239 63380
4894 89709
57600 72147
8033 67399
37468 85272
62651 92469
26232 32114
11274 86195
20374 67020
5389 24131
23831 83838
43645 55924
55876 89896
32654 43589
38111 80204
72480 85925
26979 66602
49904 75495
1837 63213
11491 62817
41972 84300
12795 74092
72328 78080
31774 95507
31391 34550
55275 87568
11884 87476
2662 47231
4594 55851
35766 80205
17084 25332
74416 77939
4998 26324
60395 66066
23962 37736
50310 69369
11375 49747
48816 71672
39696 81132
13447 35324
66623 87819
45114 84015
29139 89272
40392 82552
31636 66438
12574 70442
60291 84833
25182 80109
16595 67082
18512 64880
2174 68013
3049 23242
33039 63561
23417 79500
28280 87820
9830 80715
46999 75037
28529 43762
61670 88376
20392 36398
4 65167
72569 85953
9284 38837
61930 94193
23484 33670
26573 77287
11381 74645
62496 93221
90908 91335
81739 81979
71766 72957
48769 60606
27447 48558
30209 86206
24663 56553
4371 11431
33629 77311
26664 31367
47790 67831
12721 78310
49072 88940
31108 82206
20029 83459
9664 94024
8758 69954
16741 28569
73644 81478
19833 43021
35719 41778
16517 91659
58738 62881
26612 90801
36566 75064
65146 74976
10041 41659
49348 76687
31975 92219
45799 63810
20119 90923
14504 14779
27825 78576
62981 82389
51711 63274
2465 28691
50263 68622
5684 37148
25952 73044
28191 61945
58389 76432
11768 42368
18314 58197
77434 83045
56484 90369
17956 32690
16940 36036
30283 90714
16059 30532
72420 78525
25435 94838
18750 67837
29280 45485
27350 78546
21225 95315
79432 82898
7224 69124
27521 95614
64825 88024
13099 82818
29304 69295
28158 74138
57873 64433
12884 87724
6754 34856
13873 50383
26436 76265
7914 8535
32267 88491
37820 58866
27704 54617
29933 62665
26454 44383
48209 53041
75257 78210
49239 50868
15058 61269
50984 56822
55569 89422
6747 35747
19801 62132
13980 35810
33990 83585
41649 87903
27134 80717
51567 63460
15327 21738
33777 82874
12434 23424
24329 92052
18074 81972
52098 67999
24275 90064
20001 85019
5610 43595
57402 75534
14669 42989
72200 79312
35109 51778
14265 38605
39743 93289
66794 70522
9024 90223
46522 93570
653 4226
27659 75766
30500 36837
17877 59090
20821 36901
46504 62385
25511 88807
6678 72513
2550 81848
68078 68376
12273 82726
3319 30194
3519 70354
38135 79423
74864 87975
13335 56104
6214 20376
12 19414
42528 43068
48685 50798
35997 72221
50699 85725
50964 79879
40348 66744
9591 59383
9344 53878
46757 56428
5698 62624
51482 52427
11549 58870
13001 52842
796 26563
12672 13428
7432 46631
41023 86042
33859 86399
6938 95188
31185 85863
12775 89542
11636 63411
15619 44891
13562 46896
22080 29731
20073 61685
39641 88146
73001 78190
28497 90061
7576 31511
23711 82680
34245 72069
10279 75343
9063 50410
2107 47464
40445 72920
24527 46795
9361 89449
10867 51775
4361 64983
30625 74496
31796 78018
60161 71216
79782 85356
38929 73144
51887 84708
21398 33771
25181 51818
51055 83106
11967 19679
21725 78330
10440 36192
25372 68120
4382 92931
59220 62672
16795 53621
18183 29412
84866 91144
26178 55142
56599 68209
69680 73352
46091 70261
67095 90388
35038 41192
54083 73719
21439 39037
33498 69975
48584 94289
9468 78477
25029 95652
25800 72747
6103 8604
3541 30435
3305 68485
37476 51288
44206 52277
77531 85461
16829 27140
3668 71857
90884 93232
75082 78986
15079 53874
8069 32317
633 18951
32753 74383
75587 87949
3835 54667
21137 31451
19478 90682
42 67148
49620 58404
77494 81363
14837 48343
32071 46721
10730 23343
47368 57225
55088 66459
57516 66673
34018 46224
7130 15247
19890 22830
47929 87417
41124 92751
3581 31385
20148 20230
48702 91507
36320 41164
19071 74190
42828 70250
54670 55554
62213 70860
54584 91590
34542 48091
46896 89409
9331 85672
23612 31961
36210 62216
5890 16634
30948 76749
20774 56010
1679 42906
39889 66546
12340 57382
19672 54231
23587 32469
17529 30272
85007 86480
64592 72739
48642 64641
9240 80990
884 24106
48270 90473
43397 60611
31148 57419
14998 92264
26024 80696
31554 86589
15294 70035
20093 50720
70439 94609
17915 80842
26607 78369
48725 67013
63955 81324
24445 29959
23222 94710
1727 51334
62051 88555
85463 92429
81706 88349
3714 44827
14755 42951
6022 58763
69627 94658
33773 76092
15062 89203
22646 30824
27961 52910
50375 80259
3523 85082
15296 27116
28981 69023
3757 18404
58415 73673
33428 64134
1994 76089
12089 24104
40816 53329
36103 55512
77261 78945
42618 67608
6004 81985
70653 81018
58580 87832
35713 86568
61557 62764
6741 17559
43751 73621
25189 29867
3461 48952
13474 41602
30480 87438
46068 75770
28040 45304
6421 81584
52463 73197
52524 77630
17454 63998
21099 54047
56340 62054
35139 39193
3357 83894
28546 63412
57071 95679
45740 91839
49306 65857
20607 26819
46300 72597
19665 52810
29517 93438
31075 83817
83 61870
50967 91378
11819 93228
6563 17761
6697 48972
37063 56129
41805 95407
5686 77129
18756 69333
1094 94642
73941 83452
29338 50547
50834 86667
11810 16746
75664 90208
45216 76801
44879 80823
29169 85588
61454 90025
26570 36371
42567 92024
62906 70630
15088 87489
26881 59039
77113 94270
29010 92653
56738 88480
60196 93893
19612 71684
38718 90965
26795 42420
2589 11668
6430 53199
27062 61289
24476 74498
61942 78930
9041 77166
50209 72565
11645 78766
12305 71027
19925 48198
20202 28246
32117 47010
35226 62234
59709 63726
50019 73813
15377 30547
2277 50782
22280 60634
35327 83622
33875 62684
68015 87830
30645 31768
10338 29245
9705 90137
5306 93970
67190 77953
65089 86361
11639 88304
8132 40920
12262 24665
67372 94026
68377 78473
84344 85350
9252 75310
40394 43701
56237 58544
4976 54586
5418 22214
29011 32907
21587 79109
31931 36407
53995 56748
70761 74974
1251 67364
84172 92496
14797 69074
8251 33526
63377 66704
68415 77407
44502 94157
28204 73660
13929 44580
8975 84645
55755 71081
33461 87730
61730 68537
8358 82362
46079 72043
49914 87124
71539 85830
47867 56194
34458 93628
36879 79924
18159 90382
22232 88532
25897 35298
23932 29026
82106 90537
20669 50007
28878 41498
37926 66986
1945 69869
75160 78079
13007 42753
23330 63733
64794 77119
24290 31872
14400 44240
36753 83948
5182 28086
1576 85071
18353 37002
31029 89066
28245 37974
55690 88647
23263 69695
68558 87567
3947 68407
72157 75760
36810 89007
16671 20815
30804 65172
31546 66263
50314 75182
54796 73874
46720 91997
18439 41188
1415 24934
47541 90131
62782 89003
4640 69353
43538 45205
40831 80075
81988 86464
48589 67279
3711 29396
17495 93834
21146 36536
20476 65524
17017 53464
55284 66874
47669 66185
14534 90566
21795 60959
58081 61622
28509 68249
34548 83078
61178 61630
29444 52453
3423 53000
18317 22337
50875 80093
7454 35857
9524 38807
1827 23922
49143 85077
44203 92500
27492 57741
64447 75243
68920 75934
37542 62663
9857 46830
43212 51156
11428 52289
12637 86964
20552 38495
58414 81842
45819 53329
62431 74607
2910 90253
22203 40115
67071 84463
73801 79213
64968 86368
178 9637
16825 71855
316 71382
29087 31042
42223 89800
10012 27781
20519 71322
56069 91384
22581 91714
3955 39302
32904 69456
8093 88931
46025 54088
49814 74373
15831 19467
35231 67490
21985 33942
51987 52255
1793 19545
57237 65783
24202 83502
91258 94237
13394 90342
62506 81673
2103 54448
59370 66612
71705 85724
33732 77545
27010 31776
18762 26649
10308 12523
54280 56660
23343 73308
13343 55667
79219 88823
33526 58690
35692 80004
40377 94462
73533 89078
56137 89194
68739 92271
68623 92801
27390 34561
74424 90044
30841 35798
62941 77818
80260 86745
42159 89869
40285 46869
49730 59822
2988 7224
39123 47287
60187 88111
38481 70834
20629 28623
34398 70939
53558 55027
58280 60419
50312 82702
43292 86328
59064 80855
13144 69359
64728 86353
34193 59932
1055 31416
36629 55700
1922 63113
2287 64789
14176 43359
19850 47457
68834 77042
7416 60187
28487 70736
68439 80806
142 89681
20601 52324
41799 53614
30889 70415
35324 77738
31218 74846
83174 84352
44604 79554
28176 65094
43121 46773
46236 66317
58411 63011
80867 91922
5218 14032
64985 77481
31497 31630
78049 79995
85946 88287
16924 17982
38809 57856
11817 62548
11508 51745
34982 35276
11440 46611
2009 19777
27882 77573
18116 34959
39103 41776
55779 64010
5109 29044
3325 73349
46920 92366
2532 16990
65282 85165
93630 94998
39139 76088
11819 66531
33383 60593
19363 59159
88385 89920
36811 38921
33153 69954
61539 73456
13028 23578
53454 88298
19593 51959
5048 43993
8862 55168
2520 38928
60361 95625
8359 53706
18197 63479
20260 90870
26084 38420
7907 47798
52679 57017
5401 37948
15439 15675
839 33304
16599 67083
5938 33064
16074 40281
20607 47124
65013 83759
4009 22078
60317 75079
14178 17412
54040 83322
48420 69150
24761 30878
43981 70485
739 33668
14545 83221
45506 61240
21648 36322
31732 63648
35691 43835
9106 55705
11553 77130
37961 91485
8121 69314
13256 14036
33408 83082
30808 59820
671 34889
9742 16602
66532 93627
10390 50841
3219 71181
28520 75436
7168 36998
31442 45400
50365 64425
45237 57221
46941 83986
10077 52406
502 28160
59529 62694
75863 84782
17901 60092
19749 78664
20097 85286
1498 70525
17413 40698
36509 90818
943 87475
26069 84480
29913 60051
5460 88531
30623 54579
20045 21150
67426 88814
66566 73784
82526 83062
62311 88519
33947 44358
47189 86358
7598 19540
26361 82302
19933 72078
10127 42656
42991 79288
65391 70979
32553 62728
2162 60611
59965 83661
18876 92896
34509 37354
4410 32158
3296 20466
19252 42698
78 14972
5457 33544
17696 34854
10960 61443
32212 76964
31257 50541
8344 43816
41336 52905
11813 61548
55048 70647
24474 40191
8651 86647
60403 92369
54866 60165
3915 23506
10939 13544
16218 42437
20467 52019
84751 94955
1243 42773
5980 60512
38118 70285
80234 86633
65002 76957
79536 87121
72563 94905
61490 80753
16229 47215
20353 72966
42438 93169
9859 59772
330 74537
23185 46558
52741 76358
7469 84555
35829 69006
10985 38635
44872 57908
49970 60211
32218 94080
1902 86152
35398 91474
58502 84155
84391 93480
24867 42308
67334 93136
65145 86327
39228 39993
19152 33177
2371 77262
5410 84411
3609 70560
20863 80780
7872 64780
14889 49466
28627 49037
10578 63208
3408 30182
79649 88510
31191 55667
14267 26348
47622 69220
3556 77006
21961 76642
47882 49753
24402 90518
67530 90611
53235 53626
34398 75027
42574 50103
40183 87032
34493 92504
68472 74425
35751 69260
14544 39617
19436 63340
2152 82866
59466 62253
20042 90524
57809 71268
21321 91232
41214 89219
54902 90757
41155 52844
759 67814
1437 33419
37710 62233
45218 46937
67614 95144
31024 48062
6967 14549
5352 60517
21092 89067
8094 44082
19336 33461
56486 76833
33877 90941
83300 88403
59700 77102
38534 80522
1453 52814
22069 44817
39304 92248
34291 58527
46295 81707
56715 74973
14925 57913
45985 67945
49333 62692
10828 17896
30378 86219
66728 93236
31432 62057
56024 62978
50552 83248
968 44816
35458 74871
34528 88129
86174 94544
62300 65331
2634 20537
43905 69885
13966 71532
54916 91616
74407 80283
11188 32743
49289 89494
42340 90280
14683 64245
28219 53395
46140 72557
24239 77357
35739 40231
24881 26966
1221 15056
14775 33182
69268 77202
68064 71991
6178 18006
40488 58531
787 93149
31595 70337
6793 55339
18671 70259
4048 85394
21512 94028
29865 42025
10745 59095
60047 68505
115 44674
86110 94007
1202 66362
12068 39629
55572 94736
10104 85519
21977 79169
7101 40514
53595 88134
2234 46728
52177 93905
37096 68383
46100 51991
648 3306
3437 38721
47669 82855
29499 51399
57 22190
30329 57062
34672 59047
5650 57995
17518 51890
30519 65895
53616 57931
22041 31261
4724 64005
25743 33448
46155 70822
56585 92177
11704 73354
7968 57226
40441 64748
81370 90805
45405 56873
19417 46216
55168 67556
23488 85138
70989 71757
30859 70385
58883 69156
44790 72317
56109 83190
43358 93107
22237 77843
9213 67528
2127 65274
16253 52286
48650 79398
27913 67584
24577 59369
3037 20842
1463 94182
13786 63454
11864 45571
739 11270
35141 58607
70566 73738
19174 22046
30988 55638
62993 92750
49252 50504
10030 48342
69817 81563
41878 56317
32767 82314
54657 88984
30790 72259
29079 86475
14430 53203
52617 84603
27975 75577
50878 84583
6160 33697
5008 53979
55391 67144
5930 83511
65072 74238
48476 60726
3403 26322
37225 79187
36045 86017
28970 35733
34789 37513
45173 57439
53446 85153
3329 69761
16208 20826
37395 58463
66121 91843
17243 71300
16698 55385
43335 56596
893 3127
26146 81908
43993 55574
675 60104
23801 40321
34128 65860
27 28826
51771 68431
68162 80045
20495 89373
34466 50849
37441 81042
31827 52210
22264 91458
23782 43698
18408 89524
13417 20919
18708 41214
85078 94883
66740 82426
4947 5296
13 23764
12789 63930
19272 44127
22407 63747
8349 88827
3989 33865
2255 73593
16466 43984
5249 94659
16040 93990
21825 64684
8926 49101
43593 58349
40953 45915
46303 56570
65453 82161
43173 71677
42305 61483
23693 82951
45930 49086
48757 69277
35863 74560
30672 79508
587 51901
59657 76923
40751 41949
12932 23221
31458 66096
38862 82319
40596 45326
41134 53307
65529 78656
51953 57967
27379 32754
17621 90530
4359 84528
5019 66285
49484 59060
23012 75176
27510 85794
28861 68660
54724 92201
60714 93849
63170 95389
3464 76597
18975 30759
19021 85894
14111 31949
78 92763
21286 42738
17145 57020
1526 53252
40043 75201
19293 24119
52027 79079
43419 78963
16426 94506
20124 44915
53006 89889
27731 64201
13624 18774
14852 30655
540 66038
26081 54324
25430 53528
2491 14959
10042 47179
17496 81136
29798 41082
8473 38169
20948 80250
65860 78000
47598 56077
1173 26219
76866 89381
10511 19377
41029 49058
17098 66002
57523 59244
4464 83801
81096 86095
9368 17538
8075 26139
30348 86411
45320 59271
5764 27925
59730 72665
34528 73125
42074 72162
4660 68146
24327 35908
54240 76494
7710 26360
73833 78016
42936 71910
9030 55076
2089 61029
38517 83968
35444 37842
35266 47685
25155 72988
65307 74782
35008 75210
1688 76683
11944 74799
36944 95165
2780 40776
18737 24451
8426 45713
20145 64915
26840 44013
87490 95334
38392 50702
59528 60617
20279 43842
29292 75187
44065 91870
32667 74127
2078 33894
22547 39020
21737 49997
23087 45834
3732 91048
58857 79691
3154 73005
5161 17962
40636 58490
43916 66923
39917 44714
34719 43970
45552 73587
16372 70583
48696 86510
66384 95285
4238 28646
31400 85370
6447 57990
16179 60358
33726 62589
15845 62008
1659 16463
22581 78260
8786 89025
49115 84348
14960 51325
17692 38721
27235 49228
28851 30964
8419 60022
14017 93504
25321 27746
10122 82695
15032 34890
14833 20011
60421 89030
81827 85804
26011 93792
19984 63630
51481 60732
17106 69619
20958 30899
26235 28542
21658 75781
36381 44614
26188 94693
17562 79525
60467 79164
73311 89157
60821 82791
51342 70901
50991 83017
18948 71112
23699 61456
55131 84589
20106 63524
59714 90042
11794 83130
8858 42440
24186 84456
48046 80699
24500 29632
19862 50993
9919 31425
24691 28175
18275 23972
2524 17553
48979 50413
8952 61393
50331 70066
23944 41005
34268 44745
9656 63008
22390 64566
9325 42347
59116 94396
22223 50603
28934 92316
22587 25854
19870 38315
28390 94721
46189 56009
22263 41761
74648 75827
60481 84471
965 54985
24794 92968
7795 76907
56983 71524
72794 76273
37048 56163
81877 89992
6621 16752
6266 46430
14890 16659
67497 85193
1343 15417
48792 70567
74203 89130
9104 59737
42088 78748
50139 72204
69303 91088
11820 11946
15256 43745
10314 72596
3823 52313
63556 92592
15622 23695
4506 25403
19975 93571
38239 62862
79936 90857
49816 58546
11428 78188
65488 69737
2076 36560
13116 86177
41901 74462
4885 93903
55060 84177
18798 72819
53911 61617
30260 61863
21326 79128
51171 89263
49754 92385
28272 81852
27600 66818
22085 66337
1103 19354
31909 85330
34049 35718
24616 73391
4538 47841
31078 81313
69381 78286
13517 62777
11630 22013
48802 86681
34638 61159
46309 76263
27202 67659
26476 87966
31570 45236
4159 26602
63814 88952
49176 56407
64945 80663
30694 56862
14437 94709
6554 9098
38006 64417
47240 62985
15012 76411
15886 87737
29440 63080
16102 90500
75261 80675
29988 40650
8295 33476
9770 51911
24117 82028
50583 68614
19714 52746
9441 21624
76060 85613
89989 92960
37882 61401
4513 81175
50887 70601
38625 63699
2777 16646
45673 74872
7031 38238
19525 26712
14032 21635
49308 79588
5679 81004
11702 16337
15539 19305
11107 83456
26894 41643
43995 90312
80439 90349
5242 29091
14303 84491
22192 25519
80331 86881
70769 78302
4748 71338
25507 75759
47667 75596
32969 85366
2473 73932
41847 72566
59143 73704
29971 55186
31972 55824
18599 50319
42069 55314
6357 32095
19674 66756
76424 84286
23908 58361
89676 95043
7795 26609
89751 91928
18732 70296
168 555
63164 86416
25881 43763
3947 34196
18729 80866
32679 60893
27687 74697
56863 93067
34998 72953
67982 83509
46220 67304
44465 80810
5176 29155
36646 60474
34335 34757
15689 61189
43584 70890
15520 56656
23098 50124
42037 56871
73776 84332
14179 78817
65201 75825
15253 22137
55414 82270
41419 46755
19906 93476
36002 82993
67920 88755
15065 33577
6340 8399
54300 68128
2064 25557
28644 68314
15075 81712
27038 49905
15133 45607
1548 30732
46200 86091
3331 76875
64644 73502
8428 87015
44074 84576
40587 81608
66164 87258
24871 42471
43854 88353
25692 88610
30391 88903
54995 61410
8157 73704
28976 57130
13508 21269
49893 80123
48551 92363
51947 65128
54876 71300
2794 74523
31207 84152
11683 61844
13150 60267
88214 92707
54504 68333
26077 40482
20825 55564
54645 94059
32162 67752
7508 28191
59161 83039
30134 59593
58634 86558
9607 66571
45519 69409
59640 73133
58141 79695
6119 46150
39813 42931
27739 50674
29122 62049
10049 85055
38180 78706
26970 75867
75732 90399
34711 69783
54043 81103
33623 75830
43964 45528
12234 48920
55867 78917
35176 87102
19422 89353
63044 78502
17108 66970
47467 61702
70962 89180
3608 72224
38539 68365
8864 89158
37065 73203
44697 62185
10429 31332
80869 92686
11271 57901
35622 91364
70256 94725
27453 44576
9649 52342
21140 44731
6520 70897
34409 87031
17942 55879
13083 30327
13705 90046
19946 73464
63624 86884
4041 61273
42770 94390
66798 93829
18932 74941
8078 16675
52818 92114
24226 71474
27860 50044
14562 17260
11520 69843
15506 38064
83367 86061
24954 82509
2268 30058
60996 91577
66360 92766
53314 69286
76837 94202
22038 83129
2349 67800
5109 6672
29971 66793
59920 84427
35265 36230
7491 64563
1937 3278
77025 90641
17207 83792
1475 38834
26437 83352
17693 55164
22044 72841
44921 90408
44691 80480
2786 13847
34973 50350
23121 76598
230 63201
3011 67994
47345 63981
25417 64387
70484 92082
31186 31479
1720 91375
38233 60281
47919 80099
18515 20533
45098 56063
43725 63937
10987 94052
22306 62704
9385 11008
60617 63893
30711 85034
46169 85903
40315 46900
5150 54818
49744 56021
288 76963
41625 64709
56377 68345
61511 91856
13059 78312
6349 14571
36942 85103
2630 27212
27983 67061
1048 29546
43539 60944
80225 81318
4473 25865
34979 37079
31872 52082
8427 80839
9978 55298
46269 71407
9671 46077
36291 62542
72134 82398
79743 81291
51661 73662
21693 57859
9678 37459
22054 63732
374 88324
14488 54565
15891 82752
13005 80295
45299 61787
28326 32748
63627 72782
43643 56177
55979 68570
47036 77004
49616 75881
31950 78966
36421 53243
47442 60655
22671 70118
55935 94726
7023 30767
21924 74078
55636 87198
941 59066
31982 42155
52639 92655
8205 91597
62865 74192
84401 94070
49236 59290
9771 80020
38413 69642
6215 37804
22110 28776
32959 80857
49085 72190
949 28452
58160 67445
23532 39595
33147 77809
663 64566
39414 64806
27506 59204
61960 79445
15725 53516
27385 32637
17036 88408
13197 43705
17422 61630
79474 89107
76825 87570
14770 45098
492 19666
7699 75110
7436 29890
58072 95518
44444 82522
81637 91849
15929 16062
32549 63055
62258 83171
55351 85853
37281 61337
59181 74933
37901 75707
24296 43000
28635 66663
28792 95651
4518 30354
57100 94593
14263 21989
41293 69215
76948 93128
18018 37421
60745 65191
7472 75235
69532 90476
36856 50493
24748 51879
9579 29063
26669 74595
5461 35149
35970 65249
25127 85980
13400 93330
14014 20489
61472 61537
86468 87706
73641 74439
13835 70221
14224 53765
18269 44272
4107 16982
204 55298
27878 41049
39535 74182
13186 50675
37609 91427
51038 90888
41344 62097
26230 29856
4077 41867
13613 37899
7314 9027
6593 56671
60946 93850
12844 26122
42620 67929
50809 54200
64285 84507
6243 39192
57088 72461
36852 52077
62827 67096
77168 83155
46470 61549
696 44308
88334 91136
20569 45347
49039 62189
17030 31330
69208 69598
2459 30472
18268 36172
27088 35354
8995 61980
36654 89087
23750 28218
85661 94249
39087 49550
41972 91368
41125 83020
31155 72033
38483 84570
6067 8234
48710 55411
19130 36862
42684 75585
56620 69756
2772 14056
18105 46456
47498 73389
19234 55879
62127 73822
12351 87766
43003 59201
31216 77795
60660 75443
53125 90122
2933 44744
13230 38009
65085 70900
67034 90727
71815 80685
78701 90593
38420 94316
7797 43220
7308 28858
19796 30721
75724 90530
49721 92603
7721 81481
71482 88311
59720 94018
27052 80398
21947 87520
8762 25907
94048 94056
3059 76969
3328 39180
5116 38963
35516 89748
21859 61948
25461 59058
11393 47032
37839 69774
30390 94082
58281 80149
77751 81180
2079 6933
12270 46418
72793 77057
10786 11220
1368 25084
47123 57516
68188 86381
74397 90939
3320 47039
23129 56872
21063 30647
56414 90290
48062 81231
39436 53379
62248 73980
7791 81990
24794 69803
43357 87884
18630 47257
24276 53078
22093 39400
41651 41668
10374 29045
1249 38848
31718 83787
62153 69749
52411 62002
16124 17239
23548 84342
1176 27096
49637 78888
1459 13631
16423 95013
40686 51340
37208 38251
34872 68884
51321 88513
6893 37250
37398 89719
7244 58676
1089 31232
68939 75342
8559 38176
16888 30090
7451 28389
512 9331
9335 80932
36536 47270
26117 88372
44287 82192
21131 79718
75414 88262
33515 87224
55661 75217
42665 68553
40097 62679
28824 33753
7465 71031
33088 73914
6389 94236
8756 52193
13638 70713
40287 56356
34904 66093
7431 47966
43814 89745
12365 88571
16759 51770
48070 74425
16550 39484
36295 71323
20741 59106
4202 81264
7510 55066
28002 85699
25389 68975
48373 81314
32603 88147
42762 84570
14138 68122
78370 87967
780 34304
59184 79859
21893 81144
1478 45169
23190 81437
27385 44497
27616 30426
61140 81466
41513 74711
588 40815
60557 81542
17231 66500
16137 51049
19804 39566
29962 68188
23839 36060
29640 94274
43184 95616
56091 70917
28321 37881
73960 80518
64049 77089
50764 64525
14644 70554
62352 81010
75887 86777
59649 67587
69016 87147
65404 68499
29751 44128
9115 42032
56780 75892
20959 61864
3477 44190
27406 51446
4014 84392
12249 70084
50533 52925
51099 51989
14971 32346
50018 79087
65664 84974
4735 76431
14877 95489
41758 69127
39765 82118
58764 71288
87383 93125
3720 21936
9974 43701
28659 45914
14015 32737
33212 95708
13437 51017
28915 40184
10333 52943
7296 10131
2870 54339
38589 74307
8218 46447
14481 53142
79850 83956
3746 6703
7177 57053
25023 48212
24430 93492
4080 30392
6473 93614
80920 90956
77622 89999
32938 83900
29200 79247
5999 81000
75030 80466
30413 93343
10088 50966
18002 91360
46578 60136
47675 55962
80018 94723
172 24869
12765 92104
3269 67436
63372 80997
499 18024
54932 82096
12362 75550
48046 74585
26820 26956
51451 83803
41559 80051
37726 51302
12013 61877
68063 92767
52689 79981
4044 52888
51420 68515
20401 60347
48362 52322
10871 77628
70612 81386
26204 51840
55821 95400
18826 86216
65126 72899
39449 76595
347 26921
35525 38929
27223 90471
12012 23409
39898 62129
12584 34211
87293 94974
31823 74293
64537 89246
54980 57931
16859 86791
54202 83377
22309 31786
7787 28202
26616 85677
8242 24555
47838 93711
2535 46544
9132 33276
622 11839
8524 33891
21180 41599
65609 88558
2612 49930
17030 25523
27941 95706
19069 92446
44595 58450
17523 64699
17748 94599
3841 59019
36757 50840
81182 83202
4479 14141
31495 93455
57500 61712
4783 82595
28082 58892
5911 17366
54025 85633
32701 77000
35972 90509
40637 52429
12876 79187
41054 88227
87282 94726
13915 34415
39635 94395
64092 67033
48291 54550
73400 78343
87613 92134
33167 95252
40966 43981
1533 20412
44434 47670
29706 30183
30381 54594
73579 79963
10262 83508
44498 46942
30852 47214
5809 77980
82071 92108
25641 60212
40019 43217
43022 54464
47135 79055
23531 60666
3199 48104
50069 57547
21981 66702
34118 61171
9440 53282
42347 64464
27994 34911
35842 64083
41243 59808
68753 85336
5748 26970
13364 60082
12693 41245
30997 35321
13173 47716
49233 77312
10854 87407
5670 88392
30540 48574
28972 34259
53186 56678
83537 94167
27880 56300
2544 82223
60046 75251
50095 71618
11674 58611
68618 75915
88235 91231
14417 58296
13054 29589
41303 73867
59075 62472
40082 74221
7605 21368
2117 36886
26929 71010
19048 56706
4770 35858
37561 56723
44863 75053
44535 69561
15494 18429
63903 91783
77586 82660
23758 77719
24758 43830
43001 62344
17145 48415
20622 54424
24339 92917
47653 88376
80427 90619
19825 49888
1174 89683
26388 85936
50737 73866
29736 80418
19750 20427
32863 45069
61652 89718
21437 50457
11795 52425
7961 63581
1081 65149
40383 69366
50502 67084
67810 90178
35782 48563
6032 27287
69916 90931
30457 77968
43228 59637
28759 39483
3379 86680
28110 89090
12951 33432
30260 72738
12076 45682
3781 51333
71827 80846
56908 57109
46417 84289
19556 35216
35190 41521
39776 56574
58728 91113
20190 82275
7833 53635
58279 77606
26538 64085
54465 76778
11349 91338
1788 85303
78760 83098
2432 11378
44263 59514
59014 68839
31204 69287
11410 27937
20880 47132
12246 85629
15845 58783
7500 16792
16680 94450
19852 46159
24425 31566
43561 48250
64673 91017
2529 18539
24659 37460
57071 70215
9637 64102
1602 86485
20348 69744
932 7265
24461 39273
27113 37871
40814 52598
48368 52384
10864 30330
20129 83917
52467 59670
72941 78086
8677 30904
81819 95317
7216 50286
17801 78510
84551 90195
43842 95424
53946 55366
65844 73007
33854 71108
38040 57757
20298 35893
61765 94144
14926 31448
28280 52395
18641 82274
22114 39284
18963 70749
2588 17673
7189 19916
35934 76033
3117 69995
77846 91959
47791 85984
41142 66533
1845 31171
52099 69565
8272 80899
36271 38978
23705 36950
84266 88782
29102 61228
16325 82469
43818 73505
27703 56087
6831 34570
2903 86799
29156 79183
45703 69756
36055 47574
4565 86679
50609 60075
66298 89036
6852 31708
65559 77852
3385 21469
24323 71617
81600 94287
14349 48232
7622 8558
11845 64958
4898 8231
48891 81524
33040 84051
67276 91212
29369 37277
4247 95445
31257 69890
33732 73884
16197 82899
64574 79212
71521 80990
73117 95598
10131 77713
33685 51711
3963 50671
47407 55865
14984 60159
52431 60249
29686 46810
34888 44512
67652 80743
51674 68592
19801 36122
26553 75694
37167 67575
27054 92677
28131 90465
53709 56143
56630 74413
69655 74463
20648 46189
59630 95594
26478 59351
19684 63493
65914 70232
65351 78081
17905 64602
74334 84943
13254 33959
30834 92580
14218 35295
62063 81563
41453 83740
1750 3632
87542 88139
70176 75613
64542 81933
6883 68369
32645 74540
35276 90392
38822 95662
38149 81811
5785 51816
26150 94405
716 40203
28058 41939
1304 59101
29978 87502
47379 87741
5882 7345
49181 60559
11735 19100
5959 53691
282 84458
39244 89070
37207 79503
34038 69952
53792 69557
21519 51642
85986 90778
14049 64928
4401 50563
1252 79310
55089 70690
5620 74896
11746 93712
17819 77583
6796 29213
14984 73616
64137 86108
30217 94791
34360 56469
55192 59972
70380 91000
4526 12504
3433 37648
14647 84597
59037 75852
82331 91054
85274 85401
50605 74994
59575 63266
67314 75913
58299 93309
33185 66018
15915 29549
18424 78368
45620 61256
48238 90091
86048 89513
79667 94248
64008 93313
12209 78954
16870 53924
22321 27841
11453 92180
62782 82983
88421 88649
10223 17833
17844 86872
40926 63509
6983 80346
51094 51758
41804 79029
63385 80617
13627 50023
39500 83385
31985 68586
26685 85086
6156 70277
48203 81257
1214 74046
14929 23902
44198 77563
15 62457
11199 55547
32750 80036
7321 80382
55684 69207
58560 82974
66595 84928
24690 47951
65134 76079
20420 84319
14299 55393
67806 87708
18449 22278
26415 33727
25665 63617
9547 55730
12710 78562
70173 76526
17434 23365
40299 51957
53388 77701
28538 87618
64888 70552
75780 83935
9406 36698
48115 58180
18862 54977
40269 84993
33628 86272
27348 90774
37358 38783
28831 52247
31370 54094
11325 73024
10892 71296
8931 29225
25688 93326
70920 73373
10330 24510
56263 61727
28230 72713
44018 68151
4100 44133
6533 16546
36780 82314
3785 27394
15644 28107
50110 67927
2326 94178
3512 68761
8180 72406
66214 80312
49689 73067
186 63124
21357 54197
9102 92610
9026 73140
83437 94053
18570 63981
3042 82847
13946 58165
5140 59786
73729 89824
21071 62264
20402 32205
3581 68818
12935 31166
55245 62298
70717 81700
3918 16989
36195 81741
30397 37793
48425 58690
13899 44056
32884 83516
49909 89850
73513 82598
65344 77585
60587 62695
7943 57615
24229 31509
4487 81275
26771 57760
48279 56801
39276 83689
2611 6225
46279 77079
16223 61978
32799 40654
66162 93982
9799 86108
5594 43620
9806 21915
36339 41356
4041 81803
17794 21539
27011 38226
37402 91073
68114 88229
38789 82809
28929 91412
33963 57497
539 67873
15699 78700
4759 50658
8524 9185
33567 85523
34485 57118
15428 49922
36366 43043
64548 67371
58927 75179
8451 59723
36819 38198
8651 60718
21313 79191
76911 95393
86854 94278
51889 53059
26615 65044
23995 62634
14394 47493
7890 29140
8933 49835
40592 78998
41523 83249
94222 95010
19328 69573
67989 90656
74803 78251
69038 72808
37822 89643
58647 91640
83199 84291
49198 92251
10608 25322
35114 78081
41255 67095
33384 33789
353 5438
54844 66702
12427 30537
25706 45660
17006 80885
21596 69397
25960 47660
41870 63464
28156 47726
5184 41880
26786 29218
75823 90589
3059 53766
43182 47154
17432 62075
20082 92928
32840 80252
11156 43614
27162 94422
53347 78978
40341 87356
62614 65355
51642 92857
6113 16906
22220 23073
23804 95036
36986 80418
60656 69412
8296 35591
13584 52481
22786 63357
23855 55344
88136 93690
46940 58966
47030 86263
4018 68284
45351 91893
12860 32179
4755 35401
4897 72296
53830 81630
29203 36105
63351 90177
30147 43389
33796 84719
33428 81778
19747 89093
58402 89189
7690 94030
10795 62258
71894 77447
10310 43540
7328 64674
66980 74562
42077 58737
6903 49425
56561 90436
47464 83350
12610 66148
8072 84287
26808 32622
7216 42415
34515 40121
80962 89637
61520 83041
1049 64526
22036 68790
45818 59209
47759 51579
2042 76591
60260 90806
43938 89411
12026 16126
10503 69738
37789 80303
54659 68025
11452 17435
29745 61242
20323 70678
13592 57081
22004 45183
31784 56078
18651 79672
49554 90494
48782 75103
5127 91464
23852 41165
70160 81844
81166 94188
10547 76102
21943 50011
11157 21021
46691 81492
3443 66388
51990 85996
26939 85046
44052 65321
4824 62107
50005 60324
28883 84808
55170 94491
19182 70860
1319 76422
28511 60495
5086 69604
3432 61248
67867 78868
3482 45961
18057 51807
2304 27380
52315 65668
12867 26128
43546 53585
50450 89532
27548 52967
23226 66975
50200 82583
52595 84697
25882 67487
9561 44312
18172 43664
45958 53102
30223 56448
72584 89803
30614 45785
28489 42994
20254 41803
66339 67368
22966 67603
14387 79164
48619 73164
14750 52566
32650 78902
13564 64376
38916 88932
54475 59301
25665 35931
13282 35622
32281 62168
8951 60632
9702 67837
22860 87298
9951 26041
83718 91602
68907 86962
43130 81965
5943 53704
59696 88896
26456 50670
35670 93550
3064 87838
48688 91969
19309 20588
13169 23569
8675 35561
20639 49169
8605 33772
33325 42960
68715 79224
85585 95481
55457 69506
11073 14999
63097 83473
2245 39776
18292 93244
82113 86949
41073 75572
17855 85287
5290 87569
1815 20557
47767 66011
5009 57527
3079 6113
63005 87972
4421 29306
23103 92820
1204 51016
3615 50878
21128 39829
28926 60326
18990 62474
64542 89303
70205 78510
6595 56014
24678 34533
21569 48261
41113 59881
55466 83343
54973 93488
54226 85462
5569 87158
24338 55431
4478 63755
32066 91047
45459 52043
6632 31313
6804 13366
66952 72008
33055 65170
27867 46362
24372 56577
17257 91249
20279 63383
8093 10099
36040 81308
29229 35288
12823 29097
19082 22646
62940 91510
273 8117
3045 57067
13511 29823
19901 87196
55021 66313
45728 86205
23823 85564
26991 67194
12117 50950
18125 39214
55073 78613
5721 20415
32326 75853
49625 51370
53332 93222
53213 90659
11725 46237
73492 88475
47456 84388
49196 54384
4118 32455
28651 87734
37831 81937
19215 89108
3549 60773
36932 60512
5728 81255
65365 91135
6079 34175
10107 49499
31073 76703
28089 42312
67967 84816
14933 83957
42447 80552
3920 94720
21542 54072
19964 41689
54811 80595
15875 41887
53434 66180
53426 59644
3721 82292
12420 31091
2584 73814
17925 22423
12582 53044
66916 86381
55078 61392
44064 65609
68333 70604
71074 95440
28079 75206
52972 92699
13465 86315
184 88515
24329 38685
8442 80483
40804 69674
20518 59082
48924 85636
13503 55400
42148 93217
17930 92657
92024 92316
23616 33113
41977 88437
52907 59818
7330 46444
12444 93451
28726 60406
72479 74974
50596 67707
54810 91274
6579 45148
15946 46066
87737 88571
14075 64099
33868 46081
23338 65867
16863 21744
81851 82351
35465 76246
3585 13266
1747 47803
61395 67685
13752 47852
25901 72569
7001 13137
33503 46689
788 31484
12028 46548
10749 15856
11297 88766
7975 93603
31218 47167
69200 76917
4908 8522
41514 64991
25758 90371
13784 91298
14241 79835
17652 48011
23754 47537
48095 74815
42846 60097
12246 92483
37558 61394
62311 91923
12182 67726
44958 67381
44548 62025
6172 33655
34536 82731
33840 65844
24043 44710
78724 91874
41762 70705
1661 80119
10711 16782
66140 80564
9195 36960
10912 35348
37521 94571
43028 56138
39569 86665
44410 94974
56737 76847
51521 78196
20412 66374
32092 36598
65120 79708
27873 28457
15955 60255
27159 88798
44572 93983
1305 56247
48487 52674
34957 55471
80608 89168
20248 39862
19733 91780
35081 78517
6380 45289
1778 48194
5887 64350
65634 70998
22603 23821
31548 60053
45967 93830
905 49322
5438 73413
43583 59038
18785 34671
21460 24022
14083 47823
70103 88888
31772 47288
3746 66043
33326 67449
64789 67430
53272 59885
5631 75610
29935 37790
40596 81125
22052 95183
22291 87629
33971 70201
8667 88905
28016 84723
84805 93803
45008 76248
62878 67996
14869 16067
31503 62679
28164 60059
47818 52861
76570 88220
50604 57597
63267 92854
46040 68670
40636 64860
48953 89405
64105 88896
8398 62967
27378 95179
287 56193
420 79180
36279 92222
56120 90860
8559 9471
22426 58767
3553 76413
11461 20590
2795 42552
7193 54507
18929 73931
23191 30344
59478 65465
18711 56232
62984 83409
21367 91241
41416 78770
1967 72327
18828 54471
16490 29172
11165 27087
56591 74057
5600 16001
51914 90792
15526 94379
18182 52252
11091 24478
15419 91426
62820 86413
31964 32913
63530 68863
69616 93722
3189 77444
15692 38759
438 2510
11346 84046
12892 81703
27117 54809
45111 90975
3843 18386
28422 91882
22770 32026
20246 60261
38532 88259
28314 88973
10644 25628
53682 89097
19202 73945
56880 58840
16479 32925
13272 56549
62560 81562
33465 52768
35076 81240
42979 63831
20646 59948
51944 93068
75051 75720
17640 79478
1484 36193
53345 86437
23910 79030
3517 79980
47581 88760
45974 70034
82515 85286
39566 43374
27724 89782
8570 85034
49881 65320
21570 84821
6251 40237
18437 78471
69226 93984
37756 90387
50248 92072
41182 58102
2330 46272
39695 78812
84199 85416
45355 89938
30836 70015
53716 69681
14882 95507
34279 73290
34652 91613
5802 67959
553 74355
28537 79150
34181 63762
63557 65002
53305 58576
209 8070
22542 41776
24135 46055
42225 68878
10926 92109
15953 89233
21970 34472
17032 75713
66670 87243
8169 69930
2623 41143
45837 88238
5627 51439
33467 43184
34361 63123
40809 75200
23958 53840
6881 12962
75751 87831
31979 33715
63199 93222
34865 82120
5660 12880
58454 79703
2159 27227
33339 46444
21559 93229
42686 77851
22084 76385
19044 55174
85239 95327
67763 93595
1671 46679
65870 67249
26347 43791
72621 81610
3442 78010
28320 57044
17289 93537
205 37843
33040 36973
79305 91129
61214 94089
13979 46275
33066 87279
73304 82661
79000 87901
67258 87462
51624 86127
32342 94738
39929 44513
5865 33372
63133 83591
54045 59668
52182 89385
35334 82324
35019 79250
24138 31246
55031 61057
15377 18884
1345 79862
13527 34412
4906 49699
746 56815
4984 87104
34694 94337
68433 88567
9710 77948
24265 55144
13909 33505
2642 89747
3481 46915
51174 56276
66429 87447
48375 61815
45375 61840
41893 50735
3577 88774
3578 38090
26194 43702
90631 94963
11489 43255
56597 85431
72636 87597
27788 39973
52105 62916
16561 36667
11869 79408
1186 14382
54135 71511
32966 46120
55412 72226
841 77236
44346 62814
60728 73664
47922 65381
13263 91100
13886 57904
37009 74730
4014 44134
64187 78728
1964 22616
3774 47410
18112 90716
3820 22276
69788 71366
49427 66788
55355 83129
44874 51095
30048 86878
34245 74638
46675 84690
33124 81761
7115 33395
3255 66593
34605 81067
33238 38220
54459 55068
8258 60224
41327 68967
63489 77465
15689 41907
27495 70597
63226 89986
66816 71786
31493 39716
6843 23185
64403 80282
61049 72281
65123 90957
40267 67715
26289 32137
71178 79249
66193 67454
42711 81101
32594 57525
52747 92959
62931 92439
66778 93566
19423 38720
29425 36657
36300 74477
1120 35478
17510 26596
5559 44279
11297 89055
8211 67689
57242 69187
46012 76063
17896 47866
44730 76222
46918 69168
13559 59389
3686 30873
47991 58905
15688 59931
21603 60735
18076 61965
26477 78436
35854 53212
15913 77367
7730 86021
51728 59772
3511 69690
25299 44272
10128 90208
57095 77349
14512 53560
39430 88452
50512 93517
26726 42125
10617 69686
29719 37566
36490 53875
61 11297
24543 54300
49697 83735
32058 78191
43914 57403
13746 78003
74183 93986
13758 31030
27600 38700
3020 5888
21562 64216
48460 76399
32120 80962
12668 64547
84827 90277
41965 52794
27657 81371
41512 64017
72575 73035
9642 72086
46060 58106
36710 66800
3978 81307
48562 52879
32463 38548
10880 82158
2630 42457
23420 47853
833 9733
45932 46538
6613 18869
45419 84098
85140 95173
21877 62994
6991 37576
14514 58480
63235 95652
10404 58651
52237 83036
70116 73158
49777 83998
28769 88419
30256 57987
40392 71166
3906 79764
16067 83699
45103 86725
4599 58352
29860 59500
60208 69484
14927 78692
1689 72105
14319 31459
45787 45907
10137 94119
27263 75020
36393 45927
23301 27064
12072 24184
32412 94925
8540 29130
36672 62829
66733 82473
21561 21564
46103 65159
84913 91440
15017 85131
65783 67071
16347 44288
32015 50336
25833 82346
56935 89429
46610 75082
5356 89752
1153 18945
15849 61532
27349 35293
36497 44864
4194 91058
8522 84427
1391 60701
53999 88197
11074 65096
6315 53248
13544 51129
1605 47084
28073 85140
36344 64659
55525 62395
19270 56572
61944 81658
52174 89785
12453 88655
27624 69940
41565 87870
14492 61399
81909 91882
24641 58921
9593 58140
13264 76378
86619 92150
59987 64556
25748 40222
40383 52230
42924 54771
16540 73208
5382 24217
38522 48948
28298 45332
6807 36197
35838 80820
10146 82715
25807 35737
4754 90639
54512 94180
17969 60916
38769 92387
417 69161
39583 59463
14831 39526
18042 92683
29924 93988
69734 71956
4440 51697
30361 48021
40761 78097
17800 79779
268 26255
24160 51957
29377 73428
14960 92835
84302 90798
62326 89196
13359 51498
41981 91597
81872 94410
34405 56361
7343 33211
52372 57863
21413 51279
27858 28844
22382 92078
4047 82465
76417 86839
32753 75247
15806 94724
83884 92934
43477 57445
38624 92210
1060 80725
13800 87076
39036 85410
23915 46261
5273 46117
22756 41656
23556 68771
44081 88116
14984 81050
52271 56172
18166 84209
67604 75276
51283 56751
11682 45001
22466 83583
44344 62420
16485 62373
44105 71546
82015 94521
73933 83406
56089 68801
14333 61355
8537 71955
26856 37718
24571 87068
54908 95263
14705 62049
3616 20744
57661 64617
8219 46993
63275 82679
7898 62125
5519 69395
43977 52905
18487 31644
54723 65245
87818 90734
44046 85046
40057 69969
51915 80016
29192 84137
9656 48818
27729 51389
26826 60379
22529 23115
52555 53681
19313 95232
25844 74968
14993 88672
41523 65650
29240 66706
7615 84125
3935 52191
77149 87043
58157 71542
21096 45821
29314 93570
24750 46749
53130 64369
64086 66978
71578 71592
35396 51916
72957 79253
65416 75891
20926 38179
39381 93681
59343 91167
13896 48152
22516 86100
3314 72645
22815 32697
1387 80216
19598 85050
31425 42814
51986 75275
77139 91854
48229 48432
16304 21749
47625 72104
69153 83343
10290 24640
65162 85336
70299 93946
33210 54649
11630 31896
19039 81865
5198 34086
13673 80065
25511 85865
7019 69571
83198 84856
7272 34344
54 32517
71925 93234
15753 45365
12403 66842
16936 45490
23079 24112
1540 80154
15729 64670
82113 86360
26476 71646
7010 35516
45640 56966
52527 73695
10964 70389
22228 42596
9282 78076
10508 47559
7397 52410
14599 59816
43726 59016
23084 32823
75916 93285
31212 75022
30179 45018
20166 33458
4891 9047
55664 55712
46885 74916
31666 86758
24067 48120
46293 73764
2071 92375
13194 92205
53363 54282
14896 48218
38480 68948
14214 51875
13371 13816
30618 80558
38009 59628
17553 29528
38158 45234
56338 87185
16794 20530
79358 85468
56172 82930
37934 54100
21113 48072
1983 93939
33174 57967
31461 84007
14795 81381
86581 95590
3041 8345
470 24934
5184 60952
33285 35927
33739 66745
39284 93198
46364 73465
25976 90050
15682 72425
20819 38529
790 90250
16522 90146
23328 84066
55761 85516
2745 73214
4680 31105
58350 59905
57144 78857
23815 66999
3120 42032
9311 52615
16841 39669
15687 35713
46697 63947
25065 79638
26656 78984
1858 78695
29972 86937
41148 92600
2940 54367
9852 25950
24047 56381
11107 47499
67282 80024
1353 51957
30107 58066
34133 68549
35916 89938
2904 52379
21938 39692
65880 78650
7984 37916
45784 55838
23789 52598
7258 93012
16457 91435
67639 74783
25392 88316
48879 53761
26999 92779
17189 69263
12828 14028
19123 25412
67124 89726
61629 86900
561 23468
4704 32832
6374 42095
6302 78339
609 82377
7458 85781
22919 82605
11722 57808
25984 33542
23202 59738
17534 81443
19538 81347
55731 86616
35218 76477
20309 91172
67929 90687
27879 28095
68608 80499
59333 59675
88284 92119
53326 83949
26681 56593
45205 57251
39359 78941
25895 93630
5672 55270
16883 82181
20528 42466
49331 72106
77711 82947
12436 74505
49255 86436
47638 60182
39264 71508
21481 78920
78297 83695
30982 70506
24656 90720
10531 78723
28965 61921
1948 82105
36951 69908
79099 91464
34089 51467
52698 88340
51146 76208
34485 50537
36130 80912
7997 80030
65745 85051
10971 75790
37182 72304
32239 49875
38308 95544
48916 89698
7121 43578
19156 31682
7800 61553
8014 92224
51586 94830
67096 90870
36351 41768
21690 60962
39906 87521
22842 72151
27673 70722
1970 4811
57239 77698
12553 59017
15170 91037
36449 93404
8932 69530
37993 48470
69696 72760
27928 42737
71606 89530
15764 83840
11453 64680
14240 15984
29101 34545
15116 18336
9005 85062
57428 73944
4371 48114
10359 32078
19968 85358
6957 52701
5144 74927
12491 69846
34535 41553
24621 43271
8704 48418
20555 91272
4558 85009
29815 59613
62517 73394
16946 58908
16512 30321
15925 71861
6401 93644
23683 69008
17999 31733
9554 90519
24261 77180
41839 61468
6768 48932
10716 15412
2138 78203
6997 65670
55595 64407
61194 75159
43560 70335
30460 33895
77291 79955
22333 77742
31129 32039
9111 18211
67202 67294
5031 64949
22591 48761
58066 62337
9127 33621
570 81137
15840 94450
21106 34869
73814 89243
720 32181
2936 71889
54306 74333
10374 72084
28343 89283
59611 83995
63721 80352
16753 44392
30265 86873
81183 90959
5407 42598
17068 51287
18329 57413
53521 72436
53233 59439
56183 68066
29607 42900
19082 45933
61208 76374
6027 90072
47185 84629
74 47848
12818 45848
24874 29519
25775 55350
58545 83012
4856 56117
11553 54164
11975 61969
4147 67998
4295 93047
71000 87418
13784 86181
11035 66100
26708 35378
22252 74654
19146 61888
38160 69800
78134 86678
74676 81687
12769 74835
35035 36216
65287 81485
18289 48899
45486 90208
41198 93339
6057 34357
61399 83376
56760 79935
25351 95501
79156 83605
14415 20024
5165 13707
15811 54592
70355 90008
20717 73983
13455 28226
78656 80368
34743 35180
55481 79773
61733 64760
4840 53139
15825 79492
86524 91201
35395 95317
1884 60712
71665 81403
27371 42769
71334 89374
5419 18852
580 797
25647 39632
23775 59187
43465 86521
45006 71951
22185 37907
15284 35897
23737 30338
15425 53587
49934 74224
13786 85794
69175 89275
71587 80532
13719 67306
30200 91977
31101 75444
40896 87121
22013 90396
19349 25445
45689 93197
8852 55779
3029 67551
65023 66518
20795 24815
7296 58386
54374 93619
64535 68958
15764 53439
34720 40243
20308 24904
77972 92803
8230 42675
5769 19198
17154 81477
15034 56191
38884 56119
43617 53234
3630 34546
29561 31656
36784 51628
6557 68013
4494 72626
14620 84392
40214 66482
70451 74234
2400 53256
9947 70874
27012 49592
27694 66443
41472 79686
26886 92290
51212 86690
43108 89479
24740 64178
25199 26989
46728 81688
239 41830
44769 74396
6995 18938
29036 90053
33305 75817
24694 43789
69242 69306
3392 64657
1541 41842
4788 33960
51591 56220
32779 85300
52531 68218
28199 66498
8267 53703
13691 46796
7423 37329
28664 84644
3013 81905
6641 64470
24962 58894
24538 28278
35301 51884
5056 92537
2537 76694
48810 58405
35621 88937
21321 43808
46184 72192
5335 8849
1788 94199
4007 20865
51474 82924
34978 74573
31425 69198
30933 80556
38645 85570
14093 35758
45946 82287
26446 35654
1051 90045
76409 88719
71278 75401
17091 44220
49279 92469
30138 51364
55787 72714
12844 57375
49247 57516
48295 76739
24186 50907
55662 94803
36434 47517
11084 40556
27030 44022
58703 80515
73248 88670
24420 46570
308 13820
4507 48793
11171 65046
15471 35328
16551 34603
9924 94817
33672 38149
2468 15430
16973 26168
76477 90903
3318 70937
65946 69634
75556 93742
1920 64790
10639 61642
56810 62111
5348 34692
43065 64154
10396 89712
58950 61265
26398 81347
13525 56240
38777 65954
60235 78799
46395 53692
65546 76470
37378 39991
10557 89533
29152 59958
35066 68458
26934 95246
25972 66622
62713 78634
2200 19630
8298 16257
21416 77417
19481 24583
64806 80686
2280 95429
42682 71636
46050 88345
35344 84619
4511 39504
34924 60885
28609 80491
41733 52667
28465 86683
21475 23096
2605 3190
19344 56323
23445 41857
7251 86897
9036 33847
17169 79211
33420 62958
45542 69300
14313 95459
49022 73875
61549 80175
45381 66110
2753 78358
66562 67483
76546 88779
21466 75431
33838 61871
70224 80770
20962 63449
35513 93189
6638 62335
45532 48124
45636 68637
3614 69186
21197 62867
38929 48557
50268 82636
53138 58748
38295 54854
2908 87252
39148 93833
35717 85253
38985 73909
57081 80487
15942 63726
28354 74630
954 35332
13822 79403
9201 67864
60258 76708
60577 69647
107 26050
5156 7342
43639 64463
50405 82503
36279 48486
61060 77699
76087 77214
23207 34564
19062 25573
49609 82366
62406 63247
53172 56884
65256 86547
85842 89999
20818 62305
20624 82962
4328 75517
22114 93067
1987 79976
66046 72206
54838 80471
63420 81737
25763 33946
23774 45839
42562 53791
60696 61344
6542 57496
55724 91502
10273 12476
21896 35720
44120 95537
49318 84062
25005 33452
1158 20389
27838 67629
35372 94351
19935 41337
14850 47019
42255 62256
3234 62600
18741 90299
54812 72973
41717 61471
13730 71126
22712 55056
14199 93976
26089 60882
10675 87635
3741 55500
26741 74879
50800 78322
45932 95069
33047 72204
20097 86396
45356 82579
39210 67607
28543 51209
81679 84699
77087 92779
9303 43624
33962 72394
42356 59134
17345 40940
20692 89692
24488 41125
5188 9591
51733 79614
73718 88471
35744 58162
72844 82942
48704 91582
42062 45508
26503 86725
32048 86308
33432 86401
50937 58932
13848 94837
14065 74714
19262 83131
20804 66767
15255 73162
60778 80429
16432 94367
17937 28340
13026 74137
27864 92606
50023 89679
61753 77270
66249 73179
11276 40489
5545 29408
2441 79898
80085 85755
24179 73468
19621 66845
10429 55927
50930 92920
53444 73794
8154 20670
21546 68567
14883 51615
5113 84280
16934 17128
57980 94686
20044 58762
23581 38039
29648 36811
18193 66625
59366 88294
34628 46148
37611 74638
61271 77032
59847 85052
48713 84334
76212 85466
33737 50131
23674 68433
28025 46698
2768 8146
41749 84155
27938 54146
18259 38829
50068 87854
18933 61262
41102 75992
30351 43486
64657 78404
59012 75100
76174 83477
52512 67427
48961 88016
8367 21445
41847 92633
66241 70469
4803 76806
45908 82995
18500 70310
47013 59777
26873 38404
10962 23255
29428 53512
77606 91734
40005 61791
9270 80969
41985 53310
63587 66075
52352 72040
33917 85475
5609 12080
47450 57079
51750 62822
1897 53047
33221 89219
39330 48849
41241 63848
14701 64562
40516 55539
61469 79348
2745 72250
9243 34235
2456 76762
57643 72474
44522 62316
39283 49157
25237 74804
44736 75671
47288 94157
71208 81584
52203 92852
59123 78333
974 12105
6589 56958
22894 37346
2953 49184
17700 52893
48828 91034
1981 85415
25368 66629
7514 8657
61819 63044
30572 81949
37534 53569
21994 50331
10398 57818
10219 19732
21958 40874
2601 32963
85586 86696
26790 95314
47237 66976
39960 57388
58109 70395
33211 61089
5495 56605
20586 40967
38592 52620
74216 95032
35726 56058
9768 32735
44981 45025
5768 68055
28558 64089
11656 88191
35963 71592
15770 41389
40292 69789
84390 94092
32084 92343
21708 91379
52377 53298
21265 70884
17654 45290
29236 29859
33918 76552
24339 29256
30550 58203
5202 92131
52688 90648
2011 21985
28198 85097
17543 53514
17073 75947
56416 86492
31194 57286
28698 86996
520 58317
54899 76385
3904 69440
18060 18688
3128 6762
8888 49380
26874 93893
53716 79120
58730 85054
3987 7253
10128 33697
37160 72875
53919 67923
53163 65228
19550 82721
40938 52025
12643 74347
83382 92087
28758 71475
2840 68185
11033 33523
30905 76797
29827 45520
24982 43375
13198 62953
81317 85334
55869 81563
55845 58630
45648 75009
3021 8168
72186 81504
5027 49944
7775 56649
43471 70442
57599 83236
22481 77158
35248 50529
19434 71904
2129 81510
20053 25474
15369 73350
23154 36046
3462 72914
69076 95416
67797 92397
25379 81297
51005 72966
9149 85505
30597 55009
48998 84323
13061 28586
22032 43788
79339 92833
37979 88514
52823 59986
19134 68173
5473 18923
3141 29043
16500 48190
68328 72314
64947 78026
58255 63912
13925 38339
18404 90733
26495 31587
10109 93232
12911 63817
25054 64763
12882 22871
38095 39389
33723 51622
80820 88234
14960 81040
15688 62941
14838 93347
15249 78847
36820 78603
1677 47713
24844 65018
34450 69448
40164 40910
10862 34140
37994 53961
33495 83799
14009 79127
62288 90353
70710 90859
31984 44497
4502 44964
5871 11952
72806 77674
21753 90344
2419 42919
77858 87756
55619 77089
6237 14883
7036 38387
16614 66217
27138 43379
31104 74805
12147 87331
15216 67951
11877 32167
46879 84940
63858 63930
27812 80333
16298 85842
6349 64920
47332 86038
54415 79367
42389 49519
31710 44902
17614 45792
5117 63909
3699 9769
3566 14503
36902 62222
11822 56758
39995 79325
1780 65066
49095 63014
33175 77127
27192 83240
14102 64164
39591 59627
15969 38207
33667 64902
26421 41803
10948 32520
25308 45836
28748 59353
11582 23444
11708 81547
8231 92421
43273 65340
4252 6934
67507 93145
33437 38055
4536 89832
28177 49398
58678 80082
39363 64207
13136 83454
33203 78730
28198 59780
24146 92122
3210 13428
60782 95621
44756 93398
32382 80081
20510 91567
87049 95111
58055 65786
6270 66095
78434 85304
23379 72231
26379 26469
62901 86273
4168 87115
8050 85162
24179 35690
15864 79800
302 47686
17796 92948
25243 85164
31424 40531
11047 47716
34137 63826
1938 59485
84169 91538
8031 90087
65319 83791
13337 24323
85323 95261
9618 33685
5371 17362
38606 62872
4477 16864
70494 95205
9416 39130
4837 80170
21698 72522
18480 95443
62132 78785
26574 54370
72686 72770
35885 72960
62739 73096
5510 20510
1884 68946
41324 72136
25734 70797
9751 84871
7045 8914
14394 89477
40915 79484
79643 82002
23985 47242
17018 65890
9104 39108
44992 59553
48241 67566
27304 29725
16060 80714
24433 71496
73802 82545
4453 49145
51871 71785
55640 76787
18084 80177
974 12763
72301 79639
1582 48433
65731 91877
61408 83360
25832 57659
39833 75903
71769 92146
58702 64148
53627 60198
43129 82768
27590 76896
9755 49488
22996 65134
50664 67915
26079 61339
63675 74816
2286 95124
41828 67570
72099 93454
7225 39206
20496 76693
20002 47550
1963 7408
20202 69158
41846 56339
945 16111
21430 28458
5414 77129
34028 43810
51362 63781
26033 50162
18212 78894
44048 56022
7505 88996
32341 45084
31919 88768
55569 59792
3518 17630
19236 84990
35901 66143
57913 77448
45412 82381
47648 78077
11342 85139
6610 72629
9029 25571
14295 39737
41976 63299
10039 78798
23293 92591
16591 82514
5349 65038
1612 62740
24989 91841
11901 49276
30959 91407
41040 54021
8082 94140
41875 51819
8110 61212
60452 66754
56411 58938
71265 77845
44733 45318
53346 80243
21323 39038
20305 72583
31108 36165
12743 80102
34931 71296
646 37064
63623 86804
42257 44921
6078 77962
3882 61598
44192 84969
11234 61507
72173 75301
33386 89758
39380 45349
3745 6934
35451 57948
17037 35014
74160 89354
42871 78664
46299 54146
17500 46813
9004 25683
22385 89151
72378 77384
63598 67783
13408 88932
2167 57632
7262 95051
18274 66215
62009 75867
13882 80367
63294 72767
36272 54482
39324 57933
50060 81846
56670 86137
13474 74209
12613 47572
27104 59532
61312 74219
29201 64025
40690 55085
6955 89439
7587 75390
6267 82577
13513 38623
39249 92825
51484 53289
30621 71469
17350 69806
73475 78784
22015 65814
21982 84315
63146 74818
12620 20641
14762 26123
18061 84496
13437 55992
27195 46275
14767 51795
29464 78467
29098 41563
33635 83849
33887 53872
63230 73425
30522 55529
1252 59709
2334 27777
66683 82039
83623 89713
13586 41303
8000 83699
39729 88325
33468 44922
27787 90508
71016 91826
16210 23489
1928 10707
81328 91096
38540 66625
10716 44570
15160 33606
68961 84525
24435 42040
8812 83558
54936 58503
66721 94380
32331 50722
13834 51361
18551 77058
24861 63306
26629 92268
29099 90013
41968 91059
22342 54967
12961 63064
36447 69370
7873 29277
75414 92890
28824 58244
41531 52879
6772 21549
73017 91736
76023 87969
67498 76929
82941 92311
49285 57144
23706 79306
66786 90316
39282 40886
6004 44565
45300 72599
3681 64197
4634 94626
48359 68119
21735 77744
67806 80242
55589 80544
20157 61186
33254 78444
76956 94583
44164 82277
2064 90642
5178 71786
7407 56930
69797 94959
22427 39484
9372 29555
47512 90684
27111 80189
49230 66952
53005 64491
23155 85353
36697 57232
45006 84787
23546 80374
89448 91540
12371 53747
22937 65559
77320 79506
12919 81540
13868 28677
5077 35149
35492 70926
39334 58460
752 38861
68537 88846
37244 55711
33915 35487
80281 83330
24674 83609
4053 90189
54877 72816
63850 67002
2091 34597
14831 82142
68318 71948
9017 27969
42344 94403
21221 33824
23462 42666
72595 88704
37332 81988
1327 39292
58633 61519
27854 71508
3926 40454
14118 23538
27760 68052
57606 60649
44394 64964
89295 95433
18632 71747
19215 23830
31601 60265
9574 31700
16965 65044
35900 56881
28976 47062
9415 25002
19392 74113
20723 83893
59219 68469
4915 21635
8497 74394
52642 77017
30324 92930
29538 58485
2694 79003
35660 68247
13984 63157
72097 72257
54389 76931
62202 83583
16310 80020
14653 72131
10569 68678
33939 58432
18835 43844
21017 94913
32296 86862
3175 52364
62590 79955
28413 59931
1797 40885
441 50567
60301 83691
816 41599
7401 8802
2453 80668
66045 90717
8613 63104
30192 61389
71889 78021
19414 79013
58433 73377
32384 33330
34289 87680
19170 90869
1459 71501
7522 29341
19582 35353
34677 43592
61963 63319
18949 61099
48096 68646
49913 50890
3390 33489
9721 61587
21385 66884
13034 78361
30783 58543
26194 70584
34666 48156
12136 76886
1441 82930
41019 63490
45814 60615
16830 82380
12213 28049
53801 59971
38513 74315
52561 81147
489 71695
74141 82071
10978 91510
2843 27855
40407 91579
14311 71565
42138 62452
615 55686
36153 47064
26276 86765
14537 68458
78990 90773
8142 21889
55529 88332
58545 73336
27907 73280
744 51891
7583 83541
10365 13122
14365 38860
4787 20258
30046 86345
9768 11461
52547 71286
24123 68584
72805 73307
77039 87436
17286 44244
54400 55170
5859 7937
5648 15053
50405 53082
2557 21453
25323 28421
38954 84504
8138 94178
34926 51969
10525 24723
62022 86646
5887 27100
63748 78310
23719 70748
71079 87195
35157 44277
37355 66805
62219 65468
28513 36960
18810 68547
57277 60107
17917 55698
62365 87842
65486 68101
58031 71612
25276 86592
59511 81177
48568 68312
26410 88163
22370 30212
14530 67434
56500 75292
28878 78286
9947 51538
57749 76234
64306 73819
53184 75946
48332 79936
27702 86595
33099 48113
35586 73126
83462 88491
17729 51379
34591 86352
52818 53513
25976 72927
28102 75381
41407 79199
2999 45979
30303 64981
33491 77797
57338 82008
19643 84318
19475 86174
12926 47605
4156 21068
51604 94432
53285 82920
7172 54220
195 22917
78165 90012
19327 69633
11414 85086
45280 94949
33776 69629
12793 55062
34663 41989
75329 93729
86185 91528
73583 83681
52827 75869
57564 83356
73069 79663
7830 82778
18830 46848
71127 88854
14780 45172
52327 69646
15963 76282
31635 94965
55208 61379
75761 90053
56005 71839
90973 92259
43942 81856
40813 59013
75001 89785
8350 13406
35513 41927
18877 23555
28122 51087
11520 48800
70155 75967
339 58462
20339 58540
80111 83864
1744 29722
9089 82609
15029 38897
5836 19283
25490 83069
4635 56201
38705 81441
5551 28487
38966 42465
30376 72484
7644 20322
57732 68487
24272 86827
34614 94091
52802 64451
33769 65135
6511 8242
9323 80819
4054 48690
27107 67123
46606 93049
75385 82476
65943 78259
10310 89977
56934 93843
1064 88165
12582 62866
52525 56213
5225 92217
3888 45813
67873 73401
76418 81840
28211 67612
48427 53206
34443 34511
14938 25440
3036 79270
12058 35877
44491 78915
88067 94948
3340 69891
49441 67276
40505 60749
66721 80721
14826 78653
43620 56597
8482 78736
24074 86634
7964 20553
53852 90601
30295 75317
23262 66960
48759 85160
14245 14291
22878 60114
44992 81260
30760 92210
53193 87962
26373 48423
42083 74623
30554 55113
79352 89016
4225 43456
5734 89341
8498 87147
10265 93461
12632 53264
28781 95614
12847 90355
7715 90685
8937 29503
11548 86818
21537 88292
38619 81058
18376 37842
28559 65567
66423 83848
74231 93938
12712 25743
63572 76090
34078 78930
26866 51006
38508 68899
84647 85972
52967 85705
80962 95350
80014 89486
64265 79764
40189 82362
16742 27247
18443 19050
7862 76496
70529 82238
67342 86573
25521 88944
30667 79595
21771 91966
73377 87247
74125 83385
20386 33827
1503 25526
77306 95413
12781 95206
14323 48647
8082 12532
8310 43755
17221 34382
24434 84504
32193 46955
17905 85019
9440 68926
13518 67187
16703 52051
18343 60146
17048 37010
14791 40684
4483 41376
50027 86203
55842 87935
21691 91192
16704 45680
66179 86440
12299 35059
16351 89003
15982 80504
28134 88151
51630 85981
2402 19413
51159 69221
4342 36785
66104 68702
8305 22314
86498 89575
5358 67857
65198 87368
2759 6020
14112 49614
56170 65053
26870 68346
76908 92252
38226 54174
21836 86422
41605 43560
20708 59809
3467 11051
28323 38747
20909 82768
64667 94213
75877 85459
49083 93310
73405 93182
49379 80505
49338 70400
21939 59960
11379 45946
43051 88025
18682 57719
22494 72748
52668 70524
20831 69286
67828 72790
14235 51152
12309 20516
7408 52962
45040 75965
23585 55705
5811 54441
82339 84805
89081 90656
56590 66150
72860 88247
48642 54720
5440 29595
207 36511
45022 64387
7485 88135
42403 44257
4350 91784
50020 84398
49949 61780
72059 83013
47780 74817
42515 51782
43971 65373
69674 80740
22954 39938
35488 80436
65736 67877
21429 93187
54408 69309
2599 22576
49749 83198
52413 80944
41864 89092
48887 56077
21550 59927
37669 45012
49068 94535
52077 54661
42217 80171
25589 87978
496 61535
49257 73561
72723 92058
17104 82907
69196 83466
31089 49006
27040 95581
45779 56285
29662 43919
7448 48305
27343 40210
9218 66429
39282 52945
20209 76228
19974 32801
35750 82508
65798 90497
36706 82401
1791 66945
54920 91763
66074 82247
39675 82181
18499 34219
17531 92229
43892 76700
85090 91204
56925 77810
69185 75633
17395 50910
47458 85811
34999 56986
54448 83801
677 65999
29920 53680
26863 36783
6768 36921
42723 73630
19974 45373
9003 95447
45841 84584
10804 51587
32231 62949
4143 62819
18722 32098
6032 74208
19938 26810
25947 76030
57867 57931
80572 95570
17284 22004
8819 52661
7097 61427
13123 62033
9980 83890
20057 59128
7788 15232
77912 85335
27617 54653
42418 89631
11202 58638
22439 84729
19648 53574
37138 54328
41237 84079
51620 66403
13653 65161
11523 45390
9779 91376
3296 56806
4026 87354
60794 67256
53170 84728
9176 42887
12931 36719
17085 66305
37206 73247
77280 85679
53263 86640
30254 63890
59510 74726
46783 66551
89121 91694
55819 77954
13174 61647
62559 64455
47291 63792
10463 79599
22037 57267
27189 53736
36718 72207
27531 67791
69618 87135
40583 87955
40844 69603
8425 25557
11203 65159
9124 48685
80305 88603
45216 65609
2839 26912
13995 26510
5187 55248
50126 63308
68895 72636
35098 87394
23279 74005
58169 60971
17791 52627
15920 60568
2925 62433
63130 77979
60026 87240
48746 50193
49943 78773
11376 61388
15074 36755
57618 77391
38443 91469
54254 66611
37661 86731
33995 89089
6189 60513
5145 69436
41319 88633
6782 83784
27364 28581
9737 56869
71626 95512
37843 44169
6820 20087
40117 78437
34269 68016
13307 42429
51623 75056
45426 87270
36247 46252
13917 43231
16200 59293
36670 36865
38252 74259
29909 52627
34536 84175
8886 86204
26364 28009
14057 37105
23515 33801
10437 47583
31627 70195
48683 64538
27732 37082
46468 82619
54382 79130
4394 28985
68846 78711
17899 52249
5096 67985
63479 93336
47392 72743
8844 77070
69516 74689
19837 29011
39492 52773
6758 91534
2736 63644
49260 73493
35007 50001
1760 41483
24930 41746
41805 80689
71594 79836
11103 27272
48346 84519
70827 77903
12968 68892
56797 58381
506 86072
40008 40317
73242 81437
34355 42850
2438 46974
22540 22981
14083 83786
6079 9155
1581 58399
42095 88272
23564 31413
33574 40230
2493 70430
66718 89166
13781 39032
58322 85543
4548 48207
78203 93751
13415 64004
19303 25822
42406 51084
1421 92782
75356 93416
837 14597
40144 61383
34919 93971
30622 76098
28986 41128
2038 78853
38798 83148
11757 30422
12061 65500
13435 42812
51924 67705
48650 49430
20755 95603
81955 86511
38877 53376
56958 78301
33380 80188
12250 39713
8339 28420
44839 55346
52094 79945
21372 79427
32767 50102
16242 62037
43621 83988
1062 21322
40566 56241
39915 73421
38862 73731
6938 77523
59700 83116
35597 55979
43991 54190
20195 49660
65534 77572
65512 75101
34686 82321
47512 92812
35745 77528
7629 61173
17774 68079
29810 81842
12049 94664
18722 89191
12962 27935
3289 70028
33818 40264
8079 92910
60636 81856
22533 29173
70908 74272
36944 51644
34949 59765
7432 63181
1029 66070
54331 70947
78444 93777
12121 31848
70212 73200
34632 45163
6237 44147
71260 95290
3641 54415
35096 39231
21671 86360
17126 83309
5870 95522
10004 56470
27822 80940
9901 61217
54266 80018
72235 84200
50427 79915
20617 85511
39049 52507
14417 69639
27961 89311
3219 52412
36484 89338
43750 65523
36231 69017
21653 42516
61167 67798
47756 67284
16301 93107
12482 81363
86396 92955
62645 79113
66522 83565
13708 24362
15503 71770
53148 95030
32770 86365
9739 46691
19260 72593
20962 30765
59742 93700
2946 86616
67661 87742
65029 89196
57099 75366
27390 28539
1423 62034
25060 43494
29703 39407
29942 37201
64107 74646
19614 54786
29602 33248
11979 92450
59211 65248
62333 64208
17033 72383
7754 50786
20166 89201
31351 90062
20928 70648
60479 83761
30762 86195
59188 90486
15784 21823
43674 59173
88974 91943
66167 84497
29348 42796
39136 91266
59230 91364
52700 75958
72792 85157
38290 59759
29959 66145
11249 19550
59070 78240
58623 93271
15581 85609
11807 59867
54641 66944
21760 85920
48445 69819
70344 90015
53202 84545
38512 95663
1891 18703
42609 63295
7723 78233
39156 79253
82385 88925
21823 28870
26489 54916
23389 52065
54533 57231
79964 95039
9771 10911
26877 45153
23111 76431
72494 81382
2576 89562
53319 66596
16152 63154
2544 92841
24841 70124
21490 66346
66881 91607
47269 74259
12353 52656
26648 82489
7470 37441
16036 73555
35586 36545
1481 60808
8200 41809
15788 67455
33098 43084
48452 50191
12275 47180
24666 86066
20090 40918
14617 70199
331 90536
10035 90039
5935 53542
63899 89359
27394 65567
30248 41551
69887 94864
1024 41642
32828 40606
2880 45726
13621 21659
21728 33771
5952 25993
33213 94605
5796 24803
15110 57845
3678 68892
32667 51647
29490 47206
64878 76795
14845 91802
24816 33264
45580 56424
53848 94506
56053 70120
30684 34945
2702 7789
32117 78248
59816 80311
1793 31069
3053 82181
23228 38329
19122 39032
7708 15174
26326 80720
75680 77875
28117 60396
12781 62697
31248 88110
51826 70046
38217 91920
49666 69150
2400 78251
69843 87770
55272 58911
6714 15116
823 43154
24789 38925
40387 76741
19941 73268
1508 69171
9004 30073
28526 51012
34280 90874
20496 92254
9070 14078
12283 71433
948 80083
6420 89163
2920 24387
25928 83812
33051 61247
29918 63625
36346 47815
32018 57143
46878 95065
70149 92705
10429 27942
45758 84477
13952 33503
31185 70611
38188 50133
67488 68548
32308 48761
15714 38161
7517 43781
25212 90936
7238 52773
21780 65413
44401 53989
54309 65271
31193 81472
25713 59485
55986 95184
39931 57002
5852 30011
42316 44602
32556 92197
19657 30260
46893 57052
22410 55062
15292 95092
2227 85914
67801 82639
31665 86244
3640 23430
7384 72159
9249 27497
50836 74686
3388 76530
62615 72949
1468 25947
3884 13078
49833 61135
60779 91780
9825 83815
67867 83205
70388 87129
16222 40748
54264 54482
14129 76873
25674 74883
74213 95096
21294 81545
42625 76097
49943 73525
4671 22836
2849 3488
3091 68150
27829 63866
2714 54520
5261 27425
25321 42535
37519 76605
10695 31984
55191 89719
31021 60390
6330 71491
50279 91962
3093 56828
19683 80689
11629 28761
23668 66869
9437 77227
71858 72411
6120 54399
3912 69773
34072 73818
3092 41363
20097 41373
59971 73278
15055 83600
14000 24291
67005 90863
57383 61754
55469 81551
17408 67212
58284 82896
18861 86043
25063 74788
21782 31813
9042 22704
4751 83126
59704 86125
39071 86203
11975 58183
21213 84768
29115 67237
76986 90066
16583 64577
23163 38618
18018 41982
3847 19529
34455 83144
68333 71676
54986 79366
11367 90161
52651 88479
28902 40894
38000 46201
44456 58401
47359 82734
23317 72959
31425 55620
5127 56167
971 30509
24120 90210
51372 65380
26373 84967
33357 42911
20797 33111
28585 36209
52807 62152
1250 26592
7392 18703
36657 55261
20911 28103
8988 40770
1096 80024
23460 85678
48613 57200
21650 87117
64865 89175
14070 29385
16306 59901
52347 60072
8954 13938
46624 72977
9589 72153
34366 86778
1473 72340
24631 88560
3767 8488
647 53324
21791 25391
12748 85655
33242 59547
3471 43448
47812 91218
7195 34184
70783 71247
2812 89075
6572 19619
76681 90551
19057 46630
45264 84722
11314 34630
19508 94477
69296 70544
49169 86214
36827 38637
41631 61229
57577 68052
41991 54729
8112 30184
24745 81422
58515 87947
20209 81829
27374 52004
58133 73760
3195 12529
74775 95488
14682 40426
13543 14254
7007 68578
44489 77692
22164 26216
50984 88391
32593 62224
33699 60352
27827 51157
11479 77764
29478 49534
22446 49160
66515 88934
64991 95108
27011 38758
27655 49392
66892 95446
68374 74756
43581 78088
5043 81507
14856 51318
38210 70328
75519 88013
46210 87873
28190 88883
57363 87863
4053 86659
9764 79775
4022 18520
54512 86003
42080 42480
5581 90883
31301 69009
4268 92541
644 90031
41414 56404
33259 48492
18116 29829
37865 48905
5064 5312
46928 67035
7377 29318
23945 64387
33230 33341
44587 62010
6817 92505
50420 81817
9230 20610
84681 92970
41526 66285
9918 29195
14421 82665
28618 64668
18603 47347
33291 73026
52410 62166
58524 75929
9946 34957
5532 28559
4664 5205
53084 54196
27899 33482
3774 83180
70812 88702
46779 62273
2199 64458
2649 90236
35116 86557
23944 74687
50549 67781
41007 86778
4240 43430
32313 66867
7789 8889
25416 30290
25514 43066
81249 82292
58182 73629
13280 49793
44424 67333
47299 91845
11462 91480
12639 44451
11790 24753
71500 92419
12777 63693
10850 58171
420 7440
22108 25085
24788 73491
51861 60497
17049 90726
2313 26747
21475 76447
8708 63613
11369 25423
75181 85376
54409 77698
1543 31525
23853 50728
12137 48838
14221 95339
28951 45498
37138 77799
23358 23576
35451 66515
22151 37672
31119 34735
66715 66834
14324 81549
15258 59729
21835 67583
25407 79461
60153 61591
55506 91310
12862 30095
3653 51598
12691 76941
48959 62152
19955 85965
10692 11751
64537 82218
71231 88228
41127 58951
9758 45271
10364 93796
43661 58349
45511 64367
119 83533
34430 89269
83319 87202
9896 66453
18434 81127
62800 81611
62550 76810
29584 68348
36114 55386
16887 55284
44334 55299
36261 47939
550 15841
10689 11765
20283 34371
3182 78967
21896 71931
37585 50440
82949 89665
16779 71559
72588 94939
46765 87634
31267 44754
36649 76619
33579 62869
31880 56601
35995 51107
75872 86952
23644 72884
35777 79710
11493 55947
24589 71321
50042 94755
3429 53872
21042 68120
31830 33561
992 25881
41162 61169
486 17974
4897 43823
57331 78981
25823 87204
51663 58783
24535 73815
39099 85450
41409 86000
64219 64367
60982 61299
16113 48351
44164 73605
82973 85481
6312 9851
13100 85419
24235 62897
19794 48046
27159 87489
6388 34986
48261 60400
30323 65068
62536 65670
31866 54586
5180 88207
42208 76028
77474 95408
32587 37093
53846 91184
34175 66625
9895 81774
30727 61956
2411 80237
30159 92146
37715 86415
33874 44107
11681 71067
39390 55733
3785 60615
13069 22107
26363 56978
8501 63595
62130 67032
9572 16579
10152 43527
88967 90225
597 72515
55518 86065
49164 68642
27896 62208
33852 68610
19702 65090
48386 76681
593 19813
25046 56231
41486 94971
23368 54773
52670 65210
12502 94419
69245 89642
57962 77363
17253 27800
7746 77216
23150 78438
7492 54731
20568 56058
64792 94129
15195 27494
4563 44788
8125 21748
31749 78996
12756 66647
51121 79087
3613 58216
69940 94795
8210 33235
39361 72799
35274 64090
5418 9827
13790 77636
48752 56836
3815 44981
55775 83098
25821 94978
69868 81068
12482 43814
42840 45237
1090 22120
9753 30827
8123 23277
30339 76397
24462 60505
45653 49740
52529 66786
6689 29352
31151 69444
34930 94008
27394 95299
10806 52475
35120 43280
8035 63629
6532 19169
46571 62528
29696 90561
25800 41330
80 1662
7142 60522
20024 76528
16505 43044
86552 95527
33376 87475
46584 59944
35288 92157
73903 89428
7087 7428
25196 71216
27562 35566
3437 65971
37182 44279
40241 43474
49852 72259
76356 94444
67860 68511
45330 61492
83562 95403
14257 16202
47715 63396
49451 75823
10173 91911
28892 35670
34362 49898
31212 77928
6996 71924
20450 78239
51139 87903
28301 75762
27278 88742
47215 54607
27401 30192
21061 53274
5104 90532
70779 85919
10201 32766
46341 81418
64983 95025
70702 72722
16445 42384
30712 93361
13532 22867
36094 39056
36513 91053
13201 94719
11481 28987
43480 95138
13432 84960
7597 42677
21007 74433
64032 74893
53765 63608
2173 43367
69521 91585
14610 71861
43525 69131
50369 79488
36271 75880
47176 67391
43951 88944
11059 16612
19983 74923
70298 87238
50677 83314
5590 51890
12558 88290
43958 47766
39276 83342
13780 71730
44289 76512
14178 34324
45657 94612
35539 42592
26195 83004
33886 34477
38703 74310
23330 59882
23074 91461
63291 86067
17708 41519
33876 82124
4323 75565
46054 49525
19296 52628
39432 49560
45630 79577
69493 75761
34237 52075
7099 32797
27538 60425
47923 80700
2157 40660
57932 93531
24944 91066
39826 50285
20966 80477
15001 23044
33177 93618
17592 24676
3422 80544
30095 36567
24012 53857
18312 86378
7039 38335
1915 43334
44496 67816
34686 75231
62326 89415
46237 87157
27136 47343
13721 40534
40317 50105
11864 74478
13509 44211
4532 59977
42961 94200
2395 71580
292 53443
11978 49338
34146 82212
82797 89544
34744 47831
35993 79636
62401 69346
9963 21428
24806 37376
36973 77381
51033 92025
49455 50648
134 79072
8254 20477
6833 9557
39722 61009
2491 8939
12127 86908
45652 60562
21321 27059
2163 6510
8052 85011
7137 13648
55599 82381
89947 91691
64039 82426
13780 41749
4289 61610
40809 83102
9919 55832
16499 52908
24981 36737
23136 49675
49341 90153
18705 38815
74725 90320
7609 25395
8295 79820
9612 18184
10987 31266
22932 33625
34324 49052
72158 87813
44478 60442
18233 67100
20031 52365
3333 19563
47257 88006
78499 80863
30886 87637
36969 53684
24657 55538
21229 72984
5300 77223
23929 80388
23572 75015
17535 58443
23956 25457
27632 83344
80958 95368
45552 83072
84738 86922
53835 58088
772 43470
14522 36117
31468 36628
11128 66799
46956 93822
3352 36681
55028 80988
29169 35670
84961 94273
62121 73149
649 48665
9103 93928
18416 90919
43534 71151
1103 73551
34481 55548
4095 81975
62293 80445
58397 91573
62774 83115
9846 63812
8368 86138
15988 46213
49216 93756
34513 94611
34430 70327
11166 21106
45955 67423
9072 40481
60974 78910
11611 19490
38498 81135
40485 66312
25089 41844
50659 90155
49120 87936
29462 38642
35457 58695
38401 72600
43152 55190
25926 63249
22194 29762
28661 63887
69778 90268
32504 77227
45621 47822
35370 39077
32346 91171
64008 81267
62211 86824
35063 40689
53753 68119
24745 71136
23053 84495
1976 89261
16096 76824
24227 81446
27441 92794
42920 71202
51265 58830
55896 73846
74207 74256
30026 87637
1457 85580
1399 63122
138 7723
31154 47072
19658 44893
29858 90682
38483 74847
11898 76135
5665 23719
3929 53628
36028 41342
11600 57504
65167 85660
4500 51831
11781 29997
24995 51092
26942 88905
44410 51550
44405 89680
11385 88756
57998 91015
18431 80688
29761 90334
25586 74817
9913 91509
4420 56397
36969 87797
28919 40194
58485 93593
53318 71456
26403 40994
26129 89709
81805 94891
5862 81419
5715 85060
34790 46129
9434 35284
25958 56613
21828 57459
26822 90751
27189 93581
22643 51649
4906 31688
59843 90133
3682 61931
38839 60008
60812 61560
14333 55766
75230 76106
30103 60404
46603 57420
2157 60212
27520 64662
12075 86248
30100 68271
32450 41879
5297 30465
22303 26904
4715 39515
61364 89379
83628 93826
34100 69919
24795 44446
25432 50986
14403 75687
41920 70752
66582 83954
14018 59445
37348 49613
7070 34787
46097 75694
34952 60891
26011 86582
56627 75002
33661 46460
1092 90123
41772 51392
6898 89220
40062 93480
38079 65945
75253 93093
72353 85511
23363 91870
32457 91122
5595 62846
35993 41202
17058 64353
1968 78623
76183 90617
31505 83765
2799 15355
10955 71932
78165 82005
6211 34674
68417 70823
9444 35699
50892 73784
48988 56369
22910 40248
27704 89956
72339 78894
28950 37456
11087 62703
57256 79945
78290 83398
3741 88980
32310 39449
25960 39876
48964 75978
41332 42903
11390 35663
43189 66838
23278 83488
57922 92158
3410 66586
70018 71401
51843 62235
26597 91258
792 33526
61541 69043
38196 58129
67144 95180
27716 59111
18620 93222
23915 53551
84461 87637
26472 31622
22400 42313
70751 75010
4496 93953
3872 85948
18492 92776
37393 45789
35059 95506
23525 65483
40797 90058
34054 82250
69259 76450
10278 24810
52010 69485
27262 68671
4396 51991
75041 93922
4971 87835
10350 17886
48724 80247
54310 67763
35262 89159
68143 74711
12056 68718
404 40825
54523 74406
49670 74247
33113 90760
9160 12061
12357 51167
26769 73930
30099 56406
43881 74133
63659 83711
41678 85614
8953 24596
8401 57182
52524 55359
85848 88507
22329 45299
58215 68639
12411 44169
15094 52974
11940 58220
32399 32820
71079 90910
41502 72593
6270 81036
29671 85482
12350 93178
16839 56088
14753 60485
4226 86530
65721 77938
29268 68369
53387 83411
17078 21240
62429 74096
17183 38007
4055 37772
6236 71736
11247 43697
14491 55123
2331 49195
29121 31139
54856 70871
13014 43107
62684 86917
26779 42080
4130 32566
67109 94354
60516 78504
4073 79415
64710 72309
28668 48735
49887 90006
13298 39047
37056 78168
13203 77848
7998 64804
45659 85246
17899 68336
17126 33502
54471 74488
47984 73521
52222 82871
37942 61421
42004 47791
27981 40978
55293 84621
3989 73825
54814 91608
50814 79844
6149 22165
60405 65094
63627 78111
1402 79159
13452 68937
53078 92594
17106 54156
87517 91287
33007 59063
25204 80574
34881 48474
2071 58060
27428 67318
85775 88192
72878 92996
50033 84827
5546 74211
3260 32215
53108 70912
40290 58829
57867 77247
33792 40671
90238 90673
3556 80205
78680 90085
76563 88289
8946 44658
58397 60690
29232 41416
75833 88828
55871 59189
26656 83699
60899 75514
25224 82648
8133 21279
32436 79651
7746 10434
10120 87722
50622 64564
508 38331
65084 79315
5283 26073
481 4763
46064 75133
42045 60184
382 40839
70155 89719
40483 51540
38066 40201
54336 63405
1797 29554
77497 80000
26093 34896
41983 84528
35714 85040
52633 81754
60389 71791
27590 66127
1878 89865
46428 80309
35832 72730
23518 23681
4087 76538
48863 61832
29951 62898
22795 28883
92527 94741
14425 69464
50066 80516
83850 85530
52400 78800
45408 82245
4810 52007
10323 10717
13681 55365
31785 80623
43210 83194
20966 72873
7180 20501
51919 62247
48623 80313
52252 68215
17404 70478
22271 80230
23633 68609
12351 67679
4087 69630
61991 91041
65892 80004
4717 23040
26906 93510
70007 72508
61393 88028
37100 51677
59740 75094
39300 79599
43690 65328
124 59732
54352 81568
12212 17636
2681 28869
35178 88940
68163 86002
8271 73795
11089 33956
25280 42386
49749 72433
30893 48549
14966 50726
55592 67592
35370 90268
374 27286
7083 63292
57395 95441
16818 84830
16941 58510
20261 34054
10670 49054
7018 57486
2209 76680
49387 64205
1314 24959
23607 95065
50766 61426
15303 16417
77855 79653
23965 82989
34045 39780
34703 38691
47114 75876
9600 34368
20319 48766
76501 85500
67265 79238
57787 64215
3550 60020
46392 72064
23327 76127
50782 79429
46250 58200
21432 53801
2548 74742
17550 94403
17201 44739
5378 36191
29926 72774
17364 45416
21867 40831
53721 58446
60436 62295
20168 32795
38209 77949
11688 14372
21004 94414
4334 62914
2636 75100
4277 65024
136 4501
8517 24129
21157 41530
41321 42182
36055 91019
8911 28358
71779 76727
24981 30955
70980 78674
63744 81537
41130 48672
2765 89109
20222 46227
25864 33742
45615 82087
17826 21478
37911 69985
48265 67792
9429 42390
79442 85497
81464 81820
7550 13204
59342 71058
798 36509
18002 39889
68579 74256
29115 69379
4032 91389
8289 48972
56464 77916
54134 90088
1059 79716
7411 82965
5245 22178
26246 61383
18331 50957
53772 87485
46246 69717
7302 47095
5631 8787
56073 87649
24458 43060
46497 71177
8792 49859
60874 70474
25070 87911
1434 43306
1211 31261
47306 47350
138 11199
49762 87502
32901 58180
1020 91047
27450 77060
3094 18090
24728 77702
61358 66176
64034 86602
9200 25892
52775 69109
36282 90460
16545 21288
70204 70647
46655 71179
59258 81208
58734 63176
36242 43553
79893 91918
49947 62442
27536 39737
41774 73901
32245 64797
29954 45597
15498 16498
8293 55132
39992 65493
56063 67097
68619 85093
16378 22802
1670 73232
43955 60171
45755 86221
2685 49077
24422 74532
24152 30846
31311 54903
66114 77660
57768 82366
76410 85894
43330 83317
37614 93625
27034 46574
31236 38385
18361 80054
24507 49695
12534 18207
36293 59675
15648 49087
3934 26811
6962 23513
17777 42043
24362 61007
58573 67441
37893 38449
34417 77492
2533 16363
8765 22252
41734 95675
18701 71307
43688 86499
66624 90340
16813 81684
31076 76979
10657 61965
2882 78501
9860 35620
56403 77821
14853 34660
7532 68061
16032 54022
16843 61250
48273 59749
38720 57199
24393 95677
35987 61454
71745 87373
1925 69224
10143 66518
16576 88605
27596 92307
68068 95380
49980 75406
62782 84257
1224 55675
26391 92245
1135 10807
11609 50019
39286 79403
61487 73299
22797 38202
28325 72658
72281 73924
37667 67481
37519 55357
40237 67561
27287 36051
12500 69108
10351 55948
34610 88221
13818 84986
24169 58431
15366 18074
12474 91263
22776 38144
56397 87324
54206 65868
55016 78824
15916 20623
15924 21459
51269 86626
5039 17096
5337 76170
51851 78499
16064 44482
7111 78523
71303 84386
18485 61472
52279 77694
21796 84725
22981 62184
23227 81591
4134 50644
21944 69042
51563 57836
31136 47150
24481 78801
49615 89950
47459 73558
4940 60062
53158 75380
38444 76084
44274 62413
627 69041
5716 11136
20383 24860
10141 10536
22896 63504
32976 82190
36209 64880
36485 69654
27429 92596
9204 50362
23447 80737
7895 22100
5433 6201
3477 57494
40541 90934
92892 94782
10499 83354
66284 92350
62618 77822
45248 85274
45037 85186
23264 89267
41465 75887
15106 50580
31710 49856
33195 33338
5955 46444
47077 90123
63840 94688
71371 73595
44346 65785
67564 71514
59894 62779
22370 26470
28593 47260
33931 92307
7889 8328
5078 40441
22855 42858
33244 49698
1182 48481
25972 42418
1114 80718
17783 30727
37121 53553
8051 80764
16351 29752
44162 89674
51390 81669
25118 53896
4982 90166
67437 68872
5886 67644
35947 70375
41625 79242
3088 30476
84620 87549
19721 29066
19230 67646
63373 71815
20024 80504
31523 50028
2736 94083
3369 91817
45237 90468
10011 63716
31510 92027
22837 54747
43908 65509
42557 86785
3064 18152
23530 42077
16971 56805
12754 17362
3275 27943
2139 44398
36575 65005
85186 92733
10124 36847
1538 86756
36076 73849
33974 78224
29595 79955
650 94687
8795 37965
60855 92929
29593 76440
26440 53107
12689 47458
20354 80965
52916 92415
29292 94856
79258 89985
15255 15968
28699 67186
5560 88978
30040 35105
1895 95530
1488 9494
66533 71746
15841 71686
52206 85875
1524 37241
3608 37590
44914 51264
69177 70501
11550 86384
45056 80222
28197 44964
9466 46655
81213 83262
49773 79650
15979 79713
12253 22159
39121 60201
68043 70308
50614 52959
15748 44148
11759 28113
54176 87031
75974 81265
53667 69030
8286 82957
56998 57974
36712 39936
35670 49629
79839 80539
13359 62481
28056 42659
40806 69789
13672 30912
7967 64746
18702 36473
41040 91191
62907 66246
68456 80273
4779 84467
903 2899
7680 23515
6911 80893
21148 36765
57146 86355
40914 80563
24249 95411
27947 63162
41359 49483
79910 88983
49519 70285
10265 58620
11490 91986
33543 69741
81555 91628
78509 91826
49068 63763
12251 53604
42250 80696
12115 47087
16267 31573
79406 86107
41950 43462
25799 38540
56234 75509
4490 11384
29258 37410
7690 7920
11738 31939
46621 57857
44184 61095
80465 80503
71423 87046
47232 82500
45269 77828
41575 74712
59483 87820
27981 51619
33213 41664
43196 57508
5987 78075
8888 72397
27048 39854
20178 33608
21007 70805
5225 77931
79722 88136
14893 50823
27153 87555
46009 48828
62026 64799
42167 50370
51988 62550
8465 69515
19947 56622
15824 52953
16134 29590
53713 88814
50209 72211
10709 34124
7422 24032
33338 40146
663 34335
3452 4780
26584 34865
76515 82650
42142 73217
19419 74665
42602 42723
40256 69436
13743 65355
25093 26065
54368 67815
39692 85898
40120 77816
7453 47507
50947 61914
30668 69653
49350 54181
10554 55610
13255 23905
21227 76759
57592 64368
37252 38582
45326 84077
41971 94059
71037 94376
7387 19864
73945 91288
60359 73496
59529 66221
4725 16416
38617 52672
2 3076
35656 65885
947 24077
10230 48773
53172 84509
27080 68665
23098 39879
15853 64447
18024 67573
74613 87554
25619 86810
23421 41114
31208 69251
77967 90303
52502 69232
55257 91268
3891 75252
4076 50761
26719 33790
1727 11773
1556 59339
61760 93066
73573 74083
59654 74551
54111 89633
2317 26105
44912 65008
72047 72579
8224 56100
73915 74506
23607 68749
151 6050
6675 57791
11911 31153
33377 92285
7288 27940
57164 93571
51966 68083
12712 17974
5814 45049
48981 56267
58437 68554
28726 65410
86412 90668
84131 93728
30073 80894
33209 49739
3061 31121
30377 48739
38664 50213
624 51327
22688 71437
56927 75449
888 21150
281 72045
5131 20422
22521 53983
25251 70139
40448 83064
58459 87987
5799 28466
34760 55152
44139 71030
65289 88920
72058 86280
19430 25606
30912 37362
17223 54225
62059 83042
68676 83627
59739 90700
56710 77260
26244 95114
12165 41516
9316 94393
77658 79961
19984 92396
9414 78096
10056 48364
39814 76611
57985 58335
66863 78151
5386 6345
82553 93570
112 89938
49878 81816
64234 80303
27858 94218
21 30128
25038 81113
41366 92437
84880 88393
40349 44430
18727 92900
37453 54605
57584 59457
47313 80739
39933 67660
22469 71180
6602 54462
6009 20582
34690 86036
23533 28538
31940 73812
43186 73184
2684 50923
36015 65953
66390 82593
15269 57809
29423 52918
37290 59645
20582 87821
4675 50913
45530 84629
58748 84708
13113 74482
49597 58851
40519 87633
79507 88642
9556 29700
62506 93143
2914 78099
70362 77379
30558 34705
48080 92825
89487 89921
3421 18019
32144 61234
11089 69146
39236 47700
19916 93989
896 36335
73386 84277
30192 63031
76147 82318
51840 84098
6017 90920
4411 40452
6109 40120
48115 76867
41501 55734
3191 66281
30223 76272
24812 27066
30910 41764
44523 71909
46292 94309
4108 58203
8717 87466
67723 69872
5375 11190
31553 66454
16679 82643
17090 23488
29835 55440
53499 93233
25223 48472
15293 70976
10228 58641
26088 90258
27599 28972
16671 52945
59738 73099
9042 82710
61503 74625
1438 77509
40138 91388
49896 88350
35224 85145
64180 92693
37367 81760
26425 58354
54572 71774
31933 52865
11846 84974
58771 79134
27648 88270
44147 51396
57634 86808
4286 95536
36211 90764
314 49763
7445 50710
3430 44562
6259 85581
12272 90247
5014 51277
29481 87153
44249 48001
22838 50674
9464 95622
62630 83286
11380 74857
45208 51691
8044 14772
72038 88945
66998 72565
40400 44305
8382 37327
20528 78821
20666 57126
6299 73746
50730 82663
53491 83749
40479 93214
37661 91334
17012 93118
21876 92723
26979 38003
23420 57636
4535 52988
65223 95264
17728 35689
16203 29205
55811 57317
17762 78029
58126 63166
10430 40500
66888 94440
18552 90754
54297 83143
37933 71269
28953 46835
19674 80903
85697 93318
13429 84031
48736 86043
14869 72513
9132 21486
3401 18426
37965 58682
64591 70298
30971 35237
46591 54386
13109 69745
43079 56419
13184 56006
38383 49647
42356 93684
72930 81755
66886 77466
23958 45805
54220 58811
39911 61772
64018 65729
8283 14701
14771 40345
63624 75923
39610 77623
9684 20150
19327 28329
14756 95234
36182 79832
46880 87722
32561 53839
30911 67276
30826 82854
14535 50333
79333 93791
82750 82754
44521 50648
25278 31191
20086 48382
42257 53672
56698 75715
5549 78749
54030 63264
87383 93888
59289 71237
13414 16365
31756 39720
9720 92735
51693 71552
15367 58074
52484 57388
4735 51470
2250 41789
150 4189
2595 52234
47738 67402
403 9329
56015 60124
31330 72527
27810 84730
12577 21053
32456 38030
19249 62119
42891 88055
59268 95276
26893 32672
18811 59483
46487 58381
35297 90691
11129 57945
19107 50450
90814 91363
49549 81288
52909 77158
42894 48881
23966 37690
68847 79902
40040 91179
61649 95279
14760 59581
26403 30173
9748 93838
74466 83272
10343 89685
34057 61205
11719 72067
21429 87305
7705 78086
49149 60204
34817 41983
32816 72077
30396 85388
23522 30452
31226 54904
3013 66082
69485 73316
27221 65353
88267 95704
23297 59602
17968 31940
20931 47278
31803 60155
53276 69254
19335 46741
6843 46518
88807 89715
22262 47186
62633 65704
1816 13133
4573 22137
53699 84927
29348 42929
47228 74577
64770 65583
21374 26628
43343 58121
29469 75665
8716 53434
13494 66599
15649 40723
56340 91609
52831 70204
45939 81993
9878 32379
10971 35139
28102 91569
79578 88301
49389 71637
6452 11697
10577 25611
6571 26381
27170 84686
24021 55952
11854 70803
77644 84794
25827 81710
865 86104
7630 90871
17053 49120
17438 62182
48514 64333
10504 76994
54734 64493
45482 94619
22822 81410
26292 37466
27738 89487
9626 9720
999 45383
74879 78384
14554 73645
18457 30070
55662 81292
14817 36206
3207 5044
18118 60909
71673 73740
456 24105
46767 80420
13654 32832
32007 53759
17585 41215
72992 76201
72903 90788
53565 68570
21197 64333
31212 43391
5010 11999
3203 60281
10466 23758
19445 95153
46105 58926
25932 54008
24051 29178
18146 79910
50011 86415
27384 61833
17468 93001
46326 47179
28326 88914
55069 65820
29214 50907
49569 82236
51216 60492
20209 56217
63947 69879
1475 8583
22054 27115
17874 68107
26044 65517
37956 48708
8354 49393
6701 33372
68204 73857
95215 95508
3995 37360
33724 40713
15983 57609
54785 66028
5773 90548
6327 16577
42023 53742
7415 13393
21201 49362
12755 61084
39270 44100
45956 79566
34596 58106
39826 59723
18416 87839
90905 93104
11672 77966
46221 93003
35198 54225
47795 53155
38375 77824
9058 12270
9039 89262
40548 93828
5746 46826
4938 62940
30778 60767
6300 78609
46141 64386
63884 76912
48739 80807
17326 53322
37054 51024
14326 40761
38743 57680
13302 56513
1511 72639
24652 34998
27177 52337
67202 89399
765 44427
48492 54541
38907 73371
23624 95275
12439 64937
57574 61725
11829 29310
2033 47033
32645 91998
14464 95639
42362 94623
40439 78877
40138 65022
18042 38698
34172 86593
24 667
1384 8870
13544 34972
59693 66235
54751 85402
25750 39240
31323 89636
68043 92471
6909 36686
5321 34341
39724 80453
49781 78183
15646 44653
26271 79849
13642 68640
39378 61752
8923 80077
66427 85174
5436 28026
23589 94506
38665 47193
55621 78893
44132 66398
52332 81510
19676 23387
33722 62992
12045 29580
11409 58138
61166 62610
16104 60248
28338 62245
23570 74885
33845 64135
2361 63595
27444 74983
54956 95631
20909 93823
10475 36503
31376 47714
20310 40760
17172 29070
50207 76843
68376 78135
28797 80819
5522 39870
13287 68268
17732 86746
43337 88576
42908 44098
31619 73685
38855 90353
49660 58967
28970 35824
12192 85736
67584 90498
11301 77766
13812 23712
3816 48125
45775 59650
23308 91752
59712 61812
46321 93915
2422 21228
5014 41396
39053 83016
2773 84224
7437 78894
3015 83020
5296 22661
5641 23946
29143 83284
40493 59195
38159 95155
11304 56441
495 71628
41671 77087
18914 40630
21334 91104
4072 40266
28612 85919
4918 83180
58815 66363
53 62144
28930 75255
8254 59532
345 9332
42087 77336
34993 73536
22403 58547
55504 95248
25976 80958
21041 43611
26255 39850
48608 66822
9245 73254
48368 63400
55730 68900
65214 89941
55210 94912
40446 71555
62082 64083
29189 43194
7245 47599
12180 30715
9832 56848
35417 43051
10732 15328
43167 79044
7036 23612
41229 55678
4111 63600
26772 28491
14416 27954
32412 75348
9601 94058
13457 83567
35363 76414
12636 57105
736 45107
70160 95187
53874 80127
5882 46347
20391 31962
19000 83192
31 10514
50691 54049
33629 94209
22887 25629
76079 92196
10407 83753
9077 20098
48690 88452
1593 92881
67179 94227
41255 42580
64379 70471
9302 21552
25224 55602
78271 87308
13462 69260
17359 68440
5136 71215
604 950
20534 74529
50198 91754
55166 76712
82069 88633
13454 89417
41574 80997
72500 88437
62079 94133
24602 75025
25850 30471
22133 92667
6036 37677
65400 84391
11993 94510
65053 71115
47495 52046
38055 39283
61405 79982
574 87919
27537 83670
21319 89609
36149 51354
26372 77553
4918 55871
18459 24484
2764 41703
2295 10718
29448 79296
18741 72638
59271 93895
27820 49313
31008 79924
58473 87262
68656 82462
7636 70301
5480 58842
36239 79254
43627 63929
9441 69494
20673 82579
14214 77435
63832 66874
3768 66878
835 75112
16874 46257
44562 91154
3330 83488
32896 54327
2205 88862
3729 46440
6225 86423
18057 40504
23733 34472
80719 88832
18415 64243
18007 52459
71163 81830
6634 86231
7540 35215
67375 70977
3606 62781
12899 28202
13499 30763
74922 89506
10770 92203
10703 28134
23576 48177
3876 24362
11682 46568
29181 64222
53361 67176
10039 14467
59180 86031
41816 47065
4329 76051
69296 69358
1563 78969
26165 39586
68529 90801
4573 15146
23100 94630
10806 64405
32677 43348
69499 70473
16604 18607
85508 92235
2070 45333
31103 43527
14914 53581
29969 62800
37431 64963
38846 93974
62634 80232
15525 35854
21476 55443
119 10146
26276 43589
3728 5934
34204 34258
34201 83683
60820 64584
16958 39395
47777 51171
56879 64396
34915 37096
27496 95339
20712 41684
72978 91408
22301 25966
11063 21873
29406 60288
8557 18232
60949 94903
7293 92404
77149 87524
1600 90992
25220 30694
38588 58400
6059 53814
75583 93906
47096 63349
11338 51501
46205 72351
10423 65904
68696 73671
719 89269
52360 90388
37891 45503
39456 87019
6270 10323
53062 76149
16595 40425
34589 93314
51574 57562
16159 80172
25893 59882
36785 93739
2865 61628
18069 61254
51275 66085
1260 15940
37070 78013
34613 40207
51641 62264
1207 78360
34705 62251
77953 92702
68 45549
23568 80319
42146 74068
27952 36680
33283 34217
20897 74026
81561 87539
31538 74406
47588 69002
12618 76751
90992 92693
50022 52646
77594 91214
37662 54074
340 61909
38706 45240
85928 92793
55777 93048
17119 77779
26797 91409
1360 83721
1091 72838
34998 67408
68875 72657
83421 90779
6397 63787
40767 78675
29497 56481
40511 84089
10334 81585
39353 48871
17967 79226
18194 48464
38674 82989
35718 56460
54353 59052
33262 47466
50644 53723
11074 15645
19248 89330
19914 49923
44993 78549
22022 64739
10090 23126
16135 32606
48689 74013
4654 56413
30081 30227
74542 94869
22583 66200
31068 62097
267 29591
3616 73719
5712 62130
39876 76148
12113 46262
33348 56475
70696 76616
32073 38800
25651 83477
85466 95443
59117 67268
16216 58066
48855 70795
25392 35133
73384 79249
79789 89468
58876 88713
39259 63989
21100 40700
12038 32339
4444 16224
86122 90005
36490 85126
8812 65801
30837 95312
27027 46235
33181 78367
23703 58646
2485 52470
51100 71650
85112 88367
14517 42047
14760 35601
55023 71735
36092 56763
28545 43403
32580 42128
26491 89335
57323 71057
34571 89017
52878 92942
55940 76625
3538 92327
76734 82140
22762 53491
15505 64665
92490 95369
22237 81647
35285 84326
34545 40108
24324 35162
10936 40001
10144 81180
58164 93720
9760 87629
12504 59990
30185 33940
25104 54359
61662 81214
65172 94159
23080 25898
6836 17172
17585 50267
79003 89593
77528 79639
5049 94358
25454 27468
8634 64629
31832 73856
35098 43436
34205 63235
2178 11529
35590 44566
21113 26604
9770 92572
56849 57436
57152 65865
31395 42720
45456 55882
40430 42900
45858 87840
32246 66586
66036 69135
16882 28842
81563 83208
84233 89068
24969 41119
16715 56301
47974 55530
13305 70504
25561 58565
8245 65160
871 20156
3815 44052
38320 77124
54367 62458
4352 48575
8859 58396
900 39826
72458 77523
30016 52954
76398 88939
74608 84041
19954 62248
60194 92092
57568 72802
47575 76599
18105 70911
24548 80104
58993 64447
71173 94608
27208 73819
27893 72903
20560 35051
5613 90305
25700 70836
15909 25718
39915 43678
5909 32711
1791 81009
72481 90893
11225 30623
10384 64465
17837 45778
5216 24134
45434 69145
59036 83236
14427 15870
55499 61520
17404 39204
4209 44712
14948 42030
29086 82997
8079 24322
14728 94962
13050 39211
19720 80141
66754 93579
77130 91717
75839 88522
20461 63999
49246 91775
24268 93979
7170 92004
19174 70732
8505 65691
15435 16131
60399 63772
85486 88632
16081 93496
10765 68233
8892 76377
46753 61198
6450 15717
20064 74130
33315 83299
17208 38851
55180 74859
12986 35831
67256 83655
44230 49645
53564 73943
72464 78390
28586 30397
55624 94153
7575 48613
6004 36100
2958 80615
38001 73683
38862 44434
39211 57709
69339 89976
8528 31223
14717 41177
23805 51101
12582 81306
21478 52339
15072 24595
3765 90392
29136 73601
77201 77996
20379 63474
79686 83738
27335 61265
38230 73233
19841 29892
46916 92805
55941 59869
7164 7245
8730 52541
1525 64165
13220 21520
47033 92221
1936 71790
24817 47333
4693 75396
17969 41101
75638 84637
8841 27467
14216 74107
47386 69356
2430 42497
48205 49267
12770 85088
10493 93298
16725 89103
17360 23923
38333 57598
5131 29119
4355 36350
26174 52203
7409 11635
59662 65851
68758 74854
12951 22838
57381 82159
17298 76294
5777 44620
8451 38998
2149 28230
42476 62134
70755 86229
28114 62848
57761 76520
41625 73103
40920 61677
56602 79540
16888 64933
48941 55845
79190 93813
48931 54657
67987 69078
61039 84866
70161 93863
34916 70231
27873 67156
10434 13812
60709 85901
26395 61233
27199 77050
611 95236
42702 50127
52077 61443
31415 60012
7810 89204
36 63177
18486 77274
28037 38756
3909 11806
7070 81190
52610 94798
26472 53227
38002 47661
21681 70809
43389 58596
66684 92989
3426 95617
49826 64544
47474 85414
8598 92110
4972 66035
3651 45743
74516 94953
33704 93072
38333 67458
21654 87754
77863 92441
15066 65688
10480 28613
20474 90748
84951 87295
89814 95298
31203 78381
23423 66049
21245 35603
13828 29722
37932 61503
19470 34639
38047 49134
33461 80292
40993 54370
6068 31119
50516 61879
60178 70384
20312 86590
15949 90049
2468 31870
24602 83726
67888 75577
21800 70800
56549 80026
75925 84410
43485 49843
41330 61255
13111 85459
42926 44156
6762 90172
47447 93173
404 11609
7605 80640
53089 65563
40824 51863
63235 72873
5631 56062
26161 32004
14380 49556
28794 87223
5974 46877
4826 23583
10315 24076
24062 49288
20862 50516
55249 62259
63295 64980
32991 92336
29070 70046
19528 29017
37194 86560
13553 54901
2413 42503
46585 95255
10757 86671
47988 56434
15754 38951
18266 32592
63987 66727
79920 80302
57265 73981
36030 75066
53950 78840
10689 46194
45834 69533
31055 79713
37592 89717
20255 91075
45077 72081
18112 21791
21107 38835
49247 73657
58498 93655
20012 27322
40101 42178
18561 93851
8835 63308
36995 69499
17343 89418
44327 45469
72762 84722
7791 21291
52622 57876
39610 60841
24199 84312
70665 70993
1142 25725
58371 68658
32584 37362
41895 81427
51232 80771
15144 70829
56041 71036
82375 95264
69509 84710
8431 20366
7172 9621
8417 82681
29460 56848
58039 69714
57888 88076
6349 69671
18715 66520
32029 63378
23907 86374
12771 16108
34625 62752
10086 51105
11048 22583
25040 73803
24453 63708
53342 92879
31571 59703
36163 60681
53002 55893
55958 57547
20213 22094
21589 85104
8361 47655
2164 48005
18587 68038
18338 85875
73476 92430
20198 89409
34124 72663
3738 47719
13643 66874
16432 60048
17051 90444
24437 90559
27706 90666
49099 62586
8209 35015
82331 82515
271 64606
53764 75246
21978 92289
5072 25951
6002 83172
530 66286
37386 63400
28389 34641
13399 35326
3639 28636
16675 54622
27242 92990
70526 71308
24125 45623
22901 38876
5239 85323
45995 48444
17678 64842
6512 40483
54539 92095
10362 11968
62001 82074
10121 82201
15422 62265
17252 50201
7661 39165
62052 90679
32123 37934
62676 65406
42576 56974
51452 80888
62862 83390
45476 78828
21090 53814
14815 32855
39818 78021
13452 57478
67300 92434
58350 90541
11148 83648
2400 80898
21314 44002
3722 68345
19397 41271
34796 78691
27772 32389
72903 79385
40135 64079
8868 78150
48354 81849
7443 72018
41101 72348
30025 42451
61185 65978
59519 75170
63329 80461
15736 67756
26123 55539
36987 51991
36864 54014
35972 89486
75586 84345
42404 57468
36166 52917
71299 89012
35194 93888
42560 66626
17974 67233
22956 60046
72520 89861
12774 86658
43641 54084
67088 69168
85820 90283
750 23928
23296 72040
39327 83598
29693 75003
11544 24800
69549 71498
26963 93872
440 4106
30836 85509
9128 55440
66073 87436
38907 76982
55475 72336
21992 93050
66514 88267
41812 56386
63502 86320
15095 21056
27696 37070
27524 29713
26826 58916
10327 42621
66043 89968
6665 56923
25088 75860
41564 85347
35309 92080
73529 78775
6473 57103
75554 85778
45606 46290
39337 44919
15927 17370
35441 57554
32017 38918
54205 84420
49123 85072
23967 24058
5428 56099
63878 93874
6464 49181
64079 64778
1578 92092
36595 76640
68290 82871
89678 90915
35739 85036
23111 34249
10898 44507
40102 84158
2607 92325
10895 11392
18754 61253
19510 29676
83357 94109
38952 74863
86992 90792
7867 33354
62813 63157
83611 88505
7503 39417
82742 92429
9459 36705
28217 76649
75477 75548
26055 52853
19 84489
37527 51092
57219 90509
2311 25879
50543 53504
3796 23676
12204 53736
14811 44292
53989 88958
18329 49859
21994 35333
80626 88075
7926 37621
21622 22381
76397 86000
37069 57650
15649 76667
16214 38080
20843 24985
11076 20562
11588 82481
77918 87386
14217 91462
17458 48962
19735 79033
33119 85564
884 31335
60885 75835
45811 71557
9102 32131
89904 90758
55970 95669
31005 60772
58153 62615
1858 16843
6909 80966
18474 60427
9475 30291
23693 77412
29768 80953
46373 79257
62273 70687
33779 75313
49607 95286
71774 77104
2629 83710
10230 56438
23819 27249
29916 39186
47859 51231
24483 33280
64458 69294
54676 64519
31955 53998
38952 41176
67138 89081
68388 73776
5770 54189
60903 79611
22557 84653
37345 51633
44354 88447
1227 53085
7271 40862
36708 42050
2992 94199
1591 83525
38695 75567
34216 55986
25022 36970
15253 56558
28214 52119
19463 42719
17599 62863
38398 73412
6726 75232
15970 42244
58567 80711
5931 51091
64664 88797
48597 93177
35564 61604
52284 57985
14444 61765
59479 67574
47160 89358
7298 60866
6053 89607
6709 68836
79818 83278
75329 92670
50278 73250
19331 72973
11185 43203
12951 46668
13561 83345
9488 64857
45095 92161
12301 36341
44877 49076
703 21771
44534 87242
37710 82312
42873 50489
17608 72620
31393 66256
16750 76283
27726 29988
83717 86282
30925 80865
10636 67180
22504 43705
10896 53291
25430 63798
29364 51043
28649 72729
25684 55005
27358 66544
138 83990
85989 86006
55433 61874
39464 80491
29625 61909
62586 89220
57695 58667
63422 86504
43448 52964
67406 73568
45415 58676
80975 89884
84736 92748
36030 93024
27245 55638
77234 83900
40085 90325
7011 53622
18533 47401
86516 91135
38553 87169
8334 16218
45213 57010
5974 63731
19683 79237
3794 12445
4152 15417
6021 12755
64802 90204
31029 48036
2120 55026
27862 29068
58427 69337
33439 34063
45284 81453
18770 21539
19948 25993
41444 62531
26099 43289
5520 36185
33076 35251
69554 81340
36012 68961
7488 93945
49704 67202
18740 23543
51064 59566
22580 37812
37697 85540
38587 51282
46687 72052
34654 62303
32716 87230
13146 58352
7898 66203
9919 89171
13999 26352
32278 76717
24630 43570
46227 56095
21748 49750
1047 83006
31964 95345
4922 43931
44531 75360
7035 45753
12571 55574
22582 52304
47571 93199
60123 66520
14841 30769
28748 94087
42394 45673
71954 76066
28194 47131
37552 93391
3622 72761
64908 68054
4937 20849
73253 95399
21158 46037
73036 75924
75967 76600
39577 87593
4229 77381
26689 68252
49083 54473
55933 69028
4562 26887
3470 23814
14710 24082
49705 75521
56560 92283
55646 78561
19671 36770
39095 89889
53433 90214
14769 55958
36776 42912
57640 86200
6671 27090
4913 79987
56349 65385
59631 68563
44823 58028
47164 57596
69195 77041
13051 21023
15448 40053
43713 84981
39527 43266
47946 80091
20323 25381
66883 87262
65404 74872
4630 77390
84585 91588
81350 85808
59124 76060
615 73237
57093 60058
17414 31570
15304 20431
41017 76755
28701 53375
41475 72537
7335 58244
6135 41491
22333 69959
37009 62067
2199 59855
49580 78995
8624 31886
6133 11460
19168 57107
34442 67517
47500 81733
4844 57795
22276 56138
61082 84548
18900 36569
15444 17189
60851 75121
4004 77943
72473 82393
65509 81595
12392 79379
66625 81810
2790 79573
6794 18825
55898 80286
26786 37013
1082 91451
44673 91421
3978 61930
13660 47653
33788 70376
16933 69395
50534 86119
74157 86217
15293 88179
72911 85319
71840 82033
24603 41755
1283 37681
43906 83497
30456 49840
6260 85341
27449 90544
15960 45164
22517 82301
20304 37624
12593 52662
6982 21435
60181 87441
49756 69703
56927 68871
18533 88645
76286 82899
42488 63407
82240 94053
31949 39372
31043 93489
38561 70674
19297 40109
43400 84886
9487 77094
37691 39631
54086 60343
21718 58203
1854 22948
25334 31770
92629 93997
12723 62070
29784 49455
49190 91078
15044 57549
29189 37980
34128 62517
67507 85797
37035 46125
85751 95507
13779 53370
15989 65274
265 10265
74090 75687
4513 54645
65545 78430
67035 78135
26319 70822
38251 63024
2312 34102
25061 87697
55546 82986
5000 77883
39781 87371
53472 65846
13431 78588
43549 52677
23597 42387
19026 93964
27722 75857
19773 44673
72203 94537
37193 64861
22822 41532
12109 55664
20714 26201
26049 41489
11956 43523
3963 91884
65856 67862
27350 33105
63622 82206
359 54435
40222 50476
11095 90712
72774 86160
33884 74236
62188 90573
21856 64517
48368 81300
41627 61097
81590 82957
26274 91568
31132 41213
60126 64673
16123 38374
29770 50713
37423 58780
48342 62781
46932 80296
52200 58208
8022 39687
13209 45644
4160 64433
798 38150
17698 50085
21382 65958
32863 36701
20047 35344
10766 50490
31495 69016
45615 90802
10737 80868
62430 90580
54428 87191
72072 72353
21221 40011
61940 85876
26792 89929
15595 42648
3355 48344
1462 6293
21317 79785
12828 45459
68696 86128
69564 78052
22003 89120
41568 83921
31264 89312
366 81328
17675 21071
40904 85129
18339 91269
69259 76312
6332 80320
9645 28441
45902 75320
17662 68420
47605 90035
23186 40270
23887 32147
43311 67455
4164 62559
4695 53717
3721 63291
14726 20679
72006 83664
719 15343
35535 65106
4558 17952
330 83557
44825 60189
27276 36080
77845 91124
41761 54223
58945 82021
71097 84066
23417 35700
27027 74295
45189 61368
28219 94558
40811 57717
37274 58217
1690 58005
1361 22564
26514 88953
75114 83159
23239 41047
44107 79309
29403 61566
53414 58297
45734 95230
55046 74092
34916 36544
55318 73129
11596 86774
12792 76462
20690 85262
3001 32885
30387 38205
6135 66721
8790 82507
16691 72931
14379 15827
75808 93108
18535 21377
10906 45306
269 54650
11196 19854
5081 66854
22407 28799
14069 87858
31982 82905
22768 25087
32068 92125
35425 64716
44276 44496
91945 95553
2182 67613
61820 94872
23376 29981
22136 69957
67338 78139
63876 80149
67348 76312
4570 46296
19289 70770
19566 48887
29706 92738
16029 20071
65029 72162
27549 62428
46048 87217
16498 72800
19809 63771
6430 44993
9851 74285
22224 59723
13227 84238
8261 90526
13020 48594
12600 51677
6501 14704
9779 68339
42750 58651
5865 33717
24986 56835
49296 83673
25417 66329
16540 51815
64024 77244
13139 30101
68901 82135
39256 40538
86242 88182
63760 90190
29953 83051
47502 64041
52232 56640
68275 88833
5486 70977
37544 64683
52387 84329
7770 38439
31484 93443
39860 65599
44860 58144
11689 54389
20435 67941
62478 72239
21655 87763
12706 50982
80165 91080
32645 41546
17636 91401
23910 75028
59075 77668
6268 25085
39677 62828
37727 43020
15726 16124
38431 83705
16520 61923
74311 87947
65960 81592
31304 89969
59051 84620
23893 54395
80 27447
15266 52789
8658 82089
22124 26618
4118 69453
78672 79021
5070 24910
3129 84490
15017 55006
37592 70584
4852 80068
28001 34662
34375 52781
40691 77095
19814 25747
4572 22584
53962 68330
33503 46819
9235 36679
36261 52363
61719 65844
19604 56496
37667 54250
70040 78947
35043 70835
32433 50690
64997 65776
4021 92128
40628 44221
19918 50047
38639 82163
25118 87423
64158 85164
77203 90812
57535 58281
12606 73823
79622 93334
26737 51870
49797 94314
44077 56124
59711 63212
34769 39251
92049 95453
883 54106
10603 93478
52152 94593
5509 30259
25852 64012
10612 17250
49043 83427
84564 89764
24893 92774
28153 44001
27696 39677
35582 49564
43671 50498
22526 90435
59756 74747
16906 76621
73408 89832
7465 67138
80548 82280
50044 80936
30758 44521
8615 77860
18492 95052
54638 71561
55887 95108
45247 64894
20755 46252
16446 86013
31259 44008
12489 20854
84768 86971
349 17262
39212 88654
42404 44701
27312 73982
61312 68864
30976 92737
8646 24534
3520 57792
37162 79782
676 70534
1709 59758
20059 42109
37369 38829
79202 87149
1680 63432
15205 64637
34531 43574
19890 80936
52271 82197
50004 76521
57476 57586
5450 88571
62036 94289
19877 56601
12697 22371
63518 74242
8210 59538
27646 71451
40272 91367
1597 52169
62925 77543
23561 63461
54728 92338
4517 87572
45620 91483
87197 92719
73298 88345
28308 80154
37495 77694
59350 79930
30892 61086
46331 53411
24913 80608
53557 66080
34324 87116
54739 83396
7764 94234
5385 52923
26188 86294
15793 53739
21434 72289
27829 28295
42751 86351
17896 85554
6460 44782
3377 54116
35852 36029
30168 83756
5839 77425
46150 86707
46686 71078
52497 72534
51580 94874
64101 71081
531 33070
25099 61763
10307 42340
30869 64678
4439 87407
36674 40063
14349 49679
1943 47172
6612 46689
15076 77470
69188 83472
20925 48925
9748 23754
65651 88747
30756 40825
39766 73163
30121 47862
77756 83270
49718 61377
70771 93679
7538 83901
4330 27667
31110 68753
21985 93044
26988 29774
44166 83572
9477 22949
41206 72372
22184 94910
10968 54898
6968 13302
7913 33747
50558 62377
46365 48460
37267 54166
8042 75587
47907 81806
22567 78784
10944 71064
34884 87975
52942 90827
19497 87953
70681 89375
14324 75844
61962 63156
81016 82033
32361 58919
17921 41462
35122 65432
9380 67005
69570 84715
89472 93472
48935 70446
15112 52799
11785 36507
27424 59474
31022 92278
6983 55267
20098 20907
19848 94908
19224 32242
10753 22642
1514 87333
24382 53187
12214 66585
11685 95402
7767 39907
8970 90234
17236 49738
39713 73624
11173 55903
478 59538
17879 27243
30973 43320
47133 79169
35179 58476
84241 84309
11313 36051
51937 54589
16410 86924
25970 95335
57466 60746
62582 62706
19991 80824
4851 52033
40274 84734
31591 90551
44389 82581
20747 91336
28051 57096
50169 53279
65660 82760
39657 44023
64969 68214
21519 78891
18632 89537
87899 90142
6632 8114
19606 54905
71316 83628
12738 75670
61124 92618
83186 92316
42242 73640
27938 94974
50604 85403
6749 66380
12232 67929
43875 80300
11639 21511
63490 70163
12136 73573
18450 77146
47871 91977
13127 15182
6342 23801
21913 64668
2288 53143
56193 85781
11156 38535
22291 30225
5683 48717
19222 73402
18692 93634
7351 85416
24653 91261
47009 50668
22103 43836
59568 63991
73183 77959
68657 90378
79583 93040
49069 95385
57432 69990
26410 90345
27284 91488
18810 38868
10488 40108
51363 75536
6083 62752
49410 83626
8096 55334
33594 58112
7909 54794
87161 94140
21116 33187
24379 94491
65548 86041
29580 59760
11483 47025
15884 80678
41438 72430
64538 69321
732 8378
50012 69811
40602 62151
10906 20872
67052 92372
17660 90286
31660 74613
32497 39694
19002 73892
49195 62308
13277 54077
37814 58991
26225 43576
52502 82031
24144 45887
53035 71521
36639 43635
24345 81325
7085 29762
27430 45468
24905 63618
57352 93493
22613 91479
30923 57920
63623 87529
55946 74508
67864 87762
5017 37507
11688 36693
570 55110
73763 74622
7401 53279
63686 94160
20571 94359
62390 95063
6077 9104
72478 87216
10273 12181
68562 83729
38660 49806
2358 45130
60253 90234
90290 90530
52865 60074
27119 63294
18846 48037
20601 62989
82247 86430
26344 41728
2980 27754
18156 39565
22171 85006
33791 79694
29115 59049
54022 55632
237 15003
23480 39225
15770 51139
50958 54409
6085 94673
51157 73858
37145 74980
77237 84830
33940 60021
70439 82298
31286 60986
38697 56191
31363 94150
7302 38442
19176 65780
13505 41726
47256 74973
55203 88464
22844 86239
8373 66581
45573 76030
78680 83764
20073 87067
20456 82647
82403 85274
7240 39023
25427 81158
16146 66731
33276 44754
11131 34268
60850 69954
247 83985
9275 35127
13710 15066
21053 35391
19432 68948
12420 34074
2436 86150
49484 91899
20710 69498
23824 75466
16064 46798
32359 78152
9533 79207
66144 73047
50813 67907
50514 58331
2332 25814
63557 71425
14515 72308
17903 67457
18168 57025
47545 84798
28107 53193
2055 39255
25773 44319
60561 91133
43113 91157
61364 82639
22128 45215
20142 79959
35664 46711
58932 79775
62644 70376
14862 65180
9859 45751
13277 35396
15847 40142
46203 51582
18243 54710
6431 93777
31103 38322
81051 89415
54075 81989
61391 93718
7373 81935
1921 44217
12514 62587
27732 84649
51388 78157
44554 69077
226 1600
52156 72487
37043 40622
4996 50511
1269 10097
36754 73299
24802 57343
22736 94226
6905 67185
16107 54351
10439 23921
21444 85865
57895 91708
13513 36969
34242 70821
37178 54294
808 48696
52229 52317
20369 86894
28840 83647
5499 42723
3547 46664
30919 70408
216 17185
15490 45999
40581 45721
22160 43431
39522 67548
15839 90936
89780 91602
27760 83099
39020 88314
12747 68362
40604 72441
30473 84040
11773 92960
754 57566
41806 62661
11056 55243
5615 14080
33559 62831
53532 90024
32100 95374
6255 29813
11533 58667
71503 74912
12963 15639
85894 87384
35580 84295
13269 54842
18805 67829
64347 92453
14527 70450
49002 64203
55223 62648
19729 44857
11746 56014
38233 78146
18131 52975
30244 60082
32540 74315
85466 93635
8227 14937
13953 59502
13477 32463
58802 61255
46808 62484
7254 66374
25419 71169
28499 77455
85104 92189
39158 59168
25272 30340
35357 81434
7093 78911
20325 74834
16700 86693
34625 45052
68891 88989
16760 55580
38872 43799
50519 51208
45781 74176
3921 15518
2622 81884
608 73542
19886 73826
52711 59478
19189 66896
62608 78489
28575 68499
25928 46099
76768 86508
64391 71441
56866 79778
21247 72508
61681 74203
312 89157
32120 47390
67498 76437
6661 29409
24162 89715
33420 65994
34380 82980
1769 24059
1016 82545
13244 85395
16239 44313
13680 28575
9522 32723
16958 82210
42046 61565
33460 77590
28357 47298
6224 28527
66202 76797
39975 72210
7892 52251
65934 86558
39161 77594
40770 47979
51859 79553
3280 70432
22058 42952
8933 91655
50372 69157
24736 85229
29944 73931
48149 53164
1778 20694
26643 49473
14947 56175
57573 89817
1755 5358
64345 76178
21895 22081
3650 47208
42069 62344
7444 80217
46015 87580
15160 73688
18732 34224
7857 77278
17569 18050
16647 37024
50911 95502
13689 38587
9288 69942
31867 49919
32635 83246
7764 15925
45754 87400
73645 89389
66692 93901
5534 65908
55972 77291
13982 42898
25228 68745
50011 50962
17351 42799
8879 52396
1280 79100
27052 93994
58531 61750
59278 82444
37195 43180
33803 72782
48463 75267
30942 94360
34516 89891
11865 66580
18037 49523
38927 41407
25008 30619
23041 58148
33856 91634
6641 72118
36279 40758
45323 88631
21760 90879
73561 74458
4848 17187
17649 32988
47005 89847
22970 47974
50436 86720
81081 87115
59091 59952
25699 94977
48337 58395
40749 57984
1960 28179
7095 90122
20477 87459
66429 93243
38361 83719
65627 72448
21432 93779
75140 87289
19077 27992
4997 24985
67153 84449
19133 40481
48554 73379
60908 95617
22219 60170
11369 24316
28698 90539
1510 50958
22441 41225
36364 54686
436 18475
51876 61824
33895 62172
12840 95711
20689 79807
41681 63349
61876 71865
33152 68123
40794 71968
56890 92975
33097 70006
34403 34779
11659 63060
16254 36608
17786 30080
31342 43546
60036 60842
18191 91431
76297 90264
9981 19877
67902 89088
39058 65757
11225 69392
6550 47564
38052 48501
17774 18498
7656 49563
47612 65704
34862 76539
30608 54137
44616 70139
3042 13994
22466 73351
13126 57826
16288 65312
30801 90740
22504 51019
13387 74268
45592 74031
52767 77983
7786 45773
22165 41966
15827 37540
65224 85033
14405 92274
24961 38184
58932 93386
34891 94624
47744 55245
24617 28928
298 35828
7860 67183
23047 46291
73040 87450
6886 73332
66486 66729
14703 33495
44607 52749
59635 88232
55349 81856
39241 48452
51403 84946
10027 61415
41422 71121
27012 95593
34779 40709
12078 60100
23748 36931
25058 34510
8308 68515
21756 40673
2870 54401
534 92360
13714 28331
15154 46995
39836 67912
15277 53929
53615 83453
72481 81521
38376 47779
24247 78274
69655 74171
39368 49116
20285 54867
32728 74872
56208 61475
10928 20766
36998 90472
18233 70719
13110 75311
46955 85286
5405 41415
2250 14441
15635 62160
67890 86967
24956 49837
18626 83707
17456 19863
66332 88530
9105 38829
33491 56058
68417 71571
20740 87900
12686 60228
1761 91264
52264 52649
1855 41486
51509 73095
17597 93890
22105 34897
13148 49119
47318 66944
35766 59521
16454 71690
16661 84593
17332 67002
8910 79634
15650 23963
27022 73174
13871 37857
38947 70874
32759 78941
30805 54768
12286 83884
10278 15357
13623 64248
36119 47322
37957 64906
42791 81596
19292 23324
59695 68023
23099 33750
24992 56666
57065 85766
55995 60834
23516 77866
3945 15125
10700 76890
17297 18379
20097 46519
12847 81765
22594 55601
15719 95435
39264 51045
14178 95143
31168 80671
2551 26273
37086 80866
49551 79287
37473 68453
35057 74656
4470 41221
45379 84925
65048 91538
55388 86073
25114 27578
5937 82006
17653 81498
17222 64019
75770 94643
48283 74614
11736 35035
72140 95481
18943 69559
26645 80709
45509 45605
63073 83747
44598 72632
16258 43071
67952 81946
1817 56574
41148 61539
37457 89989
84434 92058
34041 41262
9359 34664
80767 91217
11432 44679
992 66036
3482 31347
17429 86979
4037 6397
44511 58148
21297 33255
85873 88391
67117 87669
21779 48361
46389 94568
42456 70338
19367 57139
17802 38670
16924 84417
29427 34526
2057 6683
48708 65127
13743 62018
17089 84442
39514 47946
224 16490
29516 45453
87290 89814
47704 66757
3240 88192
64540 67131
39352 80037
26909 92017
13549 63608
19789 61077
8980 15179
5442 17003
29147 80268
33461 52285
19579 29342
70010 75394
28125 65557
68902 69938
6171 86168
14314 30991
11331 71062
199 65768
29831 85320
34857 58997
65113 76521
6546 21824
1309 66193
50145 50961
13212 40189
9076 49815
57162 71127
27183 57681
70493 78897
26346 60004
48443 79348
71443 76493
13993 34182
31419 71496
52217 86293
86585 88673
51355 68795
31130 55986
59752 72220
3900 38613
39637 43469
5768 52294
1189 47579
11609 41437
74699 86741
69948 92450
31087 57801
32339 88754
6751 17984
77330 84576
13860 86444
14456 52790
16104 93154
43175 54998
62861 71238
18993 24016
83825 85908
1976 28039
63910 74528
93829 94451
9765 46400
19735 51426
14668 46897
5011 56045
18323 46615
7764 35581
13478 14708
25699 72365
60370 88732
63503 94262
62976 69865
44601 67729
46549 75070
24670 45715
59635 93113
30605 91226
37991 64628
34336 88943
44312 86310
30886 36964
20263 56121
50318 62362
5805 92990
55548 75939
57141 82516
57503 89365
18421 30550
17762 85706
46255 76554
52362 71222
18898 31279
82755 83377
43888 44325
45963 55636
34552 38178
63950 70949
10946 11600
51338 56040
31865 84785
38326 38685
51473 74751
416 61495
53208 67739
10260 19864
15160 52058
47000 78127
15071 80949
67550 85193
16603 82016
87347 89446
6269 95487
42514 73928
60049 94591
8143 39623
63833 94956
65909 78174
21239 30126
75994 86791
71911 73136
50352 62631
12845 56816
45604 74180
74576 91496
15751 75532
26251 39810
4743 10168
83073 90627
2085 45886
48918 63938
43189 92378
10830 78316
19985 27844
12881 17183
85424 90469
39373 60207
23289 81382
72364 81014
13121 76247
9684 78962
15690 86052
42563 66359
41869 58851
22708 93231
36589 39853
3965 9264
12602 67748
30400 88339
20153 73564
9772 22257
16122 61890
39694 56027
79742 86740
16564 31496
7942 80138
2733 75428
29554 33518
32392 59382
7211 16329
66196 78428
50018 80436
7215 49592
26690 86745
27739 80412
1621 53643
48367 80631
24287 24730
22765 52069
1547 40172
37279 71628
52388 66442
45751 57275
40398 81467
72215 82179
45838 69456
15777 79885
82331 90265
44280 67366
19707 77385
50928 66459
2085 57864
25815 78022
4863 73162
3444 42122
37713 80747
8138 55737
16807 37239
24668 89716
83316 90095
17036 90311
11069 70888
49288 54780
10335 38837
16059 82157
16863 21033
34291 36905
29715 94947
1707 18480
45942 59822
71217 71231
64510 79581
8493 42107
30180 55441
38797 44731
847 90449
27367 84266
10680 44339
8410 52094
3707 34913
34199 65521
48893 80967
13423 17308
31868 41721
39509 62874
21694 44710
60593 88880
4709 91802
42597 90943
51738 84812
3985 62751
24408 77434
9673 38031
38040 78806
41800 83838
74185 90409
473 20193
19238 83269
34486 55185
9597 77872
1919 21253
64774 65766
47237 71528
23807 94005
231 73154
24090 82611
36561 43683
38880 55590
24596 41251
27671 47907
7563 91562
39347 93785
8439 18413
26486 88002
19397 82561
54319 85656
57558 94977
20380 93293
39975 90482
26128 75936
11936 83403
57551 89781
44855 95470
11204 75616
28738 57476
66768 76163
4463 43053
68895 95288
46664 62032
38064 82319
11161 60249
26997 89470
37976 81422
68569 73691
25541 72288
85415 86566
27035 94112
16044 78348
66297 80701
5733 52695
53252 89718
12551 84204
3614 70897
33758 53982
29129 61984
4184 32636
70742 89505
28537 31778
57947 76144
18833 94545
1618 34033
39007 77922
55949 76885
21275 74860
56753 74910
17 91201
35905 71855
12010 76876
86110 94049
75106 75207
247 10789
11101 71992
6010 43206
7191 61304
30517 70959
54268 89204
39914 84812
1147 91683
37173 49181
39501 47604
16116 63263
818 27362
664 30385
5114 38776
14129 78950
18006 66250
76258 85222
13898 67630
41654 78274
15982 39103
70012 82883
79267 84589
76369 81833
7820 92211
19722 33358
35281 78182
16876 80686
29119 67476
7204 21655
14038 39915
14658 75038
10592 34037
9343 26705
50318 79415
4354 15161
59967 68811
30260 37288
52665 53288
6700 76281
5171 23423
83317 89072
7610 23063
7696 75967
11178 70438
23866 43160
46617 71543
26963 44852
54009 78680
44039 47596
35429 61464
16569 82671
41934 61221
16968 45378
13285 83197
17386 75862
26484 78731
624 74038
73117 78268
23115 71998
17806 28629
14231 95352
1254 9028
65572 70206
81246 82933
12867 42478
32961 66761
30406 30778
53415 92132
53755 67311
10247 48884
23070 81166
23783 57272
68833 70824
16854 95130
12608 82812
40743 79075
48532 55322
58005 89471
5343 69798
52357 65459
52656 72347
39916 92998
1144 90997
39191 56001
11307 17464
12434 37096
92499 93799
39885 47368
13841 18981
35466 51433
36722 71743
321 2489
10033 55373
37627 52255
27952 53375
60460 71292
31781 78861
3626 89859
7061 68779
78726 90416
58443 66011
23661 88195
11852 62094
53985 91258
9398 56067
10697 25249
58810 70826
28690 71368
44933 89644
30999 66565
19651 42405
45093 79160
29826 74838
13976 45426
55383 63518
871 83744
30872 73688
37620 88845
39884 56858
74828 77114
48559 89735
779 75256
35036 74568
70839 77802
24825 52951
34037 85662
48693 51242
90959 92487
8711 48807
23900 30543
24170 44414
31496 49180
60496 94624
75801 78581
33627 93986
7838 48165
23325 71632
40790 65087
23217 86255
74048 95693
15511 49456
17662 65492
47515 79355
74098 93088
28875 40994
43075 53081
25662 46045
41632 67271
24882 85697
63734 68524
5273 76914
4252 52057
36139 68147
25022 72671
7368 47813
22600 91856
54249 71992
31709 52278
19696 92102
2974 87576
40191 64023
25583 77367
67910 84987
61333 73029
21329 42349
55509 93451
30145 86355
23556 93809
50302 65807
2924 8149
32773 80929
5810 93409
12144 81751
3054 87604
40010 58367
69425 80242
28041 54444
58017 64182
1514 81896
1723 12389
11992 81994
24873 84986
2480 42823
45259 95059
5128 62161
72031 75783
3693 11190
39074 59720
9895 91234
32754 81761
10145 38241
41420 91471
73453 95159
60335 84337
71209 83408
37047 89033
32753 45879
47201 72875
20289 30853
9501 67377
34695 70054
37970 69062
48804 84774
1735 18592
60668 67930
50015 60352
82112 89661
68080 70060
70636 87746
11568 78531
11653 42348
39234 60449
38401 65981
37174 93079
78979 79403
61190 74331
7856 13241
73693 90334
72903 75025
27329 90009
14842 22960
83686 88987
2290 53169
16079 91281
9357 11374
15529 81221
37627 86134
15107 48549
50349 70685
44672 84074
41696 71323
2614 75210
29177 88008
2422 55644
60579 72083
23052 57259
41777 66629
28900 34340
64517 79531
2090 22377
26125 48389
20226 72271
31197 47213
6239 12946
11536 90594
4742 42917
3614 21835
16200 40339
86706 91182
9174 42308
39817 43022
12924 31233
45263 82371
14906 38133
2009 2288
28058 85365
25493 36430
26357 45166
5578 56889
6833 14445
56855 89416
19773 43104
64085 72364
6438 87343
67977 85197
53555 58572
43692 54457
45970 57763
33276 81467
94375 95199
858 84118
22434 31241
40807 52623
57975 85004
31068 40118
6926 32835
14700 37963
5859 64692
52025 80720
7322 41240
60124 62645
66822 86214
2935 88539
7656 36765
8515 94980
13187 57433
73353 82162
75583 87052
18180 75153
33947 91562
2610 62899
4038 24179
64677 92528
25115 81609
23564 37528
13457 76567
13396 94001
22976 39673
10361 49937
21925 71222
65349 76352
27918 53694
76351 88451
17304 18710
11567 71756
55426 57386
23072 56299
22544 66667
7921 95436
26374 61540
22892 54599
14212 71215
5026 82179
19726 21682
33764 82479
13626 54740
60932 95029
44486 51407
78596 93909
22143 47209
30861 31995
22118 63380
40828 64264
60782 83316
72355 74526
33831 78880
29809 81168
10793 90306
48933 72645
80021 90192
35639 81196
23820 56086
18315 46033
22091 42126
2151 5600
39325 39622
17972 41698
10722 87300
14148 36521
25783 45517
38485 81778
2466 43274
49936 69060
58523 78233
22523 71336
21210 90366
41125 57998
48866 60859
24344 75741
4090 52587
38974 81074
33592 67214
27301 81401
75319 78564
24180 74208
65139 69558
38570 76739
1757 33074
5070 19024
45050 72668
7327 87597
42986 61310
52924 80542
47958 64848
59228 63006
1280 71630
13360 82734
49219 84012
12899 59578
2542 66974
54622 72620
62711 75588
5543 23609
30538 57599
12402 13462
33685 83657
67017 67288
63100 63556
15885 59766
53591 73500
7704 26091
40770 88726
14364 74767
54171 91609
51454 53443
17618 29676
10356 71636
87670 89697
56396 58612
11980 82005
77510 92535
57979 78825
23141 85356
17613 53857
32225 42346
32608 44653
47473 61236
19040 31184
30201 89588
44991 87950
9885 29136
12001 74193
6010 80548
6510 20417
37363 40259
10212 79008
44475 76089
11709 89690
47904 83212
856 15233
2819 53370
33289 38033
57758 79966
72028 93806
33535 37157
35310 58614
71963 78918
26985 31807
39404 59825
17527 39962
18085 53130
10476 79500
80521 82318
21087 72662
58012 74994
50333 74418
83877 93299
83343 91263
42037 80288
5836 86685
5744 65219
62026 80787
23149 67773
37213 82749
35399 56963
8340 71252
10864 11162
66341 89617
46494 84753
41821 94967
49672 58174
16596 19764
12421 90148
5682 54133
65397 88118
11467 83727
21342 56453
39427 46424
8669 24682
25986 42243
61959 64362
38619 86188
28702 68507
9078 85183
19821 88631
20900 95411
6364 95129
25049 31871
11920 46979
23836 24447
20253 23541
25146 71039
14100 20822
42469 64911
17722 73351
8880 65822
23693 77094
75720 95009
31655 64534
1109 42194
19101 91786
17736 42675
22722 47545
31782 69178
85594 94652
25495 26445
33086 51738
16021 44606
42827 93128
2569 83129
33804 82464
61078 86205
31455 67369
48412 66621
62062 80289
65984 93426
52713 57351
12860 36311
10906 26263
52506 82716
19960 64231
47903 53298
10301 12071
49142 59488
9776 60887
24911 57617
6268 75115
35960 60577
34346 40727
12573 53754
64157 76694
59515 62216
16969 49529
62121 63283
35432 85135
14755 57858
37963 46778
41321 66524
56239 78406
2480 16864
16075 90468
10145 72235
19672 40711
65029 91956
43625 77608
17663 69408
186 89374
21067 34742
55470 83796
47057 75009
25228 63252
6272 73720
472 92157
58131 67281
6201 63970
58932 75383
15038 80612
4919 79729
19671 54898
12353 74492
26601 41092
7974 15122
15412 52839
3839 74990
26795 75676
31878 44210
8905 21631
24591 35899
18556 66464
15039 59965
82704 92010
42592 61201
43201 83479
47321 64297
50887 57214
5383 89916
1412 40455
45370 64547
29119 74313
30495 93010
42264 81999
52480 62775
24795 62069
35320 57432
6130 88018
52750 78356
77997 91467
32389 56319
16907 60125
7198 66356
46719 73705
70820 90929
36230 54085
28677 61868
78867 92437
8858 49526
45355 58733
62391 91584
4744 62042
20763 83055
12018 55305
74464 92031
35445 78910
20913 55033
14005 71775
41686 68446
43219 90422
34796 62460
31548 70660
23424 71417
57284 66350
26302 92598
16026 74819
30590 74367
52674 90913
49227 61968
66301 70653
68673 85809
10659 27339
21995 91934
8282 77066
25806 90202
35301 94130
814 73231
15788 19028
33554 64504
26207 62649
25054 50793
29031 88475
11654 31947
26502 92774
44698 73228
21270 78737
31122 69422
26292 64756
28425 42342
28384 81252
11045 84107
56766 87694
12642 66044
19829 29911
17788 55263
6506 51357
55914 67201
14532 24614
29268 37147
42934 67783
49371 54776
27944 48223
24461 30709
23922 93604
11337 37082
63920 68479
55145 85436
5164 47997
6343 73885
11915 34642
7270 75050
41937 77284
7656 73852
12793 83383
150 19697
25610 77911
21299 57199
40237 92696
12378 17560
3182 26309
70203 95454
12258 89096
353 15916
46086 77108
50526 89259
11227 81160
29870 56933
23076 31255
16927 89569
52591 58483
5609 33710
41540 43260
16376 78972
75045 95205
36763 53745
60791 73618
16769 72179
81975 92995
4090 7533
79761 94188
15925 88541
12906 49396
7065 75244
58984 59136
20180 64677
44303 91543
22478 38060
72677 94823
3624 87154
40514 42667
12941 81994
9430 63856
40018 54941
50626 76762
27565 84540
28036 35374
56099 70276
2846 4129
11640 32305
62932 72631
9387 51783
1783 31336
16599 72113
1275 46734
26295 89503
21650 36471
45402 52879
11234 30732
54817 93744
12452 23328
3278 73333
3638 85984
9992 24113
35700 61636
71560 75277
7413 93756
4934 18727
71406 85030
39328 54940
15859 66715
15503 19232
82892 93656
18349 35969
40415 40733
54621 58700
46754 59368
70448 76861
34781 82361
42958 90819
50913 58017
30419 59219
303 36962
11617 63154
5739 74459
4085 86425
5774 24227
4394 71767
52443 61683
8777 31745
57777 87160
35988 46618
6419 54478
40553 68491
66475 83041
5809 94939
68797 70245
58892 88329
63394 75151
1835 55657
48010 65456
10822 94286
10634 69000
23270 71800
55025 85684
22280 62695
38257 55656
11163 34147
42144 51953
28043 79204
206 88053
39172 68516
20327 49852
32663 81462
6454 18803
58454 91491
33466 36012
14395 22744
10590 81318
43315 62911
71306 94143
10567 80799
40943 60376
19307 29449
11894 23680
10562 24884
22760 74165
51139 90671
70840 72990
61807 62085
548 51274
2828 43609
25675 28018
25928 36032
10669 86056
25108 66204
79379 79650
29981 37511
37153 46463
1074 69063
31264 55677
23389 71888
17768 22953
38511 81963
21772 53659
46484 84059
29253 59861
24791 58806
31897 58227
24700 27314
49954 52316
13291 42545
31122 86525
22021 82604
7303 19133
71500 83968
16310 84417
31424 78951
61541 70893
11435 11741
26148 83766
75271 83470
13880 79848
13894 17990
2325 10948
56406 63571
25368 26378
44208 47136
10248 34779
29786 45384
19185 33107
40351 74062
26983 54842
4835 5189
27971 84481
48320 93745
89855 89929
31177 58847
31372 73985
62959 71714
10627 57947
1289 51263
34878 43959
74647 75439
14462 37295
37637 86464
72508 87489
39395 49949
18344 91793
38232 44223
16918 87616
10312 47336
26181 59806
53474 88037
56092 93220
3860 49338
33385 94101
20686 45525
27552 53183
56651 91458
59931 80227
3156 85213
84149 95453
11960 45495
43603 47353
49382 79495
5217 38573
64200 77112
21650 27289
4987 81213
33073 68204
3016 73189
37187 52098
3221 34876
26650 55058
6105 51211
30497 62699
25357 63549
12303 87071
33693 47654
39651 81125
58373 77509
34756 77226
55921 88623
13956 87027
33863 79490
21176 47397
21064 51163
34224 75848
24531 49868
68570 74908
9135 10089
14799 19224
53066 86330
6321 59389
40409 41823
66880 95404
11135 69299
65989 87162
42985 87498
89512 90410
14264 53882
45466 85925
507 65048
52483 91448
54441 56647
19655 60330
18889 53020
38236 65300
3585 92033
23992 88028
8975 57339
72174 94002
41855 87641
19586 83418
40637 43414
34634 46182
53764 85243
25657 58637
21222 67373
58871 68313
19263 63592
72179 87140
44395 58724
51561 88491
12520 22928
82576 87850
1704 28563
30557 78077
31382 53127
14705 52201
8565 36671
41150 63047
35308 74858
37609 48689
29943 88683
5176 68481
19920 89867
70107 87820
52189 92811
96 13267
58531 94807
16142 48497
13842 76229
21758 30625
28518 82183
54872 71886
8256 11650
36051 91995
30530 52810
17361 57585
74786 88267
63042 80080
51846 63949
36702 77665
72615 91188
5607 44994
30309 47597
7478 9745
57344 68796
46540 83428
18228 81140
57809 89909
652 32048
534 60139
75800 85700
58474 82174
17740 82081
988 30046
1831 71773
7439 77934
17058 46563
9538 25016
62283 72304
8303 72696
6224 20332
48789 66763
31328 65537
1284 58143
9212 84078
82586 82715
17775 60622
62149 82761
31039 50183
44263 68595
51055 52061
17397 67677
12175 43281
2229 80472
8696 80484
8613 63920
71048 86091
3355 16924
54501 93837
42651 82845
27758 80408
9421 94333
29785 47730
3264 81362
2035 34348
56833 65038
42332 63337
35329 86753
62245 72372
29043 33153
18246 29197
78746 82595
77420 85025
74356 86613
38873 87085
33611 83972
26692 69629
8699 42999
12129 21092
50011 67001
52148 58608
5600 51893
42971 83268
4751 54567
61951 73585
20371 29939
15241 17899
42808 55400
22191 88682
27741 61299
62139 91860
8829 58133
17060 37429
21023 64480
28677 52741
35060 55524
19003 22401
11853 18722
15839 74237
10640 67617
9597 54271
51224 71807
77330 80883
6475 62385
21163 35410
14148 95447
72280 87415
3429 80598
4905 67717
2048 78137
4398 43584
17291 63429
40532 73657
20626 39986
41705 61109
9027 73976
620 9488
8086 59065
18015 20756
60914 77633
17255 46944
4108 81456
15178 35844
63952 88004
56356 70783
55397 91129
12460 22388
44687 79941
24628 54267
68377 72717
46238 73684
41734 42612
63495 94452
9899 35722
30534 86236
38929 95511
14186 63904
32034 48214
9895 66911
11597 88155
1144 35215
7152 11957
12185 52422
52596 58341
29167 45239
28042 57713
28471 49643
16435 77427
25693 72783
12553 93821
60644 94043
7382 35968
5296 25625
7440 79617
15619 54650
52602 89739
13410 71323
71386 90407
62899 70227
50527 80073
18496 20358
61533 92099
32930 51636
23964 88475
51959 86341
8260 89525
46878 62280
75688 92042
3075 65672
39788 76524
32665 64224
41040 53647
45087 84245
23878 60928
21413 61407
23734 52336
31538 40495
52552 81277
59491 82554
20498 66642
14574 66620
18523 79365
7577 81319
53672 61793
46542 88460
24686 71873
23435 24374
40055 68809
21709 34026
5536 60306
27027 93707
69054 75158
17037 83791
19999 37463
10905 84041
24843 81347
41819 71219
21189 76813
8100 64766
94 87588
8504 90135
20385 26249
24939 56795
30029 47055
8114 23960
34739 47925
35624 66679
556 14558
48545 95049
79460 81701
35533 67928
17682 78401
11771 37913
25690 40497
37033 67476
10232 62796
80174 80826
28539 40706
7907 43035
6574 67213
56264 95702
64456 90550
26295 82376
30877 40226
26061 33308
14017 39136
21430 84766
13634 66521
35215 36690
32599 69748
57936 66502
37287 68092
54665 82994
8363 27005
9853 53684
15005 79687
21475 38620
36521 43716
14791 62666
28341 84653
36623 47039
9845 19668
50094 85987
47890 70174
4941 62886
37796 69151
24634 50612
73951 75355
1477 45543
18067 54301
5087 81483
1227 31855
30860 31004
7420 79602
37722 75834
14277 34182
7942 78503
18324 49480
47121 90875
23826 71497
4766 6959
20234 88314
59067 67659
13137 46609
77001 87298
24651 64955
16098 86470
17861 89875
1789 43138
65587 71435
13378 19222
43220 43232
12320 33910
90935 91081
1333 32769
45831 90418
4902 84930
27892 84229
17922 90984
77036 94028
32408 80267
55761 66911
35166 59150
3567 61032
9466 17332
13730 15393
33917 90268
6088 87407
11403 61149
32024 66804
70356 80669
7900 73540
73939 77228
31124 47162
3665 10654
1901 53523
10582 10764
35009 44626
28082 89564
8916 70337
58607 91558
13960 50472
4746 76662
2238 38933
6240 74216
437 47583
28823 74191
61136 76193
47779 59497
11154 57478
40432 86294
40327 60062
47824 76695
42602 68576
64868 81027
45034 49131
30521 94592
45421 93149
72099 81950
70581 80250
61621 93968
77592 94166
12929 21426
7201 91697
54604 57771
17970 53910
11486 33722
27224 64775
33490 78971
1502 27047
4362 64158
14607 48034
40538 53693
75636 87882
23637 43359
68788 86252
40502 58241
21197 88734
14493 34280
54628 85051
28051 59420
28277 63835
47681 65489
43207 95419
66621 72340
56546 66955
68537 90810
3624 63835
32037 83486
13913 53760
4736 66578
9076 18157
60721 67683
17427 81716
67334 87114
37439 94362
19089 61044
2864 70868
6616 54561
37428 56341
80401 89113
11484 34466
77634 82010
19997 21489
13528 36747
1931 19305
32328 33683
31134 71254
2045 19465
5827 35240
46315 46681
55384 68593
49735 68570
48589 78310
6689 79709
71076 82237
12605 44461
19888 38761
19268 31263
14638 42749
50482 82530
2628 11259
12056 43341
28470 46405
30754 33906
19023 72820
4322 38254
37341 67772
32598 42562
27408 31946
5152 19189
48120 60910
47753 81032
34258 37712
66533 71342
39129 55265
47538 88741
47285 56183
50243 77668
61418 69566
28245 45528
53463 68124
17754 18638
19072 87980
11669 49352
19594 43542
57508 59512
32036 32488
39154 70100
61706 73178
1888 11601
14412 15594
66431 80699
49423 56966
50266 66259
46165 73343
56295 78045
51287 59113
15232 33985
16940 29011
15051 49205
4901 71910
66113 94727
14648 79820
67649 85770
17973 87908
23180 53690
35569 37725
4207 14994
3551 37844
602 31075
10648 81310
11144 35914
24983 80052
33159 47625
64069 68614
49265 58869
42247 60405
11720 90822
13580 53784
38195 53675
46403 69847
4886 43622
21646 58711
24881 29833
38546 40739
27694 28280
41747 86565
46949 47240
2438 55148
29129 46190
85390 91575
40381 88792
24873 71611
28871 43694
25850 87830
22540 34145
71874 72787
44304 73120
46986 84725
52459 72430
22925 46740
14433 73721
22582 36410
21674 91991
24297 65096
7230 51063
53219 74520
31824 50006
64123 82745
32448 33581
23733 38478
36754 73203
8566 24015
29246 88292
23591 48093
14803 59082
33933 61946
70524 71654
54072 89551
30078 94945
17673 33820
36165 87716
43334 80955
53915 77443
61766 80988
38819 55843
57297 70215
5836 23244
25628 82641
37663 93101
49038 94909
26412 81111
11658 77231
47474 74149
39665 50846
14605 41681
15435 72481
67464 89519
10112 93783
1914 89973
14139 45886
59513 78994
44169 58184
17327 25788
40045 85538
29841 64942
14927 81378
25179 58112
12195 91519
10455 26551
24255 80409
21879 94256
35710 57934
37544 78474
31145 31400
42397 65695
26483 33359
47092 86503
19823 83176
63314 93069
41752 57288
29243 52191
27247 76782
29 90832
13329 77382
4608 21455
15865 47570
21625 51354
39167 60671
12451 44271
4914 28522
71658 82270
62673 71670
87071 90111
36128 85873
42192 93404
89251 90002
18315 81027
17665 94606
20599 55168
37268 59544
2103 90913
62188 74221
2842 8580
9896 73415
10320 83086
10869 35691
347 18740
10836 61795
42842 66456
44416 44965
75826 82018
62950 90930
25681 60806
15193 55936
30877 43443
5672 87274
4355 42190
19993 40180
44713 56754
4374 9982
13312 52936
74427 92316
18931 32845
28146 55944
7374 21579
7510 32079
77286 82443
35720 92904
26710 36104
56000 84513
45726 79792
49563 76686
32010 42237
23818 75931
32330 76184
14592 51758
55727 65896
19388 39732
48561 53649
53933 95214
64552 94094
67317 86153
25028 66846
65271 88976
76649 86280
93892 95665
13281 25400
11648 27514
58606 63604
24265 44639
16612 35755
41508 94421
81204 91839
1779 84549
41657 42840
16792 76674
55164 76265
46532 76357
9339 24423
19334 20373
38254 67519
81144 82929
50081 70412
34027 67165
38481 63799
4404 5783
46213 60284
12574 84229
71428 95273
72978 95485
1387 8069
22059 86220
20486 37196
51998 82029
53327 75276
71661 94725
5504 95372
40882 90603
54791 64615
51843 71303
2939 26114
34148 84724
11256 52071
2370 36039
20617 57463
53678 58950
35843 68608
54500 70873
68060 73356
44846 48303
46958 86311
26257 27176
16977 39774
16798 64528
42818 58506
21372 66866
53288 71750
10203 53498
46361 77605
37839 66712
42054 49250
9896 78212
52662 78949
62254 72695
5782 49617
8281 65631
36437 73560
57354 90822
27495 53625
44949 54936
46370 61729
88139 93030
77434 78065
54100 92333
42149 92373
6111 56676
24941 71183
3580 80832
52933 77163
860 47402
9026 76182
2606 92936
31872 45887
60036 70877
23802 39277
66737 79274
5366 34639
11495 90810
76279 94025
91471 94361
29434 58410
3014 61523
43421 49365
27915 51153
28656 74708
47755 78928
28086 82703
81454 84633
11433 58403
6246 86692
13174 85625
36926 76709
16354 18291
45539 52074
10519 45644
46272 81473
71743 72471
2710 48933
32457 84190
83229 89475
46014 89680
260 15081
8528 38734
65266 76548
32235 79443
60364 75371
13691 78308
47180 66639
31748 93965
15829 47395
55402 80996
5464 50925
44165 72032
13102 79332
30009 80954
22724 79219
25113 58930
1945 48684
27175 76543
50987 52674
53324 64331
21732 83370
55394 72233
13877 56792
66405 95647
10550 13462
2475 90039
4202 84727
17537 70206
5863 65595
9648 43404
51981 57909
77280 94252
5434 86974
2186 27864
26878 70630
5464 78910
4739 41719
9581 42135
44225 75431
17871 38901
30892 83577
1979 84107
4118 72088
14322 57547
5818 82108
13853 79669
77165 95697
28535 83203
29304 43918
42392 69771
63457 80566
6816 44383
17707 29348
35131 95104
6733 62481
10202 24917
12563 52036
19198 35694
57132 90986
78996 87981
37473 89211
2117 5481
20273 71045
33499 67318
47326 84936
7322 37067
42068 57044
22063 76938
4739 93149
30633 86499
37598 78915
52034 86630
13076 77637
44244 63856
41725 74963
30228 69297
61353 92947
32768 48931
94163 95226
2939 32893
1782 52053
68461 68525
17250 56424
6324 49128
36007 60538
21327 76487
43416 89113
56946 93095
2381 23622
70395 73600
15784 38840
28411 90596
37806 78959
23255 44152
37618 60514
13052 81623
9962 84857
9902 10978
43816 72764
7522 35508
1922 30173
34861 77087
75792 76206
27528 92209
43994 79281
22537 55704
24895 28538
28693 47526
38044 78128
25614 46742
29126 92552
18075 85267
48176 91408
30390 40782
42196 55854
36138 66914
28011 72075
22055 74246
31649 69844
65607 95660
64822 84245
12590 25588
6571 55351
4461 15382
8997 53804
37932 93388
19300 56226
2949 35367
34347 42693
10618 93797
27379 87037
8392 65123
42101 94959
71700 93515
68462 83078
34843 95343
29330 37679
49336 90199
28706 83009
39932 78152
445 64915
23324 78313
23537 24605
31648 79893
61089 88373
7460 50990
24685 78149
30844 73736
6509 8686
14778 17162
41079 85301
18767 34027
28398 34786
14802 80584
17606 95689
27124 62183
37324 83267
4116 19536
41647 68814
14650 20958
79530 87584
13149 86883
33702 53760
32200 41943
50883 85923
55046 66611
15591 77409
64963 66682
49454 61538
12714 28782
62169 94326
32243 46719
26800 73050
32751 38144
26510 34880
54199 56810
27914 59980
13242 93690
79021 81527
28661 79287
1821 82664
13860 77025
41532 80156
9048 32510
7585 62740
5864 37166
8331 57444
39663 61546
72127 86578
23527 48556
2608 84680
82905 84723
12219 37623
41154 47506
44320 75974
36307 88024
45111 50021
11327 91373
24201 86200
13862 66183
55983 78590
42879 92603
63456 78005
16751 46708
79398 95190
53382 67681
18159 92363
46513 83243
38918 68968
9374 72034
63850 90539
42975 56485
5547 33836
60729 81102
38829 63645
49190 78144
16278 33611
28600 62586
52429 62392
80215 95321
16556 71788
15856 95445
751 57047
10441 80550
12515 64575
36378 82322
1228 12007
17550 33750
71217 71505
4974 93604
24289 73026
36512 38985
90087 92929
2874 87231
33833 58829
47302 94449
73828 74602
26846 41237
3014 87839
10808 82141
5408 57166
37938 79228
18082 68711
26686 75778
55409 82353
37939 66733
14173 52192
18502 90083
71787 81382
22950 38588
68365 82477
65066 94696
5142 80345
16132 36387
30014 43438
50675 61327
33530 65955
34024 44570
52567 62832
36994 62460
52469 81414
54374 69495
972 8388
24908 32392
35945 63324
5549 85414
64167 78055
13865 67787
16528 74510
22685 49195
6358 41162
7039 8474
29638 74813
32546 90259
16185 32090
14479 70416
79478 80768
27396 81305
6376 66175
26279 42826
44852 58103
71919 75818
50861 64909
34672 92183
75159 78046
35333 78907
4562 74366
30032 68696
65932 77150
56738 64742
29074 53897
52183 95160
39336 46602
46842 92112
51223 51681
22682 81769
11356 38691
3528 69683
14736 44257
46382 50133
36249 73702
21494 94400
3899 69871
2839 85321
6512 82059
51870 57296
31273 35090
5097 54969
23187 35882
26846 27912
23540 54045
2661 93383
7767 93451
22568 67057
14768 58465
60162 82027
21214 53965
72440 78519
52015 89466
66399 87847
13308 63951
31359 31561
5842 71510
21083 70045
41794 86235
35828 48948
68989 80458
54982 82475
4126 17812
83524 94459
26906 36352
22089 24405
46515 60352
18841 64529
50839 92047
2411 81173
40970 81856
114 63774
58085 82173
19648 84987
17849 51990
19794 55725
3296 67883
83460 84098
85374 93300
77396 86265
10081 45842
22340 66669
48405 51391
72925 88481
78134 89097
8738 39511
15096 29737
7104 77818
13822 55234
212 19991
25776 59060
64696 95611
45999 85341
59257 64253
14853 26578
3652 39001
81878 92916
69607 94624
35452 37712
49627 60758
2891 12333
45605 72882
24347 55023
28556 93922
63521 64091
890 93557
28172 76535
18913 82756
36116 44656
32880 68851
26595 31167
71362 94382
1769 49599
57512 69824
39502 91251
31798 72626
5726 18605
64613 73260
26491 62811
40811 83235
59539 77900
27448 79018
3411 59358
18924 39090
2759 34208
44055 94517
14673 59508
31914 83120
46888 81918
41292 58760
3863 94723
35405 75592
8557 31232
12447 17607
66345 71939
49107 72930
12163 35371
37488 84681
36828 62803
51056 80501
27736 79447
89118 95712
24240 91360
18623 87394
53125 78358
32556 60226
25625 90112
70094 72539
2038 3002
992 42773
70093 93512
4577 32015
2830 25357
54186 89762
44903 70204
37999 90556
7733 26455
71346 81405
19360 84393
22167 91365
14001 85716
85176 86586
56017 58181
53520 94727
16744 68214
41345 54113
11981 59103
8506 25783
52925 72196
16932 49616
2450 70291
6087 25021
13387 65348
23067 59927
64320 64464
74274 82824
28115 46735
13690 14808
21789 61838
9121 39979
5370 28090
36728 71119
13420 16144
24896 68084
73494 87027
86852 91102
3676 46881
38104 89410
48182 78029
3583 22333
17897 82991
13829 54470
39808 73517
14873 83044
58486 90866
55312 57505
69830 90514
15887 68934
28964 76964
17603 48347
12358 76517
35460 58912
856 17855
25939 55527
7908 95439
6977 89546
10836 16934
7917 47611
22713 32532
56121 57178
67209 67828
8213 53271
40128 59965
39807 76615
82954 91547
68816 69034
6560 20384
49978 83815
40390 53503
56110 94666
8126 66757
75241 77066
40647 72290
244 60604
282 69556
59626 74252
41573 60294
47658 83736
16059 86476
28794 76311
549 68127
14924 61453
43347 58808
79065 89872
49804 54951
10794 51051
26451 72745
48583 76481
28090 84040
14388 41480
36950 50999
58934 91742
7930 10222
36995 76996
37073 37885
9222 53962
30258 43562
1880 69537
49099 87282
57816 84579
65131 74908
66459 95195
66203 68010
59719 67952
26944 37579
39765 93074
75736 85990
59436 74321
3014 41708
16869 91079
23509 50051
22317 71913
33471 67706
22502 89074
15749 55654
40257 46312
51654 78694
6140 58816
742 80375
28518 94549
23679 23805
12436 27433
34549 37333
37771 78299
72807 89744
26451 50269
35493 37282
33786 45418
4609 13296
20703 35698
28858 81478
66609 90135
33724 63878
17007 45139
41567 74528
18131 85916
2203 12755
59509 64809
79894 83329
46953 66215
10215 36147
21844 90217
18905 78806
42398 74989
6481 38261
18744 92947
10830 25630
57538 92885
64610 91731
22464 33137
46686 67610
93731 95404
25696 46088
26611 55239
2558 37969
77195 91136
19544 46831
6747 71904
29360 60959
39143 60891
5968 64130
22436 79304
39809 43574
60291 89429
52158 54118
19318 45147
53320 68130
34001 91182
23624 40906
26139 43694
13833 51090
12049 70011
24394 70103
65616 93806
67837 84405
11310 70111
40203 90428
24367 65688
9960 64357
73982 87142
59107 68393
30970 94676
13546 44094
51789 64048
53693 93760
28818 65952
16076 16659
46111 54482
65786 81690
69607 75090
1912 45911
26041 91659
13591 53770
21513 22228
7687 38433
39338 81233
1944 19103
15460 44332
21334 54626
22837 36273
27272 65989
26493 41722
69556 90899
36449 75297
56985 57414
48437 67907
21330 43227
23012 59344
15098 84887
8618 91933
392 23432
31740 62619
16033 90403
52302 88522
7085 15184
8974 93491
31733 74747
7298 64443
27560 60519
26430 73424
14131 74790
3325 77266
51124 70696
15791 30012
24076 93420
8151 52054
5105 47920
13450 94051
38616 57918
72726 81988
34784 40899
25780 91968
43877 89157
10412 47673
33422 50479
81508 95182
18333 50368
39311 56230
51461 59666
49307 83970
61961 73334
23523 48798
66778 76519
13875 28531
23365 23445
5547 26637
49747 53685
40455 45280
2376 41797
12610 25516
76432 91493
13101 55649
62272 63380
67234 70045
11597 42748
38189 66353
14661 84311
41711 48210
41194 93252
22785 61542
37079 89101
13668 81959
47469 81636
61665 63343
35696 53536
29856 58722
47893 63291
12858 60258
5825 7697
16610 22473
40549 79565
26222 40391
15854 38033
14903 94427
11766 44316
17473 84342
12367 87714
34897 83724
37214 39803
4476 58946
80283 94022
72646 73244
55760 60691
17717 60340
60698 91366
67712 94506
22633 37506
25358 48901
13935 64601
27339 37761
29275 43670
19262 20484
46285 72028
18258 79661
35634 49369
70995 79745
83496 92184
16577 86162
47516 67664
79366 81922
91027 92986
19838 85162
2171 26234
60792 94057
17528 56792
64083 65677
4522 71433
27562 44545
4718 87120
47078 87393
19464 41358
73631 91846
30447 64108
12485 36302
1501 65874
3800 24123
36306 81953
32493 66769
44184 89705
72364 84322
55814 59558
19407 64524
48369 88573
35070 70914
47546 92698
13108 56669
38585 40303
14492 83044
4310 14332
2170 51830
44507 76300
68098 93741
51405 59089
9155 13134
20623 22109
56599 87922
59612 77677
9695 25055
48618 84001
35460 92616
44751 74123
1566 47554
69557 70606
64780 76847
40568 59496
1880 89887
35880 42787
45066 74359
15795 71742
16657 39722
298 91574
33045 68793
26154 34181
51111 87823
58055 80778
73106 84299
87552 89352
10433 27465
42065 49189
2140 40230
14589 51782
1678 74556
16889 48300
42688 94206
143 93842
15178 60457
50528 67124
42212 61622
4147 46932
68631 84570
4998 52421
31596 94203
17997 30746
10119 26862
40689 85304
38663 81757
66141 87898
9733 77224
18171 42542
75242 80678
36995 90201
1393 43509
38181 48133
1160 9473
23450 89965
43328 90217
2471 33706
377 25180
27871 39479
3444 82718
35379 41623
85187 94947
70318 83294
77826 93952
16731 76015
72918 93485
46566 56854
73898 88140
50085 55098
6785 20945
59429 66160
48383 75002
71554 92122
32763 70965
47855 81608
27033 50945
15912 58937
36291 68254
35832 69946
18088 40055
3811 53706
8528 93482
21297 28825
70947 89370
20927 43442
2427 51310
1057 84205
21894 36322
54260 88984
4475 7918
27675 47379
22899 72173
15481 95023
68499 94138
32796 44564
20259 60414
361 19048
21720 93443
34087 58147
22110 68669
45186 46931
9032 62998
12392 42952
12851 64678
30398 80787
28555 58632
27340 89738
27813 41180
12752 62602
45943 87368
40347 68143
30802 61426
10047 76444
55214 84349
30422 32279
12514 46817
36034 52278
10265 78999
31717 45477
62231 83817
36025 40909
47234 73192
60427 60706
12713 52959
46278 50487
13331 34660
27802 65773
34817 50239
3103 89604
78202 95093
47687 92976
5018 77371
78713 95262
11511 95664
36853 91196
58513 89269
50468 95422
24822 43808
37916 47869
23551 51820
11223 14416
3040 86227
27215 57985
49662 51927
17627 26278
5104 66538
14753 71281
29225 76533
11002 93342
40078 73195
53330 84536
56368 60086
17060 78754
12450 76733
7740 67219
794 8354
8907 75080
7860 44995
10009 77684
911 30822
54138 83706
69815 80269
58694 80166
54249 94345
23882 26166
7877 88457
55104 75805
58952 89555
8403 14500
19079 36224
14531 78316
60631 94747
8365 86003
16509 64511
17546 26440
37955 64211
3917 48062
16490 86830
44616 58286
44557 82838
11592 87824
815 24516
35342 80384
49229 94951
36557 89471
14004 69541
39148 64850
72223 92630
9944 17313
50707 64482
27524 55180
21827 38424
3896 79622
47943 65281
32441 42355
60998 90563
40784 65562
20194 53881
65142 74721
17270 34533
21220 44051
28095 49278
38473 91028
25226 74569
68935 73079
63557 65609
54266 80597
34511 73656
31552 52819
21296 66926
28989 69627
37696 64553
1832 91570
1300 49225
91232 91825
32545 36371
28585 77999
12498 49578
24915 84724
45405 90657
30819 53883
76784 91938
69038 78064
6755 33485
28769 89452
52384 74033
30009 50038
41564 66046
37153 75445
27716 45026
76187 87347
52448 67769
2613 79871
4110 16526
30750 80380
10652 15562
4556 36924
13454 19731
56019 94463
12925 74614
16505 28052
13758 73231
34512 68540
35940 80161
56628 62169
76071 84064
41950 89896
73700 81461
37943 91135
93439 94688
13916 72798
22835 34990
973 75995
66827 78924
22958 34013
6321 89770
65322 79633
44294 51645
7666 40927
48652 74044
53293 72127
18436 32426
15065 44281
46464 61232
45032 94302
3191 67296
4557 78550
28859 78442
49877 82815
83537 86063
36710 69788
16627 17562
1961 37069
22716 40685
3764 36712
39099 86452
20463 63804
63081 63975
44614 63989
40490 90548
1103 20529
61249 90664
18883 73903
11145 21598
73637 85868
43456 70325
28849 43199
25432 40634
17468 24656
14921 16958
25426 49079
48801 67302
9441 33283
18933 42397
33529 82572
53495 71840
62133 80168
19981 94658
34363 70605
11013 42770
77665 84008
13761 62529
44920 54681
670 10229
37030 86294
12946 72543
13197 26360
3881 60809
25843 53854
41670 83205
2104 92782
18657 33107
19535 54550
39966 79780
22721 53828
10043 25509
40208 54458
59617 76902
60708 90530
19917 20280
1510 54431
10046 28402
14795 38999
29858 49242
31598 45080
29900 61050
14910 47530
7157 25250
50189 56726
10596 66683
47056 66307
16843 53771
43406 73060
19911 33149
26931 80594
30512 72631
59689 63466
42708 54533
42491 74659
22627 77679
42049 63768
20729 28673
20249 83999
8056 73394
16730 36074
47381 83172
26095 38558
63446 73900
6102 82808
75172 94602
61371 67720
64461 76503
10123 80031
24151 55628
14263 68309
75919 81708
25939 93679
61322 69632
63305 91244
383 79607
15184 90349
32175 53152
25295 55861
18350 23822
24140 50828
23461 72379
62545 64742
34827 46044
5660 18940
73873 79820
24301 73811
31759 63918
12568 19749
1533 59035
7525 36761
8208 57519
53799 63478
71890 92272
36617 58091
31419 85682
9401 45516
14084 45165
46910 67451
33217 44156
49765 53670
29484 48264
32468 78789
76727 90710
34692 47738
6491 78852
12223 25122
58529 79845
6690 66185
22275 80749
23573 25948
17709 42737
13151 49336
16120 74511
236 37181
37730 54227
18017 47466
28461 67819
6782 22260
41186 51378
55180 65101
1571 5414
9154 53213
9657 76810
1778 49779
71081 83532
57290 77617
61593 78569
46973 83366
70011 85697
47536 79576
47607 55968
18420 88416
14995 94815
7030 85089
9571 61871
51766 68958
22141 78346
66977 79828
73234 92269
27080 67931
15723 59608
7732 88050
16302 77922
34093 87152
13591 37154
12431 64687
25839 32903
398 23593
12407 26853
47913 87532
7273 33518
74514 84437
24338 57930
4206 30880
20326 61304
66258 86643
37253 85943
42661 78826
76740 82937
38605 81214
32905 50774
23250 53633
37544 65515
39177 80038
38384 82958
24611 60266
7312 74944
27870 54034
22206 57905
32091 56947
52500 70731
63974 95370
22665 55055
13170 14839
41021 60077
15921 17764
30802 67350
35047 65130
18871 23762
66099 83810
9860 91634
22459 66738
60486 90504
55714 55780
65026 65047
15205 20151
42654 71831
9215 94154
25483 48404
7418 44579
7831 21511
10080 80543
68925 74352
29084 35141
59965 87672
5093 48655
51485 60650
33293 81834
47418 80045
4076 10399
30295 68502
29935 45002
5551 46951
26346 33382
443 47124
34182 55995
49533 56694
4436 70849
42067 80333
73712 73918
48138 78786
44603 55792
21633 86032
22326 31469
24808 52682
16702 81873
6408 95017
58708 94749
21589 23015
25999 80283
25532 36489
2006 57533
48066 48583
29060 95127
17245 40251
24436 66899
44796 57179
16823 20650
65185 78365
31275 77729
17530 88307
55112 70135
6284 46595
23880 45354
21856 91567
11127 82595
17800 20577
39823 85194
23327 83530
26996 46738
18057 52887
78194 80004
6019 92445
37362 77090
4496 29915
33831 76879
14888 44791
52787 88911
23577 38115
71409 85838
15247 61098
61245 75407
56285 89046
28068 37032
1759 51732
34265 74461
49461 51731
19635 40074
38796 55537
7937 50213
49796 67763
18369 35273
260 51370
23158 95466
28145 68825
44080 91261
19123 24635
24787 87751
35887 76474
1744 33628
35451 48034
14852 94100
44740 86940
81069 91168
72207 86551
37331 73456
3967 5512
37526 56759
18443 34612
69186 69222
8860 68006
44437 62700
2755 64712
58083 64047
26507 94966
4303 64616
30690 49987
19424 28047
64577 74362
29767 44082
12477 54241
32496 91896
50954 60014
24429 24595
23110 56167
48612 51154
54304 62016
78188 92359
26528 58445
14358 73268
73053 83348
79644 82824
6833 35585
10101 86458
23064 77647
39984 53381
51213 73562
27666 66309
35946 85881
60948 90553
84391 93077
18251 42516
92599 93947
12228 33233
32177 58682
15055 92294
26158 40218
28045 78647
63092 82234
50485 54561
35382 83631
13411 89032
39085 62084
16848 59530
77667 79244
66012 81037
1121 88802
23883 33434
14280 39587
63492 70680
23573 59672
17252 46375
36611 42687
23267 80465
32190 50992
22658 81126
31052 78622
26427 59343
40474 41082
16648 56506
56948 61847
19268 75852
13081 35238
9923 50020
4234 73089
18146 18999
10214 47506
38109 61692
15191 28459
31650 69622
52521 77377
7884 14065
53461 85074
44493 63355
2071 38141
30967 53928
29127 60602
10060 45782
51474 55286
30088 48052
34299 93410
19998 79342
7488 91920
70732 74413
9821 37311
86082 90006
15457 86389
1871 31745
25335 74702
36426 95149
58081 63035
41690 53145
15937 43858
56199 62930
59416 93315
39589 51025
24009 28965
31234 52328
19550 19785
20810 53167
29206 43777
44324 63244
61239 86614
10563 85524
3550 94235
73427 89232
40488 59241
28208 65374
11596 31959
26212 29479
33251 41680
20200 35808
22213 30675
54139 59013
84534 89679
55763 72005
11313 32214
19738 54022
2518 77838
58577 76009
54326 79918
31284 65250
43462 56502
3955 66743
14837 25166
37598 49032
6531 63172
35662 82974
22176 44011
77888 86216
5215 57680
37914 95683
24338 88769
4591 39044
9876 32184
77347 93795
15025 72560
31450 36471
13278 88714
17213 37486
60618 68485
28467 65928
22075 25029
34496 81472
46325 77013
14339 30537
76707 94134
20029 39608
51999 85168
77270 88319
60308 94909
48429 82194
58821 72712
52238 54853
24534 59477
58419 64201
2124 17547
55937 69744
43660 90006
28111 63201
62425 84350
42053 55808
20013 72395
39433 70278
18850 23875
19841 50402
994 10658
9928 67845
7143 25609
20612 71334
24012 51319
42869 90173
56278 75825
2853 7913
481 47717
34363 68753
7690 86151
17282 91050
22366 67305
45874 76931
19530 87312
60517 94312
43181 71351
44132 91935
37720 63707
1576 56975
332 92973
23862 63605
37874 44561
3231 82773
41822 94338
12359 65873
23516 59215
13936 71545
7282 60063
10197 21846
48943 74538
1635 32962
17366 52851
57525 82753
15749 73294
44233 72734
76808 87115
32868 75376
22709 38422
25252 58107
26912 91830
70192 92707
3917 18642
54973 62389
2681 28733
52123 54097
33663 88311
66628 73969
1173 89388
10758 11573
47163 61011
28121 81843
13215 54097
10175 29955
17684 37373
7755 31453
52704 75450
21007 38055
49774 95484
25593 86114
41804 88687
44715 71996
34649 88985
55595 84820
25351 83652
51246 77068
47191 52187
21512 88637
27004 47794
69335 95323
40623 76253
1888 14402
32619 50099
11742 49387
13877 90006
43960 83561
36458 61026
2324 34790
43673 78215
22674 31437
49495 75837
64375 73476
18331 63293
84591 88817
84652 91769
12232 95381
40901 55568
18896 26365
1327 40504
30815 46840
17279 63375
66303 74821
58121 59911
27706 71047
5240 51492
8377 35705
33296 42849
5083 53018
69961 73263
18968 92664
17014 93935
26856 66339
10637 75112
27208 36267
33322 62526
13065 46042
4935 27877
80744 95507
81559 88303
1461 14211
28681 43527
79607 86200
61468 79892
39550 90796
9662 40610
15695 35935
22571 39947
10241 37208
5776 78066
17269 68131
23316 35384
34157 48301
38887 47009
5358 45552
19656 89547
12368 80048
37890 72729
66124 69099
28559 63734
750 57858
22435 47306
35689 41741
16927 60579
5742 25466
51064 86731
5949 25229
78321 84480
24646 65117
29674 74985
13103 34182
17046 64487
8586 37075
26184 55909
66446 85349
42267 49984
36278 87082
529 52612
18257 84793
18623 63650
32484 63284
19845 47703
58210 61433
50178 94458
43690 60078
17094 42937
56437 65352
3924 53561
30791 76216
42031 73315
76663 94199
24076 49567
28168 69918
23142 43184
74197 78377
74350 95600
2970 20252
51146 60324
24527 57315
33352 85431
47988 55891
19676 72193
14232 79412
33985 69447
35100 75323
52852 82254
40890 80342
39996 65761
44520 56091
21553 75572
37025 48676
34712 42871
878 67983
14444 34284
47786 74301
41935 83049
26697 70974
33889 34564
26402 79069
53705 70942
5558 8547
18526 20473
13852 60754
36897 81121
64025 79685
19539 59218
48735 92408
24543 66019
43601 45497
15521 33051
22174 90946
37352 59066
11782 94604
24939 60828
15559 83587
16631 62682
39031 73912
12310 84147
17650 39102
4601 84466
2242 84733
5882 71347
66628 82163
55667 91483
41071 56155
77093 95630
19495 41490
22257 57301
2291 12904
60305 87718
58792 77466
75611 94257
55288 86534
31561 76287
39353 52354
31760 85903
35243 65880
26017 88039
83952 90711
26230 81900
820 87679
34332 85257
17193 52672
14856 26745
12190 25543
1943 91906
67839 88697
22874 35210
5232 25886
47871 72815
27414 56621
31506 74370
5205 52612
60200 88576
53946 62608
18995 21959
568 48062
28464 66387
1108 22992
27627 77673
5457 62204
3793 65474
23777 90148
40644 67965
75801 85587
34014 70405
2964 77849
10366 12152
22718 78680
3960 57788
22650 37838
36967 80588
16954 21559
3737 87800
18745 58754
14814 77853
36600 46135
33968 58449
55822 82187
36381 84728
16819 47331
2474 67467
82626 84120
31478 73489
4787 81148
29211 55583
1273 26294
53482 84328
2634 31183
30143 69326
13362 75093
58750 87003
17436 44572
12343 77546
8904 67822
71 68846
1493 19174
2078 8078
1062 35280
5467 73310
13305 33428
31159 40279
86208 86859
35273 45117
47682 52436
62662 69963
49063 51634
23621 50230
66512 73879
12718 72417
14474 91850
48777 59701
37157 41165
71701 72924
17441 86222
53432 95573
12807 92179
37550 91327
25315 44227
25545 38846
9466 38451
26338 93060
73072 75677
8117 9330
20241 58033
16330 59521
50612 89240
23498 83666
39971 77921
13138 70593
42632 93259
58814 78719
49085 63746
14555 50133
55664 75914
1784 17030
4656 38865
12042 34469
61460 78287
34185 63709
21550 59886
6435 36303
50715 71613
13557 71027
1232 42157
87263 93422
30035 89596
28876 67871
39200 54043
26225 66846
39253 90597
10316 57588
70692 75631
2402 74262
58641 79863
15609 15636
85760 89146
31925 59891
60145 78990
88386 93784
15852 59426
37268 58745
12168 73007
6872 40900
40417 92343
36144 66594
23261 35530
13149 32699
44697 81437
32679 52037
5828 92370
69337 92110
10373 93345
26062 93497
27081 85816
24131 83299
34279 39065
63336 88448
72248 77025
21515 95256
51752 63510
8564 24042
8747 12442
20542 89945
28523 60105
9325 16896
23945 57174
25382 42548
20465 90408
641 26299
46736 87850
23318 93591
43655 81462
76678 91184
2102 21229
7771 71516
1665 56100
15599 74626
12758 54165
86675 87555
19637 85957
40524 46507
1768 6806
201 44559
88216 88620
20877 35602
14636 45631
7576 86899
1307 51623
73527 74022
20373 85012
42491 46232
56785 83886
79560 83482
2034 64313
22086 82008
81718 94102
51477 84908
64722 75611
11914 34525
11329 21042
60607 82077
13566 41395
10625 72185
2673 35791
35155 86523
14027 62096
6640 41160
39563 42703
11064 61860
1055 17281
12574 55596
58680 61159
28542 93828
11232 35297
64609 76886
8190 43211
52427 62819
24729 87836
23339 49486
21424 36560
16091 21690
25404 33162
41293 77603
36758 53432
20342 37535
40305 53183
28406 81114
11806 93633
4970 30901
29746 60755
2441 82264
2146 34739
3200 19972
20349 26147
15632 21833
49904 53775
64451 68766
48477 59007
2318 55965
2337 46454
57920 63544
8598 91944
34927 92109
58649 74503
52730 73372
25380 50209
3206 27150
10443 12401
72451 84266
20799 40746
50250 54155
76903 82236
94444 94496
25782 67431
26110 53465
38959 59120
23492 40350
313 57716
53327 70280
37002 71002
21505 76650
39224 56933
47715 81771
35404 47475
7871 37821
77589 91275
26755 74816
39661 65918
32563 42327
56148 88530
66458 77720
37884 53561
21803 65226
25110 63950
10893 20999
46226 95681
36183 85057
31571 92708
85528 93207
75070 77759
9028 19376
28968 74898
1647 48074
732 79386
30089 68108
74429 93210
16233 28555
45869 89836
37734 44770
12289 30340
9384 18295
30992 58292
20010 94143
28563 86297
5569 68104
47879 89720
27496 63169
23503 36842
63423 65710
1405 48336
15118 92351
67091 92123
26735 86635
37500 66124
15261 64184
30410 90268
29195 46877
25709 37950
1483 14278
27401 79475
32689 86869
38242 52268
41359 75949
10163 13405
46428 86717
22969 75556
15359 50604
21834 60579
3426 85680
5966 44950
70966 83614
9697 64242
5663 17237
59082 91127
69791 71344
5257 34500
50656 70804
9032 26665
14347 25675
10854 17889
52954 67608
13713 78151
48287 62806
19423 91281
35700 43525
60908 81950
14107 91175
60210 69071
41593 67638
27454 30192
54898 58280
72827 93549
8289 27489
33003 50549
26252 35929
29603 36527
31714 51955
11102 78779
14067 24137
8048 81778
67450 94504
32394 72745
53928 82884
45791 80968
28857 48720
2067 80828
2483 40962
48006 87059
7691 52184
61506 89450
31028 93498
27281 67734
49990 83133
13923 73850
48566 63324
4964 53618
55343 83940
29248 77024
44185 58803
4090 69512
52323 76385
53833 88869
1359 30686
14365 28191
20867 64108
64442 78715
44422 54841
11019 92869
13359 54216
5847 95431
78792 83641
4357 6854
38337 54705
1115 5697
2689 80191
41162 51464
3644 80020
28183 64841
43275 54101
15487 64337
7211 52934
46300 82288
36053 48943
72796 85518
5036 83025
30807 35329
51078 54830
57688 90994
40384 83281
44932 56986
15654 91707
25507 40260
3438 10806
65225 71476
27831 44261
24276 60927
40256 58537
71393 75837
35614 82236
27919 28376
21232 95473
23883 92875
53231 56491
13161 40885
68410 73571
55169 70764
51545 58586
45346 88836
40600 93873
9647 36473
22106 77345
28553 67116
13638 92107
70421 71225
73968 76480
43093 89025
20592 84894
6095 83108
15297 71238
82893 86648
22120 58228
1487 75091
5323 34311
6053 83863
80150 84869
32556 46129
89159 94023
6451 60272
64757 80594
59046 60090
48336 59943
70428 73594
43702 75927
19935 77500
13329 82742
17151 44951
22050 55191
46070 83043
23197 47197
20895 51582
24904 51394
56060 70399
20067 66682
74635 88392
47931 89545
25269 26839
1402 1466
38730 73490
14425 37480
21029 89700
5536 93157
19437 44987
29048 84556
40048 70670
1242 22576
12533 72473
30032 62750
46123 85145
11959 76287
53093 69247
67699 69628
5188 64233
34907 83709
49776 81651
17766 95717
16359 83478
59434 73630
5255 52633
54427 61392
9483 53600
28141 76945
8644 85106
7788 91324
8559 73535
36486 62062
29449 34740
17828 65810
62863 67610
38426 95024
13329 66557
56664 77669
38906 79131
36191 48211
18647 67758
83997 93004
21894 76876
36996 56774
28360 41715
16504 70705
41202 61188
21630 63073
6459 43354
29378 86660
36766 37104
10823 15552
67785 73123
4914 45621
37427 56172
49451 75822
6349 91370
49036 90575
37994 48158
50328 67991
64020 74624
18938 52693
12139 68153
29311 52464
39926 78723
56906 82283
54284 73645
1866 18101
43879 78476
32234 79501
89719 90631
3353 35280
409 46501
40130 80575
17182 79699
90647 92974
46585 71376
44343 83393
66689 71791
75262 83887
56777 58489
9766 30945
58312 83440
22635 38516
77841 79745
51508 86412
21503 29846
18887 93291
52806 61116
55493 68189
9789 80719
19960 74366
45379 71910
45015 91543
25889 82253
35495 69539
63227 65824
10346 30969
74434 90141
17312 36804
35966 50980
17606 24863
21705 29991
45362 61630
16726 61174
13387 43303
36284 63907
31322 60577
13192 80053
31144 86264
44823 71832
62575 72534
9025 68161
16888 58426
32714 70666
16131 18857
7517 18747
2702 18587
56233 58593
5293 45839
36040 60928
10625 50121
33363 82033
21044 94611
8313 86033
4219 40402
64589 94593
24911 74550
16606 49993
707 52151
2393 8029
3979 53625
4296 12235
29490 80934
40817 47411
37025 48738
59998 69944
32497 76880
7616 45202
27076 34569
33337 44538
74155 86634
22846 43803
45799 55276
52472 91009
67048 82187
12968 46860
59292 89322
5045 73150
20377 51745
40425 52923
58087 82195
11049 77763
8392 52685
11910 62621
39712 80693
33683 65085
4439 16036
70735 89079
4704 71076
24067 85209
38839 70519
12369 29819
13055 40853
78140 90621
37579 57984
57116 82765
34842 60396
2677 81514
10762 83827
50699 92901
16209 41881
36511 75256
26452 37386
34647 56065
9777 88082
11179 24365
24842 82968
51151 62419
27869 68877
50346 85864
14526 71759
27156 29194
7235 10474
14773 24323
58187 80254
18810 26200
3846 52805
20043 45208
8527 53165
16791 70054
21619 49733
6303 64499
1534 26332
56320 64517
77462 81821
31227 90298
49692 51243
21830 26368
58924 71979
1586 70157
49299 56262
50911 66030
40486 87986
77084 92430
26917 75823
13646 87096
36761 38456
60466 86016
10585 74019
18162 86671
24397 63889
49334 62109
9674 29721
69381 73123
5948 28837
10979 46302
17894 40516
25410 52259
26769 90687
17251 57791
15733 63933
56510 58889
14653 91334
8683 34614
28038 81046
48428 93134
41831 80166
79306 91657
63871 64691
46810 91566
30462 45874
10335 30119
20893 30357
25545 75095
56407 94445
40639 50413
45246 53848
6480 33886
60512 85264
15320 77489
5825 63943
7924 25067
81396 85725
65491 82828
66543 77676
35399 65418
41989 68122
4843 33006
21094 31420
60187 85975
63933 64055
48288 64369
13869 62932
18894 25737
25997 39691
29772 73125
59727 77752
44502 59499
55121 71130
31169 48626
41468 58512
19538 63767
34388 61199
19547 70586
66221 88775
8822 27697
23552 59230
56094 62857
16446 66654
41800 47661
15428 76086
23861 95098
11483 40045
46525 48703
54780 58873
421 27946
20524 94823
34335 90956
28820 93146
31166 90322
23736 43280
17518 87719
47736 63017
24073 30905
39900 44994
14690 33533
38135 62210
15756 89469
19616 40835
21249 60107
11362 66632
32760 74365
27530 84254
74220 92047
7509 89341
2817 95035
12630 95661
67678 88470
9313 44883
5882 93426
16857 73992
13700 17486
8298 15461
20620 57626
44489 45168
76622 89451
67091 67603
32632 58837
25536 71317
30603 65049
50633 67069
42465 55980
15243 75737
33323 37045
14598 44508
69025 75032
24737 63697
48720 94675
4391 61977
10187 12549
24924 35163
45807 77971
25428 65789
13980 25581
37270 74208
48944 57884
19564 53565
22566 69477
6337 48748
15994 41800
25717 47641
18416 84079
44964 58120
44155 52380
9209 11870
23099 60559
89322 89422
18956 66462
41016 62678
32405 41800
18345 72540
78951 87252
23977 57010
3673 47018
16388 19910
19016 56847
45516 61017
85933 94881
49042 63480
17781 49580
25076 84653
79383 89369
77759 89408
12705 62787
1772 15545
10977 14327
24863 36092
11541 33522
33102 60270
58075 68068
51382 72244
11988 66587
40477 84899
3574 4412
36682 71118
12786 77655
36065 69393
73592 88535
40609 45459
15621 87450
50281 90535
17246 93422
41124 64318
89163 95157
39165 89203
22345 75504
40801 78091
10068 93619
50109 63616
15302 60201
18809 79282
25503 28629
20321 49989
70936 73358
61525 79821
6062 79981
14824 72368
36176 57278
8494 29447
34992 36445
8589 94552
74714 93329
56022 76263
42668 75472
45646 69796
49043 53704
38950 45356
66125 84087
22180 89835
21897 62251
48062 60131
25356 58792
56006 95071
29940 38099
5543 86149
53320 87095
35317 46624
25507 48910
50078 83343
10749 24609
41099 67398
57137 75527
72264 94983
30155 32315
34531 94540
22748 59535
8953 81333
27375 89045
12574 29942
12833 34067
13762 89619
51195 59156
43000 65368
2209 26801
40361 48489
45740 61013
13552 20668
19233 59175
22086 42947
84579 92427
30767 73827
19003 46302
63867 75959
67135 70164
5326 32496
49220 56225
33821 44328
1060 40933
38742 93251
1391 71322
64971 75941
40897 67652
2007 87757
9009 39824
23248 56646
35782 93334
72499 81132
45302 65155
26893 82904
31273 70945
1916 42780
54941 75820
14271 54844
23061 84043
59453 84768
30358 72164
6797 77924
54114 75907
51634 64418
22209 63449
35061 56261
21253 30688
62293 69629
7239 20908
70672 80282
76920 80956
6344 13604
71671 84616
16534 24892
38798 49980
34639 82428
1379 95634
28834 41301
13881 44368
53087 82390
39136 76766
34749 59944
39263 58376
11557 80994
1779 85771
9842 30425
65554 80715
32759 83212
3651 40029
28911 80479
43000 51148
2270 78872
6991 67080
9981 87954
16 68581
37217 86244
3540 45901
66434 79070
1277 76695
4905 63926
44862 60834
61064 73558
55089 78242
67866 68668
55417 71489
34806 42494
78532 90204
9734 50525
39363 45281
64144 76438
11077 30341
18217 41561
2130 82021
1616 79444
13167 88716
37681 83944
11969 32041
13262 47637
16462 85076
38797 69403
19851 45546
44981 85312
31546 92336
6587 84553
990 10219
4167 80168
39535 88476
75670 82042
58072 61615
57210 94425
20083 42433
38512 94069
85542 92669
37289 79025
12099 23197
36933 64210
3662 16226
4811 10139
56356 61575
14466 89809
258 79717
12816 66893
29024 63509
82003 85001
65 50769
50636 60027
20528 68038
71344 90126
24831 52314
15828 77619
52644 72933
24288 89167
37571 75871
23542 82101
10596 48207
41975 66694
9472 51257
46808 83054
37218 60901
17710 84277
77141 86648
16490 70337
4240 32737
14307 57735
7318 12040
73391 95374
17884 67868
43057 87286
8159 21559
45022 74585
35596 76141
37433 62090
12867 23030
55477 77223
20951 26348
36723 71314
15366 93679
11425 19009
14972 19908
36146 53761
71436 93307
7376 59968
1758 77840
20274 78831
14043 21106
50051 72757
48923 59794
51426 66655
30093 50467
31157 58860
58853 90533
13447 63069
29923 77728
37811 54860
61997 73386
73232 83932
18294 22640
27989 93793
21835 49944
29466 93264
41267 89933
51238 74508
42550 58475
30104 41413
45324 64399
1060 4260
5277 74486
35672 47028
60936 61484
7326 38652
17443 86383
6418 12531
26682 73779
2290 24910
42467 54818
51984 89820
6673 23582
44123 51795
15267 85847
63853 65780
83982 95190
42473 71144
82242 89378
66626 70729
52943 86973
44315 61673
63153 66725
40768 50218
11660 85420
24893 53186
13534 94322
88002 93730
35827 43141
15222 54393
4236 76193
4190 66438
48878 71905
20284 82116
82290 89110
46084 69757
17325 20530
31178 33821
47443 92855
73127 83017
60443 74632
24748 63591
62381 83328
22300 22700
14524 33908
36454 88568
52368 66705
25731 31609
7283 32982
39984 61443
12353 93676
15072 65738
56421 82731
51594 84168
47287 62834
66364 84499
43707 61652
6975 72144
14248 78797
16152 53102
10793 66536
22220 45929
11376 24836
37191 64824
16931 67562
8175 91065
26879 51075
39654 86084
5789 55306
17365 77012
48939 52491
35262 72481
21501 75517
10460 15172
64873 74605
28569 68353
6954 69797
5570 56506
44428 68537
18228 54083
5437 95290
23320 94381
18002 46851
51668 76425
56536 78733
21206 45459
34418 89484
11866 49833
28119 59086
78746 83807
17718 66237
25072 48913
3630 46934
29052 62189
16502 17587
914 65976
28483 67007
13085 40413
31984 62757
10772 30241
34721 91936
49164 75561
29190 57605
13620 73853
25123 78408
23207 38589
19634 65266
25388 38348
2743 43479
2905 70635
51595 57389
51098 54997
33216 63466
8425 58061
37670 59623
38855 63015
3960 57555
81567 90420
59944 75940
25036 30799
4077 37707
13621 39394
624 75833
24091 56609
37214 52506
16713 87655
13206 81909
31743 94561
16312 58349
700 94160
48638 86830
61195 73355
42374 63181
27573 83782
75646 86169
784 36826
25480 87763
4862 22171
25701 67847
707 23944
58152 68112
29414 49511
22872 78192
11764 82126
28230 94051
36545 38315
17957 94134
59315 76544
26994 72793
11970 16437
38830 89464
43227 66859
38992 94072
52124 56294
78534 83279
26774 43239
4581 22666
55230 85591
56904 92090
10633 84916
67335 91570
54326 95431
40123 43927
29567 76959
37715 80795
27932 75024
16266 58425
52281 83011
5515 67575
57264 83395
15702 41770
87357 91026
22053 56481
27372 89820
19341 86473
54880 71953
40788 61150
14108 57584
47531 60216
6151 73798
53321 85069
11807 57017
27754 37560
40482 94799
13199 15721
37829 57519
19180 78755
13962 54528
61338 80774
27865 66309
26571 74372
7995 48565
44604 91356
32371 90089
51196 88967
45682 67990
6934 77411
3772 6980
1496 47187
43100 58018
4422 15569
1024 60073
26338 77808
32046 57968
42704 90205
38903 69356
90911 91944
24573 31128
31654 87613
10913 31257
60742 88208
39132 84413
78629 88492
35593 92426
6547 35795
5593 59687
56551 82719
45995 48266
90527 95155
42417 89682
23344 84660
73278 82957
55387 61859
63594 79073
47419 79018
11630 45307
25920 88982
57455 82620
2366 84642
23632 95309
12498 44028
22330 89074
49454 90196
22119 75421
24017 29602
31077 40247
5341 40522
34450 45773
7944 48578
24868 85561
35398 65112
31888 65302
39810 50350
1565 3006
33058 48258
57227 64393
31985 63410
55401 91221
19073 52274
52826 60857
42410 68242
78557 86732
9964 75107
31572 37407
8762 93891
16621 49478
55508 73065
16667 63809
5262 32707
31425 87596
4590 56818
39647 41168
9611 62178
16082 46354
1197 20096
6691 52149
13977 80709
20121 55800
53775 58795
40538 40767
20514 69132
53620 80612
58078 77998
41782 45849
25555 64203
62629 77961
28650 44723
48201 73728
49069 68852
39731 60734
58233 71764
29781 48379
37289 50893
31178 77603
51340 64078
13163 63999
16095 16916
13481 47791
65443 71674
360 26255
52964 88480
37804 70090
67812 82921
48256 55728
6161 40319
55228 82220
49366 71157
11586 86494
29180 53121
1159 2688
7457 40144
43851 57881
46549 49550
52765 79714
13351 42857
44871 67251
35976 68351
19704 58465
94061 95666
32613 37646
12604 69777
37786 85350
50278 55334
15940 17001
17069 91554
599 17347
67107 82376
5053 41615
65363 76684
25427 82627
14226 91898
86498 91835
13446 15427
25153 59568
4936 75563
3554 86187
5203 41532
31202 38892
33397 86251
71030 94600
53002 60194
2668 82341
22689 54587
38896 41531
1659 21064
65255 72758
25964 52260
60760 80696
39699 45574
67378 76529
15761 84832
11425 44653
24886 90090
23296 26417
6671 57534
48280 65544
11384 76325
39389 77109
52538 62477
13574 78238
65395 66020
34828 67086
22668 51747
17037 78062
40103 92395
12903 36730
41409 84546
77026 77573
26322 89335
42909 62870
32686 39414
39028 83445
26965 36517
38090 94765
27296 77050
34474 38239
7261 24925
26916 76412
30032 53738
49517 51117
3023 60020
45867 75528
41109 67331
39649 70212
25393 64528
4334 23605
22591 78967
17264 56329
15789 28992
66322 83331
61192 93903
34735 57637
14563 83499
12597 42228
77641 87350
62425 78042
26024 40280
33358 47687
7261 47556
49517 62885
10114 14035
6000 40364
10473 31118
46160 63210
27379 74127
38164 72237
20532 32604
10620 33772
42114 90961
36015 81655
18854 38165
38635 43771
60654 92738
30368 77330
24169 36711
8413 22673
34035 55999
12908 37526
33960 57118
61400 80147
15380 86861
13485 16860
8231 30981
27634 88836
15237 86598
24820 93269
19620 22151
3722 42279
28641 86174
5164 50194
37050 63636
28437 88326
84173 87739
21861 56270
63740 74153
19002 49640
4648 22215
87380 94201
32278 50974
21169 60831
33148 66160
7310 80432
34595 67158
1153 9985
42405 70975
1723 67411
27227 84028
1804 65452
68653 93553
83001 92010
82653 90469
55984 79009
23549 92833
55356 67639
51905 66044
25111 25710
24 78955
40919 87439
22655 33022
34547 77685
30686 95676
6718 45511
23262 53769
54695 81916
4043 72593
3637 65537
39076 43699
24803 61524
39278 90269
40287 85943
57143 85674
57312 93014
60614 86939
32604 61700
73424 83309
3796 31186
43192 70007
12301 87106
32766 41316
15100 21246
18064 19124
44211 60102
3946 60536
23161 61967
3111 22806
4322 9941
25815 78203
2564 23449
76407 90283
7988 62365
1319 2114
1108 20594
21227 92885
3659 51061
37433 53173
39678 49098
51725 56202
15276 37559
17724 25558
46173 59182
24213 27395
46707 93202
16071 63799
62529 93081
11158 80505
18706 80400
64763 75546
1461 70479
72721 95668
18592 61958
2289 11412
35527 42091
8129 18680
55468 60210
80555 94174
60311 81955
65051 81338
77151 83200
38881 79630
23111 25282
48178 61831
43414 50836
2727 7729
29455 31497
77415 86448
49565 94756
34907 47038
59729 83871
38267 75143
58280 87569
69888 87447
82642 94159
15128 26101
90700 93868
4786 26360
35677 69015
41485 71830
21944 29332
57253 95601
42629 53318
65817 93432
80263 91876
56515 58159
75827 79267
6865 13864
22574 34644
44909 65369
28797 84905
9736 95575
1431 55379
17743 27944
79963 87419
20719 55637
73040 92499
35910 79219
44233 65765
21811 23661
33024 64777
77596 85203
12728 38591
53000 85172
56780 68871
84346 90351
48339 92647
68067 68126
72216 77438
70132 78659
41716 67297
732 28508
74239 84010
23383 87162
2337 58735
23241 51712
36270 80338
76793 86857
48413 78651
39978 79315
10305 77516
14665 81581
44492 75751
58895 89950
26452 36473
28793 71327
4081 86833
56955 63703
15007 46369
3461 40855
19496 62205
22159 43489
40040 67586
66483 71631
72161 83005
27704 86703
6729 12250
93458 94353
2661 26623
303 40501
15445 84776
23747 52864
51670 73427
12781 41931
42281 87061
29164 38451
7950 63428
69429 94898
70888 74301
71867 93478
3539 20282
10936 61514
5103 29906
30802 71135
58117 78199
39697 70698
47902 76452
60623 92569
7026 93000
43959 82380
21406 74563
68994 90977
26494 44355
68102 90360
86392 92161
48897 52716
40220 43685
26228 48773
65249 74188
31318 52087
34007 43944
11071 60238
62789 86051
36783 56914
5150 21534
24289 88476
9972 86300
60181 93891
27723 70562
40061 66932
16465 38659
67521 91597
7539 74771
12220 31036
1826 17254
18517 39731
34160 85628
13020 71852
42426 95635
55782 91931
23236 69989
38194 46565
4942 27646
8837 15467
52716 59271
8209 27444
69038 73214
41628 54117
65649 68539
65925 84408
52408 63576
45462 47148
16441 17141
52003 94248
29310 87258
14925 35843
60665 72903
24063 58872
60666 84983
55453 80601
1415 67690
1352 21072
7358 22339
49715 72314
2277 6052
31323 53223
28910 75421
8524 44732
39552 84879
23197 38192
32232 60089
25130 54428
65439 93817
26779 63398
71922 88077
72691 91973
2088 84054
77842 81078
51592 86637
72738 78104
69599 91653
39900 74902
30 26804
13336 25072
1139 56255
15043 37471
58711 95045
7544 62787
33983 92717
26737 35171
9841 11311
57718 63422
58274 82994
42078 75897
76934 81878
42884 66562
23037 56182
10485 71061
43745 76782
55953 79022
11464 20923
18431 38870
21033 54842
53611 72923
56955 74002
16033 70117
31384 47598
74072 92531
23710 87009
34657 74614
47943 61212
8433 53451
20007 87658
30322 90581
14822 79097
70609 90229
3659 67235
66296 93932
19759 63895
13440 65366
76089 81218
81272 87806
11178 94714
8145 20821
55276 90796
79721 93598
3796 75137
47649 60470
8955 44913
2572 61985
65445 75864
3926 20055
47752 69011
24927 61707
1073 43194
58167 78449
8893 14928
9668 28179
26106 53626
16421 86111
14544 25791
6594 82704
26092 46929
4200 63331
29930 84717
11479 41091
10382 93359
3624 27994
20238 94440
57065 90600
5341 36468
61398 62438
6683 46791
30769 74965
21384 79088
15651 53404
3689 9730
13684 54685
54892 71714
32930 39304
75722 82044
12032 38421
821 17775
33861 74543
81491 83803
71735 75149
6086 29820
39485 84637
42523 74925
30525 61039
45919 56855
9857 95696
37281 92508
6041 40081
28442 38390
12426 52479
28261 87316
25950 51502
17614 63233
6324 42434
55249 90904
18505 59137
37191 65696
5377 27873
36436 54920
37590 89018
10859 76194
58774 77194
42606 83000
42284 88843
3577 57619
4800 7807
43756 60034
14643 91502
23438 60043
14508 50200
36192 94135
23788 53722
2848 94227
46283 74359
61017 61622
40040 86069
20641 41547
20825 56599
8691 27234
601 37185
3049 41280
71067 90727
73238 84166
5186 65627
33094 59968
58710 90333
48300 72741
1506 49904
43967 49586
911 50848
12246 45873
7413 28218
20584 20909
13416 23861
36756 69556
36602 90897
71456 86310
961 23026
70721 86747
38336 71395
64577 94900
3360 78123
9288 43438
53959 89574
24130 65286
54952 82062
17544 58085
79067 86676
746 62525
24308 53921
24326 52253
36925 58136
21808 91010
58941 75782
30258 57990
18186 43751
16887 56303
63802 71118
17358 52111
63137 80321
63260 93312
27653 39694
77636 86015
85044 94571
65882 81754
52939 90499
6084 77870
18812 68329
3956 90393
15284 40984
3649 86760
17197 71448
53417 80351
29361 54522
17528 51280
74954 84527
34747 54292
5633 15511
9873 92118
32995 48116
7363 82168
3635 76496
60391 77124
44130 55424
34086 43693
3669 38722
3898 64628
9519 77421
44447 93912
23004 30615
66784 83685
14555 17864
65446 72359
57457 80175
6405 82413
208 9759
50998 91972
55808 71677
23759 90845
7396 93063
44826 55104
85965 89928
52864 56449
36438 38009
30907 78346
72085 74845
4181 15198
10466 22366
10823 62343
28147 94167
64213 76464
22949 60059
47531 53112
46088 78753
63607 67269
5277 75146
3148 16641
3955 15329
23921 41306
38936 77178
17438 57542
43552 47013
21319 63286
58063 77712
47580 62145
17406 77400
7546 22158
16652 36458
20010 71221
45805 49261
49579 58358
68744 69306
80784 91652
61268 86504
20705 51266
58715 71478
44385 53104
24234 91261
11779 63598
15227 44429
18410 63334
51373 60831
60737 77444
11538 60371
24901 58817
484 57977
12171 78352
79813 87448
40128 45105
22304 83510
13272 75827
44410 95501
51977 81182
4068 86492
32053 65713
4779 61044
70241 93817
6614 62799
27358 62024
17106 30630
31999 35077
81965 88811
20995 39734
41570 42600
78887 80424
33318 76514
49683 72027
9957 47672
1019 68699
66550 76462
36942 43696
2209 37335
27174 86531
21010 43716
67445 85621
3856 53764
1797 45237
24025 75554
74077 85002
54487 72188
22713 75787
33992 90861
1436 16273
17597 82376
1247 95319
60989 68775
53028 62040
1833 85923
17013 40468
13220 65128
4863 18277
31181 82985
63056 87365
31877 37189
20780 52032
80667 89173
23690 32762
7153 67082
12759 92016
19781 65037
14786 64851
7275 46395
16706 83294
28929 84696
90082 92822
4245 22362
85889 86329
28751 91072
28839 55542
15910 65791
46471 83430
14074 69061
42442 83290
40143 90517
49679 78799
29262 90818
24309 24771
60289 93575
57728 58633
13102 94501
17547 19541
103 52560
13790 46943
79929 83505
33010 79082
28031 66006
36367 47985
43281 82571
46629 85651
93075 93215
36582 79716
28714 49019
50881 56843
62233 71839
31580 45518
729 4234
10541 67982
26418 61714
31754 46639
35136 56506
6168 16593
12624 48115
16901 68645
13991 68037
27868 52858
34701 68298
17493 48949
29723 45514
3191 33777
10111 62967
25314 79617
58231 59170
9302 32263
59577 76609
8229 18511
14551 82734
12295 24683
42457 81439
73785 86940
8351 76355
67207 77074
79381 89641
61526 73430
11814 83278
14494 83540
1222 68157
76014 82637
74488 91156
36855 88402
32546 49710
192 25625
28325 54144
24546 58790
59710 83603
75730 89939
20366 37078
12615 46256
88143 90285
31202 64638
34784 36036
13514 84661
20608 77292
44256 84015
58 24225
27731 84576
46157 51540
30056 38002
57756 84558
65684 75072
60715 67283
16487 94464
51934 59922
4176 13581
75518 77225
42761 74892
67409 84223
11673 41800
6490 37221
32878 36060
7916 66969
26729 52925
18154 40231
25023 68340
3936 90667
11197 78112
10982 39897
65901 92451
22266 40226
68427 80405
2543 12219
27244 95517
30236 47764
29288 51311
18663 27785
32278 95183
66666 81121
25837 76704
68068 81385
67088 84156
24187 65500
3822 81988
22535 66884
9446 38767
7559 84308
59358 76300
89705 95599
25571 52721
48515 83219
21238 23083
70198 70566
19751 85791
79887 80289
14183 53044
46274 59492
42147 60049
32575 83910
55523 85737
30827 46171
24902 36359
33364 60565
7935 8825
29434 86620
51009 77516
426 66175
49591 84879
65018 69703
52897 88943
50132 93520
6015 57209
53886 90202
65788 67763
85812 89495
30708 39471
16133 37544
4157 82365
16665 18461
36177 77203
85123 93069
13379 57022
23389 67580
57006 66157
47593 66546
6028 26240
6118 10493
25349 43541
60335 69135
12179 70559
18051 87555
1911 57663
62102 87505
32484 39571
34035 90941
53134 93967
41012 42187
48698 73311
318 8771
1610 71850
24588 92171
49765 91885
77821 83763
43877 71730
34674 73361
45998 60649
67092 70106
40941 69946
18458 66520
23003 71546
40010 74681
20088 68793
7688 19161
4739 62695
34729 53526
55261 83250
84232 87118
70252 79378
24613 70424
81300 84410
83353 95538
53466 54304
11339 49079
25656 84840
28714 74813
49203 58769
36770 92679
24379 47430
43965 90667
20270 50541
850 74901
43679 61613
23263 78045
47329 61063
43433 89311
2751 58490
9370 34018
56145 76844
45492 52363
23562 75324
14810 17268
41872 92382
66671 71164
82678 93519
26451 33458
4567 77244
14317 91160
24124 83295
19962 20223
39526 49132
83264 95025
33985 46147
57209 74065
56644 75288
78339 80086
51507 82498
5800 9761
43891 73359
8892 50349
47171 52226
3995 21898
4874 86988
28634 47637
18623 59833
6583 41025
3242 67820
64144 66376
24106 84133
40919 43184
68161 69868
7839 27846
25345 28479
21387 52345
54055 67560
56167 73087
56880 79160
35263 75234
15263 75843
22823 44606
52742 54503
34437 65845
16464 81244
68634 73801
56345 75355
60612 66994
2258 3190
27066 29020
37097 93693
19837 53698
51409 59889
22711 83583
13431 24332
49703 59731
17815 22754
1109 43029
5087 26968
2810 30076
31243 42600
27042 74922
30511 86967
29969 58152
30069 53466
5102 71114
20012 92035
3132 44960
7958 31971
72012 94914
37678 40776
23655 40449
53951 90116
16171 64048
1178 10382
71926 84844
42698 85615
44883 72269
14684 16887
73129 73397
19814 39106
67919 74452
4125 40265
16221 34902
31134 40407
73341 75771
62461 65720
67634 92270
55902 79058
10979 14301
10514 61196
43662 92194
42749 84683
40081 83558
5202 81792
7981 81602
9140 83232
72662 91120
39927 41033
7244 32417
56598 69369
9275 36358
7189 73812
31515 45543
26274 89305
2138 76118
15203 71232
13778 91114
36041 77706
11611 25067
67570 68906
54851 84226
60294 87057
46016 65932
22483 94811
54 76750
44091 72586
77770 84016
32472 37225
13183 54131
11316 57099
24077 44635
25568 37602
35925 90806
5966 73402
26144 79513
8018 74963
57505 58935
44320 51163
84514 92763
15868 35081
70087 90543
67612 72526
1310 68601
11931 45778
6093 61893
22434 33725
44781 71210
42203 66958
6873 8577
15954 79595
61784 79001
3502 59598
13945 63314
17332 33153
1817 65113
34959 70665
32485 67232
2227 39295
45496 89994
4599 33498
3921 43774
608 27713
58435 76412
2897 20069
12172 80852
86007 93988
4210 57197
26246 33001
68000 71067
12665 36201
50148 94540
24968 57093
75033 76072
22896 37100
4301 13794
2527 9084
36790 79514
28917 40231
5609 32437
16974 55769
1609 30363
9045 58099
8968 67057
59699 69475
47246 69185
31141 63426
20457 36494
55546 59148
4631 84156
52290 90482
45485 80689
11940 44822
673 74558
40007 47283
26847 34069
29000 88286
19129 50449
22001 46007
40711 85564
33444 60347
10258 34566
54661 88246
2529 4575
18523 78302
38102 86570
32074 49324
7715 84188
47981 68211
2972 25863
4852 90010
66960 71024
11833 60988
26443 67755
73824 78289
4982 91532
4243 12937
24412 93069
5638 74042
20296 35042
15042 65985
62252 62533
68875 69343
62931 70060
46983 79701
33004 55684
15480 73632
25255 41954
24435 47046
54273 62791
52309 75609
27140 27301
23088 29894
13047 22177
3080 88699
55564 62144
53048 90273
57103 72749
64755 84521
3548 23249
39311 48808
57247 64794
3570 61484
21640 88297
4951 57753
86642 95701
11707 59878
11416 69315
20891 65240
753 10481
17058 82662
8448 48505
2216 35399
16787 67378
44311 62363
6480 28776
2802 72954
950 61550
79768 92415
11061 83649
27907 79603
86021 90056
16147 78202
7797 73542
5265 17901
9578 78354
19203 35975
8806 68969
73064 79112
82765 85673
7644 24579
10106 52595
19703 94985
24462 91300
9886 17624
60894 81203
11252 45002
22903 66732
15920 35715
18119 18332
74122 86323
24708 31102
860 34047
12992 63807
71012 83129
7502 20618
73013 82573
26837 62089
30852 94749
13619 26984
45614 79612
53523 68254
33981 95507
33512 85544
52265 84983
68379 91664
62607 85090
11937 58690
31930 54574
53262 84714
34835 53302
25774 77171
8852 15489
48152 50699
595 67687
53683 94256
36877 61895
19792 57150
16245 80158
66065 72453
9752 85647
57677 65288
2606 56164
42379 70794
13144 43280
41493 84587
7408 74950
4085 73452
22698 89957
7302 88522
8568 29217
7581 39746
25 20202
47093 66687
51253 51291
20308 24469
29668 63238
68232 80407
20622 31770
8499 17660
3702 8696
64386 79182
53293 81610
67838 93898
95166 95449
40687 74499
17774 39236
43943 77809
70662 84115
25713 85221
41710 59037
17509 89625
26548 89895
38077 81149
38196 55839
26595 52013
668 23061
20672 88674
5056 40010
45939 87004
1266 61008
54989 87162
39882 92144
23468 34254
70862 73546
22326 75845
4802 4805
8926 47962
17865 84570
76357 90918
71847 89303
52530 86002
231 6218
17571 69607
14342 85337
6224 60029
90352 90730
45386 71981
23885 59226
3752 30806
12520 47080
63637 86233
3943 9880
836 14133
72993 78993
58133 93647
27584 57568
64047 77272
4962 27303
56176 80287
7684 31467
9449 39500
8532 14641
17639 75868
61384 86819
36314 54240
12060 68908
6418 68434
23928 91403
26361 62791
81596 95268
79606 79939
22377 72421
893 82073
52274 52478
52954 75411
3037 39679
27088 63745
12662 64282
40345 89126
26180 68485
13865 47752
24374 51510
77811 91591
23043 46155
18925 88789
59835 66362
157 88780
44594 50802
16690 25668
38212 92963
21750 80287
5860 18750
65061 80763
13647 39402
22051 87336
11980 60076
16856 23936
26356 62604
22580 39699
69214 87019
61466 76185
3374 88094
24066 64566
18868 52537
3961 43395
49144 60429
10032 21760
12354 93673
10863 61908
46272 89925
1047 28291
35672 80590
51453 61316
5890 26359
50021 61007
70810 89863
42157 89209
40741 77020
35216 70408
15337 92826
11174 15101
27411 32299
6744 7068
51653 84246
23233 49989
42912 86423
39054 81749
10817 68403
8866 90808
8494 67883
44005 54833
52490 75858
17393 47630
1582 77369
25768 39716
17695 77206
26228 90382
44136 46477
2829 88609
52336 77602
59589 87217
94736 94737
55687 68326
57276 68910
20575 59078
80134 87176
4236 73935
70807 86286
50611 88932
33567 48226
50014 84267
37805 67784
26076 66790
24759 32125
46051 62301
2433 12438
29903 67042
16322 53342
46238 51177
69350 74440
53196 69785
41988 62578
22213 90604
5576 40540
17252 89312
38731 90573
13857 25546
39882 48945
17001 75104
19699 63891
15093 24206
23094 91626
54622 82556
38018 58488
18737 45011
37036 50579
76559 89323
79803 92798
8762 47806
33133 77801
1695 31732
27614 73996
10992 86476
84266 91223
45181 83975
32599 82053
34002 67766
56854 87072
46390 75560
9665 33658
15633 75910
47966 53383
8865 43113
80044 80801
1418 26724
23040 46403
11858 38929
42336 68486
19624 80615
12376 62484
34987 54273
62519 68102
6344 17266
17511 54801
34098 44707
40716 70258
26591 57821
2537 3481
27198 77415
47025 49470
25690 85474
8015 60951
25798 65904
55673 82476
14170 81175
55854 79961
42813 94877
12389 33269
42469 61837
26863 94640
24270 85465
5085 81231
30619 51381
3302 3475
34599 61273
6773 48548
13705 80229
47377 78083
24414 41048
42223 94923
29820 31643
67040 93657
21695 64770
16924 90659
65612 78994
22305 39362
583 20866
10854 46080
29665 56668
63497 64487
59957 89037
6385 8321
55539 57629
4362 90197
43342 49288
60535 79618
41954 89250
32920 80603
7138 16116
28709 80021
42610 58586
53073 61417
50845 87499
41617 75348
37666 61735
18627 18813
61125 62582
22573 80560
59880 79849
7540 37159
30209 55344
46326 93003
30000 47582
48622 89336
69093 95260
11215 45721
13417 94627
82497 94514
20259 49664
61904 94492
3148 11492
49290 56876
14249 37253
5726 19531
71264 83056
31679 57701
18692 50969
1457 19970
27955 48425
28628 95245
9067 72872
35813 38326
69029 90390
21926 30273
5286 29648
43261 90250
43594 53827
51741 78770
10300 46806
37459 75878
17916 60830
7813 94724
3838 62011
51539 59259
72680 90568
38336 75758
55170 70456
12690 27682
11090 81672
63092 76615
22365 44689
61883 90195
17075 61720
57811 71582
21738 55202
20885 54920
21830 72808
66629 81603
21922 73949
34871 63860
277 9035
24044 83139
19130 94989
9287 75333
41536 44483
31526 65797
59084 68147
69321 87348
14887 16676
11633 66492
11680 52730
46187 48803
84787 90580
28848 75291
64511 87275
15213 92868
87928 91369
15940 70007
30157 46038
29574 90372
17155 89536
17175 78093
34568 36380
46328 68484
63962 91470
28800 69130
62362 63026
30370 43062
40137 85032
12709 79986
11278 14874
50581 69495
40144 45900
34092 76908
44408 93594
15073 84398
12125 74060
66379 93481
48292 66044
13846 57225
535 55360
12616 67467
5984 39958
50824 70999
3236 41896
11171 71083
5237 9853
67873 77873
45259 62608
12907 45723
11184 51832
12245 72307
29985 83128
66794 77945
3787 52561
13088 74708
64152 71373
7051 82323
46997 73466
17566 81134
34223 74549
33764 63162
51633 88607
3013 44393
6602 72941
44365 77991
27348 47783
32542 67775
42232 92433
30499 83967
12853 58974
3454 93544
33945 72927
11211 58041
49612 91845
14466 27890
27355 31553
40077 77737
4175 93811
18376 70729
23084 42207
45190 50070
53434 70604
75043 89808
11577 32901
16185 57355
43672 64154
16274 60310
10167 28436
82244 92661
76057 81191
45368 57844
41900 44615
37337 82547
49585 66278
7386 54444
27558 61500
4953 38517
72211 88239
52074 75798
30417 90638
2570 56443
37478 74894
67878 73809
47729 86652
59882 69639
30457 87115
20768 44530
3013 18707
38133 52404
48278 61197
17487 58893
70690 77189
43355 83965
7655 21918
6782 92228
48539 58842
37033 90542
39970 91661
7468 82851
34620 35896
27120 72460
12938 88789
4564 8897
44751 71607
5887 69603
34789 46165
4276 59093
25808 26769
27297 45310
6913 36296
85050 87691
12585 88517
2234 27867
62847 85900
23217 57094
14692 37800
84719 89523
11283 37017
5368 7919
35637 88909
18594 63621
42435 78068
645 94829
55902 95130
15515 93344
18341 59335
9621 28786
75219 82511
20873 59095
46861 53359
6784 90761
71819 84972
24368 72061
66560 85749
14239 32678
58874 90041
4168 70278
46450 74709
38352 83425
72861 88106
66765 81571
54492 81194
72075 77811
3860 92334
37744 78598
76686 79910
2128 54355
43445 69000
51904 73092
13607 57774
14918 45248
25863 40735
27588 60541
24975 80335
34152 89976
54827 91670
22027 52705
70233 83727
55022 56627
5738 8482
9347 64359
36188 45810
5517 38793
23734 60394
192 61115
36555 83970
65444 67606
12867 40638
75457 82794
18992 36799
23483 72607
6619 67411
47453 88730
90416 92009
42420 44690
21889 77754
34821 61651
15614 26115
4031 18630
18764 86429
30011 55004
10471 17651
31365 71128
58397 77123
32692 84161
1503 83679
72653 92420
34958 58627
16479 34145
68069 95604
59287 75180
15492 52365
5646 16821
13848 71500
21527 68516
31326 48190
10408 90255
63010 88788
23365 67319
9847 91355
54078 60613
65320 70568
602 15397
60489 80846
29547 66669
34981 63299
26435 93495
26741 94664
12135 67743
6161 44434
3086 75998
68983 86542
7413 14020
12506 37315
14041 51588
57532 70226
38828 63671
17333 90098
71921 84906
32039 75455
52662 93343
63797 92483
10307 28765
8058 85641
12033 17191
8050 65744
72296 78883
24419 52376
42671 89095
41199 52836
42819 65269
9157 71247
22908 82915
76451 92059
55347 76225
18910 35267
80483 88001
17373 32936
3224 66316
14245 17072
2620 9481
19239 33479
16114 73958
4795 8712
36517 56557
38333 72956
2263 21410
8408 13201
16128 28196
27684 93449
28991 91204
42230 53565
7966 85205
43790 94343
35172 74167
10062 55759
7667 14433
20435 74288
48666 81469
10773 58765
11403 65554
25959 67913
47606 95505
38834 42320
10896 87349
3224 5315
26713 55595
21421 24323
13508 22246
4040 19518
56042 91477
50343 92986
31203 83066
87643 92231
9872 82887
7509 25686
42777 44813
59315 76324
45770 95291
27040 38789
11159 74027
33081 75361
52465 84203
41279 75252
52748 88680
11377 92856
25157 52548
48373 60132
34957 44133
36480 92634
14018 71651
5266 26623
20660 24332
29542 93192
41771 80422
48823 86031
13778 20855
31295 38978
69652 72114
15061 16001
31150 92618
33044 88617
29532 47021
55674 64696
37626 44751
19991 65296
29591 64329
80751 83070
3899 30914
50744 53417
87078 88136
5764 29571
19018 66153
47210 58708
20137 49956
10719 14133
74892 87747
59619 69807
8564 81993
18038 68603
4016 59979
17610 75185
18893 19126
48092 87544
33033 86586
53612 55573
12109 76709
1633 69162
59670 92648
47800 55365
16982 40683
29660 32733
6336 60524
8443 25204
13323 82813
58752 78307
8750 95717
57980 62879
30630 88370
88591 90955
48522 83792
7810 82350
23613 53128
78910 92615
10838 81401
20072 29122
49668 57633
24495 64941
60057 82154
48436 91216
20987 82795
13758 95482
7124 84349
61220 80628
34563 69282
13188 62998
2056 37658
29006 91160
23728 49147
49250 91029
4025 6087
5632 6591
22022 53199
22593 54205
18789 51935
60770 65813
20456 46423
83675 95250
3192 15928
50418 74855
71975 72750
29317 41209
58305 69976
80935 92670
26115 94950
13601 34846
2602 45581
3399 18885
55717 69563
17029 37026
28157 75586
10690 24657
67155 82399
43208 70468
58956 63390
25766 39833
3803 13901
49184 71071
2940 92115
1593 77216
25736 29195
38417 54401
10230 87198
29 81554
40137 73460
50139 79423
36728 56764
22315 69225
59474 90635
19730 51931
22454 90884
22160 60777
8569 64975
56901 80948
5376 67223
32688 90901
18995 82042
26189 43927
47789 63652
61359 86538
53181 65555
49923 71124
67584 69130
16538 89582
2293 86820
68731 92568
24839 34248
41160 73659
1258 34827
23256 65701
12449 22163
53012 82919
33562 47426
19847 68972
58227 89352
2993 83971
22718 77488
8175 29042
78053 84788
6309 29296
19889 88649
43637 63119
82474 93400
62927 66031
53708 57172
4820 58483
31513 69923
29571 94674
38008 95340
33555 76974
39184 48497
38376 89064
44498 72830
15210 77070
18086 22969
3873 68779
80672 81083
3545 52670
69581 91769
68822 80771
11568 87689
11222 63124
64710 66896
43438 89746
57211 83412
38810 92561
19760 91846
8723 92279
41436 80966
15395 53514
5368 78231
25249 26934
24048 61773
2446 35652
13043 88281
39173 50596
27334 66457
26145 94068
59509 88823
30602 40570
70138 76892
65480 84017
59529 75538
1625 23438
25917 35554
5550 61337
24620 26272
59724 83967
54893 82141
61082 84556
59636 76170
3570 11483
480 13254
25025 30337
4948 66192
50294 52060
12885 39560
23146 51701
18609 64779
58978 63821
6216 48743
57846 87684
1780 36623
39719 78324
86156 92927
5642 32737
17547 26603
6809 17330
19424 58258
3839 10493
25156 34600
11338 15650
7817 94702
34719 63087
55071 56936
4611 77680
53994 76949
31530 52731
2763 49589
2748 66413
13547 30554
56764 74173
38946 88352
33330 40083
23470 42075
34369 77714
60029 66939
59948 75653
24117 64210
32033 91134
3540 28085
24214 38480
18871 49094
46700 78757
11137 30473
20668 51473
33032 48828
37009 40497
13475 21106
877 60497
21064 68564
19725 65598
92883 95147
25255 30528
57562 66988
33102 76576
946 71762
466 42745
22842 60467
69869 92680
39242 91901
84789 87145
37325 46608
83679 88528
54668 81539
40471 93944
63179 79336
24576 31187
25984 58658
63307 65002
13519 49361
52933 95187
2041 66591
59336 90022
31566 81023
51513 72794
48306 93159
2982 46787
13854 89747
40051 55566
43720 82758
90236 94453
11495 47655
61893 87227
25112 52220
58954 61699
68905 84848
69933 87903
79285 84189
81102 83999
28854 89920
32334 44850
21346 90328
41038 80673
20061 57729
36269 59690
69376 91792
24621 51506
29205 83494
43156 61414
29856 47429
62889 65933
11837 47250
14594 37194
42387 57917
54727 67187
40184 83661
43335 86864
1460 54853
38683 91145
46954 60308
13135 55379
15194 75443
30904 58120
33983 82204
12359 67596
67680 90469
10512 42325
24809 90070
18745 21398
5144 66941
74032 80446
41632 58699
59956 78968
45707 93676
66778 91555
86785 95073
18685 81157
26902 62228
27638 67404
574 10759
22700 34574
51366 66555
15320 88205
5263 69099
38022 68764
29783 53271
14496 44287
40537 57378
21757 46189
58235 62987
37863 73123
45947 87274
14588 68893
69240 74802
55265 61573
41448 90150
65382 70790
66381 95000
39007 53862
24664 38329
21448 79915
33410 52686
66374 77506
49220 62092
4081 73651
19300 26706
54466 54642
31256 55341
29313 68639
21584 67480
474 91461
66036 83050
18787 93777
1910 72201
7433 15229
10168 51914
14007 76194
20098 33623
9789 60755
74716 76601
29120 47178
18104 58779
1109 24384
76997 78831
31833 75136
44375 90567
3296 68548
35495 43345
60190 72438
71563 86673
15761 53698
45516 67392
9883 73187
33632 40605
11900 53839
40726 60671
12937 67005
13085 58502
32038 42675
4315 23677
53534 55678
47648 73957
36020 43972
45534 50207
1561 35652
78021 79246
19613 83018
48494 59788
54537 58202
38183 92897
30229 40995
63 90544
10262 57411
35490 41677
45096 76036
56568 79861
39244 94546
46241 66767
72059 86715
21317 66670
7073 53931
11553 63449
12953 91926
9852 23754
9399 21362
43136 55307
36167 39844
23188 25425
35123 44141
15721 93181
15914 35807
64778 93221
19431 23675
23870 70783
12669 44071
51523 93143
71735 89962
43762 76193
6706 32555
25988 29292
51392 69658
65499 93957
31093 63784
23721 52312
17141 47615
37285 79837
27129 44180
11162 21972
20814 68922
57946 66257
83421 86978
15865 58420
39357 55287
6795 31487
36591 62208
14990 79543
39748 89606
14581 75535
48404 53720
51484 93421
8537 16934
12897 35614
25794 69993
41631 70527
30866 45545
20420 55352
5877 45863
82714 86092
8258 57057
26478 86457
51744 58506
57982 95647
40710 72399
17736 74846
57103 93629
30452 65057
21434 58853
81624 81876
55012 64446
34257 41222
72078 84402
18021 56255
42088 76894
31149 38112
72977 90180
24656 74481
14598 42948
18397 85259
6929 30344
5453 77751
66049 88530
27668 71680
9829 30106
27539 69407
22684 78477
22454 36422
21280 51267
35920 94395
45249 48767
8277 51462
69658 80339
1773 79074
59278 92080
33982 84577
31052 57732
80050 91046
49482 94979
16931 63339
62331 79035
68994 75701
27694 74695
11344 65435
12207 48148
8163 32728
9481 77521
82046 85538
41431 81690
4063 47999
33110 79805
6014 41578
22199 42382
47848 70984
50928 65985
47913 91482
48832 61091
13257 84325
60174 93033
5451 87636
13254 69336
67870 92017
25252 26567
25120 51812
35754 40559
13349 40190
7617 18539
10633 61398
23968 83696
34586 52866
39817 60867
13789 36931
7889 67374
19594 92687
46147 86239
36230 68352
5749 49713
16922 95197
42753 55352
76511 90163
37193 70941
1409 26012
20441 35806
45192 46999
24646 38251
21080 60388
51638 73115
46402 94222
15570 41885
4317 79363
58021 61597
13107 84856
4666 14544
6039 61118
11877 33395
12081 13220
27224 37732
27983 73270
77380 82792
16091 81684
19422 38376
44107 55338
56677 61804
8886 73984
12641 68090
24812 80127
852 67460
18779 60311
44 92919
42629 54753
5155 71984
29827 46092
2392 20967
12257 47673
46898 57167
35861 60886
36807 81234
28549 70059
85373 88723
22969 30888
13902 84157
27707 63011
21249 51823
15164 58534
13820 38414
27034 86050
67330 77432
34095 48976
57732 86800
37322 53805
17979 94679
17651 21910
29021 55921
6989 49851
43537 52385
19725 70936
67145 77665
74197 84795
34317 48739
19265 40625
70 95108
50773 54534
10223 91034
2925 71013
49336 52090
15774 91778
20708 76424
56 42848
7190 35709
34354 64034
57241 91677
82176 90335
40292 88966
57525 83015
66001 89937
74670 75675
4188 59117
1518 54740
56485 91486
2416 71435
11084 87644
43093 61303
59882 80681
22032 76702
11888 54184
19201 72360
23557 66044
67467 91852
49586 56264
16337 63778
54454 73190
46949 73367
42287 57017
11740 55510
6872 67212
4366 56012
5544 13562
4451 27798
73737 91157
30964 37401
36519 94767
36081 80550
13881 51573
11911 75232
25585 50648
81758 93550
6842 27128
3711 47500
14825 39560
3638 24588
51003 82398
39095 54692
32680 67875
33015 90022
20216 50601
20223 79443
32429 79013
28650 86910
25737 84925
86506 89044
20068 42935
5431 6800
32132 73853
40443 43152
17496 90638
54153 59724
26691 29542
31064 84993
10130 21831
26854 86862
79097 89956
31954 73921
86951 88718
15705 85791
25508 65521
12781 14875
48234 89718
45192 73468
16499 31905
68544 74472
64147 73378
46214 64390
51851 58157
5058 36659
44969 79258
7420 81122
46213 91887
27825 92925
45364 60982
9327 11713
76188 92738
6449 73652
27425 35179
6847 77866
25047 84792
912 31743
8887 60757
4988 69809
38995 81857
34782 69508
6904 63664
18385 34624
53242 57852
3334 83424
31832 86185
71878 87233
40466 89275
14834 34370
38003 53850
47774 72682
30098 52836
3275 49569
41942 66193
23899 47474
13907 65928
1264 95100
47059 60860
28907 57862
5768 17761
7535 86913
6994 13056
29625 74442
13424 35344
31314 84377
36820 55073
30237 48963
59967 75440
25554 42392
11727 79084
84526 89825
26498 35231
84848 87878
2770 88326
55949 90593
18915 48718
93224 95084
3503 65366
4492 38304
57135 84836
64014 76816
7781 18284
52716 94452
21272 68315
49504 67539
33708 73728
45104 77597
130 29572
3373 78168
41137 66062
2476 60846
273 80864
8446 71931
67812 90837
27194 93061
11836 90451
22968 89919
19125 76653
71667 90570
10881 82124
75014 78003
13572 74942
22684 92034
67413 81346
61414 79533
90 21505
51776 87493
24610 43469
13274 40404
66313 76931
24324 53009
7557 55032
80708 86062
64346 67651
14894 40631
39398 46850
29116 41137
8734 58683
72464 86368
36491 50916
4227 49240
57886 71293
29922 64886
3091 94248
29609 76451
29014 51380
54224 94444
72986 80476
27673 52527
81592 90143
19299 60206
25504 52192
58441 60212
41308 50298
42612 77536
22937 56575
29735 90381
7716 52581
19736 64610
41330 44235
29647 74476
11888 57964
46285 49471
11929 60794
50154 51064
12794 17923
29384 55223
45468 91445
46483 91828
7788 19897
45150 91174
9570 59985
47634 63011
41040 46616
32334 71369
43104 57129
40900 76718
22014 72869
68210 77494
35237 52689
5258 91561
3943 78596
75082 90368
76624 95335
13868 81425
58252 79309
25676 43031
65662 94365
54108 95166
7016 75662
45186 64260
57787 79250
48402 57252
67863 84647
11467 80809
23975 69245
6972 92318
28680 88318
31458 91246
24101 94528
34226 87580
71048 72597
13650 79498
20236 66065
34564 60068
18509 56096
17500 62572
2797 38899
62863 87190
33801 53580
9097 37844
28371 75961
12742 50878
70520 87934
22776 68083
15572 89960
39211 43228
24391 27779
18431 50048
55064 94943
59513 89913
22931 44706
5545 37959
51995 84292
62078 73909
1993 77013
11640 48186
16620 53120
20108 70539
13582 84500
26336 57422
71793 79970
45441 76033
16919 21792
2430 86934
10036 67734
81081 88046
41627 54595
41377 42440
17193 49868
5304 36407
69834 83942
634 84186
46135 50341
10111 38736
56185 70950
7309 24742
47768 83973
33778 43961
62134 72814
558 25771
1860 14283
77301 88400
51446 70719
65733 80448
9939 61621
24173 39158
54811 59669
56431 81617
14602 91230
16523 74729
52608 73655
35010 52755
51611 67997
4434 47233
15882 49537
63748 82845
30035 55759
3268 42959
2884 50391
46588 80002
12782 38333
22227 25529
23868 67374
5283 61434
11570 30102
38361 38661
39612 91081
379 30684
27724 66224
58833 71940
31715 55080
33096 51710
70653 90047
69867 77914
80209 90586
25745 65629
44278 69704
28173 28408
24232 37929
37419 64020
13979 69427
34533 51993
38808 48518
25801 52674
38618 56457
24259 74267
11830 69248
11857 54711
11682 56755
22806 48384
19349 79318
37829 65575
21187 77498
14205 93030
46972 75751
12817 81698
25478 59862
32793 44419
14933 34280
6208 45349
23506 47044
8902 94827
32229 42303
79063 87301
1558 6805
37958 66753
46476 78668
35958 42952
52534 88073
32370 72630
63373 63712
31761 78737
12943 60809
46479 59263
21300 85145
2782 36623
22231 70877
67637 78981
39872 93105
15305 25081
28826 91895
43275 90339
45987 76155
64768 68930
79327 84485
23912 36201
32149 59472
8005 47591
37116 45473
19729 84175
26274 56694
57705 80386
34914 90858
3422 5951
35177 54718
68470 90407
45195 69049
32157 91451
26276 71353
38359 51952
16021 73999
24506 68323
29545 56937
65150 70080
15286 26621
14726 70585
55490 90606
14635 49625
85369 88016
28951 64925
52060 89786
55120 64401
35306 64848
2440 78677
13936 24320
49810 94469
26018 67828
51201 64993
47968 78845
16488 25605
49956 75819
14642 35760
46920 63676
43062 47248
22633 58896
8850 93137
80889 93383
47374 60939
41647 54156
33651 41455
43950 84920
3195 63654
23091 61316
9844 53897
48654 64279
16883 78879
33623 81314
44565 46558
14778 25231
25504 88620
78689 89326
64567 72835
51396 94955
61689 91856
2942 24871
23520 80605
3398 52395
57874 57908
3245 71199
14013 46518
31403 49132
21061 68632
32540 55079
31348 87397
58018 75141
6073 71755
24482 57897
91288 95553
49158 83039
4493 16642
32592 76364
20068 34781
82338 92623
59243 59907
10467 89452
5686 53749
5304 93900
184 63446
42692 62702
35845 39204
2421 39569
8339 28580
7807 94324
11447 14009
5519 31934
62628 89576
40551 48504
7337 53907
43389 87520
12735 25075
19257 88808
21588 58020
40368 95036
13696 79008
3349 42997
9326 12447
57492 61409
34963 36100
14251 58380
53496 82077
36046 62203
48139 65680
11902 29681
3445 66161
15993 45527
73066 74092
4659 33369
47349 54713
74733 88772
71477 86278
10356 14881
5576 44162
43266 91055
59427 71698
10448 51405
88755 90207
2301 89735
58189 75775
473 24747
37683 83282
35042 68628
52882 84380
45809 91912
24380 56549
53724 72752
16241 65911
17415 39721
12681 27022
39287 65715
18098 23311
17757 54798
31157 73987
466 46253
9713 32391
16740 65603
65157 85879
45623 74174
56597 80922
16444 40163
8505 70229
54859 67531
44189 53545
60569 73599
11294 92794
2175 10614
2920 39954
74882 79464
18815 75443
9832 33108
45505 69257
35403 92631
42861 44277
19860 77715
34997 71183
79516 91300
10276 13195
26330 48497
13861 28227
70516 88189
17153 28287
87046 87994
51109 58288
39318 90723
66137 89111
37218 57923
22231 56045
26368 66795
6990 62186
15083 59949
12344 19370
39968 53269
14682 53548
8452 74823
22717 94037
5594 81123
48517 88169
65772 86776
3396 63215
4048 87102
48042 57574
9870 19472
19431 26580
28701 28876
35978 87137
4549 65242
37144 90321
6769 91747
16975 32457
73616 90397
36600 82873
22740 55018
58441 59368
44113 85624
14020 15820
14128 47555
15888 72994
2101 28809
44900 60746
63240 67149
40064 50851
47985 60159
57108 57649
74035 80726
16363 70286
486 70867
24874 43898
487 77349
60661 82820
6305 91430
52966 53322
25438 69929
61044 86266
11806 43328
28557 75419
19309 78357
9499 13845
13674 70711
40034 65759
17739 36455
72317 88776
67374 90517
39302 92687
4760 19398
20165 40936
24021 51829
6181 21658
53137 67046
38724 44403
16662 82904
19383 20710
47110 57734
1236 89634
67159 74226
13570 59749
8926 9812
18176 26220
25293 51908
7764 61961
16623 46883
69953 80357
32012 42696
38191 62751
55152 90004
18199 60678
2588 77856
35958 78578
45198 51969
25158 43641
44341 94476
52391 60484
19356 69879
52205 92384
33167 94837
22868 36318
82139 83445
59314 87014
23865 84235
31745 82140
81333 92699
5805 35746
7660 36354
13373 95291
50729 78433
54379 85084
75716 83891
60587 69831
31193 42710
29084 58844
39006 40963
45495 76618
41357 70699
8407 39532
54076 84659
7557 53853
44316 83167
14488 78646
22344 73293
55748 89035
41011 83101
31254 86777
45899 79854
49824 68245
28064 63521
16194 71513
38732 55691
20838 24633
79371 79928
54093 83159
33413 67230
20584 71426
31815 75188
51041 60716
45081 71263
24639 46974
28579 61444
21581 71927
17924 86766
36719 75153
73436 90073
63506 95159
12344 47590
22021 59957
11143 26597
38237 66361
76177 87765
46576 47486
20803 73356
1591 68534
63437 71309
14626 48750
30708 39137
34843 63388
1010 36745
34169 35908
12014 13906
64854 87676
13086 40601
34936 81021
61978 86525
63082 78046
14450 88632
80178 87992
9656 91011
30082 61384
34167 74147
7784 84957
87791 93008
6269 22898
55397 93249
48034 80199
24743 76509
32481 86464
15313 45259
89 69884
1502 8462
54308 88611
69618 92560
7195 42688
7700 36818
3680 9740
1079 19980
22196 68285
39709 56238
16318 33661
11878 67750
10210 62195
20176 80606
27032 93670
13015 88421
20832 67976
55595 85218
2512 29090
71045 92433
67812 80977
32220 75196
33769 46801
30900 93358
35609 38608
39280 92152
5840 22205
32399 79414
27360 29476
41150 50408
7761 31963
17753 82492
60918 62949
4356 93739
74609 95390
37088 58707
33490 41894
22788 53057
52709 87151
41616 51841
37218 64646
18928 88281
1955 45764
12457 85643
4599 45182
16682 68787
39765 63571
23187 78941
36977 76322
40492 51683
70433 92400
14827 27749
1458 30927
51937 76201
26030 51489
32368 67269
37581 59387
26703 73910
76660 94174
13349 15075
32865 55668
3525 62871
73777 90295
28328 42056
70037 87528
35527 48028
29338 90638
58181 71290
29397 77301
9038 68595
70139 93869
44002 78859
14443 75993
47905 82008
45491 93733
79848 90467
29824 60306
69500 87607
21159 95616
36449 55947
9500 40760
23670 45922
5146 11686
73152 86165
27001 95085
64850 83177
93 29708
14459 93153
32196 37637
18984 41958
18893 31391
10881 61435
42947 85320
31273 60285
14193 35828
41841 73037
16188 29653
10099 18322
53087 61716
65886 93951
9069 55073
49625 64069
30359 42533
45772 47590
28881 95226
7892 71607
20279 76672
50568 76563
26266 87119
22466 49011
21225 35480
5977 52003
71594 94497
4738 66108
44003 44038
38874 50567
89938 92016
3785 37135
21445 63267
6642 71658
31550 58479
53710 86491
3652 95538
48595 66568
72178 91612
73157 95162
6481 35524
69807 74784
68063 80416
20430 78223
85720 94214
10822 34117
29359 39599
36387 85908
6941 73752
43389 80776
81196 88257
66688 68803
28308 36036
81746 82014
41413 61876
48565 78587
45420 59972
1536 59245
30530 68056
23209 84174
63176 92734
46430 89264
15868 19099
52799 85225
9397 70832
4943 64701
25692 89850
41486 65736
7680 89166
14805 86018
40841 48232
8315 86090
25137 94914
43127 76703
15362 54985
34443 82021
39591 49100
39094 84644
32863 77407
9933 72052
44236 62871
3345 94221
5384 62965
3677 85924
59768 75605
15439 89859
43098 87344
47248 95061
47311 72664
60028 89496
38662 40700
1197 92462
50633 91768
22535 44833
15210 46633
87498 94815
11543 85923
6461 30351
16818 27656
4033 54402
35664 70768
18406 90268
56572 76802
23931 65155
42522 74281
5178 10900
68092 93702
69701 77316
9294 28364
7694 37990
3731 36140
30265 83557
8554 35781
85319 85775
16707 22542
49578 86279
22998 27288
29255 58752
11027 79489
86737 90832
68877 69438
4633 15701
6604 11729
25195 78474
38479 66064
19263 59231
8487 80722
725 5221
7574 52520
40301 74734
67559 84843
6313 31206
16477 76199
36887 39906
28639 51928
1681 24800
16665 68688
35096 77358
53608 71023
12603 64876
35115 95260
17750 65286
34585 88249
40850 92427
42440 93541
45649 70138
58462 66774
28654 53929
19927 47054
34886 48125
71349 73181
18092 50970
21767 29209
37652 69027
51615 76871
29301 76716
35599 72661
34096 58080
17249 68986
71707 88443
44763 52271
29409 57853
64010 91818
36837 55127
26949 34490
47707 89932
27016 43464
17308 19150
65044 92164
38315 58420
14424 77135
13655 21608
31966 85952
49783 87991
2000 67268
6097 30466
52979 69303
76018 89867
62355 76232
62672 80238
31148 53001
28385 51217
6309 23132
5188 8239
24361 44185
26874 39453
1280 40951
9926 30707
2786 93221
35304 87726
6580 40274
26185 62144
10824 48225
78203 79270
24364 29658
2303 75571
68825 94565
14735 15138
39533 78641
33639 70576
17742 26824
15379 85391
25431 82150
66687 91553
20744 81509
2092 62510
22123 50130
21092 68306
31564 82685
37675 75529
40863 74063
59086 82787
4778 44016
50737 51148
2876 78473
7075 74505
13393 14590
22645 70156
27102 28244
34699 69888
34017 40207
26229 94206
32461 84225
16634 94495
30112 93271
25158 53527
43927 80101
56159 69217
14303 30124
19630 21129
11364 37154
40819 76240
24116 44846
31341 42211
27740 87938
14015 17588
47698 61126
6717 36504
6039 11625
79062 85194
64809 93954
14499 75799
13150 75447
3415 48272
23235 65735
21438 70260
5267 18808
41471 63267
29575 57708
66258 78119
1905 47876
67750 86775
49527 95475
5394 22052
23251 91635
2123 54789
23665 65403
51159 56946
7322 74536
23174 95482
41366 87180
10697 69481
2903 35172
25831 37785
13153 68790
3364 31073
26905 84244
18518 27711
21833 44069
4236 58386
52231 76722
4184 15415
48778 56868
7914 29063
45532 47730
7427 35043
4286 39030
56648 81090
52079 60557
22279 72446
52736 71003
14600 38951
68967 85114
46999 73085
26 7530
10927 84334
71027 92922
19595 87181
19017 23304
24535 68934
3359 70419
27138 40426
1049 23889
28903 53209
11397 65457
25258 32846
81629 87514
19838 30970
11164 71136
15596 54703
25959 30429
41334 79871
53343 64754
3023 95146
15166 64861
298 13904
63234 86665
37241 69532
25276 91272
14573 26074
16910 86132
4006 79152
3354 57438
24885 81165
37455 68329
45191 64067
55723 57516
4593 89145
61089 70810
4178 6171
20816 92577
52969 65927
39737 58687
1218 31113
76819 94689
28687 64293
21214 71745
34851 78306
32223 87178
60879 78891
76245 82429
2365 30851
2927 85509
40758 50034
40304 43108
15084 56723
4459 68781
31089 89005
27947 58295
13514 50717
37014 73234
68847 68915
20140 31538
39281 41464
85326 94892
18473 21009
37995 84502
1866 43927
34626 86119
13745 15914
35253 81651
80602 82294
69463 77180
79921 88721
4001 54224
33033 33337
12569 67453
59825 67597
26352 62515
47278 51509
70874 84024
32382 36648
2859 65850
75186 93574
59825 86559
4138 69868
20795 25378
17451 31288
23515 35399
14313 24237
68421 90168
12346 94622
2201 44795
28015 57377
68349 88403
13371 24144
22458 35514
27437 55490
40900 47288
9801 75777
39316 44022
45032 60272
41110 88135
27656 41489
49235 71227
16489 65604
17890 93217
17894 87334
61124 65951
18829 91696
6536 22349
14050 14061
6075 35851
28203 73745
14217 91518
29411 74451
75443 79386
18063 38661
3937 74349
13847 41703
34799 91486
43099 62530
39459 77376
61947 72374
43605 60632
49162 69086
9474 43481
80147 95022
55570 87547
14943 82618
25743 84584
28104 74800
19275 86781
79962 91932
23315 42433
55439 58121
32490 94171
20315 44700
21167 22975
26447 26627
34883 85609
11416 47180
15933 44037
52063 61867
37936 82724
638 81372
53205 91618
49109 74442
23194 67778
37407 79725
21605 31424
42797 88992
16063 58002
23516 91731
57290 65138
68164 68663
20402 44642
33785 75164
87261 87764
38785 56936
35676 70861
49760 69289
42186 61898
31927 44451
13105 92411
11320 89726
62473 87887
3127 57909
48789 53932
66352 83563
24852 62994
59070 67606
50509 76101
929 23260
51635 59777
37161 59842
42812 58989
37729 88431
18134 93094
15379 79982
53492 73924
47550 48298
68198 73213
18069 59176
39200 49658
89731 95617
2261 26170
49880 90222
16492 47234
21267 89879
9946 87877
30722 68172
17716 22162
54320 90519
23166 82083
56838 81271
46437 53791
54347 60614
30213 50010
27571 90705
9049 74515
52413 62971
13248 71907
7639 92539
452 59854
2489 20865
88702 93465
65476 68958
7907 17350
43209 57115
47771 48976
65412 77798
26418 28631
65385 93763
5154 31162
19372 32612
69018 84821
55862 68836
63275 92287
17391 33289
26466 88858
25000 86849
48108 79851
35407 55569
29106 54294
33137 78655
72920 92915
40954 53059
14971 76671
78836 93096
21295 80170
13274 28592
1763 33701
56618 92936
47618 84034
19457 44122
33610 60670
9789 76257
6301 82733
7868 59532
14293 74171
12613 47585
21727 83216
22698 70480
37953 76621
75303 80437
4207 53233
53219 87809
7589 58537
54108 60881
39469 72274
12684 55800
88670 90549
7523 35932
18575 30050
48690 58352
4082 43827
77198 90787
2034 71918
49846 81406
11432 84600
30561 48977
90386 94037
26311 41023
19515 25351
2114 25368
14978 57795
15098 33270
20941 93532
53600 73886
50709 56600
58212 94601
74020 86726
79543 79546
38155 59826
17010 79744
23151 74508
11634 73927
36339 77286
16234 21069
66819 76971
65620 84939
28365 43022
36447 55861
58375 72606
24521 35328
58820 85605
8069 41133
19341 63630
39106 71891
7154 60586
70505 78781
62823 88024
43360 92478
12045 79894
58061 89643
14631 50157
42824 70933
25767 46807
12051 53886
51050 77867
52647 54910
30124 53682
34191 93579
17916 52766
44431 51229
46502 86478
47232 92647
39631 67565
56463 84570
28192 35832
15955 25283
8651 27593
33676 43319
50651 59744
9610 44610
4125 67035
50557 73032
27324 50273
46273 64877
37047 44139
48480 73250
38209 85417
33201 47726
63309 88959
8446 87305
16965 42321
42131 46765
41393 91200
24106 79942
42816 87428
8663 35904
53216 56458
55534 90769
50469 82790
23401 43623
83158 91446
24186 44785
32793 34602
835 14317
51866 90217
60394 69160
23917 32563
5548 28106
10449 57703
28423 52168
51999 68070
31533 59604
26260 93961
25556 33330
26251 56409
8295 41250
51563 82168
14892 35774
28724 85281
22309 74351
1831 36119
75825 93597
10789 40743
64485 94021
28333 55701
33197 33395
19686 56024
89210 89629
2448 64229
15388 59439
72351 91970
7036 48096
18459 87338
12703 37382
39905 50325
2116 72375
34272 67790
71102 80517
55031 81329
31334 91023
68852 84120
270 38110
6410 62146
28285 59122
1094 12912
28773 48663
69366 74601
38366 56710
17443 34017
2125 52412
42275 43849
20258 74977
5547 84833
979 47273
25484 93464
47732 57410
33646 80177
4971 60134
2610 27619
11466 43514
30335 37430
46256 49884
26866 91541
30214 86666
26391 64015
7662 52611
69967 92127
12033 54396
26564 77848
10005 55723
8509 69587
2014 86165
74345 95251
48709 55773
4486 68531
43519 50875
10830 25141
37649 67849
33384 61247
35030 58180
18047 29604
11015 50477
66558 85651
73672 89649
20496 90237
58496 79424
29592 95172
70660 85653
4577 32143
57308 78254
13822 49508
60761 94094
12226 77812
64961 71535
34603 82691
57177 95535
16762 94343
16075 30769
13359 49789
8063 35935
69892 72681
51926 68293
19929 50919
16735 21827
18954 70160
18786 29607
2674 43014
21200 88370
61896 65394
38846 94497
47411 76246
18039 54716
46250 69183
169 2967
24141 90195
58056 91196
16811 39107
8781 94173
13360 49081
55733 79178
6465 41542
45221 80822
31714 72396
9891 35655
22830 26516
70280 71667
43885 50347
14532 30648
3366 7955
2037 20789
62642 92128
43721 61142
41298 47113
15458 16969
38826 51737
46125 78418
7168 35838
11786 88391
34939 62876
1045 80043
83942 86919
55339 62334
65766 88444
31405 69834
24479 58552
19988 67238
2175 18695
83258 88074
49849 76026
17996 79452
55734 88431
51382 70358
7438 36260
10923 49535
34526 84084
5329 92941
50560 76057
70165 87322
51405 70869
54924 56359
70501 73136
13002 82073
82375 86510
36326 94197
17979 27777
18202 23948
2823 11148
13626 70747
25514 81797
67910 92893
59273 62993
16856 32325
33098 67617
42583 64787
45530 52490
4452 52013
5427 46425
50280 60213
20527 67604
42500 66949
33926 43557
21488 67701
24499 65733
3184 55013
48125 71267
6884 77740
20690 73950
47999 50017
20221 87559
3112 87169
27922 33753
64117 77867
20729 89210
19854 26638
80071 91831
31136 66726
8746 60972
66331 79538
24955 78009
14968 81253
18785 21219
52947 80531
38557 57327
78489 93097
10718 44445
35098 73900
17617 61324
52244 77949
34623 37157
51326 81298
24607 31158
42094 95229
1327 82928
10752 74911
3913 34194
79073 87904
59820 83871
34582 95241
8715 72426
35116 37977
23543 34855
10851 65772
35366 45454
51699 54456
8700 69778
9278 60775
41046 76602
59570 83073
85651 94060
11834 19941
28 65629
69809 83422
55046 81406
3425 32166
24968 89584
37394 51277
64406 88219
20665 45487
14649 53775
6278 47081
8933 11082
70077 88111
9438 10415
31473 74148
9326 62226
37229 94099
35691 85000
56459 84054
13704 46737
4820 83366
30409 93820
9206 90708
64747 75348
23583 75278
68430 75794
27251 45069
26897 36625
72178 95329
16542 52502
11745 84545
17759 54548
53809 82040
1488 62550
17313 44244
41784 82502
60314 90783
18629 88165
42250 57491
9395 29246
16294 54121
53826 88610
46882 94865
3218 89419
67307 68009
23451 35005
48964 62235
23443 84287
63519 88001
61197 69216
16333 81606
4014 75792
5120 77422
2736 4178
62664 93374
58212 88559
90032 92654
373 29650
11929 59798
22330 28846
48471 60786
39482 49041
57446 68693
29939 67995
21407 31199
37187 44440
37899 63144
20402 71013
42445 55773
63487 65503
42014 90380
27907 65664
16737 90102
4658 35043
25518 66797
8998 70424
80837 86235
1919 50345
10015 17379
44508 67663
43280 54842
15353 75538
10401 46332
1109 21740
79962 81407
29146 42381
25449 38003
25804 40133
27117 48793
37673 54964
48428 86748
4780 66758
71591 75636
65050 95419
16648 52839
38922 93052
46921 48840
64195 81719
37049 55086
31492 80487
33030 81160
4474 13164
65409 81669
30489 71340
2616 57767
79806 83621
50215 83843
52479 95237
2413 49694
13197 25310
88417 89326
25128 76975
54373 75197
1600 25651
10195 41794
50236 54225
22802 71090
6869 18510
2349 57284
78452 93225
58925 89048
48487 76431
23000 62469
56398 73618
80849 86988
61030 73210
15569 34633
7342 42753
16274 32508
57320 85180
42505 90691
32919 84741
25534 27749
33086 87201
25637 65441
11667 68997
20040 32122
10112 48355
19551 73203
14048 41476
14811 90763
2691 40134
80872 90123
11732 25973
16335 56940
32346 63812
9343 26727
21524 34260
15323 29059
73654 82137
23041 77385
23795 60170
6706 70548
4531 51547
994 37100
24042 44651
47494 70372
36033 68831
43403 74340
70048 84084
35187 81228
38729 48217
62698 71519
3718 23663
13934 36619
43374 79821
54174 83939
53564 92633
39722 87977
36195 46855
30279 94820
818 22714
13484 59266
41090 43003
1160 22240
46200 51288
23783 46823
45772 79392
18682 88226
67270 69834
31750 59291
72969 79803
8295 51774
57076 63436
60057 71445
42362 47811
4959 63579
5544 71273
1623 51948
34497 51543
25116 29645
2872 17526
38101 69322
477 33885
37689 71564
14277 51806
51674 95063
8091 37289
16710 28764
25364 61706
23064 57665
23097 48374
37977 55370
41507 43108
6319 10838
42276 82414
12975 72664
10387 13745
20575 77750
600 24812
44059 62477
8661 41985
36459 51809
34877 43340
66070 93720
16498 68846
43667 68012
17946 19647
30476 33084
69868 85578
18725 77024
12077 47804
20280 83444
36009 95573
11625 42553
24747 28528
77017 91511
35700 83584
38453 78809
9234 59344
20389 24228
4544 58762
24024 46089
5419 49733
49952 87804
24208 42381
28239 61631
16108 79780
386 80505
25282 65363
59565 73242
29136 42790
20310 74517
58799 90463
40846 64877
26064 78754
82355 88658
40561 77976
16890 59615
20237 65265
2184 6000
50362 53513
6368 14164
29904 60487
38410 56338
29363 40823
29245 37624
56824 87875
14145 69690
21593 50655
6113 20291
33568 54391
55418 63506
4150 61810
45587 49594
41202 66884
38239 41807
10256 51650
55148 83263
47570 94141
12482 64580
52740 64477
21984 70024
26941 44374
13717 43321
7684 32804
89528 94516
8047 12677
18548 60032
28008 52458
10668 11729
9179 55381
34163 85883
8963 53401
20379 46321
20810 89572
85284 92083
51570 55515
24888 70653
21805 73829
29907 79383
5050 31238
11387 75419
89385 93980
22669 91306
13397 39875
28032 41572
39347 68438
35556 80283
21576 44249
53986 59146
2467 25011
34412 49331
55 2038
16467 54065
19552 79921
23657 68558
76994 91502
21487 88404
28759 76237
81439 93167
41494 82875
39850 63500
7657 46187
66000 92288
41254 56393
52294 74309
9965 55951
82842 94120
77399 93431
42004 44761
27382 40388
25424 94422
17397 32021
20130 49650
31121 95312
33694 36667
11429 20104
14350 67102
33230 77923
3859 30476
9588 77944
28262 77684
68769 70242
2345 20887
4763 86639
40130 53131
37410 48494
1842 32930
17475 45735
16793 35474
17546 78728
9653 29215
21898 33289
52526 53302
25086 75312
23892 71996
68428 94727
16677 40706
40338 55703
32408 87639
25755 41655
10763 53216
8299 39368
26341 44605
51759 72177
48674 64784
58624 67188
69204 94012
17936 82357
67742 80018
12316 55220
74240 89404
22559 34908
23124 94337
23302 37709
10835 88551
89049 90609
47167 77993
28903 74723
8364 12232
10304 57156
41988 51892
17986 51148
32844 56884
38569 85640
31406 41530
37852 88459
25797 69976
82338 94396
3095 77688
27494 32660
13488 58748
5125 9062
27312 80495
14495 71843
39629 73682
40408 53650
25372 75043
68125 95103
51973 89060
17138 25872
37507 75889
87256 88094
10641 13995
5989 46844
25536 65675
350 29356
20794 86196
8737 28176
46182 89643
34800 89119
57446 88789
51734 60904
44715 74743
59983 91817
74993 84140
19082 71100
50443 82767
33742 76444
24897 29584
12425 16781
63081 67252
35419 67196
40711 83847
13476 65981
32567 33683
26133 77525
64354 83120
7602 69813
10228 36451
46188 56785
35985 86610
9000 82897
36204 58279
44237 58012
27062 47178
35390 51631
15278 95299
1794 36948
16343 84841
3290 31279
41251 53182
42925 72280
45815 63593
18074 53326
40287 43972
46192 54537
3662 22308
32899 72256
29108 62759
59692 95160
33013 93723
13035 39528
30416 37347
52111 57675
5345 86522
54334 92489
38857 76421
36397 40640
46900 66828
25649 34072
33073 82479
21060 68934
29993 89166
65476 78684
70001 91339
61515 80816
4023 74509
25110 65106
53947 87525
38299 70587
35057 42357
52919 69085
10472 80774
31362 83697
18048 68234
41439 54814
8428 85967
86717 93729
47162 71621
23959 47644
25633 61670
20094 58878
14899 51006
43476 83356
4162 24315
40480 45166
29497 82761
48663 53263
25438 79786
25609 33149
2275 55619
34777 40285
8324 18236
11311 11360
39753 52568
9427 66108
1788 71256
9860 83537
5276 18000
12411 49154
12231 91155
40629 74661
11103 21742
30451 81450
5905 67879
14862 80259
39452 47174
83059 94142
72526 74703
18436 32539
70696 89891
4555 81668
27512 62032
78630 85850
7053 65875
21887 49279
59723 75601
24767 81387
5244 29199
51078 59767
34401 45960
21156 24566
13861 59242
21090 80024
33800 54543
32297 90571
4444 87478
67362 75236
16493 23146
19267 37378
23236 86885
2459 80361
31995 41928
49759 75325
33567 58774
455 18266
56495 57904
18788 35589
23906 73744
56721 84964
36024 65336
27920 59531
11362 39610
4949 45485
21725 58960
10882 36516
39365 56218
75765 95539
47307 93707
1258 42114
21250 25402
5013 18320
8209 63699
77511 87063
47880 56962
72320 78137
17139 22895
31032 88032
16053 81991
45966 66969
54059 55877
35692 83533
24155 79331
13788 31473
66207 94798
79843 91016
16229 17554
38415 56194
34074 49262
33624 92601
33355 92008
32654 75525
62061 79550
30860 78760
18795 53673
1322 92329
27450 81440
1492 2854
53312 61213
49579 92232
31844 69384
7749 42650
5009 53763
62591 66906
47293 66270
18249 46686
39707 51201
11559 82336
28207 46964
29958 41186
36230 56152
13363 70997
882 90455
11970 73951
51511 63422
17308 80948
25230 47676
45551 56379
57754 88296
48928 83512
30183 81487
14648 83572
377 75423
53197 56706
23434 52207
8965 12434
47268 79624
28409 50210
25215 58581
8459 44668
49810 50576
42945 70151
86231 87396
70164 82263
27886 43993
9506 72894
26548 66648
57817 59936
66536 67240
84668 85664
37286 46595
1611 95315
49670 79987
48918 50758
43554 50653
12512 69032
7769 56429
42204 71664
78673 91799
22697 93060
28918 55161
24235 72235
69415 84358
38400 89217
23396 44857
51112 67467
58681 73432
16271 56628
59763 90545
24296 64776
32762 72827
868 84536
75637 90497
36239 57878
11580 49384
37506 77771
17220 46696
32793 62723
11429 71253
47549 82697
30114 85464
74138 83620
66511 68460
49406 51756
20496 76464
22942 70779
66182 67309
79822 90517
2141 80413
32752 88870
27923 44875
21767 80124
33671 34587
43842 49634
24862 40481
15989 35267
55376 73506
67736 72406
19572 26356
61529 72815
73499 78098
65202 70995
13653 43020
12323 68085
23957 61564
14390 94071
3106 41707
38553 42024
17100 94178
37087 73754
11269 34878
40546 53209
18173 95369
47676 63865
73166 73902
44975 69233
42273 90581
13008 38135
53658 93050
68847 84513
5084 52052
46190 48037
31081 54702
9088 67912
6176 55227
1708 12915
63134 83043
6059 10112
14818 82707
49333 87466
12828 28794
60488 81356
41476 87473
48321 82745
58831 77624
37277 64156
33855 83818
47202 86752
35497 36638
401 79420
15706 92588
48477 94124
4059 24393
31001 93138
39893 54396
30299 72637
48302 68449
3589 57136
2416 60031
42988 91314
25485 58070
59134 86454
36418 80792
3648 61626
67166 88216
21259 62273
2708 77632
22224 63826
85541 88480
71894 74255
9554 41193
37247 72480
28319 50085
58045 80616
19060 88981
63597 68226
40063 67014
55082 84356
78864 93725
74329 77662
86146 87902
14186 49004
33930 91434
57132 85302
31186 71667
1599 32464
65008 88079
5241 88689
24570 79630
74648 92095
62112 68102
37349 39823
30665 86019
39866 81597
38457 84107
68567 94140
33149 87052
79223 84069
12906 79973
28041 30792
48030 58921
10831 86850
27761 67851
5096 15934
37745 94068
11593 70196
68334 75420
28052 45367
36463 69726
2910 43592
38303 79605
23980 55508
1099 90243
22397 24621
19417 93391
40125 48998
47296 82147
61007 90895
5829 47206
26835 48126
52166 78715
30065 70315
67321 79079
19233 71621
51279 57915
33878 73592
358 27718
29108 84844
26961 32315
16673 75081
51810 81025
11660 94104
37199 82818
41022 86648
6223 20995
12756 30433
64640 67528
62066 80537
13057 18540
34753 49686
89241 95164
13141 22280
39883 93697
2699 24197
43165 87509
10245 81785
6491 15788
63693 75716
16132 52415
55313 76656
9097 11810
42903 58201
59772 84635
25660 51835
24530 82398
6243 33717
1217 59472
249 56644
2610 34531
20417 49799
27316 55127
17783 55383
47859 54746
39608 51195
8358 72541
13740 74271
48834 53400
74039 74928
9755 73710
16525 36985
17370 93969
4790 31414
16385 84937
12043 43469
61471 87982
31939 38420
49005 66737
18897 60717
12766 92217
68383 87528
28875 42609
18355 93544
15582 22541
56946 62695
2938 28835
12776 49755
49475 86721
61667 66402
1776 16924
10697 64431
19098 79241
73215 86691
22080 38101
42336 61807
10950 93434
37004 48454
56270 65495
65930 81027
22383 68552
27391 39666
28558 82284
53023 78250
79829 88638
28679 58829
18199 70332
22309 31859
63358 63361
15483 36878
16136 41961
74755 82690
25456 73236
9426 17051
26212 62168
54500 70123
11667 31989
8703 16127
8759 44794
2736 29550
47745 64562
5047 72270
39731 90018
66386 87756
72243 80379
13270 80682
11571 79974
7097 92303
31342 87822
24833 67122
25638 92623
17840 54800
35190 58124
31840 37408
63820 79256
8514 27548
7486 76692
43459 63833
12147 75721
20827 24569
51185 59346
16759 25416
90720 92468
30162 40856
81784 94636
24761 94669
60665 81537
40520 80203
50974 63904
62809 70546
50710 76566
1583 16664
7340 66947
24378 85458
18976 46264
1961 95509
13287 59043
20380 50369
69073 73359
17579 88546
17343 89935
28713 53134
52102 79107
8644 71052
49904 80644
12882 69324
10036 82176
57808 89624
5735 51659
36274 63790
56616 79197
3129 76091
16289 70380
78508 80978
24404 76425
17342 44562
8710 61716
11482 74229
55641 70537
20444 36198
15759 52313
21143 78829
29628 80866
26991 67193
12428 72501
29817 87577
19566 54483
47900 78362
12565 17919
11006 63545
51349 66399
653 83164
10795 75293
28430 49556
40454 70712
79895 87573
22503 25689
60709 87682
68515 79304
45875 81840
34557 46295
27189 31892
30718 70991
37855 55532
26945 43459
58431 93012
10840 55277
10138 36632
2244 56159
65391 88852
33358 44236
43962 88692
578 65451
12189 66781
16190 82112
51919 87363
1207 38319
40481 46710
28073 31433
8238 58837
5212 28729
75624 84924
49358 83770
71955 89587
57817 75990
22042 42325
8627 84735
18195 91314
53307 54010
3845 86251
51502 85670
16163 83310
64498 87022
45870 49169
89031 89851
37343 56942
26132 64291
3090 79749
43114 63819
18458 66589
42222 53668
53803 85368
11395 11452
18159 39046
20748 94605
131 6753
16537 67715
37870 84193
41818 56429
78608 83369
27271 85246
13420 32561
36909 80664
31301 68202
1677 31818
64972 87080
9976 47392
3381 48211
18859 19221
60880 95326
43013 45424
922 8922
4698 22224
73820 94307
4161 25662
4617 21276
5663 46225
117 14547
9978 30556
18019 61557
77613 79167
37837 48882
29157 69915
5649 47900
70894 94872
57068 84745
28050 50541
21763 69110
10914 23609
85152 85202
52626 72205
66936 94672
15791 57239
34135 57306
14286 53627
16377 88354
93945 94526
29052 38480
12408 74736
47113 90938
62287 82361
32720 41428
49219 71423
75809 79328
64218 88458
13193 94481
41965 70235
54106 78205
45675 81353
18575 59930
19127 66051
3982 86770
32050 84362
18413 92220
8839 47499
31597 32106
21862 93974
10139 29497
73491 83416
32383 40960
16928 21593
23388 63562
3378 78825
12166 24598
34794 41135
11292 65275
6208 35592
27507 55086
49946 80293
13588 71226
31095 90127
25149 81508
83705 95167
9552 39556
1109 19584
49897 63365
41094 42774
15362 18773
34956 48698
75239 82164
21442 36803
48528 70393
701 10795
11968 76177
57172 77548
57786 92982
73462 82252
5256 90464
217 63665
17101 59767
9016 79101
6832 43840
38958 80635
47705 87231
49282 93572
37371 59891
46991 88220
10846 41331
10415 55943
7408 71490
932 84478
50728 57085
2001 6143
41747 76848
83033 94807
68272 93816
37680 86026
27384 48050
18304 73206
21280 80856
22652 27248
62027 63868
15627 51129
17278 83392
17388 82992
43652 57699
12891 24775
44336 91782
28707 70423
13095 80499
22010 66469
9730 46516
76768 86034
42461 47640
28343 56368
27244 33853
46864 94085
60688 64144
29270 38639
46959 51861
9776 79583
13396 35873
5761 34015
25621 66189
27429 28067
43539 51956
66023 66234
3922 65476
31451 33825
74562 87208
46488 86621
49828 72089
79357 79926
17293 32104
9119 67139
23704 88479
46732 66447
17586 56505
11165 24257
11449 46163
66832 71317
1190 88836
23936 92770
7413 27508
62734 77029
75868 94427
49562 76783
20087 43252
13788 87537
5704 43532
5954 71089
44961 92628
31792 49668
64876 79211
70823 77318
8863 33091
45246 46879
59055 67912
27767 92716
31473 51598
72396 89729
32091 80499
59708 85908
81533 95158
8054 74497
54603 74546
538 35281
23410 75753
55692 79283
7476 11249
40282 62947
39102 52757
17982 72135
37630 81407
40382 94020
34777 72617
11800 89341
3076 22110
3635 15246
50082 78738
24830 95221
35355 78040
45309 92074
36793 48742
5674 45929
68909 95349
17952 95518
56609 88051
54012 70073
73540 84724
50504 56347
19367 55702
11365 64091
67969 81791
36633 37610
40889 65271
33695 87792
29073 30826
30722 76820
48206 64074
37893 83659
9218 31665
28184 36221
22694 93876
35226 50987
36184 53614
1527 4159
188 17993
16094 20867
25956 95014
15118 16172
19615 92340
57391 59781
60828 78877
18422 48321
48617 53209
1721 42415
7956 48044
34995 89964
62405 64629
58000 93733
21745 72144
28317 95502
10256 94884
257 47266
49616 51311
30931 48870
54049 92299
11716 82137
4177 58384
18122 30701
38661 66561
59767 76828
14536 36779
46314 72142
42316 79100
39994 53766
65108 86891
2406 2750
37210 61225
32942 69646
4875 52204
42357 46320
50468 79183
44110 49070
59759 78339
28123 72992
37619 48557
40873 50355
39440 62950
793 64424
55752 80230
33178 38541
14354 93057
76816 79287
32553 56387
34455 92078
28229 46253
24352 92085
26112 81463
45427 66883
71760 82698
51790 84837
60503 77156
1711 11307
1707 59682
56334 68924
8112 9948
72710 78237
10372 37863
3381 15178
55873 90111
31058 87378
28755 74386
61192 69344
11458 57433
28469 95582
27235 32738
59791 83831
34238 91243
21642 39547
20582 73341
4093 12889
18582 93294
37756 92155
54456 81060
11230 34365
62893 72190
18828 35438
23266 93759
20472 46503
17425 22591
87077 87836
61445 80201
57422 60102
18358 75382
61961 82283
19631 36194
30636 85787
1953 55988
41638 42667
23321 42283
21138 62223
72497 88931
18533 69910
27039 35173
50715 92799
41547 94021
53344 57847
38398 57777
3410 43100
49155 86430
64610 91932
40095 90711
31363 84558
11934 33618
36139 88713
37144 66100
7011 85467
2305 21843
17334 22236
13503 82169
63302 68676
31411 85564
13179 48833
24180 94886
36565 62687
36324 74973
57201 79767
44666 74596
3626 53166
3745 34893
2084 78213
58725 66691
3919 57797
22188 72209
3744 49514
9732 14629
35011 56791
9861 50858
7399 48350
2894 47091
11146 69596
49247 64042
64058 89774
22027 79435
37694 50636
13631 70104
9956 81179
4070 54782
32798 56171
70420 90992
17247 59377
11592 86340
57347 61034
32721 79885
71863 87663
16352 33890
17649 80966
20221 64183
69572 76984
15169 69230
48953 50721
40799 90912
44521 63016
85524 94841
31727 91239
65777 89764
3957 64782
25479 25869
47246 82164
39648 67335
1179 31222
6425 76171
14757 38725
25620 87939
59596 62535
74178 82354
14842 38259
42527 94339
49775 71119
11673 63562
79182 88412
16207 77206
14804 95562
24428 52509
14600 69737
96 62694
4232 44656
35229 53811
41574 71566
4233 17174
42803 65819
30848 67596
41464 94004
75438 95438
52206 73285
5125 64143
81691 94045
51026 64495
4422 41353
46171 67920
287 46474
2382 26303
24281 42195
41520 74174
14361 23540
33436 90047
22536 78063
7830 24694
48436 80420
1926 79974
22405 64261
8471 81531
49428 70385
8782 94143
15479 58260
21068 94612
51352 78882
57233 77386
63671 73882
22496 50433
23331 90913
89032 93358
44811 57045
72049 79395
44414 84146
19361 54434
18257 28278
37914 59981
1662 61534
27525 77718
52627 62192
50087 65248
52089 91458
72986 84032
6631 64414
54182 64128
49005 77433
40983 52615
10670 94427
30783 90244
25408 53683
12945 89948
22709 91652
53528 82676
6452 25456
51217 77532
49537 53465
22821 57298
52510 59581
16298 38828
47557 79557
60281 77205
25343 33709
8806 25663
16782 36069
12531 84235
49046 55724
70334 87646
25856 81819
76608 77762
59852 89627
30011 71744
35060 41269
35039 83071
42050 44264
46010 62974
8943 15374
19207 74082
27124 77280
21567 39785
13820 48939
73659 85323
21097 79915
12469 81544
15600 53571
36917 61430
35082 85098
8313 57714
47978 88308
18412 71391
13783 70259
5542 32594
33161 93902
61984 63205
20260 76050
44095 64185
33643 91179
29436 51028
35203 64967
7743 80427
70619 84534
47053 76972
14297 77038
59164 62345
55333 92565
32851 62685
22023 93583
6117 35649
8232 17841
27730 38897
69636 79034
61836 81392
42070 85419
16825 21406
75367 75425
10492 15328
27359 74072
17904 32575
19140 61583
47367 53148
4638 81487
2331 26840
3124 3957
34666 39856
32904 55971
24200 33013
15049 66719
13305 95087
53695 71609
2382 68153
14311 40508
1773 87283
24156 78858
50746 92589
85199 95284
4303 28189
33250 71718
7865 86223
50009 76879
32505 95209
44059 62027
26862 29488
7664 71883
15043 17516
58822 90590
53635 76928
5876 7064
56613 78874
34806 75566
5880 40255
17711 60896
2708 61472
10510 81406
70053 70427
18804 65133
77926 88185
37387 73986
3472 28075
37611 78364
27626 36385
40373 63852
29895 46029
26309 48029
35943 81512
22606 91304
9392 10339
48671 60226
33607 55662
66444 85895
56376 79951
8084 57733
39460 60139
5448 85948
55624 73994
5625 14645
7775 91294
48935 92185
8477 64206
52256 87835
74455 78146
27796 74072
36282 62612
6790 57648
45051 88832
58928 63987
3745 86032
3262 27942
27052 49837
22131 85480
46574 51298
73751 76312
66991 92135
73694 94646
40864 78971
84797 94414
17081 93165
35815 85827
8588 18727
48530 90936
25968 88163
67604 94145
49424 70676
29216 68830
30837 74293
35795 70027
49801 72279
58616 84216
49009 70686
21449 24205
54275 87630
3552 9532
63082 73269
36953 64397
35092 82588
8441 38643
36047 75621
61928 79084
95050 95523
85234 93743
25593 60376
13801 64625
48010 70728
4671 12579
52942 92120
52735 72867
9929 39525
25641 57526
21464 61818
37602 47255
15473 57433
34295 60950
13103 88744
53261 79395
24251 71686
69794 85069
15937 75218
21245 74048
11498 91724
22317 58107
7250 31637
28492 65895
66485 74079
2913 80029
29008 90000
28817 33174
13047 67281
21456 45944
24075 51489
2149 67697
7524 13654
10663 91648
5286 56978
74106 93530
18794 31788
10888 37939
29891 73808
16122 36918
16698 48446
1036 74399
4135 20098
5952 45196
13014 45117
16919 37810
4578 13186
20336 53855
8980 81549
43951 53240
3028 8616
23536 27787
9240 81849
40703 59356
73424 91212
2085 22343
36884 76996
14878 34495
17653 34081
6679 44308
47341 62512
9296 15801
14313 41691
18775 92378
59359 86634
33198 81732
17150 39634
3453 53098
11008 77342
72076 88371
15420 19204
62270 81083
16031 35418
60708 70399
56412 79019
52781 80588
33094 86479
12699 86762
21644 89995
78682 81775
63753 88422
3644 81470
24772 57346
17269 56407
52975 90704
45561 93955
8273 43286
29009 75642
56908 63476
11742 58052
5819 72489
52814 85343
67756 95660
54710 57913
44919 68252
368 72716
6480 22821
440 58847
29856 47807
34653 79151
28474 70924
29129 51551
2675 65363
53027 63025
22823 95498
45445 83815
3154 43859
63117 92647
51088 83824
45290 51527
30261 35444
24682 32132
6399 29878
9347 48139
16895 28407
58119 93517
48639 51651
2037 81103
54313 54591
42670 92583
9547 93277
27354 76838
29049 76099
83828 88965
84457 86554
819 44698
14972 88326
8957 82705
3782 33154
15800 58388
40755 60599
24199 42508
34566 56744
60632 79085
22182 85877
88382 88702
40536 69390
15817 49105
35968 59001
22079 65306
1120 58049
11956 66224
21378 45681
61293 92710
209 1673
3325 41376
52227 89717
51166 78282
18088 67204
3472 83983
46787 62620
13535 13783
60712 71594
7767 64951
10597 57377
32621 66084
17874 46754
21281 27470
42221 62354
42334 82890
83265 92673
18782 76747
22039 43390
12713 94597
39342 70493
28766 37826
69869 92963
13772 87284
50178 69670
6465 28123
72354 77851
14684 23991
42376 60876
28587 64009
26252 47224
62614 89768
74339 88939
36256 48741
8320 70412
6036 13338
55372 79791
21156 26320
38071 45333
8229 8962
49401 95306
42426 73051
28017 46207
15667 36553
15263 72892
69638 83913
36096 62302
63067 83751
28837 44886
13729 72484
28568 85651
11427 49199
3740 34942
66688 72468
28531 48310
38518 94718
11016 56623
37789 89500
3753 49981
73737 83131
21824 23106
90984 95090
9619 92669
37621 56802
51581 75376
671 69033
75137 81136
31504 61636
26868 36415
48424 83967
1553 21082
56665 79140
39401 83162
12713 54261
30430 69345
33874 53999
30847 82499
9650 80014
47493 75116
21294 48988
67097 87436
33503 65123
161 45179
79540 86751
89568 93598
41292 87286
41714 47675
34674 52145
28173 77693
39486 61615
20164 95582
12117 69544
10719 40502
71394 80972
38375 72734
8682 37055
23252 79860
25824 63976
56127 83732
37227 83509
33752 85956
59413 77286
12514 39322
13225 89546
5693 50372
31948 52981
11592 92702
27979 49902
35741 39710
2632 81477
49891 91112
39208 46897
5743 11410
48622 63366
66988 84153
338 13470
74098 87821
18598 70176
51338 51640
14952 17482
12677 64220
10935 83671
57388 84995
48843 56332
30108 77970
14724 69756
45048 91993
72695 75919
9433 31284
52427 78277
64731 91854
55543 71826
2387 76266
10875 33440
7542 56358
23661 78143
52712 90893
37582 87636
21980 64726
15721 92545
36199 74575
34392 79107
27666 54431
17758 28751
64747 74461
60478 88398
85084 88219
43682 79078
74585 88531
60061 88414
24282 83990
18575 25895
18362 77708
32596 37230
20697 78589
20224 61260
24440 72199
26518 34574
60626 77133
37177 69150
70358 92403
4092 76800
840 33960
6233 88819
14341 58953
80018 87203
9054 18339
15388 89729
54078 87540
58908 77537
10455 31485
36130 37794
8767 18001
21335 64461
5696 36172
40891 78276
22641 76951
3748 83092
61184 65029
70652 88940
50065 55848
15565 34197
37387 79998
22422 67884
11003 47015
15041 21146
36632 59392
22510 67349
60434 74447
18583 35133
28899 40568
76028 83951
72257 87062
31002 69854
4112 87572
27460 77074
22155 77893
55505 80786
48982 73291
35065 67348
1116 39689
1500 86547
75929 89780
2408 41409
8835 28895
12978 52614
48064 66346
15767 87131
6839 73994
47780 58921
61352 65688
4393 73134
23760 81502
9263 79397
17864 90815
34072 62473
49292 91997
25863 77378
11119 90868
6034 10159
61373 62108
6064 15706
12669 34538
6464 78948
6952 72103
25531 76531
24016 53917
8396 53970
51959 63609
44313 82844
45654 93380
42038 54325
69795 72301
47987 83472
69652 88127
3805 95638
56620 68002
3420 78161
13283 36369
5166 43857
15348 51213
57697 91248
84645 90475
53029 91279
20079 73695
4578 9353
62219 71477
28051 61604
84290 89958
43368 54047
46757 55494
50669 59439
67587 81214
73562 85057
48935 92140
44360 71558
8275 62578
6238 29789
23575 88476
5308 50364
37596 61484
15831 87224
46662 59353
7325 60594
14403 53378
7819 69251
27893 56744
18415 27116
3201 86330
38199 94418
48616 93987
57206 85657
22645 93230
8645 67555
9143 16634
42405 66312
47022 91764
6436 30765
63421 73325
9195 82622
54155 94350
425 32080
20488 40842
17488 38341
1825 60587
8852 20930
35874 77406
10069 84880
8665 75215
18947 41241
60778 85440
38402 71352
66184 74746
14234 59302
3303 53243
36364 65255
81375 91125
2136 54665
73508 80012
20942 22187
7385 11349
25968 76724
27644 54422
41750 80155
30085 54618
12350 88459
65072 76185
22290 69303
15362 84081
31691 84936
4558 89888
6849 84756
13032 46530
13542 92660
32066 75959
69102 91775
40022 65971
3241 43178
50456 50617
21456 50441
30386 77411
24408 65369
28830 74730
30166 63742
30239 79500
3802 40756
22373 87000
28415 37338
62010 63897
69486 82092
17329 82104
3433 33295
26450 79534
88289 95538
55887 77230
8928 36828
16002 93356
27065 85004
51604 52375
9607 94874
49038 63074
33704 78743
40161 43191
54913 92096
3418 21115
11647 21498
7334 40963
38082 64667
3150 36305
34162 60853
18646 92380
60793 65010
9966 49328
35879 52645
22244 81287
80962 86208
75179 86537
29002 31863
5430 25093
40856 43866
83352 95420
19576 87574
61339 87958
62717 83243
53698 66289
65463 83500
14726 26483
7395 80591
29445 66336
67 89542
62217 93026
20227 81930
72868 91117
21328 41736
19814 52789
17818 76141
21018 65355
5862 29671
74283 91986
51225 62272
13299 23454
24900 40893
14833 47473
74378 90180
33765 68785
63219 92010
74525 84964
45066 94957
18067 86972
4346 13019
423 2047
31584 84972
39010 39906
10196 45146
38691 44898
19711 90311
29085 94551
8230 55583
15983 24333
60163 65312
10765 89549
39282 54673
13088 92148
3124 18359
28488 62237
82654 83827
15148 23478
7461 9888
10387 40001
27888 56701
78770 88693
64718 79812
19048 95470
44732 82252
29650 33714
33123 73911
17336 35507
25028 36482
26358 53722
47016 93277
57646 90432
10207 13050
4883 68468
59731 94653
35347 89077
74989 95368
53780 91872
10806 87082
4902 69289
5312 40587
22772 90481
20257 42807
15365 81584
1381 23461
18906 34709
80744 92403
21640 71649
2881 35199
43192 67164
3157 6505
35290 88433
15744 51794
4812 10655
54225 56618
8524 19807
53465 93430
42054 55305
24069 30972
70607 95566
64004 80716
4433 56987
5105 66727
52844 85167
3583 51584
38326 44986
2776 8954
25662 89124
15301 69617
19219 80058
2992 44022
33440 35906
46220 95674
12919 46549
4406 85268
31060 56368
8414 52252
20310 74639
57583 74866
15846 38574
7016 68056
15528 82271
5943 15289
25596 76557
60050 77649
54132 68955
31214 37908
13709 50283
34667 50826
56570 62012
62561 90057
5206 94419
23012 39618
13605 19023
36864 57425
50757 85250
44787 80476
69818 90071
63478 65772
84325 91311
24101 64994
42682 52332
8678 60847
30958 90728
39168 78794
1592 59905
50658 85068
2162 55938
50764 53346
25129 64073
78883 95108
13535 90176
68224 87475
48167 71756
47722 72683
73915 83279
69100 76625
32612 57584
799 75709
49906 54270
45585 89735
31433 79710
36746 82828
22322 64067
28497 55486
34720 51760
26175 94713
28269 41074
14685 83553
25334 71522
6984 45331
27567 57580
32464 52762
8140 40944
68471 91868
46911 95069
16110 17497
51884 55633
22802 72564
38247 88396
7544 66700
37946 82050
9926 63410
56372 79319
61788 66586
53160 79319
12033 73100
14337 63284
1678 62644
37664 84094
57404 90907
82552 91016
2440 9475
62668 83520
48004 77594
28699 39253
10498 60640
37031 61306
72812 90945
31744 33944
46035 76943
59152 67935
84378 95686
18118 29555
27261 47523
54694 72008
27827 89754
39737 66928
27337 50492
12334 63094
76116 84495
21352 25627
16786 38414
51381 95596
34682 38456
44902 79532
4750 84317
26152 78244
17499 43643
22323 83688
41245 82357
17909 19077
28044 73354
12388 30131
17173 29579
86261 90241
70632 92290
15219 91404
24662 36171
32971 70666
15888 52857
3282 14387
1937 55819
42330 79795
37351 55697
61359 87472
40803 42127
24328 40622
4425 23530
54122 93003
21477 90107
40586 45377
69830 79683
11982 53483
3907 8595
34 55020
14920 50074
39712 82225
489 57425
53911 84113
26776 42761
6917 16791
22100 76955
16960 54599
25993 81209
55169 85671
26751 89935
64712 93180
12374 48893
12520 57245
27484 56947
75923 95228
656 72568
6335 77585
32084 59089
38163 54536
31739 51383
11326 76502
3635 29115
53922 73725
5194 6722
85583 88373
81114 94291
13733 93931
43901 80122
82748 89487
43215 52604
45400 85895
81 43933
3182 15772
11699 31999
4961 5749
43809 93173
7121 27757
12177 58470
25936 34012
40854 77355
8338 24046
60038 92853
72853 80797
8933 89872
34893 55985
27749 51728
65394 90620
27644 65831
84480 90120
27133 79055
2763 88165
38016 38508
72052 93683
73106 83057
10953 86149
7405 40608
18281 41450
46397 89360
46874 62523
15030 65409
16338 46623
3721 77027
5463 38259
30313 62998
46659 64411
36304 61874
79965 80857
27092 50924
50422 64268
82957 91122
2847 74653
13637 60490
7090 31045
27185 42769
29760 80889
11929 27903
17558 82910
23480 34301
25126 74586
56535 70909
10674 38286
379 8024
21912 92720
33230 73336
91247 95231
22659 80650
84155 87466
15546 28667
29844 87444
28862 38673
5709 6158
19207 93776
50485 84251
54114 67063
10293 55166
11873 87132
59620 79756
23705 33967
40213 93948
20613 25989
11410 62329
32119 52961
6525 8869
3929 79847
4147 39213
49521 80622
23853 83275
44414 57022
9860 10807
13485 49802
60797 84931
19028 89477
46915 51113
12070 87812
60363 85088
80406 88345
20189 54897
73260 83626
15435 71178
43110 94871
56953 77123
31219 83901
49260 60027
26361 95226
23961 73310
12124 81789
22271 55424
32425 74532
6868 71353
54035 81918
43823 78664
83930 95321
9615 75508
50050 93376
1855 58089
54153 78559
11835 53173
26079 81004
17079 43456
67122 94232
55244 90418
52439 91161
8257 71801
53285 77817
34312 91942
60484 94836
21783 68148
13876 69735
65377 86295
46653 92171
33180 36666
957 4739
69449 72126
28888 31941
63700 94738
23777 24889
53375 53745
19634 32400
53077 70733
42534 59128
12840 36028
60403 61309
16454 83690
80117 94169
35545 73994
55797 59491
5970 86367
64115 73220
75167 92093
21947 62963
68939 74462
22996 80641
2611 78801
2160 68331
15678 29291
20053 57605
50348 56773
8168 80396
73429 86244
88598 90500
17745 80151
23791 72679
3655 32650
16640 60919
64498 81721
78662 91107
7447 10326
31657 48299
47144 76704
26624 52627
2346 67039
85394 91079
34773 73190
6694 94862
74907 87534
70277 73440
55021 88212
29042 77270
22872 93884
22683 77518
33182 84054
38275 85316
4342 64150
41117 48730
55318 62719
18015 76091
36208 70684
55387 62414
4994 58073
14466 73194
18952 94056
55907 88590
20460 55247
33950 47159
10209 50930
25708 61082
75222 92751
24733 84126
1146 37776
11660 53922
41629 65865
48211 92294
12288 32098
82655 89138
9550 91192
46793 56378
1749 5998
48812 74858
50663 69022
39435 70845
66894 88659
17108 61228
47531 73949
19485 38702
27362 70053
51814 93259
15008 68434
58030 71295
11942 32744
18655 79108
20178 27733
48852 61486
25514 92822
26265 88818
62106 82360
27048 74339
31445 44437
8902 26478
19458 78390
45029 84863
54415 74932
22022 37398
71042 91333
13743 39272
875 56787
35710 94204
2849 89597
32219 86377
6126 8744
6671 36873
87559 94823
28031 74026
33120 74490
27682 72162
82848 90589
9008 68361
12074 19861
22744 90046
58741 85998
30257 79400
31570 36121
11187 60599
19163 75654
51389 89127
12981 28878
35587 65103
32309 62637
14274 32448
21109 45032
76537 92890
85030 92023
55647 60139
6600 79519
10208 37184
22402 87887
46177 83376
65646 83126
1443 57427
61330 65161
1412 8739
21426 42094
271 26007
5157 43331
28234 70035
12909 34964
15192 53438
16935 72094
17484 83208
55772 60529
9406 86309
27647 53128
14066 71436
587 12608
26896 36591
37939 73061
66356 86732
30262 31297
4825 69574
12914 92890
25409 62072
51616 71041
21913 68870
6472 24207
38781 89312
10390 71681
17585 41200
58242 63753
42638 66081
31324 36132
31883 48819
935 82631
43725 87400
1783 66872
68321 77199
24035 61012
6982 25947
57880 74420
52202 69723
4358 11160
18645 45049
48660 69776
3466 74139
57581 64293
6540 20142
14457 37367
14183 50034
4144 39356
57908 82157
44930 66429
8884 18014
29132 60199
17331 18808
15534 75163
27203 41103
14074 37963
12101 27757
22400 56497
15308 46678
7988 51441
14160 71875
34605 47666
23196 47057
60140 76322
36068 50795
15323 49588
9978 32207
20146 46814
41024 64785
15015 55875
64371 89095
25932 40221
33023 74312
40086 47785
2210 25260
70452 90882
31902 61188
132 7777
65359 87337
28334 72296
44358 51240
28426 47857
1875 74488
5963 21895
79055 91650
5420 20056
40814 70805
8654 72747
48012 63139
77200 87503
4512 30374
27809 80349
23015 49975
17055 72444
71580 83037
32371 53236
28071 73716
31125 48033
19419 30893
36813 91626
8359 18165
18604 70201
69825 85943
61071 73520
14487 32287
18853 56185
21194 93340
22700 36067
7603 92281
3574 30144
24187 94339
65101 71260
15622 34381
26246 28832
39122 72784
38178 45187
56742 81766
3554 82920
11608 94134
1642 62291
3438 88635
76393 81032
65192 83881
3225 47633
614 39603
49601 72125
9974 37252
42193 70491
15276 74944
33527 58001
39467 63069
29083 95119
11447 82118
46318 69342
23346 49332
16809 18792
4145 84640
28765 40361
8999 45139
36121 59157
7467 91757
9728 49638
11118 71530
16049 43403
45936 70284
5828 94762
4130 51247
25902 46704
51350 95562
2113 46262
26223 55300
5395 78632
36763 54997
41971 75648
63180 78787
23369 65186
33270 37250
37332 85390
4822 31795
73368 73839
58213 58872
50919 65604
8882 68505
39741 71912
47848 74762
64453 75998
55499 82231
20379 33997
67910 72521
33612 36092
16051 43006
65272 72457
1504 53473
29933 36385
29721 34800
66138 67548
11241 54839
1335 93993
15873 81978
19883 78201
6201 75269
38591 44899
14027 82636
19882 77835
71551 88748
52638 56662
3849 75994
31382 60130
80635 86746
24419 56802
28504 64801
45428 91358
18389 42948
81947 83220
31208 88293
35269 59022
14256 62037
11766 83221
34486 37783
10102 51934
25777 49741
10292 85611
21045 26395
24220 30626
8460 64537
79390 88965
17537 31842
13799 49037
16832 35896
2889 11432
63151 74313
32065 38491
82029 93994
54333 69876
8855 12815
78216 86298
75581 90859
81594 82566
31012 46695
33313 77812
62457 71230
36892 90055
79281 83397
14000 36226
2073 24604
73542 92168
41337 73658
14109 85360
59595 60174
6979 64529
8710 66591
21986 50422
11419 36132
20789 43120
52585 89310
66799 72664
48801 88392
26343 83200
29874 38951
7966 14675
39474 56842
4307 21694
43258 63158
8051 64913
7138 26596
45233 71596
18377 92242
46172 91109
10339 37116
34250 54584
22097 33242
42556 89400
45322 93641
17691 38299
17360 35535
73122 87322
11480 88302
30769 64955
1864 6104
26291 45013
93790 94767
12638 62312
11813 87497
58541 77896
15434 38649
48674 85970
41837 53105
17521 19479
66876 94236
2951 33070
87919 90601
40327 66017
1597 72055
36994 55804
48256 57163
44584 71483
46596 76043
50380 59621
6816 78971
38960 86192
87852 93234
8411 45742
58885 66544
35895 53882
24494 31396
27392 33952
73533 79645
1237 47736
26782 59302
37074 84482
76393 83136
14021 20261
3043 14858
51955 69069
12683 84468
40733 68025
8276 16937
50303 58436
81886 92345
23395 90802
53332 59180
24067 53707
87371 90953
5267 77151
7960 66574
65216 85349
8866 79342
2880 38867
12019 44436
86323 90797
59035 76636
18204 61634
32599 64463
26046 70000
25101 68380
22197 79980
6173 8731
2786 12438
39069 93540
21901 25824
67301 84935
46505 50380
46940 53225
64542 85717
14873 93230
2839 86588
46163 84594
86928 88691
40370 61210
23268 40290
26019 62397
59568 72710
27420 83349
19565 39702
33623 69235
68476 71108
21425 32912
74981 81934
5713 76436
43516 73203
74816 78809
10815 56404
28381 41379
56517 94145
80881 90258
12820 72662
10168 16935
10080 58613
25272 43896
50964 56589
13482 87582
73654 82690
16797 20441
25102 86958
6213 60956
47603 94695
5680 71008
39900 78269
1815 79035
617 28433
7258 52991
34264 80173
40099 46313
52526 88507
39932 89895
22156 58188
10214 67496
47966 53462
12476 94508
28452 46427
60355 85058
43793 54562
16406 54065
8881 15137
38689 39706
16005 44072
33859 56622
30624 72006
57368 87473
33790 56873
24550 88963
49619 93920
12848 76638
14882 60081
25033 60058
28277 58620
26242 46117
40814 77788
22244 37598
25859 39283
6490 62869
17984 72528
66337 81707
34220 46384
34863 92687
69936 79276
10112 26117
47430 92831
24592 79133
38472 75630
87154 89777
40622 69646
92785 93053
30772 95672
22603 81088
44111 50557
66773 93649
59976 94677
18404 59164
9682 30905
37752 89962
66753 88118
54608 59625
64635 73981
22203 42764
3008 35734
17427 36783
53399 55029
3129 21957
11421 43854
16421 17794
8462 83848
15775 64093
47375 58287
14102 19052
66676 67789
14382 52573
23646 89618
54036 89438
25229 36268
36850 87129
18969 24350
32524 53373
32325 66087
43577 67470
20593 95239
21407 52740
15154 74657
27484 31396
58979 92521
9437 80463
57887 71179
11823 30409
35705 85720
5881 83088
21100 52264
29675 46826
8071 10529
50222 93307
19014 83560
11982 83186
50853 70118
33228 90561
39877 51089
71119 82441
73260 89105
25120 82599
54659 78312
2883 65158
31271 53765
29565 87495
42439 71540
36276 67721
1604 10776
12803 28971
31666 35484
65978 74729
4013 8026
43188 88514
50976 66567
51100 91812
38858 88189
24731 68841
54737 94674
66310 78135
18377 90269
43988 86364
49564 91311
7083 35688
13618 86251
11587 93313
66508 73220
11844 91801
3923 86552
33281 89222
77975 83643
35901 93464
5479 73430
38107 84228
52736 67388
37341 47706
23302 83631
38406 83906
30290 51177
18926 59914
14349 54905
57694 76268
41532 78824
61098 73727
7246 87374
49546 70466
44726 95688
15166 45493
23204 86752
13783 88518
20820 81877
43333 82874
60511 78956
34421 40524
30249 85818
8326 26120
65608 70359
4640 25079
180 13353
12561 60622
21610 45793
86209 93692
8658 93016
51104 87716
7623 13308
14003 69036
27172 94831
61048 87184
55517 72508
74991 78177
3082 7989
15458 93215
52689 68925
503 87574
72230 74983
3074 29084
5075 84260
727 93648
78520 86521
42076 85729
58646 88677
86542 92893
3490 69027
4106 42811
24940 85639
38670 51038
17137 48400
33400 81542
23428 53374
5334 13151
68166 77718
20586 64859
51253 77432
6657 30439
16892 69818
36922 79124
52852 79494
51018 81005
26863 38411
7885 95571
11033 74824
25380 73615
29945 54917
21723 27819
21596 43506
36703 79547
52280 84944
36873 93432
53241 87497
23704 27667
25850 40198
4631 84690
30213 74724
38450 92606
34260 43941
7460 46365
40818 64223
4601 29338
6366 40633
18261 38702
56966 88860
17515 84240
59149 90330
5671 93299
17082 22943
51285 86396
14670 84087
56979 62020
35101 89462
20056 45936
29715 95109
25834 87525
45844 53834
88 32593
6764 64177
9031 33798
48081 83925
38255 79660
14880 79484
64357 93851
12846 70270
71804 90863
25363 53470
56745 63304
42180 62696
7098 77481
24649 73279
2636 58638
27681 87416
10057 62251
2279 92331
22042 46574
6903 76493
29962 60619
29781 68931
27119 28621
46230 77172
76983 82079
22543 45913
37525 83070
13273 40639
84090 84574
34866 44981
2302 80437
81966 89384
3694 11944
12209 69649
2711 35142
6771 60085
68447 75769
80551 81743
46459 89053
53372 87283
4462 53102
78372 91751
78952 93028
13868 57367
29453 64676
18049 31531
6550 57945
4851 65496
39004 83248
27936 84583
32899 91948
14823 64757
40772 43496
35473 63335
22555 85736
12021 47282
24641 78491
78333 90469
2904 95129
41931 68219
1998 86446
35098 50667
17152 24517
7343 85836
29202 40047
36132 54659
42653 70723
42550 68680
69303 89562
34558 87646
30352 32593
5119 11329
34509 46501
10250 58498
19555 74958
23373 43088
27080 58974
50429 68199
18262 60007
50633 76094
72502 84156
36631 76834
56168 79781
35804 93053
14296 22132
41831 56964
19835 45605
60262 91260
32497 34278
37487 41139
3327 25060
24177 39057
44659 81324
87473 92197
80456 90729
12002 15265
3839 85153
32401 93465
30447 85363
43702 64941
46396 90915
78975 81682
26978 63644
14430 34713
57205 89662
51564 72557
32012 64347
72286 74924
75029 89565
24968 83354
61349 72246
17188 55824
25486 72116
50053 94833
25195 56453
6855 45121
40579 76253
44219 65451
74046 76092
56427 68228
70194 91113
32120 91849
2499 50676
18648 79142
54002 71149
44724 76560
24005 73118
21815 53784
38656 74153
24068 29987
17004 69764
13903 74692
6265 38938
18119 93180
39256 61155
17695 87048
12895 61541
19441 22905
26747 84325
42403 87017
39454 80302
11978 63033
15794 22505
7126 48009
60516 78215
21532 66976
53930 77635
24761 36190
73391 84817
82065 85287
30900 57818
11369 84054
28585 93131
29261 56577
31518 79570
47861 73406
20704 67662
36084 42801
49762 63689
23245 49943
41113 77677
74027 81444
63709 75834
84765 88498
24248 53972
69869 85327
69426 70527
8190 93397
39754 51900
2140 14492
24779 25636
52021 53396
42848 91938
34528 65260
21037 47801
57806 61170
26697 71785
660 48163
4879 70127
30875 55290
49618 93991
47780 71283
16938 95216
21826 42139
22460 28925
6561 73087
57267 65807
51736 63705
24312 44050
63453 71224
54566 69087
19745 23140
17632 43956
25228 69966
16932 43885
82123 83691
25494 56550
49700 85994
50261 61078
1095 80493
39178 91497
26287 83765
38584 53365
25631 40566
23521 64147
44646 58469
28166 29874
30999 34831
14934 45575
30790 59905
15705 91331
16454 22668
70026 77053
31202 33060
3895 53994
33998 45751
69034 71348
48665 91898
53694 95112
73922 84552
18979 55175
569 13367
13622 32405
47143 51668
4646 51826
1574 15273
39842 80408
37727 56440
14138 48865
45075 77372
57418 65367
61156 77637
54378 81554
4164 61063
14703 40723
34915 36024
53571 94218
7797 13925
40358 85693
60437 84593
54400 82036
11313 20565
330 12666
18147 28525
34126 81745
34719 50612
81473 81801
23003 82379
22136 90540
2780 19972
46972 88190
84539 86028
46323 58580
30166 71062
727 91211
6529 31005
29203 80538
53714 82518
44852 58506
78377 79408
64291 80389
18499 29865
7880 25411
12877 15141
40031 40310
16479 73063
55280 77468
49230 70796
31126 91163
19210 86172
5639 49660
17264 65827
73551 75218
44484 69642
5765 60486
63021 89044
51710 92230
77787 92115
40944 49620
47970 84665
2187 60251
55943 77876
26991 88852
10175 94045
81108 87190
31647 41585
74302 77613
1731 63536
39236 44294
49733 55379
71533 83081
34707 53322
76646 88838
36299 48272
17131 34179
49609 55979
8445 87349
41231 47957
46202 48621
32082 88008
22044 71353
6977 49424
25580 85207
57215 89168
1924 24091
3532 11669
160 31174
69781 78966
51859 87254
35375 76974
4120 23249
864 4674
50355 67110
40635 49996
43369 83200
922 54151
86569 89431
24841 25634
14064 77073
90599 90862
13870 76878
52861 56706
61892 76542
8689 79424
30880 43802
30375 58552
8419 79407
42755 92262
34715 46087
34616 89929
86969 89750
25776 37012
5971 88727
78583 92603
59594 89276
2801 57732
34020 62501
12145 77408
81513 95552
57812 84311
9661 12582
16955 69771
25775 42354
25734 80261
55719 57102
6306 94125
54510 65918
28061 69309
87757 94123
4345 52002
4098 7713
3418 54092
12291 91565
28196 74996
6661 65029
37146 68752
51810 84008
37723 86033
32156 63968
6134 59708
61646 91516
14193 59938
29118 65312
12394 33199
54532 77107
47709 51633
78730 93807
10015 89315
17048 93387
21706 46462
78736 79986
53603 54612
28131 33535
35924 65090
11648 58603
28758 36079
33795 67559
12104 61244
11163 47503
14091 50589
5900 68676
38314 76808
33096 64779
74411 81862
57657 82015
6860 91650
12036 57411
32009 79800
5446 42373
62274 63523
50565 51540
17928 65787
7133 7842
5849 88480
63208 63500
50438 92649
4708 19327
48219 54025
12808 81477
3708 75359
5880 73590
20323 56467
29484 51864
1183 56164
69526 84109
6405 70314
72387 92777
81627 85141
11450 65472
1417 6312
23867 90909
13522 68017
14683 63979
51620 94222
40495 47044
24044 33441
37499 83188
46563 50697
19954 94250
72838 88756
22823 24542
5042 52327
52793 82778
57603 86812
1083 43522
6928 45616
25364 74121
86380 92083
36428 49964
747 37816
13150 94744
66416 89538
36410 93939
27821 31340
25586 38733
5640 84122
48779 92149
47171 71368
1610 83524
65028 82271
44878 76943
45656 84820
9430 14150
17855 69086
991 39449
24599 32612
23466 37089
30669 80145
23164 57830
50521 58514
17395 84303
631 49418
41079 86727
56894 64392
22997 28872
66717 80714
81224 86117
59474 84371
11132 87856
69403 69661
18568 92357
14227 88372
42884 77916
45145 67993
18341 29082
7909 62867
58615 80625
5111 78657
75467 90760
55079 72600
62572 84553
1958 9402
38736 79694
10479 61478
30190 87213
58150 74125
36256 91279
65196 76385
25416 67378
47762 84900
24746 30056
46285 78031
69770 93971
75827 85806
5506 7077
7156 72023
27714 60215
30857 91979
13352 72225
46372 48107
6813 14470
10804 20831
72544 91998
25197 64193
56193 63894
89130 90850
10810 67271
21842 44161
58032 70540
21035 94308
17871 66527
20380 56942
50263 74482
24937 73660
47182 94057
12017 39139
6461 27216
79927 86682
12359 66571
628 41676
36894 81700
29428 89740
27206 29613
4951 67079
36834 82908
11511 62597
55325 70627
30733 80297
76360 90467
52953 70804
77895 85889
44115 88390
39228 73691
2826 5890
9373 82737
38903 62182
3261 83844
20638 77964
68423 91774
62675 73648
46444 74599
53995 80361
12933 19756
3391 60334
41619 54369
85558 94726
41022 55947
49048 93426
76961 92502
75086 84980
17007 17935
80502 85044
14854 32491
11911 90445
8156 52282
38659 45814
35898 86943
32466 85770
19876 77032
18771 52117
2811 4079
29747 71423
25899 29263
38438 57264
56209 81621
25558 81849
4602 59616
20536 43208
61008 94559
29761 78072
82625 86043
19572 25424
57066 65762
57659 77719
6194 23078
51184 65035
1787 52304
17959 65289
62178 78879
64432 92098
11885 32455
29308 55975
46720 57257
24650 27777
19896 90006
49667 79074
23683 65472
82900 92388
46122 68852
64955 90489
12650 81917
23368 43387
12262 22186
9936 12741
1656 31947
52630 54320
42655 63446
19100 48363
21563 24623
12101 27927
12234 52139
29730 81389
82039 90810
17560 59600
13102 33355
9727 36049
75273 85848
47130 83129
5681 58682
16551 69369
42201 73298
18830 88106
27583 91474
49479 87755
55867 69492
563 88818
65061 76475
7825 16882
13374 34449
3385 36563
7093 13226
79336 80483
69520 72650
2212 86299
3273 72460
546 15358
9288 56490
16488 28699
34176 80364
67997 84198
39969 65840
37860 88233
13261 68272
53119 54123
34938 62517
12780 40065
16684 78786
66639 79644
52364 71419
39777 73439
47300 54865
859 41490
15030 28348
27529 82461
22114 93604
35279 87246
15374 38499
19319 55742
64173 86679
43531 47072
79621 82662
14424 45936
77 21788
57392 81246
24072 30160
14378 26063
16120 59484
58308 69089
24091 26958
13509 29784
72368 78826
4164 53654
46275 85797
34627 49523
39810 54760
59555 78346
11859 72119
13988 61614
12376 32271
58903 84949
42485 64412
5339 52423
39780 89995
39958 68517
10984 60717
65068 82956
5410 86073
11245 59847
26005 90394
25240 34464
4706 14113
29111 39387
52999 56874
23690 59888
36404 57515
49463 79138
12621 17721
32337 75816
24097 74858
5675 21293
43262 73919
17516 79607
34536 60837
7684 90918
249 45776
59630 85020
57157 69699
31426 82214
3390 52137
56845 67170
43479 50096
5187 71240
33097 41683
7811 60152
13308 67824
49489 53921
9362 33383
47863 89975
57916 67243
43771 79391
47040 54470
26974 44002
3463 72860
70465 94594
56908 62288
9907 60192
51410 73115
67126 83165
2805 74653
2768 66080
10743 31781
12459 59422
4734 83702
20729 88795
9096 85166
4602 32317
45793 83768
22277 60169
25743 53450
22603 42430
40015 50473
28073 83423
65219 85624
23649 28648
47907 89337
56459 62616
27934 32532
39117 85788
59041 81138
4890 77764
21424 53843
38551 53612
9356 26082
18967 90619
3387 86558
15120 59073
24877 37108
47692 62737
71154 88350
3160 51367
50747 92126
16168 63433
16028 94408
25002 40471
31101 94190
50779 63893
39749 65143
7357 21068
16728 45566
47283 61338
28266 79990
19201 68905
24795 85614
15483 47540
28314 75425
32624 35609
4620 7566
39565 81618
62779 79968
14487 76759
45518 79440
11470 57738
57862 62954
75530 93601
9378 94855
21542 49124
73387 79890
18179 90425
3556 70919
59195 91285
21610 72870
36262 59811
4236 45895
31959 44609
12197 56655
31063 81212
32598 74278
79618 81979
31367 41597
37614 46696
33495 44709
40324 86144
23641 38039
4513 20926
10244 27588
55058 65198
49420 70050
42382 92269
7902 32027
58266 66384
11251 80076
9160 20703
86302 87755
41513 53018
8214 30121
6222 69896
44587 51255
73250 75069
22098 55570
57277 89399
21193 93892
28505 92312
35152 62974
18624 80633
83644 91039
36828 58977
50237 78516
58254 91782
62240 72998
834 80371
59230 70867
34212 89147
53301 87998
69536 74338
32314 50209
35073 92342
69832 93248
19695 73820
1672 45152
2039 25597
11341 34656
18132 70315
15618 92477
7995 71846
80251 82237
16662 76334
31682 89071
4985 55895
39555 87304
8734 92650
51655 80175
28837 43689
2801 94656
24889 74444
75730 79964
58822 84222
9006 18818
43346 86897
70795 91014
68266 84744
48705 85115
45019 87099
9208 49481
59927 92868
46156 94198
60857 78440
10545 52383
1369 43575
6313 40012
16692 93176
45739 50487
17315 49735
58311 73874
21077 80844
24032 91301
11776 35649
23360 73747
20728 51589
10339 17005
11654 76076
44652 67299
57148 63273
42266 86959
7099 12628
6014 72460
2406 18182
13807 84470
3284 55166
16227 53882
23125 60291
73981 90019
2170 70176
36056 72378
63634 72626
64228 72293
52928 86611
14907 31145
4331 35887
84070 84731
14177 34382
22911 82848
2363 92075
13107 48019
13454 89439
61682 94862
62884 75013
5422 9819
22227 65707
9229 76728
7669 9001
50981 91688
41381 42067
8475 89113
4060 60398
72572 91161
36365 45068
59365 95167
9816 85828
29036 90585
91556 94099
56759 64388
14417 41448
83534 87234
61052 79071
32270 45191
28128 65518
57496 65457
67026 94212
2676 82992
36939 78657
19122 39168
61463 86939
15078 26666
26662 58583
2493 53536
13795 27013
12590 70211
51474 85604
44972 63532
1676 55519
39975 76233
4753 45350
63808 89139
39211 43587
8187 46432
11573 46597
22757 60698
42395 85255
1980 93694
24870 67022
14294 86413
58129 74067
6832 67913
32426 40520
35753 48100
48955 64996
35580 87367
3700 51182
38382 90990
25970 89032
12294 82699
45275 91438
27885 81173
16634 39594
45989 63120
13919 43732
10745 94179
41599 77249
8360 64981
54304 93023
58131 78058
18578 82946
1457 93485
3839 91323
52332 58758
1540 76363
13510 87973
32013 89447
25104 89882
35982 61249
62777 81557
24733 47190
72442 81913
27698 42809
230 72694
8269 16114
14976 47839
12802 78732
36692 37882
34064 65815
10084 54736
32744 86289
81359 89314
54460 80742
44626 64826
41505 57216
1750 49626
81178 93357
11572 30262
26502 75316
15297 48863
33918 90439
74296 88604
5615 85199
4997 57935
4998 6172
5530 51445
886 50240
11809 60468
55401 59632
15700 48228
36255 74182
13385 77239
348 79080
47576 67496
57464 66323
37074 77667
39028 59565
10689 63645
236 63942
31588 40309
36764 88885
46495 61046
5843 66894
7705 23483
16456 21249
42814 64680
13948 26974
81715 89811
36418 56701
9940 55644
4203 90948
79832 87572
35703 86799
1574 49270
82823 90677
9989 34067
60813 72314
13649 72109
35675 84559
37258 55071
889 36325
33679 88465
38800 64761
90677 91964
34590 79278
52536 53381
54537 80242
41087 72100
32607 68988
6695 18397
43852 73804
39739 90460
37801 73123
313 26690
38480 59530
26452 32657
42138 79981
31540 33474
5001 5901
10012 24906
67132 81388
56956 69201
68999 70651
19869 94263
37362 90266
18510 74756
12192 74889
22149 76272
51774 56367
21811 66094
10313 33327
47777 89012
53260 89279
4174 67099
27098 30034
17378 62370
42689 91685
5542 88267
5058 44663
15165 64786
44613 71976
8657 23098
5709 23577
11011 85677
3125 79159
74430 87570
9044 72644
18938 93856
4708 79817
22669 26154
73741 87159
72987 74375
20394 22287
25736 51500
23398 90827
68560 84566
28086 35296
10943 92211
6532 73461
56476 72140
12110 27931
6168 58289
19513 33113
44181 67399
13573 59518
39663 70618
72352 85319
29508 87730
22840 93839
23289 90391
30897 40155
48557 80842
39021 62207
60423 68991
35250 47066
53 47694
3005 17819
49468 77810
26682 28190
69813 79135
10995 44503
25807 48465
88544 94971
26589 76089
58824 59279
6428 15146
45784 72000
4131 86764
1576 14310
49059 93684
3347 83169
3920 58664
19972 49511
268 88847
17651 51288
37992 57667
44810 58105
67021 78123
26208 30551
7035 41859
49086 92108
39505 53355
70614 79553
5134 33724
111 34820
30204 76967
55092 69408
91772 92557
64488 68725
35793 53066
18298 35791
18855 51022
62850 80011
61015 72603
31390 40175
39508 56568
56962 71157
5171 68656
24630 46385
40102 73934
31587 91433
1933 28045
8271 80681
18817 26597
18277 86838
82600 87583
920 25795
17478 31921
48706 94054
16983 67196
6290 78705
19832 36386
25824 76233
64160 82604
7803 21305
18262 52277
43941 61343
13321 65911
24442 50357
42772 50988
41553 45080
24194 91617
22426 60220
20845 55185
30138 66632
78147 88929
50590 83653
37440 42450
29016 34344
41115 73380
17183 83515
6362 41444
20665 83508
33283 83612
39301 70396
83 24007
9918 79186
15112 60874
9384 94305
13511 31163
41389 93260
36666 75782
46368 63983
21329 82414
52990 74992
36174 46304
17688 37383
76513 80010
1981 40104
2461 62223
31188 52950
34687 71059
69965 81712
38922 52477
44840 83300
37766 44023
50053 85377
15336 52739
32414 90720
13715 61793
23601 66798
57164 91325
49695 74357
36145 68846
701 9659
4190 24200
557 5936
66165 90069
79348 80132
43597 81316
44063 62321
21598 38439
10930 42227
57983 88900
21276 64719
28915 33787
27346 64689
9554 43595
38200 74816
13349 17881
2334 59929
51453 83353
6364 29075
28785 61344
40190 75578
59878 93392
6805 80216
53628 89776
6346 85492
19235 58961
26186 58037
75840 80792
7736 9220
14358 86321
20159 38905
32499 91248
36239 79764
31703 35889
45313 90120
67162 95441
27258 56776
964 93880
50416 78904
76732 80358
1694 87084
11737 58126
4192 16322
47332 62869
24286 94590
60360 78068
18237 67871
2812 7598
12903 45800
67557 89497
29031 75674
14362 70645
19848 25777
43291 81843
43452 68911
53422 60152
75686 91689
36826 48563
31071 66373
16008 28295
10284 27658
18536 66437
63077 79035
13882 89395
63960 69814
12318 66641
24745 25237
37407 61805
26201 67326
13305 16342
28752 77108
37922 88729
67305 88229
13003 55333
38455 51808
1652 37408
26550 44069
38387 57813
5074 22875
38565 81730
13158 30353
52301 74612
68548 83465
2470 3675
25335 80350
32916 56724
13976 42841
19992 49238
35232 53226
42798 80448
81888 95512
77223 88671
7272 53912
1160 65512
22014 74932
15362 71809
41306 78044
5127 38497
2076 62486
70825 95628
11201 60462
54557 69920
54709 76365
8077 15209
64740 91809
21265 90311
72238 88937
9286 77267
20564 80134
79861 82764
31636 34329
55469 89253
30208 40641
84725 87655
7708 37179
25687 34078
59179 62836
26323 77787
53336 78670
53505 58653
5133 74987
43953 94949
2665 94667
62179 88887
34690 40267
23534 81932
83148 91346
50751 95523
59149 70720
32779 71367
49592 60856
4745 47959
57201 86591
4545 72611
33557 54378
8782 90538
24777 60359
58758 69941
25310 53558
86497 91749
34748 83036
1990 93549
20044 56115
55388 62081
28536 58097
53356 60268
49280 66945
23770 93519
55452 58038
24658 43841
5755 13612
18764 35295
50717 94775
6136 30407
41501 65375
22835 92748
81722 86153
2331 85582
70420 94196
27326 69121
23811 76788
183 34633
27613 89178
4532 8570
42623 68313
36334 81577
80380 94270
38592 60327
55668 84707
32327 36248
29064 34733
45065 95463
8555 64940
26397 86834
17464 38098
3779 82590
58554 75834
22583 47281
22729 65569
27137 74643
28729 35393
945 63506
9206 61639
22016 48636
20949 70010
33512 35115
7799 11041
70027 82547
16913 86027
13538 41176
38561 59333
9964 90796
18178 47426
33904 58693
6489 48450
18146 69902
19451 70345
27714 90706
48040 50508
82392 83150
5298 78710
33798 69870
35827 89608
27759 61742
7150 80152
20155 47927
28750 86005
33427 84210
16286 24968
66267 80563
67102 80242
16233 79941
62481 70504
37368 64974
24129 47111
3959 85204
30973 80242
5988 13540
39083 55937
76146 79099
62697 78806
33889 79361
21085 84884
9156 81665
41610 82564
54014 88534
35925 92678
1055 93536
43672 51478
10279 22032
23455 64853
20929 38749
35285 92265
71608 95465
29249 74852
2184 92707
10541 31087
54410 55412
37039 47741
55832 74169
41072 63488
23129 36736
56102 92000
21916 84137
77516 83800
10477 30336
19841 70293
14514 54970
44473 46386
59401 70936
27428 27757
6691 8726
62461 78717
28019 31625
814 5310
24686 42636
65603 73511
3228 15750
29358 32339
35770 73005
48377 82364
35831 89049
58112 83124
23706 94309
46395 79456
34878 77155
61484 62359
50508 84797
62988 83110
4078 25192
60200 71802
4164 36747
16902 34925
4061 61192
43842 61638
1360 18727
26359 42305
5997 89448
52780 61900
18665 79011
38825 59729
31853 93083
3389 88364
12591 30936
17416 32240
19528 86604
16700 41225
10111 92765
21301 31749
36999 91709
3819 72576
62030 88502
3173 43283
52974 82701
17249 44800
23548 83274
8941 41631
6544 40303
11347 49867
28259 65116
5391 43869
56581 75557
58060 93690
54407 90988
10952 58412
67050 86442
65058 92053
10402 76363
40581 78699
8909 72919
16892 93219
3344 27217
40048 53368
68845 92285
72690 89187
4992 79943
35941 89354
55670 62190
7571 34356
34971 73113
13941 50235
59623 62371
3891 53390
13073 37688
29599 41118
42503 78799
37869 56357
40160 60775
32455 68047
3422 43984
23180 88364
78825 86196
49932 75870
15091 80177
8647 73825
17413 74894
54837 89230
7190 72587
4073 34921
26926 78911
25473 44512
10255 53098
22366 64568
40060 76216
34407 58232
32358 38147
85916 90898
13623 31330
23697 29917
74231 76938
11525 52390
35919 86834
16730 71252
8430 74138
64216 74029
559 91158
11774 67365
84565 86831
54500 90448
35665 51368
18762 69409
6127 60275
17230 63466
4503 13269
81838 86951
18885 59635
12557 41067
58575 60983
16791 85454
28597 76337
38575 77783
73231 78803
88043 95050
6337 82830
15324 23408
395 34864
8875 18390
54899 76182
27437 80046
59689 64034
34278 81645
73343 76795
66645 88456
15602 42683
7846 30918
26739 95097
57580 63281
18105 75155
13626 60474
25598 70685
1717 45166
73582 80599
1880 15814
11937 90585
759 91273
7057 26562
9893 66290
427 47227
39176 46559
39300 64324
55726 94717
13486 81316
67821 69947
32363 64583
72760 86894
20469 41632
17300 27701
73694 92127
28799 89401
36293 63235
18214 70363
81432 85115
53383 82735
62643 91779
72871 76312
23706 36773
5632 55238
32597 53447
37597 38613
30224 45139
49563 59252
17276 42309
44129 55666
31141 52858
41593 94470
18028 58223
32823 66394
78250 80421
24115 88284
78145 91597
58105 89971
52180 80167
56124 67327
6023 57678
39199 39818
62767 79609
49243 65258
67988 95426
11215 51724
25810 90581
2301 4298
57225 84210
43954 85739
40572 41735
23404 95078
5021 55161
15361 49027
30670 68782
15634 27608
73517 91289
58602 83869
31952 79017
88913 95194
48085 85903
1565 33959
89243 89848
38590 40923
3485 21568
17986 18349
13198 46542
10909 24296
27380 75129
75382 80010
22090 54509
79206 92016
4964 53771
17417 67548
5876 58113
26472 55044
11503 74008
21064 35514
1964 73614
49380 49823
50030 75152
19873 86936
33863 66445
56875 91495
5906 21161
67084 79174
57092 59121
32436 62931
28109 67017
9173 79764
58162 92609
42128 62389
376 69985
59338 80806
39657 88908
32907 44686
86721 95236
73504 81944
9354 50285
78674 81005
76714 91936
50563 65013
12769 89586
77171 80357
14966 19883
9955 16173
1538 6145
11614 63093
11060 14926
12454 27962
47810 59762
23399 28807
28902 74393
21998 36029
32626 53880
15302 24313
22467 29733
40477 60442
10862 11768
8523 76117
673 62567
11516 14225
27524 77075
10627 80225
3935 50314
16931 24965
48597 78609
41772 66388
1224 65084
53366 74489
1662 65759
3319 25013
49169 73884
43921 44983
61154 76037
65184 93898
31410 89420
27888 47753
10060 29448
72091 76086
7583 21509
18505 69343
55268 71225
32739 46482
11884 82938
26681 84685
41908 70048
35619 43393
32120 42881
58263 93800
61407 67282
60508 73594
30727 44993
3359 80670
33887 34677
29180 80895
67072 85583
73598 93853
13710 64375
3869 71691
50059 70553
89171 90911
10682 61650
9908 77013
40608 83823
56999 57884
36298 55025
27410 78331
14644 52672
15414 40607
43132 52632
11701 21884
57302 62824
4743 89251
40544 73204
74590 92382
48083 87806
56492 63858
2021 5150
8641 76112
4351 48165
17393 21185
46177 75165
46851 49174
28054 46017
23281 38232
33131 92205
8119 29629
67053 88114
9804 67855
42004 69133
39843 76305
25249 67617
36967 83325
25839 43289
20663 94836
64136 74733
18166 63100
87829 94143
36530 71079
6270 22731
1104 34951
30162 54896
60319 71183
32250 86188
16481 32021
8103 45981
24460 61349
32978 41730
29033 50858
14711 41747
5868 47928
29302 93972
18944 37317
79076 81424
6898 7023
9517 18371
53344 54487
31003 94097
66003 73110
67078 88270
20916 61467
31332 63089
40414 68200
19179 44446
85413 87982
23832 85424
22323 28724
6664 25741
28740 70894
47582 83611
34282 89900
30281 57297
49357 64049
38959 63380
45996 56612
50367 87748
2859 27026
60938 91311
6793 36064
40580 83980
69429 80481
42742 92250
23115 70652
18481 20215
7410 56382
44028 71789
7179 46083
36968 67439
35838 49735
15980 83757
36395 84883
25810 47707
39939 61497
23369 64949
75467 91670
6981 53233
32879 78840
32936 89568
25765 40094
19414 80281
59328 67963
77031 85474
38329 78851
44340 56872
7213 77577
24266 70363
24604 85996
13448 31783
45473 79547
15017 50472
40669 41922
34365 69806
7116 87104
48107 49459
3726 38635
74157 75295
11801 26250
12690 73391
4871 11423
35014 68210
34106 46572
3947 81658
14972 68479
16170 35341
45913 82517
39103 66999
11510 16358
9897 26359
53865 81281
23227 41666
47718 68286
23808 62627
5325 10375
5391 68409
49554 64911
41665 62734
11371 15251
12527 67232
70051 90650
33454 48491
3132 29670
25561 45218
18245 95074
5774 37668
27773 42578
1667 10558
29506 89263
37720 75475
7122 89627
13427 81004
25356 34132
42506 53810
13655 18112
21866 88489
80378 91041
16639 88297
4086 27934
25602 32019
27721 55634
38913 41351
20410 31317
2147 26054
31013 79949
57973 65857
58925 95142
7276 39830
5873 28480
15799 48179
11284 58050
4057 23385
45443 88765
3002 73038
31436 71526
38261 59814
21383 43480
46635 81560
49130 64488
2113 10359
16256 89522
8049 67245
48261 52383
38367 50845
3040 28021
49359 94191
22499 70369
18596 24255
20817 81278
10335 17560
72280 79910
55360 86653
6907 86037
36104 45256
17730 75889
11685 18347
72089 90684
3123 33494
3886 6809
29559 73938
6712 70792
6214 83130
24618 88662
37282 37567
49200 62686
32717 54088
12609 51698
5159 93043
45553 63024
26898 60408
86102 91928
7332 90949
76163 82033
45353 47544
33468 62558
16159 46213
9606 89967
21118 35576
43942 83923
31990 48998
48676 78120
55818 71165
45219 94424
18716 42566
48115 84013
14409 92011
56140 64715
57013 81755
10694 61664
63085 86474
1514 80281
45688 70703
42553 63423
22660 81463
2558 60804
4127 31655
22747 66369
39621 77757
31808 57749
33408 70381
63430 64940
22778 38615
33594 52242
30728 82466
72229 82236
83037 88802
27858 67725
5468 36148
26597 43506
87563 92903
7611 75895
49433 78844
52920 68604
15548 86763
44730 94943
35469 36466
15527 37272
31002 45962
11093 14272
59679 93314
15626 72566
23586 46210
13042 20240
55825 73987
2860 3318
19892 25093
30778 66798
6770 59865
67236 87253
92887 94610
21514 54599
15412 61577
12795 42092
16423 49980
4389 7101
48832 73376
9760 38139
32313 61393
44662 80221
8380 80224
5684 70318
39084 47856
15189 77269
3661 73923
23976 26292
67760 77993
49133 56325
8031 88373
18962 85038
35423 94176
21280 67326
2618 53356
35480 50719
16587 32045
9799 79958
43263 61587
52766 58532
39340 59475
48471 57031
8968 73428
1134 93462
65277 82724
58596 65287
48524 60532
36610 79068
10915 89780
7686 49104
86166 93218
12795 17477
12780 66445
42857 48965
44621 62071
58157 65727
79528 82502
3237 82597
76527 85692
65699 81692
12484 92917
40196 89263
24100 39470
66505 86968
7504 85880
6892 37272
72063 84744
76164 82600
11924 69169
52612 85797
78625 79087
56426 66564
43523 80575
76027 80247
49934 65931
35455 77384
19988 45516
16914 78844
6957 89413
4382 70524
27770 40894
8989 89791
44338 53391
14 34625
39342 91201
14649 40677
27097 33844
10702 84372
65987 94918
59948 79825
1114 14438
45509 78673
65394 74078
19425 45095
68291 72785
75543 77570
89281 93145
44827 45752
35698 70474
34248 71223
33805 69537
53684 63724
13423 43386
38666 91835
3931 66010
8935 69975
11986 86111
19457 36577
1279 70622
48739 86541
24668 27994
60872 86076
49723 69577
17817 83001
15386 49108
54269 89739
48826 84949
7777 90704
30534 82687
34926 45797
14720 57487
10602 33617
2839 20572
46221 92464
55746 76934
41098 50106
58600 89779
20850 48574
45910 67564
17606 47448
5513 71429
56776 77228
13155 25281
8188 14654
2384 60896
16852 55021
82673 87602
49011 78107
66139 95669
77293 92541
24018 64834
31384 33685
3998 45133
34662 39317
57139 63602
44181 83329
9641 15350
8120 87091
30853 45152
62031 66912
34532 50515
5996 70977
24007 32527
30339 77849
79840 87570
42754 69271
68995 81688
22534 60155
27243 53519
72835 82249
1773 22047
23517 87616
38887 66036
21999 80106
51185 62376
60950 71419
311 341
26392 33227
74148 75600
9826 91611
56302 61257
38034 57231
24470 78670
13632 16572
41062 71841
10679 51313
34423 60260
20548 94830
31664 65380
12645 89045
37749 67415
86366 90261
19077 29924
903 39544
5921 84230
52586 60505
26710 86962
20661 41024
67218 82338
30302 45212
41802 90322
71853 92440
12692 31381
58570 73969
11886 61659
13752 43132
1250 55413
32445 83541
6256 47294
15061 28708
24983 56310
17540 95233
43318 78562
27258 90870
5079 54170
33021 46657
28657 68527
69992 78065
82233 84478
70945 70984
84925 90270
66135 85786
60680 73671
13433 35885
29074 91663
2836 22885
14181 67189
6526 27294
27674 68974
32645 39257
88344 94430
94386 94987
35178 47068
2445 44248
42966 71704
7520 49306
69575 85062
19089 21142
8732 30201
48111 68703
4788 59951
32133 54280
24939 28814
19206 27327
61884 87239
6995 58282
30528 66932
1591 54574
54673 86831
53267 68920
81326 92367
54804 65166
4302 76579
39092 89985
64806 90482
78134 78572
4073 11740
78019 80340
29021 78132
38772 61646
2152 83347
58440 73952
6892 92924
4951 58110
6355 11152
87491 93033
4087 19189
37180 50641
36364 44053
33005 92349
33875 40683
2980 59576
67774 95367
29541 37675
45058 71227
2256 63477
18799 32178
57012 61962
57552 71017
43223 72104
30454 46937
77350 79354
1894 82048
16216 77208
19827 52077
22664 72342
21165 90894
72016 83029
44559 71386
5015 89246
2377 55891
9780 75704
43182 64776
33242 91474
79539 83857
8278 88679
20292 93347
11457 62169
56127 74117
58490 80347
45894 95522
26908 73573
52548 68406
19376 26125
24706 76646
23841 43533
10367 82527
34599 46515
19284 54792
48134 56029
1456 27096
8889 22624
11936 67104
22561 90015
13124 80396
29434 39291
7243 95353
9867 39298
17728 61256
57756 77025
73633 81126
10458 15613
82438 93397
32618 46637
55509 80983
23643 69049
57279 86013
13684 48330
3073 84685
87193 91562
18341 59607
16087 23149
26286 72073
27952 75894
15125 18897
5781 69576
32853 87555
31700 95040
40173 54857
21494 37900
38043 64951
64392 80193
2395 94204
65488 77742
57123 69411
52084 68456
24096 71923
42939 79375
2783 20071
7817 17032
18432 46002
39822 63947
66180 87179
23456 45343
37560 82444
38100 65888
5649 37050
12253 27178
50533 68930
12118 61935
33537 46334
53624 89919
58455 95672
76058 78803
3881 54412
35757 79650
9265 15638
20789 42684
23562 71550
75055 79541
17791 33299
34341 92905
76654 90654
22411 28659
48961 75343
4576 41528
1790 40254
24085 92001
38938 90873
52161 93514
49861 60964
29927 63356
25452 89826
83137 93578
17895 92996
36144 79814
30457 34927
14257 34009
28801 55012
71900 93645
20456 21971
45241 81206
31337 34345
15666 94625
16338 58379
9614 59555
24704 48008
23528 30245
55860 89100
9729 94857
28675 31743
56108 64369
73423 93439
36233 87965
26791 32542
39160 82811
59444 81974
84166 94238
1316 75756
15177 35564
47419 49090
24690 55003
23151 95522
23475 41682
22521 32054
32931 49033
22851 28117
28921 64492
55181 81598
72063 87802
73319 90157
30235 51617
24234 29182
66594 67510
34973 45994
2585 39075
58585 89359
2276 11828
18946 90853
46077 70066
25063 48105
61111 91801
781 22616
51517 57054
23676 88069
36692 76063
3991 92027
14011 58244
35616 74781
1529 44841
2590 62341
37361 57216
84863 90813
25643 95533
24286 54511
30838 34529
2867 6300
71103 79976
30689 91241
79299 95603
29011 31518
17312 85233
14881 61382
26818 46658
49414 74489
54484 75028
90275 92805
38700 38886
25848 69067
61473 72764
31141 69167
35086 60867
56241 78560
10395 48573
37345 38199
15213 43039
76512 89572
65160 94262
44385 66183
46691 47154
3123 14692
72709 77487
1356 63481
67379 70278
12447 78769
24765 28887
27640 52047
32373 92895
10790 66873
23877 30878
57935 84628
62960 67739
18289 23068
72449 87687
1321 35300
32433 71454
2489 72656
24739 37859
50314 69818
55032 67608
84838 87210
16848 46826
28958 31135
19078 58703
9686 88934
87011 88717
4525 62969
69130 83342
28787 30725
18075 86525
26316 28031
63202 78694
4307 30086
21098 42471
75944 92314
38697 40475
20997 52779
56757 79524
33821 70119
27979 84535
48145 57646
18868 62649
31389 62981
64390 70019
19964 69181
20675 27814
4756 74590
28219 70430
47715 86058
9180 75529
66500 90186
27400 31917
31858 51563
13452 94171
53334 76144
5289 24410
31082 45823
59805 93003
16176 22985
25270 84257
23052 46034
53799 94770
1240 35657
43709 60086
10433 66179
11519 74629
8855 33791
69868 85629
6940 86505
12100 30008
85885 88675
15234 16252
4761 94241
36398 88115
4549 32995
24442 31474
52556 67476
44406 76983
34212 90162
45311 67921
40749 46377
880 77347
5578 82072
16392 74895
12756 48277
28063 39230
47240 88472
41269 71093
17458 83315
14820 70393
80171 83597
1397 45729
2135 67082
31400 88544
26945 76599
47748 58257
29209 72236
44048 84915
80428 88661
14547 36416
58189 86480
7410 93894
30972 69890
7961 49384
44704 71107
43354 61538
434 68313
8080 60896
24451 68797
45568 82002
44736 81668
21878 68883
46040 68633
22157 86942
64000 75135
40689 92176
57887 82631
41363 66769
60710 90548
8429 45801
52927 93494
8704 66885
882 35068
27123 45526
78898 88762
3955 74151
17540 29220
34410 87029
48529 51162
53699 94160
1068 76304
17619 42204
197 63540
60717 82823
54725 56439
24843 34597
9852 59775
54759 76836
73406 81013
54070 65086
33854 59452
14331 17349
42355 65738
12883 76563
9171 36960
8295 92074
27706 54216
91354 92160
25679 29261
2445 40053
10080 77393
66601 69826
35304 46558
2402 55969
47533 74761
18188 32069
44307 62292
1792 31388
3057 74205
44054 57531
14606 70726
14798 40744
75098 85552
20933 72461
7638 31620
36898 56160
17157 51442
23621 46174
14184 85948
10946 70108
60930 70129
8169 78107
12319 38948
34293 41920
6410 11507
2164 82296
39549 64982
44440 94819
20023 52308
46192 90033
18447 94519
9588 23956
46683 62424
37970 63153
3289 3789
43196 75381
29585 56518
44139 81446
33189 44045
24508 33186
33038 81083
58655 62227
1455 83443
72023 89366
86248 89169
66488 73407
43980 95250
13972 94014
2907 64787
56142 91683
42033 54233
73513 76624
49629 69370
4708 86917
34239 82806
5782 42353
69504 85560
53017 70381
15775 46846
10174 81199
42730 60561
88045 89489
48376 92621
37417 94397
21740 89735
15881 93903
30190 33916
58400 69509
31283 43966
5214 83855
45357 56828
21215 28714
4127 63912
40157 57504
22183 25738
8462 31856
19686 32058
23269 91175
30251 59398
27402 78987
23846 50213
67109 69270
27 14126
52993 92195
66419 70284
42460 70739
52043 52941
55845 56246
30807 85339
11030 36218
51058 56449
3913 11608
3802 15477
14752 93740
30484 79574
34827 44508
4539 7629
2335 2996
12328 79833
16683 68184
59884 77812
7853 34663
29882 43161
7107 47453
62630 74593
65816 69683
2955 4392
43209 79346
40442 66466
23353 90164
6903 39379
21575 42935
1440 87349
36388 92972
7070 60465
18315 37685
40437 73512
22790 23382
24074 92077
12037 77662
40298 78796
2942 70501
2242 37279
10700 28818
22544 78459
6512 6856
38725 68879
38050 71808
5224 18758
13785 88419
80457 89808
73526 75756
49172 79010
35491 37078
29135 80962
52510 85104
6313 48484
1004 63131
68752 93917
25346 67296
9249 61895
17402 48281
22476 78187
12014 83914
10623 89438
37878 69436
45701 66435
26599 47575
73497 73635
15939 76847
55539 88058
17137 63539
30867 78148
54421 66569
3031 77188
17809 23188
60126 76256
30287 68907
7163 89640
81147 87917
1643 34598
32080 60971
17474 50599
12031 64706
33005 88563
23519 70333
5276 79691
12039 78799
18276 19066
1490 20445
47015 64180
21410 23544
50484 57207
11442 55860
46400 66043
66876 72915
21766 87733
43646 92044
68955 93132
3920 30599
29043 44810
65230 82257
21105 30863
26994 31351
34501 50875
49176 87740
25999 86501
16312 16850
64298 85405
39319 56471
19955 43473
11741 52124
51831 64081
32569 68232
69214 72688
15288 29385
12417 64858
66064 68673
39137 74668
10070 24385
9825 67637
55223 87758
10982 46695
6674 83103
91464 95569
23906 54972
27872 70647
50938 59424
20171 63319
12088 57166
13932 95442
25233 84851
3273 62325
39778 79948
33173 63458
83094 90586
17973 64813
24550 61362
47130 94786
18572 64054
1580 46172
627 38974
21189 35069
51089 73700
25814 78747
56189 76626
72349 81649
25800 78181
45405 74442
34338 64371
24039 45031
61390 80143
70898 71085
59738 67804
41718 90106
1196 26678
1278 55751
7206 56050
26430 44654
15792 40063
90391 91484
20287 23786
81731 86457
11456 67805
13710 52970
46232 88743
9446 24388
53047 67093
7279 76184
17434 81730
67404 85551
9689 28854
5203 89081
35502 87232
5891 29447
6015 83380
19925 57437
56800 63344
30430 47065
78788 84864
23287 86915
31383 47093
8695 89254
19402 28681
21492 74991
32407 40251
29207 82852
60300 82957
8448 45323
30931 73905
24842 83847
75510 89380
3862 13003
35303 52236
1730 74892
88428 91624
22571 85297
8903 10250
20273 90988
71340 71521
26296 74666
2091 92220
7775 89195
28969 89738
18646 66436
63810 67770
66191 75065
58335 68853
62398 68080
60657 76778
13628 78884
19885 38051
7859 73287
38821 43180
7704 20054
8150 79841
34199 73001
10631 76021
20340 43291
82768 93426
62091 94082
39533 83040
4490 46927
65236 89029
24379 38522
30923 36373
76890 83400
13248 88696
10282 91299
39111 63287
22132 60876
57476 89110
2493 11866
14265 87546
63109 65562
8622 78477
16747 59230
6419 89445
17021 22230
5668 16271
50665 65525
43175 66598
33804 37894
36617 69707
30435 52690
19333 53449
29267 58036
66813 76065
33468 91617
46709 56569
1697 53972
23836 61220
35942 92353
251 18070
13311 24805
45851 91084
37045 74226
5659 57713
21061 31631
33551 83134
66079 92433
23947 87692
5173 53219
26918 42063
65452 71652
2963 11231
58464 85058
60803 63302
65780 66855
43654 55683
3336 58596
17931 26207
32698 46215
49644 86106
39762 67107
1380 19735
13097 24612
9085 30152
11970 88886
28347 59311
21159 74142
64532 79609
40643 76077
1270 30883
51086 80125
21845 22498
29171 32089
15962 24226
44536 46801
47504 58223
17409 87909
296 6929
53726 63191
55011 72961
50673 64296
82002 86634
10661 66322
73663 92184
12150 24152
39903 64205
13274 84526
19519 95296
28420 57734
16012 87055
6831 21463
17711 42143
49394 73701
21318 75413
18165 82979
29557 43911
31686 76276
16818 72273
26418 81174
34548 71473
25409 90890
4986 92796
9639 34565
14750 38019
14763 65947
35442 93304
10951 21119
40898 58311
37654 78347
63161 76602
56112 94006
65094 82988
12406 83759
3020 14372
26488 32223
15630 55905
10629 76797
37925 73431
84244 92771
27499 67272
20404 94868
58941 93891
4961 46237
56607 84819
1369 42665
78631 85388
16080 64785
28661 89399
17192 90747
10398 74558
44530 54674
25693 85153
20863 54622
4208 30207
41854 53107
37888 52325
11281 46221
1828 35398
31299 85171
36542 77031
14708 40759
27391 46423
35275 83733
74652 79398
10885 25366
38678 94430
31013 80019
93033 95423
64222 68470
40808 55671
1516 81566
24915 29255
53309 81391
13428 63189
20902 94999
21013 36192
4087 28700
43019 51142
16504 53450
33533 88858
36042 43098
9426 49725
24879 86351
29889 47484
46996 56681
3265 92959
55107 78490
34124 44788
1383 72641
86010 94186
18632 20026
39273 47265
14058 39530
12771 46283
28555 30589
18628 63626
1795 67844
9373 76830
79071 82775
11769 49588
28780 35719
86949 95432
848 65145
16058 30842
29869 35165
57823 70511
27438 75553
16668 46040
34041 35392
5182 40177
35417 90007
25759 72578
24541 81473
81697 87870
10386 53535
75191 81521
12022 41368
1071 55444
7588 8952
58454 65952
38878 63994
10028 80193
35573 84579
44602 71383
37176 43829
22015 25355
74402 86838
27298 53102
75811 89866
936 95166
77357 94343
8940 55748
79907 91636
34083 65426
32518 80342
13109 46622
26589 84974
30421 56797
2306 20561
39889 51942
14012 93115
40782 83518
63873 69936
57042 84286
25226 30241
78948 79494
9836 61623
41561 54169
42191 77917
10321 43590
11776 29771
27256 91228
69882 80987
3870 65959
45461 52659
12490 29605
1997 39984
6899 69133
48477 69412
51641 66663
18062 44843
35609 67145
408 70668
51254 57578
57045 81466
18371 44174
37833 64407
14388 35055
81304 85267
6861 9936
16508 80045
50775 78836
25317 85432
1343 68133
38845 67702
42835 55450
8193 82084
40339 54457
24995 70812
49872 81963
78170 79779
29321 43965
17954 60338
68201 88007
16774 25074
59138 72303
50778 56311
47859 81142
4783 57456
49907 81280
46647 60314
49207 68023
44424 58032
76220 85112
26712 47696
37796 39392
57924 71810
36872 64111
11205 58827
27050 61897
32327 45879
30471 94570
76197 84921
47766 70775
73554 87124
1379 44325
70222 71452
23473 83511
2686 77364
28273 83270
2934 14532
6659 10011
46903 61736
74013 91164
250 22168
26241 43752
65285 80387
31903 92673
10103 63641
12031 50934
47115 58416
24940 66912
1844 11297
1398 77963
2032 2501
29824 61886
13425 27071
10775 35411
50378 81336
11464 59984
22293 30776
22349 39331
76127 83502
60429 94972
20702 25463
55039 66570
56636 57713
9317 87340
28729 51394
15392 44436
38846 94411
53964 66083
4637 15130
87661 91709
21800 69516
34311 37902
33245 40500
26781 29924
13826 44233
38644 94170
45555 53250
2066 10563
77477 93196
47955 78107
7235 44250
39142 39628
23787 82536
6605 7038
63714 91135
11565 93324
12534 74902
10769 63778
67804 95494
4395 56182
23191 74904
23795 85918
63844 77995
16715 82157
18008 23697
30412 54001
2668 87518
41760 85195
74223 88212
71033 85476
60512 68498
1772 41996
60305 93631
28643 85232
11374 13104
5926 85131
10065 15996
57238 91666
28663 40152
44038 79449
33594 92443
962 94073
24003 24531
7176 30598
18616 30826
30987 82431
10822 76930
58432 84094
40600 62341
23599 77610
9841 54080
35569 82256
55303 67740
22616 60469
25372 28508
5068 74847
1107 30005
17443 33822
56941 79531
45737 73015
76147 83577
28818 71242
35613 78144
4997 82298
13656 28322
18823 46895
42529 59465
77771 87919
19562 40228
47652 50335
58030 77917
33616 36330
2470 49987
38468 80294
31623 90402
23860 56055
73366 82689
16350 33365
73704 85159
49301 62727
5399 19312
69929 79029
7370 85989
32652 81432
10886 11276
37858 48253
3502 36963
42888 81761
34616 46784
2263 29790
4517 85197
677 45107
6625 30975
15070 35083
49110 76818
47645 90725
24950 32649
56504 88704
34980 59484
2170 9099
2983 87198
61039 77982
29579 80057
26362 49140
26169 81795
44784 93121
346 34874
36521 89672
36745 51389
26418 43784
34254 40289
28239 65968
3162 93907
80844 94214
43788 67104
33899 37633
20272 51500
54162 82832
25521 91707
9169 51978
56090 74817
14155 81481
84870 89898
3000 91821
19932 90129
32234 56149
55336 90301
14206 23336
55662 69256
27171 85529
20743 67203
73965 77595
9115 77070
39287 77346
30856 47055
15155 39031
45909 59674
13570 71914
7999 81312
46157 59295
28391 54486
14096 49712
55009 93167
82252 90969
641 71179
82750 86120
47382 66184
38067 94323
31770 44321
65956 81007
23528 92327
15571 88988
3899 52840
22764 55044
85006 91604
32558 46877
35364 67461
58730 93285
19820 63404
8992 46962
5771 66735
24851 49683
10917 28178
63386 89772
39 40131
4089 65668
2682 30119
6586 43875
18038 38928
27800 75958
80239 86322
6201 39944
53802 85626
3319 44969
49657 93972
7627 23027
42854 81799
52628 81820
5699 84989
6903 20780
20534 29999
9546 27225
37706 94174
64741 89958
14417 45539
38299 86396
39681 72869
67684 81758
79437 91453
5346 79806
47902 68992
69740 80553
26823 66487
7260 7542
5073 44795
42873 80936
30079 79025
17163 69357
13039 44577
48073 76798
67313 72778
17440 42460
72018 88085
43913 76865
82990 93268
16365 16913
21870 55261
11553 24455
37085 90466
68291 80056
56532 80029
56754 94553
19390 65225
21348 95223
37197 51509
72627 90568
9944 33241
52072 70207
34730 75497
18158 30522
36493 60253
20516 53036
59717 88234
24921 57198
21486 86627
34435 76799
45865 79792
24535 36658
20111 79438
77497 86395
5098 57467
41258 61252
64029 68308
93014 93768
71878 88580
34305 84961
77610 81534
9446 68385
43834 83384
5005 20832
24166 47318
25170 30767
29260 95224
33347 48569
51145 67742
24344 54251
28883 78431
4910 71261
30078 56863
76773 90550
51350 90428
18696 79314
5384 47461
37578 64898
17646 21893
60935 81449
19514 28265
39687 60162
4626 48616
79977 85446
991 54874
65442 67252
26374 47320
7394 56329
47832 65728
1523 46405
9618 26078
67837 93947
4311 44580
6889 56223
59993 84231
7692 88327
7428 72319
18539 69942
40460 73740
19601 67400
23349 93208
29122 79753
57899 67755
20897 30421
16590 85668
24809 84352
43902 60196
21055 42580
15755 95674
8281 22487
12427 32947
12827 88089
8393 15087
20677 66158
58540 69418
62795 75633
2269 81159
35276 58603
27291 35749
52985 55164
6270 56433
12275 14642
10041 92376
69658 87932
4259 78969
54351 75834
59333 63897
48896 92698
29699 33780
16456 26813
57293 82632
54153 79852
34403 88856
9075 12652
20634 43168
59397 72539
56360 62622
10208 63243
33192 49713
84246 88079
17725 22888
14440 76608
36136 46398
31811 41292
4969 67786
17440 83824
20376 66170
51787 67068
25015 87519
11610 38993
14474 68452
152 29298
41944 56513
81209 88134
47617 72433
22118 46902
47754 69785
4683 8015
59521 59693
59108 71506
41923 83720
17692 23149
7695 17440
13202 39312
1272 29132
38321 68561
46406 85670
9348 90362
13881 23758
42935 70434
57150 78792
7880 28992
12170 34595
14055 94794
4984 62942
19609 82190
54090 74177
56565 87406
81436 95238
44214 86944
78024 90463
4210 55652
17406 78901
46907 47918
14284 60034
57519 65607
19381 24509
25101 49481
51365 53176
4584 15257
62473 78459
65319 66807
38683 75297
3057 5972
21809 56999
2774 15524
47404 47469
11941 79745
10136 74958
13118 18986
45154 81240
23787 26377
36743 68532
29686 76904
62508 72204
2024 48479
6707 68952
55199 68441
55713 80063
16863 56742
16878 60499
1681 29625
16607 47614
65343 78891
551 41181
26991 39184
20917 21170
65615 81777
1981 52751
60809 75045
21665 75400
47674 71623
16842 32604
34192 55749
15524 91666
34405 68723
41553 76495
29440 33745
4643 37454
26444 87517
65072 67560
13107 24019
19675 27696
16499 33241
29029 43422
37058 85145
22839 67838
31142 76218
780 84986
14007 50233
43452 49385
54634 90932
35221 73184
8803 83609
47916 50852
6865 84791
89155 91346
24069 51341
83430 85260
20125 46238
5476 90553
8198 27053
38105 51278
55312 89673
35359 36071
5271 51278
13118 90097
15899 69820
18754 46375
45308 60738
50661 79240
44583 88618
57396 87674
30229 85525
7006 36470
1764 94614
24529 55444
19659 35342
67178 79909
18864 79683
21888 56117
8578 48125
23550 90430
66970 72406
1803 82602
36211 83780
1763 76664
13903 26563
22449 77745
79481 84063
15370 71385
18019 50232
27962 56830
64676 75418
14974 91399
25865 85215
54167 79646
30623 37725
17022 80754
45422 90414
13386 16912
62201 77660
5314 13520
50930 51013
67091 91745
38112 94866
25547 69785
8194 54043
14139 51620
13437 94319
2850 91963
13292 47997
27464 58302
5474 60779
24627 31415
8813 91447
68428 75711
35718 65277
1914 34511
73313 86897
47149 92764
36697 58287
36903 44617
21488 63000
32746 93474
3224 57924
15230 71933
19209 73976
75674 80180
60384 60585
38938 78546
30150 67605
40566 52694
20351 79558
43638 53728
16231 66752
29012 59209
50194 73598
716 28515
47345 48181
59146 77972
22445 61502
78793 85274
53099 84482
33025 83050
12683 78586
7811 36742
13498 59241
9565 62645
30951 85134
45134 71323
54937 71765
21338 32071
30201 62048
39858 44816
24516 94420
23540 50001
11733 47087
8342 60605
54406 91500
51255 78510
16536 38349
22611 59134
43533 75308
24084 29973
6520 70099
17311 71074
17431 33841
14384 68463
53211 66826
62386 66677
17169 67238
60215 86877
16844 41111
63087 79465
80081 87410
37499 76037
14082 64272
7478 17384
44460 80810
57010 67568
44152 83960
14060 50513
11181 55406
10775 26523
20877 25913
62544 92592
18883 61523
4826 86562
11821 88562
19725 86260
62515 64065
9894 88210
1002 4446
37575 47805
8984 40539
56933 92705
66496 90288
49853 60239
73031 83264
59328 90399
51762 92036
28409 31331
23130 93828
15205 93996
17470 65758
80783 85796
35143 39189
1131 51445
9474 24050
42785 60273
50972 90991
80288 88230
17133 54025
44840 83662
76486 81145
42008 87836
9927 26089
23063 50807
63581 66686
49893 69483
60083 91843
23511 68419
28288 80662
41957 69024
35077 57954
39355 63324
4941 82620
38292 54149
37728 65296
33927 51117
4716 90395
12060 93569
16153 45310
76 20319
1924 83823
52284 54757
49550 60797
49278 61097
17784 65370
12215 95280
32920 42474
20764 25791
9159 58253
12242 92135
42393 64203
42009 46414
1661 51737
26789 42100
27321 91190
50844 88697
9047 93464
27343 33561
46641 47251
55891 58297
30126 42969
19842 59073
35558 69191
67181 72698
48754 78658
67096 93629
51739 76246
78663 89408
4276 67704
3049 41067
40091 91360
20382 74549
4579 60387
5747 74471
25155 59418
77185 94447
37359 68463
38740 74860
42080 77648
30203 33786
53463 78310
41973 51940
10871 56237
7326 88665
51574 74029
36074 76549
47189 65394
39793 71092
54199 79171
57698 83252
18675 40403
34699 95114
75927 94142
66853 86209
53549 73632
6427 11619
4612 22497
55458 71625
37260 61849
75416 78548
45723 76911
91386 92782
33536 76764
1125 76971
33161 57125
59978 66903
36739 55617
10655 64603
18985 76458
41388 58624
22901 27899
36815 64183
50898 55722
57947 63716
56776 74539
41467 81482
24839 70818
7541 11910
52493 59030
18150 83581
6628 82101
21400 36545
13721 39269
40867 94381
55585 59145
16793 20108
1942 29782
19209 53439
39730 45254
89235 92853
32709 33403
20930 94397
20496 49870
30349 66261
53100 79656
33897 72196
35230 62611
19583 54938
32335 50864
19024 36734
52886 95250
55598 94352
64790 86149
73905 92599
14963 29725
51224 61956
39439 48126
20029 76536
22238 25574
3215 81216
43565 64881
12737 29089
44634 74401
19203 45996
2593 32546
5812 22844
31424 39947
34242 66061
9047 86455
23831 61015
37237 94187
2723 22586
42181 89429
35815 94044
9330 21926
21295 24099
10290 81490
24160 51838
81923 84917
38502 60135
4592 15623
50939 82042
50578 73271
25953 42455
23715 30576
32986 93520
67714 79273
1441 31815
18201 64354
11071 14359
442 24614
31140 64326
46215 74970
841 56437
16725 33313
10298 70216
33116 83836
204 19383
21090 70946
87789 95458
63866 76597
26225 63802
539 88857
30128 71588
67045 93579
29347 45289
34386 78545
25722 31205
51606 66366
64111 93052
35948 87567
30987 73992
34253 37233
74 16145
35695 40426
58784 95679
34266 95566
24088 80901
3610 21645
37578 38856
41180 92590
18651 84062
44311 74175
3336 36168
27605 85508
71663 79290
10320 26837
2792 12279
17607 31602
20850 91781
48917 94800
4008 58528
17933 59868
6817 95005
16567 93854
10889 84421
48411 52656
46777 58304
81179 94743
19248 63468
658 17781
20731 69009
41031 90387
69753 77447
11515 39874
14311 89150
16190 24501
85951 93826
7600 11685
29721 94328
15197 90892
59494 77866
21848 73094
19843 88211
18043 87656
39318 72709
29312 72128
30715 49396
49036 52103
57486 90163
44891 76291
80830 95242
55423 78420
51194 68230
43234 74080
16971 66372
35625 77300
69373 72230
15118 65000
38194 48448
51573 84448
69187 86752
2988 79914
1836 30859
44180 59411
28804 69301
54788 95411
19273 47422
9535 10016
29579 60636
56227 62274
53197 66404
5047 33573
11283 33007
42423 75497
15569 80462
13885 71194
38369 49005
34203 49739
2192 71041
4057 8556
13142 31751
79180 89080
50573 89153
17655 58205
12917 93731
39657 60641
51149 69220
23803 41203
46539 71264
6286 66107
48425 93561
29307 34594
11413 59792
30401 84637
67215 83929
34956 55812
13914 56974
45406 93763
28503 37877
57306 73829
33132 77689
14935 46459
4153 78974
72704 88388
18692 62828
734 69575
48834 56942
72892 89231
12676 20002
45174 49417
5437 82407
20167 61067
22595 56018
10508 61556
68878 77631
74734 82478
17252 39407
1958 61814
45362 66151
7119 30126
59335 78629
51382 82248
82250 87787
10761 78507
6535 13697
74142 83431
28987 70446
38484 41580
26280 56750
1327 57607
59712 66983
1389 93409
75475 87298
266 70365
69489 88595
44257 44445
52430 60415
34544 43571
7333 45732
25167 91051
35696 81777
1944 39712
57772 63632
44432 72050
19228 36932
13247 27999
29657 35114
2646 63960
69071 75263
583 94968
48072 66771
15212 19575
80340 84821
37113 71221
15991 32265
13414 59294
74771 80985
24739 83674
53992 89707
5106 26382
14021 15929
69508 82982
20434 52653
11245 54344
23765 58738
28215 92216
7941 67317
33932 78005
46583 80649
36163 41948
47592 68140
1683 78153
36544 71769
3066 32072
8505 30523
6818 20062
79781 93546
7017 58731
57492 65491
40265 64740
62602 91164
18825 40279
35615 47484
26891 35937
37701 69994
26735 52619
47377 89194
13473 37385
3465 54688
60464 80122
41093 53819
15026 26681
35891 70926
2018 70596
31481 64610
17468 35929
21759 42485
31084 77688
81681 85078
36200 59308
14005 62701
52692 90618
5744 31849
49039 61813
6884 9706
12233 27963
40480 41416
34100 43686
40672 92807
29309 87023
57102 60362
44251 94514
34364 69466
22291 78870
7871 53617
36990 68457
51095 81386
55616 77479
19136 92630
34854 70451
4155 21205
8775 21921
38472 50812
2506 91291
39817 57583
24752 82933
40223 59438
72831 90844
50877 57562
8843 57984
6892 62049
35005 45081
49788 78648
45379 84818
21984 35110
2807 47641
19498 83501
4898 20755
9777 67779
13708 46358
11625 68801
21177 60097
16814 88725
70825 93905
55267 72188
53380 60448
5104 72697
7180 10844
1310 19632
11085 87731
26898 50615
37615 74796
12253 35647
40180 78123
65745 78731
23600 48548
86536 88843
3490 82725
24971 86101
30406 72525
75909 91346
1553 59916
12064 34093
51464 78121
44479 82509
6651 88685
27377 52939
32982 60065
13560 68005
54530 54956
61777 78142
37210 63550
63601 95138
86706 87798
27777 61630
23203 27478
34536 45746
33919 46369
28558 53234
56585 81475
67065 67537
3012 18634
37664 41201
11117 56611
7635 89365
23552 52828
1220 82361
30906 64753
52102 62963
52871 73638
39147 62306
85354 89829
84714 86625
41844 91210
16649 23726
17272 21051
5877 39362
60512 90402
9214 90447
44592 92867
33416 89801
11987 60491
70064 81814
76359 77490
21934 60252
12340 41738
13321 54863
21607 51400
55838 84066
49195 64686
14012 95417
74139 88262
35649 51157
3593 68653
11583 57367
18714 51190
433 32970
7938 76180
1892 75700
41434 54845
21420 88073
54769 95161
13831 59919
47339 91805
62608 70607
6334 41400
56140 74758
28772 60796
15867 30833
32934 87806
22891 49671
37150 75074
18023 85489
19356 34460
27978 63335
36588 55422
10846 43968
4499 20464
64827 94594
9315 25549
53973 58859
19220 26665
21684 70333
41009 42562
74102 85207
49680 92555
64316 69663
51264 71016
20620 76704
13699 38809
10001 92798
9882 28265
73948 94590
83474 94680
8688 87845
4894 50972
70709 85501
15189 47995
16993 23089
71099 84430
4559 51635
54627 73600
19234 26989
32512 78892
33682 64423
42091 64184
57931 76671
29866 65017
47089 49398
5308 40979
6799 79116
83611 90892
19290 75682
11959 86591
42419 93220
4504 59468
2229 66651
50387 86679
18087 94036
23564 93166
17348 61517
57250 70117
31509 59162
2604 42593
74105 95533
18729 75427
6049 85928
49459 78210
33804 82685
8581 53346
19981 47000
5152 10709
70502 91748
10985 44962
31759 65468
6327 59332
51736 84729
24427 29573
3517 50433
30553 56618
67194 91579
42727 95002
9885 52633
20445 53671
47934 76426
17620 84533
29533 55810
41505 53166
10085 76798
59169 72024
8968 87886
55160 85913
34530 85722
6916 84999
65369 77648
59122 68275
78404 94088
6096 23641
4796 54500
89068 92093
55267 78581
8434 41581
10069 59116
17356 65214
66863 71360
5833 37380
39788 86121
17373 66482
73977 77945
66703 92474
58993 76966
24896 89504
33380 82391
65943 73886
17334 73321
17290 47966
17987 45769
22821 60857
25683 94515
51030 74188
38168 49637
23179 57913
88380 89445
3493 47352
68178 72929
62855 71887
9693 41933
31567 86465
52757 74104
44808 69053
77264 89993
5921 58592
33476 49168
10525 53005
2146 27735
51657 57025
17563 33760
62547 78804
38821 62078
36128 56289
24544 57127
52510 93283
28251 75712
35362 36658
20583 65972
61917 90103
92422 94791
11143 94429
9327 29184
38188 85820
24829 37777
79955 80190
13125 66944
31421 81332
28141 64935
60330 92998
45290 62630
33020 71168
26224 76626
18253 59474
4974 39725
20347 52763
12178 59376
239 27645
62237 92443
13287 69065
16197 57428
24047 42752
11143 15821
57476 82273
38924 89645
35566 94872
33363 35379
33966 46541
47499 69332
7132 87030
31312 93941
1761 44334
12599 15906
5219 8354
43660 82432
20336 76609
62811 82431
37902 56925
31132 91431
2619 9155
9593 31879
20406 53961
13644 43837
49136 75504
57523 68962
37392 91263
5226 58481
44737 55457
9903 41506
33660 65295
12984 24359
45219 92831
44668 61668
31530 83588
23173 40274
4086 94323
40166 79899
60304 76964
48684 66904
11016 59846
25463 63691
63715 94258
6533 49378
46933 53014
10490 76540
10238 14480
18121 25194
35682 66102
22030 75488
7794 63351
91087 92171
54799 89500
74900 85006
46737 59074
55546 74048
45518 49755
3659 89291
83086 92147
64997 76500
40912 51034
28315 43268
38356 47954
10613 13035
27721 93777
33949 34906
42201 78813
17821 85025
61632 87508
14176 66172
58717 87985
27038 44550
10249 28474
32395 37326
17800 44227
51172 55470
13541 87688
47915 58133
4177 24664
4991 7236
73370 81055
35070 44731
8923 44691
31562 38126
342 6284
26228 27367
17378 20928
28193 44217
7804 91702
13995 78034
10142 51504
15966 88480
179 37180
42742 69600
54989 65039
14275 22406
38953 42250
27226 42388
22548 64308
43680 84233
22375 39363
61464 67434
2921 87341
27667 34514
69988 94302
38574 82163
29772 35530
20187 92329
14642 80391
23926 90152
14489 41707
5427 66167
42057 91460
20090 74045
37925 67672
35178 72721
11464 93154
60878 93480
28128 49859
68162 81342
3317 85449
15380 56996
39431 94534
15957 63997
52957 62750
7113 43889
18852 59394
6185 24513
56102 81161
28674 76675
39948 92319
65326 69769
36266 59931
27487 66111
35243 61510
91366 93143
6888 94458
30441 52024
20322 42272
18948 19278
46894 81444
21396 93193
22345 94970
6547 94031
13560 17716
73751 82805
45662 74066
77606 84480
39097 59141
29810 81296
36484 85803
48391 93336
20724 25337
50328 54422
54255 69434
23603 54886
26955 65945
2314 16145
43025 69976
25246 48742
45365 76330
29730 31829
23739 48455
29801 70107
6816 19267
33132 71808
28780 82214
29676 82556
42156 49660
22846 79634
14523 75579
46777 82151
41463 91947
27356 48081
8001 9303
49601 78458
20788 38163
37578 72960
27734 51176
29287 41194
6229 35097
64180 84882
20684 46858
5304 60010
73804 78963
19851 44440
76366 78086
22536 52729
15006 55851
4066 39908
68477 81019
4089 81722
35066 41443
31864 84956
30023 54803
14686 81697
60437 83502
14722 90542
32429 37343
8270 84652
46959 80547
27775 47171
54799 60947
52341 74570
69446 88894
50792 89724
31281 73216
171 37410
8478 13819
13464 42700
3050 71454
28466 78536
20949 56260
22257 40906
31890 54033
14027 92713
13729 16674
29245 87952
8807 72042
9843 54769
46065 89644
24369 59564
10870 19008
8138 19809
48148 93912
71813 72495
3350 14776
69145 73972
83896 88326
6026 38525
17048 56203
3477 68167
46103 81541
36439 79863
42740 82814
49025 91841
16528 73505
54278 91145
39133 65826
56840 81914
39732 63044
11581 74266
64309 85786
56879 78743
24072 55367
61257 81663
60940 67390
19930 64912
72751 83990
48481 71284
31898 84505
52641 62331
16203 34386
58055 75442
3119 94527
85949 91123
8699 9541
33134 36086
34237 76350
38100 86703
13112 22628
15049 16653
63256 69165
3790 54990
56043 60196
575 90691
11879 87355
12263 14007
28123 66283
15775 48924
10526 30674
20685 34768
44272 77393
730 28491
14006 20002
14959 88421
5787 41009
41210 72510
79018 91708
39332 46342
53740 75578
623 92175
7691 82218
324 83076
59162 91497
31530 76032
28778 49794
62166 93928
14476 25274
13873 48044
22552 68856
4205 21524
2206 48506
15089 18698
32738 63961
57679 70570
65284 93458
66378 73021
19475 32953
55917 77319
77779 92911
2220 80773
3768 89272
54481 58205
80238 90581
84114 93962
75723 81541
78972 88019
9821 70211
43700 73577
42449 73851
27222 52230
13980 93368
6723 61479
14290 19003
46985 88697
89155 92453
11664 46194
40545 92051
33191 72561
35892 48411
80106 82897
25079 28227
10599 82476
30141 93002
61780 83307
1538 90752
61571 85564
73535 92983
4645 75988
2862 62887
15456 75078
9361 50598
33197 61607
92524 93621
9070 11810
37529 81619
16721 61189
28435 58761
10256 73727
67300 90522
55968 93138
25539 39709
83014 86887
46467 49970
50980 79307
56607 71112
54389 59996
405 3580
30985 68121
16020 28858
28641 83700
56269 61992
10149 11613
3178 47822
23297 77744
5540 25854
2588 84894
32877 65227
3068 45807
37990 78925
48671 80041
22438 23398
11342 71588
10087 49791
49630 51368
12640 25643
74322 87230
12448 13403
12726 35504
2616 23760
73540 92725
51672 90055
24969 32550
60695 74648
12648 54566
18031 65025
11174 42350
27212 86338
91185 93828
13637 77889
37927 46065
41208 85527
2717 35657
80863 89957
19292 89921
18799 53888
37446 85016
16730 37958
3255 42725
47457 66139
7054 92716
59788 86091
11305 73394
17184 24720
9921 67214
2509 78417
3787 79850
64579 91762
60240 81664
14801 95523
23734 56042
1708 43373
56683 90080
4476 92724
27396 35118
3748 66923
3369 60344
34679 47616
70484 71038
14637 16910
44765 67916
15290 55339
12864 75269
6274 22054
32685 58153
31830 83159
64122 66312
42309 95203
67734 79809
17375 80558
9820 82264
38669 76514
13938 58964
25541 67239
41746 45080
53499 91130
24942 81167
25590 50196
60860 90997
25863 72457
30484 39071
59114 62652
23732 46890
59645 94647
44916 91435
38785 39651
4182 78942
4140 11163
2448 12187
37881 66513
45060 67448
13393 48304
7291 45091
18995 19008
19600 57977
10639 24494
54262 84111
12487 28186
40106 40145
35977 63827
51677 67249
47270 79943
7092 64117
10613 92094
68046 77319
35828 48694
28483 47220
3488 45486
17344 55976
8078 67308
23961 66463
370 81271
55960 93159
64296 81049
20519 27074
60198 94499
49297 78084
4833 51450
8428 55782
20285 44533
25865 42914
25469 41205
44684 90214
57963 76455
1319 53403
83405 84921
73134 75216
33089 60450
2297 34609
10768 93289
10506 91160
16970 25797
11672 14607
20908 74957
38170 58212
29570 70575
28800 28831
20390 75563
16947 94778
35626 94432
2532 33539
3338 33838
23635 89116
40067 79681
6743 29618
33911 66890
9016 79583
19886 67995
497 95298
9968 37549
13606 44544
21881 43418
46006 77302
26079 61226
17784 84846
54573 81295
15883 50403
4807 23077
18784 56913
50587 73609
29262 95653
4811 52857
3985 56003
14890 70280
6910 51420
51036 77540
56594 69338
2286 48273
9656 59829
22798 71789
23665 89362
33511 50339
14590 15968
20752 80700
48269 95103
73814 78235
1475 95123
24444 90280
60976 91669
25232 37590
58182 60334
5191 85697
33428 80951
55629 73161
65452 83415
26514 48257
65898 82301
75307 77907
19031 38890
34237 70151
17406 22989
7673 68732
11399 66073
55257 60823
37540 92502
5947 82559
10605 28946
27208 44194
23581 46109
28425 40863
72435 73919
4469 48867
7404 45471
8951 45839
6943 38163
11562 34568
36777 74636
4392 48583
42771 71027
20611 50901
31638 86862
30032 73456
27023 82032
81738 83883
2847 34361
10813 46551
35600 82694
68474 90708
50089 70690
24731 77671
39177 69151
19933 81429
78046 92690
7071 37881
49592 75774
11428 81449
60151 77554
5646 8925
75412 93435
34560 79829
14381 32033
46237 71815
24886 92394
62128 84556
13968 91931
4588 80990
39282 66397
51008 57049
31091 40360
72727 89038
59600 76171
2697 16183
16955 38592
8521 83134
17961 56842
44146 94028
56697 62490
34740 61451
10313 60796
43041 53886
62187 88882
49774 67740
15918 95473
8547 31853
38711 42714
29455 31027
4220 14220
5578 77628
12057 81323
72959 87039
46869 92054
3675 21318
23456 57744
39926 60883
32448 34822
20859 33283
2435 11405
12500 38899
16355 79244
35275 44716
7041 24376
42349 68891
45635 50802
35777 79563
23340 43609
70645 93783
22937 53480
4124 58502
14925 41911
42075 45211
50080 81920
67877 84582
76338 83158
67066 93557
50957 56074
45346 80128
45343 82874
10460 60329
11787 95213
24954 88419
6825 45482
1884 51666
9247 82691
33925 55980
29391 88421
11724 52209
26888 79933
15305 48028
6733 59839
11052 15294
56651 65394
81518 93894
80338 86414
13406 60560
2432 23828
18507 28198
8943 35007
28870 55943
19422 70913
75578 78184
9010 54427
19310 22604
4636 54750
35900 79844
32284 43712
53188 87783
45904 51973
69619 89308
3336 11995
8698 65967
29220 65202
11457 20978
16613 66784
22006 89539
281 3643
55951 63119
77783 78310
13099 23023
50441 50731
46981 66346
313 37183
12233 59361
28809 45937
16013 94190
24058 75509
523 45850
23450 82189
3513 32605
14092 86726
10027 12837
86857 89796
5248 65340
31507 49159
72621 87957
5060 18221
22937 27957
26983 27749
15488 17664
29391 81735
33705 78133
31414 49060
9763 71246
40332 59468
29823 79167
10198 52945
44661 52222
9265 65363
29056 47238
3104 11694
16071 19330
44462 70903
49412 64500
251 31996
13561 61895
10597 47052
60252 69803
18033 28516
51138 90647
7749 74474
37326 54694
21978 44023
25112 60394
34768 85277
31115 31835
5567 55186
4797 58830
44993 93698
6065 39979
39911 63417
26873 40702
23185 68567
15581 66144
46525 90547
75684 81602
58598 89785
72110 94648
51105 71999
42745 77124
53639 93836
13344 18670
12123 35140
28476 36268
24136 93724
9211 54184
20071 75129
12769 81426
23869 95008
20078 74593
23307 87230
57408 76157
53460 64676
44617 49321
71170 89304
52176 64602
33159 91995
37218 77974
42200 62351
75157 87298
69305 86218
11159 42630
42161 71282
30337 61113
10708 25945
14213 25841
9640 52801
52849 82884
6101 45769
54403 66487
74636 89157
2419 89342
43756 87879
26165 91919
5267 61917
37727 40446
24534 78192
34713 61179
1902 7155
4133 34781
45321 91580
46062 92828
66830 75113
57581 70237
30919 55063
86968 88274
562 78119
37074 62981
59823 89202
36687 49540
38178 83730
76563 84648
22128 32883
27105 73559
40787 90200
5993 26097
15343 88047
57405 92977
30894 42526
1162 34037
63318 92006
49655 85867
45895 74872
26532 60831
59532 65752
70776 80932
2415 35231
12025 79271
40021 58799
22523 48779
59366 64739
3364 38225
63042 82623
10208 61443
75093 77712
64945 75170
29404 81144
6574 44186
25074 54230
16194 69326
72274 84934
16402 34276
16802 79047
59185 75228
11682 33756
8895 72412
8823 86659
5247 16300
28285 51118
17069 82969
26659 81122
52550 56013
359 23188
7892 60928
14028 14665
20481 90068
17469 20463
4537 57906
38014 87795
15716 24462
34471 50956
40732 65363
10295 15823
7313 41010
68729 82890
33513 72283
31437 67351
12736 35685
73 56489
15829 55914
61056 93489
40423 72628
21085 37408
65046 79469
27800 69879
29344 62406
30074 39358
34355 60644
89992 94374
30109 82285
6440 88145
24689 90644
31217 32474
32285 67568
18475 91938
37604 74990
31748 41584
314 8700
1508 42352
8404 89102
4004 34442
6186 70662
49236 90778
42273 79858
34820 76221
5861 61317
45325 76338
14699 68791
63674 68728
29541 41445
23089 69397
39906 57902
4828 39350
2955 8517
57071 88956
73860 94220
3682 93135
14170 64028
36975 49732
9931 83521
8256 26258
839 10779
3515 37345
449 25173
7591 90898
7541 38578
64213 86366
13659 15436
15674 62958
11137 27167
59494 59907
4992 21089
6099 83652
69576 89751
52356 54551
56651 89377
14768 50611
59592 71119
39418 47317
33766 79365
23889 45617
49732 74685
2026 56382
46719 75431
45928 56681
1999 44281
65673 78330
39190 51803
52698 62657
47227 82062
35470 46014
32873 82443
19126 72830
58552 74600
9843 29703
10926 12979
58964 80699
50256 85851
25850 40170
9990 67092
269 27273
38810 57731
15659 88254
4838 22409
8402 92655
47863 79251
20446 32552
3579 72679
47848 72459
26787 29676
35673 78787
6736 56931
19366 25874
2810 47578
46788 52891
61997 81616
36528 87953
27450 34981
23918 47579
9626 37077
51112 90544
38765 41011
83629 86604
57063 89119
5117 78476
1575 32104
7592 73442
12025 46490
2933 84083
26567 31091
26337 34075
30377 80165
30119 82361
43700 55622
21223 91205
28154 87117
63746 79040
6241 48124
19959 32121
15665 59770
17335 88320
67826 82304
1029 13676
14252 32298
28150 72484
71273 93130
52757 95049
47132 67275
31569 61005
4942 71451
23105 62445
18150 80854
10441 90679
86893 89422
10243 46618
30360 46783
51281 58826
39118 62873
6799 11829
46107 81472
33057 36087
15246 72094
46312 71973
1744 61310
25059 59801
47075 78475
21010 43451
42513 46226
37946 79741
26526 81819
11146 23260
26721 38151
61583 84185
11538 79967
14127 78768
58160 82294
74180 87378
43369 67605
31710 61349
55877 88999
15610 81619
23686 44256
8626 12838
1327 3440
1034 34967
7550 89899
44278 56176
2163 59769
62171 69459
52579 61784
7972 95115
39600 52588
19554 44027
56178 83454
35114 47483
2770 54936
32921 48738
4463 53142
28714 59729
40893 66678
90434 94838
12696 48130
76397 78802
15645 83453
15061 45204
39329 90357
41891 50958
27052 55730
43684 63716
42036 60475
17335 62531
44399 54524
47789 57744
26134 83684
77418 80151
86573 88254
93310 93776
21231 73321
25234 84090
50557 76834
56951 57604
25046 47391
9185 31190
42908 75789
23608 51867
11082 49293
70638 79717
6931 46026
1972 19146
8109 41965
29641 80316
24151 25892
12353 74766
74912 83375
27188 85698
48927 90184
31225 66676
6676 63599
51106 85866
1980 66128
45367 62336
19075 82364
20490 57883
19646 54193
2255 50787
53310 76434
2521 87441
2019 86873
13315 42754
8215 67025
54469 81194
17116 94378
19793 53547
27699 87782
1018 9663
386 2920
57736 67281
3378 14925
42304 50268
23144 87252
53229 95555
21647 87416
65817 86418
50917 82890
76425 83987
11902 15536
31878 49286
31116 59245
31737 35774
38181 67131
25737 27661
4094 44831
26693 95484
72370 86124
18767 45179
12015 83481
82889 88303
22997 51841
21169 76507
38035 80497
2381 83896
7447 53463
14959 49475
39403 45147
37423 53588
10748 86476
69085 72802
16028 55069
55759 68377
21570 74348
1030 58322
20524 39668
42616 76910
72605 85834
11901 55973
4458 51491
60405 91551
54065 61315
26030 88639
7298 66340
59430 91172
58327 67015
20974 40591
21651 59742
3211 20875
10087 55417
81486 89829
59059 64598
61511 69745
32878 72016
27828 48437
6101 49684
67427 81490
6339 17977
3120 27348
7439 52943
28523 45345
17506 62313
25715 50442
52296 69311
8907 82967
13089 30707
11302 27715
31953 72659
858 39906
35007 36720
70909 85465
80048 83102
17172 34280
31662 83150
10718 11225
31330 35997
16740 19126
22502 82177
25841 48245
57910 87187
7945 25657
56506 78053
19791 32548
89082 93835
9904 57952
61851 95194
30658 65805
31345 49280
23275 50160
53685 71348
79909 93061
65949 69072
14675 16285
24522 47006
36799 93316
20626 62783
5093 87285
303 43200
48437 48517
70355 88434
16958 72836
41945 58563
700 83440
39233 85120
70585 71011
23779 44353
56267 57768
68574 78796
34820 90103
26757 69524
14888 80043
34089 71051
24860 91558
49071 54829
49182 94282
39370 89528
13912 87839
48289 85439
15301 25529
32731 67527
20361 36018
637 28103
40792 84094
38382 93194
11180 77222
5561 39346
36972 48972
17806 65453
34295 66692
17225 31744
15165 16869
79276 90334
24346 56122
37756 95239
25670 59712
18149 27046
20536 85822
23214 49761
28343 33810
42263 70750
40076 41589
22444 55382
61065 84852
32784 48352
2020 12066
91202 91670
25021 64033
17455 78537
58099 69856
30723 78741
35141 56618
80871 86878
66144 91967
42802 74259
6115 7228
23393 71222
25160 31481
1053 15164
24438 69675
59934 62066
2393 40416
10507 36248
8132 27671
2736 70513
74751 89152
61401 67180
67868 81169
31928 80116
22560 78213
73186 76233
5521 21150
15337 52321
20992 57064
67766 94992
8502 24760
39616 66837
5098 57216
17234 40873
15690 47041
39206 80693
6227 94357
77793 85854
30903 45438
14286 48907
1101 29803
1413 44248
35236 56515
61793 86354
9270 61647
22263 57411
45294 91967
64670 73002
41337 41676
72476 73129
75236 78549
3216 44617
7872 54360
8926 40876
1317 42339
33770 71963
23331 94461
45235 46327
50602 84399
9707 71315
46538 92978
26672 90024
37212 93575
109 20211
60940 69376
4161 69168
10977 23002
66153 72586
11629 72013
48615 89576
37464 54329
62764 94271
52725 94817
37043 68988
12421 13201
40847 87452
25386 57355
28556 42843
24072 43967
64126 93123
38175 79735
62755 87185
44794 75043
45314 46077
73121 87946
79457 80797
19141 93732
7016 48275
344 86585
24854 47619
14894 54321
42152 85608
28394 30475
25712 87040
34218 94995
46550 79090
21119 77208
76757 88956
31998 70459
18272 93768
25235 84819
39836 83092
1544 14157
12128 89157
77372 83206
26686 65259
5368 6041
7717 35124
35465 52807
67465 68685
25949 28793
61462 92923
37766 92613
62126 72202
27839 75126
1437 41497
27170 30536
32504 76435
24531 39258
72160 76242
26014 39961
17739 39458
3872 86332
30810 94318
19149 27975
59761 86888
31946 48751
41802 57102
20801 49950
11159 64099
15850 55157
72592 91784
79435 89726
88656 93011
17506 61015
12544 48314
19680 78373
33147 64690
4656 71987
4129 95456
6252 88804
2369 66685
55038 64158
38852 90635
25653 62742
71143 86199
43931 61362
70805 74021
27884 30109
50665 53737
36773 62931
46802 63768
47804 74892
11296 48035
57579 68810
12266 55017
32115 33746
16110 47213
823 14420
869 9599
34440 82468
52528 70957
32467 75174
48628 55279
1784 40318
10363 95592
10018 78935
37245 72081
6111 10578
29822 45750
31123 69673
7409 9776
56074 67398
36752 56863
73803 89620
31876 58815
1086 27515
33026 37993
20802 67303
34588 62929
45844 53624
25941 56868
10479 59970
67010 78782
12659 36202
45472 67724
53552 84676
13479 19764
15566 87829
32523 94448
17933 35434
3655 24395
37380 84238
76138 84281
29241 75282
23276 32253
9670 52579
27034 79859
47392 77636
57248 63466
67721 91115
21296 87645
43138 56038
91419 94713
33696 94246
36016 60718
6559 81892
9282 46162
8775 56509
29046 36312
19558 51315
39360 53594
43577 44304
26384 42431
12327 79012
772 27710
35408 39963
23290 50918
35567 94632
23209 49301
26917 32797
51519 84187
41433 46068
27974 84053
2026 50064
18979 59228
3693 67495
69473 78685
19804 31821
47093 66243
44529 58717
9105 41901
31025 70200
7546 22114
5588 77930
38056 82018
31185 50718
50258 74426
69387 80883
30739 38141
8460 64343
23474 27165
1513 85149
47385 63943
7231 83969
11153 33705
8906 47079
16349 57443
416 41400
34083 49002
63708 94118
14630 83067
37654 70970
54486 79998
13223 64599
53363 75367
8005 70730
17093 89749
77065 80188
63064 88853
21551 25457
8075 50213
30153 76816
33912 59141
28900 69728
16630 53015
30741 90925
17322 42995
77196 91106
27494 36388
40739 61784
22944 80345
37120 90248
31056 37240
4883 65906
61504 73699
15042 70207
55575 63685
56002 84861
12525 51118
32649 89239
18154 55822
46685 92303
57297 90652
30667 45181
71368 94256
71314 74438
23318 39337
32558 50529
28543 81005
22283 71442
80334 80485
13903 65318
62680 67417
4344 49579
336 73305
2252 30869
13182 66021
56695 93504
40591 90292
13951 86787
36591 47524
42760 78466
15069 93492
28650 71461
57310 57563
953 21320
43029 84017
48861 58532
49580 75020
338 42234
9347 89228
15167 49336
16976 22715
45538 89409
37240 46019
25371 52730
9775 92545
10584 56954
6769 71771
31301 86386
57862 83827
22843 90829
45397 92178
49047 73616
41443 89699
68484 95431
216 33836
37946 82329
1540 6742
11131 60412
30431 73844
37947 74814
4927 23449
18410 79757
23294 35353
12686 93373
20730 29531
1432 23830
22965 70870
36228 41001
11326 15803
48569 62794
18588 82408
30206 83803
23131 82660
24416 90892
36767 72664
20184 52600
5559 88137
83965 90318
61458 79826
20523 63823
35623 91615
4803 86822
17222 57097
21361 25902
31965 63952
57131 62841
87140 88598
41173 88152
27053 81504
49908 66723
50990 51062
80182 88449
51875 89573
52832 87148
23006 35319
24715 30600
11314 83686
14250 29781
39145 66481
80439 93328
6764 91588
34355 60515
40806 62996
49412 60310
11672 32896
35846 75306
23101 58970
20387 81027
43841 53810
36222 39809
52218 82245
27431 47595
1482 24412
23686 50218
88167 90468
18665 23437
25121 64932
9842 27241
10994 75915
62076 72949
25880 43310
32037 79655
1402 54068
24205 48080
30711 82590
51112 86003
29288 79772
2845 81452
49864 69249
59309 66031
45281 71951
70150 92847
54774 78249
48304 52431
71192 77474
8133 94127
9729 45741
1866 65259
41650 59581
9638 21705
26216 50346
28405 39119
28672 35595
45543 82377
44242 88990
66023 95346
16016 35464
31604 50106
23450 73274
35620 56867
47434 94523
35326 59260
42896 53882
63648 89286
13178 42744
32970 88559
4967 79981
33243 60406
41196 61777
3191 86112
16039 94209
82657 91805
16352 21795
9656 46702
32019 58503
455 85547
20036 20256
49181 58579
15575 48243
62593 91602
17080 50726
10895 51870
47725 65625
58328 70647
12979 43516
13578 60993
28829 89960
66777 81113
4855 30810
49527 76903
34199 51996
31310 40391
4410 6925
6108 14545
2782 28383
5609 48653
25300 69745
33533 75707
77318 87231
28143 83781
29406 59696
46046 80986
1779 10690
38562 72952
42270 46096
37625 72522
29034 79859
75155 79936
16319 17137
4626 91961
59619 79072
19130 75813
35544 89068
2095 65756
40658 54326
26604 34421
58246 59136
7997 76395
11379 94661
40523 91112
42451 71534
56677 93863
19442 31091
8087 22156
50867 76663
77202 83909
288 90862
710 42714
39784 70240
28301 69145
25009 91250
36805 95414
31003 56257
50822 83746
19300 73660
27709 30813
380 14993
59295 89211
65178 94025
3379 24636
10843 87751
48819 90471
32314 65489
38893 90112
1619 54078
70692 73867
8015 59397
53217 56783
52969 64265
36872 45559
61179 73649
53254 77050
10599 43000
10015 90778
512 71401
38132 67814
28712 50324
22757 63308
87039 87220
12061 20327
8619 25799
20871 46486
14483 69240
74144 89047
17211 85143
48114 69817
4428 57351
62710 93657
48847 67533
59207 77212
12394 95027
68840 89707
464 77296
21015 74111
78622 82501
2865 65615
27916 83927
15914 28092
42343 86703
26163 55114
50517 72022
65036 73288
81867 94623
33416 78389
22916 88213
57375 90360
50720 64619
56833 66711
13931 47899
29439 51147
5894 38146
65770 65993
2575 70853
26938 52672
601 15189
52375 57706
14801 93154
39690 84237
18332 42599
85463 91330
24384 51672
7806 12390
49516 69326
5067 47645
13092 42199
7454 34736
25794 84087
27088 59917
46712 77740
49589 49677
31626 32891
18453 19147
76894 78362
26447 34449
7583 89367
1383 88508
69860 85094
7166 55681
25442 83144
38109 82912
67269 83965
52663 88159
9309 29637
41751 63565
4553 49260
12718 52520
10601 64651
5906 31006
4052 36726
26290 57905
25495 38421
55810 60483
10949 24327
20774 68525
14659 26105
40651 73135
26502 42493
65525 74876
19577 20267
56094 63214
71279 89247
29846 55807
39380 43032
9311 57716
1509 80987
17402 65640
39798 46718
20299 35043
43201 77645
4399 85280
4869 67505
91290 93068
10692 64875
89495 95049
58096 72553
11375 14725
39380 90518
17345 78518
14899 85792
7484 24823
15280 40017
5086 77837
8567 9661
37932 52083
55784 58555
34010 93872
50555 72608
79154 93735
60934 79757
37706 90843
63900 92473
20552 82150
33152 72351
25142 47825
56564 75953
44077 58830
86105 87596
60249 63809
42280 67879
36249 94173
18934 40185
16125 64310
56564 57116
68612 93842
8463 55001
68307 75164
19924 61022
50183 68899
85787 88783
22311 67847
18027 91830
4602 8378
44451 70699
67057 93753
5763 53093
8751 81823
23076 79049
46201 65217
51924 64682
18072 61410
17605 77362
60589 78103
19289 42092
399 77243
28144 84712
49491 85137
61842 95649
2110 12642
19943 82685
48736 86745
5889 77566
23515 77646
13672 57491
32926 64384
41179 47268
72990 78188
24504 59100
5436 27859
41007 75959
74143 83722
33640 48981
9565 86956
24852 85765
8339 45390
71937 88933
43795 57369
46567 50041
14362 39949
20549 90894
10057 93450
46132 56492
27060 60627
61625 68416
15632 42801
55030 76854
52254 55325
21734 88721
26788 34856
3551 17162
4195 78730
52661 62233
66111 88235
5294 54994
20172 91865
45661 82186
44985 53137
5783 10170
53724 66660
57980 66213
60306 95147
42045 59715
62584 92229
87032 95413
32060 65709
10784 22287
37495 85717
835 25555
46620 76125
36184 39869
47405 71881
71426 71945
807 91933
7998 8187
26410 36649
2285 65299
14079 88012
13241 31415
23643 33803
71227 83187
469 31324
25978 47501
67155 89626
2184 53438
12334 16858
51397 60920
35680 83684
37607 77748
17568 56882
7454 54314
26888 85058
21798 83267
28720 33126
73967 89076
48000 81066
10360 59832
41130 76328
4669 20880
36299 84674
23544 36408
27215 95655
58999 74958
41908 77728
18358 59299
7536 63049
43742 60559
29282 69807
21769 28927
20297 20901
13194 83334
15541 74137
37257 74892
2449 70089
1839 35953
68290 68878
31027 83308
19214 72523
22236 93160
34270 37135
42567 83458
17249 92538
32183 83586
55628 62292
9881 93628
12353 27808
23249 44931
4893 7942
15640 47942
37028 90310
18408 95521
10475 68193
38259 46384
35365 59308
20948 83709
20723 70817
34789 59644
27537 94268
29017 88145
24788 70474
75079 85660
29234 82350
36824 39442
11609 51649
58239 85951
45014 51103
41525 58994
24426 37985
78085 81493
47373 93328
21014 95108
14941 32800
8837 31236
7148 70000
2884 95421
70832 84145
64539 74357
236 81090
27699 90720
27724 32266
18326 71957
67329 94567
72892 92247
23102 29677
30634 95609
81439 94949
11969 35172
9640 44050
19268 62187
27820 47990
25760 52349
1270 78686
30655 42577
43337 60131
64343 82285
30199 64763
13637 22163
22535 61160
25554 66640
24152 56656
68049 86728
14613 47425
72197 73574
15661 94655
26610 55431
86976 87194
26983 63265
8935 91877
22158 64652
3073 59447
44584 45275
78047 89864
60314 82608
64449 86309
11103 94782
71954 83331
19498 31402
9691 95424
25735 62463
7719 11927
28872 52495
13305 44069
16123 54025
55682 60514
21154 60476
25927 37898
810 26106
15658 36164
39816 71764
21751 61132
59144 93149
28779 79841
55967 64531
25288 57138
31307 83560
19238 61929
54889 74354
19585 85624
12195 27116
9185 84562
6238 31202
32578 73151
26702 93345
11615 57368
2316 44028
28421 59117
44612 51056
21405 38018
29638 44153
35867 47904
47922 57911
46513 64397
10701 88406
8199 54593
26660 44494
57816 94645
9719 45630
51516 76174
638 50665
4798 34413
77202 95464
18982 76647
61876 92080
35935 81772
46248 52125
9808 66574
59720 77086
41243 68162
36543 85301
5511 72672
46657 49238
3395 93441
44067 94139
51445 65469
21867 59340
2299 73730
31689 67838
14816 90869
61967 82313
42873 78407
52424 74701
39837 52684
31972 79088
19275 24242
80876 87857
50243 93197
41025 42043
24424 68843
33466 67186
35918 63956
31402 73978
28178 68340
12456 49066
41683 62317
24877 79964
24390 79300
24848 88726
19535 84969
23463 30703
6920 15353
5860 88167
28845 53181
533 85935
6361 25752
9971 12913
20870 28244
27506 34485
41594 78678
1441 15025
13533 41536
1374 91158
2431 84149
14933 44252
55225 63863
35884 49443
23795 35634
62023 86321
8716 59846
3689 54751
18690 23546
16862 84986
13873 49735
24588 34473
30625 35346
7620 64671
55124 73120
8385 21253
43339 55418
60860 72151
43099 93371
5073 85828
48561 57777
19908 24958
9313 50256
17936 66411
55738 62444
32281 44151
67276 78696
59663 73598
22140 26121
24113 44385
75673 93266
20435 53682
3902 41408
40858 84804
70382 82078
73789 74070
15932 62492
32184 81080
40549 47755
65321 79613
45974 76207
17236 27013
24301 50020
7645 46531
28313 88099
46597 52976
15702 55249
74982 81250
144 15717
18976 29239
5020 44805
16668 23003
69632 81080
9689 65774
84205 86091
13514 14366
9058 67602
1888 69431
27950 38477
18929 38702
39628 68410
61085 75686
1907 39458
44938 92787
46165 55786
25383 94201
43331 83889
71495 94114
22788 60461
35024 46338
16078 53958
47665 49518
45146 87552
46851 64295
3500 41924
45105 51539
73567 93980
81171 90452
34445 93690
51145 64058
26414 66897
42193 82608
14676 60108
59535 93609
1218 58063
35760 85206
2941 64360
30525 75566
14699 32015
14024 60826
20544 65655
69695 94705
70691 91405
48049 85107
28366 51208
36347 70869
16886 86440
62406 95156
54375 58992
22925 59872
28363 72600
33346 77708
47354 61578
15811 77274
27515 40648
6684 84887
29334 59699
54034 93669
17476 78159
36492 38637
15816 24065
41236 69892
50765 94292
21424 77266
442 47743
16833 24778
62231 63709
39510 95042
44823 53630
5560 9475
64565 77244
3831 8391
11086 77686
15147 33449
1911 43300
28156 55666
5615 29716
43699 52571
41421 68238
14048 29012
39898 85043
33735 50438
36815 58712
64440 71668
47152 70539
62250 80030
22031 62889
30293 66919
48128 87709
62438 63514
41994 64457
21174 41402
50917 93329
14079 93560
65742 84446
37600 87171
49490 93345
43264 73561
20438 79064
3893 32862
39410 95448
39836 68861
78756 86518
27045 45160
16355 31167
32983 55635
36681 89455
51495 76560
41044 76924
26765 60007
15205 63743
12970 93314
24078 44410
64737 80063
27309 65062
9750 31284
21069 94060
8213 91140
23188 79093
31179 74252
4113 91396
34323 55109
27860 46794
27863 68711
4037 37563
28713 64943
5376 18501
7185 7437
44927 57288
18556 66367
13618 24960
21113 79995
11422 74930
10649 64390
93903 94018
71426 87779
34266 66559
41584 79143
34557 46353
71104 88676
13259 37208
32354 47158
46322 57799
36675 59951
27980 78497
62957 75368
13016 68500
51240 51457
12075 56530
61000 66283
54825 81436
38318 83972
40383 80548
2316 76093
7388 77033
20141 32968
2217 37607
7581 59204
1640 74820
64549 79980
8777 69497
63964 86447
43167 86652
60941 79872
35882 38887
50399 94145
16915 52224
62066 78845
29634 71841
44281 94890
27343 70643
75237 83204
7867 51794
65057 93412
8939 41264
61145 68788
38224 66357
54348 74876
40840 48086
55307 61427
36932 37401
53561 92361
17807 86350
13652 21795
9177 16194
15927 17685
28502 69802
33286 75885
45949 76614
46521 83384
23311 87045
34451 62149
27201 73150
26340 47442
5837 15420
73908 76405
14771 91564
20229 32394
25731 65959
8467 74402
3959 92007
65053 67571
25402 90452
27581 89129
58510 74230
12641 66220
3313 47809
7308 63178
9866 90402
72873 77226
64412 85042
49871 55699
44133 54853
25201 65099
57947 88987
22147 81565
57657 67167
7462 65999
18008 71372
21837 29758
15850 51877
37553 40137
7948 25120
59949 93277
5660 13634
15731 80026
2844 47023
54743 64054
13720 87960
54040 82916
48692 78835
40449 46981
27244 47705
15048 56197
64073 77487
25653 69896
5452 86076
23417 39341
26895 45060
15378 23522
7539 47127
79122 85003
23109 32507
1970 2509
14104 93621
17614 65766
33749 52810
17041 85851
48031 54872
32398 42187
51865 71311
19002 22742
60537 86774
9995 50202
24221 61376
7653 27348
11958 70798
45208 81088
39209 77973
57281 70423
43495 80790
42304 71610
21621 55984
13950 27576
4206 8416
72726 79931
19556 77250
58391 93746
15437 49653
6754 16413
15007 77892
6110 72539
14734 48062
21770 37287
10869 60842
7007 78240
12383 75189
8569 58746
64511 68396
11177 76002
58744 82044
25215 54621
13221 89527
57924 80076
33466 83590
58114 60297
47846 58199
11513 13770
53344 81818
6067 85157
57409 58447
18224 31277
63655 73794
6506 93266
17239 17437
4027 68097
11687 12334
42865 83415
71355 89376
42363 58630
75522 78922
44299 79306
41985 93845
14121 38422
20380 66027
29478 78044
22251 41975
6423 83083
32750 47008
29752 81776
35917 36583
55702 75393
18012 85415
30655 56073
44227 66910
15837 86094
16450 62084
42226 91626
35133 95224
13983 71178
32922 68467
33918 76914
8259 11081
27203 79297
39331 51272
52951 89995
8368 77271
3166 80326
7791 23581
41301 45627
24242 35185
20824 67559
32707 71292
13067 67027
12428 25317
47356 85665
23614 63861
49387 79134
73011 73642
51039 90791
5541 95019
42821 74149
46911 56663
26629 93575
13419 90523
69978 79758
24390 84034
9197 77726
16130 75279
33336 61886
24831 87976
26543 81513
79294 90640
48368 77681
34048 79002
38715 65118
4609 5493
10462 35261
23761 84710
19360 91900
21414 40241
23699 54692
16975 67093
2497 15984
23448 78341
23114 91481
69870 80518
88811 89688
3445 75855
63436 79777
48921 81002
43830 81001
67574 74093
44244 83245
6380 12264
39615 83285
21588 78633
31337 53793
61561 93505
27290 69428
10357 16575
11465 69554
62981 84584
10680 55158
63251 77085
19322 58303
4563 26662
18934 33739
64476 78243
45781 73356
16011 64166
364 76400
6813 30552
41532 57623
14922 60354
75010 81577
64903 95476
30503 43090
35820 88176
3642 19265
57586 81125
24929 77396
18777 91787
960 32342
49947 55034
59665 87521
62618 68296
46655 88071
10420 15369
73244 94568
65969 93378
30639 64218
22366 41029
20134 48031
47751 78581
6217 7779
58672 93607
46845 58840
21533 30306
55068 63946
22734 64552
4075 19166
11612 22355
44371 75158
51210 92712
4062 28400
6309 13298
30845 55625
12568 72867
17144 59774
80107 92973
37405 85578
12713 72253
66241 81813
2232 30303
76657 79342
73615 77467
1984 94589
5077 71904
79435 91692
38701 60739
19242 48578
51568 62112
15764 28909
38736 58978
50193 61350
59605 61187
24472 60319
26893 67691
8911 15438
44452 55106
57787 79501
7867 47760
91471 94904
54413 56292
10209 33712
31082 74178
2832 48178
71502 79783
70867 85335
26162 74516
31581 75010
91084 94422
873 79244
68420 70569
62899 68416
35996 70339
11453 90172
12044 31903
30198 55640
575 8988
16910 60598
19653 47228
61134 84055
5086 65439
33016 87312
32634 92613
23186 46056
8662 12072
33909 46054
30226 34316
551 46985
68797 79732
9780 65329
39344 86569
11631 44999
89638 94903
35175 50989
71032 84549
33528 70486
9264 70332
35417 50927
55771 69289
11669 14866
16627 82870
61586 85074
53933 81399
18544 87972
29386 60823
6275 92712
50960 50981
6112 39466
15977 44105
19346 43736
908 10676
15386 39435
1180 84840
15693 21250
17615 78589
43891 77489
22070 65935
50702 58999
17374 90633
35785 69525
68357 92982
34879 67923
11756 23737
53146 54239
25620 76154
13706 47397
20429 89195
292 24781
3591 8920
5206 54370
35826 82932
81904 85126
70389 91516
8935 31645
18268 76155
45739 95469
31754 83558
34995 79516
14242 92100
10889 66053
10200 45344
44578 65018
13705 76079
74237 84039
47805 92331
6095 92164
66262 71751
4893 65086
26224 54109
28120 82690
29654 59137
398 90039
51613 92741
3793 29266
80537 81338
11377 19395
8537 72255
19666 45188
36781 78205
17504 18757
51276 56445
21710 69993
60132 64675
31011 55288
34228 84217
16298 62784
3347 23378
43036 48954
27254 50972
7386 26947
65597 91589
2259 3724
3715 3717
32025 65758
6334 63797
2154 64979
58148 79852
4874 56661
48834 63214
55931 65477
60334 66524
32461 61256
17579 71849
83952 84250
26643 66639
16010 44309
4884 54103
25006 27971
24384 53429
21091 40820
29850 78726
51132 84928
87167 87744
1715 13857
22452 73625
56645 78512
9542 20612
15209 46394
68546 86676
16891 82299
6634 59395
5501 12082
57236 61448
1975 16697
7183 29561
37936 57923
53093 78108
72149 81660
77566 94958
25487 63878
9112 21898
59840 85157
30971 80442
42519 80355
20398 60199
20319 57896
34957 42991
60306 71255
18214 72580
23014 69676
9171 54085
18182 62283
7535 66560
27680 63395
47994 65143
3537 85996
65698 85091
4007 24790
17191 82390
17497 50018
61965 68030
20565 37847
33969 49804
24303 33561
35555 79051
78028 79794
7627 91663
42328 46547
7903 85632
36162 36168
29072 42669
25417 86471
5227 15762
14666 30311
42428 65842
29355 62796
16287 37437
55852 70847
32155 82757
11081 85427
7535 31755
6918 21842
38977 60633
44878 92415
10055 65464
22273 84127
1356 67500
10786 84282
45018 74581
18262 62499
36578 41737
43495 86983
14943 49113
38257 76852
46796 63716
36261 46206
3084 81135
75169 85089
29367 68814
1199 1604
15992 53019
11144 12642
15310 26838
5823 75856
51161 63694
40192 71942
84667 85962
28879 42822
6098 7073
66034 69809
36735 91589
6333 82190
17869 50194
61228 94697
3659 54628
46574 90836
43358 93639
48490 59594
362 69243
1932 89126
29575 50088
73662 86315
1758 35760
35473 64186
477 95641
31399 43596
43322 73307
15976 61249
32876 87374
60771 62590
21078 40607
23594 57204
36263 48476
66705 85547
45440 47272
5162 78604
12711 58019
14076 45700
10400 88756
22844 33932
24713 92756
21668 87449
45044 95604
11571 46714
55728 66509
23153 25923
70297 83118
49557 50919
50692 86433
33122 58428
21919 90794
18761 22364
18408 45164
33833 88121
12108 55822
20294 94995
3991 59231
6927 85172
21102 30166
59723 77972
37572 53659
29058 35131
2936 83852
22676 50153
77784 83785
9457 23733
65282 87653
9702 74401
25343 40956
15824 26612
12506 15314
22301 89239
15082 82962
32383 81893
66401 84009
22447 64719
6923 37986
43297 63163
10866 86180
21384 36299
14156 51364
7113 39184
43244 49447
42099 56995
35953 65877
23527 95057
15237 42825
61998 82120
41103 70045
4769 66346
44418 60573
30352 44602
56778 65357
40840 77895
32861 45827
34152 77833
76941 93857
8593 62144
7773 52552
14014 56507
25845 92128
42678 53236
8935 15168
29577 58353
57169 71258
16086 62444
11474 34009
25714 93062
23671 50511
15480 93750
8719 85350
12067 82872
14671 51994
22307 47978
194 16963
22382 29557
6333 19118
15948 77390
49272 79728
72635 88501
14622 64438
84232 92511
22897 24047
46749 51181
361 70565
7818 14366
32339 83620
9625 67291
53052 66299
25733 33696
9804 84960
94608 95562
3696 62975
21436 24860
4687 94807
10608 17941
57046 92470
31748 63300
65871 81719
41373 90067
62713 79377
5484 6933
65426 82197
49400 91386
15803 50102
9679 59846
8056 26357
2738 34637
34144 89811
72929 90518
66853 82103
58621 76412
3248 43367
42182 90697
11705 65382
18542 85549
12524 94721
55207 85319
49723 91096
12973 32838
43867 92514
54731 79740
4805 89099
70284 75366
54079 68911
11036 62493
18346 22981
66505 93175
2841 84650
34754 70304
40732 93478
19901 92181
67765 76341
48527 56931
9997 60723
12473 90887
31352 89067
6113 36105
67154 74648
39926 94971
49424 77514
32610 68810
21899 77778
69320 72945
9947 17033
36910 58753
21425 86773
26084 45324
10089 29688
36553 89614
69808 78745
61896 83051
18633 22380
23062 67092
24 78454
4835 56839
17889 94173
8771 72227
39971 84858
11935 29124
42791 48467
2045 68980
92200 94178
40625 43111
24751 64146
22308 43223
21004 32876
50259 63251
78008 88171
56454 69058
23384 32817
14797 56553
50629 51433
18740 81990
55173 73022
10166 32405
14244 65229
39382 89699
43803 88180
61052 70198
43826 81631
10431 33938
15213 40051
52594 53554
39636 43770
43552 69359
16726 42994
6053 64550
50091 56139
57108 62395
10751 17829
163 91590
50013 85154
4681 52810
70617 88695
28976 95381
9324 37264
52268 93399
6776 24984
22346 26732
26169 71571
54325 75277
37371 94624
6788 68049
8496 36121
65030 94517
47413 74080
15700 95161
18016 71830
64964 66139
30930 80900
42294 60928
19431 19913
28780 85334
22237 42956
32346 58346
40254 68080
20037 70062
31480 53624
8114 32537
75459 88062
31280 88367
36572 43610
26974 42160
29150 57633
68074 88698
46708 50044
73872 92622
31673 84234
42810 52455
45166 81657
42840 67706
7796 63448
32334 43354
24503 25844
4568 17922
25084 91253
51786 59371
68873 92269
3092 69230
528 90471
16316 70046
74482 77775
9278 58726
50858 72531
57527 74831
36111 47576
35136 89900
55641 64896
7053 57758
6514 62106
11232 31185
3875 53979
49912 77999
50521 86478
66865 84011
51942 60577
58248 69499
3236 16398
17311 64569
29599 49071
38458 52219
26070 95055
60309 87616
24565 25442
1712 36995
32004 50828
49386 81151
77389 78360
73187 91937
14930 63899
10174 76308
8239 38675
12127 44630
27984 27986
11079 51974
37259 53693
79693 83714
78684 93519
31368 81544
9164 87095
16403 27745
22674 38577
41655 88886
38553 73212
66020 83585
59516 93829
47880 93644
40929 62975
40359 84707
58723 95390
44775 50226
49175 50349
9172 81070
16062 87133
10006 59535
41588 46235
28752 39781
34424 37165
30766 94833
66222 87913
34916 78496
19122 22349
17411 41249
12446 47551
26512 69546
30914 42690
17921 88263
19725 62354
415 32908
73946 86161
32852 81605
52283 95062
26032 87214
23069 47095
62147 77097
22683 26710
28606 85871
30678 72643
1352 65569
71989 81997
40429 79084
8271 95108
22584 34454
19837 69763
23988 46879
37958 78852
26961 29353
6416 83060
46131 68984
73261 82433
12263 20565
12196 67344
28830 79058
51068 70999
4494 40292
15392 25770
18650 49966
3932 76695
51357 74987
25957 75641
1042 46627
21228 49378
31247 55677
38658 69894
40412 47466
11029 79519
3854 39942
40028 55331
85004 88226
44109 70984
12919 54002
843 86072
9012 71260
11254 74037
9713 27235
24607 61427
41633 64187
53734 77584
1752 18452
1237 35125
30953 87389
11849 33701
50101 51388
75458 85011
85889 95665
10765 46277
9229 36498
40840 86415
37880 87865
3410 25027
16950 32398
71311 92121
4269 82173
89524 94922
16180 94460
49008 93376
36123 39884
12431 91277
56161 60499
17910 55048
59499 80237
9373 92787
10039 50821
28565 74182
37318 95075
40065 92304
30144 94600
19417 82643
61129 94797
21445 64400
21562 51853
48799 93514
33059 87036
26814 55351
77116 85738
15058 95609
19768 34403
19928 82553
54517 62553
17888 55791
1670 20223
32555 69448
44485 84377
39727 50633
4253 49679
23986 38192
1295 39015
39906 93716
1652 62113
35222 57012
59207 71233
19666 90300
35319 94733
15275 20951
14820 51351
10639 29791
32562 90019
42125 73746
28954 63582
27839 28643
55865 78186
16410 87629
70478 86073
56398 84869
4633 74979
3239 4601
36285 57334
48706 83534
54799 61064
8539 36449
25538 26331
44388 86892
36151 71427
45529 67455
42653 94901
34075 52545
20489 43725
45295 47442
32584 59793
16305 46509
17240 48942
43004 46867
15750 68612
13963 44118
63109 80806
3712 24977
76434 77990
39 68344
41189 61097
42891 45749
21346 53188
15501 23127
51414 83928
8634 83041
23483 35345
46060 53592
3521 81010
15694 16753
72989 78796
20941 66422
28709 46414
82412 94963
63960 75436
12918 29332
64625 67458
40353 50163
32963 93158
37407 49541
34482 86318
81937 90263
17973 28715
16650 62241
15244 77985
13046 13792
9803 72963
21935 54677
11252 25009
45578 68563
47532 91493
26072 27820
8471 66211
5173 33961
13272 57481
57057 71279
14553 43364
53684 55158
59731 74218
80650 81361
29576 45642
15719 73908
7364 15268
39938 86246
10062 47972
23037 79995
19831 21926
65472 74585
13019 38861
56609 59571
2328 16805
2750 40354
4670 86037
3009 33134
3766 41087
18198 21696
15116 29752
79966 87996
42837 67511
42419 61292
95 8014
54285 70534
38378 58376
137 6676
7189 57886
28638 58922
15879 21451
5549 73100
63486 92870
13461 62712
6444 11869
23503 56085
35048 40540
32799 64095
28035 29789
54703 60711
38385 69485
48807 74990
41555 94180
2164 13521
73094 74186
36719 65584
42340 64139
65905 92297
28521 84596
34156 44878
6905 34137
54569 58291
13254 91138
35190 66876
52997 84669
35119 49592
4374 16426
18015 64384
57352 95457
20433 83596
31849 70969
45564 77395
15922 48607
4317 6858
44426 68009
59361 70344
25228 87854
45119 73161
1044 93101
60143 82865
16939 66348
38882 65392
10568 40980
1347 63675
43238 49885
308 29750
4969 73499
20229 90894
30359 76212
9836 71957
45387 94145
30761 57749
36049 37281
12763 84955
40623 67125
5456 35728
1801 56072
55919 73766
69426 87284
11565 74871
89941 91241
67186 68865
13029 83223
54035 75202
41419 73224
37513 49099
45713 65156
68150 87376
52509 59282
4486 55252
39377 43394
40142 79835
5869 14048
17950 71927
37620 48742
41191 70012
9946 20239
41621 81756
20253 74346
29636 77452
51080 60295
54758 58464
34603 83659
76101 79373
3621 20705
28638 34557
24984 34701
21101 37712
39267 45982
50326 57591
53067 58734
1863 8659
23036 82460
46113 54803
39453 94708
3925 19719
70338 73977
31097 94379
35037 92438
26862 28641
11378 78314
19113 37360
18597 36681
53527 54602
64790 85685
67447 68687
53377 68413
35199 61274
1107 28862
53911 70731
7288 21590
76061 89632
14849 54896
29 72382
27749 89795
3867 69524
31254 88355
68059 86503
36063 72970
57332 85136
13923 35763
24086 75082
70710 94174
46794 55361
8 13499
22148 70839
40779 82313
26 95089
21971 54767
16858 64137
42399 90995
10349 69186
13434 70326
68646 79901
10055 13646
6683 25623
42412 90149
87854 91710
10427 68637
5859 93507
58155 64204
51162 55723
8959 15181
29913 40416
11347 25386
44508 73058
53907 62826
10969 35775
16257 41311
34821 87856
6072 86294
29257 44974
62457 82494
5563 73566
18063 44147
756 50578
38760 85601
9819 41658
11179 46994
7889 35219
12496 26659
7189 52244
17771 28694
8946 92610
43354 76198
39362 94490
1407 95306
16313 51403
36248 77762
17125 48797
48505 57674
67602 72471
68719 92629
61607 91576
27284 77195
28185 55497
89006 90080
20466 20557
8797 69359
62440 94489
23045 75774
63834 95297
36795 77084
13532 48206
10224 74828
49360 58008
21391 85571
2198 83455
32978 93384
3049 88376
26574 95382
41248 82778
75482 87201
55540 70298
78293 79279
11494 24602
44981 73072
32009 73801
6190 30415
3518 67635
10797 30480
53203 74486
67818 79935
32318 62655
13602 70321
54546 71775
54389 73269
3104 85228
59517 84803
7670 55834
6617 94203
66058 68971
12220 21131
13181 20404
29443 34331
57655 64797
10080 18221
42860 60434
53899 79646
3279 15811
1478 89594
35934 60266
36073 84858
7780 58341
1977 17029
44816 77434
31616 50579
45936 90002
13354 67949
52733 67034
41355 54366
40881 82827
11041 93339
21202 22874
59161 63079
20529 69113
9296 72844
36738 47915
34284 53462
24488 73709
38076 48351
8856 94028
7317 42841
5667 28963
77667 95716
56477 69731
4176 72963
38612 59813
11517 51727
34136 39378
46673 55020
19741 79489
3305 15862
7174 91662
73055 94990
26802 35508
18322 45257
26765 40684
54023 90111
13133 25389
64744 87724
67292 73550
3645 74731
26925 78354
46600 58803
36134 69823
82155 89905
28970 33782
23955 74003
18642 39786
5482 29448
58179 94645
29912 36900
13176 20695
440 78520
11448 77177
19775 66442
27950 82048
14606 43321
36388 53887
21903 43349
17960 41544
33720 43511
44804 50097
29924 59461
6581 73855
58459 77936
1219 70969
49252 73963
60265 67936
55713 81860
30993 56794
8563 42436
63168 89061
39076 84226
69658 88701
19749 52955
38096 63497
4487 75653
11523 26158
33053 82882
26187 74313
21148 34040
18583 76328
27450 28501
17405 29076
19617 93740
12953 42584
6404 14102
33562 47547
67992 73816
9616 16993
39664 76409
33172 82341
3939 60836
11407 85190
10021 48900
49945 70287
33044 95030
29843 40465
36515 49603
14927 92661
3640 95341
5960 93217
25413 94553
7703 56945
47155 72279
9603 43232
23212 50813
35684 92721
37818 78489
15856 20242
2783 8937
24221 89870
18188 54354
4369 74182
21699 68829
36024 41299
16068 84701
15030 67889
11889 41184
8262 88169
7834 59992
48280 65269
53902 93365
25320 86006
55982 62105
36055 44902
27368 59901
8386 54178
64469 88842
42359 83604
52539 91755
31233 31851
8740 34334
51440 86401
36213 78205
504 80236
8679 14928
11946 38295
25022 41243
66300 87459
58167 62846
4717 17507
25526 40487
12319 77882
18268 41168
60731 61719
54397 57970
25858 86770
42613 90402
4369 41345
56166 94527
115 35050
31610 42571
16529 78109
35198 55713
1251 83814
129 21649
86578 90674
25870 77144
16348 89826
19613 32305
33110 44973
66554 72967
18455 68151
73944 84224
49617 88092
17138 64965
41911 73740
36182 76881
6120 89579
57333 59527
9178 14541
8636 55917
23277 88959
43744 71068
167 64646
30129 40326
47197 79742
59852 88470
7013 74747
33934 92571
53673 78691
18947 60088
15327 88640
41824 63978
18944 78442
31491 60509
39674 73683
20508 54003
26803 29259
5398 12244
9933 54478
1931 88999
19262 83348
8976 39460
26390 61434
51322 54257
12410 49076
37371 49285
4885 74009
10400 55284
52264 90603
18541 53902
26528 39105
45676 75369
56695 89820
30749 80576
14382 15001
28963 91151
7745 72239
49474 87524
72085 94419
42301 69811
7218 60483
19418 84985
56445 73465
56866 65301
17471 22318
55114 86034
28071 93658
6373 22852
4679 49860
20283 37212
48316 94712
20277 89497
54966 62855
8422 79585
31919 44503
43162 69879
45323 83238
28013 40324
4531 24977
16321 67586
39811 41244
34934 44699
38474 95498
19451 42037
40273 81780
4666 47786
4921 66530
15728 69711
4834 42085
32498 41202
6124 12127
14751 59143
35673 40297
507 48778
11768 71747
9499 48536
27500 53462
43480 66487
21082 77381
38352 76989
49468 50085
31992 55315
27064 55355
46882 67946
27882 53627
53118 79938
57302 80278
65802 90357
20398 94134
51875 73300
11293 51178
10944 88177
25109 95306
1150 71092
931 84432
4351 78308
45018 70576
77065 79404
12781 91985
47665 93377
27601 35175
12869 89939
35390 70117
7165 27947
611 33649
85622 87764
9720 30290
31485 45728
44930 80569
27478 31485
24211 38608
34415 85365
27376 83556
60483 74089
34070 78831
30631 45386
127 79758
10886 64333
14412 61727
51299 74259
64306 89289
61585 75304
35406 36207
2078 34221
31009 78823
52754 58952
21208 83583
38532 91385
86397 91646
50316 95493
37581 69859
6878 24553
8430 64345
67947 88136
847 95161
773 48348
2577 43673
21203 39012
36674 54246
45228 47142
58078 73805
34856 86257
34425 78975
42558 74193
5737 29925
61327 71397
17304 29182
52158 63010
13656 41190
51141 69942
40099 73258
27726 84796
51404 59599
47446 48091
9102 68600
23342 39399
45344 59280
60006 84836
72011 72757
4805 71651
18374 24029
34106 37772
9588 44144
12942 34493
75462 85220
67487 95598
65768 87915
23182 75858
18582 90704
51047 94504
11587 58304
14573 49205
8880 90352
61603 74350
13734 65511
5120 92535
17693 56457
4064 27205
64250 87400
10388 45928
47594 59028
29819 64664
76666 76779
16461 43654
25950 37823
19909 52401
3703 90313
75290 82938
38560 68118
76097 89320
10869 92140
20582 88582
89728 89990
71091 88656
75332 88805
35239 36792
44812 72200
45291 84020
20297 37828
40217 59135
51897 90752
58941 80625
33461 76420
49730 92523
37907 88379
24274 52580
16301 50117
11896 55784
5502 10469
20811 43754
897 76555
32418 66109
14323 52149
29915 30724
12703 63679
7157 60107
70703 71592
36175 91634
18752 28050
78591 94566
13266 76932
45122 48627
86145 90269
32612 58866
17144 26833
16498 29731
71105 85827
7519 17268
3331 15534
45474 93996
33597 61173
32072 80905
654 3375
9044 59303
33259 67320
52310 53793
25212 88307
13561 42426
526 56446
19282 39320
47414 94707
23181 55969
10843 25864
35540 62538
49234 84043
24634 82324
47493 72609
66649 78721
51300 67474
13206 21487
85182 89644
19583 50156
34493 46490
61053 80499
9785 21181
61873 65789
55340 80272
11330 47357
26321 54799
22490 54781
52440 59223
82919 90079
28173 56838
10669 84622
33337 65766
55862 64970
8163 52693
15129 77158
3261 40063
20575 90523
13176 21267
29229 56774
67902 81689
54915 67489
66190 76002
6874 46844
14268 56895
3188 5848
21880 28766
67328 68211
34627 86350
7613 19729
5515 15056
1993 80758
13195 60999
12161 36545
50389 70264
23505 26487
64130 88676
83610 93405
39352 41192
18327 57772
1615 21998
25326 82420
29084 37239
36388 77555
56616 69828
14603 90364
36565 62794
4554 6732
51655 55656
50121 95057
44310 52091
14175 74814
13054 39056
34222 59633
51211 89100
10622 43839
81977 87864
35347 70319
8569 65376
16488 81776
15173 61307
2221 20238
31053 84834
9637 15362
10940 14752
36881 44776
63698 78548
45381 58239
48040 78039
3023 9258
3344 48781
23210 53221
27221 73010
9202 88995
3694 70152
27372 85942
36445 86306
5339 54615
4982 38042
11512 61001
21226 78311
20229 24908
34595 91613
20276 67758
1259 34538
58773 81722
4094 69529
21769 80732
45243 79302
8146 53652
23242 76396
94538 95092
46424 83102
30698 42375
58424 61600
41492 62060
32304 68787
18737 22106
19324 53596
40364 72236
16329 51143
37414 91208
7885 41373
15632 41697
56039 63462
9497 77149
4383 27850
52984 66686
25971 77206
2333 65178
13005 80433
9693 51554
5793 48173
3498 74232
3719 14037
64673 74847
28491 84774
7021 43121
79918 91870
15102 33666
23230 30629
42733 75982
32059 61799
15927 76460
20634 62336
54959 57228
27141 28172
74400 84194
26137 84158
46114 52904
3681 53916
12680 58874
18094 32156
4963 46220
22410 23835
48183 95038
23759 69212
18506 41090
2989 39895
27067 89392
59877 83428
38833 91453
332 74745
64401 73731
63185 89676
56681 81991
873 22313
59908 82167
15781 89942
43453 58326
92907 94607
5410 59293
22561 37860
6592 59582
14126 71516
29801 58782
26645 26984
74988 77038
12588 69760
50150 74955
5407 26468
49982 74179
62014 77699
30789 77971
21279 42676
3290 16718
34164 51100
23742 44205
14676 77146
6554 6935
76018 84898
24745 60095
82221 85223
26367 74615
50693 67606
48013 92642
2825 29005
1262 53587
60302 92771
8332 84258
3920 75778
80625 83776
33979 77882
7228 48242
90796 94104
56480 64045
66899 72797
44803 94239
5914 90299
33256 35601
33680 63863
13826 59044
1083 70206
15381 58804
6919 63456
86384 89342
75410 91496
73724 75685
1859 48662
22832 85306
53952 58604
24628 73276
10015 62066
36277 58792
9911 61252
1214 86738
9523 16711
44840 53349
69270 94064
61187 95715
18666 79344
10667 55138
10937 23486
3856 65139
17886 82547
62576 91508
6412 87051
14791 33672
45853 49148
25852 46869
51025 66623
22529 34215
4128 17119
46699 58923
10751 23044
57407 89035
9979 69463
27911 57953
27960 68964
48432 50181
8193 23323
26800 69810
27912 71131
61596 69765
9393 60741
42773 53823
68043 82637
85071 93244
4046 44402
35994 61899
57409 69554
1037 17393
21933 92228
29985 36445
41917 94382
19387 67796
23203 40425
9786 19382
37322 86564
32663 89174
11409 74755
9024 56584
32335 46677
42608 61521
13833 49574
16187 78617
5897 81808
56075 87210
42925 51741
12470 20325
14799 63867
10963 25514
13929 70324
39960 60613
3099 95108
13071 65617
34577 56365
55058 94059
60023 81828
22669 42015
57910 95559
24704 68869
18222 95201
57930 83251
31489 93235
32965 62797
33526 82011
67760 75604
14291 81638
6538 15244
58350 86392
5999 73662
57467 75962
43194 67503
36292 70850
66405 69912
923 64177
43847 55227
10468 57543
19676 36231
15494 74873
23627 47930
39537 51149
72068 80106
20862 54346
42146 44618
18197 85017
19713 33715
59830 76494
23060 72058
38158 80040
40771 93047
49898 50910
15662 57659
82080 93972
31015 91256
50895 64520
12949 42309
33851 65597
34931 54009
7315 66795
17 20207
50930 76499
25819 93784
16565 29891
2803 8891
13177 91753
10559 76589
39338 62456
41311 79487
35758 86057
15466 50436
64503 78133
43045 77509
15760 74518
31196 65207
7403 45775
1906 3354
9362 52416
39773 87838
1694 66622
37528 41056
6555 93397
48668 93006
5783 31416
84423 92200
39253 74301
18111 56530
36730 75028
10346 11498
26733 37653
66435 69224
30519 49535
9006 72764
65572 81162
58051 75405
20477 40964
8074 55571
6894 92093
46634 94918
48425 70635
50912 80092
39754 94795
492 5309
31691 66392
17205 71763
85757 91616
57676 58450
31120 94095
10641 23542
51958 85511
21407 94700
6079 35600
25263 72891
26738 69407
14123 86387
32272 70749
70407 94329
15848 76046
64746 66392
14913 42441
2556 20610
24012 83727
30044 67525
18766 76828
19465 78712
60491 68608
42175 60745
3971 55670
8046 20129
24373 75218
18270 66437
46763 87175
21230 78564
21884 60030
62286 94444
42139 69233
17282 74071
39198 40120
487 89555
34476 41723
3530 87394
25113 27722
3315 49401
6266 46662
25734 59736
39969 68588
42148 46597
30255 30315
60579 75274
9892 77882
5920 93595
45272 67686
39019 56853
36582 73438
51004 64930
11047 23157
18486 68696
38739 55285
34820 78626
18820 23797
56116 85451
50777 80584
9967 25709
72179 90281
14817 21660
49441 80668
6730 9987
47683 87347
21717 46615
33339 94330
29179 74962
247 84999
80010 82759
47680 78755
17151 61650
19366 65299
9436 32618
45533 66871
82310 91174
11531 73757
9773 55652
20419 62107
10936 84284
6928 31065
33809 95061
46786 89999
24832 74785
23166 47931
22725 76896
19537 89470
48767 85589
20291 93122
27845 42149
5507 81082
54249 68738
47747 69203
12745 89226
67068 84483
15683 59251
8546 95169
22490 70484
26830 84924
34044 51697
8632 41000
67155 68819
33969 51001
35919 80821
10584 51539
10000 54679
53651 86774
48951 61805
59330 80189
27670 50034
10886 17334
42371 71344
63626 71559
8974 50000
17381 26345
37895 48003
5382 74955
17615 75280
12788 70743
6315 66951
13046 59308
610 70116
45860 90381
39952 43672
46044 54768
46310 62881
20242 88497
11183 65454
6832 15384
7322 27556
30040 76521
25299 44598
17149 23159
51963 91396
2330 73465
87098 93037
52000 94321
66509 93293
61884 82877
48251 52321
23203 67072
45867 88735
49662 51986
8592 52176
55141 90130
42723 65965
7205 10181
3787 81694
468 83768
11391 33093
22606 77208
51987 67452
93506 94351
77611 77655
30901 93167
55718 73965
29279 87655
27612 30358
30290 65486
16316 51716
58188 95381
32285 89123
5975 49721
25914 50752
40622 55810
11066 54272
60661 81487
21630 90837
52863 68456
31085 47162
19443 30078
16192 65613
18685 92359
11242 47858
1568 15100
67616 71879
3547 48408
39708 48635
1347 75221
1418 11200
23515 51400
9900 26220
69432 87143
18639 54241
3734 32172
48120 90277
66037 85210
38249 45236
34056 44077
8871 88028
49581 81653
39682 79830
9129 31616
19953 73691
29284 38181
30331 34208
7059 7563
29309 48315
44531 56301
10640 15817
6787 56485
55245 59706
5465 84094
68303 78703
5875 91190
40434 94810
1317 13144
9600 48615
32631 74586
3536 64025
53277 82881
21805 28591
26631 26907
36408 60125
30679 37866
12441 62397
16732 42850
46029 94457
21354 90473
961 24624
34628 51267
59865 94036
12450 38091
36607 71078
30600 90266
58671 84547
20429 35567
9770 91437
50607 60913
17622 48251
2404 21937
26275 36784
2872 18490
8519 84212
10325 18749
160 57578
72527 79407
32042 43365
17904 60058
3084 76337
34533 59930
4708 57176
48985 80112
7449 16079
27408 81526
69063 72027
69850 78870
3525 5255
53409 58549
1411 73576
74376 79184
20492 38511
11228 16976
36144 45052
15518 18917
77632 90043
25940 95288
48757 78722
37535 86147
16938 79892
8393 26983
41873 48709
58602 91802
58316 75525
44631 51074
11840 27284
21524 51436
3070 82236
26642 28469
4548 70768
26651 37184
28403 66550
38777 85836
27337 29010
21572 91608
31949 40528
45172 62577
58207 86677
13367 66470
46108 53778
16292 58394
20464 88675
41768 62297
62800 81988
7305 61586
62629 85614
62992 92945
24893 88695
20913 74445
42773 75960
74014 95281
14017 25959
2390 6745
32791 42984
1306 35289
86617 92355
43731 90099
6738 66302
36449 65250
60224 66859
85756 93990
63565 72403
46663 90336
43780 48110
23585 33585
44852 57633
9848 84587
84588 87502
28513 53778
6220 78360
311 12101
6821 13944
41966 55057
286 39600
51749 87197
28175 30271
19600 34608
4184 18444
2118 44860
9329 35339
27943 76505
8599 17592
24052 34580
23497 23629
83768 90616
4300 52364
17053 34049
26367 36813
53363 58875
54422 59516
26828 32107
52144 95545
37028 61824
31160 79686
31412 76169
19974 43246
38277 62132
15821 42012
35613 61375
36772 90985
485 72671
30221 56484
24059 32787
16747 63423
67422 91239
789 52139
29013 60798
7027 60744
16807 43212
23855 62331
2343 10846
26297 72791
32766 54468
16278 50800
19719 90789
31716 62776
26126 70202
43724 88757
54097 74744
20583 76872
36209 80210
6521 71752
67259 77920
12836 43379
74740 77441
49077 49082
37826 67317
5980 61736
45853 94052
64415 82554
60006 88390
29572 72934
13177 83475
26788 66289
15621 58035
34914 41156
90052 91761
64982 80745
443 43495
1796 27346
48685 77291
24356 31893
43935 79251
27330 81022
261 53276
29031 62465
69831 90103
26364 73523
32541 54983
67295 77401
4124 81965
579 89390
50142 90785
25312 88432
22704 90589
53414 84962
33238 36113
13012 53830
78797 79828
32656 35500
3795 28218
54839 62701
44609 60909
10079 65442
74408 86971
7034 83461
59765 69878
60566 86162
57406 81520
29185 35862
40343 78160
68103 87198
45550 77482
15394 93295
30047 77578
66700 94540
35541 92250
29539 52870
5535 21860
5905 68979
16433 41572
22730 42238
63673 76140
68972 95251
26155 54212
57402 89590
83762 91984
54162 84105
46734 95143
37759 94046
43992 52410
58613 89134
20223 68938
86895 87329
74024 86113
77942 91804
38619 71132
14054 59572
36651 60511
11888 53180
46949 64436
9215 48902
86719 90197
10758 77355
37805 91536
1548 30674
18191 33812
3123 76572
17810 60175
25154 49375
15953 87100
20818 58151
20607 55497
8630 81086
12795 55834
26168 83321
25311 30672
3453 86455
30508 44438
33098 65534
32287 46627
11581 83850
52338 69591
25632 39485
18590 25481
18784 85871
50083 53096
47272 48189
3912 23671
1510 31806
16189 29578
5494 77501
54037 67780
74648 80163
17403 91678
58412 71732
5621 83743
41026 90040
4004 62941
1174 71677
30492 62826
42783 74923
5705 64433
3807 75387
48419 90825
66951 76088
64816 78546
20033 28718
30581 75600
13407 88080
22143 53426
59940 62126
23561 73374
17234 75376
28816 72782
16513 30947
76871 88684
51163 75150
303 38153
4098 14069
20151 40304
20418 47413
54756 86289
12294 51122
21768 23089
14169 81362
1205 22318
38906 50094
52030 87349
21018 92344
30843 71083
61853 90014
39801 78898
56880 58765
37912 60079
40906 77887
43245 92095
41349 74425
14774 51525
7389 15584
45063 79503
1921 65479
43657 82616
14387 19689
6691 88584
62855 95190
69629 92429
12612 38470
20993 89785
16772 19811
46008 57038
35654 84098
14014 76144
1980 21760
630 45648
44084 63457
18380 44510
53957 91557
48982 94915
38556 72531
57837 90977
22103 71392
9704 51836
33395 67068
6620 94994
18040 85738
17473 24719
5337 37509
49131 94929
57569 79878
78617 95415
12898 22423
40509 72511
10122 29969
29364 38365
52671 76947
47157 67055
34122 84040
42197 78524
17159 59512
42748 94249
39331 71261
37693 74642
63186 75244
33522 80669
27122 50863
65754 82899
45797 79267
32386 51751
3021 15569
16356 89606
3144 53832
9417 37442
32331 75024
3474 83492
4807 45643
52810 53812
25820 90535
53869 70382
25382 52143
49873 90541
15770 19897
22313 78492
24867 82628
46281 50343
9640 60594
60892 75516
29459 68497
40524 51298
27752 88839
28471 66330
41830 47688
19666 80968
44829 81491
62264 82094
35714 58384
5214 94700
77295 95106
57298 62895
64679 88361
7082 13949
45816 47637
31459 83196
35094 71980
13656 67326
3777 4490
8623 62938
15137 67530
3720 9902
906 90508
38563 56238
20616 90211
39352 76988
11739 32354
71109 72183
20843 29734
8219 94621
11706 71093
43055 75563
9856 43943
5371 50519
55431 59575
37560 44871
15890 23346
77231 84844
60064 67071
3709 10396
18541 59908
28217 56676
28910 79963
38831 54948
64415 82452
3561 35247
967 10599
16044 43588
33128 53293
25031 75836
394 85825
39109 88309
28949 88574
70735 85510
11998 82716
74793 80187
25939 52269
11405 80149
2666 23244
26036 84590
35204 42564
4286 44180
23034 62525
40365 92377
1543 39015
54602 81077
14265 22799
16734 18924
49450 59257
18196 51464
79002 89600
46513 67815
6071 29133
22164 53984
7702 90492
1376 92254
38481 94989
27508 37620
36963 64367
14034 82137
13955 62912
18355 91839
31995 58203
22505 51170
3173 76672
15105 28230
47858 55305
14718 44970
38796 91349
77481 82193
22472 43776
48200 64636
7858 45409
25957 93748
19863 22649
2545 47994
1508 5672
20100 77095
31328 60379
32617 52799
65692 68236
9194 58591
33787 59053
38764 57887
49747 54893
45489 75775
47163 92118
37885 56875
34583 52351
2559 64701
18874 45824
58443 90431
68776 71680
5972 51402
1697 37062
56950 75315
57496 83394
61734 62865
27538 81360
22788 95191
21302 76319
75887 92829
7867 56357
67984 71161
26664 84423
3222 69621
10140 87859
2849 26518
34616 86381
17318 57731
12799 26773
9487 53900
24294 81699
14829 32711
74291 88608
1424 18620
30884 91984
32080 76603
9261 72424
68675 83067
3674 47956
42734 61997
31437 42065
49183 95025
79148 86952
54206 94092
29714 88275
715 86876
19152 62989
6770 34619
47729 67141
8431 83011
52939 76815
33596 80970
77771 95168
77343 83360
38054 80332
67196 87464
45030 56536
58073 66968
34190 81580
51893 81274
28447 88350
34197 64233
32806 62541
18309 85833
8114 42172
38265 81013
9496 12160
78265 90855
16426 33459
19691 22877
3366 36844
91 54760
71541 94851
12160 41448
48069 49970
53502 64913
17232 65058
6968 78235
42723 84853
82485 85518
30946 38755
21764 56690
26459 90355
48974 81644
55324 91990
8449 11945
33339 51822
81399 88002
58877 92427
17194 89076
42331 62010
27533 93043
19932 56594
18714 66181
2207 82069
43849 83194
11143 35293
17596 66833
43665 63680
8126 84254
50588 86660
9398 61626
70108 77990
17533 84991
19605 76593
4683 91716
30663 41987
7855 43248
29779 67694
16302 56270
6362 16634
13037 89283
1845 89900
29453 34817
17351 52392
3332 42982
20916 39730
36594 39217
70290 88100
10035 15228
48654 92383
41047 58805
57025 71313
55848 87205
44691 79673
17792 80371
13606 44867
44124 78955
57903 66291
60734 89890
48720 70879
35340 89267
27033 78890
2300 42060
74708 76359
83031 87734
7175 28024
4980 83728
7202 41445
6209 38028
48276 53112
13495 81991
51122 95586
19677 91143
34715 70585
71814 86173
41667 83423
7856 53035
37925 78011
18384 61010
22282 78820
60232 82227
351 89712
26596 83015
13570 23519
61035 94854
35030 72158
21771 69962
16661 44834
62545 65561
48312 70901
34250 49665
65439 91595
25081 75259
18682 78792
40250 80742
11614 61498
33659 89735
64628 85200
75160 87896
28947 33681
61958 72298
15481 88197
62048 67889
48260 78667
37895 56826
17620 66181
31970 42487
17932 75578
34066 60043
49499 95704
14181 51634
94776 94842
63791 68206
67656 78152
344 71073
1222 81459
44355 86010
14048 40535
6366 26441
75572 77824
76981 94865
29418 92916
27998 88780
29617 82002
42506 72213
19139 79315
29751 55434
31855 43288
62022 70255
8590 61706
4705 80264
17365 78451
5435 83840
58204 71118
61333 95472
45531 70448
31806 42971
29250 40968
12088 66207
3901 44635
18138 63470
50683 52747
35951 88770
23326 28003
40161 67874
14433 78231
52754 88730
46329 66412
4884 19557
32989 83045
24581 45758
50495 73128
17768 82780
39734 60831
16275 47104
8623 64914
35492 82591
37807 60103
20487 94390
55054 90401
28892 62073
63544 72584
34309 37308
28838 43957
30493 61038
10779 24704
2414 51180
56286 81267
50781 57319
32093 78402
7397 64779
60693 85611
56569 59213
24984 71037
9973 48141
47333 50561
11170 79635
72031 83595
12888 95414
9299 94078
40552 94260
25008 67134
16153 24758
50207 69788
89764 93685
19710 21428
18819 90612
38548 82625
7082 70053
43035 51061
41496 52977
70718 91788
8798 47215
32433 35463
27317 61871
23340 28609
19255 70202
14579 33915
22753 68530
56464 63494
55398 71426
41602 44964
43407 78187
32752 64714
9134 47681
5812 90310
8791 39834
46385 77453
4905 56447
24868 86798
31458 86773
45059 85724
45130 46622
50946 83347
57108 74501
36815 67694
11033 14028
7937 13854
34888 48351
44724 68422
81809 86295
3793 26727
54655 68858
32735 36117
25248 88685
11731 90246
8800 29727
33143 85852
56603 81624
26708 71491
6185 76659
72136 91215
34742 75245
32283 41983
18930 41859
15767 76692
14893 69197
47182 74977
41475 95530
53484 68725
56043 82188
1413 26134
455 44180
24324 52520
2132 2472
16987 28472
25530 87516
12346 77625
4762 57901
25711 73909
12756 69323
17983 20754
38470 93746
5895 15853
3176 84376
2452 24793
33705 80350
3862 24433
44319 55388
40124 55930
5928 36333
10666 53852
2679 30015
13750 65114
2993 88770
63872 89757
13609 92772
8842 60491
33621 51414
31240 34579
19480 41133
24613 62424
82923 92593
37285 68143
61607 63490
69146 75369
19628 27252
13319 81046
3959 30252
29648 55885
38440 89361
65345 66068
79996 88981
18928 92031
463 36538
74582 76899
4670 68218
14401 60818
52244 53747
30621 51898
43159 85313
62130 93760
33860 89554
30009 73791
68964 70297
17944 66142
59572 90491
29720 36383
61287 67207
42131 65477
34206 36527
28602 81958
87905 88233
67593 82835
12633 33909
38472 89154
16973 62703
55755 89819
17501 34175
33970 81433
7745 71079
76277 86549
32810 39711
4478 86968
34236 67559
18367 20463
20208 41315
30817 62374
59340 65034
8000 16773
42833 84013
17901 32395
51224 63307
55522 94610
19541 68494
25041 61425
68444 92599
20161 36069
80928 92021
45114 87378
65753 81330
29252 49938
20218 68174
84819 88068
45618 52720
27761 37812
13338 87314
3114 26335
45021 67351
27395 74795
49050 86847
10396 83195
56370 83285
5340 87035
27409 65279
5913 63211
9486 89374
28366 32474
33960 85064
2322 94551
35421 81790
46932 85924
50512 73058
63528 88535
13869 56758
36632 73050
55649 63919
29837 38068
15453 31995
75783 92578
58348 78265
3128 34939
88817 93564
20752 26687
17819 87152
44130 52229
70022 82210
62023 71924
60387 91907
66217 79008
9919 19244
12634 64293
463 92025
12277 41657
19117 41087
21799 87498
11085 85693
4055 56014
29432 33282
1747 56423
12692 92837
4147 67627
15958 31470
736 48954
2918 43393
27425 73363
75527 90702
3967 93599
39789 69964
70396 95478
11076 68491
39022 55346
7663 92139
5221 83431
13892 45163
25684 46772
67191 91151
31732 68417
24711 32452
45870 83817
40463 67366
30706 75023
8362 37448
25369 31166
8838 90383
59947 60320
14518 86853
12915 71520
47609 75603
26309 88311
17347 38889
53907 91016
27743 32616
34258 90641
66258 77047
34142 82385
21537 23991
20840 29810
61782 69980
65581 93959
65464 69665
3553 46057
41160 74918
22608 90514
72072 80622
40214 55330
57407 83342
33463 70385
67821 85311
2938 63990
31283 49238
50052 88519
26879 76414
36782 62559
16193 28832
574 61778
62672 84775
76475 95233
11979 79256
33237 50607
33845 54367
3133 28605
12314 17898
45262 91283
81314 84280
43194 85680
14025 49523
8721 40769
27267 63992
92 42076
7938 78943
33866 48734
5813 15155
7861 90839
24607 38902
87249 91758
14782 62381
9095 66114
59227 59935
16238 29814
3870 77119
85753 90249
14244 71366
15293 76011
68030 68083
55921 68105
20959 88623
5566 29913
3430 53428
61557 87825
44846 81928
61206 78638
19931 40863
24583 84397
54992 91074
29057 84468
22430 44173
50994 87460
30938 71008
73614 92760
28713 90992
75703 94524
30271 73039
29127 29917
7036 52205
2265 21808
20744 36903
38785 58911
48807 62491
22120 78905
28724 30351
4051 84901
14300 33051
13542 54514
40986 84202
68688 68827
54245 68390
46570 57199
84639 92234
11567 81193
35080 82784
31447 78105
60321 87231
35086 66622
48038 89464
46983 94812
195 70234
3914 18326
32100 43832
7524 71804
16107 27923
29509 86441
41632 87079
29502 51168
1021 62309
43848 64257
12146 94154
44270 46244
394 3214
65987 94382
17977 51510
17064 89591
53986 81803
2801 73384
6165 70883
78170 93681
10998 55841
19625 21545
6719 29336
37341 92483
3868 6794
19759 61298
76961 87253
62179 69680
49586 82509
26948 75128
643 37950
52377 63790
54925 70213
31762 39105
9670 74287
28521 85217
12541 80509
56490 68517
57680 66390
5406 91662
28437 65533
31955 59514
21360 60414
60461 66625
60523 69066
42145 51002
9028 58139
3075 87603
72851 84529
86245 90149
6073 50038
25136 85611
35148 79245
292 57406
9113 31378
4356 84405
57876 94453
2692 95359
10979 15578
28784 40622
43821 77051
67129 91459
27080 35543
15057 66797
70974 76596
13390 82590
2085 35280
40214 45521
11633 70660
90335 92014
171 94505
49991 71281
31748 34950
16640 93718
13654 74253
13969 44247
12226 76604
21471 39246
19967 50935
23229 25620
45323 87993
49105 50110
52665 84529
18918 79541
6284 38841
29620 92679
17337 29077
29253 33509
42305 88278
58945 92033
34233 74081
19589 36672
60776 89730
3700 50545
32599 40360
31405 54384
43068 81559
13651 27592
7568 65804
53342 71449
83269 94475
32269 71770
15065 68064
45334 84874
36717 37242
50588 75464
29900 87534
851 25848
28281 88363
41430 52327
22265 82830
18780 48835
37185 92948
30650 42318
62801 83296
78121 79937
54466 95106
38274 93283
15339 37487
9153 17124
15952 53990
75782 89428
2176 26920
28292 40999
7612 48526
1560 68430
9378 65265
71354 77907
47990 79662
11926 20268
32656 70645
16061 55177
39326 60822
305 23724
406 435
759 39942
14087 59991
17773 56590
46324 82685
45874 66094
76126 82934
51621 95086
5662 44932
29135 82874
36912 67551
17505 33232
39632 87345
25289 81634
38385 53402
12422 58313
28520 53303
3251 29394
43643 46083
9436 78849
2796 90148
77873 93952
56531 60223
49438 68503
28100 78183
72433 92363
60717 70796
15963 82101
28078 89960
14087 60559
44638 70971
12393 93586
36528 86738
78705 87068
35519 86796
7767 41134
72750 78643
35262 84560
19052 35075
59748 70546
48839 69931
11025 55184
8579 86019
80409 80953
81432 94532
87969 91841
73410 78975
64524 74362
53998 91910
22595 35006
17773 63746
22042 72332
44495 68496
37903 69218
8693 79538
9831 20042
10009 22624
18535 52426
1182 95630
4132 5805
30786 43175
78528 95683
24276 26476
32675 88683
22305 86727
77276 95087
58057 69833
14512 19956
63979 79262
5641 38863
148 29586
69931 95131
37941 43650
1909 61855
34490 54187
32411 61414
4173 16644
53841 79794
21366 26486
9577 18568
32269 56753
39805 91349
6840 18476
27376 28607
54172 54696
822 5247
5903 52714
79811 92475
70670 71674
21011 92023
47021 55718
3973 8221
66461 90109
57850 86476
8345 32061
7844 83636
12698 25931
7768 55252
33407 91280
24773 31869
53683 57348
62174 92765
58934 83456
24264 50063
54919 62123
27764 62495
2514 67287
76621 84437
9742 79166
46614 57280
70298 89161
70642 76470
5450 61458
27895 59175
20941 68618
26781 29293
45801 58894
13767 79445
47118 55280
37850 94843
34677 42199
29860 91133
28264 46804
21732 26949
27870 75858
19761 88556
62307 72944
41047 84361
70318 73446
58414 73165
10122 45371
30347 57275
77125 95027
13873 48060
69965 81058
41833 55780
10434 30929
78668 80602
20731 87497
27918 61236
14906 54386
32688 59177
49825 87855
7728 77684
12494 15697
4455 13756
353 30183
14222 25323
28016 63534
52833 55606
8418 64327
78901 81443
4210 80989
40930 83237
11274 86136
31745 85619
13771 30892
31934 38203
44447 63957
3013 75255
58501 69834
40789 80881
2113 39354
50035 91198
7766 68036
56351 86373
4458 47666
5750 44798
29954 81532
8966 21764
34289 45652
42182 77417
25729 53301
14003 45760
8795 36389
32109 37002
90284 94525
39352 61041
1815 86015
53455 74153
9791 19024
61348 86063
58379 72366
93 84556
55186 94703
51083 51384
80665 92147
8760 84243
92876 92935
44460 89673
2974 24687
25443 52565
14754 52764
48895 80463
43016 94365
29030 33701
34612 64200
53401 58639
24371 41864
53391 78460
2269 74999
57409 85711
5436 81477
42004 70342
4356 73656
47519 55646
2419 93105
64573 88839
54186 86358
26398 66433
36003 50995
10652 84963
3609 63110
27726 68472
44601 44662
7206 39652
39665 61467
11370 15950
61433 78489
31184 55427
45617 76406
60307 75780
2797 8776
21058 29920
44889 70756
23939 78862
38325 55913
45001 63463
30371 53412
63448 83560
35526 53169
47011 90910
3202 74953
4405 95569
5080 38376
117 71613
704 92892
17329 62816
56019 77102
4972 25551
40265 91563
17489 40399
15858 19881
29860 85005
68567 87779
10209 41351
939 61559
28714 43390
1402 19528
2181 34411
5464 51925
49677 49694
17791 80624
28404 29309
78702 83914
2026 14367
30420 69668
14070 35990
53223 88494
27252 52724
31513 37953
15482 50707
19167 30337
25261 34548
23226 77636
9849 37349
39238 48093
14937 67141
36789 43873
24278 30819
9086 76597
49705 64870
54148 89830
7711 92181
2248 33542
34378 74563
41501 91409
39818 85650
79957 91123
5961 14083
84351 84400
31498 54892
46456 88811
11397 76201
63547 74008
6210 88118
43559 78067
47040 56235
16193 82429
5410 66394
18820 83032
1908 67667
28543 76641
50589 66541
42398 85477
46073 76433
21266 80398
33537 83996
18556 64946
36739 56466
21345 64035
75944 85987
52091 62652
7086 35183
21368 42954
84325 93526
58773 82644
14565 35336
10325 85997
40441 67507
39730 52248
23850 79584
10069 23771
11956 62091
54754 89197
25999 80009
29459 87129
55393 94260
48646 50980
7469 56111
6319 74613
10258 64854
27735 39002
206 58814
29559 32805
16893 27773
11047 89056
50453 67203
56434 68620
64376 84518
84548 84920
58524 64270
54459 70254
6331 9673
42904 60007
44078 64300
40604 87420
75773 90075
50550 56950
14896 52317
24428 83654
35437 77074
60083 73691
58932 64434
34135 39617
65612 90586
324 84802
7291 64852
11583 36732
66084 67702
34126 55512
51831 87646
12866 26625
8775 56103
53521 93157
11305 81489
4289 54390
28833 35186
2102 24608
11150 81498
14353 94838
21632 54796
35078 50396
45939 79272
3276 26434
59856 74059
20346 73884
27141 57364
2426 30837
76145 82000
19298 31432
48567 62920
5264 22213
20373 38698
631 59830
41148 94811
56595 88807
15159 61563
30513 61448
10997 93443
15364 29462
27586 59340
62698 73158
19206 68537
8422 93564
66857 85997
43205 78649
14633 42331
14191 51574
55454 77223
44124 77993
53279 53314
42422 92219
59296 60200
38840 66659
62513 91897
7392 9508
64011 88346
14175 74042
29653 69953
54585 59539
76456 87750
78998 86116
46082 91433
22818 92156
50602 95657
12775 89215
19498 72749
4878 9253
1332 39265
21214 22327
30719 45609
70636 71011
22613 73178
66358 91199
1265 87302
25655 93304
1567 58061
38024 38822
40566 82654
21022 77750
8324 73447
30138 71187
14941 85123
25699 47354
17611 72091
12060 72987
27762 72302
83754 92766
64870 65749
50458 74762
6033 65369
57078 59066
32186 91795
46193 93643
19811 61003
2437 28294
28015 43793
20769 68859
20188 32017
1305 35286
14952 51328
7521 76142
87650 87980
64312 90030
13822 78394
11783 15452
5784 6645
50734 53069
23279 67568
81949 93147
17900 54402
12430 72566
59099 61761
30001 70329
6472 49319
19481 75768
7316 19182
749 87209
51644 94932
15557 86102
6259 49622
32920 58266
13832 25304
88193 94716
22525 78649
47654 90010
183 86335
19439 36762
8730 35784
79347 92745
10801 65701
64060 82939
11070 79398
10084 29290
41560 93154
11069 82942
92590 93826
1598 81042
53540 85349
17398 73775
4263 58363
30027 55673
42628 73359
25118 79888
14781 28465
32074 89437
3821 92285
58659 78494
1221 88491
55236 78761
3190 44720
75350 95196
44248 95167
2473 53690
66332 75308
603 83117
7574 89589
26492 29180
11952 84673
41189 91699
88491 90667
74253 95504
54873 79983
9911 43156
64869 66194
191 23659
50638 88895
21814 55232
12276 81136
1141 95318
31278 59127
18534 22834
27849 36139
49732 85114
20993 58666
18857 70694
63314 79155
177 16501
22586 33819
34848 84163
70846 74106
540 5979
20571 76454
46834 77846
25029 59233
22315 36073
63733 68343
54882 78241
59360 75653
6683 44327
72946 79666
9098 83232
13148 67314
16781 55606
50461 76230
12749 40441
77203 90158
65387 74105
31946 31995
15559 46227
9728 68656
25591 54833
10896 58557
6922 95507
26078 43628
8651 28170
63972 85401
56 2844
21010 33067
21993 78959
6561 87308
30675 37618
40957 62045
5864 6975
42180 87282
4998 13631
32764 47126
40389 82187
21470 44053
20374 93945
26255 53633
36850 87168
22457 49572
60355 88502
16326 24754
18502 71308
543 30983
19667 79309
41338 87895
50004 58923
91780 92083
30469 57824
15059 52974
4911 44557
81891 93684
70040 79323
15189 68207
22755 68375
34734 85890
58888 86701
3945 23286
45715 48302
39132 71480
56176 74477
26667 38461
392 78801
24139 58874
14391 51063
16901 70460
2160 83511
2903 22177
11160 39306
32681 63420
2776 7047
17500 56168
63453 65016
8231 41814
62286 77487
44714 90638
62296 64579
33819 43798
56070 71568
10690 58716
43342 55768
9835 34059
52595 56210
14695 18198
9119 34257
16135 89802
18671 84808
52969 78918
54479 88827
19 49848
13687 54566
4685 6352
3794 12511
29016 32506
13059 36277
5172 71695
40875 74962
2328 24816
4162 94055
18798 49936
7419 77639
4385 80262
22917 61068
11447 80997
15738 57098
61023 85973
16812 68197
12692 55759
6346 83852
8074 19740
57219 63920
52193 91490
8368 51144
26423 73356
72135 73440
83230 93441
12558 82955
37262 38382
35973 47838
27096 68814
16917 85197
26393 36130
70211 77702
42459 78552
79232 83267
18824 34959
29763 42677
38083 47407
36008 41464
66407 92346
40418 65827
80061 91987
18581 70426
2294 45377
45560 68960
59350 84585
28394 83336
34013 39318
35156 48832
20665 62632
11222 14134
37387 42938
22040 39287
42105 73877
39960 48686
64516 92701
28774 46582
49831 59947
17386 19915
12538 48096
12988 54595
76155 85383
20023 27649
17229 57928
54083 80156
72694 75937
31981 78471
46847 76047
10256 63406
44106 88166
60688 74135
551 50556
15059 15474
10692 74934
2038 93674
84162 90203
25660 28590
30751 41936
10586 26180
14646 28205
10708 11628
8140 43991
62144 70107
23093 59091
72312 90607
9776 16710
8763 52888
13133 73222
24971 82410
61642 91668
6544 52232
61545 85782
45777 90290
2563 48451
46010 50905
87207 90479
7214 21499
4657 19536
4158 43809
4088 58241
18314 66707
3123 26899
71319 82201
16882 48270
3708 49186
27230 92195
26434 48745
37013 49758
54867 73276
31014 89572
57016 62930
20919 23094
3717 84920
1027 89297
74451 85231
4790 5542
6856 56803
12343 68951
6637 19224
76752 80355
38439 79119
30333 55535
23453 57494
38856 89991
9732 82477
15588 24006
9882 32044
8456 13771
71007 88954
20609 57978
3991 69590
6253 73208
9758 38271
33845 41235
21781 86456
78333 78656
2373 54361
85363 88435
41039 43477
1588 27739
13500 95504
24802 31681
21819 22270
25192 31464
3471 23871
37222 39068
13927 49985
40259 86584
46250 80522
27470 77062
54891 73066
1774 53877
63206 83096
16355 21577
76447 85852
24495 90371
51726 59587
64396 82506
39195 61473
86570 93275
36451 52978
54946 57491
6983 54226
6423 55124
80424 84288
1923 79720
22541 72321
12621 71053
47737 54713
27452 93163
29600 74422
44409 86579
46501 66025
35179 39998
55320 80335
15836 95172
3791 68314
13460 52365
9178 51489
40838 80863
46011 55351
2606 93607
5678 51456
46742 78733
22110 50272
17442 20630
11282 45142
15033 91229
42303 44307
60626 67530
59231 66284
21891 36114
8063 70889
9664 64893
57926 69056
77044 77978
70588 80446
9868 24114
5340 70049
4632 79218
44989 91381
60438 76750
1335 30759
23550 48109
43596 58311
7678 61724
44575 82696
33400 36893
68834 70891
23711 57217
14183 34961
57664 93301
34262 94467
67588 83169
7835 24321
16410 38219
34224 38441
24614 42095
59156 62154
14582 40238
2498 25667
5806 63010
37716 62674
12772 60185
17205 36759
54226 57178
67277 69808
12377 29982
68327 91664
10489 73190
50323 67196
6701 79247
35635 92027
27705 62813
28202 86480
10000 47074
89244 93097
62741 67824
30454 90526
10799 72833
22493 40924
2466 46263
14377 41060
12333 59091
9380 66723
65108 88040
10692 72531
6966 80123
19110 66274
20914 66705
43232 53578
2966 57678
40481 52943
36457 72769
22793 23900
14474 59593
48413 74794
23857 62409
5947 64637
9399 42538
8907 68555
12851 91736
34701 85453
21824 84340
55917 68510
53826 82683
71302 75849
28646 61335
88992 94506
79430 81742
66273 68164
5853 42169
37546 43166
81879 82133
45479 53544
1545 69783
37237 86802
31515 62680
1844 41511
19200 42870
45080 60166
18219 54839
50060 59106
12673 52114
71193 83416
28649 39997
40167 77972
5139 13176
54869 57101
62001 80693
18933 28587
7832 93477
26049 39433
29709 67277
37465 73817
76377 90508
22875 26605
31346 92071
23269 24205
16071 71738
24740 70827
9101 90436
58886 90071
26802 78995
9486 40264
6298 9809
54221 71652
83651 88044
58044 63636
61713 66230
29752 64960
22245 66948
6561 35571
25087 46448
30018 38011
37497 67388
9547 62347
80035 87103
24926 70282
13084 37871
74366 87030
51082 59986
4766 47877
27504 52337
3919 83864
6735 39490
8599 86705
13748 46664
17682 60185
1073 69442
28601 39653
17109 57824
42380 92880
88138 95720
6286 18280
37736 59733
8077 51210
38734 52211
8716 44111
74716 74736
30128 59884
85131 86142
12651 17715
7030 18945
58982 94678
20848 65900
67062 94252
20167 67159
8756 28195
11393 81177
22598 80996
17085 82461
39002 47442
49056 76477
9303 50792
22815 72828
74573 95247
3655 31355
16875 18547
40362 83472
38274 91468
3955 83677
7761 88976
42889 49695
20872 55285
8902 65198
43422 92182
50877 64007
20715 78087
32726 70485
18860 29252
1939 47046
26679 50872
67841 92507
5134 52108
19032 74332
27258 64744
1455 74494
6528 60016
54477 92208
21469 88805
67589 94076
11023 79154
22382 36787
28727 54167
35465 70218
50272 52040
48464 87928
9407 86704
20574 28100
15776 47361
65200 85555
17623 62274
79821 83402
31724 50402
76351 84076
17359 43604
8375 53884
1157 64590
27785 87970
15561 16797
45235 68834
10074 58307
16603 74849
5386 36109
34145 36173
24190 57407
38241 91026
34814 63684
28698 92343
18289 75627
54652 72286
18501 62663
29252 85258
11211 73207
11209 92301
37410 86222
71478 90217
8053 33139
43708 71778
5456 54243
13479 31806
14131 67413
7558 32914
28486 79016
23105 90433
38637 65612
10332 80453
62064 84433
23505 35479
9859 77580
9250 64451
69279 92765
33818 65170
2756 67962
1954 30273
28809 59993
59757 62418
31364 33949
9884 84468
49716 81400
23094 41028
5649 26432
8718 55159
5476 56332
28157 90298
46745 48754
27860 34457
31910 44300
20039 43023
62401 75507
21192 42549
14818 70461
110 94272
9293 58361
75845 90539
3230 65946
74246 87905
2106 22138
1598 3161
10206 93105
49322 86828
63116 82079
11692 78917
32961 62227
69997 80471
27486 42147
91607 95511
14729 54237
60390 73640
25620 45882
2854 60919
16126 20260
5685 60551
56230 85369
6188 74922
40050 50896
1105 41369
44464 48478
56383 73293
17457 52437
21354 58415
60618 68226
12241 76011
27095 50710
71612 75971
14460 33934
60811 77142
70029 82167
53279 84299
38773 70659
60199 71917
48724 79417
58965 70214
20619 54946
46069 62951
36073 41794
372 41971
52780 70702
28032 56115
29247 73452
28256 88024
17574 84888
358 93844
3131 13713
3037 48049
51386 52642
614 33894
40162 85219
65272 85308
1869 23698
53022 88137
62738 92847
27106 50930
2252 63222
41322 62544
2863 88436
83664 84751
11101 84389
63796 87815
17024 30337
20284 70499
5288 61848
5137 66622
79575 91482
60566 84575
1385 2299
43696 76554
1452 90349
38324 56176
7308 57527
12889 32092
32405 68550
26535 66140
40594 65881
14528 32269
3717 11576
87549 91835
36985 56792
3966 43497
10547 34263
64203 70241
36809 83693
5987 76956
29080 78408
21799 33026
40728 70194
65757 79497
51544 69543
9245 74506
31509 68204
23951 76257
35697 54791
54601 91354
6297 16047
4107 15569
75642 86519
89039 90151
23033 83582
66700 94593
3364 85378
711 93896
53826 69140
11181 71221
5676 15059
46254 69210
17175 50039
20753 78069
11383 84038
2593 77018
24476 93725
18123 43449
15798 32420
22194 68865
5067 36800
26504 72609
44518 94399
92473 95100
84096 90110
59835 62144
14194 76866
17593 67778
47484 72996
11247 18959
2661 62041
42171 42719
82651 93936
4321 47440
21864 90064
9538 27468
34187 54868
7300 71230
47436 54909
62549 80169
30625 35434
43 70657
10978 13475
197 59522
18309 91967
24192 50581
38108 42818
56275 79065
60057 61981
57584 58254
3110 16108
26755 90237
43792 69467
76141 80168
19723 73447
13738 79871
61728 87165
20177 33179
80159 85678
53352 90633
3408 29446
52896 70228
15747 95224
2220 57024
1208 11938
34567 85685
15759 93619
27376 82795
75865 76687
15945 38894
64476 92637
17181 56640
70034 81268
4826 5463
46580 60531
54958 93152
79681 95371
16628 26653
20434 47832
28920 80854
2585 55243
5624 24719
41685 74111
16908 89381
54778 85440
41281 50825
63438 84453
21184 22077
58326 59336
48594 82869
9636 60854
23390 54874
34686 82649
49463 54179
57686 71260
49684 79260
19349 83784
27616 67091
11579 46563
42839 57847
79861 81520
11613 65423
2343 55289
67705 70730
51639 54115
20821 79138
29119 80897
33398 41510
12937 13755
14767 59922
25 78630
28723 69218
5642 9454
3293 46397
26076 58010
34766 37798
23491 95487
49528 84250
13084 28196
39568 68636
47602 60420
40555 75898
7160 25113
23793 68248
12503 73318
2479 50764
12615 66476
63912 90720
17224 70768
35930 75257
49273 75540
20923 72543
57325 88895
78151 94591
11550 16468
74601 89640
3085 16871
52864 89339
83479 84914
62684 74205
70284 94730
51002 68653
40854 78011
33659 84322
28359 49900
51276 56612
30011 45507
282 7641
25350 92303
39873 52546
5516 30548
46063 93878
23886 25669
386 90218
37838 60274
14138 75371
8231 65925
8812 48663
6417 28380
56054 83287
6917 14217
41370 83632
55466 90306
3240 71607
5744 83154
1143 36077
43570 70518
29163 59251
184 72347
3671 50707
60137 72049
4362 63183
52640 86628
34801 68500
64150 78579
11605 44212
46645 57794
29803 68672
16523 56963
83379 87302
46250 49095
36031 68264
2096 42040
20950 86405
16812 42434
49914 71281
29184 37490
9840 40784
18079 81063
48722 57192
8494 56932
44797 89843
65810 69436
32219 70485
52204 85174
40242 75472
26905 39487
23079 90270
91814 93218
33872 67654
13447 89091
60302 74755
16523 20447
11621 66634
6776 40004
19044 93549
61852 70937
48964 60560
47063 87461
19774 27996
24151 91611
2438 69360
35983 37074
52493 78810
6090 90477
72322 79975
9373 84720
63476 72371
72279 94175
58216 61998
39201 52816
1023 58025
17579 23973
30853 37852
58060 90473
35740 83772
7286 49383
84521 91028
50028 90531
34508 51775
11161 27708
9144 48694
20672 50832
59998 78489
9884 22141
20203 23859
34225 40580
39436 63880
13181 38472
6930 12189
12958 81095
9098 27318
20303 45984
11469 29356
14687 90296
21938 89487
13671 68027
28872 48350
6699 53032
6069 87583
26513 49501
52011 56434
21956 94959
35176 37757
79445 91423
52427 78111
12592 80465
19899 29738
17766 63253
8782 60399
62046 93090
12996 28403
15844 66830
27606 42884
11078 51064
22096 81010
31320 69941
26410 67620
37345 37431
5170 23483
28304 37356
25123 45798
10874 19886
3792 34221
11479 14556
4947 85779
45743 49542
1156 47947
21335 27834
15970 39973
24420 39647
76353 84841
42336 80072
44717 64555
14892 50866
31487 80557
47820 91756
39769 95177
42045 64374
30054 85434
3003 94501
13628 76000
60937 79726
3573 90996
25312 33611
27767 42056
10444 67028
6829 25657
80475 86067
9193 31030
21301 63164
13168 89213
25540 79576
57431 74166
23625 90592
18439 28402
79376 87948
71254 73632
10487 73765
10468 90246
59399 74912
55522 58267
53775 64011
633 50458
3023 28107
54547 91700
4453 21548
42404 49876
22942 68092
29974 54992
43975 51105
20212 50001
43004 43709
48998 57904
66094 88760
5502 52655
61233 71192
18061 54999
47691 75362
24864 52113
2039 45077
24966 53783
24506 53619
14971 74378
14905 68332
2602 77333
58406 74828
13424 92090
37583 57838
2426 69730
7601 17861
49643 92387
50680 57650
31890 59538
3588 64549
22467 82739
30565 47704
45696 84696
43350 49331
20468 61125
8988 54698
4523 10657
62183 68896
40004 54111
40641 66063
71544 85691
65442 79679
33791 45301
37108 75993
5531 7261
87114 87504
23276 76396
34154 36545
57028 95217
34488 76488
80728 94228
36337 71032
9273 11954
13573 90007
45605 74929
32042 80554
66231 66868
55431 65609
15958 80533
68749 89703
14961 58671
18577 38618
37512 41608
24486 88430
7921 21158
45701 94400
11367 90428
58256 82007
14028 72785
25301 25838
4947 47720
30546 82325
41075 76038
36327 73889
23038 70006
5751 49817
40190 77215
18080 60843
43718 58109
9505 63308
31559 94072
44671 49173
38540 61158
14486 61983
29553 49152
25616 86370
50809 88794
6550 45846
62486 68561
52273 65074
10079 92788
24756 85000
32631 76384
7909 91540
31099 57973
2405 79711
6239 61196
4753 14864
51308 83402
60462 85674
5445 50727
3381 27927
51335 93115
2728 50180
12640 61961
5553 42412
10004 47558
34118 68062
1986 55624
15823 25205
24246 69994
47256 63408
22308 65587
37 59665
30036 38173
21451 67086
51200 73353
19229 89146
26588 68943
31277 84589
7001 35546
14218 30263
39256 89204
49748 66360
33314 84783
55266 76393
3571 16582
13487 71976
29210 86867
37638 89475
6958 22377
51556 75039
21698 94210
85923 87288
41289 74082
70455 81087
9595 95074
14060 33994
30656 49673
50233 60384
31152 59474
6765 8752
41408 57355
55301 62044
70857 82332
48084 90102
9316 19188
33547 57130
59435 73077
31002 31134
28368 57035
28047 70055
42933 91983
28205 28422
5703 6381
40191 56989
48306 64384
13472 33159
72643 77586
22623 52117
18177 42575
49843 75861
12849 34954
7265 48352
73618 81423
29982 69326
34046 58620
58034 75837
2770 93707
31920 41383
44476 92789
54843 89473
31696 53253
13704 64743
73728 94012
23449 91999
8631 20943
34736 90171
3562 89656
14859 77885
68368 80275
16328 31808
3644 46605
32765 92854
25303 40689
40822 67437
14010 26263
8346 58901
219 78798
65552 95637
3565 32110
35117 74163
14138 18020
38754 58575
27091 37866
38544 58203
35744 59379
46741 76467
12852 28719
18677 23013
49641 64149
31121 87800
24309 64563
37617 94632
41558 71448
67569 80523
5317 68013
54335 77195
16345 30555
39317 42583
29209 30659
39968 74838
14123 18836
42301 57623
81835 85472
26498 79504
18086 41410
19157 83923
59666 69144
32494 42584
52187 66147
26182 79328
22616 59926
8339 26858
77471 80533
38283 94224
9524 30523
31574 64970
43075 68716
12754 35577
24373 86216
25115 69093
1868 9923
7290 74042
44356 54539
55001 91511
59363 75352
29839 48190
8963 91993
3981 14147
17313 53372
26931 41773
2459 82847
58511 64705
25727 89688
42772 48015
21445 22871
27128 71731
44180 54798
76224 88693
5537 90908
45726 89993
52199 66644
64458 76111
55574 75083
63627 87849
20407 37626
13688 67671
10284 32076
80546 82495
15267 79648
59304 63759
27827 81616
76738 87404
24195 53339
67 23604
1108 85982
70590 86276
34131 48082
29335 80834
31806 45134
26541 88761
54428 93303
6657 77685
5878 58565
53300 79008
28107 82007
18677 52444
22314 31095
34493 85636
15819 69956
54311 65841
32464 42775
62969 79939
66863 94932
14845 47847
55615 70056
78432 79220
5994 38689
43139 67881
45172 55021
28346 36677
15155 86240
39751 52392
61359 84618
67253 71617
56610 74642
10428 46171
41154 44041
25318 63739
58250 80223
23946 60455
1893 2169
5480 47528
8433 80036
17028 79631
16726 57226
20890 21322
72135 74969
82512 90781
31157 75266
50211 59448
56534 62152
37602 77408
11167 13444
8918 78969
43464 73089
6078 12708
7869 52204
21678 54024
6840 19880
23845 74462
30796 71882
8570 80629
36938 38228
7007 63862
30293 67940
43721 64236
58754 62313
14327 45803
53979 65141
73764 83193
56300 69618
32736 64542
60307 77426
12411 52873
37551 92870
59440 64860
15051 43504
17496 30230
46342 70406
17051 33048
3533 33720
16657 91259
3980 13317
8929 66016
16955 25416
70582 82267
21494 32867
26305 36907
51101 54918
20873 25942
29465 58534
71843 74433
18022 82217
36867 82637
12609 61180
22791 38211
23948 47697
46302 52660
32449 55605
36456 92401
52299 90104
24425 81634
34687 47737
18844 54891
51945 75494
83121 83662
7321 15878
36147 74598
43055 85372
46706 71066
20927 74448
32311 88505
51217 92456
25996 76372
17508 40586
8893 77349
48949 50719
11362 54643
8226 93289
41524 84583
26787 52875
15239 35865
22198 70455
3467 49005
24536 68778
21540 40100
17082 93013
50651 55208
20607 32132
61767 84668
45510 91496
30783 71899
57370 66566
6822 62884
50097 58148
35405 42808
32456 59114
22375 39004
46609 56166
77369 90151
41350 78280
37541 63275
11975 16379
72069 79341
35530 84340
4954 71794
71204 73178
20895 87044
43684 62275
13307 53233
38527 87481
2044 60409
18317 57822
29269 87009
36580 57365
24746 29419
81367 82501
1655 33317
15105 69188
65003 85372
23278 83630
65 89721
35868 94835
4182 59613
1586 81084
12071 59170
60186 90111
65318 93799
39838 72369
30601 39168
13263 22176
79027 84648
952 17322
11447 91694
59577 69241
81939 86296
16326 22032
13587 16170
80143 93238
32264 36583
24162 67726
65108 85669
67877 89838
32176 36914
67024 77651
2692 23992
2944 44476
26982 45839
28240 79637
73130 92853
29827 54958
26098 58617
3421 7925
5353 46051
34005 54272
62995 82654
15288 61763
68555 94257
26201 90537
12348 85056
45088 50325
151 34367
23514 25068
7182 86648
39124 76644
63920 95610
21843 39579
9239 72753
23500 54293
49176 76328
70306 73177
89169 89584
47082 54600
3714 63268
36064 44247
35713 90315
49822 56791
86081 90429
16093 77751
61180 80628
56933 62180
386 42327
20030 75761
29763 87903
33439 57151
76897 86178
13275 56989
16875 23769
29390 51810
19257 36479
65237 66616
17957 35389
10786 27656
25695 73890
18958 51210
20920 39445
47935 61351
22439 91770
38176 88604
14768 68181
8579 45609
51895 76012
22308 86876
2373 85073
17496 46584
14187 50472
9897 94021
4148 94894
11291 39310
58751 94735
1223 95018
1118 35970
24040 94634
67092 81879
44715 46792
36564 37643
58343 64210
3461 27657
10482 36077
26054 95455
43115 83937
15265 77055
39557 77543
14380 54001
18008 52736
3652 14501
21703 52777
53145 89290
34380 65461
73016 92216
9018 20640
7825 25802
37104 41468
14257 94415
30242 54008
51811 82014
44328 84228
28414 30713
41949 54707
4852 36939
32836 35546
32947 91354
9176 92237
11776 27995
52869 62348
583 91385
13030 63784
6365 28121
27142 34896
66818 70462
13646 27971
43977 62984
22485 94299
41390 93986
58462 91876
37998 94866
1600 7403
37331 93038
10070 89884
63747 91724
14732 66611
19273 77057
27364 82229
32520 38862
11999 91729
71526 95393
23956 77223
45402 80018
39653 47766
15201 53325
5578 29245
36095 89335
9077 14817
29942 41387
43068 64799
28956 54360
40540 79918
5383 50644
44604 46762
333 67382
24092 36705
33254 72361
54171 75335
58168 58653
11077 83499
35593 43835
26737 33158
26129 37813
573 53024
8722 16397
58649 88931
71882 86347
45210 67518
14994 74153
23790 57231
76224 76264
44099 63873
50266 79527
4096 14244
27388 86787
17000 37281
4764 95151
1688 71155
48368 95216
68485 71635
13540 42179
6897 42484
92252 93921
1775 28455
65048 71121
59000 66915
53886 70411
9022 16946
14834 78100
31260 49716
4410 85212
3033 16035
23273 88252
5640 87434
47306 75039
1841 61354
43544 71670
21037 84659
64634 89456
18721 81804
53179 90291
17930 72409
4293 83570
62959 64508
13526 55664
7036 62187
16590 43502
771 78174
68790 82975
9710 22701
697 19435
43072 86396
57142 62547
14436 61932
56446 66908
27145 39516
54917 59498
38929 86160
3196 16771
56309 61128
47019 92006
35159 56246
51168 92310
61951 64595
35712 68711
16609 58796
72292 93904
61323 66446
72528 88838
22078 75596
13324 19137
71551 91216
83496 86521
40747 49026
25316 31639
52798 84064
47359 58168
10566 62098
4724 74537
33918 70462
11883 77673
79147 87243
10381 50965
86997 94183
90633 92123
19852 25053
66182 72939
8993 91748
3696 65781
39865 72458
9001 64663
37177 59759
16516 18320
16965 28663
52156 84827
10821 83780
7532 23857
37789 73559
40281 65671
2445 24937
30231 82792
26784 58927
37063 70590
40115 43581
21760 31790
37668 90094
48445 78780
46713 95217
29370 53584
71999 77072
6760 57946
52399 63998
81178 84589
43462 66351
11982 37455
28658 87079
8752 18621
13636 87635
18098 66720
26244 75587
6662 30263
9656 75963
83708 95072
42339 80974
22717 23246
29935 43602
37455 70831
43811 80347
21914 94435
18196 93271
25648 76331
23092 93496
16699 25478
24230 39474
46850 66410
5671 12321
30360 34929
22576 46986
47411 52666
40727 93648
60876 73753
4097 14500
2449 49323
4274 95270
75447 91078
1976 90555
17727 37673
8573 95108
65178 82747
2620 78772
32166 38329
62589 67209
31515 41777
17826 36382
14937 38633
64819 80198
20619 37627
29578 59059
74690 86395
44472 60799
21956 79691
36148 44648
30936 79511
44350 87514
25655 83257
9296 40078
4226 75879
51079 92847
5645 48696
24076 77130
40702 58289
1768 79488
45737 83946
60799 73361
5394 13631
64456 80461
24365 71335
67431 94732
23844 28055
37136 94435
11745 19209
23255 94158
47922 94117
20421 31965
38802 67858
43758 59224
72676 93619
7168 88880
22389 27429
47731 80547
16556 67881
2714 41519
5911 66036
16750 78762
58812 63969
62169 83619
17555 35466
36040 93538
11408 44038
69938 73971
61717 76232
55092 81306
36536 64553
32970 74926
37656 67019
85865 87249
4452 62779
3439 18874
37816 75187
17125 52943
66759 95185
80084 86543
31708 75893
8391 9608
36031 72746
40826 58431
18264 71895
47334 69350
15094 92396
58426 65410
43142 45723
7782 66280
20025 53247
24742 79863
32279 59653
23479 76958
51918 67350
43479 67705
49514 80956
25300 90486
65241 93282
9336 81937
29463 36982
53531 76981
60536 81533
8506 87828
44344 66321
16587 42468
22233 25285
22562 41085
16325 87394
55930 95167
35522 79415
22028 88384
23037 67423
11256 78566
17094 59521
72888 94981
4068 69184
40334 82662
22784 76640
81116 83964
11229 44516
55664 63812
24452 92472
11086 69185
49303 71256
72254 83601
24784 33602
10830 74178
12407 78939
37257 68445
29008 81761
67437 87239
13630 91094
8789 64529
67317 71639
15071 49136
15014 68831
6145 7428
8575 76345
34449 72782
10182 52780
58581 68323
10783 78428
9462 34954
4927 66659
16634 44656
49558 70185
47275 72270
12805 74580
1311 47280
63625 93819
55848 60148
86325 93140
12138 60050
13767 81982
27086 69983
38114 41199
70793 82074
2701 46442
24169 49635
17619 80922
14296 58586
277 80223
33311 59764
37537 41411
88650 92895
34615 70911
1389 76397
27271 69689
41732 88602
69296 83574
6895 60498
28356 90473
91100 94064
49131 58754
38724 67462
10673 92200
2239 12538
17472 75403
20183 95564
52734 73434
28381 93212
27798 65424
22565 82017
9101 47382
35197 79139
2340 22436
57132 82821
44170 72627
50360 74847
5839 90199
40904 71957
35315 58287
44226 82403
47243 71636
69329 82830
10045 39625
19997 44455
33792 60102
28962 77485
64756 81767
72514 95693
17897 48999
16806 74365
54170 84266
34134 34940
16239 48597
11069 55044
42113 59855
13405 49558
1153 9826
24101 43414
39339 75301
3469 93751
13714 74780
43232 77552
27866 44798
22959 36183
76597 83847
14834 82788
69221 80376
51290 85586
62180 95647
14374 64148
55219 83505
6529 85296
9068 14263
22042 41420
56361 91880
18999 87612
26677 51306
17342 79461
39813 72912
756 80853
33826 65618
16909 18299
24476 26497
8917 53928
54227 59387
25880 75160
64349 84401
45180 71386
20302 83532
22488 22911
41808 57842
27236 29380
46879 57523
87706 87900
63189 75786
10508 86096
73712 91315
73916 93572
44613 58228
18602 75931
79708 92192
9185 53144
27065 35171
78048 83256
31279 62172
10500 92237
78052 82819
48718 61080
11417 45200
61665 83374
36244 79111
5642 91171
73290 78526
36963 68220
15933 75068
18293 74265
37746 84948
1788 93853
2146 23963
11716 90429
4147 57487
1840 53810
58518 87405
13084 57487
36477 69710
51106 59114
17572 49258
30654 36131
1254 39118
3275 64340
22920 82668
30578 48136
40823 55903
1348 36211
19614 93429
21175 82423
3060 35050
8826 10873
1101 57012
9471 16064
34361 49091
60326 76644
56544 89860
20616 31092
16825 74427
25866 42345
13040 25773
10638 23388
22068 84632
268 79478
34148 90598
74210 79130
6742 37941
40875 77456
63029 76856
57246 73176
18352 38391
9663 55344
17755 65624
55228 80708
2648 84804
28877 89655
60523 65093
23273 91709
17661 71526
5942 48132
34840 40793
12785 44336
62907 90652
76464 91846
42222 63850
2658 81612
12875 85223
11692 33774
19846 24590
31032 46604
869 43226
20554 26222
25114 73282
11485 56583
63749 68097
73874 87553
22496 84184
67931 92226
6358 58513
19905 46797
26105 78001
23791 67994
32971 62522
6780 9989
42535 79206
19252 92964
9702 74933
67179 78495
16859 94928
10017 81467
17490 80032
5617 89300
41946 66903
91521 95624
2036 22922
18537 46338
39096 55690
3524 39464
49586 71768
42091 93604
57595 59955
13687 59178
47976 75123
20229 34579
30488 37208
21934 33602
24108 68502
67396 91832
11230 39153
2658 73131
25054 49336
32229 68060
2007 3428
53440 86082
39237 74213
4346 73201
38486 65902
17887 66781
18500 24940
51294 78837
27181 71749
23915 62363
16706 61451
12884 91263
34617 43928
33474 72118
14164 20075
57767 75716
18545 41963
27545 72180
45633 67416
20918 57433
73724 84843
54600 62451
12053 56985
12432 77109
34860 64527
51276 61110
75649 82095
1027 65976
73734 77863
9431 91283
57909 66046
3741 15163
10937 66983
7852 78711
39485 67301
50881 75366
17079 28800
17551 93634
54478 66395
9440 47015
15851 71650
45319 57310
11542 69752
27280 80645
11113 12890
64017 75009
23457 73202
10522 83522
36193 81573
44900 82413
72812 84170
29570 59225
83706 91446
5761 22532
51916 54226
5486 56103
302 2833
15875 89675
67551 83872
21346 80866
60096 73548
23751 85935
33050 36564
55434 70075
29387 79629
57504 75198
56258 80167
49212 60170
48303 64145
69756 79076
81374 92105
46488 52613
28916 61910
50973 75148
39063 88363
25567 86170
5142 85843
7367 30535
10636 92314
73208 76849
31129 56724
1286 67844
62696 75878
46483 52509
8804 78145
21748 33887
77558 80142
12738 46051
18170 86537
21559 36508
35224 56436
2240 77066
64065 88733
32747 64176
27509 33581
35540 61785
29042 68407
20748 59865
9431 53781
40958 80087
29963 30329
16976 39978
3552 22729
7788 9903
69065 77746
16283 74827
76930 91602
1544 66071
34698 94856
35594 54588
26148 48906
72225 80274
42422 80109
75243 82188
6851 18141
1597 39957
27561 31836
14675 72362
6125 79081
24892 30735
12597 70579
17354 49705
39745 70960
2373 84957
33185 92661
46991 73012
53065 55606
41795 57191
21911 77920
55920 87681
69982 70178
12780 74245
28776 44116
1789 10289
9306 32045
9096 70717
59431 61796
26528 36390
29049 53208
27231 46585
60985 65529
10872 40620
1845 19792
38339 81436
30764 86088
48253 87468
39612 79209
26234 69445
31168 94749
28852 82388
1515 75366
9652 73336
11166 46315
19799 30424
14065 43905
10824 49935
25164 76868
31370 67194
37547 57480
47818 88195
14676 90324
13923 58970
1723 3336
1500 20365
31468 68816
31135 49773
22846 87856
19668 62625
67945 69956
20462 84119
47366 54530
140 69020
14488 43845
87105 91026
32895 45900
44118 50690
66627 68294
34253 85128
65305 70663
1637 20943
12181 67150
25802 32352
41881 55086
67061 71190
45410 46532
1539 17400
65530 94127
47360 48372
11191 31884
7303 43399
42473 88467
375 21213
29364 49048
17158 29289
3922 32002
24084 31772
5510 88585
44057 75008
72164 77999
16226 21453
43111 65708
57441 82846
20612 63884
55971 59098
30521 88487
37064 87293
1917 88734
77342 92100
49086 77481
47856 65019
52664 85438
22602 34328
79864 90555
17511 43468
40502 64790
49777 69624
10482 53215
24337 26732
43021 63773
28406 32968
27442 57011
15989 17589
41864 93484
45026 89599
21919 92792
15288 33150
53951 91081
47609 79541
6875 57182
86681 90588
7540 21852
441 69874
43080 83309
17058 75002
16036 20583
26748 58128
31632 51106
56170 73131
65367 76018
45788 58467
15280 30156
31674 46392
16082 43533
14006 61209
19179 39311
61059 69010
18713 22395
34021 72075
45719 95173
83892 94221
4009 5840
1253 24409
9585 11648
50322 87111
28189 38887
4971 91305
4322 43461
18623 91708
15738 81019
57077 88002
17042 61637
84841 94713
34856 87445
40905 44775
1194 61160
21544 63631
21314 53445
37661 71907
30259 51915
25095 69996
18356 66120
4327 32078
30117 65434
34762 84480
24875 92632
4642 7126
28314 51969
5268 14845
6495 28626
29287 75016
17657 78173
19490 55476
78275 94838
46085 46999
618 25789
6307 68079
20580 25259
47132 78676
9734 27688
48952 54969
52858 82045
25367 42341
55103 67443
3823 9869
56434 60101
53928 93021
41713 91936
1404 31855
11773 34998
8958 25621
47297 69314
10393 35851
5308 50547
45459 46961
26755 60103
26616 44697
25308 49595
13154 36072
11289 75206
23274 93114
17447 43690
56725 77094
7228 66869
25230 67496
76596 89176
55819 57347
66991 85420
12271 36268
41086 74762
26229 63500
63030 89790
42300 46821
37290 65362
55383 63257
41905 47946
54713 55703
6872 22656
400 81732
54700 55417
6358 70624
12358 59332
3641 30901
220 12124
4023 26579
64694 78492
69221 81534
46632 69363
68849 71288
47258 60647
17087 57794
19921 79396
3082 92578
56373 74680
9535 41969
82461 93849
33761 90348
15008 55108
65928 73588
11709 40470
52759 90419
62515 89538
34906 37867
27122 64952
37494 69986
3135 5450
24852 67612
2532 20655
73096 76670
32937 56971
64450 74717
2570 89089
32463 84490
2315 44405
3428 7356
28673 78311
14848 21213
67436 69417
29288 95383
5063 81576
15319 63299
56707 74274
19254 31242
38853 94005
24395 85339
22786 68903
48543 93369
10222 75538
15775 87124
37376 92430
17369 50970
72605 94943
13389 16560
23560 68797
10090 44095
10804 84356
3265 57897
62587 94910
23632 55242
681 11233
26444 93600
38996 60743
9561 74876
54062 68432
1778 42065
58329 71412
35296 59538
7636 40221
23143 94196
1070 46364
50486 82768
29047 56558
53267 82795
6463 11402
56374 87252
37135 74927
10012 89807
17315 71447
39740 87495
55738 56655
50808 92103
29583 61930
638 4920
48992 63240
13009 35531
24345 92792
13558 77532
56879 90828
11244 13211
77807 78948
20300 56636
18930 63793
6554 59652
66554 82300
30251 85022
6084 81952
5439 76331
56183 68900
43397 69322
60213 80424
15011 93853
60878 80438
2808 82629
43177 50021
43017 67387
17731 85680
29339 75735
15190 21665
32677 39788
84697 85197
30733 82222
24284 69826
26135 80378
50687 64576
9252 52598
76912 93835
18356 64746
72549 76949
37855 78979
67758 91855
11663 41480
29358 82000
50857 54980
25035 32870
38000 92631
15182 85149
38334 78325
27838 90099
1755 31224
5802 48567
17717 57032
31677 72681
60282 88024
62565 86353
2262 39805
38477 75361
27348 30162
54955 64432
4055 60269
65178 87736
25783 26751
8314 31710
47380 64533
60021 91146
35693 86703
48581 85007
42871 78147
56841 71753
51931 74976
27535 76453
27753 35513
29978 94310
12949 92947
33068 41005
44354 68827
50154 56299
1421 52617
10898 47627
39800 74873
20738 79919
63459 85216
40187 59456
86631 88691
10810 69001
26962 67320
17873 51515
3871 63188
68993 75530
36003 64235
17165 28428
81127 88383
14389 59313
772 76073
26032 48992
8131 36203
24151 25211
53029 59190
12975 46299
27632 41310
19235 88363
50857 55185
5056 17941
12269 42923
49146 84402
16799 41854
71205 73449
65736 81011
4207 56560
15907 62263
2610 31211
890 79724
15283 95483
7440 21067
25973 49592
33212 71795
3246 15980
84370 87388
22918 89862
71403 84277
51235 75422
29659 95390
23226 36145
18668 85419
77985 78591
589 55372
36210 67231
365 79512
7622 37192
69361 80816
57694 58120
8945 70793
970 30281
83895 91313
25327 88856
31419 35063
52190 55971
59034 63629
9536 94318
16888 65384
3589 13469
78792 83188
26511 76135
5522 29654
14098 59124
26253 34176
12988 63134
12899 46085
11767 94855
42909 73510
190 54238
49814 77038
802 66566
25001 86849
55374 94221
27973 44257
65062 73257
33476 68522
268 45748
71765 95107
20809 71429
61223 75647
69721 83908
61967 74485
37312 86901
26406 80264
56326 57395
58394 92148
57524 90477
9931 64389
10030 15073
4744 94684
7154 20039
33011 73893
7807 27489
82770 84067
16204 75570
35347 49389
20795 77550
16705 75300
14125 33642
85363 93946
52267 59754
18556 82582
22488 63573
12407 66636
47272 47615
37363 52454
21569 75320
33518 38833
4474 89138
64887 94497
35250 78695
21132 58731
57047 69301
21811 65668
39096 77714
4128 26533
31217 67800
7558 93259
12418 50802
46984 56319
12897 13886
79397 93839
26589 45557
39446 69414
42130 61487
1845 95717
1991 79625
7561 51769
41505 70272
23527 75603
30035 59624
2522 20803
18861 82729
18289 75588
49236 77152
2488 20643
50239 82037
33011 46063
1052 8779
51883 79083
13242 93132
15538 42021
54872 68453
40127 55180
71476 77636
83610 90584
8017 58753
29593 76437
11017 80380
15861 52844
9633 35045
23030 82887
8484 21934
241 44841
3256 84570
33004 66313
50983 75138
38411 64241
53199 77308
26581 79817
45722 47293
30137 63633
5016 68352
59875 76303
2435 30447
25522 51202
20965 42508
75458 84570
27190 29237
45733 72268
47669 91228
73349 94982
11413 32119
71634 85269
48471 91770
43868 59178
80883 84227
6207 53914
19485 35848
84626 85686
31422 58654
986 29093
71420 91420
63693 67012
65861 94012
14940 41142
34779 76994
39698 79909
32207 91209
8756 20704
1220 29458
5127 84208
25076 47252
46898 72356
35625 69157
30552 36813
13838 74725
34646 87183
11165 72270
43824 80911
57376 66481
26818 86819
2841 23878
7926 91120
44426 93404
13054 95228
60239 67036
19226 21443
24769 84870
51503 94851
33806 42610
19175 64739
31808 61974
71790 80686
7471 67646
64492 65198
7069 61529
20587 23795
32987 38560
35071 43052
17856 92411
30838 33411
78919 91366
9552 21066
24529 28215
68187 70069
36610 75591
44880 73862
14858 76185
42309 83073
27632 84628
6511 10233
1725 66316
22317 71738
20911 81854
86832 92337
13632 78891
18362 32045
7053 69254
76579 89142
61690 73665
41165 42559
11824 83411
37485 84888
66286 78774
74349 93909
35168 54591
43395 92649
69523 90863
35915 56058
22119 35062
28136 43403
24862 58015
24989 87658
7316 9589
16464 90010
75467 89430
37684 37745
30148 46481
15094 55557
1803 32674
32109 81534
28852 63718
29988 57914
64206 88036
2846 88420
6972 72530
28455 71349
15741 22036
66254 94605
57931 67843
11613 36357
6486 87526
45020 72845
32074 66055
34354 45788
32575 75224
1913 83425
9391 21702
25469 59057
256 46727
5724 28903
54237 71605
2614 21987
24716 65713
33657 49255
7529 67300
26346 59985
1423 34496
41799 65900
6572 21558
23664 26652
67478 94069
23932 65043
28235 91701
33568 42670
65269 80698
31344 82373
78555 92995
76971 80853
15223 67126
30730 70989
20753 70909
36722 67828
51442 68459
31378 49466
81799 82146
30380 34041
51446 52482
33253 62550
1608 83888
4583 93331
75930 92299
28140 74976
53405 71133
15144 93964
52207 82228
78933 85311
2497 67259
32626 83334
67853 80381
11635 48720
24196 83901
24063 48373
555 43993
40413 84254
48427 75859
18507 57231
7207 52082
7255 18013
30769 43575
37364 90587
83737 92079
9331 61969
5480 14824
16853 69487
26264 77925
14877 75337
10651 63171
7922 76840
27414 57225
62353 73684
3705 7893
39117 71590
29919 40721
25802 74323
13322 66198
2649 21690
1398 56217
5953 41889
72447 76318
3855 34357
225 19823
71796 80028
54439 95277
35314 41100
46557 62616
21932 42038
22955 29811
20244 33646
15795 25999
20821 33966
9014 27794
16518 49303
27842 68705
21903 35887
5614 91487
51519 91020
50804 76067
16547 62593
43821 77704
4938 76178
9760 52722
11678 40088
62111 72973
6039 83807
10567 24637
63650 69016
65123 71633
60596 92821
2664 77859
37876 71910
20665 69561
579 93616
26265 56054
50173 70677
64005 65936
56958 94628
11359 90281
25623 64678
25553 84760
83466 83553
68050 92651
43598 88332
40166 72195
53004 72092
33205 91307
33635 57788
7723 20018
6171 57472
71450 88634
57311 64696
9976 82984
4856 51452
77590 90268
73659 78553
6597 15444
16433 83463
1021 10905
22912 71282
77402 90929
42400 60598
24114 45992
62317 90636
21057 37652
9186 51254
17326 27930
90633 93681
22006 46357
7113 24550
16387 76734
2447 77818
5485 15063
23605 59828
3915 90226
48990 71726
55765 78468
18878 47744
5416 40260
5294 35173
24008 56194
66672 85867
83889 86653
26630 85042
13922 59080
27048 66732
11381 44213
559 58388
34342 71328
6516 26586
74521 75580
68813 88842
31518 55006
26646 50242
28531 57205
17832 37348
38272 38628
12877 81166
18049 30559
7771 18248
9429 90832
26858 39417
17497 24146
24784 84400
24526 93138
25443 33295
27759 50624
10928 45337
773 12126
26362 70987
14712 41551
34504 86996
50476 70208
49707 50998
50083 93487
60521 66296
19791 55418
29638 37484
52841 55348
94104 94868
412 23468
18233 36733
184 88249
10781 71187
6006 30681
54682 73246
2941 7844
12819 22008
39777 81151
146 75528
30390 44968
17043 22204
47093 92765
42190 74268
5067 18564
26241 63904
84385 95110
64474 85069
51955 73196
80638 94628
24087 43505
70368 84938
37318 72995
22802 30759
44360 72575
78567 92192
31141 31688
37776 82188
50346 82791
20925 31583
14178 32714
52152 79575
18781 21132
68701 78834
41026 66983
73457 78005
28328 35625
49191 90597
27634 72127
33730 80602
8884 16936
33192 83008
72419 76057
58004 61772
49882 78847
9794 84472
6661 58009
12076 95086
8217 36727
64346 66969
58100 82324
2697 87613
11023 11882
85325 89420
6174 43520
13490 51025
44175 64631
13896 59927
20170 93690
32885 50686
9558 62667
52342 83758
16403 84711
91185 93445
56983 59708
59100 80609
21295 42740
13268 37067
45157 53722
34562 54233
45558 50464
11991 27833
78198 80430
21101 69488
9933 37630
28581 80212
36641 79968
47351 83901
42775 82287
54778 63254
3596 63606
10746 36907
12836 38965
76245 85580
43159 57663
43501 60594
63147 80153
14422 81847
16830 22391
9898 46964
27086 89142
26702 78391
8355 25796
7534 47551
10461 62496
5753 74708
11516 41232
16070 74054
84191 89311
5427 73666
21306 89609
37407 92800
9538 73891
38576 92407
27293 64795
11904 44410
47574 71467
36819 77042
47147 57468
44468 76116
72791 92679
33976 85162
88395 92073
55259 90889
35102 48856
90614 94156
58100 81885
67912 72625
48457 63022
82551 93379
3534 64951
7983 68865
6655 57347
15921 36473
33935 67906
21059 91718
9442 40686
26282 41402
39371 68996
3975 89347
22266 94360
37941 74636
10705 80508
60499 81903
16735 80986
3969 84629
6736 38354
31415 60665
37847 88819
41109 79817
20567 50189
69336 83966
16058 72819
7409 87544
82 23780
33603 68427
159 43578
9923 55320
11594 94888
14090 47951
55447 72723
22317 68425
34499 46189
1488 82556
5707 43205
588 46074
76780 79661
19426 52380
8704 41400
68781 83291
11314 86479
82560 84994
84800 88248
53541 59413
1092 4153
14699 49530
32371 88581
58864 77931
2679 8374
13221 62336
40999 41787
14530 23634
40234 65268
14482 64456
83456 89630
48276 94482
10944 68753
8767 9801
18200 58616
28180 62905
82137 84890
18149 47052
28517 69464
44300 57115
58321 64295
72921 85517
15479 71446
7347 78880
1117 13643
9494 21819
26518 67173
5160 43651
2792 90569
54367 68177
17162 77534
27008 87051
52041 70250
44060 56291
23323 79909
40592 89945
17180 34018
32658 57301
60189 93474
78497 92942
11582 16814
33645 62157
24990 72199
497 36193
44275 69651
7720 94134
7130 66802
52394 83518
26139 37062
499 13122
35034 80794
19247 83283
19390 59196
2060 8310
31919 60844
28250 57551
63908 90132
33792 64817
37171 87091
18182 34664
7848 89779
17312 76828
18183 52797
40790 43075
40794 49526
39862 57511
27520 76220
58033 86604
13882 65830
56162 95312
38868 74887
5147 80865
31188 84929
20450 77427
11035 31791
14158 34395
6138 28856
69256 78330
77527 81000
10588 79797
21432 23923
38453 81115
11457 35470
65433 92922
20183 28525
18547 60193
2764 86731
26453 64294
969 80529
42717 51098
19352 74773
60678 79503
62572 71916
23702 63710
77730 91684
32022 35804
50363 88733
69508 76999
7861 46583
34652 81220
75321 78000
44089 61733
3621 9446
43032 81004
51962 73228
70191 90571
6887 55400
9341 83509
7049 22181
39279 47117
77033 86803
6617 27258
11922 81287
35188 66030
33159 93013
6608 62267
18175 27376
7499 25872
8048 56252
5410 29355
36849 73072
33091 73578
43814 95641
26663 33095
21401 79224
31001 38990
55176 73749
5614 49668
13063 18086
34231 71345
3774 28073
37765 84184
66073 74243
13496 58790
18270 24023
74427 89286
70028 85544
10358 40262
6686 37491
24366 35245
2377 45067
23409 73977
17035 44222
39923 77600
7426 12383
3981 89901
18416 61441
34828 46451
20204 82158
86907 88356
76282 79767
22635 51619
72039 85237
17534 52188
18081 85106
67809 82548
53603 73847
10784 33699
6241 47812
3221 87764
30056 31517
2997 41381
15174 90852
29720 43055
23128 94833
58232 64982
13903 45061
73847 89840
12478 55449
50948 56418
3173 66888
4032 36082
28415 51325
51161 89607
8921 76871
63437 92779
17577 95044
12052 18292
3147 23281
12593 53679
19235 65240
34116 69895
418 39896
86 16999
21416 71486
81990 91890
26793 92474
29077 44256
19664 60844
40764 60209
51885 73992
22138 85213
25333 58302
29633 35409
4112 76845
25284 88798
8100 66296
15297 81785
30988 83263
78045 91326
2872 40071
27224 79131
2431 75360
31275 54298
29259 63437
31103 75218
12996 94138
11663 14240
45474 93231
33281 68106
47455 74668
56498 88621
24626 82529
3477 47740
43559 88253
21907 29784
36727 56456
65771 81840
3056 6346
33361 70226
42763 45875
55309 82325
9247 45034
21212 81264
1653 88827
22894 29449
31236 93578
21098 74483
5621 50772
35968 43682
24400 84486
55429 69533
37129 53743
4248 29337
9063 58928
2481 95699
12716 94195
20884 89215
5510 83231
55304 65942
16679 23526
36886 63203
23395 59312
44837 52893
6941 7635
2589 30158
36804 60783
28600 46535
37477 72133
15076 39248
2140 51390
39824 89674
53709 76188
87503 93562
20516 68250
5983 13195
62213 82304
52254 72959
55326 65440
48309 91063
2156 12820
23130 77734
19509 59428
18857 88371
47723 91143
13191 81880
49733 68339
44262 46042
48907 84937
45454 89950
11373 73819
75166 78976
59327 78676
11851 79391
24837 53673
22030 27834
57200 80827
8537 19894
31384 35058
37921 78319
69900 88398
55039 72260
25812 92306
23514 64752
2758 25527
11346 58418
21153 77459
32031 41622
18556 19895
47367 61096
91783 94093
33124 51834
59780 66987
2773 61913
11497 80112
8988 50015
57861 74440
17610 35226
65094 72638
29978 52407
43947 49809
18824 82512
68312 69594
49759 52469
58804 71429
496 35336
2523 55135
12908 34755
22957 30425
48009 53766
21563 86310
16522 52202
37198 91158
23922 72990
6262 58307
61693 70905
47430 68750
26258 35709
4622 61738
28087 29597
7978 26315
43419 49410
7419 58116
38519 66508
84407 88390
47984 70708
59816 93879
21749 78009
40901 86122
8958 46350
58443 66860
9296 39671
76773 78890
41037 92660
1393 43471
33326 93567
34764 92690
51202 95293
37193 71433
23355 87665
18123 43181
45376 93647
81551 94910
68928 82783
21226 22950
17078 19727
26968 87303
39250 42204
28958 60524
8105 40735
14404 50323
20801 51365
31324 34989
15352 80536
7616 49703
30888 82112
64375 68017
37841 64126
19167 40364
4399 78247
54879 77515
39166 40045
51210 56666
34268 79843
51058 62253
77079 83699
13624 18464
39869 42250
2417 47892
29002 85856
31599 31611
23985 88039
31159 46470
5859 60234
24494 62297
54985 83611
36572 54116
4768 94803
14916 61035
36186 76169
9129 35354
1437 25173
4212 45504
44895 58227
4351 54407
57582 88699
10314 20680
45214 56139
2990 23426
50520 62039
3352 32002
24781 86066
68332 85550
55501 61433
23410 77832
12406 84760
69740 72975
22141 48017
15270 87262
61864 89016
33541 95008
38587 87925
47569 85255
26796 93771
34482 79494
26007 55554
32984 53377
18514 60140
27847 75887
41500 41506
34325 57344
57296 76176
2625 34966
3590 57248
25111 67607
1317 51953
6457 93588
12623 36920
85665 94992
23899 76678
5448 85780
43462 79981
10632 80499
18988 91057
53544 82793
29781 66295
312 73147
27202 40751
45425 78538
65771 77979
69955 77610
49487 84422
18288 35973
19873 91634
12120 65981
3383 72111
230 24200
19170 54002
3472 29668
14016 64534
13178 39680
54922 73176
4404 26842
83237 94651
33033 78932
2847 13100
18473 31891
65791 69296
6263 33183
20758 65723
22725 67023
55240 65874
68241 88591
73018 82408
12941 80901
10525 74614
20929 51663
15432 51185
62595 94777
9083 27188
49105 50998
23448 28785
36807 70269
24024 87751
47681 92575
26110 58612
15969 32777
8896 49728
5089 5768
15381 41534
29533 92738
59510 67644
8289 56982
24160 70065
38038 55418
35141 88912
3541 16882
41274 82560
20310 91435
61201 68979
51903 83796
12810 81294
31928 94836
21367 64841
24041 54303
87072 91112
46514 80072
34988 51227
21668 72156
17643 42159
50378 56672
50056 66710
2990 37606
25558 69175
23452 89112
34426 47806
2571 94495
73412 79028
28841 62505
72542 74940
38125 56677
50133 69587
63836 73485
38245 76549
70664 80654
22105 83001
68511 85195
48456 74871
13067 80454
79390 89782
71694 85849
22589 54560
8492 55669
57369 94143
31481 45782
80626 86621
42176 91362
24741 54866
71710 89271
83208 84783
93077 94738
77226 78956
20548 67031
29058 42266
10829 74444
36202 77487
23013 61902
15235 82098
20743 68934
6146 7173
17890 30215
58147 74384
73663 82839
47396 74230
21881 28991
46238 51488
72471 86597
52835 54096
23757 62480
51859 61093
18001 21159
24200 64893
50677 75158
39256 75932
34938 43819
2400 65208
21098 55529
60697 61884
2903 41634
6927 76814
31944 49575
54338 70445
26730 42173
16925 34676
77521 94919
54382 82560
27808 54579
45748 64293
63138 91152
15373 39580
61822 77306
20643 94937
62814 66390
11587 79930
64088 73609
1007 11023
18467 34915
12046 60910
64643 68915
11237 92111
18184 18843
17686 18033
61456 64013
22909 30611
17980 49326
58912 87367
62451 78008
22564 91423
24667 45664
59522 70374
781 30218
22352 65747
5456 28561
65826 94491
5894 64322
19262 67712
11939 33312
8362 72662
39758 74318
22128 95311
2164 46651
41687 59848
48087 48858
5444 53354
2605 55354
35050 78735
16035 31599
16182 56586
87 78289
9458 93279
45586 88916
4868 37953
16927 37386
444 25817
35755 45361
26685 89974
52230 84669
6136 59302
47301 64249
13755 23025
969 9882
25916 52871
9758 84393
32514 35398
34934 63362
22492 37412
57418 90060
11953 92308
32551 89740
22331 55212
22919 78802
55615 62418
59611 66037
4300 53911
23854 43693
26630 32015
9165 13303
6015 18823
28531 54887
21187 49397
32919 90698
47218 48233
9122 81835
52379 66490
18821 62551
53585 83610
43929 54786
80502 89580
9752 35143
705 13268
24079 58920
11072 35492
47539 81609
18597 25045
7098 87600
17549 69578
38503 67015
5726 87582
52585 73457
10267 61307
23627 51336
14544 87089
18093 54871
44468 94116
31298 90128
29228 91211
48597 95244
45324 90193
16280 71620
14451 53341
48670 50192
12835 75903
20940 86977
7679 36155
60066 70627
48486 63837
55795 56146
22922 82501
16814 54915
24534 60943
83824 84685
14921 16682
8365 55668
6533 26710
2768 70752
6563 56193
52667 87570
26718 86327
14752 76403
61440 86839
26229 90190
60866 69000
3439 8872
40212 44206
21733 28488
32303 38651
2892 71062
64462 92400
46153 68531
28438 44146
67922 84707
12462 71241
7002 86547
18667 57254
15707 28015
34559 51826
26007 84495
14325 85478
19593 56704
31942 45164
16639 45537
31315 66054
62857 68331
20435 58297
76932 85044
45934 46899
7089 14886
22280 88432
30952 45335
19241 72774
62814 66076
26231 37206
57062 76300
34961 47252
34811 49948
16652 23045
34959 78929
29685 94566
45272 66562
12175 22037
35758 76520
72567 75685
3988 93621
28834 74272
47557 50604
10280 13002
38374 93439
58871 66811
57103 86434
44930 69015
5546 14977
62558 90688
69413 87947
26358 33127
34882 72118
74623 90784
27385 81586
87486 91129
78783 85922
16241 92557
26910 44732
19837 71287
23342 28375
23977 38323
23184 91157
37728 90363
66758 79100
32094 70892
35202 71478
25856 90862
1484 3942
41891 43433
10697 21044
39311 45546
52445 52894
13388 28043
8555 76640
42129 53139
6444 52836
26138 26468
42357 88588
60327 95386
26247 71772
65977 75810
754 908
44835 89108
59081 91083
40683 89541
6697 29675
7488 76591
66293 69897
11300 45588
12344 46049
3018 90524
37772 37965
17558 18925
21962 27671
10087 76268
20991 26849
34850 77592
71532 74372
442 4852
20091 47559
41625 50549
13889 68950
32860 75398
17141 52103
1147 70551
5192 7203
506 23538
18436 73859
19196 68759
22803 83540
3461 48537
46490 89483
52727 83964
3569 6159
34580 63983
3171 85295
58576 88377
8278 84853
18784 21683
24309 69893
8128 34341
11124 34506
15510 71896
10395 40090
57741 86674
54593 64750
27994 44379
11557 14746
1952 73569
5129 11868
56045 67833
53277 63085
22786 76321
27964 52636
30974 50682
31064 77078
47592 52923
9456 59298
35072 56033
22331 89910
91051 91484
44741 78375
768 17056
15980 68959
12556 45314
29399 77101
16462 35818
13582 46366
36590 94023
34831 76303
64179 91718
58653 58975
20652 48897
8436 10890
11114 11247
25999 82285
60529 78155
40093 71538
4648 80499
24180 42532
58117 84861
7292 94342
5401 47240
313 69712
54609 79632
86139 87186
4157 31380
32246 75950
10990 60598
18379 87787
3036 74605
18596 93620
19889 63978
42685 47633
46602 68522
20720 81125
21928 70521
34613 49388
32621 83879
26240 32451
29500 30115
49256 74132
5993 76801
61856 84511
31335 35480
16832 85399
53979 57751
14247 15712
66323 74818
45884 58413
7523 21202
75433 81165
60136 83217
73259 74472
79844 93759
34045 67127
69056 95326
11345 11706
44921 93537
6700 84339
36623 83521
12398 56274
16633 71469
26084 61715
12518 66104
29045 47213
1524 3349
10209 56392
2308 2347
17792 90290
14867 60865
35884 55293
78016 87808
59013 62840
4542 49639
26430 73084
60465 73488
6724 63414
39117 49576
67739 68832
21437 90478
43683 90978
44079 88542
9687 58319
57454 80902
50537 69296
26382 41250
27308 66323
39427 82292
44885 46736
31303 49434
67552 90621
8423 75437
31661 87456
23031 78508
72752 88853
2722 26027
23660 51944
56072 72243
65363 71376
44228 83465
20976 31655
27291 85961
42196 76366
12510 24183
49777 69096
21986 39151
25481 33201
11627 54620
37812 51750
3616 67848
26046 75522
30326 58289
62563 68082
22163 75678
66596 89095
6541 38180
19935 80248
21622 28604
51959 64113
39080 68457
85239 91907
87736 92719
64444 71874
24146 81344
33491 91942
595 94645
35509 60489
48655 63351
21668 30296
11975 89443
12402 84701
63590 81640
9883 72434
29402 74687
12383 47258
79234 84444
5874 84496
35630 65532
16574 25688
13351 19102
3658 84658
43501 50913
50773 90419
23262 24359
18284 45666
76943 84102
9519 91632
73084 73134
4984 11542
39416 51258
77202 81747
70729 94816
43605 81636
34710 51613
6467 80875
1275 39672
31640 48753
18174 95126
17037 69049
1189 40456
66680 93038
46801 67712
3069 29440
3244 82970
35413 59412
23462 81968
48945 85097
26580 52879
45060 80016
10500 88906
68363 92684
45567 88463
18457 43327
20442 57421
65185 65219
29273 82507
1007 78010
15081 51194
34692 91193
17953 40266
73269 82383
27712 31362
21607 59142
78764 86564
421 74311
44580 80198
16157 87024
4486 37976
11804 72220
37441 81129
19773 82688
30445 32105
3076 31657
78 94837
12019 91043
22956 85749
20384 38258
46525 95486
374 41613
75474 78108
21944 67676
20131 49753
30966 52198
12987 54006
15140 39311
42431 62739
44862 87222
17436 82813
27701 49611
1670 73689
26635 45337
40923 72665
62032 74306
21510 83891
83786 92913
6577 79944
63322 68089
26856 69406
40603 62995
86569 87178
3549 80724
41641 78537
38376 69398
54360 69480
28613 53395
23048 55523
6484 36479
60545 70111
28489 36565
28348 78993
40919 61154
69269 88423
78439 80525
14956 91055
76088 84322
21075 38604
62468 92345
62887 94662
1763 91462
35705 44319
9732 47986
20575 87065
46045 94954
43086 80139
4184 78068
39404 62709
3844 81489
77685 82271
14027 19592
2902 74974
22737 48774
36199 82760
16545 77191
21988 72848
71464 74579
20408 93309
46689 53742
19084 89395
28303 82976
11051 77443
22895 53269
2317 18526
58671 93760
26915 73500
9358 41203
74637 75202
4807 25833
66098 79865
38074 91001
76483 83807
30438 82965
48430 94381
83473 87764
50237 82663
11063 91907
19739 24699
31441 51245
42548 54605
18941 29342
84291 91439
16005 86728
53474 91514
15345 75719
31660 54945
20529 79105
27593 66274
1290 5687
2067 77436
35074 69917
10719 36393
14123 28716
13693 37740
31679 59945
38477 79975
15707 49253
5591 73370
8926 66791
51021 60817
51766 94940
18277 82072
48814 54136
27269 89556
3642 20628
45546 90359
48366 77112
3502 30132
50284 70321
26627 41451
63828 94325
32866 82508
54163 88667
6807 53832
48278 77077
10113 74724
72483 91831
9197 41291
68401 79380
15939 90063
6180 65613
43291 80408
27962 94288
14510 40310
53233 56855
4178 71489
21268 63513
14812 87247
45466 50269
7965 35105
2653 22934
48032 76955
22636 22692
515 90402
36183 52202
26732 78989
10874 21346
42267 43914
67607 74068
36997 52620
55523 69801
8515 32970
9668 53934
17489 47846
21759 36333
2620 84950
41985 89481
28380 44766
46158 56109
73626 74251
16959 83035
15849 80096
3414 67144
73328 85073
20163 34097
22534 70075
7314 19024
26090 39506
63043 69523
11620 13478
58397 65487
79829 92014
37900 43234
2822 86750
57080 88857
1607 48268
15506 26352
30421 62710
16654 63032
28849 67658
25271 37882
68685 90855
45513 66371
28018 81680
14866 52214
16345 92169
22751 90989
50873 78196
14357 66226
1794 36194
28700 30184
75478 81185
2729 49527
20479 64670
31245 61311
37911 73407
39891 66102
5126 63736
31298 75157
27323 68528
61051 62130
67617 68768
47228 50806
9216 21526
12879 21926
2560 17661
33452 49631
8876 46637
57169 71694
72210 86242
14269 90528
12928 52908
23762 65214
72043 82307
53695 58373
46266 48964
6248 76088
2226 86748
28762 88134
13312 84964
30108 81185
40680 67383
4605 77095
34897 65176
51548 65301
40917 62231
2173 80785
14775 38438
10976 30399
42387 85793
53191 68301
75098 95601
23308 44026
19687 92959
72911 89579
8091 59947
7520 39187
50889 87772
72711 84486
34977 48196
686 88112
49852 77693
39872 72731
2350 94357
10621 28458
12397 59480
14829 37399
11509 11778
14046 76478
14080 41427
44908 68278
39318 53181
70154 76505
75038 86813
68683 91661
24543 79457
10110 14199
1652 17490
42994 75726
789 1061
4005 75438
38939 81532
46376 71354
11527 58188
68 33099
20643 53043
25672 30479
50693 78419
1720 53669
45094 69952
33469 39138
5387 53612
71911 72777
26987 38192
50205 65908
45723 91938
68302 80100
19959 49122
18965 50008
6834 32844
56089 60885
27181 42604
35166 38046
9249 54996
22 28366
58537 84732
37319 37767
64731 82740
33602 41696
5008 17553
56786 86518
27637 86404
8867 56553
5583 61720
41011 83184
1394 85992
15318 22055
16789 77264
14244 90774
3332 9015
48042 53742
4474 39081
11669 66432
39849 54363
42560 83710
11199 65194
41832 74964
30472 65044
52652 91264
47654 67349
1521 55776
67527 67735
2108 52758
7524 55865
59953 65818
14519 27476
20243 25504
45817 46679
62478 68188
2763 63658
14320 53660
3607 45541
2496 33870
70652 87380
22634 30612
59832 85959
64871 78860
77670 90528
44360 95552
8730 64770
56678 76202
14425 70509
42031 90798
13615 44673
7101 92354
63746 68191
22269 44132
20326 67654
25035 88757
6395 40416
11329 42922
30018 90103
29978 34482
20801 24897
32045 35385
43132 63202
10830 30183
50108 92222
10978 50296
85619 91619
10078 36334
4618 31164
37720 68803
63234 88479
16726 52394
70254 79288
36021 72018
65547 95693
20019 87014
58874 74344
37961 72655
37904 73668
23879 47537
40989 47252
8911 60019
33975 95193
27498 31400
11139 89106
14277 86109
14595 89688
38085 89750
39366 41162
19208 93787
39445 48700
1567 61627
77293 79839
62314 74559
32669 71710
60424 91557
17729 76675
38529 72246
68484 87304
38331 88851
37896 42110
21050 47359
34547 57438
55035 69086
48311 87396
39985 84545
16071 62765
78521 85687
32875 84571
45066 83095
32657 57133
11613 16111
296 8845
33031 62048
43966 79318
42448 67111
13869 17549
79438 83356
70109 93431
152 75968
20537 55127
12615 42518
31918 64451
23043 50999
23632 34798
74564 81764
646 69766
9608 16317
28909 92393
14870 84869
7417 28599
30305 66228
51748 73647
23901 30652
15311 62697
29218 87977
55956 94225
8731 38358
38137 61959
34286 78685
20435 37537
9807 77312
34811 90282
58666 93612
1110 53347
15023 57629
3958 55909
86137 91919
33041 71599
44456 50292
17795 84093
49128 83183
55387 87605
10351 37340
2467 5734
25027 65573
52083 81617
38357 56548
23082 32864
12311 80884
34100 57850
497 69590
11536 55175
22895 59137
88396 90841
61258 93537
8553 16085
68384 83824
11889 24048
23024 36251
46240 94982
16486 35795
78625 78929
29153 47007
41646 62867
13861 29151
443 91089
13240 43519
6628 17508
38407 75136
49802 74634
55319 82744
51363 84280
3552 73062
46464 64258
38551 52095
85943 89343
58264 84184
16918 32150
11233 89659
27967 79688
13703 34125
54920 59327
64619 76262
90195 94138
16423 39314
50200 61965
7799 46180
70726 83138
573 90526
44998 45113
13232 93233
27587 55225
71322 80237
51608 54577
66904 80433
51579 94896
1710 52993
40071 93436
45188 74043
1637 28239
22996 59499
46652 64247
28635 32409
62601 72339
50364 60464
8750 24604
33426 44828
2771 82424
52358 95589
17827 48806
7063 57674
6532 59565
33929 45719
40222 94386
11469 74683
54903 91050
1359 92062
11908 58453
11243 86647
28445 60748
82894 92538
8451 80517
58951 80951
69340 89735
39608 58715
27705 71500
6525 84056
31373 49532
54367 80128
28217 85669
21100 56726
43324 53588
30253 72194
31531 52215
64999 69091
40359 92657
45570 54475
19757 60938
65918 72390
2506 6550
20767 39699
26686 86388
14472 94832
16045 34267
15075 38802
33720 65687
969 35667
2892 70146
69435 70633
13502 31216
13332 55548
8157 26071
38722 74464
33164 38008
55322 62273
11779 12091
14512 54071
53371 78179
32640 68151
2693 11972
37168 54997
23445 48705
6253 89846
4933 37473
35223 51110
42843 43589
17597 20062
79930 90500
62778 93986
1601 77642
55968 56633
24064 30220
46820 69094
42565 64333
8265 81356
7655 17647
12336 58404
31825 33703
37304 80560
71371 77620
35087 93446
139 60691
14248 24511
13760 38252
40550 40698
20577 29261
25140 41453
22737 36758
16904 49932
66413 71818
4654 8569
44656 54263
10199 20711
76984 88833
42181 55821
26173 69839
83456 84475
6518 92834
8174 27379
47936 76857
16967 46256
64032 78119
30209 36749
19069 72462
44618 80842
43373 81514
24122 73082
39456 49173
17777 56837
72213 87645
85085 92803
17196 66522
10586 13850
1760 57054
3487 5159
38362 69620
1314 50813
61569 78795
21443 72606
3522 68363
43928 74692
53902 56548
18634 66125
45635 76945
9564 78011
48180 88682
39786 40452
20498 71516
51696 95082
39493 66116
11042 75082
62273 86805
43727 71540
49399 61217
2608 59487
4000 87396
67376 89005
59309 70447
87517 90120
84040 91620
43345 44929
87141 89868
33650 65451
27155 43161
7673 25124
48402 58762
6865 46561
25298 94031
53951 80287
58648 67479
5687 29091
90048 90470
43413 44594
3892 45600
6945 42328
75502 81414
74679 82154
76562 85935
10667 24887
6436 68158
13489 21448
52070 83573
29463 37101
8054 42121
5507 32186
69454 92024
75922 88356
23065 85038
26765 48770
6331 7028
33064 79846
26047 38732
25542 73962
67440 67899
25869 55580
56873 82222
2285 13030
49218 88284
57009 58981
20834 40586
13811 93608
18535 69881
7281 11876
29305 51416
1862 22153
43358 79159
2394 72968
13505 79289
35629 77950
60303 95644
38347 46413
22163 42901
73011 87996
23145 78312
34103 50836
25400 89688
49548 70606
74496 84238
57931 59819
58055 61805
42253 86913
61205 95549
21369 32003
61651 72388
71677 82988
27256 33773
66549 76013
64594 76029
6878 22557
79164 93238
4009 79738
40410 83454
26203 68950
16594 74625
44969 94132
31551 81498
26820 95372
10203 29744
65654 92904
45453 94783
17378 68778
13192 26288
26052 49545
57214 89075
76 11668
35350 66780
31973 77969
501 2605
8548 26899
45225 70004
72827 83447
13794 15769
16841 90008
48169 51916
7722 61054
27195 91154
6844 22353
56405 79798
36682 92679
32307 34773
50780 70148
56498 58545
9011 64789
42067 86045
41481 63153
21469 28583
60555 69913
6673 66004
82124 90023
23808 74254
7408 12298
39787 79283
67974 94289
44776 45941
16792 74550
6266 26372
49795 81809
17115 44275
45939 82608
46279 93468
26714 36373
9864 36660
20267 24341
83781 88580
28780 82062
47501 81286
18569 51247
18980 36863
17000 80029
31375 49815
79601 91146
80645 87990
4146 38136
16770 30284
361 35716
39208 94500
22794 47738
42618 51704
64392 88208
27054 56785
8783 18796
51147 58160
62502 71736
56325 84314
16566 61190
26513 49546
25458 39178
24267 33855
9289 44378
85370 92806
20330 93079
6002 94188
57249 79582
13786 84853
28031 33305
5550 75318
7419 45440
20715 86893
2211 5233
50990 51849
75392 92224
25180 56376
763 14914
3089 86605
75323 85038
47378 79639
28998 36997
46417 55270
4908 34040
42372 90116
13805 40956
65632 94738
14180 33387
28411 36172
27542 63415
25725 41756
21367 90640
7409 84656
45040 59753
22247 54714
53618 78336
1931 91053
47532 76098
64836 89938
66303 80384
42301 56011
34219 55839
321 88748
30082 70253
33973 87306
24990 46350
23431 53366
24327 55395
14942 38825
15484 19594
35065 43153
41748 59797
46009 50136
45410 56783
1138 84397
38124 59508
7532 76327
21365 72525
7530 38649
76283 77975
49378 79884
16855 62966
3303 23879
32764 66324
85532 92382
25145 85778
4021 73988
15111 27587
83740 89860
35131 82293
6317 43551
24398 61377
1232 49107
26679 76769
25127 92958
46919 55755
20056 55833
42759 43036
64435 86239
56464 59929
21727 70617
55721 90512
72122 94253
52966 83343
8216 76282
11487 44379
21201 41579
41021 92475
39722 84129
5126 76535
46110 88823
6200 90708
28420 62779
40989 54970
15666 61286
36555 85179
43293 60452
13576 94482
33514 42841
60471 69075
3727 45951
12330 56696
12681 19268
47654 76085
8774 86726
41935 77011
10493 40450
62445 73575
14906 61660
58828 91537
38680 73252
10359 51332
7669 40967
68283 92458
49355 71506
64137 93878
14622 60290
88240 95068
20223 86169
20589 25125
68177 81288
33153 82683
70772 79166
76371 93281
76577 82908
7221 80714
2790 90434
10184 84764
55526 68553
52776 78676
4868 67488
56016 63790
6194 69560
1777 39158
43719 91321
13705 66698
9144 26969
32612 75267
37259 40918
19424 83729
15863 93438
26640 93664
28539 56108
15778 66133
7520 59640
21926 34483
3281 36717
40464 65196
43132 82449
41491 56805
17701 63263
16604 29713
23825 46475
3398 7783
7104 41916
45349 81098
75362 90465
4523 56730
26 83278
30248 42611
76083 86860
25992 68015
66994 71888
59125 68172
39886 45501
15565 40927
12359 92851
75731 87767
31488 33774
18423 32663
15974 92749
36501 89365
15275 27500
57410 64001
63182 81137
34313 53026
11619 55192
54457 59857
65601 94148
34195 35959
24674 48720
9456 11850
58998 84057
2036 64767
35462 95546
22911 32844
30598 75818
63825 74714
5196 6525
37123 60522
13322 72449
69276 82453
42580 66854
44244 73235
47124 60128
9766 39814
54917 62971
10270 31998
10517 83078
35582 79186
65593 73078
33457 40970
18446 55722
27496 64528
57570 69298
56905 56908
20096 23344
8117 21232
49983 80287
45585 52810
26214 57160
33261 54442
41630 69209
7316 29181
20952 45898
46491 72306
19311 71691
36477 40368
47227 61925
27763 31557
3712 34191
3115 26723
40861 52553
17220 90419
35472 37268
5646 40427
21967 30532
46322 84345
53826 73541
66812 86870
40368 88003
61384 66987
60936 62761
1196 30754
2887 35287
10058 62318
31610 60417
15288 15304
35072 37506
9270 59072
56692 75708
8804 21185
3330 23798
54862 89378
82723 94739
45221 80089
62868 78158
35721 42040
12496 14508
12201 31985
29800 60127
6351 40878
58593 94390
77770 94659
19673 78600
11157 57799
25670 42775
12907 60557
15785 26006
31765 91078
62374 88178
11111 67137
23822 77135
32086 72717
9439 32071
11917 62474
10405 12810
36552 41295
38569 43157
19532 30773
56718 84488
2373 86430
72186 84106
55499 62211
38484 52266
21283 69419
47765 66606
15847 18492
60986 62630
6346 15535
25549 33158
73108 94990
2775 64953
51266 59359
39531 88223
42355 91245
63019 79631
20635 26011
64419 87897
18872 79777
23123 76897
13339 60150
41449 67593
16740 24282
30592 46022
75570 80340
5987 53808
9397 15863
752 94855
10466 36698
54579 80742
34304 43013
61252 75810
41815 72505
69903 93217
9878 19887
37442 58240
37708 49864
11135 43650
60384 61291
69760 86033
27788 62006
20510 29793
20982 30674
24633 93892
30499 55060
17509 85763
48335 83200
59134 65353
23986 58943
88245 89069
9430 34857
17904 24605
47007 94194
7432 77178
40121 79187
17221 76189
2634 95296
32817 75844
8361 72188
72288 77304
10886 22205
12608 86226
19184 23381
79592 80636
57852 76918
24027 72143
5101 37014
3396 31562
43164 93821
21635 36639
35968 47477
60420 67159
43533 75930
6955 43420
17517 66334
17485 25225
435 29230
26699 61174
77325 90903
36132 43669
3055 55518
27549 38609
23133 49060
3826 83399
34309 71502
42586 85361
28719 92783
50006 54007
29519 40265
34126 66952
46392 89614
45816 87328
8829 52401
12055 25409
31621 42901
17775 31669
38941 87604
16117 87051
19866 70916
66626 78407
64865 76942
50992 92666
47355 69481
39450 91337
3803 67730
41391 93028
30656 91466
72328 85677
48907 49877
22958 50524
2396 33758
32155 75649
17120 74749
40113 84452
47507 83102
3516 76943
72260 81339
48680 55890
16193 68067
5714 87584
69206 93189
23272 29017
13605 91215
4264 64091
48836 94318
89924 93083
5312 68235
16658 84068
8308 30357
72005 88877
7176 78003
16902 24820
30917 38918
34552 60724
5347 18089
84684 91936
67704 87900
25550 62292
6760 45977
37242 65012
5394 54158
88 70068
47219 81748
7157 73503
836 83498
21156 26343
10963 33301
30073 35307
10568 22251
60300 82227
4793 84644
30693 55384
13229 30269
33567 47637
51849 87981
64496 75092
51116 63922
61609 76767
24824 42827
33289 79469
17191 34238
3991 35962
3971 53269
34664 89650
66010 94374
5143 9116
12224 57378
13409 50673
26304 61980
26212 64583
21748 68230
15468 70585
7283 90553
79444 89358
59558 88462
62573 88280
8383 49804
17878 89551
61575 95047
20479 41862
63151 95282
69606 86111
2183 22629
44052 60797
87702 94783
18252 58666
12422 65350
34496 74280
13029 49770
1384 55592
52372 62742
9364 12570
20765 40236
46688 48631
29278 41669
744 93818
17021 23081
22972 85810
12874 41843
30967 77538
54692 83030
14822 58809
57676 91532
61437 86325
6615 55724
81257 83455
42829 52929
30407 69671
42949 95065
816 75986
25653 83298
52894 73320
23251 71464
9944 85691
73920 91307
84773 85880
25592 54204
23254 39783
7722 69898
6752 47367
7616 87294
14418 63841
50864 82905
77130 78287
1958 37161
16651 42667
11570 86514
67528 69905
2377 59352
44281 76072
32206 39395
40347 66384
5115 22515
41106 87648
5636 85401
51012 84015
4251 13717
2543 85330
20484 40194
18330 32429
24885 25107
67063 94657
5898 7882
46035 80173
13196 70965
44874 59469
60313 89063
16749 31564
20080 37375
9276 36764
6854 35233
59920 90698
18876 41607
38234 74982
24269 69081
41738 72371
42359 61659
20437 36187
91684 94046
44068 64180
36210 36920
12478 18072
36512 76492
47221 49608
43562 75276
17732 24765
77652 81945
2187 41714
14055 53181
30302 71046
11234 94715
23498 62882
16781 23213
25394 74473
11045 36400
27180 87204
6684 95135
7285 66461
23577 32879
31316 94982
63387 64313
38296 48991
38483 91699
60248 69644
4030 66848
30043 63660
16836 60902
46112 48317
48441 54593
22131 62270
13648 95516
18390 84795
37660 73876
72433 78915
23066 64219
5669 6159
9735 83158
17151 65269
1871 55894
57927 95410
8113 67467
44 55621
66289 75321
24621 36668
11157 39042
27483 76519
5505 21551
59270 85821
29824 67520
36403 74862
16795 63820
32013 33012
56265 59458
53460 95711
26275 93328
3212 83154
68404 68489
27790 92958
37516 68275
29934 70123
8707 8998
50352 91624
3225 53631
17031 76585
34237 83044
42197 81479
28813 47832
7371 77737
42470 43111
11041 45006
26960 57007
27758 36303
83788 87097
33783 77150
39722 43650
56231 92372
10900 16937
29054 79827
12971 77756
48670 78085
47590 50299
43959 74943
522 35025
73182 79319
51997 81078
30254 48093
1082 79987
8659 94098
45175 70913
26529 38671
9002 17430
25812 59370
894 32832
12322 34732
23514 62789
28273 51672
10584 93797
10335 66276
29794 42056
34875 87173
1 35116
16775 21123
42968 57677
16541 83745
39261 94821
55053 71181
13022 14668
46984 66775
65556 78482
1177 52159
56530 68461
14306 58986
68154 70943
16173 25908
40430 68179
7372 94287
19450 42725
15701 68720
35658 49652
13265 40716
13764 66270
9567 88824
739 25557
7690 70993
19104 33223
38066 69003
74582 83014
39887 57996
40087 95090
29493 44588
25476 64967
28523 58111
22509 91284
49867 62448
40502 49653
31218 79755
48246 51392
46339 57891
46231 63062
63558 68477
35021 46672
20896 28737
28763 64416
206 26405
50240 94647
19190 63313
63592 93807
80400 87720
22435 77903
49990 78296
33238 55606
34510 76301
76813 90604
37926 48574
7359 43937
2908 45408
7245 94906
48079 57081
20059 65472
3759 13380
11742 83150
3076 24221
14728 29922
27179 84640
10406 36113
41649 64921
8580 65570
12553 75387
43942 50055
6426 18137
19850 87112
33133 44872
52183 65248
4508 94760
35380 48050
8196 90957
52931 71658
42321 88856
9223 88018
14236 30931
67302 73194
4719 57664
87644 90850
57262 62506
72747 81905
56735 58753
49050 86244
55784 93762
24937 41123
1497 34731
12617 74542
6370 51425
49744 62107
37896 66960
46913 83599
7506 66726
19874 90220
31645 86868
81169 92274
8856 93730
19199 59080
877 84909
31891 78895
38479 39504
56970 84458
6763 10073
34702 86825
50646 56020
41225 53923
3669 55387
57590 66519
71067 81315
10299 90600
67265 87617
13527 90589
25546 51461
5124 12172
11405 84567
45423 93343
458 26608
4221 37024
9023 48461
46058 82613
4048 19255
67638 94320
82728 85413
11061 24606
14627 77383
17713 39426
21895 88998
11536 37509
7039 72404
44102 62192
46036 87702
39776 74256
56543 73047
36235 80674
69786 82202
15730 59806
67513 79013
67653 84104
53706 78126
28663 82273
50096 60111
23871 71164
11089 37296
58700 60550
23094 37226
41288 57914
52814 57871
46339 76714
24239 84243
10888 68578
14472 35191
21968 85899
30447 94682
42982 76359
15407 88234
65637 92875
24340 54884
37681 67588
69198 70849
4026 4917
49596 83153
9774 71620
40312 91038
84980 92840
39120 65408
82065 83488
37496 70282
5162 38810
80888 82023
39387 90009
4879 43348
44559 50588
42859 86997
57869 86815
4235 40092
76426 87901
48297 69334
50246 74272
16067 22335
22342 83161
57552 71486
48686 88786
9075 38574
53358 79165
16827 67338
54199 81793
42203 90432
18496 80490
25078 43660
28055 67412
5788 84005
21105 77451
23313 42119
12512 95302
60421 63818
45885 48023
30125 88878
11542 26894
17274 54470
61024 83437
67455 90077
46167 70879
55669 70084
37896 38649
80308 91081
8773 68729
39617 76531
17772 91746
34759 65963
60567 83827
34782 77000
7387 29171
38475 79051
29274 54315
33224 82599
4528 95645
37462 73213
2886 76385
51141 76216
3487 49663
13231 47883
47014 76749
32615 42741
35441 73645
87708 89086
33431 52479
24644 31838
60275 88410
26890 92224
80195 81385
30811 82095
7617 51955
17105 75439
42383 71890
16749 20541
2250 91204
39272 71947
42282 53846
11366 83012
34257 38699
30955 71180
7598 72296
40270 83038
2242 69907
36725 73581
39484 63551
22906 32070
61244 67199
5328 37412
55197 57751
60602 87586
8731 28515
68491 82410
18144 55444
32209 83608
17584 39353
9264 40171
53003 79962
23840 24448
22017 86260
68177 69031
85104 93306
30808 93227
28040 43181
7974 84289
26812 53584
40309 51225
34286 67734
29025 80453
24690 24763
54970 73972
27286 65108
46577 82492
32167 43954
36785 73707
21054 44151
15614 33831
8081 34751
30631 34697
1716 52404
4118 82887
41646 50943
26298 85253
17853 68256
53553 83737
20064 83755
22702 26018
54214 61959
20474 47221
50715 90065
34783 37757
1156 27444
20224 29488
57669 63814
54643 86297
18732 56782
12095 34184
67447 81041
65823 67858
21122 21833
28026 52356
12412 50206
38262 57617
10253 61988
8801 69197
83475 89521
11619 18502
84944 91341
9398 58653
20147 83770
71991 72930
6392 71392
8760 20958
35518 65874
36380 75854
21331 41149
15528 23110
565 22106
7132 54267
51799 66506
34952 74096
22586 81902
383 41054
38466 55155
87233 89104
4334 50749
8576 93049
20285 71097
15140 61721
78168 78300
17406 94765
43980 75110
37960 61199
50824 79950
25254 65702
60905 91903
53349 76638
32171 47965
6022 21722
31298 41804
50148 86567
52371 77340
3637 35164
21284 77105
18538 58572
21975 61761
53724 88600
16328 34484
11005 76652
13497 31402
54585 76340
3809 64828
54036 82182
26778 94813
35608 85178
9831 50923
8457 24543
38300 56561
29601 37821
24212 32076
24610 64232
1422 53709
12514 13338
50872 79038
2012 35894
28633 71921
24066 59323
4388 10352
19033 83266
59810 82112
5442 53137
13090 43076
17909 55408
5896 69630
21776 50680
57676 85596
6742 19573
28327 59483
4611 12341
13731 27889
64159 81853
6490 77222
60346 69324
3102 76867
12038 23390
4637 29686
13729 55588
58026 86046
4049 9453
36730 76597
20507 48024
39473 47789
29569 55777
1776 58168
33377 85037
34730 71135
18882 54780
9865 64273
14117 89368
23712 61847
60594 74773
8327 69629
38873 66127
44396 46926
11006 60210
519 28271
30848 57717
13657 20642
2401 21425
40784 80144
61233 70861
278 53670
29829 63861
69669 83636
4469 73696
74256 93810
59787 63913
9260 20909
80562 86210
1027 26784
4126 79004
33512 39284
11522 72688
31239 94749
5489 40699
6549 84823
40460 71096
2917 67927
15987 33112
19295 83116
29726 78535
29300 60936
30101 69940
42088 79844
9923 83424
50750 51678
45544 94033
55000 89006
7836 28695
10037 44945
49705 79621
2335 49656
1187 37875
17442 43484
15232 45381
6366 43140
5640 59560
53719 67936
48699 68969
5040 5973
19495 67588
956 1327
22563 40192
49335 71494
8997 82888
9238 16287
43287 79897
25754 75191
26411 32615
35269 77491
34924 50277
29127 89757
17266 55536
18879 23636
41060 86223
6255 56975
16880 36228
35237 44502
12783 23497
27876 73771
7032 13353
39889 93114
20524 59038
1404 67894
12759 65749
28954 34439
13841 62269
37707 43307
18003 26678
4033 40275
83805 90191
41138 91254
70219 88917
29007 39308
8898 57995
21862 85184
52102 60175
64146 75835
42203 74219
10760 53374
16956 63008
35833 87044
5493 81590
2545 20107
655 20756
17370 37080
34591 82163
43801 49202
10965 43283
19024 59736
66935 89971
29335 90894
5279 27150
16614 88940
19159 45279
43587 50999
46702 78982
10083 19206
2506 74001
46534 85152
17063 85393
79535 83751
5568 19654
34065 82193
19246 53716
10395 78726
66341 84409
1035 21617
30808 76057
29853 78601
66861 85618
66855 78815
37374 93861
28557 87274
50595 59179
21515 31304
7346 80126
23464 38867
21678 88844
3884 72484
66602 76549
4005 77418
13423 64412
72923 95613
53524 66420
33739 61359
48565 64951
33082 79237
31519 32568
18236 76980
12929 15262
83928 89938
7775 50271
37707 45801
18576 92701
7087 61550
19400 60460
5394 40026
23141 41860
39186 69729
18173 22619
72248 94669
26639 30646
34301 52089
60681 93181
59957 72893
84479 84587
19777 78927
17064 91196
41282 80509
7855 23604
64139 95014
1210 32694
4568 61346
59849 83337
14931 37966
4059 83404
5930 23188
21817 50211
166 66642
32148 52785
5464 60007
74288 90344
1981 83634
61805 64390
8405 45036
28006 44563
2825 59454
41370 92901
12758 51751
19615 58248
29579 53733
2057 93986
30431 59542
14389 77775
49186 91173
42137 60541
41477 89615
19532 23566
34262 75922
38577 75955
1511 5643
17035 19243
44919 85106
35685 87380
36019 50740
30626 40282
79568 80478
61669 80523
12280 57825
52324 65575
16612 83013
45138 51576
1630 24185
50991 78150
45379 95240
16239 89810
25279 57300
46399 89335
52616 68035
41695 61573
45927 61451
63194 87602
60021 62286
51331 78521
45294 57664
7094 54945
31258 63902
92705 93880
21902 63825
59719 81293
2876 11771
8656 25325
81242 92573
23885 84781
9340 48560
14851 34934
18872 43862
49 34374
13404 93788
52938 85414
17008 84631
79969 80629
12946 42585
58562 85473
37006 67126
22088 58899
81814 84652
46380 79833
73248 89229
16665 66020
18312 19447
8476 28153
18816 56245
15099 59216
35841 90017
65832 94939
43181 74770
56231 56367
2036 50180
4316 93524
27443 82063
20518 40368
67699 92176
43055 79130
34809 92423
79793 90925
9377 39718
17311 58358
21020 46227
7778 49429
29038 35415
21717 35101
61388 94186
19439 28272
23379 63587
16206 88542
45747 78939
36282 94706
9788 11764
46541 52891
718 36529
11523 80692
30098 69661
61848 75191
5406 55024
5508 41717
45280 48199
22358 28049
74579 81012
8810 62975
90975 91111
2579 77714
13526 79120
33193 83711
209 31130
40363 42952
75333 85171
16234 83149
71135 94954
38534 65012
15682 45719
56541 58407
70497 72111
46083 63996
4681 34131
17847 20760
38254 85287
64152 78039
55333 92606
2856 29391
57923 68802
8409 66506
32010 75671
71399 78083
52262 67130
70 50171
3916 67833
2308 6709
8626 12776
17395 36503
1303 46606
56582 62039
35796 43177
2317 93266
4054 95660
32376 61273
1021 27708
60123 89020
5645 22173
30636 46842
59471 63572
28435 52225
65165 87664
43953 58189
9102 60254
8427 94845
33470 48380
50500 70355
80217 89382
9233 10073
2650 7399
32793 75525
22142 27030
46893 73145
31402 91495
80934 85160
41441 66393
19014 34254
1576 46273
24818 87366
43666 67669
25426 91118
10010 47222
29102 32404
39743 54563
11009 19842
20308 46063
1939 27498
85849 90997
82913 84005
14761 59470
4419 75842
63543 85595
36798 92221
28936 77351
12339 93725
42743 82898
41003 48908
21107 43516
3744 13175
25942 33675
8852 20981
5907 64143
9696 10247
53654 91530
59301 84056
22183 44119
54981 59512
35801 90817
70834 76577
783 69365
5360 53917
14162 46021
16574 86852
21528 28037
67180 87770
12119 17735
15504 89978
16448 50602
50856 51642
3815 62696
27329 72154
70436 81240
46955 47477
1929 10181
6771 7447
13147 29962
7077 8192
8491 79189
2771 60093
7133 24424
22219 37942
17956 92206
10380 19481
19776 67253
28047 58989
47372 81889
3903 58737
22506 79673
13882 24569
39229 53310
51757 63661
42083 86286
29625 37975
14447 64813
40665 87817
83830 93307
31329 38634
9763 92535
36144 71844
22748 77424
9793 87477
43536 79761
14213 48816
15763 39265
37490 79363
11180 38515
35754 41820
63267 77136
60531 90082
49865 70702
75959 88393
5345 15091
42210 88933
58164 63660
38708 55739
30806 41405
43293 95014
35757 64044
52072 54181
85422 89239
14578 42726
26518 91126
35888 92136
6766 16553
20621 24398
87191 87945
63609 69564
3842 33742
16063 86965
34969 92240
16315 22630
16620 52066
50 41597
6996 19343
40552 72957
75918 85404
21530 94702
24578 79956
12182 63668
12641 66607
18635 29127
11760 48196
15933 54156
13927 16164
52136 91114
18721 29970
5870 74674
45558 58465
17382 88937
20497 23664
25867 37936
4572 64648
43032 62251
19810 88751
20670 84062
4997 95325
14725 26835
899 80597
14440 34873
28262 87017
38054 51708
34311 41626
44213 61150
29776 65493
33253 52425
2635 23012
65529 87594
22815 57750
18457 47369
70922 81637
72112 83337
46884 94479
10108 51735
43316 54495
80169 81501
66931 76697
20620 62816
46053 58509
14147 55707
51518 87703
9579 19713
42404 81308
36591 83936
29346 75804
32497 56170
3306 30267
23599 46624
34286 66770
33579 34219
12628 74431
46824 69109
29900 61023
60193 80081
3462 53938
59685 79011
27045 50384
93417 95255
29191 30291
514 90603
24550 31512
67711 88498
57940 70710
27543 69511
13311 14668
4848 30437
45242 82560
42233 69189
29220 54588
28103 44091
60885 72837
7 34844
12289 90488
64540 80180
90758 94428
25713 83315
74411 92123
65453 88260
8894 37788
37246 60387
70666 89800
85436 94575
8952 16576
45086 84893
35040 87653
11932 81720
18520 81905
5556 13858
20 75259
6658 25762
11269 87970
15213 21916
17094 23469
45373 72732
9466 53642
27406 94734
37779 51144
34581 48448
8829 76322
25778 70213
14044 82901
6338 84714
82789 91322
41910 87232
8664 19193
54121 87969
31400 72800
25364 89433
1072 93288
37418 39598
38118 73828
20542 66051
56056 82015
11377 59808
31319 74856
32564 69597
61415 72919
14933 39973
17417 51162
28069 93268
62377 82731
9031 59894
9198 24175
19625 58128
61534 93473
14606 43001
32868 41717
49414 73556
11195 52702
21619 66292
45389 78049
35475 87767
4098 66385
2058 2558
62071 75446
8336 35746
62467 90049
52429 61584
25692 68543
11701 72507
56124 95673
15457 74186
40547 58629
4445 57697
1336 56215
42991 67154
28022 86731
69690 86046
72557 89134
18560 22205
12033 69492
3927 14327
55675 58419
65910 87934
32172 54903
57304 77532
47628 66018
46864 93694
60371 62035
41768 71900
14426 25027
35638 65905
1190 17945
44359 45599
14603 52755
35195 61430
27921 60728
19636 50264
70552 95439
29735 80784
76946 78720
53891 88414
24194 59342
32241 81288
17502 74876
24147 61546
50232 52379
30601 38924
17376 86010
27942 48302
14788 59194
3407 49202
71160 83046
26252 88523
61987 92408
24703 48228
32044 62087
51066 84845
30104 75226
22450 48878
33308 55852
55675 80059
5922 95084
9859 56094
10160 92675
27821 70756
19375 91453
4575 76835
38075 94650
40130 92085
39266 55159
35746 53822
45636 66883
50381 65209
2252 91568
49788 86404
35617 38365
1473 5010
33539 51274
13539 49144
22471 26111
34115 94821
46034 76848
5764 88230
32680 75255
49291 83604
42325 85125
68883 77771
12622 77607
10207 66857
21507 84463
2395 67003
6591 27554
16143 46377
21938 37723
45103 83392
20497 71611
40518 83981
25980 54373
59434 91372
842 89897
12593 59402
8469 68993
78163 84167
57505 67361
28047 90470
58345 85792
68217 86458
56365 70115
46960 71656
43869 60319
56854 58809
3400 34317
14956 81805
11804 75145
33268 75590
56488 91675
12247 85233
17294 46791
13019 18408
21242 31641
25431 27127
13836 92641
38526 95210
19323 46445
33396 93784
35859 57147
9495 30045
11342 29642
43973 44103
3741 62269
73208 93613
24916 38827
59238 78924
52047 75770
13384 17081
17438 46824
32676 80901
59632 62564
2275 77912
36208 74113
12196 63962
42301 83164
29372 43639
5204 27705
15439 67638
66447 85965
36445 65095
7906 95320
12312 37947
32488 66034
19365 22735
19052 74420
8189 42033
71154 75046
35055 46167
27886 85767
87194 88568
40489 41925
56851 95519
31859 89701
35818 44197
13416 37912
28452 91779
15323 84288
20898 47522
2349 48580
59342 94717
13403 93491
29421 66554
12708 83667
37580 54232
52280 82633
58176 73731
41582 67854
31902 32830
59620 76468
429 27663
15384 54898
64479 69134
47834 92003
54762 79478
22538 56639
21087 52100
20603 37657
81179 90725
16559 46142
14497 87484
54646 88572
5300 80478
6774 51116
9688 12548
5832 39451
47788 82459
3332 35402
37222 67197
33607 82797
10250 12111
19386 52219
4046 25647
12317 36956
17467 27446
41753 87348
69216 92034
23904 74504
59358 81496
83335 90492
26122 41890
27964 86619
10712 72244
2915 71227
21350 64759
12660 87408
2226 58046
22572 51779
25260 81728
60029 70708
19607 72984
33751 61036
24935 45435
17731 61730
44692 66442
19744 90870
72204 93722
69964 72888
42642 77286
19272 58993
61905 78575
27439 51456
89898 91353
16782 50425
21918 66547
6946 31817
14780 29044
20733 67567
50921 87237
50336 71388
8740 89607
36126 91752
81678 87836
28922 70756
63330 91127
3547 30508
58523 65354
26294 75721
46141 73974
38374 51002
44439 57847
29972 62771
50637 93864
20328 29184
60738 94276
48493 54435
6272 45890
29198 45661
67273 90782
59016 75513
72272 87165
61137 93324
12511 35986
3737 64955
24245 49463
47003 83194
23247 53444
16372 65279
52051 60407
37064 84402
27318 29362
26613 87724
25965 47973
83731 87015
17922 39608
9552 78738
1489 78879
90483 90845
9240 11471
93660 95011
30154 51850
56935 61211
27806 91341
48384 75244
14492 79659
51803 64909
63806 66347
43899 56914
61943 91719
26641 28569
46128 72446
38600 87230
4964 17213
6933 20303
24728 43410
19629 65380
38205 77165
45710 93723
70867 84413
18805 87368
21716 54627
14041 80311
56228 85718
19969 21951
43858 71849
39733 42516
26177 83950
11744 74683
7491 24254
44949 65799
49779 82695
54471 58197
42560 57639
45574 66568
6525 50887
46789 68084
44749 68959
16925 85640
13522 94832
83817 95642
28578 76220
21098 72775
26684 72254
55314 67090
20116 43893
58220 67599
16027 45215
34425 59320
7502 26256
36783 42646
28461 84649
17446 83660
8324 59497
19721 29027
4131 89864
4808 91520
73370 93367
1887 24084
38512 53899
19692 86127
26163 80204
10371 77403
89289 91300
17511 56444
2597 13099
13223 37123
24381 63206
2051 71076
54804 87159
22475 37385
71635 82620
9049 45981
34467 62716
35922 72253
14579 42532
57739 81848
54751 55197
24625 67559
30426 84746
6547 79975
34078 92352
19220 38917
3675 72282
15030 37183
12949 16771
41056 65119
20754 58652
29138 85989
18621 64394
85993 87415
37103 55190
11840 89977
21122 77999
77822 90509
21375 44757
38193 75444
34528 74710
16660 35833
4323 73710
1020 63118
52546 53207
45454 78793
19410 36597
14738 52314
12137 44751
54204 94619
13821 26046
60685 65465
2663 41091
29312 35217
14708 38036
29269 53184
11502 45134
16959 47902
34624 84908
6669 81976
51594 75707
1685 69690
24226 46733
53058 57288
38074 47648
45955 74059
33813 92811
13783 64845
52059 66399
45687 85477
20280 37563
56481 88721
2729 22149
32363 86038
13019 65053
35199 41800
28494 68280
55551 73220
33388 92648
3270 20124
40476 49418
79350 80001
59546 78256
71343 75142
32491 85788
6727 43379
30786 73073
57941 80437
15604 67399
87447 91946
10169 66060
16430 55249
44678 89866
29312 88358
33987 45981
28177 32515
42365 71061
58883 83467
70393 89707
51130 61564
4178 80080
48820 59492
45791 82290
37806 76551
9812 73793
35736 78631
50157 88798
28065 53031
24993 75824
26498 63379
40706 77487
17721 43045
5756 83160
23661 35445
24082 40897
19215 49923
30770 55914
27375 63721
48446 88751
61041 82788
22913 41821
15858 68371
39027 45911
1158 69140
5938 58710
3084 42377
19407 35519
569 50193
60437 83017
53365 84766
12308 41146
2417 44917
1912 40558
20372 91690
65824 83832
60450 74665
21150 76121
10237 28907
63558 90740
38001 63766
9748 57750
72661 78110
32751 67008
47129 80674
38850 83119
23768 47785
8971 92791
35959 49908
75484 79949
29308 91501
77846 79525
58950 72047
9303 94534
51826 54923
31224 84795
19424 25348
23818 91533
62581 66374
22311 32292
46516 66058
3373 43280
48803 54312
25414 47487
62098 74247
47773 72406
11671 17467
50131 76690
77739 92620
52096 87158
23483 27332
68856 91058
39374 94479
40965 47976
25080 27697
59432 84196
64341 80202
65236 72210
61506 82275
25510 31440
82224 93680
14848 33166
47539 68317
64502 87769
14314 25893
29195 33716
76170 87329
23772 47407
76182 90133
60049 87676
11670 63593
11034 59131
23118 87558
84628 91099
45198 88592
4615 6042
52729 63875
46810 62155
26595 58149
1884 44794
18794 73113
28761 63731
58485 75111
48281 94431
6737 69884
78511 90150
47763 50094
49585 52635
68555 70345
17317 67732
10893 83010
4642 68288
50263 91667
3132 12076
12620 48140
34119 38328
30643 57119
68525 82804
61266 76223
35795 72737
22948 39972
39490 92571
27407 28383
78748 93516
62712 94314
57285 88775
8527 88766
7523 22082
32352 56062
17685 92267
30158 71094
36420 43104
38700 40634
12380 67682
22617 50880
3835 10600
43951 57861
14956 55433
32411 32880
29668 43809
15924 19842
31509 58335
70760 82555
68330 71700
45545 81897
32269 93366
38016 87747
26939 69321
12999 34956
10615 36933
55169 75075
6212 79423
36362 48500
50519 64755
79283 94921
14679 69610
40533 89966
22513 27411
4243 50912
18493 25846
4402 29399
64494 67991
52922 71054
21871 87976
1941 23971
15676 71610
56053 61919
24749 77489
41301 52024
13742 42786
42977 61940
23181 94079
42621 75670
47482 82347
21362 63398
24911 90325
7183 77547
53103 93630
25067 80304
89376 91207
39387 89399
15023 41964
66164 79628
5640 83871
46824 74292
3027 48214
31858 53209
60153 81917
621 59966
14275 37734
51192 91664
5191 31532
39528 56648
25548 39145
65019 65859
68172 73998
6505 84094
65530 74247
48834 83151
75015 93176
34154 84754
49008 74177
50755 87275
6653 60726
3476 30375
72407 85489
1858 92736
44363 74231
84327 94930
9135 26361
92064 95090
34638 37129
37830 80458
29784 40454
3613 76650
53394 86790
46297 51574
25617 68254
15465 43818
1683 93582
4290 11908
13384 25280
73750 87928
80320 88332
25863 51941
76973 93461
7380 54136
84442 92028
829 61032
67543 90408
8482 39105
8478 61220
14344 63529
16036 57710
2652 8128
8783 29978
51795 53060
21288 63023
28459 66504
3274 59315
42588 63588
994 45721
9377 12497
7510 68379
52175 85493
26185 37109
81655 88402
59778 86253
32712 62045
38898 69275
31924 66087
6452 38361
21066 76642
30244 38548
30147 37872
20033 55359
8493 21889
41239 67915
8862 56571
45458 67526
1822 29516
61472 77127
27528 93549
31608 57511
31754 39042
67979 94665
32850 63377
46650 63542
55955 77003
26952 37277
62284 91129
58763 60190
17118 22689
9086 56962
72573 94604
15636 72296
78526 87901
4759 17737
16094 84884
31975 35340
31893 77661
31906 82977
9971 67040
61022 91917
27838 52614
2962 43217
51334 84147
45372 92673
25726 86372
15821 92480
10180 57521
89465 90041
22564 72298
5775 24683
33452 91308
32160 39776
27515 93842
7009 74446
28133 80356
10176 39828
45179 90381
19768 46793
2140 65959
21937 37884
23667 59030
37629 85133
15196 34102
28455 85100
45090 65899
3801 64053
33755 77555
81791 93750
39257 43551
38560 93820
1724 37516
33953 75842
34235 94755
5492 66264
34582 88786
38796 55603
8164 10134
32580 45611
3576 27809
29302 92527
19997 59639
29735 33143
20440 24400
16935 77015
65837 75973
43682 70630
67679 79059
12234 17509
4270 30345
32909 93321
25086 52961
25831 73065
40366 79906
21577 39431
64865 69948
1154 33235
59934 77909
45437 90372
64079 81660
37454 64372
61596 73085
1416 45871
27632 30545
85696 87109
27206 56993
40671 43201
34878 74880
13342 65572
11834 72526
40854 47910
31842 93768
9930 16753
14039 27883
4705 49884
30433 64888
6034 90982
5832 60514
33714 82133
29449 43414
14341 34401
19826 42765
28176 35091
47839 60327
25863 55135
42421 76748
40150 67281
33734 81559
17629 23717
43662 49745
12311 53561
30535 40214
16463 42788
142 54296
16740 57106
4207 10142
68234 88936
67 57504
32253 68754
4186 65433
13221 87458
37322 68941
17594 70670
1760 38409
64860 70964
60904 83589
8509 67128
31669 40570
15026 57272
51314 57674
23917 44622
32844 88718
9761 16952
95482 95535
12986 64430
49380 83955
27322 40646
17679 53145
32362 91304
3054 93754
36656 72330
40070 83352
64476 66705
32886 56068
1688 22239
21071 26157
72428 82395
4651 38613
30528 81062
8193 12523
4098 90810
11442 35391
84756 91125
17379 90688
52741 76798
6456 57262
67705 93591
23811 31919
73452 86151
24623 71068
64136 81010
7 90400
59058 81360
14674 84528
31982 40574
1855 94102
63989 81499
80265 85798
23 80433
36273 75773
2966 66994
19769 92877
6052 41965
19509 36336
1980 12902
32387 75542
2386 52108
25740 40755
11426 92441
72600 73308
45477 55847
15781 94745
22807 88992
64486 81209
39702 64467
54202 87631
4883 24556
86255 88595
83830 87825
17033 19670
32801 40028
44429 60083
4900 68939
27280 33962
44808 64473
23756 41969
42517 54994
24445 79383
33227 93802
61470 83115
2397 94920
4995 55746
10421 34372
37438 80997
50751 64618
12943 16483
68667 89243
63736 64651
48461 58669
78318 86092
6929 17295
48970 54082
39315 77211
56416 67480
9373 25873
19814 86052
20161 34735
4234 20259
38478 79265
19330 52448
6168 12598
38980 64020
17138 86471
20267 47550
40932 51945
16753 58780
933 57540
39596 75668
3488 71341
5397 90066
4109 69726
8652 57892
17427 60462
53612 60067
55886 57556
15298 51942
50186 62532
19885 92785
20909 82546
28460 38474
13676 59454
27624 70620
20054 40241
60305 86146
23239 37733
54407 59528
25560 40765
43293 71096
57984 84238
3761 93356
46516 74795
10609 33160
7377 86126
23281 81811
33859 54876
81782 86104
34246 67859
35169 40448
30384 85455
66246 84668
1569 21858
84959 87373
39128 55971
26014 44734
27845 90385
14965 42957
66238 89561
11187 54648
1639 25583
48146 76344
34603 74930
61389 76673
8315 64257
35122 84348
31102 64963
4466 32675
47288 84133
68560 85947
5551 19705
73137 76844
1364 71122
19242 84985
3516 44997
34943 81476
15571 30342
31376 88811
1486 34241
57594 57842
6375 67035
34638 74155
78358 83200
41899 76956
54834 95615
13361 71882
47262 90241
40363 83395
93425 95084
29522 73319
28010 43027
1903 48280
18729 91397
63809 88649
6096 53125
17875 68376
66521 67368
42863 62562
34281 63446
195 87753
47032 51437
1435 64300
4856 80809
58048 81113
77433 84694
9714 77490
10287 91945
50519 92868
34617 36560
3441 86523
6907 85426
58376 59265
4917 77205
1781 75227
3581 92438
538 68612
73439 84012
24439 67754
11196 71546
5226 79453
25678 84857
5860 41240
22503 63840
29170 78269
27855 58750
25828 58334
25144 25154
12706 85552
41906 82761
8739 48177
34967 84997
40991 57495
10889 51056
20909 69677
37229 65413
35968 73988
28750 34755
37573 38404
19882 68701
7706 29589
34997 66407
76634 80009
44135 48860
38764 52469
50088 86121
52804 64646
3923 92647
25801 35066
48879 55976
40805 73215
15371 74507
61246 79278
52403 62936
27829 49480
62678 84873
52428 68849
34497 84826
23029 34824
46213 46966
128 77851
9701 31126
72116 91151
57237 59902
44525 91187
45051 63256
42631 44854
50531 95083
46238 73174
84205 95149
75073 92550
3997 88860
11930 17289
22680 93643
14322 84410
47970 65743
46975 78738
16393 39326
659 84743
2588 6811
11716 69877
69045 75235
13314 75127
15354 59186
22550 79818
39016 58997
17629 46050
44861 84906
80814 90054
6780 90524
15604 39645
42258 45918
23988 46256
7082 85866
2238 17798
14619 75656
21885 59585
5005 58333
15628 60890
53423 62629
12635 40113
36511 78283
6849 59596
45254 47783
18414 29177
41738 67451
37804 74080
4881 91476
9890 38039
28807 37992
25979 80644
34762 83595
13636 61363
34139 94759
15955 64901
80218 93409
42231 49477
15770 26335
20103 77827
2883 4718
20179 53057
27301 63802
17549 54186
41394 43580
32473 54724
27888 73240
52184 64377
26427 83764
80307 89993
20854 39552
39892 81560
1926 76434
33741 70764
7431 31229
9719 68759
20182 29141
66927 71661
13068 63011
32554 55130
5630 47582
9381 49556
14704 19370
34703 68049
39528 52989
9624 63386
63853 93250
3235 52191
6774 69930
33776 36515
38490 47432
55431 74071
795 19833
40565 47947
48713 53474
46105 90630
37708 73149
4299 52728
6154 42078
57272 74993
4539 40852
21531 22718
5999 64464
85805 88837
20041 40061
36950 58778
69311 75264
41127 52591
23533 24720
24086 44111
2549 66124
43418 90580
10451 73045
5602 20097
13629 22508
39715 75917
42683 49956
25279 85600
26736 59674
58777 74135
29169 94880
77598 83726
41419 92733
16656 79750
28143 72719
1332 30851
14861 82542
40037 88888
32185 66406
12902 27491
3057 56446
20951 23752
23320 45894
46440 72077
40858 50276
24038 68151
27359 36611
46005 75840
16064 91251
31483 56320
24170 93792
63027 89645
34091 53395
57974 90924
59359 59365
58619 80675
67499 70818
28699 68195
56585 66719
11130 40189
34319 36411
9362 78820
40897 78204
51666 58567
48716 68994
25723 58490
42092 70204
51371 67139
45124 90139
35802 50742
20498 75844
54891 86562
47138 47927
65547 87558
19841 73164
3112 26784
14313 51729
57589 68937
35299 48097
6075 16159
16563 53144
42015 47277
41655 94002
88046 94246
93469 94459
18039 45678
12236 68497
39936 63597
35289 94153
76628 79233
11504 78307
65722 83180
56402 79996
66224 82855
29996 31309
79088 86985
20782 71363
22226 43928
61363 90418
53005 53578
68709 94037
67666 70781
39136 46532
9198 83374
26002 29768
27192 82335
843 84836
3928 45676
18243 56705
44036 66663
9706 67126
3328 6790
14252 83446
69441 79111
2144 55208
10254 86961
41747 82930
38760 68857
23968 88140
55877 77249
18205 45129
9740 17356
40661 66201
49717 85136
20060 46595
10353 83461
51044 60021
74094 82577
7600 33809
67786 93955
62348 80081
56305 64450
6103 26511
54855 84898
7286 90232
13471 24538
30279 72442
49368 87556
52242 78229
1832 44327
7239 16900
58800 89777
45087 61477
15793 95662
11361 50021
4114 32933
75402 89465
30500 44648
43240 73199
38914 43824
26024 47339
25432 74931
4447 39011
34236 67454
18235 28486
11836 20646
75881 80255
335 32953
82034 94822
41353 57136
16522 32308
52487 74235
23303 38080
61059 63210
44906 92351
23245 76303
51476 58396
39085 82901
52905 66697
8618 91922
73067 80296
64777 73208
32403 74961
30856 88218
25111 39833
70327 90599
6824 60902
36223 94267
19267 30991
59135 75749
40893 80680
25792 36904
32292 55663
7419 49716
44924 45069
77632 90060
61131 88189
63638 74500
9404 80096
31069 89885
80237 82971
29816 44131
46043 73397
5071 12619
67617 95176
10298 54163
32217 64770
22072 63721
62473 71251
35405 84002
20983 44397
9240 60431
58164 82034
44037 84496
6962 23218
47254 69950
23374 29513
19036 85211
13858 34051
56697 84945
36218 89866
56716 60003
14699 53558
31662 66675
4852 23658
11336 49583
12904 64964
7683 65129
2947 92485
16970 45485
6005 37659
69249 90810
25085 60087
56955 93393
20251 94723
26689 58048
66334 78348
22294 58139
82253 94794
37071 42021
64636 72014
24937 26125
73080 75068
31368 77217
2960 22467
34904 49174
51867 92529
9287 94271
50690 80225
77485 82554
12063 36709
59937 83625
20178 89259
76405 78105
46966 69401
4903 76021
19247 37340
36428 79557
9107 80436
14910 49929
20572 34910
28894 77648
39051 52419
76879 91997
4810 66121
26721 75886
16910 37053
75159 80432
22776 40884
13663 40934
41230 46110
75494 75699
28242 73445
10780 26436
26377 32412
60403 94132
42936 70462
59030 79346
4949 45637
39067 66787
72898 76099
55591 74824
34096 46394
41241 93685
56597 78642
27975 36809
5604 67595
23381 63599
41859 94446
35537 52350
71990 72075
70146 92818
13961 74269
36171 55906
53774 86420
64602 71228
10757 45484
7884 60893
33650 51859
36666 44412
13824 38040
21423 82989
28506 49063
2836 4026
51572 54020
51310 64174
39980 47012
6479 78826
62334 75238
21966 49089
34717 66503
57095 69528
4549 12895
25193 64843
1234 36757
9736 40238
11279 74582
11339 60021
20243 68375
82187 93258
21456 49361
21433 65482
25224 33659
31941 67695
24875 40699
41959 78001
49031 58686
26242 86452
20448 75005
31228 91355
2546 34379
11575 89472
8767 18469
88896 89902
14098 52442
71931 75625
72807 84038
34433 38300
202 10104
45439 78324
1597 37348
44625 95639
14574 50629
51192 81708
13717 45083
54561 82988
65063 74984
62072 72907
17888 21617
4941 22282
52363 82797
62583 63099
52765 76950
9962 44305
21136 65033
32350 50816
15671 85453
27519 54620
10624 25772
2500 11736
66270 83383
21471 43585
24811 44484
70386 76412
3572 69795
6812 89918
49828 84059
9207 71251
43761 51732
24225 72974
1442 50956
23493 43705
15127 80813
6546 73219
2255 88895
22826 68581
73147 94304
60964 76920
1837 26661
64370 69646
1585 86542
27297 92182
71830 82405
3483 22333
47915 80739
33048 93569
25600 29268
27414 60935
22351 53674
57728 58428
698 43146
21207 64651
21545 44696
83562 87621
24182 86339
46536 53053
34378 48825
27101 66859
1882 73697
45503 63708
26462 33335
17702 61772
53183 83524
2136 17857
1596 40614
4024 95355
51253 56646
24629 86295
53856 56040
14527 19462
6957 85793
30281 73874
47759 80822
44238 61291
13746 50072
24642 66113
56908 72978
25887 69322
15593 54557
70428 77285
34592 59341
13689 54574
74042 85414
18030 51108
32534 92357
1763 82327
73493 83236
967 1968
34778 76205
37938 60802
10008 81428
83132 95338
6140 19904
28223 41506
84745 94047
4269 22761
171 16235
15071 54843
47395 72692
6621 52352
3051 89212
27904 95317
43821 85549
40874 56365
19290 89918
4452 60096
56886 73792
912 32278
3606 60888
22221 68320
54184 63914
78406 86028
42689 91576
64285 80059
69117 84601
8144 67094
19301 77139
51997 56627
23398 33766
12190 54753
17456 95643
39029 89602
16937 29517
21157 49000
17065 24873
84503 86661
54923 84010
70339 81302
57811 89292
17349 91961
14135 80070
1187 29163
38644 57868
66993 72516
8439 94753
18158 32360
8268 49649
16411 31989
67442 84491
40071 82722
62666 95097
32398 81640
15772 42623
83862 89125
30164 90412
6181 14979
8392 56395
27006 39449
7268 69429
38152 65181
64305 65559
25476 87325
26992 49157
2750 44664
24805 47719
38191 42365
51643 71393
10493 92786
34262 41671
16600 58849
41408 56483
30345 83549
42815 47937
70535 75955
1892 82886
38157 90916
33829 83919
40196 80220
302 72387
39436 75527
41188 93630
15934 83428
46434 74690
20824 88383
57610 95355
12705 35149
37828 60561
31669 78710
67876 70694
47346 93497
23620 94623
51350 69246
2577 7381
45837 46006
47778 58418
56063 92831
13158 75294
11969 88710
23033 48769
51985 73967
48827 83651
29382 86589
24906 84954
3640 31831
21422 47665
5592 22076
60249 61884
35698 56840
79593 91255
57336 80364
49231 70622
18819 83546
30467 45264
45799 89416
14614 27723
14253 19410
8024 25337
5733 40655
8605 41997
58781 81347
21703 84532
433 75773
17831 94556
49387 75459
53244 62436
19442 80314
8216 85141
31917 45297
48498 95412
49055 68692
43507 82604
83580 86470
50946 72987
25794 94785
57946 58121
24274 44408
87373 94317
31215 52725
59742 80240
77070 92564
13920 36255
64657 69165
14566 87309
20875 33225
18614 86157
36495 47558
24756 84157
24658 61149
27969 34638
42238 46947
569 4856
40607 56217
16968 85238
30152 68702
38240 78649
28762 74751
44364 59761
74621 91349
15331 18128
63579 75681
51516 71044
67643 90373
31483 81282
19330 57438
15008 62710
30126 48034
29186 43911
40319 81724
16781 74443
9361 22573
50972 64454
19688 63526
39249 82333
7508 81374
45647 77209
19773 38229
10215 19424
90297 92232
24817 50025
45571 46087
18921 46275
28576 76913
42667 44367
64323 67234
11445 89272
10530 56312
14394 80466
8605 41040
39081 77486
20344 56826
56006 93741
71355 75909
859 64048
5285 15695
22661 41947
4702 65838
85158 93542
33923 61575
11413 32235
73131 84557
15540 76648
82729 91395
44940 83808
24958 76175
26220 68555
68623 70654
7661 17061
6532 56108
11301 53179
29102 33165
71678 78414
23089 35012
43079 62231
26920 94317
28121 57173
39732 72538
11744 24489
63688 92252
4660 29794
42661 48145
406 43038
29084 66111
18403 30262
1640 93699
74571 77654
17451 44722
6270 39835
83094 86043
78211 84568
19680 77404
69975 93463
38049 56603
12491 49749
25483 92829
40043 85955
53936 84506
5370 34971
40554 61522
13609 69000
60558 87085
22226 61913
51250 84796
78285 92614
80702 81359
31706 83407
48909 80644
38227 91381
56838 77469
37843 49039
48738 90994
30381 45150
31754 66360
44089 50545
7370 22562
14121 18871
45248 83694
55562 67632
30546 89258
12493 24539
18206 48291
4515 85296
58485 75812
16063 59687
11451 53768
19880 69409
67938 81118
30882 89902
51898 92416
10873 50030
58157 69828
61094 92255
1242 11519
16469 16805
9336 66272
25115 93060
5373 78586
5225 82594
31157 89573
30050 43228
6918 72226
77335 84772
21877 83517
23924 58775
43755 44339
63457 65741
19231 58265
41900 88450
70739 73776
20715 54297
43783 46841
10794 34298
81918 86396
63583 68352
23557 75250
38806 74694
16492 45374
27359 44607
79333 84743
59178 60999
71220 88981
59770 88859
15563 39670
16206 67949
11759 89493
29861 74968
4743 76364
5828 28732
4694 20515
35827 73555
40199 81277
25200 53558
80683 90787
37541 74603
4675 37985
30259 83604
49376 88364
69622 92516
16992 34488
21968 70530
11136 43982
7411 28776
50696 59443
17817 19628
10730 73732
44078 86892
28351 70390
68677 88534
66160 88872
24547 77055
61552 93566
70189 83501
1410 20976
71710 87514
30336 89740
50696 83358
59125 78116
26518 75454
24704 50864
71493 95297
33563 49338
55206 84571
60625 88430
34571 57227
1253 63126
37960 81446
11468 18093
9327 84334
28438 81388
19432 74581
197 79114
14767 26949
50288 81055
9678 89233
755 22247
21289 94542
30252 44608
24459 38576
27813 47974
12075 83698
49862 72058
13746 46331
53714 60788
47690 74264
56406 60596
56446 77439
29369 92308
90503 95380
37158 37871
30706 64541
32387 38363
39992 92722
25750 36968
45104 66686
10661 80513
26432 55579
3110 40266
39099 40292
6667 12108
34264 49101
7876 93036
36976 92985
6058 31771
32751 70855
55964 59892
58082 78259
73862 93192
25673 66394
60619 63018
36148 41879
63740 90487
3673 65467
5950 79179
17032 56188
92612 94817
20112 58245
4583 88614
29532 58709
23015 34709
325 68564
26918 55847
24235 36453
18339 35363
4494 91294
6506 85806
79091 93347
66498 74136
87399 91578
73491 78648
9659 70803
52711 85983
25485 38604
31706 84420
54385 66934
84926 87777
25174 74397
36460 46677
26529 63379
71374 85695
34604 87325
90244 93033
46430 47559
46518 47002
16569 57549
60241 84600
30683 58597
56271 63843
41868 82047
6835 40240
1414 72397
16700 51051
21541 29830
44654 80520
37605 75388
37521 46887
51822 67452
46863 85824
20045 89450
30368 62706
13412 94225
45942 76563
13034 75898
22310 30830
12037 21717
44338 67782
722 77844
62282 73575
1379 70034
57961 68699
6819 38667
39760 68104
51673 80761
11083 48898
1010 50384
1762 85707
17634 31068
56185 63078
41912 73261
22893 70835
44515 79610
44632 79449
21547 41310
32607 34652
35859 51109
756 70641
84467 86226
43972 56701
1390 62065
30462 93871
57049 64351
24597 26386
18605 75645
23920 66247
22834 53599
9202 51821
27341 55279
37740 79367
36252 74464
3891 37701
44854 77176
3298 24864
40085 58616
54365 62214
19693 42875
2318 57502
52611 59585
10669 34870
16057 16954
2231 49004
8718 74895
50360 80642
86068 92884
449 16520
47807 61938
21374 78722
79560 90624
40058 58479
34338 79536
5047 7221
75878 90355
1091 21184
2598 6280
5105 48111
25249 84017
60169 88974
12786 58454
62279 63978
2117 24446
64520 79518
17215 64477
13134 34527
15256 53790
22684 28780
52820 61764
2296 16069
28387 70862
55964 92635
64 92360
5933 25717
21661 49655
11285 51619
6989 20275
16121 39534
14737 73727
40826 70495
26377 26415
70253 92473
43719 75198
63256 72563
78093 93215
9218 45655
41402 94195
42961 72784
9066 28634
16494 95490
41238 50422
14434 17490
22725 69905
769 7467
44844 89368
64297 88799
21841 36544
19378 71430
10077 69138
6593 92509
162 10388
14668 61980
5383 56372
29188 78021
62594 72656
22537 37083
6575 36792
20887 79542
63 71206
17905 21638
24471 70523
1675 6287
26428 93769
15859 66917
32344 50453
76927 77705
33267 56506
34679 72598
69504 78170
8376 23588
41396 52625
22109 41114
40185 95541
65144 79713
31180 83475
9455 45075
53680 81675
37222 65249
6582 89831
12657 78718
26507 89027
10289 42493
10722 75151
47721 61051
7996 61023
4023 76838
34529 54187
31992 91937
10663 11637
24016 42760
28161 63551
3438 72374
57155 66285
4313 76264
674 3958
41920 91927
14670 24350
41811 44845
1215 92700
47577 90434
59416 84058
26626 47000
26145 81780
84163 89218
17814 66304
42013 79123
11877 21591
13975 23061
22201 41370
23784 81160
26251 93171
9901 49843
19176 74896
22422 55548
43126 47993
35109 41321
38733 64939
7545 43573
32543 63190
21488 82721
54570 68024
188 63094
28875 92653
72175 81745
29789 35355
9746 88853
49444 77963
38003 44010
29026 53513
41776 73853
48697 69602
30810 38273
59000 77630
84759 95225
51352 69575
71870 89222
33766 35762
20095 69637
12747 28567
64392 94612
30025 83759
34174 53805
13953 64918
76815 80794
75630 89807
12352 17711
15573 49282
59753 91811
19230 57037
24538 58799
76545 84130
25581 47068
49843 79337
47529 65276
31251 78399
36899 68010
50498 93095
21782 95176
85405 86589
13296 82501
25148 48248
29840 45445
58855 63688
23579 65056
5048 20523
19332 35995
41651 57810
28068 55349
12427 84277
36878 55199
14611 67365
31776 82575
27237 54212
63988 69792
32638 52880
64974 77862
8076 59978
26337 61012
58806 67574
76962 89577
10882 88387
40184 41424
27810 30875
42366 74988
41723 79116
21544 74837
22709 82866
2666 65177
7269 35037
10034 91619
75329 80325
17348 31021
35433 94208
30233 50639
10105 83363
41592 66722
76865 90376
35753 48175
38977 63828
46890 63807
23284 81007
28987 61127
39258 73532
8427 9518
35842 44191
71928 90599
37179 47788
86342 91056
43010 49935
31676 78605
552 44068
20394 82780
31330 44922
89395 92872
10247 70972
43518 91570
57771 60207
53372 74382
63078 77204
19270 32187
9951 89451
45629 86915
13776 30309
1298 71461
26882 32020
46328 76302
63681 82590
23370 92679
3881 82232
32987 55458
34116 90508
63081 71722
47748 61783
35927 72771
1292 59220
47305 56141
30623 47139
48890 68103
13061 65914
35221 37438
6138 48073
17956 82308
19479 69504
21260 92983
27703 52713
3477 43006
38274 42444
23653 87109
16421 24067
44975 68484
23713 82766
88170 93323
80563 86111
1529 25948
5166 34197
4222 55002
70714 76584
41921 74260
44877 83202
63804 79340
8484 36467
45815 55014
42689 73821
42645 42847
69197 84342
70023 83071
13317 94244
5448 65327
61989 62831
929 19504
11623 60952
8775 24883
5186 47475
45847 88791
80958 81841
41485 67063
64070 73172
28752 40976
40572 80665
68122 84493
23472 71392
34707 54105
44406 50683
35455 86966
15719 90314
43893 57049
15057 50575
16190 39044
26877 69723
72066 85057
39039 74722
53134 60827
64267 84607
46437 80011
66975 73980
4379 19744
19975 82455
9858 39248
32307 44953
6972 42844
2136 86815
31160 73264
7176 67578
53207 87403
4538 94294
47777 73251
27813 37202
470 61879
55076 66141
1048 69094
89158 94333
6845 18736
14359 75842
28934 93446
22228 73825
66180 85916
31960 55399
10602 52703
6 70488
60444 75602
14533 51980
992 21357
6009 13914
17011 67852
27345 58779
4943 42125
252 89347
26364 36999
4103 67194
23629 82241
17809 62085
23686 70872
45321 53695
49835 61901
18887 23816
9330 16557
42283 70664
6180 70409
11817 20999
54599 90310
8386 35747
26850 37013
13947 26969
389 31080
50967 74239
15714 83371
17908 55539
64335 87156
43022 82903
28940 32823
9590 46053
45787 87988
51014 66507
24785 36953
30698 76803
66740 92872
10739 71640
22877 65861
46375 70255
31656 83748
24181 45187
64695 70460
2920 44223
54347 64897
46054 94602
834 85824
13090 56752
29209 43345
16935 51145
42726 59983
34516 69196
12127 86549
31194 66058
12426 48538
22664 91060
71370 93349
5038 49567
25284 43502
54081 78448
33689 69431
2803 94760
38910 87499
17139 37397
24704 91464
14660 81458
7294 80213
31148 94439
15244 91601
2726 87014
9682 42860
67704 91375
9236 58678
21645 75092
38485 82214
59519 88896
41170 69713
2326 5520
41381 80816
42196 63173
2030 60823
33391 58665
26038 63139
77874 88983
27701 43581
73060 77105
46046 84881
9665 20025
10831 14865
24913 44615
50973 72347
52409 78252
43485 76845
50427 78827
39134 59570
24147 84729
10256 87443
18501 42007
41335 79137
51755 77150
45113 83745
48606 86133
67049 92048
31757 45307
22643 36997
84260 84872
43431 68482
26639 75722
69541 90371
75532 90431
12962 14170
40414 61724
35206 59750
26826 60185
49262 63493
77623 83580
26560 91668
2782 18002
5454 40446
5947 10657
26751 37928
58005 70345
16068 58283
10432 43116
50845 51006
12682 90983
2303 9461
20503 67039
29599 42994
18137 37957
20074 46566
72759 94774
4960 11787
22007 33972
20470 47039
24491 74298
21847 27541
27246 91467
31958 51904
65669 87077
4118 75638
3877 39332
23799 93197
19463 56820
11664 69095
78012 86006
70713 79571
823 63943
640 43502
6213 31029
4358 71959
83516 93341
81381 83610
51231 76927
35224 92308
54178 57895
72637 72726
13821 77327
14016 51479
26768 60015
264 16297
25290 95152
12811 58644
28375 42344
90017 92804
60997 86021
58191 67853
37539 82685
31827 44099
56581 73338
43132 54045
27831 52676
16432 88793
31542 39296
49181 84245
73926 77308
13786 13812
13522 31743
27221 58522
24540 86196
47223 64424
69316 76118
67206 70594
46652 70155
18715 48941
63552 83660
19213 71211
2025 70837
10154 31939
46981 72079
59153 74986
5582 44834
21660 88481
71559 82506
825 7438
37377 50476
35687 71594
2197 40185
15035 59794
14135 77729
32149 68029
22090 67646
1526 86865
13605 43895
5175 24332
43734 59252
65950 84558
44249 55267
9980 80214
73279 75420
51381 66464
39804 71197
21640 28192
40812 82544
20148 75083
58486 64485
8455 82328
60666 74424
18386 34191
14064 56727
14714 15959
27505 88349
32644 64754
1054 50753
1872 26752
44507 82462
25252 44287
29713 88896
18574 95022
50496 69481
313 69679
18034 57419
20794 24282
82934 91297
51413 72844
517 29476
812 80882
23153 33143
1520 56782
50628 59269
9181 78454
12660 78354
21260 35408
73188 74274
4322 61323
43498 45538
65190 73100
41935 68043
50096 68561
52804 57889
79043 85426
63905 67329
82358 84738
38855 74014
4782 40262
7565 43800
34711 59086
64934 79568
9641 87596
45468 51824
68439 78963
68461 76396
2975 28115
58606 66798
33800 47004
54257 91139
20578 30883
18525 69177
28967 83050
7959 56808
11514 51939
72577 83001
39147 77057
9588 67044
35190 37804
38302 73751
55978 91683
32170 69973
10007 40702
43943 82698
26471 32977
28140 54960
23303 66985
8152 82966
53522 76771
36478 36920
25023 71999
41500 62458
15670 21323
10429 84844
22249 36160
33120 70105
17014 60001
61941 65988
40883 66731
52484 52848
33782 53827
55558 63211
58307 61562
23284 85152
28689 57475
13834 65885
37421 48058
49472 75770
18839 38070
45307 65682
16072 78877
8768 87279
30414 69405
66877 77813
14154 34592
11380 84356
23526 43717
16384 64197
9663 10413
74090 86143
6540 61795
15888 88305
68519 89539
56065 90952
40174 88440
26455 66691
43732 61982
42315 71371
17088 92029
220 41073
61487 81252
47443 79782
30451 76370
8977 24988
38106 83945
19591 89885
49856 50926
15485 60232
12701 66885
9030 17559
29117 47482
65651 75141
11787 67542
31717 84512
12236 19667
3329 26555
34521 74844
18446 60999
256 23370
17693 35128
15601 79622
21448 27806
26874 31477
58254 70589
74590 79023
23747 64264
25689 95347
54168 92639
40024 63423
15854 73715
33693 94941
66123 71679
18292 27010
72355 92578
40631 84441
23465 57578
5209 19274
40518 77448
11445 71339
8571 67751
38607 59995
13747 58320
15280 91880
49075 60534
1820 81598
51414 67856
11377 16686
13047 69914
33832 60238
7676 68553
8994 84921
57771 69724
6093 63804
38386 90838
44416 71108
41108 80368
36486 52065
68490 85283
54110 75500
35430 75534
42334 49890
35360 78549
7352 42657
29656 70724
46495 62768
13954 65163
39034 91055
23218 87308
63924 73507
10932 46812
30906 51239
62228 94272
66982 80224
392 41449
4188 92783
26993 72519
71873 77893
58926 65937
79183 88971
2155 67914
51181 78625
63133 94482
3867 37499
20387 28041
3128 21720
1809 49293
4739 27544
41305 66412
15623 79801
41047 65081
8547 26377
55515 90919
24393 93669
3164 12463
7166 23018
39826 85742
43084 87037
20777 77914
9230 11726
50228 60790
39802 40408
62461 64650
50245 67167
59637 63287
22297 50870
22409 50250
60713 90973
51482 84183
91209 91373
27488 66033
60517 61979
39230 77043
32378 34867
495 34806
38823 46544
22423 85708
11599 51956
33665 59073
9384 84458
28605 38222
29906 91274
38280 45359
16698 16712
20852 95704
41578 78234
19137 76093
41501 49139
66456 69871
12969 70709
61199 73512
41281 44149
35061 88191
25251 86102
70391 92131
37541 44445
23555 31108
11629 51040
39922 43741
58412 65105
57693 65173
45742 60658
615 24110
10247 15000
17809 88567
5628 10488
28134 54558
50642 92235
10788 60464
1051 84789
2503 24186
36197 67482
4094 41101
35715 76012
16352 70276
25556 69518
61264 69595
38729 63633
66351 90560
28309 67000
41565 53047
1801 6338
36894 38170
34694 81070
6139 94685
4541 62653
16628 91497
29518 49685
21593 53425
46632 49982
7713 58532
30797 58182
69989 89442
36066 55117
50776 60806
2004 32344
60755 91450
31493 91223
13299 74165
15443 91381
10909 49370
41884 43319
9761 30800
20758 70276
46791 85082
83080 86517
2198 9750
6770 64025
15148 74956
52324 61833
70895 93140
4875 47116
38615 93657
36579 90978
79395 87137
50897 84441
38756 80264
19370 62002
77310 82006
41192 63725
19300 51568
38713 73046
62049 74480
82586 90284
49113 54136
84204 94024
53718 60829
32298 71492
4462 40195
40992 48627
11301 50166
76214 90938
57114 75598
2950 45710
19925 91342
6266 13134
9354 26104
32271 55018
65491 75876
23986 33768
30610 58615
22702 22813
30510 69164
63056 91045
40466 43416
60736 62305
4764 80913
2293 13463
30287 89356
4443 76692
18482 38218
44910 74335
62546 75637
7530 23497
47176 82515
30194 38875
70989 83520
19453 23559
67320 88921
24754 25463
38602 74272
45614 66651
7156 67985
23239 25320
64258 69641
32753 48219
49822 82624
41659 88710
19164 26715
14419 24722
20459 82376
29098 95711
11606 20546
43636 62313
17737 66173
29376 82800
5391 93964
83599 93626
120 91219
8317 11803
12263 68321
74999 93917
36240 78549
19574 34969
79838 92774
8175 92486
48251 64641
49132 79507
33805 91779
28732 41491
45434 80824
76870 90668
25547 83998
6982 90632
67301 90825
4063 57077
5380 26414
40662 89528
11394 25795
16490 62687
10656 81185
6476 34885
33656 65267
41841 52386
4566 48350
53538 76912
32430 71743
3355 6607
28842 39520
81010 92523
2806 66381
8358 77277
44824 70488
18829 67473
54707 95504
56219 67506
4863 63072
37254 44810
61655 72285
20074 29008
69250 72377
4918 40351
7132 51634
57282 64881
15762 76618
22940 74707
85106 94240
2336 57630
33937 68983
74712 75738
58813 69846
7116 64163
15204 78851
5674 92964
6389 55251
7390 46747
73831 90661
20264 51481
16532 28427
14026 71782
6937 44139
48228 87275
12005 85179
55611 57901
9287 79074
12580 60586
69864 77451
12104 43887
36305 75689
2318 68645
74374 95451
19999 85988
35551 73837
6926 85021
17173 21678
52537 58962
68743 91547
22633 81278
79248 83345
3334 89154
30938 36364
31744 59904
48968 79208
60897 89838
74140 94296
23716 37496
17796 32383
8055 71684
74143 80065
19349 64853
43746 52268
10065 89263
29883 57410
15748 19644
43838 46168
44938 77725
41317 64688
19221 55496
43876 92862
62872 70053
50530 51099
29224 90694
31955 53474
6163 72953
8357 60207
7270 66095
50408 61311
3331 77356
45643 53056
10993 68246
53551 66777
29779 46356
7175 37744
281 71791
21579 81251
22865 25931
447 79565
13654 46174
13054 78773
31989 61218
2375 46516
14182 71340
45180 55967
22636 48532
22106 32255
34325 36135
52512 68267
27896 92043
37021 89017
68091 80467
7687 88698
12426 62199
60378 92989
35284 84556
48990 83340
81779 88266
10397 71496
30978 40540
23612 78459
27503 59413
18837 61723
35076 88866
22513 70305
27086 50405
26556 45221
29291 94215
41595 70711
22730 31948
2728 67384
22647 68210
10712 28609
17073 54378
9895 42445
14850 90660
5119 76881
17537 51577
18426 78319
58380 82533
9299 30515
66594 78846
28880 92718
54604 85500
1036 88433
50692 64136
13330 88265
51176 61014
20353 55196
27820 66919
20209 65424
3800 77763
24136 29861
8906 12934
28907 71623
38912 76207
11569 40664
40095 62753
3613 54804
9709 13173
30541 51371
41940 73820
23780 32572
43259 76705
26337 39490
59126 67152
2423 85275
17114 48233
32881 76459
6633 10458
26859 68597
77470 91620
31571 87638
6236 74176
73229 81050
4576 77283
49196 70509
24610 59301
109 26308
4850 34266
7681 24928
13801 36705
32474 91279
61450 76664
50010 94106
15986 19218
48442 83249
60505 74871
28569 90903
67754 90652
42271 87620
61337 88848
19485 71985
30510 43195
9578 15885
18107 21180
29365 67684
15607 34058
9452 75753
15831 58172
23417 30842
57746 64654
29590 57073
44445 57098
4102 73223
34467 58092
28133 39595
58610 84034
4910 64105
69004 70683
2224 68286
19097 84902
58987 78813
17137 88096
36297 90201
20920 83222
64642 92402
88355 95484
10265 58046
12442 44715
27943 39600
33031 40287
9186 33528
56783 79649
8966 49546
58015 87741
10113 18456
8828 44687
31954 61963
24199 69731
1397 82677
62711 77113
42229 45867
50650 51126
60114 60530
85656 86315
45363 56325
41035 65972
36271 89099
1736 66547
78939 81980
37241 53261
44274 58552
71320 91872
46264 50715
77287 84796
62873 79929
27053 45775
74599 86895
10312 92394
6543 64389
1963 58186
23892 91722
7681 41535
12511 37819
65110 94321
31681 82999
22779 77782
24965 67093
19196 68307
6026 79765
63925 66010
55631 83743
20268 22223
13971 29509
28871 79502
39114 62288
49943 86875
29685 86259
43662 72150
55494 66970
62424 85103
4407 91904
24732 28004
50802 61478
19634 44641
18889 53430
48014 90923
16923 28208
3338 22008
81926 82022
26651 55249
9532 21879
15133 29678
66359 74415
53177 58615
24295 69459
32471 69345
21189 65260
77725 86136
2681 21682
11220 76384
4106 25581
767 90278
27049 53296
14376 83073
45340 68721
1821 78424
52475 83790
25496 73151
11017 23792
43285 66910
24701 28267
23839 25562
4795 21096
2523 9398
51528 91097
16501 59478
1198 36230
80989 95540
32154 84981
20809 66279
14549 19590
80932 91130
27635 88528
82582 91926
75496 85439
20353 42582
21283 45641
76421 89766
16638 42665
24693 57672
52027 70639
76523 76919
24248 94990
12687 38430
58458 67317
79304 94420
12904 30279
40658 87045
21395 37069
21974 66658
32893 85759
4691 87459
15008 61387
20565 56406
43736 66306
16580 36965
35165 42460
46647 77592
11869 58091
11119 17839
11496 51735
4579 45527
8488 86517
26280 50353
32552 94375
2422 47996
5333 81934
26072 71574
25847 69470
62360 73399
23326 48232
26749 87596
43547 51903
20168 94228
8185 41645
1793 78685
6741 71212
39058 51404
1152 51338
20380 57685
39892 67991
48663 68685
69671 69976
12783 15349
31884 42889
6353 20540
41102 65576
21376 68537
15787 88371
16918 29620
17979 92869
29124 74086
784 40529
35092 79286
44121 57601
39719 49813
1999 88587
22057 77468
27683 47724
23440 37265
69418 85404
4081 40090
10136 42795
32658 74292
67750 79847
48040 73189
78637 80271
13516 78150
12238 58672
51871 89374
2222 24450
37898 53503
21294 59363
59144 77998
41176 80261
10249 82022
25029 78935
12910 83489
22294 52377
35599 74996
69326 88668
13741 72451
57496 67707
32993 34427
39513 72574
34552 63488
73025 88414
16443 63592
41564 86834
15335 40064
40813 50696
25741 82915
17383 45780
45892 93501
16356 43840
21650 75897
12220 63018
28453 33388
16424 72395
23391 45789
13186 58459
127 44247
23945 89693
8804 34845
12355 41771
59307 78595
32657 72929
44539 65971
60941 73613
7211 10173
4890 5482
55430 79140
23954 69167
87816 88135
60324 78120
58816 83012
58530 80801
24047 53763
34200 94473
24013 53542
74147 86719
3253 89596
53145 68264
59536 70377
75855 78317
72114 90122
77949 94418
3000 30489
15242 21216
53743 55789
11563 86396
5457 36471
20094 22549
54615 92279
25024 46066
42929 45288
31372 38780
76919 90657
31547 85083
77284 82520
47484 64614
30122 35581
33278 35364
65539 92377
64961 73749
42487 64565
14572 94667
4836 84591
21080 44912
64886 78313
37008 44148
31640 69509
16185 67931
70637 92128
62581 86100
57116 87250
49898 93532
14809 61592
69094 93215
14256 93627
29519 85234
5213 53383
5229 61724
44992 90285
59555 90836
11131 40716
5493 17170
11522 67562
74551 89755
5352 10422
12876 94660
23463 66444
6154 7610
17676 95562
47169 61989
12066 48293
68834 71601
51766 59107
31194 36455
5573 66491
23890 66927
25282 28885
54413 63560
62459 64256
39446 45466
19084 78958
7933 38821
3947 24692
50455 58256
54566 77221
12641 20136
52800 72826
68995 89030
6296 33625
19077 29537
44532 57330
41509 69573
28226 35022
61532 78296
20808 80655
38505 62137
20700 41480
46059 94057
15932 34562
17271 79443
23865 87393
71588 80068
21391 24199
78252 92919
52958 75931
11064 71200
49566 85401
69926 73799
2306 82143
31295 47818
48155 90496
4171 18919
27388 36488
71573 93897
24583 64034
31966 76996
21495 78240
12939 89052
3462 52122
92392 95118
1461 11190
37642 68618
18868 40787
7689 25372
5014 52713
76507 77262
38381 64800
57979 95228
17801 68090
11672 94484
13644 59416
10632 21851
87656 92264
30713 82766
22186 58594
32190 84208
10324 68395
78843 84558
62309 89475
37283 59441
43380 60982
23386 44751
48642 49867
72973 73326
17963 82911
41530 66121
52920 60520
70510 94184
16176 52777
18361 38031
55683 59567
25882 67689
14963 16489
2728 30477
62985 73153
4288 50041
3461 59333
78530 87672
19503 86523
51460 57350
44798 54319
26294 33343
68373 88008
24659 78707
29643 52457
18648 49197
67229 79192
73174 77754
23684 94539
24227 95060
1931 30329
11115 38927
18125 49676
34505 47384
1222 77358
62165 85783
77274 94436
2699 6833
16991 57100
58 4825
24348 74247
70026 88009
23744 57149
5817 42742
48927 63255
63583 76098
36827 53883
22534 91183
22607 85859
20520 91193
486 17827
64065 91551
43344 91266
46432 83381
51320 78541
5242 83975
2595 7726
60837 69577
10566 69960
4278 95462
26221 68222
78735 83413
10668 39079
36682 72971
59875 94770
75398 84060
12589 33400
44485 93804
56917 75521
75034 87022
4044 86114
12910 51985
9798 67701
25661 34686
30965 94028
7894 29872
18197 59586
26430 53276
20050 88918
42659 51020
30067 90262
19793 64647
45633 60042
48131 63042
46566 90546
31815 49052
2851 63298
858 36146
41977 85405
45444 51634
22157 69669
46906 67564
64144 69452
20469 42605
4098 60845
21574 74764
44354 75511
3295 87227
61799 67869
3468 70711
3872 51652
53762 73314
17702 85500
29215 81452
25279 46765
47897 78897
35462 74809
60165 89473
14835 47596
21275 58920
13351 65075
16587 63137
22058 52364
18175 55262
46056 60403
30708 88674
4432 59297
4289 87950
408 31370
16385 93371
27795 41225
9895 83722
22972 84507
19377 71151
43471 67568
48919 70060
18176 91976
30678 95556
71981 79552
56195 94284
5005 46758
11124 43974
7932 80048
50959 59044
33105 48581
15180 72078
53380 53609
47676 76219
60162 95337
19819 67416
34680 53063
31962 38411
9358 71599
80418 88088
20393 90175
6575 84188
25350 49539
33866 57972
24961 75975
38363 57247
38842 95520
38767 88438
343 95163
21030 76613
25451 90089
6177 27041
16973 20869
26746 46809
577 92981
82286 83596
29589 45631
24056 80333
14789 54819
2658 47358
61928 91370
21499 45222
46902 66040
66869 81975
29590 36491
18445 83248
65468 85345
6668 84293
80069 81949
70358 86648
17454 18140
57670 59524
37601 45241
26588 51789
4035 32032
18623 34694
73001 93373
19525 87311
75024 88334
39809 43640
20600 56106
37774 69764
26132 74424
7733 93891
16777 24895
83846 92034
20604 24698
16192 48866
13023 87031
1732 25328
25917 80430
48376 50592
3976 86501
5540 62068
19857 74991
15108 20425
17294 75073
4520 34082
6898 53103
2725 83337
17413 50307
13256 65709
42226 66953
10860 80114
25904 33244
146 34669
26052 64605
49211 67861
41955 55318
78439 95545
28936 78306
54749 59916
20824 74349
48672 92713
69112 70761
775 58170
12760 26502
72715 91240
11397 47135
10065 57410
1216 21000
47576 59231
56322 56680
33924 66899
31143 91343
12864 14566
44781 74396
15604 52450
33771 83196
9901 32216
33022 63099
8706 13829
3180 38134
13185 69606
15499 73360
9172 83768
39640 65625
48590 85921
50779 95518
49422 90330
68253 92544
3649 17376
42487 59025
12825 36752
35229 59468
24937 68661
10133 50125
21551 30258
70818 95434
19588 68236
52607 59929
8452 86716
91117 92528
43107 67437
23720 81162
81634 89639
25120 77196
32102 57277
16867 30552
2958 44308
8894 18692
11763 60238
69612 88167
34055 47579
2267 56025
76464 80329
24587 58745
48418 65158
14745 79186
13855 15581
59085 70008
66435 84304
47310 60221
8791 66569
25124 66485
46864 87879
1593 37312
11902 83450
10061 81414
31801 48832
1800 37779
4706 78637
2729 71763
4146 26620
44198 49608
28771 28991
4576 70497
11627 71467
30538 49152
21409 95423
32042 68433
41538 82769
25809 61489
4033 42412
61330 89868
67195 75669
82199 83700
23328 93344
16768 52754
27487 33742
2456 55686
77652 80264
20803 39374
35673 70178
72889 84914
85741 87110
9749 92656
28966 89134
56688 83896
7112 54703
13414 13494
68471 74697
37760 41441
31328 39208
71144 88651
148 52632
60458 66782
39760 77582
1122 36772
4064 13445
25767 50336
72162 92828
34651 35620
26413 33839
18255 28676
35036 63543
52453 93811
45653 57311
53451 60826
26670 44149
37362 55489
73633 74672
3930 7984
75501 91270
37799 95086
8689 16776
25988 43112
10601 63163
11200 70198
22443 86227
82956 86250
8546 80190
21209 71535
38319 70001
37404 56192
6398 43161
91214 93153
16917 85440
56718 85432
25137 27573
46084 48444
35889 80170
346 18002
24754 75823
7155 49760
49231 83639
29474 73510
71802 92726
73655 75634
1060 41895
52571 91310
26126 41330
9327 28906
15247 77945
21340 61768
451 83182
5334 65230
56335 91495
42785 52250
36029 86213
66265 80799
42356 81618
6159 67663
17616 56445
63242 95075
28481 86720
7977 95558
19843 62225
55005 61556
2157 37208
36270 57147
6935 47491
27055 66323
42619 73548
20242 58879
12995 80195
26934 28429
60248 80257
87401 94803
20240 81872
27339 65644
59546 61768
76150 86815
63714 83337
38898 86956
6895 53890
24373 57422
41548 58955
44714 75261
34069 38638
40831 82979
8437 70966
21411 28612
20526 72507
422 21342
25765 35004
10689 25611
2432 19583
43802 71185
34557 45982
74093 89977
5500 61344
48109 69552
27714 67629
10009 13462
8498 92578
66200 72459
12026 28114
16395 82420
24686 37239
49077 81709
26809 58731
50810 54568
4679 72693
66988 88546
31988 52411
14797 82564
8973 62286
24555 48737
22510 36562
39168 71855
80602 87761
7668 88984
34638 48364
22565 32349
44778 57275
67035 73492
18236 40914
16351 57290
1961 79506
1345 39241
14918 32270
23613 87854
58876 62209
65777 87774
10552 65554
15456 55958
21758 83219
17032 94761
39480 61322
10811 71229
368 37675
24086 53138
6236 48806
66240 78442
37211 63530
7789 92620
34569 67074
28742 45140
8589 30928
26170 46981
27528 67973
36683 62100
67922 95017
28423 84228
7540 92676
1023 69101
26790 30393
31788 76930
28932 64000
8693 26530
6587 60438
34505 87063
14279 32994
4549 43880
54612 91649
50348 81076
26318 47003
79836 83937
88842 94333
8682 75559
5545 26410
11972 46734
31967 32404
50736 89341
48721 73846
17970 21647
20383 69978
22002 69297
421 31448
166 17369
10824 20231
73608 80135
37281 86479
76404 76797
49635 82885
5909 31222
53292 91187
24695 80421
20789 89341
9774 31722
28160 40933
2816 73086
76559 87278
22436 41836
35141 76406
27348 86770
55941 74502
39673 88734
33662 89351
37792 82045
21442 27900
55523 92982
70696 93289
68454 77563
37386 66761
85128 86282
7826 60716
34905 54238
50618 58667
73248 76297
46952 88577
10730 69084
80541 82172
39890 72207
73966 89343
51706 56094
75380 81423
56607 63555
31173 84971
59148 86069
10334 54356
78995 94324
65904 94691
17500 84827
13400 13670
79982 91112
11777 65660
22976 40155
21641 47545
15062 20133
10250 65992
48713 88072
41012 86168
6668 43122
63032 93383
50855 82076
46948 61056
28143 61100
46015 82873
12237 83045
39988 85401
25026 46158
1677 52085
32518 61258
2712 24513
20061 79557
26889 37907
4819 7742
46814 56866
6536 53062
37734 64113
71304 72914
60134 74060
10155 43313
44755 48570
41123 47757
70415 71673
85994 88156
15677 75161
46891 64319
14602 85051
2638 31283
76526 86835
1118 44385
3977 85200
72610 75272
82452 93036
27420 73151
17928 76205
47336 80821
41311 79657
24258 90108
7323 14044
59979 77132
13507 28637
2436 93277
77518 91776
51601 53013
48700 69164
58657 71167
42889 61198
61527 89758
21689 53833
21654 89422
70086 89540
21751 55587
82389 91007
26340 54936
12029 38177
30175 44099
77673 94920
29406 90118
16744 42801
3537 59041
68023 74609
53837 93879
84020 88259
59937 64050
5974 76954
47893 63127
220 56125
62209 91032
50870 62235
43437 86382
19311 22722
40968 50348
16154 77875
6077 75023
74442 85358
25438 46087
8800 89684
38315 47204
4643 45952
59518 73922
87715 89418
9351 75369
13785 28201
81819 84016
84210 94157
64023 66649
15694 40033
89338 90633
72132 92923
55202 68744
6043 44531
22026 84058
57754 85380
41518 90437
39391 61803
48763 88613
30721 40670
39516 82211
42928 78685
36999 63885
50746 58032
5184 16202
23863 42282
7212 62476
7088 86420
12603 19747
2558 90927
30426 75878
8921 9454
16800 88063
40335 68458
57887 62245
44527 88529
38208 45613
39589 85846
3427 59478
15468 23901
11141 15784
6465 52516
4265 76274
27386 45204
44444 74024
32900 83768
62382 65238
35282 82975
21245 68527
16295 93366
14022 57479
49717 56746
22789 87413
41258 89387
36108 75752
33041 33396
10001 86239
54968 62390
38321 70629
45601 74338
2204 80398
15674 76165
61106 84107
23680 73536
32411 56855
4839 47897
21351 53459
11356 26013
33389 69578
24904 32035
34480 40035
15782 85387
59869 76653
54548 66642
2975 33832
77111 90965
46254 66392
37929 53613
38788 58227
39951 60129
30942 64976
50064 85796
44144 77030
38779 85486
26261 67006
44726 60145
50697 88374
15417 29168
9410 70917
30567 72316
4142 79132
15444 67920
60846 76930
63649 70267
39752 73975
4449 69709
47224 91319
65770 82492
19613 50388
27304 75048
21149 85667
49452 80051
8071 78261
31837 39069
21203 77809
10311 60144
50147 82883
25519 84667
22555 42158
34507 41191
3477 45678
17665 52598
33799 70524
33229 51383
20943 36838
32325 91333
5154 26876
15955 73521
30392 41847
56235 88378
2786 76006
36001 92295
19568 93971
39708 82193
7200 93785
39740 72199
26225 52015
73688 85832
12370 93808
2958 35632
28744 39779
27760 73497
8133 89950
34708 37867
51414 76281
43908 74861
31172 85908
2811 27738
45980 68580
18202 57743
17073 23690
10102 22847
12107 21650
86222 95394
54110 72762
59920 83014
30662 57842
21179 32961
63934 67263
25229 62984
24525 29066
10104 56936
18898 50396
23598 84867
10022 88706
15023 51695
29241 87357
72073 84584
39516 57115
6069 10145
35095 56098
67945 86476
81715 82405
32787 35731
2406 51819
27530 69139
82294 85089
33521 60234
75233 81926
7678 15879
52617 70046
54854 87120
1009 14515
1814 76656
19655 32870
38497 81763
59525 86424
57885 92349
16172 71554
16038 54607
52684 66273
23876 26531
9129 31464
4032 68323
19239 84443
34793 79980
8045 91208
24930 59650
58764 74924
33082 69573
22981 27002
13709 21999
4023 41085
2959 69147
11560 16640
29027 76242
54619 95555
78961 79475
44556 63454
81688 93932
60960 87352
21823 80792
32008 64902
19698 53172
13122 30841
53617 94022
24675 41601
45110 61424
50747 76216
62940 93518
3092 36648
28523 51804
14122 54826
52184 64982
624 17524
26167 32404
5604 32095
69127 79973
25679 46995
43308 60135
71003 90082
8890 78476
11294 85066
31603 36804
17467 43758
51181 94126
29881 81476
56427 79126
42238 61620
27325 46400
48294 86441
35762 65315
11737 36175
6928 54610
53022 72733
32253 49665
59018 65323
37055 80799
61020 73499
37555 37676
11086 76742
34741 69658
10909 39742
80939 88669
8479 61791
1539 17092
8870 40844
51356 85075
33352 65838
54163 92574
12997 62686
60899 89694
38428 54162
16114 31207
70757 76826
35700 63781
26935 46678
58484 88134
9791 36715
4959 26330
6581 19803
76710 82662
26089 93628
83705 86553
16363 59368
838 36908
34179 89384
44958 59794
43917 76645
3644 49111
48983 89132
8626 39634
20572 59706
41853 92891
60069 62322
1127 94963
27560 50823
52881 75322
49409 83610
33858 38132
62759 69545
29660 46002
46013 93887
29127 94698
22253 62706
47370 75489
13873 49514
9499 65043
43242 86596
41245 66322
51292 75369
3143 72509
63693 73646
869 6945
16191 30585
27863 77786
10080 12163
16887 37052
28292 61250
57833 78531
49529 56143
15196 51673
15349 61436
13686 92863
2477 92507
16265 29565
17226 44040
20298 36747
15125 53835
88271 94777
20515 75955
5564 77168
32091 62922
41819 55650
71392 76102
2690 83281
67808 87391
36071 79287
53917 85215
15132 15310
68060 90470
34027 46660
23226 53738
6966 75413
22867 57575
9685 80677
77275 90875
3559 50972
22010 63094
39936 50987
38118 89346
20590 62027
12474 51071
25247 73066
12954 52658
40660 53296
17684 30248
30367 80178
35427 40286
25705 56319
11954 76370
10473 88971
11517 86100
21956 29139
24855 32476
252 77289
37886 70352
53850 89062
29928 79814
6868 19749
3117 84638
26066 83878
12455 28271
17884 87255
1836 7280
8564 65387
19910 63642
80250 89957
42858 82767
18577 71514
21792 59546
50358 78545
70355 77608
8745 72321
7786 9974
29954 90435
16315 74065
20315 83412
36253 50393
37800 68473
4024 18794
10325 16671
56678 60511
18281 63917
16597 81143
53890 64452
48092 52369
69274 74092
28318 46926
66894 92797
802 62710
70751 95625
12557 88462
21015 80995
31525 41234
74738 88879
2558 63479
6093 85334
78345 82714
1461 88201
45048 66202
85621 92180
56842 73908
76469 78183
1404 92876
5403 70365
72497 77369
57512 65748
54192 89083
66478 92073
64448 80182
66991 85404
62225 79002
27394 88601
31301 68170
50253 50620
54639 65138
61883 78124
58748 81415
11273 22708
23763 73780
47117 48584
41428 79311
44927 62858
23494 24860
37869 58899
7693 67988
26546 59093
12100 20280
59394 79219
24012 31369
33095 90191
57389 64833
981 41003
1222 46088
17315 93956
40879 79223
12279 44807
34488 67468
15348 16058
4680 23029
7901 34176
21992 74972
23291 88446
72097 93209
28690 67745
39105 69826
56808 90875
10332 56470
47602 85341
5868 6978
2411 93665
79511 82299
28212 95144
13566 43818
47603 51229
6036 65071
43711 86110
1744 74501
8254 41958
27070 86986
5364 9256
1500 62549
15977 46495
12066 88539
17014 79123
42346 77659
6702 68761
23973 57271
43547 80096
10462 74996
84449 87814
20067 85748
29242 50712
24409 65218
82540 82948
559 20936
5530 81508
32005 34285
28498 59199
8811 16323
3972 74681
37261 43976
82489 87943
8999 92890
8029 90259
72737 92542
7584 61673
22096 87803
28871 54565
16520 20566
12056 47032
26031 66791
27427 58341
13297 69079
56578 71245
73645 82331
6948 41256
3004 68900
28207 63667
16185 76384
10149 40609
39224 58051
29822 81369
69177 94142
63219 66599
80666 95334
24714 32940
45346 83937
62514 84132
19162 92939
28891 87541
30118 35141
5398 71051
9690 27337
15280 68623
35270 37912
51556 76313
64804 82591
8613 23613
2162 76852
33142 44604
8863 79942
47972 48551
54265 62742
50522 77570
42737 79348
67827 81381
18910 26277
5503 83390
33186 46799
21693 28520
19885 77200
38096 90398
13150 77472
2711 86824
209 30445
14664 93835
18262 35053
8595 78367
1544 78181
33586 94915
12342 68993
2953 43018
38339 94658
54380 92288
19806 58000
54286 64390
4474 38166
23707 55554
28921 85042
35690 48980
45050 68644
47709 59998
38215 60292
60334 74721
57882 92320
48922 77470
82265 91771
53357 69803
36681 71397
10736 13712
27303 45673
68970 95541
31795 76242
7778 57116
3248 31779
352 76245
1103 18679
41383 62749
31126 73654
69455 91371
58102 71135
238 29971
14486 20340
41783 73444
41358 93506
4547 32283
17843 20707
36775 78405
1252 88658
51600 92257
44975 91920
2452 48820
111 30694
26657 59572
4746 77889
51648 73146
66907 90709
77936 87463
88121 90015
7195 78257
18237 76689
5578 87724
32153 90329
20087 28891
69572 69939
51000 54346
46269 51627
65177 67503
12600 91647
13168 86393
