100000 66666
14322 47982
38434 67814
84764 94992
16222 33590
20173 70351
32058 53505
403 77086
41207 83811
56323 78168
78825 97040
69126 74091
4388 14006
45344 75510
21939 81747
78932 81900
63080 86325
53047 56890
86908 89611
3203 22857
30773 72048
36218 50752
19515 69694
38103 89974
72703 79443
29657 34730
19086 30136
47579 62794
29334 29574
19231 45102
52511 66435
14295 75166
11996 20050
16270 59780
37373 47402
36601 46000
3920 33480
19804 68346
29889 42624
72360 97791
49742 76749
67415 88797
2118 14642
27577 80761
17098 63733
46643 75873
78584 83590
88178 97303
2596 9318
5024 91392
45485 94048
22731 24881
19818 30738
12214 81142
53127 64867
70615 83040
4956 21107
57071 77150
67594 87356
67538 83170
13312 54123
90008 99588
25576 70894
34530 51557
48288 64360
23617 33530
20532 71588
46734 72975
85597 98272
54684 71833
57462 91164
64920 71442
16427 60365
14213 57813
133 42410
37964 38944
52568 91729
9977 19861
20682 48417
31399 80008
4470 34260
541 62799
25 442
2025 89154
76033 82714
86313 98889
76885 80594
1354 93435
1725 81083
30529 73247
1192 54681
4010 75687
10272 59089
16145 20513
65169 74812
33459 40046
24489 85025
87716 97156
14005 46783
5766 68594
4983 19961
69547 99392
10750 80887
19056 39792
24950 66104
27368 86229
50791 53401
5552 89451
29126 80640
1897 38444
909 44500
60104 69690
58970 98281
51114 57106
46266 81186
14507 51305
2550 16355
52816 74012
3085 37831
18980 29041
78642 78978
5891 22444
7370 16968
12520 67621
73331 81358
61324 79793
33398 59989
77544 77728
56095 96399
21944 67171
33778 77944
31839 93151
2885 72230
3095 26711
20469 40349
52412 90799
26773 48007
1131 75699
9079 62066
4585 77337
25422 64925
21891 31270
58248 65829
24468 42345
852 44354
33558 92855
16049 84722
35975 95922
36 24484
42291 77020
12703 25023
87589 92955
16725 70655
88451 93074
40155 57103
11259 48286
9734 73207
45568 50829
3602 95213
28036 83045
9407 39060
10760 76272
34910 92737
37662 90577
23612 63845
26777 50159
8351 20327
37641 58311
15996 36500
47403 55252
8154 81312
50327 51075
34131 72084
80938 84046
55501 94031
52587 78693
50812 93324
26570 53025
7140 9889
36065 44011
42860 62779
10938 17628
5469 24109
52652 64435
10932 47618
70825 99445
44675 98150
40893 55717
5736 16886
15272 44681
20285 54826
11658 17547
1132 7084
33834 97492
51155 73635
3625 36057
59144 60162
59832 63813
70451 81475
20680 95720
55978 93119
12276 43493
50720 82826
7669 97806
49463 76786
75567 96225
4636 70892
11295 63385
29424 40549
3047 26554
9422 29688
92534 97700
72744 84644
33586 95774
60266 93393
66061 81828
5633 23767
17547 48634
14768 24465
3119 95201
53775 68744
54446 91559
11454 97698
67138 71425
18982 66622
18865 21368
16637 40194
62454 95089
2022 46414
28612 98511
49485 68323
47488 54813
50443 88429
62314 91186
16883 81633
26944 97671
3318 22056
6706 86818
21725 32767
30831 37002
62570 71422
57633 68750
16920 47929
59129 98397
57944 88230
10503 96565
77003 87136
76978 97009
43434 88490
39290 82716
32683 46937
46490 54548
32960 56892
34579 55182
5748 61901
50835 94747
55036 87206
47046 53777
65965 93998
64093 92050
65658 71233
7295 82281
28837 34019
47231 60750
32898 94295
34976 43172
89386 94215
31538 64822
32611 70621
12506 29969
31900 63843
38015 46881
7374 13717
35596 69727
32402 98226
13653 88296
11878 27398
35708 74000
36616 98182
34946 77206
26696 42519
18684 79758
42209 90878
51697 80527
1605 59781
63484 86107
33339 51975
68526 86510
11826 61842
56466 87414
35467 76962
7101 57887
45119 60050
42731 49992
8588 22103
2483 21938
20331 22312
73871 91727
1490 23010
20751 25627
20818 84875
32126 74906
60336 64265
9153 91605
20832 77917
24000 96838
10750 76321
36174 61302
32835 97212
21335 74976
25842 98965
47535 68574
78068 96956
10124 47095
34380 95367
63088 85410
53805 97736
30972 39186
66163 78141
8742 92896
22760 96450
13550 70713
31683 55897
49979 70529
37602 97617
32097 37942
45289 66648
47749 53603
33404 69272
15589 22863
54939 88926
93208 95671
58424 72343
32317 57660
9990 43542
36438 38469
14010 36954
62449 88149
24343 78988
31829 91273
47836 65886
61366 99713
45612 46239
37116 39258
3194 51810
82795 94444
18492 37202
31018 49430
41082 74979
70322 84359
19807 47413
96834 99127
13233 59074
32565 94933
45892 82382
79673 81520
58399 90794
3745 45832
27243 34922
23053 80446
40649 77712
48616 93592
1144 91173
249 48917
39687 42390
14356 36040
71520 77274
73701 89856
53922 69129
81137 92056
68319 77129
88881 89656
19215 28595
41246 50068
19199 19949
31837 32740
33609 75931
37197 84144
11536 77684
25511 95830
61487 78579
13033 52637
52829 93571
66530 97821
21870 36434
46317 55664
34493 47489
13923 47397
16502 94146
316 57291
74647 99633
74043 74427
38096 66859
3368 89058
27628 52812
30728 88761
23405 78250
71637 86978
1677 23980
30204 99009
32969 61229
946 91752
23144 54891
27425 84521
72981 96561
61438 61794
29390 57138
75847 91269
25190 40925
14718 15555
49280 69512
35746 90181
27645 78825
25027 72482
26390 30416
5258 91830
78888 94461
15020 79366
18692 47522
9665 73120
34400 37181
33393 84966
17082 57475
21333 27384
5686 39557
35707 40023
2144 27961
44373 94909
3893 45931
13198 44228
695 76151
43204 90115
28775 41280
43851 92007
46554 52040
30999 75621
11576 82204
35843 43353
1630 41929
29487 76052
10249 31111
19427 39140
18007 61269
58615 73770
73016 80541
105 37668
19250 93155
20028 70774
21877 97433
8189 93226
19573 83040
22075 91519
48002 53359
22890 75115
31117 37491
63520 91503
26941 64003
4293 13037
49014 60333
33209 80900
55994 77817
74395 92221
21038 83284
7114 97215
65197 67846
76729 81747
7886 24807
85970 88303
12935 93040
68226 78693
7451 10302
3669 70583
47219 77014
79810 83573
58 4749
3412 82754
43240 76869
32718 72781
9135 45929
3533 88936
7112 54926
10059 62400
41420 51512
11897 88958
60209 87699
5579 41671
71845 80428
22477 49883
2133 66044
48236 57276
50527 65281
70395 99915
45694 95083
35696 67943
22328 47389
14748 34614
18097 83015
10443 91908
3893 58857
66720 87886
19673 32579
57269 83014
51064 62794
14051 36725
9597 38307
29186 97837
26495 49498
21018 98769
11894 49112
30172 54277
42221 50680
33822 88428
3123 10297
61402 76276
45063 68815
32616 83494
3594 64413
90161 94379
2651 30445
31258 44896
25287 29533
10477 26789
23862 36761
99366 100000
3668 63575
24150 35371
22338 40860
30215 75300
17795 46591
23736 63948
14421 36687
5545 59778
79034 83608
9460 38474
72168 87703
4507 73056
12959 14953
60727 75899
67656 96286
31590 33639
24566 75508
78157 91764
22648 68663
56808 78703
15546 30293
51159 67251
67105 86567
36364 38198
8440 86601
41701 56745
12461 38505
10382 78827
59140 82436
49728 53933
47320 85943
27459 67170
61302 69746
67185 97518
53234 99171
16700 39041
41736 59678
28983 91492
17772 28440
20664 24686
43941 97147
21609 73050
5071 87956
29470 89643
15243 21750
31373 34150
13577 44920
27651 92530
2051 48917
31422 39865
29237 99355
21938 87054
10568 46203
50931 92588
76440 87338
12366 43631
24695 34889
11245 68231
34670 72615
16611 52684
2849 9731
61207 96119
53594 65978
72114 74135
67083 76859
54343 90432
40857 99027
84497 90827
31215 51101
45497 55056
6495 15892
700 78597
35626 83592
89966 93686
66312 84143
32646 71605
71268 97977
25269 67624
36571 51069
803 89005
60889 65832
11951 97867
47091 50242
39524 82093
12821 64315
80331 93429
59646 74951
71857 95721
20638 42406
7930 15829
7487 25130
20985 59546
8482 40231
8968 56593
182 99390
80356 83904
11647 96174
86419 90229
63684 99472
26603 78310
16598 41689
25729 27400
27221 92756
41215 81104
35364 58665
35313 55373
51074 97885
8270 88999
9461 83203
41516 75211
19109 60516
836 66425
18612 19689
1445 29170
14933 72483
9376 42855
34668 38279
34191 49852
46590 78357
61561 91932
12927 70468
26355 29042
44538 77857
14499 49052
18827 45067
51272 85969
84793 90449
93860 94731
25952 45608
39752 49544
35304 96216
14874 90686
15808 32966
20866 95192
32164 79463
19341 78726
40400 82730
28408 85338
36616 80266
28248 79892
6337 7061
27262 44466
2508 20682
63879 81417
35602 74085
23679 75172
15643 85926
48162 98110
51818 60100
28756 28862
43425 48045
30282 68476
39449 41437
40259 91337
99243 99507
80450 87004
90412 97373
1009 13370
25627 36713
39170 69756
40983 51857
23271 93178
65305 75817
4035 82594
30063 54351
50312 95176
27187 91706
46457 66285
48376 75115
45960 90139
10559 58453
14586 74364
88375 90717
50831 65334
15640 23385
8661 26089
68646 96054
46238 53473
20297 22088
31636 50097
18109 25931
39706 54936
6497 91993
46434 71840
55434 79912
8650 91357
38331 54285
53845 87174
531 20021
17246 27026
59296 97562
27274 45553
2959 13343
44027 86301
22638 86915
10877 95159
49156 87583
22283 84284
70405 86241
16152 99514
17016 44450
3328 40831
17260 72178
4482 72277
53147 89973
38312 87156
15165 62878
22632 66081
71509 81907
1380 8010
46107 53053
85063 96672
33146 68683
51579 58870
4168 81766
58004 98704
43432 70374
36012 54651
12438 92761
4340 21632
53216 63360
74806 90284
61000 66303
28369 87881
378 60730
24349 78907
18639 65199
13772 34782
43060 94031
54837 92090
60239 64761
27761 44901
3233 56491
1881 90423
58532 78176
11910 54178
96299 99723
83713 89698
10243 73272
2682 96562
66585 96714
34721 41979
27624 67762
79142 83024
22169 60855
6574 86657
1793 24433
24867 91188
70648 87723
30312 43524
23141 73035
25443 67564
52469 80869
36657 86534
20572 77852
56220 56591
29451 29686
38964 42417
58359 76533
13525 71851
8998 37503
28613 88589
89023 98123
54751 73579
18309 72211
26504 82513
64506 96647
53277 60840
3990 63090
22831 39991
35850 42218
28120 33528
15656 53944
3952 58159
49007 88672
56871 58140
58669 82539
32187 72233
15423 59700
8905 81370
77707 90264
55407 76493
49094 50037
4238 18794
87 98574
25859 44369
39077 90303
10409 63012
12638 70984
49954 63710
46031 81114
5087 86137
24591 98177
54111 81446
44137 85790
19844 81583
24060 98944
14827 48153
61547 76608
27683 61132
5362 8330
59978 91157
12727 91077
94590 97879
36304 39798
27781 87055
20361 63425
1649 5940
185 92911
30999 99522
18819 23691
22662 77522
31284 84191
57479 64503
39026 42404
12291 66890
85133 99628
13768 23743
3796 52224
1698 43492
23744 36997
30136 86212
17633 53035
78187 89975
41294 74448
5590 87178
5338 57831
36965 67666
1732 91738
12738 16359
42900 76488
9188 31768
21202 73360
46336 48931
2553 71547
68262 97611
43400 77794
22447 25670
72606 78011
27425 28642
46115 94229
18737 95722
63040 76486
26450 32172
8280 67802
80064 99335
35895 46213
7039 12973
35390 55185
39684 48350
394 91748
39141 63120
28687 79491
13928 41915
47801 47843
514 73243
16223 46008
3900 75413
24026 80858
43422 79654
21446 80652
9302 16446
56977 84667
15265 48357
23848 78599
71810 95879
29919 99955
12980 42826
19311 37257
10672 87296
12197 79641
39619 96012
84384 94877
8793 80424
13114 80735
18874 61167
68347 71567
70652 77999
15393 58411
55161 91069
80301 80990
41726 70251
1447 30390
33410 38499
3550 32880
1138 94185
7516 46458
28567 87233
21951 53746
27422 62581
69704 88685
24522 76189
10274 32998
11816 85382
8821 10371
16209 47675
23088 61523
36482 97232
18305 33275
4306 30965
40879 73866
11774 56027
32843 72765
19297 69642
14678 22260
3244 24993
44802 54879
31800 75010
4918 49321
76644 78484
39762 81902
7499 19470
36744 91416
3363 47919
23851 57740
18081 48735
3988 47420
25692 43389
17994 80154
4677 43505
8432 83956
64630 70028
71085 73171
6058 74811
18215 29800
14738 84406
34461 86475
7936 40779
68637 95052
571 43507
28768 85451
10942 23817
26143 78375
43482 44272
12893 78479
2010 51940
1233 98923
35945 68757
39282 61736
6436 44792
52914 71766
9678 85745
11397 33426
52747 92700
4127 69180
11919 84177
43259 71811
13867 80009
37672 56348
4909 24775
45962 73020
4726 98127
2487 91656
2445 70122
29649 98964
35899 88607
13812 52386
95975 96175
37618 61496
69951 86073
62713 65445
34525 96522
12067 55956
8007 28382
13720 81382
17378 58277
3790 48527
34176 37218
35341 40929
29114 44898
41610 58350
11419 23394
943 6330
22010 30621
10101 63940
4724 40158
10828 63678
48123 81798
84915 88254
37398 85741
15180 47012
21144 46231
59051 85654
52552 89383
18355 96120
85644 89407
34984 80853
28182 73179
61330 88208
30291 65297
31588 37361
50909 90181
14036 18251
20364 38911
94942 99465
29333 51170
10383 79795
4782 27914
28604 79551
41780 77312
17584 23361
52682 88429
20794 70206
67982 77787
39304 71258
21235 58040
41593 55284
28869 91341
29572 69710
37849 51510
2309 62327
40185 70498
26471 62356
17765 40254
28474 39626
29274 43749
7359 30371
23716 28830
39613 79532
55302 65495
36302 86949
25265 68850
12317 18227
22209 37883
61147 75686
17949 34304
89415 94127
74606 96676
53996 74445
655 94901
77599 81652
7247 7842
92615 98439
87966 94805
1178 49447
64016 99419
15574 50308
25555 61897
82065 96361
19336 44473
20344 37748
65554 90252
14212 42566
58434 74179
51387 95508
47658 97661
25729 90449
4660 65973
20499 42313
3586 48037
8149 29454
37864 84121
77911 92415
44287 92038
31616 56864
68823 81190
14894 77317
63478 78689
5822 86499
38963 86147
17116 64505
36788 56006
83064 98234
1831 36473
14435 14508
61420 68512
37118 87448
68705 98908
11638 57103
34621 97154
45308 93702
58758 98296
35011 81872
20125 23692
51185 98830
9137 12717
89411 89945
5174 49693
20464 90326
43383 70131
57032 58944
85646 87169
3500 56358
14203 35812
23889 95328
13818 67704
54094 57516
32534 57391
30288 52478
16129 25048
56846 60650
302 72676
13399 77964
16382 83845
14064 60077
66773 87230
34756 40159
11565 91952
22169 61799
12114 30287
11072 94358
49031 50027
72910 80429
65663 67699
42512 60585
55347 76927
75762 94939
29655 40599
43851 69453
57321 69659
3705 24728
40210 66327
34758 44768
4619 53303
71485 94587
57868 88875
33567 96810
88823 93379
297 33547
12608 58800
38015 67391
45438 96535
14954 23498
17694 86313
3705 35667
28006 67764
48896 97904
29308 80415
23435 58701
70462 84653
5892 91509
48044 91827
51676 92784
45890 74405
15412 65442
8232 74856
19437 27459
58708 62146
30464 74592
26187 65269
1443 14312
30454 63877
34848 90532
11642 30957
72632 73725
82170 83388
17789 74002
55233 97341
14652 33824
10808 98454
50413 95391
29823 30058
2777 93061
45549 48175
85436 95479
76754 98568
29894 65141
69170 86283
47339 93349
8862 98468
43779 47622
21606 45089
33364 59908
9212 49631
21501 70577
43985 76850
67479 79330
2611 8776
39514 46233
44350 51114
15482 61131
8138 62929
60462 75451
25063 34375
48570 88374
7692 92805
22957 66857
30044 94029
24561 29657
59067 95966
17291 49009
33809 35844
4109 83807
34959 90237
1575 87801
46998 61997
60388 68493
50711 82224
27127 48207
54413 79843
30670 95479
18767 67179
25842 94665
13568 60556
45867 93472
39547 41906
47648 95035
5715 55634
14294 89050
65104 71674
33817 96993
88756 95477
85625 88768
39940 65572
52248 69591
6973 20743
38275 97175
73575 79430
90007 97328
79261 84018
7124 40881
37152 73851
6326 78472
8309 46937
2407 63264
31821 41340
48414 50833
54399 68938
27680 59291
21250 64573
24390 26093
62767 95756
50859 58122
79285 88454
22215 72215
58340 72256
32052 99757
12671 76136
41564 64385
56945 98508
25845 62119
70959 91981
16002 26400
53108 86991
20793 86266
46543 74665
4180 6206
24891 38347
67613 73853
12818 73226
6686 79801
4919 59948
31602 63162
67834 80644
43998 50106
47352 67339
20703 83914
1507 92588
8047 20795
51710 65930
9318 72007
33605 70021
36932 81527
1965 16238
51503 75257
36470 85639
56876 85972
1087 67816
6000 60728
17673 44424
70210 97638
3170 62962
5531 35288
7218 44224
87112 92768
43141 59612
9901 80315
18709 74114
12114 64760
34856 91377
36960 96794
50963 98823
18239 98062
21718 63237
50442 56441
2925 13869
30757 74746
28064 83097
7847 87715
45209 59402
34929 88556
3229 48073
23998 58051
46278 91538
28217 82656
664 37835
36804 82353
54720 93437
29877 34076
67265 85270
37387 86586
42883 46259
1109 59384
28208 90707
39662 86490
33435 71441
42372 57963
2854 21487
7680 63701
44548 56872
48272 98637
52986 89511
53593 88145
61156 66757
37679 85586
68691 91262
907 24561
53897 64210
9399 17565
31210 47782
12805 15867
36563 86686
34757 87529
29463 76565
1313 59377
45302 63855
4074 18995
23666 64956
18202 26227
71826 98357
14872 42001
919 55503
59874 78606
14949 39566
20373 60371
5413 59159
26481 33511
53251 79283
48936 91366
30461 34512
41291 77014
11780 21353
37149 62872
27762 76477
36550 42161
9908 13900
14614 69739
6055 45239
30801 60274
58147 68699
7679 60752
63739 88546
33008 85803
6060 20001
12800 28527
67906 74251
10807 76887
3133 46380
82291 98093
71521 86725
64741 89924
33580 81670
29916 84904
30097 94499
34843 41112
7063 46521
60547 92934
72373 99556
21935 46437
53411 64555
5803 20550
7250 28275
30385 33579
34568 70519
33295 74059
21879 52372
73714 83185
60900 67825
1173 72374
49071 65357
11193 35317
58213 90211
3127 61829
48125 99071
30492 34365
2065 14028
15078 98483
34928 82136
22766 52060
49623 55296
5252 91219
26312 83530
11785 52250
4920 87431
106 36284
47206 86429
37669 52742
12983 40040
879 71549
22742 53961
15338 79437
21869 90315
30351 33022
24083 54617
2153 95870
17343 50885
45835 61270
57968 97811
48503 62800
3784 55209
20522 47176
15286 56760
14970 57510
12452 23255
38730 86689
2307 85009
53307 91806
49124 59738
51108 82471
22225 89390
22415 98597
19998 74521
39081 57093
8307 34772
54800 73155
3203 86164
11667 85325
10627 46105
69928 75301
32590 85956
36204 56141
1457 25992
4200 13044
15285 50567
7359 32558
50105 51926
13933 86521
42736 80492
23654 27973
17317 30905
41477 96629
42614 78086
20531 23044
19896 56826
42598 56979
15625 83018
63744 85059
27715 78675
44456 79055
10232 58379
91208 96002
56992 80385
55565 84187
69579 99496
41424 67409
40177 88153
65014 79384
49557 99606
11007 61703
2415 80000
18772 33074
23808 81866
37112 86986
25526 89003
3870 42378
54485 71545
77872 95891
1089 98986
6908 66650
13247 18190
51 4688
55302 55846
31280 40678
84728 93507
35828 98337
56621 71187
30475 96730
37843 68966
4613 40199
3795 50989
53717 75667
54767 63971
44942 65746
17738 47035
79643 97607
50264 61204
73525 82291
13378 13722
5784 65438
20163 86142
56956 72658
15845 64590
53189 58168
43117 84387
5225 7336
4923 54049
23285 76293
4204 69379
6408 10460
8423 70871
42097 57324
12061 21182
20639 49886
15616 73019
66123 75488
21811 88766
19427 98258
14976 81489
43774 70888
47290 57663
72835 94636
21226 23064
49631 93807
7559 99053
8892 57972
12979 72355
5681 38441
43308 55330
39288 79115
1237 62653
4754 85228
57010 65511
77041 89979
46725 86115
36823 41929
16552 21890
34989 72686
488 27696
9261 39828
12337 35667
51502 84761
79214 88579
9360 33208
15419 21308
79251 83739
44870 60323
26015 69878
22176 53992
17353 41587
43323 44819
28340 71745
26411 73950
73295 84804
53822 95828
2193 69489
4509 84645
46004 82287
19147 94267
27799 96558
4754 10077
15861 52474
31451 84098
34020 37842
52684 59490
7703 67913
26089 34844
33487 77682
12466 91733
51786 81327
67113 69552
22859 93064
53023 62530
35185 59051
24979 51160
70372 85262
24550 37187
34956 36420
73227 96143
86101 88392
58385 75293
28715 41604
83657 87988
1573 91219
30083 86269
6078 10291
38660 46006
21220 34301
28902 63788
85747 95033
81988 94403
9246 11451
644 23604
70229 83733
10332 92349
35200 79115
42648 73213
71309 78207
14413 50417
63264 80313
36494 69465
30151 85030
17323 34056
37616 63778
27067 42888
20775 32827
48549 88416
6405 76048
6645 97792
5387 76756
53384 92720
41827 92557
7900 80027
46595 93933
69640 83004
14767 93268
203 74807
11265 36634
30640 88102
83534 99387
28925 78911
7843 81640
16394 81376
42687 68630
8592 64524
12464 26647
16569 40175
21164 34513
36114 90783
39520 70804
27159 52464
26862 92601
16939 75470
49846 69860
10638 81196
83700 91185
10889 80100
18762 31328
72356 97140
40370 56665
36592 80646
20971 50722
4980 83761
35342 82154
67081 68585
12920 69249
14213 33366
31747 52860
30902 59608
26778 44061
2266 3432
17100 43570
76145 85041
41040 65192
49215 56417
41965 43845
18247 97044
59660 73721
38935 63441
37215 49719
35358 49482
40344 97775
6053 15745
52140 60415
21345 82445
15512 37913
14523 29548
50208 59599
37471 43492
9683 32231
16796 43945
48391 88787
23658 34788
59971 74402
11673 36612
45065 50663
76519 89543
45037 86114
57881 80811
10972 85597
70842 92654
9818 85856
20679 84528
48876 61855
65847 77520
7644 48306
43225 73109
12326 68711
1221 61069
17709 87660
65308 98403
32938 72664
69914 70707
15215 26273
7460 99491
71129 80539
2181 84894
23729 60457
40315 53015
15062 48632
44215 51461
9846 57238
4056 82047
37261 69801
14969 96247
16664 68435
14820 95222
6809 73061
17975 43300
57283 62597
8838 75287
36057 52667
14278 63886
5552 73270
67791 78550
3298 82477
37682 94497
36461 68898
89359 95171
34368 98895
24090 78112
2675 71277
47664 93603
30224 70236
13283 31858
92030 96068
48374 52831
22945 64364
57857 65403
468 87776
2628 11937
45634 90254
72100 95348
3167 58897
34 52519
5149 21694
23348 71388
27303 40217
12836 77252
78149 84246
9865 89937
20998 93662
24047 55229
13670 95144
41504 68113
34726 39157
49895 75884
20328 42475
16826 24001
30614 72746
16365 25731
31985 93103
17092 92573
64718 89940
30553 31599
10022 42542
30503 50128
25073 70845
4753 91117
25909 91768
2189 52608
11968 29196
43715 90179
13622 95492
5824 58150
14616 99920
3766 47591
2449 78211
35298 91163
18492 65754
3375 41885
49586 91263
20945 64410
17226 48846
25207 71362
67461 69083
21861 92614
55613 59131
50385 92897
57848 81246
13735 19714
33866 94087
41531 96347
64808 81238
85502 93394
40527 46409
13612 57508
1690 69269
37866 47047
6798 28855
21151 64558
47640 48871
30211 87448
20113 40403
25529 71930
30998 49129
23028 38897
37955 41264
65470 71307
53728 89375
17298 65709
14111 14852
34997 79870
31626 62307
45923 78033
76545 95417
49589 78247
24960 57664
43258 72966
10815 19116
64257 86551
56519 72093
73754 95488
32604 50023
23741 30346
82005 90250
65494 74722
37046 58138
32791 88620
11130 17171
34441 54358
10077 45582
62352 84671
33947 59560
74285 81644
26270 97951
15140 55861
33471 46239
8754 35854
20073 68891
3377 66263
1985 45488
33805 47292
3654 90723
62736 98847
22094 85813
27061 59055
12137 26970
68664 70824
38336 48722
26710 87005
69957 88464
54813 56653
10286 64691
30118 82267
41824 60942
40338 79855
52983 63106
80726 85485
24466 70563
61792 74915
19202 96672
30283 82572
7108 7176
5292 66896
51493 84748
11809 71684
9492 19336
23256 86634
75105 79661
32458 93491
95497 98457
36392 97054
65861 96490
37951 79349
35510 88466
23795 48181
69866 77922
21567 86681
69510 96040
63563 81814
19347 30981
10689 57349
24786 47306
85203 98126
39650 52053
82371 84416
62314 70190
1464 43145
63874 83908
34113 55302
24846 48578
26248 99419
9767 39437
92234 95011
15539 34401
52379 82141
53795 56448
12340 69799
19130 95262
7657 20303
20968 58625
75348 97960
46863 50955
23479 64625
8950 22445
36582 55581
12522 80954
33845 71801
12166 54333
62314 79007
14170 25111
31146 83799
36616 39626
40670 86506
19552 60611
8873 25274
44418 70445
39401 70972
15732 53799
24471 73585
26925 61266
30948 54763
52661 65293
29907 48045
5176 10121
4957 70017
62968 69477
509 91907
39340 69949
27205 60125
50261 93605
65891 72028
75169 89060
52114 92672
24175 85944
35970 88386
54358 74446
9998 97103
88 62196
66766 68592
7366 45088
83671 90755
85751 89987
64672 67841
24154 57653
48527 66709
7767 25227
28531 60345
22091 86729
11903 99659
28301 65307
28049 97438
76975 89357
8556 44719
2485 97416
49132 76792
80671 94189
39927 54510
62239 76135
38238 44919
65168 96687
14852 21548
53442 71093
5853 15847
62386 79102
44265 76276
10375 27362
44149 91737
49174 61719
52853 92425
4511 51136
8788 65382
22386 79775
44141 94973
35860 50538
17375 58721
42386 76044
9497 57256
7157 51441
6626 70153
9300 67711
70922 86034
34915 43782
69982 74793
43944 67370
44686 71033
2428 69835
62396 66202
94649 97585
55380 64059
11044 93657
32791 54819
47298 82079
2396 60750
18472 40247
1601 59583
8702 70082
76544 96956
70673 80202
12871 68000
86094 87165
15493 76433
24404 58194
6247 96050
28367 63789
16749 71550
30742 92996
77552 96863
26651 83864
8696 72163
30463 60823
7249 19141
40298 52171
11510 82908
18371 26183
44010 66479
31850 45966
7313 86680
72024 75985
5230 10336
83001 83186
28248 84750
57819 71190
61051 65825
8099 47288
23125 32866
12352 12420
11166 97411
34335 74133
60225 76820
5570 7038
4582 95953
15687 45960
90825 94453
12176 96869
28008 91009
101 58011
2221 76511
16335 30147
56898 91091
83810 87816
9288 61836
32908 37748
25392 66019
29489 82758
58920 61327
31088 53510
8732 61678
41623 52048
17960 48593
51112 66844
23262 96687
5817 84074
18394 46472
72173 76433
16736 82371
37029 41493
5115 45358
4356 41139
46930 89192
55899 96267
52957 59697
9464 86982
32316 37833
46790 73565
6587 29448
42376 52561
32414 33884
26909 92010
23005 69079
28957 43018
44497 81226
14141 91068
29833 84614
29375 61469
57024 66056
15021 70404
66917 85346
20600 33042
61881 82298
34784 74304
1346 10573
5453 51838
3136 54247
88998 99443
73838 92882
22961 96321
30416 67654
18959 26975
8717 67729
10529 27526
52947 57104
9817 10799
24547 70430
21199 36818
73831 74072
71981 95076
31790 65612
31649 84116
57911 76699
19988 58581
18276 98803
4111 72494
41641 55178
6401 15527
40471 90601
18191 97553
51051 71348
23861 32470
1403 28014
58224 70653
63960 66620
37926 79155
16122 93867
7405 68045
14432 22493
2372 67652
76141 85538
2312 12921
53936 67837
37346 62024
1683 82595
80540 89046
35638 46655
6359 44630
3185 51347
27805 81042
75355 84431
4996 50961
61511 76156
54077 60223
32162 99841
14084 17741
32632 97346
27024 72258
46339 80849
56917 61320
50038 99892
6053 48499
36042 36918
70918 87826
32497 88851
54042 72735
18861 89408
20818 30242
38544 96429
41360 89985
60212 79489
29908 96096
24223 68311
3772 74971
39032 54941
90499 98789
67744 72453
15295 42885
295 57840
30850 66722
4115 65608
2297 23192
43848 85753
19391 44947
19761 76653
55964 60917
24501 87186
330 75469
57184 73839
29292 32398
57891 58061
7189 89743
63065 63743
34418 36224
35573 37031
13409 54861
27129 60207
67543 84786
79778 86764
45879 67006
62698 78142
85647 92001
31528 65718
4918 36998
41254 93267
29229 53248
15430 95360
46496 62103
29595 67507
14869 55806
72082 99507
50128 50397
9991 68730
44620 81347
10908 68043
21803 84491
375 79768
69442 99344
790 13092
42096 82492
46846 71381
7714 26510
31681 67053
12476 92957
12101 86868
7108 23362
11537 37390
23621 47843
16218 62962
25976 60037
25310 30778
66922 79742
59728 82700
28133 32948
22467 63430
63738 74139
17845 72680
46963 71679
55231 67108
38990 74023
38453 97923
56581 72886
12090 44612
6908 51013
44128 58244
28833 78998
4266 82843
11520 44523
39568 89443
35080 57442
59058 90315
37562 78761
66859 87584
17031 76429
8219 75184
9416 33353
17970 28064
41558 72165
22108 98327
3301 77887
83631 84152
16369 69318
3482 97503
21070 52597
33000 84643
12282 63859
12912 59925
13944 14927
15855 69513
1734 10540
8781 94579
4868 28388
14027 70685
9163 85016
9064 21070
69756 88925
40963 58660
25947 89004
17725 85590
85923 96090
32555 79774
46271 94496
30224 30510
43967 55822
80547 99329
1080 27893
24801 30296
24350 44231
29972 99075
36336 53702
3623 52856
38281 71182
20655 29337
48593 79170
11060 55948
41178 42015
16400 67077
31544 76609
46034 67379
14693 46020
4660 65441
52617 61140
42412 69018
24690 77868
34522 60933
43712 79156
33331 39488
19832 63952
80727 92926
44982 74788
3542 14551
44550 61431
44796 69269
20303 33310
74050 89261
16602 38288
69716 85259
12752 55790
31547 48278
14883 29690
12923 60701
27213 61246
57189 97612
47894 96867
22574 87834
4724 27520
3059 17706
54010 75521
55228 82587
3587 21104
78383 91246
22856 55984
58504 79747
42949 69191
85723 99777
9463 64335
16033 62792
54816 91931
11509 70998
44099 93452
39464 93363
8409 69761
5898 30254
5990 94926
38959 83977
1139 59204
75261 88077
54106 87709
52342 54770
68475 76468
10440 26400
4494 99924
52196 66138
48212 69881
30786 48046
80144 82746
13805 90621
53866 79745
12118 65196
45618 88996
18427 99715
89348 95822
60986 90067
7467 34017
10312 86296
19647 31631
3093 44607
1949 46484
41069 56047
18881 31533
15057 62527
83715 92028
45350 70216
42605 94119
3236 68124
82900 95955
54923 86267
42541 52807
46010 54653
77531 92994
735 65176
59790 89740
37613 95385
81763 83128
34319 98474
18794 65304
21754 76961
11712 63132
485 91839
1552 29250
9562 15724
27985 28762
23457 42227
5206 48814
31418 98610
39604 43533
37480 78307
73574 85970
20424 74595
39479 93977
2342 27696
17277 25299
15748 66098
2791 90478
70457 85530
42348 93197
59780 77163
14684 72390
4963 36106
12371 47652
36760 85123
20077 58270
30793 73661
13981 44977
38396 63275
41164 68156
12381 56320
36391 39456
9285 84484
17316 61895
26868 34197
74808 98720
38725 99306
7943 80769
59721 77992
32750 49831
31131 94053
13493 78014
17676 31611
10873 43146
8958 94766
62756 91001
40376 78538
11217 44765
16807 64183
26314 92786
24511 39666
3291 52912
19551 45929
20838 54827
2549 12235
41816 47302
13147 14095
46464 62754
56733 77273
64288 67484
56039 95383
62299 80318
75090 88512
4581 27264
67161 94286
80844 81582
75892 81470
42938 75837
3708 39383
3985 98221
960 26249
32053 42719
27743 92129
1070 22276
31184 86689
48308 76607
47530 93995
16000 55399
74530 94824
10523 90241
818 41794
3741 46036
3171 67280
21823 52915
35837 75111
15465 47222
55068 97504
17125 78135
82665 86580
15729 35321
7308 83031
13672 48782
36498 49723
47268 50983
50171 53396
35994 97752
21334 31886
45956 75353
28142 34140
76319 85685
76489 94561
34952 63801
6983 23364
5306 93700
18885 19245
23108 64275
21712 88175
9 75398
3741 11471
84114 99448
29408 44422
387 29484
27687 44902
50104 83702
34630 95048
33805 50891
28803 74623
26431 65250
35999 51385
68478 83514
52074 67458
33461 89029
74131 93678
65330 99609
21220 95173
11218 75728
15427 76699
16730 77260
12247 70610
41721 82364
10463 68177
52301 61736
42886 85559
25197 32967
1035 99691
13417 65460
1979 35782
19979 85668
42768 65244
8381 28448
67510 81795
164 47930
45509 61549
31011 59188
7494 69734
64149 73631
64413 74913
36814 47382
1527 86030
56109 94535
5698 12573
25140 60754
35383 69930
7268 95059
12008 53766
38020 72505
3007 45392
3775 4191
81873 89573
35106 67906
17739 18172
84510 99778
34774 82313
35288 95536
13546 18408
3124 83970
16472 36235
50712 84376
30002 44164
1816 26924
40663 87188
59111 85025
25227 43245
14697 61327
1399 14023
3651 29643
45088 75954
26201 64788
71695 96417
24075 37449
21294 97796
50379 90540
68510 93549
25239 48848
72575 82683
10447 73609
23785 89247
7174 50465
31103 42675
12398 33228
25782 68455
30253 64207
22001 39905
70503 96523
38974 98299
18993 88727
39227 85185
27532 48251
67007 78298
46627 86056
48476 89140
41745 43691
12441 40882
27066 49617
7020 58770
23861 65628
82907 84960
21362 79371
51498 87229
50161 63782
6809 22032
76406 98738
51404 57198
20479 20536
14062 45586
6254 36234
51653 58611
25072 87532
32420 45693
73215 96460
56995 76318
69449 78906
17325 67331
23097 92072
90490 96814
73669 78872
3482 16832
14307 42736
9675 53507
17429 75539
40942 65338
21198 44758
4073 63960
66664 80087
49282 97338
76940 97355
26660 69352
83021 98398
37449 66151
16933 65528
6827 26582
49109 80113
18126 31346
59998 89971
69232 90935
48914 89460
40530 64437
55159 86157
26094 34063
65663 92529
40647 94104
4340 31300
27819 46219
26068 61280
11481 21227
75627 80839
5531 54694
43736 96521
19471 79716
73486 92963
72797 94045
54138 75835
33643 40663
34024 76172
60481 60924
33686 82227
67375 82572
41451 85415
64345 85064
43468 52601
42291 56187
43185 74284
37194 68899
3277 25913
44435 68138
2351 53416
14401 78226
25092 73877
39758 50650
12822 81370
9656 97357
19731 50517
42161 72652
67743 76937
60129 73906
39468 47807
14137 56970
16282 69824
19961 34589
24158 65538
82494 86430
5157 94662
76170 82914
17357 82924
54469 78184
1942 72109
47547 84355
37165 54973
1060 40033
70076 71033
22861 93788
27923 65398
70551 97655
63524 96476
46620 85026
32737 81729
28159 87300
30343 67611
25165 47278
24689 66425
50139 52838
28096 73406
1993 2734
51510 62332
6301 74830
43379 97815
28836 68370
45886 46423
6839 66321
47012 48039
77401 80338
33205 53138
26974 77261
43266 60539
19951 75912
16408 62750
84788 88716
15074 30387
1277 89919
47107 88168
2666 53820
12012 28694
38271 96530
13564 87877
566 42684
16145 38500
31134 97247
10418 64347
78094 98892
3538 61824
5856 64523
1223 39791
8581 74146
14300 69999
7551 63972
5401 37516
21837 98093
38437 54395
29518 33537
2614 19153
45000 52787
15635 94499
32989 74720
62301 64411
90323 95021
25374 89881
67549 78922
78691 83051
31561 36132
35443 53775
1281 64029
30763 96694
11109 57553
5449 48258
26926 29176
22164 34838
17855 66587
67794 86368
25448 51245
35269 41361
69010 87638
68457 79551
44051 68198
55238 83628
45195 79653
72774 77351
83171 85907
70673 74741
54105 72794
36628 79956
69955 71574
16841 87196
50460 79026
70341 90118
3372 9052
62563 82176
26313 88390
22347 53682
92284 93378
20568 60130
2868 63022
45177 65747
8521 95348
34799 38559
44878 98644
31334 55108
68677 91010
45441 59838
59838 94248
64181 96995
64368 67937
2409 70393
27038 84689
81335 90251
35885 81291
44965 95438
8011 59515
53522 98598
47548 67706
40530 43820
40865 52549
58386 68815
21551 94328
20410 99134
1685 81945
63357 88140
52114 94565
38550 65373
48598 67542
12241 87906
76763 90453
50522 68923
3541 29533
92208 95222
61990 83017
29871 98500
29323 38704
74795 99479
69996 98512
10216 50111
21282 78763
7767 94117
25719 52819
22660 91875
19088 56071
24568 32400
93546 95930
19829 21757
72801 81868
18814 71841
55272 95420
29694 95643
32277 84428
9948 39121
25395 84056
8414 83389
42655 54122
87352 98296
3082 33919
7510 43797
20203 64523
18031 46629
12565 96915
32922 77223
14802 35103
45939 79422
35636 77329
92 80966
55996 83015
46603 84528
52916 82016
80856 87658
61872 88443
41352 67562
10647 71380
52768 74703
28765 60884
44568 61029
90090 98272
31811 89790
52777 95971
78035 78376
28253 31419
55355 78031
49269 49786
60986 86838
42553 68729
17408 88225
29213 79289
2957 36127
47344 76590
18769 57145
10278 75691
37745 87128
30018 86481
7474 14335
75153 87130
16561 42060
3570 10039
47750 80895
6874 28775
49190 97589
14160 86325
8792 13903
24112 73396
3482 35042
42943 85389
30292 42172
6283 18568
4154 67397
46360 58792
72117 91605
639 81030
47442 63798
32038 41107
83922 99766
12116 24745
6518 31142
9127 37015
62292 70092
10554 94309
64802 84388
83212 85096
19085 68234
3549 68872
556 90905
64419 99474
27805 95950
35361 91360
924 16717
40632 62161
4264 10407
26396 53360
40877 60630
1428 69326
64985 67573
11291 87359
49426 72741
44254 76657
67314 90115
28743 29194
3320 48924
49648 95668
74936 80727
12093 80928
53972 92794
1890 25976
42621 88068
18577 80666
61900 68479
63613 81397
13891 68873
27088 48877
11172 64634
89799 90759
39935 73623
53485 77856
17851 97764
68168 85411
33909 58123
10056 79788
14349 65986
47252 94995
13912 54318
53666 92090
19051 80048
26903 84658
70980 93597
25979 52817
19339 77139
7417 54239
4857 63906
21456 66215
61180 87601
84612 94649
24197 80430
82069 97921
22785 56209
54914 71782
3573 38494
17476 31262
24164 41084
49930 54872
31204 53353
91306 93448
22235 90611
61892 94063
90926 98530
59760 78584
21041 37237
62465 79797
5081 91995
27148 75953
60998 96187
42320 88000
55112 85716
37518 70650
9661 18949
93618 94446
8142 66375
50658 80310
27488 32997
51594 61309
68723 99835
35216 68521
29265 48626
1507 14815
21200 22141
11392 38076
2319 72351
64284 86494
36352 90437
36348 95705
665 76594
81651 91863
11479 26648
26533 86848
52931 53414
2271 91504
42483 78831
4998 23519
46225 54984
8130 60979
91518 99455
44405 92214
20700 37417
18785 66475
44688 62613
76569 89386
14140 20631
47642 51136
74169 94807
27888 51325
32094 86303
57281 98376
83137 94750
22042 77004
10931 79499
54467 98625
5607 98548
85877 88250
6599 99709
4407 79747
47406 84637
19360 45737
31344 66627
7533 85962
28604 55996
18570 28789
82923 97325
20594 50714
80946 93161
50007 70901
5070 47792
42552 81902
63993 85891
58535 60422
1988 8032
48344 78088
29531 32307
31855 36536
27085 84718
22793 40954
49148 53531
20209 89234
16215 58583
9671 31126
14208 41843
31345 55489
25274 42300
52530 65020
1069 21731
35664 97532
61413 72186
45311 81552
40566 56775
4217 75399
60852 87389
78843 85401
10982 63462
38451 38788
15961 99699
4375 15171
74814 88244
43532 92066
8409 52024
71391 71464
19518 84517
1176 96247
4242 70362
46442 81740
5814 93844
58619 70421
29840 99875
24049 92240
62364 86943
29146 43330
2374 43068
33228 70244
7577 73860
54522 64187
68785 79724
83636 92535
30353 75917
40807 94794
12538 53509
1788 12150
43170 58553
29781 54269
23373 54222
65585 97710
42343 88868
33484 48995
27090 81619
2468 46059
961 32156
19412 39413
72739 73954
56982 75925
70459 85144
58005 97609
7163 90917
36687 49212
24773 71055
22032 59651
42369 89249
22757 79296
86582 88934
5299 7352
75941 77923
32828 88755
64764 93455
13035 31009
14451 97748
88910 91399
44764 94546
83281 84227
11751 58704
50090 61145
52589 61618
16294 43549
5240 52509
8158 34051
11454 30717
26120 38682
6829 90111
62487 87213
57308 98621
30699 71752
20417 27204
16523 83325
84672 99096
29602 43012
54003 55053
33839 67328
53211 86938
35221 55847
18631 77281
5707 82287
1884 65541
37154 54075
45834 60067
8376 8830
30373 78109
1244 63544
25402 76728
14588 69114
14825 96099
14963 72745
64589 70998
14526 66641
14126 73636
11090 27399
6655 39773
12701 98707
10632 30581
30676 64843
39776 42903
7439 68792
95008 97155
11093 13875
13968 95961
11554 84334
2325 78333
43085 70608
29395 42180
189 99654
23247 51274
69442 97440
9325 64793
67739 80500
14983 64265
40603 97429
25794 73521
35715 45995
14608 27401
32892 85797
15291 63178
20297 95240
8958 52416
26870 50432
13286 96504
89435 96525
54432 88457
35571 65444
27001 95280
12322 75574
52828 64777
4470 73219
57419 66070
35042 81001
31282 81317
60449 64960
47661 63150
64896 85157
28618 37008
43292 62347
38973 90478
63784 63922
8905 93317
52849 84679
27957 33053
18849 72732
7175 93554
11491 77429
20875 35574
17700 85289
9676 22943
79488 84842
21994 77815
14601 70382
6973 62976
66747 79926
33678 86408
23071 28785
45287 96474
27946 58400
11324 78149
6922 40189
19599 78323
21593 71847
91283 91320
1135 22842
80814 99810
29318 32772
19643 44485
6120 38274
41155 64506
56669 91272
16426 59923
45076 51010
18888 69957
15926 25092
12472 84935
75721 94270
17301 39612
68918 99265
52399 60348
55376 86693
1977 41037
46368 79790
62556 64324
73494 91879
86974 95685
12157 89715
35772 90305
10071 46290
55774 60353
33689 69141
11612 55516
15873 26689
35113 91209
81822 82712
20097 97558
81944 87065
40272 66042
72817 91369
3724 49330
65127 87478
36740 73943
10000 74160
2467 93941
32021 57035
89313 89353
9420 59277
43023 99738
43311 76428
58831 88206
60389 97396
15030 48412
50773 79285
32361 57138
2162 96541
52788 57190
65212 75178
35055 70009
606 38573
17366 85318
59182 84509
3419 4078
32783 36122
31242 76731
49025 72731
60636 63750
13148 35191
37097 47121
71679 91840
2403 84309
18440 25110
24506 44431
17291 64684
43008 81827
73214 73841
74937 90902
23531 40450
39773 93915
2289 13641
31332 82364
1557 72361
27388 76085
48248 97274
467 81298
60762 98442
25986 54888
24453 60713
58554 91139
36993 50098
38928 45849
40966 57918
25217 80426
54500 82165
56763 75234
3029 13821
7885 29637
21462 37064
8057 22903
34085 89301
26999 79429
46408 84311
44332 77576
58458 79797
6895 26381
35813 78264
11816 53349
17910 25711
61052 69751
44417 46116
44774 96588
8877 60724
33707 80010
7729 70782
25774 40840
25413 79421
37620 80553
66623 94625
34207 95223
58780 78321
41202 52924
29626 71368
58912 89027
278 95194
7172 32935
15304 92950
31305 92489
8295 55925
18536 20172
27645 84912
13068 18983
92920 97550
5844 93750
55698 64246
76507 83189
40380 62496
9265 25647
33414 33949
48447 59961
33237 56869
18736 64690
4041 67437
44388 62938
8461 16909
47505 97496
80503 81427
29432 47991
58973 82109
59010 86637
16479 22540
26642 44918
58709 83929
5721 58691
11462 22866
32256 36322
12656 98976
38077 62843
33336 33964
54954 91746
10579 64932
70178 74247
54613 73603
57195 76854
2050 51431
72546 97965
57046 68233
17746 52795
38166 96304
58018 75343
60903 63240
61444 75865
39069 51614
34537 59742
15744 59929
64819 71127
18030 23900
19446 94873
15180 66370
5566 17492
16954 40577
31817 72528
61093 76340
3439 89480
2569 47802
6279 93860
6298 17415
5713 79546
26864 61685
23478 98327
63449 79787
58822 94338
11343 69383
33552 52581
41490 62120
11939 63102
92133 95981
40470 56567
16811 31003
1670 38774
53000 87573
79561 81201
66065 68265
43208 79307
89277 96166
47779 80906
5383 40483
17563 80439
46794 59966
59941 72282
2894 8311
9835 61469
22756 90023
18108 78631
62067 85682
79533 90595
7412 41257
20036 60633
8658 18268
19323 50681
20495 31246
61380 70988
7638 25327
63127 79894
20277 35409
4184 27939
770 90504
16623 91068
18578 79891
18484 39169
12437 70029
1191 76252
61793 96475
27320 63943
6764 37828
15358 42032
18613 95522
33610 45230
4731 80587
32164 77376
2801 56363
21891 97418
10253 24150
11556 60825
4417 53937
77887 81775
53616 60503
83610 98172
16665 67254
19385 58795
8551 33387
2984 63593
39870 46207
60236 94616
63395 71975
52941 69282
23459 91383
21463 84451
18043 20196
34761 39350
24551 62325
37420 77991
34182 91835
35787 52270
31702 42986
27585 50118
22844 83674
77362 99082
46278 68783
15950 99426
52701 81492
54446 88926
25793 62255
94240 96527
77212 84306
81940 88634
57933 58905
15771 48979
5219 69515
33867 57041
43536 70715
15792 99178
3147 34665
38074 52803
67460 92020
19954 72152
33419 95431
17219 41264
12560 83302
4432 6330
21376 96622
70870 71451
20130 78543
13010 72493
8247 47680
5930 52522
46004 84658
37495 57041
13611 27366
19323 52676
6740 64200
71550 77246
68422 89675
87239 98114
73665 87104
14550 30708
8225 61027
42 84433
13210 37793
4111 70174
47355 52741
7823 23535
18611 65503
2679 3707
54172 66396
29223 83126
19443 67502
57805 70559
7148 24961
43933 71720
38276 91026
9484 63696
8607 9771
14235 28398
5302 81864
11611 26606
70322 80516
1057 60205
88321 97448
37572 91086
5596 41786
10440 52044
2609 81532
27451 36027
61644 76418
5014 23696
63497 97839
11053 66153
41064 54017
6803 22854
74191 97773
41576 52824
5774 91476
37382 61163
3912 97397
54600 88981
8486 8586
27172 89113
18428 94556
63365 75784
72033 91000
1977 39449
38918 47726
31455 31762
27595 96989
15276 68857
23840 91969
67545 69345
18827 36001
24766 52942
80084 95661
12540 59554
11777 72019
82891 93119
60590 88984
59018 66265
17960 83665
66848 84546
61127 65118
23049 89200
49843 75700
2396 36891
54545 76499
37763 74498
45707 79809
34467 51254
89076 99899
20958 80470
7729 24384
595 68258
4130 96779
5062 94512
10199 82032
53458 84348
4427 8934
6140 74822
22296 75822
43797 72856
16303 40639
1972 23907
9209 99986
69673 97543
24587 52397
2569 11785
17267 56468
12129 48892
35149 83310
18987 65659
27065 63813
40115 70584
16231 21359
67824 95461
79730 98187
13474 70596
89556 89713
38901 61874
5357 43262
13037 22201
76580 95568
19843 95494
1191 64902
9042 31708
57936 95075
61166 93717
15259 78086
14713 39191
42887 68803
24169 63792
83395 95126
28757 57809
1606 16488
8798 67655
52577 53273
41114 77716
27610 71198
84749 94481
29641 67764
27745 63077
22971 75947
41609 89265
24604 45348
31205 82932
78785 96812
19511 77291
5501 67723
25189 26018
12634 69649
14980 86528
13137 41141
27965 41968
6405 12387
4214 44669
57355 61737
35997 57026
9549 72074
15872 41608
24302 47866
14669 95760
12960 68348
1872 67133
11096 36247
56706 72754
4074 67672
4536 59262
54236 70925
71578 81072
44772 56938
9663 28826
38352 88844
49617 89722
98731 99938
11366 62896
23268 92440
58103 90281
34546 55924
30148 69339
11798 32729
52942 90812
5550 26527
22209 77324
80851 94622
36131 51515
1172 24415
9309 99994
35267 41351
55832 83290
70897 91363
29048 41991
67994 68639
38512 89968
12154 15859
24449 89285
20415 91689
17300 41027
38954 57075
18504 81671
9621 88795
49025 97824
62240 85011
21971 84607
81302 94131
68280 71911
58767 77506
75663 85371
44529 75633
51494 62494
25882 81283
27472 69420
24487 65405
19889 64001
29199 96692
14869 52177
55295 84707
1032 80189
24413 45618
53137 84623
22427 61147
16576 54437
6076 7225
78670 79332
3282 95340
18417 43788
57430 72310
84538 86334
53457 96889
19949 70793
6069 15716
51862 56067
5294 45986
13727 85594
41499 84444
7354 43693
49247 63390
45236 56460
18148 68874
58646 92844
76945 86069
54550 94402
14793 61593
61107 76751
165 38181
50248 63027
11745 15743
41653 75757
39396 39690
20463 47992
6836 7757
70125 92047
2452 86065
11652 27720
80382 92098
44218 60511
51784 68964
12625 78624
13758 52819
440 42112
14166 33464
29663 43559
33971 39252
55136 60060
59273 82422
66780 94294
24487 78169
62038 68556
75383 85724
50105 98853
17015 33387
47996 88232
48148 77149
27326 93334
9354 76438
30232 76867
318 95275
52426 85147
71658 80123
86747 94348
39356 65702
18625 61031
53389 86964
66234 99638
14108 88478
45095 97257
49100 81163
11218 81419
35065 95264
61855 75275
51831 62050
3533 49179
63520 80707
15946 47651
84400 86632
45132 52150
57848 90589
2441 66181
1441 43109
6379 30483
50386 87294
79473 81812
32415 95599
49380 63885
37723 49783
79947 89237
6611 76842
60455 68570
39780 64281
6030 94946
43072 78084
65477 93337
66477 95996
14199 58180
37830 67830
69566 91401
61343 66079
1096 55543
3679 18861
38474 93305
80474 83612
40985 87483
8690 78331
39049 57326
24185 75331
17511 99112
16950 33906
6647 56333
41770 93907
87497 98659
26745 27166
52494 64674
11267 44108
9039 82279
2711 46493
1048 70464
64335 83032
4714 73249
45982 76244
4950 65869
68829 77735
62520 92207
29437 85272
46096 93673
65670 85438
32700 51939
27849 61586
23454 85954
72224 79578
14863 36808
475 38493
6934 20527
20554 35179
59999 61047
9892 63118
5540 99457
70777 86215
58136 79073
32876 40994
38473 74418
900 75023
4527 90963
75797 99438
56074 56395
37530 95179
10481 29713
11835 47107
76683 77917
2179 63663
21871 76684
33121 55567
62054 87775
14460 88717
4399 45794
93876 98523
34613 95190
14129 36234
33903 88370
45119 86212
45975 69031
18069 68700
28836 86338
38825 54880
29379 37753
14350 61714
58736 79028
50656 78932
7577 25155
5834 83360
25425 98571
14469 43510
58859 80996
56548 94995
46461 79221
23717 85872
33307 77967
18609 52995
28883 89887
19551 53620
8945 81722
68231 95123
17763 69796
47457 71278
77247 92577
7729 94739
58425 77896
25798 49243
16017 87515
25515 41213
16064 88490
4044 70215
9425 9602
21329 88146
264 73920
28398 93661
22233 40467
41377 97996
27904 84676
80329 89524
50121 96995
41906 69636
48338 69325
65070 73439
32177 81466
15377 27352
1368 12150
21496 42345
69904 70200
2500 34845
28126 83521
23375 84291
54162 95939
2493 50729
26308 30915
81406 82912
16471 57636
73505 91035
10276 54352
83794 98804
77019 93175
58262 70759
1943 98003
36927 89358
80275 89728
73446 87107
8049 75431
82533 97265
47822 72392
27993 42695
72105 86484
11270 67722
18265 65844
12980 44835
46625 93070
59859 83565
13350 97297
38100 64784
10498 71814
4823 53950
49169 96050
46457 94844
6984 8019
78051 78065
63867 68438
2864 42708
56713 87577
5673 51880
27762 37714
42922 43551
58469 61020
40616 64777
58743 59552
6353 36623
73570 95799
86789 95056
10260 31129
45743 89725
30933 61572
56531 70654
28016 41192
24940 75167
2648 37805
5979 12610
70499 83133
21063 40534
55496 82470
88744 98523
47979 53767
28405 93350
26423 46437
42005 70926
43 51025
16531 45996
2438 69084
50796 57951
37052 96998
77448 98876
24885 76731
11276 33297
24925 70123
28054 39530
53562 74894
5088 50594
25260 92194
65548 95803
53083 78677
29025 77544
24246 69004
14154 93888
39230 52622
24235 52782
25755 78656
51412 59995
5922 37818
65824 95194
54860 91373
5499 84806
55116 57428
68804 93428
23191 93833
50481 92760
63522 68905
29327 37781
30838 41842
35991 55163
12628 50938
14513 69356
45839 94960
44386 57467
23850 78633
31229 48019
24575 92593
15524 87510
38324 95451
25295 86382
6033 64732
15312 83506
17124 23282
24683 34516
66547 86405
69339 98028
757 29050
16114 88768
15363 55834
41020 50564
11243 77035
15047 64177
31570 46341
20701 24746
35652 69053
14668 87880
11416 71018
54827 90814
59205 66540
22031 56724
58935 63492
542 89589
11485 70308
25423 87565
11461 44029
48432 68322
31680 44594
10228 17015
10395 65984
18089 45753
79741 94310
46176 95234
535 33311
41296 59632
42572 53626
22459 85015
1032 92562
45604 72784
59569 82780
17120 78609
163 10556
53303 78798
43369 87581
26516 64429
71369 85094
57731 90660
17239 95756
27150 55191
25651 92145
46304 81452
46473 57046
31844 77230
73328 88233
78024 81164
23452 32516
25079 82331
14814 83717
11087 90514
23963 52099
36286 70176
67163 91430
2373 64791
6619 33661
65530 67054
22874 29041
4745 36097
47214 70979
40389 85542
32339 71499
45720 82704
37576 43341
15417 49611
16386 63693
70391 83924
48452 85204
67993 73931
6380 44716
23425 53843
54780 85062
14309 46374
25071 83809
54485 65984
840 84770
10827 80053
20362 25187
38604 44253
77014 98896
396 35562
12562 44791
46981 82103
37608 59347
12563 25522
11073 40133
48810 67403
58398 73656
17047 67551
65513 97175
30787 97610
73935 90801
71065 71184
90046 96970
7495 62506
2590 91261
26231 64580
28048 78456
50742 66568
30032 85645
24383 49163
16001 88879
7622 39428
13325 71779
6450 23004
4385 85728
46949 68358
46055 77453
19519 24772
7615 93859
17845 97452
80816 92253
90556 91646
17475 63348
28968 74372
33901 92900
64214 68417
46321 78696
26197 40867
46450 81276
6486 69959
27522 82354
67106 94560
10164 50242
38610 74891
39305 63434
5797 73948
55236 70222
28764 96113
286 89617
80094 93570
50156 71226
12710 29640
955 35015
50175 95713
52386 84147
3933 27043
22277 53462
28308 33009
48199 58343
1390 7519
3064 75551
44724 73709
57387 73756
51058 59613
24607 63222
2187 7392
46273 57402
37870 58674
28845 62659
63903 80530
2525 78993
1784 47769
22589 78164
5598 15320
26504 40451
33657 81407
30071 38603
6270 15077
403 16984
15137 89698
22993 69382
8784 98806
20408 99020
8630 34277
67279 81214
19919 42869
8880 58025
73409 93489
54428 95955
43881 44835
32932 35408
27433 30473
8246 42285
4284 86841
15409 33441
40073 69326
22360 47443
9649 49052
16655 81304
39756 87944
96342 98215
11460 81161
44554 49859
9440 16243
82365 91106
64590 71619
470 27941
22719 43582
2941 31162
29638 49788
36121 41864
47796 82358
790 78707
8642 41858
68209 69293
34684 86589
11142 85686
32628 73896
23402 63860
26691 79125
69851 92569
15288 37872
58226 93574
16244 58069
41383 44854
8980 41498
43528 66394
8151 90568
63182 70169
26661 32641
28682 76115
1370 60561
51805 77297
50416 95403
63191 99387
65341 76305
24981 51452
11465 93602
53772 95550
57104 97307
8655 75275
9160 68189
58731 72285
24525 56439
19914 70617
35605 89992
19085 33222
13633 81209
62211 83847
4023 83705
59239 66629
27500 59886
51064 76661
38575 64029
7907 37288
34527 54206
61551 98857
718 89306
3019 39524
18353 59807
52247 96053
61826 90412
39377 64287
75865 82419
83125 88152
6736 67564
21895 69981
1395 25164
22696 50530
14003 86611
58655 70867
9373 37889
36157 43670
66837 77816
15626 71944
11888 60314
19676 50241
15465 97948
9858 70812
25508 55460
18763 54595
22203 71277
6318 51774
25324 45298
37786 58558
50690 59105
49232 84214
37723 67533
34119 95355
694 44039
22126 24906
53379 54018
13163 83390
19906 87165
71446 98344
33138 41981
907 9370
8907 56947
84473 97855
8956 52869
38257 98739
46437 62611
23271 80960
16548 98233
9813 38414
42840 45776
53202 90745
65017 78067
27473 61615
4871 65187
21885 22455
43375 64544
5240 87897
37604 74873
13934 44835
12236 22911
9364 38773
69455 90637
22706 85084
37202 65665
28242 56705
30407 96327
41345 69597
42458 46896
60307 66016
75442 78889
39745 55396
34511 77924
20846 76183
2055 65172
18634 32716
12417 51681
38255 68027
98 88897
25324 37505
9646 14516
25839 54719
59553 93693
33924 46715
21465 50190
2264 86135
32110 76025
8039 9880
17291 52206
4290 72503
38622 96903
11895 68730
92278 96214
7494 8028
9189 76702
34128 57148
65610 88801
42435 75298
3007 13736
680 33260
22322 60193
23355 98965
51812 92496
40061 82981
23140 84942
34061 62766
15635 72244
6313 18768
24603 89216
27680 69482
6567 83431
14791 72506
914 3503
30683 33441
77855 86139
20172 76804
32055 99344
7032 54490
35982 93669
15533 64843
19452 66961
1054 43191
16596 76624
29231 93440
72378 78022
46668 57261
77552 93402
13072 87703
3909 26659
59209 71057
13573 30975
8355 28225
29160 88126
61799 63653
23509 35829
18504 90198
48785 87300
52274 63802
15947 40444
1412 41152
45297 57822
3402 14237
66039 99878
14919 75049
4130 17015
70322 71397
5832 50626
19257 23919
5363 48347
3116 60301
70103 76979
69669 93987
15488 57367
1481 68927
36431 89225
70011 96372
67153 96742
13352 67275
38971 66770
1369 14164
31830 54841
46371 58785
54049 56405
3456 65188
20692 83486
64171 88949
40159 58261
35741 99759
14221 69048
26782 85223
22302 23245
33356 74335
66864 78239
8639 49624
17303 26039
31914 44445
25462 68686
52722 91933
8326 13231
74515 87966
41526 94221
14153 18842
81150 91365
20785 27170
62013 85833
60702 92916
5391 31979
57344 91668
884 55501
9587 27475
60657 81282
6124 43282
55922 83528
16329 67145
48058 49158
11718 20688
99503 99609
36142 95190
25299 33948
37548 58294
1457 78578
11528 77521
6525 98526
62392 78986
59041 64071
84006 90078
38999 64255
10172 27258
31430 76979
44433 95408
85265 94555
42163 67597
16681 87460
21697 98896
17091 35527
21584 74741
31311 56546
54051 95994
9768 31571
40132 79599
55958 72655
60767 66034
10400 14456
61467 78215
52375 92762
6224 17473
62898 71242
35972 67488
35085 88329
64190 92167
14235 21376
46744 59116
40357 93926
3471 22747
22585 81892
50500 88000
25618 60754
28932 91247
25048 37461
53589 66728
7165 10817
29777 69299
49741 81842
14738 63388
77716 82295
48395 53418
27794 32758
45177 56779
19435 80411
667 12361
51938 89261
4953 9454
60408 76442
56562 99474
6430 64809
80684 98289
10911 99829
23849 27425
30904 35182
31929 36372
16867 44345
45280 99287
63745 67408
56505 86970
27594 97870
35407 56563
28190 60889
12262 76151
6658 45681
3279 51535
41459 83114
11040 17324
14087 99047
4878 61871
51954 67958
25318 99682
4393 39799
23005 39633
23753 85352
7281 65068
14209 27264
32240 73610
5690 30301
26602 51567
57548 58742
13648 82050
17388 98323
11768 34297
14167 29045
72007 92842
21768 29540
11777 64333
16858 85407
65368 67376
9870 74109
47917 70685
74703 81324
21498 58103
3980 84557
12465 52172
11015 87914
23021 54955
11438 86495
36457 57243
88482 92110
67644 76830
18937 43655
47115 49675
16402 44955
40944 85350
65294 82145
5495 65588
25325 74411
81988 83065
59020 88335
34692 53968
86934 88069
29048 43609
28402 59447
46216 76404
63791 95615
2362 68608
27081 85218
28288 95446
45759 80702
670 81486
54249 72752
51151 67118
46938 95751
46888 49310
26805 32678
40907 81186
88322 97982
16827 64382
37347 48993
17104 58618
53248 62973
16475 69093
63709 99144
40465 40800
14875 22890
27264 60659
53051 90303
25180 67791
51016 86440
13402 89425
27437 96484
26097 28235
55440 70926
2801 49784
8041 39641
58192 61189
50464 92902
4442 31667
42643 52689
34635 84861
48930 74512
71149 99776
62355 81805
26860 50237
21155 61098
30375 48515
46580 60248
64988 71799
56301 62077
68527 87818
48568 89880
45383 80857
28262 46142
190 34546
19125 57887
98033 98095
22514 73812
25852 45162
18690 89554
16213 97179
1958 57047
52940 99588
92230 98298
3643 33922
61100 86715
70170 87907
61201 72546
8099 53447
13869 32615
4480 15225
49000 72536
49181 49324
22570 75772
84870 97727
19566 28486
4339 86329
10176 66049
11820 56777
6592 44529
85761 97344
26283 99472
24517 60126
54292 84659
74692 94528
29450 32280
36222 44991
17112 78239
20941 98285
55012 57169
7773 28189
84021 95382
1066 10823
62968 70660
4776 89015
42586 68230
11670 65473
45258 54684
73595 81408
31778 52954
22541 51293
61128 99171
23512 25735
31848 38958
34159 86085
39537 96412
15688 63793
74808 95410
46730 61846
21271 39416
46443 77208
21379 40652
38332 49076
215 85675
74497 87885
1182 97627
16249 73416
2874 34118
57692 80811
20029 91823
10627 99714
5972 21554
51043 61755
15903 74591
41507 60368
35089 41405
12789 75788
25389 38185
68089 74392
3358 87858
13430 23367
34373 87536
53101 80377
36122 94813
17816 27502
41979 56655
56331 98699
49204 72179
88976 97249
73574 98413
29118 56428
61244 67711
18808 30364
201 26287
25551 49836
11967 36166
43870 67429
1549 16094
13714 18055
18886 33499
9370 85985
39138 94667
30816 83164
19780 74956
22718 79412
39746 81177
12451 66651
15612 72917
78378 99878
50122 97361
39349 69543
83749 95876
9769 16722
25001 62716
50385 94249
38287 88805
13977 81726
4339 30973
54267 62612
40152 76719
64255 98419
29216 61049
78203 88270
19683 79262
56481 98565
3297 71927
39347 65305
44748 96138
25459 45582
62074 65213
66875 75595
49488 70197
69319 73246
64673 65005
24739 84845
54102 91680
49520 92990
72999 84177
41684 76314
47474 49973
61885 91546
20142 40485
25894 26111
5532 97525
83121 89055
44210 93532
539 32738
34973 59903
20685 63119
61187 81092
21856 57141
24328 94204
11104 19668
229 13022
22158 80717
48795 78900
3029 67359
64097 86446
66558 72260
55238 93116
39910 76381
7468 67990
14482 81311
18317 39478
53707 96725
71770 98475
16952 79006
20071 74522
19960 32934
29354 61800
29319 35329
54527 83165
50253 97758
20790 38611
6225 53658
16912 67462
33255 78714
56212 77555
58220 65037
41762 49075
16069 86056
67735 68187
32729 95269
25366 29767
5438 11059
63084 67019
23033 41061
71561 91128
53220 80939
61890 66207
70799 87981
8870 41590
28359 60746
48515 57669
18018 62734
32242 92067
12996 49305
19538 28225
38427 69891
28113 75074
52267 56737
36762 69852
792 57265
18277 25333
1609 25814
52953 58014
15904 40526
59559 66394
69177 70038
1540 70496
81929 88443
44515 71616
39126 56235
16130 38980
24067 88940
78091 89767
67117 75141
6489 8436
1226 48706
57782 93364
18629 78600
28093 91751
34269 94800
24301 52762
15473 57536
44362 46561
15300 97545
14450 50330
48257 90369
45847 57872
72023 87260
39316 79565
41486 44783
58347 91402
47230 71430
27250 40297
39170 93509
30948 71471
81415 87490
30695 95874
78633 88807
13000 47214
43432 61166
58980 82266
5534 35293
25563 84849
75686 85398
17614 47266
4586 59664
71261 91466
5350 50151
66582 77498
6150 45529
45248 74055
90426 96143
8416 64552
21144 41164
1162 95404
52326 80587
25787 27574
68613 74226
46274 59857
33813 71757
76322 83928
41257 71771
22099 47186
2815 3615
8340 56713
10053 39309
73540 87899
82300 92388
38566 55081
77691 98967
39567 46736
17302 34733
13371 70530
10362 62426
38123 86081
33947 80935
32862 43894
61792 95536
16274 85376
29244 97480
16639 90389
55232 57240
34753 62600
12410 55379
1518 73073
2047 7464
29359 54572
54571 99782
7111 85128
20829 50484
19974 84590
31234 89631
15373 51109
5068 83002
58967 92763
39260 42258
14772 38118
63064 72425
33729 36484
19740 62189
32693 66944
30023 94450
928 97489
11792 56133
47853 52957
78004 99058
78076 96021
37573 48132
3011 10245
87613 89464
57922 60198
22406 48188
13968 41321
63033 88328
94955 96090
46541 81826
4983 96364
16402 63319
47588 70522
11137 69631
54755 83202
43017 92197
9702 12572
6236 60815
9982 35415
2374 7407
91061 92735
7296 56495
25606 91336
49266 71752
47229 68109
14427 64082
30274 58647
31677 86891
9539 80790
24693 52323
55852 67627
13446 59264
9942 15887
28579 73991
7673 80478
23733 54343
9316 73921
10321 92475
25024 94255
13973 35679
67285 83611
24955 53147
21873 58338
56312 76344
38212 79274
18832 32004
16594 92560
26014 42571
7427 60351
24468 50501
7960 71465
32191 55718
76606 78957
34275 92020
3573 79226
29379 49757
41385 51925
51815 52883
48075 75159
36536 71665
72285 94882
11356 69534
19586 67654
4142 10465
16428 73158
63926 96420
23325 90772
4619 62518
48020 84952
28693 62700
71765 97497
1894 50311
45710 64342
1826 53376
35449 92272
42589 43594
38580 39374
32750 85408
1974 81543
2805 80114
69689 72889
15128 47948
28845 41606
58541 95647
30327 50315
83408 85263
52278 69407
40736 61760
66028 72252
4572 46996
2947 56015
24972 31166
39851 80690
10592 25168
19444 74024
7905 98851
22486 99460
94781 98018
54123 98528
22449 60327
64015 72103
49318 82606
14184 70764
27169 64437
53262 70445
53715 69289
27947 62525
12382 79411
31625 62742
24099 76062
60204 91956
21159 62787
65162 93744
3096 36045
73320 91819
50625 56102
34365 88532
77702 95857
22418 82090
30379 86152
46800 63424
6288 20050
15696 79729
6361 86800
37413 86110
6530 31809
69989 83821
19712 67772
25227 34814
39058 82497
46532 57635
7580 32461
48358 81876
35362 90950
14345 52101
82655 94365
4488 23840
65097 98434
51847 63876
75571 82389
65705 86224
22954 51438
46228 53380
63444 72690
37780 69891
52940 83700
1554 58959
6299 95638
78089 91803
37818 62519
18135 58251
42325 97146
49758 81603
18588 78383
62344 80821
51631 87348
78005 80558
10715 34408
17800 20680
23927 56636
2539 77650
52089 66433
26720 30014
17853 51725
57419 74066
52494 72656
69262 87228
66371 73274
72403 78756
28969 74556
18638 39112
12071 42789
8496 14420
13073 43495
32434 37869
1674 79963
39806 73013
17256 75988
27791 84709
1475 20704
73333 92401
37506 84321
35707 80857
96214 96360
35977 61572
22475 68183
4382 10290
14798 42608
72354 86727
10017 91744
36534 98677
29740 60898
47718 59077
5995 14520
55102 87569
45283 70030
19401 22138
74907 81217
8668 50387
18795 94115
27055 54640
12945 37771
25640 86057
13214 14253
30197 98929
12375 59736
5837 66925
94110 94352
49438 58640
24599 79176
1210 75775
50393 80520
50976 75737
25861 27055
70779 96889
59114 77543
60964 97420
7133 79054
62160 70249
44142 66797
37518 83485
69437 87829
41376 72673
26170 91411
63659 78124
12073 37180
57326 71199
21637 53497
22483 87934
29388 31507
16461 81728
9165 38216
67405 92241
6815 69456
40428 83042
42559 48636
25502 94747
51760 88358
41552 69322
37666 87813
26944 55949
32330 53839
17825 80941
59227 98360
13443 81924
40025 70023
78096 85586
38392 70007
22290 69061
40022 57788
10486 87402
49408 85962
11328 93174
25126 80134
3290 29075
45004 54452
5856 59565
22473 54334
53465 81683
41466 56085
24017 51789
51755 66084
8041 11023
31708 82298
18829 48851
52205 87887
62908 96667
13502 29924
49736 87542
22138 38241
14315 71117
25705 76312
23862 33426
24592 65993
857 11372
11533 40543
17588 92625
74885 95285
16353 17198
88111 94732
29572 67118
24819 91698
2736 9020
18498 98081
5618 11471
59207 74672
22481 75202
22651 95369
50644 77829
39617 45406
51935 62234
38257 46711
28112 98157
52270 71960
2671 95838
395 44878
13607 99505
20405 98200
26152 32050
10311 92742
47830 88848
36938 40087
27945 98854
8660 58058
71468 83262
65038 78227
48302 50818
51619 57737
1836 50320
15289 96119
50251 53885
39353 60097
63591 90112
40071 56665
45309 80026
428 4981
78669 95367
21111 65340
16765 51927
61347 85809
81536 87030
23751 56067
22803 46989
19176 56029
22112 51628
42975 50067
30834 39792
16999 67938
59794 71555
38973 71596
9404 48824
31017 68131
3886 83136
10154 63662
21888 46546
62464 95242
1773 76739
13265 96204
76638 76892
31167 46681
10743 15057
19827 30572
18028 62070
54882 90975
43874 45619
37881 93197
65409 79492
16320 33525
88825 93263
30163 58338
43390 98198
21075 33660
19096 47686
36346 94136
51686 91343
44950 75927
34829 69492
52506 65340
45044 47635
24616 47612
60627 73902
43681 90589
51763 52624
36332 58694
20557 43467
32955 76424
3707 36777
52065 94487
5435 94484
27794 40503
63596 91089
14068 31667
27720 29680
27346 86729
3028 36984
60702 77965
82506 84398
1492 33891
1403 43978
90727 91620
37849 88770
13343 74708
52987 56117
14291 19599
16127 81887
26660 84884
28471 53443
39908 70122
34045 68299
17461 60554
54156 69873
36613 42906
57695 89879
30186 34364
23886 53647
4054 20874
44842 82876
57866 72587
1007 8181
63075 88141
19618 86267
19848 36130
22238 50485
77360 98313
40864 57863
85831 99943
45277 87828
6000 91598
84230 96831
17952 79411
69666 76743
20446 77535
6212 31102
42300 55703
39232 76221
17068 93105
56979 81042
53264 89442
23832 27833
1692 88489
59919 77864
19636 70550
32868 81900
52728 75957
20026 50571
2113 53098
2728 16052
64627 77916
22489 84166
49250 62971
11960 85412
20706 89977
21598 74431
55586 72971
23349 90870
1046 89491
65164 86294
58724 68543
12251 25879
8743 85928
26822 81038
35573 87619
45316 88551
46944 90511
48031 53240
30339 34699
74872 76926
5738 58455
23763 30960
45267 51502
30998 50379
4373 31288
37746 76439
20766 97516
34508 77504
82155 98963
70310 74758
6985 48699
26464 96736
80460 90113
3063 99019
35986 66827
71197 95544
45418 93946
13525 57134
16610 85850
31192 50040
3950 89050
20665 38521
28946 31505
47543 70556
10899 48423
8605 33016
1234 87327
54650 80278
67165 84393
12463 76765
17059 48615
48012 88995
33883 42006
40033 41211
4221 39526
22703 86000
52212 61672
34058 89051
41193 77757
29304 41604
16971 26920
15991 62812
89198 93913
17260 28864
31540 35291
47900 68682
13175 70783
20628 34985
87092 89086
6216 81382
80261 96768
52070 72377
19724 81269
51 24440
21400 51606
55253 67767
41499 82852
39670 68901
1456 61867
40890 48352
22425 63865
40043 98088
68418 70418
27874 28550
13869 75990
48292 50404
17223 60748
69471 71788
59895 97149
61475 96801
43583 45558
15275 54664
18689 38277
4159 45968
6099 74304
32332 83985
5215 9965
10017 12340
19454 78982
11379 91619
52563 87733
94677 98041
23289 31218
8335 44522
32398 84519
71950 77662
14069 80222
12464 70394
18268 77964
72378 96396
43147 82841
4840 99073
3304 19962
10144 58058
9575 48107
14104 33545
43951 53184
51127 90577
10886 74569
34082 99104
80689 83621
62351 80179
70337 77998
54939 79327
68865 76154
27332 70904
4894 51727
2617 81711
14642 63213
71814 88331
26005 93175
32684 97980
3723 13882
70620 76607
71442 87178
63900 97211
8019 41629
35164 91894
53814 95726
37151 47315
21288 97279
9222 72116
43595 85463
374 11599
69266 79442
59311 90102
16064 21287
1106 44861
28083 64203
41341 95140
17177 96089
3540 28447
10187 28634
35478 93705
39689 88999
52255 93583
64673 93014
938 13057
4346 86645
15079 34926
81103 87618
74749 86828
36595 81434
25929 61975
65292 91816
19593 47389
1219 51662
89405 95866
29205 55869
22536 55711
77256 98728
18319 99968
43472 49446
49693 72686
50655 60486
81390 82927
37651 53776
22680 72697
61558 87914
2121 38298
4703 64155
14446 37734
15876 82709
17288 90861
45045 98681
15802 41340
60271 87961
5197 82821
3128 54909
30058 44325
16526 44591
67194 91605
18728 40369
5499 21829
13638 40917
26404 64034
61850 62580
52362 60494
32630 99866
19654 69478
10072 49775
51217 83171
52758 70607
54215 94997
36504 55453
46761 90266
14836 47460
72210 89673
84302 95916
15726 78148
57552 84153
76562 76674
63326 96163
3465 4833
26732 98991
2732 76461
58171 58471
554 76674
37794 53462
2158 99812
9690 88608
55697 71337
34577 87074
34158 46036
69919 89356
34003 59385
42049 54369
65123 76947
11881 20473
41702 63873
91664 99092
36017 37905
21156 49739
4346 22112
11985 93492
14926 27797
91317 99010
6522 90398
82107 91849
35307 55968
65229 65779
5025 95102
57345 60686
11959 95419
45395 98668
88355 98273
12839 95128
22635 61282
39583 62713
84769 98467
693 60737
77263 86156
22219 24369
11294 13056
20857 30305
14227 55803
8969 75997
1524 40371
16062 81599
81477 83559
40211 81706
59554 63420
63222 71001
11124 45640
75471 79099
84331 85852
24713 56537
53930 64253
39118 47693
1846 57087
54909 62775
8463 36930
72357 87437
62990 85708
13281 18659
59538 90218
38037 67077
44813 84897
82032 92275
10072 73327
15 98024
80745 96880
77414 78255
41995 75167
37715 79735
8232 12195
38111 96798
5215 57686
35908 74733
41176 57411
292 24238
60541 63910
55575 70836
46606 79094
25232 93729
5097 85731
22340 38579
93133 97554
43737 60893
50004 62671
59111 90195
76290 76534
77994 93004
54377 99765
12884 38263
51265 83388
42602 91629
30757 78663
30215 71837
66523 86127
13051 69189
1633 81331
30937 44572
25951 29922
8094 87983
46569 77763
40583 88336
21061 26598
33596 35314
7712 75469
24507 44557
30377 49096
42492 61590
2799 89845
78690 85304
19319 82242
58321 68947
58770 91738
78836 84640
33674 53293
32790 82252
61052 63072
47422 51276
20091 40192
74461 87730
77859 97222
40148 69143
18865 59402
5904 99991
22563 29559
58252 70252
42197 42751
42540 70965
962 41461
26158 72785
18337 58262
12737 88804
35944 91524
41972 89969
1263 69182
16590 41255
15636 40506
2056 34161
13889 91788
19123 98239
25474 99134
17848 93115
36914 84625
35141 70970
55162 99516
67429 69690
42820 56161
5325 22233
21145 53882
68296 77368
62368 84938
21735 26701
40805 44740
25603 91521
32413 78124
61559 86898
39546 70601
77900 82156
2757 45344
29116 34273
63799 98177
66865 89056
32520 67480
3169 74285
11653 69159
16789 60327
20736 92836
1832 45707
34051 42346
9714 57501
24970 29208
20693 23563
65865 87183
34363 72408
49048 54563
18951 91547
40603 92426
70833 92905
14007 81454
3936 99803
53950 82843
14514 65571
11579 72273
13822 69727
33935 95767
29678 57517
12719 29283
37845 99639
30916 44849
19004 58347
86877 93214
54995 84930
4323 45842
19553 44840
30673 96393
27709 43387
17507 81198
33302 74965
21093 84437
50596 53486
3265 65508
70949 98612
13671 91179
48 40691
55663 81706
23063 60942
14129 63730
89640 99180
23060 57167
18365 98561
63295 71844
1639 47080
18096 33463
31450 83078
59845 94648
9701 48576
21515 46306
49099 68314
53560 68867
35414 95837
6113 88942
58836 97247
17298 32041
29152 43679
35475 60351
37900 75124
33988 66132
43530 99741
32853 59434
20206 62726
23992 98697
26075 86831
2272 95682
59352 78836
57864 59385
43883 60657
43281 55587
39829 51154
55873 99007
48811 64151
96689 97408
11859 64917
4192 99327
45945 46862
8497 21201
9375 81375
68057 72085
108 3185
87756 90481
10125 36296
22751 33927
25180 98649
59237 63832
27641 85932
8962 90150
16908 96664
71899 96655
1227 98176
49253 51941
4227 29038
36349 62142
9053 97302
31608 52614
4616 74020
12293 84504
43177 63664
22762 39774
34529 77979
10317 80518
19515 25421
10732 98666
55460 99592
5803 44593
28728 91410
9957 43528
10976 21149
49898 98305
3750 40735
58141 87976
41038 50267
21962 33225
19648 97858
30911 61391
71792 82815
38627 98426
20292 68317
3201 17231
68872 69282
7642 77240
20904 58882
12923 86962
55812 96929
91482 94809
264 2317
26408 97588
34306 45720
36046 73368
25263 30133
24416 89907
98073 99955
4460 17638
68913 91994
23382 97911
11666 50781
9397 14892
64946 81177
59329 98206
26904 30791
90259 93951
4905 5698
5126 72868
46094 87977
37278 93101
41154 44227
5940 67180
2270 6080
14602 58542
64786 73585
44269 45258
8644 49768
616 40019
17390 22252
21391 51480
6487 46434
23630 97684
6839 34884
9941 57525
71616 81763
14706 41247
42217 70196
7410 8959
48415 79977
57066 89280
8120 85219
75502 84497
14171 64276
66768 76143
25471 90079
16349 22116
169 40976
25660 31621
44151 45528
10067 48169
17091 63057
1346 63089
32078 47469
19316 33178
13096 61754
9434 37114
56695 96243
2800 75572
8281 48340
38394 91992
39607 59103
12283 59363
7265 91463
6623 94764
5772 29808
18521 37954
50507 86311
62157 66813
4418 82766
60154 79597
16497 61847
64553 77156
13031 28471
74310 87528
25564 81339
63971 77463
31738 95556
19694 46922
5666 22441
86067 91022
58418 84631
24953 69974
6859 49918
74025 89426
9655 23530
1805 51481
23816 96520
18736 37713
24298 77063
62100 71178
65000 70656
4620 33708
16386 99965
43744 93119
45310 68303
64659 84814
75968 85029
27265 45871
67895 74235
5448 62550
20585 78142
12931 14549
36308 85009
48646 61186
55661 70353
2516 96438
12668 98254
620 84660
69611 96190
76727 91445
38306 41064
15144 46189
9856 56914
16097 57749
13667 66123
22152 85456
1754 64916
6532 8000
73643 98997
75625 78135
18622 34965
12554 92013
33368 81744
42113 47481
15614 54349
88946 99036
28569 97750
37934 61984
69710 81149
14247 35281
69234 90843
11530 16463
22981 35422
51583 82679
34679 44600
16242 32289
46019 95256
55773 81212
57736 93664
33679 47306
65446 70392
9756 42301
6819 46631
8038 81523
65367 91167
76163 90015
10747 82386
44742 47981
19690 24245
10300 28979
30124 95137
6679 81514
46996 61578
43099 47988
47592 81255
29611 90175
22875 51176
43878 68579
12581 32784
67998 98484
57438 85332
18626 57127
20277 89014
38357 63535
46457 63128
41550 72257
26545 36295
20502 81899
57069 71427
33170 36489
68464 82561
3812 74395
3615 27396
7415 96172
20471 81514
38131 78277
21960 44706
15981 61977
25110 62047
4520 43311
3406 76433
25851 49974
5615 84627
6995 89336
11625 33498
21424 45120
70387 78585
24076 73619
44208 76748
13336 54526
28883 68058
67936 75178
21754 26450
76542 86540
64245 84308
2623 90061
18395 21623
37227 64145
42862 72373
17754 21500
10469 63091
36975 61733
74999 97131
495 44922
25249 77426
23648 53700
20435 75309
14653 34719
76770 91706
6877 35282
68400 83535
54035 63246
45854 99982
48065 50510
2879 23336
745 94457
62045 85773
43084 92126
54605 99234
1127 82013
7774 82952
9611 89201
21050 54684
79296 89004
21607 87384
32656 53184
60535 97673
9388 50866
73965 88733
27781 59309
33595 63068
46141 46888
78311 87665
54373 89216
29384 77445
568 83702
39933 90932
59265 60383
9967 73274
45498 62756
56295 58137
18518 91862
48556 89710
48767 68124
28864 47539
38914 89721
13674 82116
33288 49083
73918 85107
7770 46389
25186 36907
45019 49289
70224 94909
21666 41793
31696 87250
18102 64643
46672 63504
51533 79784
86808 94964
58074 66725
81707 91883
12977 65018
43410 95566
31679 76816
27855 55760
19021 49219
21809 58328
333 33536
13898 90602
48362 67412
22882 35649
4255 26807
79385 96869
18997 29396
55017 57456
59579 78635
12138 36061
84291 85230
61924 70691
38869 80644
22357 91994
45757 69402
45309 61024
41627 85677
74216 83523
74951 95586
44127 92940
51766 61031
9218 23339
9306 68095
7912 55775
45805 54084
86972 96673
41807 71766
58830 93739
46201 99890
52381 83529
22000 26151
77000 94862
37083 97282
73870 96025
83080 95823
23157 39363
35905 40708
7275 50146
19217 54131
38610 43440
22123 28218
93469 98831
19750 74600
20294 22882
30166 76519
50055 75425
35323 44435
66231 89220
64376 90103
16196 24807
71893 99250
627 15325
46349 97693
43698 93788
24237 62316
45838 77645
39580 63625
38418 47797
19685 62175
57555 78868
8050 64366
8982 56006
5491 43134
95495 97988
11886 14000
21047 44945
56802 82472
7422 17463
86710 93110
32317 72652
10669 41523
4983 93321
28070 75765
17460 70150
6431 30249
43470 81523
15832 55354
17322 96633
10800 85770
270 70801
59409 70972
5809 36923
80891 88904
34684 37335
18020 86914
8507 88143
29702 38411
50314 54111
30581 86621
36773 74357
58697 87036
12088 17757
61210 62957
45948 86250
35485 86913
2887 88540
14506 17358
58627 82636
8237 36634
2938 99087
4603 94712
54895 61936
4975 18189
41004 55584
24121 50094
28479 47126
73725 80552
39511 81202
14597 70669
5953 77829
26391 43726
65873 93815
56862 78668
41572 94697
12754 21935
45532 83963
26516 51936
40326 88599
60289 72362
1271 3755
9228 90687
52965 78866
49829 74524
28431 36468
38955 71581
21342 51597
17225 19560
8651 85445
15575 48020
15279 80827
54111 76688
2096 80564
235 48887
22915 39281
31619 76920
9149 74071
14833 31983
63246 83037
4367 85856
5664 52522
8985 84438
79525 82584
3132 4011
9098 32332
46690 70360
73497 96560
54314 76460
16004 77742
47854 76101
49283 82051
60301 95633
71558 75755
6686 17570
23993 27150
12470 58097
29045 47888
70545 75920
20277 22396
41862 51178
11446 22031
73073 80015
23170 82298
59162 74541
55967 83428
47327 62982
19885 29608
20224 54617
35131 44445
3050 9025
58054 64508
8326 19472
6143 32966
4941 38894
21888 66718
21139 90124
16742 33780
31272 67435
34490 69225
57892 70224
49313 88910
64523 83386
14228 85226
14419 31653
24786 75505
28517 37099
17687 22984
55677 61935
63614 90722
22126 82371
62143 83759
740 32777
58219 80160
19231 21363
34600 51598
34200 36132
32576 51852
81227 98947
11357 54154
18082 64202
30154 57441
66472 72911
3847 69303
1330 94258
22200 81984
29986 45698
13227 30004
27594 75363
57200 83386
50048 84845
3255 5518
10734 25749
2894 11842
21990 29718
3888 73935
73473 77112
1450 43525
7226 58981
30438 43876
41579 77430
23742 78587
28106 78047
66386 88148
3736 11102
29322 41565
22229 80399
10306 22007
60443 71441
92892 95421
9003 86249
37286 99481
53276 71535
29835 60674
4951 76199
78428 88100
18141 51132
38821 57489
83393 96987
13562 74209
2104 8094
23360 55015
64023 98137
55639 94731
48494 76702
40866 57374
21496 36839
27808 41040
53578 74342
16983 51301
18978 41434
42072 80295
16325 19285
2656 20890
6221 73063
11055 59563
7595 31916
532 88427
906 19378
55302 58613
24611 86073
20816 30676
53559 74101
10508 38844
30043 62120
9868 73679
17465 49297
44254 48237
67257 85759
22110 97476
853 44476
45687 96543
18859 47480
83127 87544
37569 52419
4635 30128
9839 57457
6089 10750
5830 44592
61307 78574
40156 64145
41541 99520
60009 88975
4045 23082
34629 61463
4804 61238
17734 88415
92515 93174
6352 57918
1565 17281
31685 74401
61823 98528
73059 90811
62829 92889
6752 77081
5313 9490
39262 64742
41732 77595
26068 35506
9423 99124
66802 73744
45466 90265
17164 82451
19136 78011
63707 80744
44226 65033
66388 89411
15876 45920
54397 69117
14983 20234
17579 87320
52115 79637
51206 76831
16605 17087
28239 51454
10166 45011
44170 73931
25113 46980
23225 47169
745 79726
7102 88711
30710 35608
61450 95140
28871 36688
13099 20402
14500 38117
73049 84900
45125 62087
77455 87733
28956 44335
53438 92373
14389 76714
9651 40471
11432 16433
6169 51451
16644 17722
37761 49329
5598 55590
77248 83310
12229 85610
70707 79617
59962 78098
14464 95941
5236 75419
25324 65500
32396 85580
49177 63947
28779 79949
23779 88451
24960 77891
32034 63312
12078 21294
1696 40215
30889 45904
20163 76259
48778 62604
84851 95712
48121 72752
32274 64328
44876 73939
73289 94616
38429 61982
18381 47334
32603 34245
1389 67411
68669 89656
29464 35495
29873 41056
88671 89561
8368 88943
27405 62552
38193 98900
59814 64135
1869 88427
41289 94905
78509 90021
11035 14283
3210 86988
20642 87581
59315 70835
13688 63650
40015 53935
49903 95875
44050 84327
30690 35304
23143 94680
31746 66263
3100 24375
4753 39560
55086 85589
38417 81473
44150 72674
38261 75165
43952 77162
14877 95562
3202 40063
56991 87280
3392 44657
18100 48794
41073 42895
42450 70126
32513 34408
31220 51580
2490 6860
35787 50867
8193 94494
68023 81651
45155 46027
60326 94966
66828 77824
51078 72161
93605 98483
53177 82676
22839 33885
10069 59572
1846 66404
30582 91899
64411 82675
8289 68834
39434 72559
28463 88374
44461 68505
62753 65392
36095 42023
7690 77054
6711 56759
65925 92179
31529 71337
11889 58822
27244 72617
45934 50339
24341 78639
8194 84120
36112 42029
62530 69216
78510 98520
43094 74038
12489 65177
11030 59665
68423 95986
36986 76539
42658 69538
21758 30480
15572 91701
84243 90745
28382 95026
18677 51373
74557 91091
63589 64098
33101 77941
64608 95878
28632 75524
37938 44787
470 65357
5620 37487
29561 98504
4504 96479
40383 59572
21036 48869
51922 81248
75952 94306
5538 10400
12398 26232
58790 77855
8964 47004
12423 34112
20347 62499
50460 94261
9222 62761
772 48587
26623 93585
20558 96665
36966 76852
55349 99564
3639 86113
33550 78251
7622 29179
53780 70722
88460 95930
47987 98110
63297 96483
37301 73210
16007 77916
27602 27985
69973 92284
13981 92933
55 83187
61136 81715
22005 37050
51167 87971
2187 31948
14658 57771
43456 47761
54000 56661
61981 71605
83501 94988
4870 49095
1209 97343
22322 73152
10942 70246
18779 84540
9053 84489
26039 55347
44898 86688
62930 82117
72297 89707
18204 23246
17299 69072
4226 50148
76893 88866
3630 34218
21138 26716
37420 42273
4229 40588
12519 61646
11674 84585
19870 59181
35889 90681
21869 50186
69455 80571
14202 67282
67369 80618
29161 30283
30556 86489
74807 82812
91070 99199
33526 54730
21771 93189
31648 72137
64284 81023
42185 67299
35512 58887
72600 77010
4815 36874
43731 90217
374 68955
41776 68450
45401 91353
31024 70465
17460 78722
6157 19077
7264 8370
65032 72062
15932 46226
32131 72510
16504 86330
45739 87733
21003 86782
49271 74047
61642 76598
11205 82181
62827 90330
39512 49153
14398 80952
5659 74009
53231 56181
32193 79216
24267 79746
11223 78348
14502 77502
13608 85390
17992 36242
21279 84033
35940 61591
51971 76574
50571 76638
29933 62630
10101 88435
59555 75843
1273 40110
51520 76423
6261 25333
46242 55708
12158 68216
29963 94053
14073 19113
30904 52048
24378 43055
18071 26350
11357 15576
17310 20729
22023 91466
4438 66366
63884 99563
51960 87746
48324 59194
1985 65589
20345 61525
37229 81856
59929 80972
20699 70642
3568 81316
36550 70016
1108 65253
2601 20864
75159 76984
32439 90990
38574 97791
21701 79909
61595 95894
54251 97979
44725 95022
27819 71605
49404 73506
13998 35529
25155 37240
59468 72008
12766 33063
16672 22731
9060 72488
48921 69621
56458 56590
46185 86284
32827 97591
34613 77727
14488 94410
33446 67364
5039 5562
22052 67691
21918 54820
23328 38166
35898 40984
78477 97562
3953 83531
59578 64363
22000 70007
53492 60573
25098 58480
21864 86266
38036 68928
34051 79425
59856 81008
12739 66835
44821 96408
8046 42416
16969 59171
30697 89233
26021 39241
61530 97612
60704 93956
75777 99026
1347 28541
48475 75116
21468 29141
66140 67741
16013 70688
11487 72761
51305 91857
11378 83746
796 84108
34834 83232
9724 12487
58887 98841
81379 84507
10073 50674
85032 98267
37955 90608
36708 63230
35571 64103
12889 28066
15371 41232
29388 90361
3009 34673
63781 83479
533 24483
77501 78259
24867 68240
50569 87956
28993 59780
56413 64161
43739 58198
86209 90648
35803 71852
16203 26574
84330 95546
45545 73186
18608 30553
33520 97519
24306 99430
66114 95308
4048 60517
23799 50993
8590 62433
32208 74349
2090 53474
56048 85345
39039 59965
26211 99417
42903 46160
26550 62453
54401 69957
26417 30243
86876 91281
15143 27109
8073 70683
53809 96590
6604 67969
48517 92818
32615 47906
36841 46329
84678 85324
63398 69080
35592 61135
1197 42247
67545 82548
5692 33457
76923 82816
12117 29245
5783 20555
14685 22550
47778 82177
53284 63811
35791 37742
31624 63706
9676 40248
3988 13517
6348 31400
56778 87859
54555 80403
11483 38929
15631 82588
84859 88385
14890 76117
64227 70593
55420 55962
10925 70076
12188 70653
79768 85311
39309 78885
41879 56609
21602 59050
53636 61100
19140 29921
21564 66204
62813 91148
40327 49029
3855 31961
31254 96223
35023 96784
30748 77313
40410 83647
4302 74069
50232 90712
24097 73932
49655 63553
51088 61518
29947 89469
21961 49361
38980 99272
54279 99580
63952 94936
34888 72664
8867 74455
1484 83052
38184 77255
133 57694
41859 63364
17741 44192
34292 96442
29078 88444
55676 85684
19097 47283
27082 31212
13143 18910
15523 50150
17247 74319
44798 46662
42741 62938
40427 85090
30916 84691
33638 34303
40981 96725
3009 8909
85464 92606
1152 74350
86146 86912
9026 76729
20150 81384
64949 99043
60587 90414
32312 51980
54145 99841
27380 77146
13670 25625
56352 74176
36476 88486
5564 88243
24967 73953
1263 52801
73021 74158
30109 53197
85905 92861
20655 86135
49777 84104
31844 84602
9943 14973
32705 60949
62229 63136
35391 38370
37208 50337
1690 5286
9160 41128
8877 27366
9941 74631
13044 99457
16947 77598
52938 97497
23343 46319
4231 25366
85601 87878
4844 17950
84731 87633
40550 65178
82825 89139
28876 85693
43483 44397
858 5775
16748 46689
59765 77282
26862 73611
10598 77938
37104 45858
72397 75484
6436 72916
6697 90902
37068 69896
11289 48681
26430 94290
19236 71375
20594 47867
27410 77612
38069 63765
46040 50097
68728 85193
51995 72280
8551 86880
48554 53031
55617 59713
32191 41584
40884 74891
8331 93785
86707 90021
22875 97743
24502 72509
7660 87501
59883 68579
1718 79019
33778 75250
46704 95102
31434 80971
15955 64015
28857 34920
2498 11653
57398 59892
46410 46949
11266 65028
11784 30005
24244 98689
88872 89682
1894 46505
35905 99828
36702 99106
15563 95947
79263 85827
5549 28466
35317 55443
15997 54395
9300 12951
38006 77623
6894 93188
20294 68334
79068 92784
13303 92754
43124 66613
52820 88477
19745 62128
6258 30825
49533 97848
68820 91095
72580 85407
9743 89941
75798 88767
2348 66019
8013 46138
23268 45179
10433 17299
18291 73714
30195 70570
73641 85955
50896 100000
82636 96134
6368 87396
5030 82288
5367 46882
72367 96651
64035 74717
16083 38283
48285 61666
20539 48587
58520 97950
57326 67181
25741 94588
5065 15292
6776 13176
20221 36921
44962 86897
41045 98428
28978 68212
4432 47803
24553 37490
11326 72174
42980 49701
5346 44392
44172 88191
44385 95962
18114 48266
55138 92301
72635 85932
61130 84837
256 73923
27541 37095
4126 13106
18786 92394
33555 84975
9590 16976
11583 15171
59419 73298
20800 23563
878 5512
49468 74984
67231 86143
6546 48631
52053 80785
25419 89840
28896 95449
44824 97162
4996 78567
55040 86050
54140 83984
11586 48688
7827 82090
494 92838
16136 75468
24809 86045
24337 82576
47467 51969
29827 44456
29581 41018
24345 95302
4471 62141
1238 38147
47749 48617
22196 83363
45621 82998
21762 93018
19949 80024
44380 97837
18740 83164
26182 49652
26689 76070
5434 96719
50613 75866
37930 50197
62949 65106
27541 72158
19730 58099
17129 48615
48234 90789
44525 49928
6322 40522
19727 39200
40134 43492
14709 59829
75090 85617
39585 86820
2078 84576
607 24747
1029 26903
3461 88611
20164 60173
36105 59219
80622 92700
15894 42250
14964 40371
37242 87176
7156 78016
1064 8596
97794 98132
3140 20369
30534 32995
33217 97258
33670 49556
4665 38206
15181 49322
5852 42883
34236 80847
13352 24306
47592 94738
19650 48141
47284 78002
18396 95491
25196 72766
10971 53786
12794 27967
35366 67551
34809 76241
74219 77657
54046 95053
62288 72875
34389 79242
32869 74387
44283 56452
29237 29675
22261 53320
47805 85765
57111 81078
82234 86815
24682 70716
31104 38353
28884 93750
8896 98114
4801 70117
81428 88914
45764 98709
61432 87926
18756 61532
67503 81873
40789 43303
39025 91181
77488 80897
2115 5865
4589 69415
53417 81580
36748 56069
81906 83318
4091 40165
31431 77051
905 33677
8528 93501
27925 84013
30194 63619
67839 98002
18735 99376
17331 93385
25248 35567
9368 78875
28352 33189
60091 87327
25895 38695
41258 41779
29071 87814
77811 91131
21117 52961
82258 85402
23052 89312
61591 84596
1793 67178
49098 57404
77285 89241
63920 98490
40640 63253
15759 88919
23614 44720
63722 88166
11242 88667
32621 66170
18379 91528
61138 93489
47652 99520
55866 90675
11261 95269
67067 95264
45585 95313
47432 94432
71281 78165
36443 92945
16979 52467
15292 87169
33468 81056
24692 96763
3364 65039
15581 84913
15902 41945
7760 67189
65470 89299
48620 62057
13151 19544
56402 57798
80167 90571
70451 93014
24367 48207
31099 85886
25457 83764
16676 93046
44666 56838
124 17824
17586 47402
16324 78801
8689 93571
8168 92096
42105 54926
35311 93771
4224 42492
37315 83125
23597 36014
17260 53938
62898 92940
35052 70607
49975 80105
11145 62889
66319 86423
14582 39528
29369 62437
17535 78133
2889 79521
63114 96906
27107 86759
356 4767
48199 60319
751 82183
66269 77899
26010 59177
54596 95491
21747 60761
2171 48443
7935 63507
47436 63728
55871 86327
40976 65459
51673 58006
39887 90139
27588 79975
38078 47582
68616 86051
43551 51584
88992 99238
44259 74089
12695 24531
17630 60081
43848 93875
94880 97801
22161 25906
6595 61875
79206 88087
69794 91376
22504 29718
23927 45200
34490 73170
37405 73509
11857 72200
35060 63759
20734 90723
15946 34860
18638 43145
29390 68188
15265 18976
185 69182
3335 49294
33351 61193
27035 29834
28902 78803
46185 93982
19569 79375
52690 88403
49881 61100
32651 49919
25201 40802
45734 59658
80685 86594
9937 73488
38940 68751
25669 38509
43024 82258
13598 70155
63287 69607
39045 64338
5293 85181
65816 95024
37723 71538
14129 30625
8920 76067
4747 43123
4425 96840
56831 72062
15582 24287
17448 88628
6425 7632
14393 40814
7823 95799
70602 99278
17470 69693
65470 88960
28603 45059
26067 26186
94426 94737
54047 86069
34844 70713
5441 87106
8791 63508
8514 64730
73515 82404
13534 82042
48517 62147
2054 87020
47405 54018
78334 95742
53116 64967
35009 98268
30283 69126
35914 81154
20142 28001
24946 80498
5884 71984
49777 83308
6030 80602
27189 57731
596 99632
8973 54104
78965 90506
46931 76770
50755 89660
18952 62569
47189 84147
8196 76005
35921 40759
6341 49293
87394 93118
20879 27865
1850 76247
79423 99903
15143 76590
58890 80331
9244 40670
34093 64839
29953 42821
50155 75506
23122 96891
31187 39773
20699 67845
14328 98697
41599 58973
20817 47979
31507 32477
15570 36831
76193 84394
37866 95858
71299 92045
12055 40938
663 88617
64919 75727
29263 95394
49698 87269
74655 98065
8584 79941
53370 58807
10237 79304
9901 25043
7199 64321
27705 49387
11302 83398
89568 97857
58992 72885
16069 45026
49100 63448
6789 93734
5316 95934
19018 53758
75529 88707
16067 22105
80397 82224
53392 60810
13040 70653
26189 33820
46726 53691
28007 33535
58268 98692
60830 89093
66619 67908
35012 58004
25571 47669
71517 72222
41241 94295
41716 59035
23367 39765
22772 69520
81113 88578
36370 42972
53604 77202
37426 98877
45210 80099
7584 37581
63798 71368
15468 16584
54229 61669
7891 67266
8657 16917
23547 57840
54191 58870
52129 93701
31857 99719
25393 75095
40600 94767
48828 74908
51347 53654
25351 83174
59343 94134
14622 99683
82732 93638
40885 85140
53073 63890
55215 58121
32457 87880
38186 85347
59730 80622
18109 51712
42161 65816
140 6027
82073 92322
50190 95690
64718 80251
43853 57538
13768 42031
3604 99647
48182 62620
25982 34318
63255 64159
30070 52033
89164 97487
36359 83600
37988 47874
36858 80944
69610 74120
36052 81947
49562 94614
58807 67086
18812 30047
81732 88950
50295 72939
21052 90782
3646 31590
38280 71566
2926 95760
1922 15578
75485 89560
9157 55974
6376 58154
39809 74964
1019 79487
11951 70195
9449 41681
44101 90971
69622 82308
73285 82606
4965 88341
79908 85955
60007 68807
22692 41593
50368 99448
42819 54547
37245 48327
33244 76433
61 38976
41052 48242
92975 95896
24438 35378
33651 87562
18971 86131
14435 82104
7882 88881
28312 49972
8501 59261
9280 22966
5343 18912
27796 34416
10850 45978
14139 31756
36300 81239
37240 81778
24482 79398
7682 44316
17967 82814
85187 91137
47583 92314
22017 26401
7888 51347
95383 97903
8830 77522
53657 94491
6021 59806
21080 53543
37119 56069
54245 55673
11108 79197
15134 33424
2414 37083
21389 77711
19020 27292
31149 45966
47323 92670
70602 89184
6648 27288
31545 90005
38840 66135
22753 54691
49263 54892
9368 55471
44508 78303
34250 73382
8410 83265
3699 93718
51084 67032
14360 65651
42226 75634
8753 35293
22869 74658
344 40173
23853 38264
29685 39259
53198 91458
29734 75636
30840 83361
75654 87972
48466 67376
11890 77260
8801 75646
78491 93325
39041 89677
1065 53547
29176 29819
47371 49681
19275 61285
4244 80375
941 16490
82775 92287
32174 81142
13462 70087
13710 63780
17794 29042
50358 50579
55733 70879
20642 80467
22146 81996
18828 38619
9955 34905
769 38088
70140 80583
17678 55658
37195 77122
8126 33351
13119 57588
49433 78700
2760 54867
7093 32075
6756 28907
72645 76939
9223 36618
43350 93843
9542 23881
21518 73492
36401 57020
67005 71237
18100 92082
5652 18572
18901 35515
57988 93148
44434 91553
29268 73540
11784 18539
2802 28754
16087 36309
22889 27367
56854 96887
37317 89724
17806 62480
7652 99596
72925 87258
19500 21094
64466 81292
28745 86823
65537 68217
63798 78155
11792 69668
42472 98005
24986 54292
1745 10986
11623 38989
37838 69141
71697 98466
67892 70764
72337 91422
13027 20773
56500 88030
58876 75985
19626 49184
9144 22035
10665 51802
28995 34351
52842 82538
866 16333
17417 26111
30747 75267
21720 65579
6540 63382
18563 66891
67162 89373
32673 81753
40520 76167
731 78244
9927 65608
53983 66232
5448 76468
25496 30373
50128 53737
55288 99130
8528 43924
28836 87297
55950 84628
17069 67939
30135 75428
57470 98165
68662 90942
56520 92136
67099 89296
71 59838
36275 52929
56453 92881
29693 82696
67284 84916
17758 55116
46970 62760
8563 38140
56160 76641
62980 71048
9397 76592
68231 95933
12048 79458
79645 91207
24594 98992
27393 46889
58361 76558
35454 63941
25516 93329
39221 51405
14791 19992
88755 94912
22563 63046
16382 91940
88890 91504
57816 93837
55256 57007
22209 55294
57773 89868
42573 83224
18070 94313
12709 19411
23466 31526
39794 83993
25488 72429
66115 89854
8156 79351
4340 74541
8117 65044
19611 93589
40538 52849
72253 94964
31230 83123
19794 53071
27724 42161
8398 67358
4151 23854
38076 99964
665 1044
57195 90715
36101 72800
4619 46667
45726 64204
65369 81594
25855 74332
2239 44111
1497 60490
70660 80357
43706 57661
26180 79949
12040 82835
16427 45442
22907 41147
27120 57060
30501 66004
19070 94551
33668 99161
1585 26163
11421 80113
39016 90133
25755 60474
10472 65353
8299 69633
56247 58742
17866 90558
48731 79159
18846 56124
20351 24387
25601 66884
18128 58669
48491 55183
11817 64682
28504 31340
37623 48285
54891 61213
26109 98404
23398 97030
27502 86120
45395 93456
55859 74340
47753 92319
53020 84616
23952 96766
18160 58641
64206 65492
25851 90905
13691 64423
35218 70779
50992 82844
24151 94766
14044 16893
68949 69170
49109 92647
56697 59638
21818 26360
74411 97861
505 48650
20033 99838
6608 12433
9970 50611
25100 57802
18322 53343
15984 96866
46270 69108
70871 72097
24953 63370
44942 55838
58866 94966
52103 58303
33179 70497
5871 35220
7668 12312
23502 49206
29288 87175
53079 92578
46988 86677
958 74222
31131 43548
1438 45877
6170 36015
32412 48662
27544 64181
21177 28557
20284 98866
44844 83537
27105 56030
69874 83060
24299 80293
126 30370
68473 81907
39411 58273
12066 35270
7546 62224
4239 17514
49341 63002
65862 76727
34151 53882
60169 84034
4335 45420
2608 40899
92231 99923
40747 70927
31419 33060
25270 27680
14198 79692
7325 36384
36454 96257
64271 98340
2585 19552
2370 9775
1178 98194
18202 62636
69184 90287
23617 27423
59190 60753
39771 75716
11971 87883
47890 51430
47543 73892
38862 78828
1992 48031
2965 59832
21097 66334
36221 42861
16890 71223
34447 80883
17004 78843
78632 91992
1650 85987
20459 64399
194 18611
48160 69269
64423 89522
25382 73573
28112 71200
25796 62633
23855 73713
10702 96815
39496 83371
12018 36232
29491 96570
5663 76372
21578 83046
46553 52864
19831 21947
16220 69457
1756 76905
93172 97658
8534 25309
29639 71223
14632 97497
10129 93931
1011 56171
11712 83255
18569 60434
47482 56062
86282 98387
77495 91570
54342 75935
14687 78001
2171 95310
46403 90366
28828 64578
34094 40940
72838 80333
4310 73915
54594 57916
23029 96962
40787 58893
7997 57716
19483 66790
18677 75957
15292 46345
46870 86621
24067 47809
28196 93900
47866 92512
51917 90363
10112 52490
16182 49235
32629 44513
17738 35871
41106 58945
5350 27900
9976 11793
5468 75033
18635 74045
32581 55042
5115 51761
641 7460
19122 59262
12614 69029
14447 61948
29662 66959
43309 96237
17844 62729
31844 68681
22383 81998
2862 87650
35497 56660
16199 17402
60590 71526
35034 47903
17493 84613
90781 98207
31151 53943
5228 96127
13777 64974
85993 90603
26475 27545
55361 72300
622 85247
30742 47872
23575 44987
36845 66800
5539 17901
12717 70097
43184 60505
44358 77813
79952 91074
7023 15927
15527 21737
47650 65418
61378 77594
18748 28418
7337 41261
53999 92357
47590 58847
56864 87643
3374 93010
8308 73180
17145 78172
13109 46580
33138 33321
64288 66843
31348 73822
75952 79981
65991 99227
14730 18132
12497 15532
26681 42681
6387 44715
70884 89998
37990 92996
42364 90419
49176 83825
20288 29025
14347 98072
46585 84088
26467 84358
13016 59931
5514 62248
70983 94838
11169 19277
25486 42986
42976 83200
13314 15273
7802 48245
13644 96004
25819 36147
6532 27900
4971 95047
58748 63431
38935 46196
10337 42142
30721 87998
15551 88763
43817 65265
14823 77801
45150 67156
3608 39920
55292 69008
6031 43506
40095 48086
28394 79379
78859 80474
28745 44110
54504 99476
33347 46062
23705 99355
46782 94934
19074 90151
27593 61293
20291 71481
22821 36932
26868 99842
19684 34337
21426 94243
69829 75543
40131 82346
30904 48643
74445 79858
11727 40092
81524 93913
4839 36977
10619 77377
17174 26156
9632 92782
16784 51290
61518 94657
17791 51720
29644 88366
14058 75532
53478 97280
25693 94720
29738 63755
25115 64340
8339 69447
30769 33286
59339 70559
57699 59299
13390 60528
11775 20446
7032 60984
40832 58807
47235 68716
41252 80051
13691 63072
84908 93602
6457 13253
12100 76841
4629 17780
63329 99824
87713 90279
19790 76577
54166 87970
33073 39261
18017 90165
77304 97167
31748 56090
91790 99620
25086 64219
19081 26610
10256 68387
70213 99003
9614 65022
31486 98857
7062 55039
18587 56745
9125 21182
8726 68963
37220 43100
49344 87177
53118 91448
39051 60332
85850 94918
4989 90552
5637 80448
19840 34637
44319 92869
59691 73129
13686 33414
8275 28503
38977 77153
24553 80018
34624 95635
36152 64329
41279 94892
7415 82125
18268 41735
51905 80202
36840 78560
24829 79269
89997 97831
74915 87941
45496 47597
42193 81610
66033 83326
32962 89649
30189 81256
28538 67660
10560 11280
9624 19271
25001 62408
30341 32558
55117 80289
61680 79768
39873 98826
67892 78239
24773 70991
8138 96081
71069 79504
47669 96189
6056 17826
18564 49096
9925 10844
36900 60023
25652 99157
16576 98312
47729 70621
31886 75659
70171 74960
19633 33513
48726 96851
2858 47010
53247 79728
7138 26729
35895 49374
1709 60002
19403 54258
57140 84776
88203 89760
18035 57541
16189 59264
2140 10138
38948 84033
15605 72723
3292 46906
28121 44620
4286 7136
32163 58800
36344 86520
27306 67409
80554 84642
33896 70793
16548 68648
11187 86080
10159 12370
37122 54421
16183 71476
46228 52496
25970 85096
46715 84111
1047 32100
46900 61734
77120 92475
29910 81747
19438 44955
49668 90441
8971 15482
82518 89179
20071 85689
2299 48545
93123 98092
46575 87524
28803 46823
24343 60468
35151 54305
9316 98404
9638 81943
55648 56077
59618 80231
10524 42935
25411 45148
65758 69131
45574 73915
47115 92076
3838 98034
6001 21921
55388 76971
8000 69756
17637 94536
857 54360
77781 88478
26368 67871
4226 17273
52046 57356
19088 68200
22131 25081
27026 87682
35719 55342
1739 78233
16281 30297
3992 71205
78947 99397
67279 97508
92593 99535
71515 99674
44158 96806
14666 53618
7622 15345
35530 95637
73631 97310
61888 64071
26664 61061
10819 60932
5856 89378
41702 59386
47415 79410
49979 91703
31272 44022
36107 85524
28341 63960
18681 25727
56791 64056
69718 87789
47470 68111
66363 88587
44525 45565
4960 15927
33006 64537
19664 51016
59539 91376
18341 38211
33873 45680
55826 82440
10794 35710
9217 95060
30733 65726
14060 68695
48057 93788
10773 53573
46305 69179
28975 75981
70366 96211
38908 75072
15174 78275
11540 13129
80784 88507
39398 58734
57188 63404
8564 98006
13989 20873
7815 13541
54478 63028
68473 70962
42264 74218
55024 79942
1274 81423
23402 71164
25076 55734
2254 3925
12548 51322
17203 57051
737 45521
33306 83651
17130 33663
12595 85845
13164 95333
31304 92060
9508 56819
39322 87938
18734 30914
40365 50512
70806 83769
13553 92969
6184 75214
61338 66594
59286 60033
137 79714
27309 41832
18158 47459
57611 92586
21810 43831
1885 29844
43060 63539
26211 56099
25261 99579
5577 86585
72550 86838
36611 54629
46620 50857
32291 66965
8529 99285
39132 98902
21378 65246
39073 72777
61374 63324
40245 99805
11829 87033
76508 97165
21129 28657
24470 26001
45859 88669
14475 43514
18389 67807
3033 67120
77894 94780
31907 75089
27856 47237
6458 96727
68268 88583
3969 66373
51097 94425
54490 55553
30935 89891
60639 90004
12183 30295
47304 65531
26766 66630
32047 41573
26060 64089
7030 86888
77261 99241
11048 66196
32001 94997
21349 21435
37063 88947
84845 95038
57364 60290
6064 70372
33911 89949
18185 18556
2535 66735
12594 49795
26536 59200
29305 59355
84541 94843
19569 58707
16234 69378
7683 94179
72017 98301
3723 70684
16131 55567
50128 50420
41190 57868
14745 37278
81431 82842
12204 70800
43779 68818
32623 90913
31653 97826
67929 92376
41914 57354
27740 30230
1319 98409
27791 50445
55005 84514
9687 91682
55478 94037
48363 98283
50609 96034
1179 28108
50543 57550
36127 79767
65364 72331
62702 90605
6294 73797
83967 96198
23522 39872
34299 35086
14414 53170
11500 37774
16372 69830
9383 72267
67521 87465
69851 72565
29738 83692
32772 39475
4775 56988
58382 72178
18017 43342
92299 99678
5771 85950
1017 92046
9083 21258
49241 88701
22548 57966
17406 39597
78699 96879
8656 27782
44073 67941
37165 80618
14882 33621
10782 13569
51740 76813
59097 64649
37069 68691
62575 96432
8648 17755
41193 73914
77081 78766
28343 70011
79013 85431
33645 36500
14085 45640
18577 51114
60084 77817
81148 85734
44801 62216
13602 21351
22289 24227
55919 86002
4901 67434
4609 82025
50334 91811
45292 71379
52925 76025
14032 39385
16781 32043
65558 98263
20445 34696
2884 56512
9859 66222
26299 86081
20975 85585
50877 54888
5937 51342
41413 56210
58349 78212
26006 71514
23561 26343
69649 70446
57689 88638
40385 81633
65626 84436
4858 23772
27213 49438
3708 37930
74457 96326
82126 87864
23338 65904
38821 49725
19281 56144
58208 72597
90498 93231
16879 83922
3299 95000
24510 67200
8809 47636
24873 66631
16371 18817
74377 82844
26167 86525
62115 87199
33365 84202
54528 58471
65284 79179
51295 59242
50938 78561
45700 61917
45040 48385
12314 35585
83958 98241
48286 74957
19627 23488
36875 62739
28959 48386
3918 61228
11887 88150
35571 93513
7348 81039
64680 70615
13852 44467
88565 92249
42211 51579
47604 47920
52502 79324
20469 96227
34501 53785
2434 15641
7245 54538
17573 18278
5188 6796
8600 57066
75428 87663
20980 25293
1368 38393
73148 95492
6996 11159
2651 2864
18087 21749
17639 34223
7853 29279
92489 97713
17876 75730
28402 79241
18136 62771
3510 18380
75649 96524
75216 93380
77517 95266
32596 34820
54809 87800
12854 86502
6424 79841
13785 38782
29963 43170
75729 79912
2578 82183
23523 73601
30788 51629
6251 81731
18919 73530
35490 40255
17884 77683
31103 72220
69467 89124
87713 87867
53782 59936
38116 95593
28065 58220
55058 55252
80092 94902
5029 5792
73146 76139
26946 83342
42568 88560
26759 74226
71243 90640
20891 34656
82770 88748
58458 82766
71636 94665
59609 60796
46356 87829
85134 93347
41792 90887
42268 78818
30127 86140
30059 83771
7087 48926
39738 71504
2337 8671
49936 96755
14360 56062
35807 80013
46888 80050
28521 55627
32484 77015
30037 76192
62348 93824
17251 79551
3202 61898
11741 19577
19223 40398
208 49352
5596 18791
23400 47659
3104 85304
93934 98273
40268 79450
15015 46134
9213 21495
81988 94640
36114 52334
43267 77140
73042 84247
38933 78764
39307 81469
26367 28465
46439 93448
5628 86818
20697 40339
17248 80397
15104 99079
40326 55813
17938 19669
46981 69378
16511 78930
26683 64626
28718 62797
21862 63365
9535 79779
36727 44243
42693 77919
62027 83489
16299 91984
12037 99917
49420 84898
86496 91652
70670 96504
36579 88379
54429 60626
77462 77907
449 73549
45355 64829
79728 97037
39982 84102
19939 48558
59611 63644
44075 87536
23891 77881
67309 81079
898 99327
6395 48590
11071 61323
12105 80071
27817 42640
15196 85281
29301 77161
44364 51768
8940 53488
18232 40516
21092 97820
10476 77160
10360 45998
50458 77922
46828 85747
4444 71890
21987 46633
66637 70730
7917 73852
58892 87110
62277 96864
32789 56903
10641 74167
20797 74776
53954 89463
6119 37535
7454 89929
28352 55467
23914 88626
55633 96975
73925 78035
9305 89793
963 65779
24630 56717
57 92550
35607 89949
11905 73485
33856 95022
46188 63175
1659 11046
18869 96021
8267 34986
78159 78429
12789 75659
65151 70915
16433 78516
45947 58175
54252 77011
2134 97569
38645 44310
48036 85617
475 52190
19446 63659
43798 54224
5243 34319
30995 83434
20112 33751
19776 57040
57640 99228
50128 84148
26866 78799
65311 66610
51498 90891
78675 90883
241 87674
60995 65489
644 7530
51795 81003
20232 46223
3519 60953
36667 66407
61646 73523
37386 62546
19240 60666
13893 60145
34262 87404
21552 22403
3699 55832
4412 26723
7381 16602
28282 62136
36382 42626
4722 96697
45634 80576
32388 63899
45631 96406
88314 92379
62561 91891
7208 89802
8495 38545
35470 48976
54952 71097
34230 59123
2286 15992
81817 93443
73502 85610
25951 73729
56846 86470
35401 36507
14351 63878
11319 85270
29683 76904
72148 93151
2870 79486
43178 85281
79098 99255
28372 45509
53983 69571
8804 30063
41533 49679
8969 43921
55645 64124
10971 71439
3908 53159
29006 81290
501 24232
33387 66399
1783 95752
4391 98586
44814 63950
72276 81423
31537 77192
66250 90483
3487 24579
3108 61113
53099 93803
9717 23392
918 94708
53170 60503
46068 76717
10476 42329
73235 87127
37364 93719
8169 90477
23406 72388
962 99116
25870 76696
16206 24944
48594 59236
16373 87849
32313 41177
8334 99370
53667 80424
73927 75798
38840 63089
44915 52900
25628 44265
80461 97795
37065 64254
61368 80345
18673 31705
70841 90592
38245 89890
49416 61515
80296 97431
6740 66085
55743 63122
6203 64607
7000 95735
32586 65844
92978 97765
29716 95793
77043 81384
55443 73257
42381 58962
9820 14636
49786 65747
1263 32298
859 84411
1698 34824
51174 80833
35559 56310
17442 23267
61219 80057
67449 72638
41377 42993
26042 26795
577 45877
75584 89927
34320 56769
32054 38724
66767 77585
32008 88362
19260 33059
47452 75429
11076 26892
14042 94939
12420 17490
21626 41695
14966 76996
3872 13555
37898 93047
53948 54477
9460 86326
75812 85104
21536 96446
1029 90163
44666 75943
30956 52461
26342 70883
21624 93709
32258 37290
3198 34528
83184 99732
4527 91981
91440 97788
42479 71690
42960 59107
28066 95710
26987 58048
24595 46618
21967 53820
43751 74375
57867 72133
21021 28275
28233 90539
13435 80972
67506 96756
33857 35702
26675 57691
6092 45666
411 79511
88794 91391
72376 99865
36231 93667
7689 94205
24173 35643
66349 73634
51331 67672
23729 24808
14394 67348
2165 18225
32311 96435
22294 69859
17167 94695
55534 85466
11597 90372
14570 87406
2102 9461
40417 90304
38006 54138
66004 88322
1361 38163
27376 35872
69731 78701
79717 93990
8266 57808
56502 78416
28064 68653
67178 83539
12055 47600
62145 90518
52919 73245
19115 28142
30597 43985
19256 89084
18831 49638
47050 50833
37907 60868
36541 77711
14380 22285
43935 78732
3279 64035
17885 48767
78694 89027
61209 92088
5899 35192
27710 78829
51144 65459
14594 42851
67398 86415
3666 79890
62090 88101
45982 76820
23146 25688
82233 87858
14464 29014
10798 32900
61300 69604
64308 85741
18285 37696
22316 91224
22178 83604
9018 95029
62762 97772
1691 30420
80165 96029
24631 90917
56794 87412
12456 51259
8569 30189
11490 77643
14334 80797
43537 51007
30701 95933
4365 27136
257 74016
16014 97980
16395 85865
56541 71660
19676 56441
86942 94904
50738 62087
24215 37492
13507 42588
71553 89199
39915 72169
22382 35518
66529 78787
50553 55422
58236 69743
7598 93509
23109 76058
28270 92124
7223 80286
31909 82580
68181 98726
69195 88382
50448 53594
4491 50451
53107 90498
65941 90569
66046 87697
43346 73253
78361 93509
2713 41307
17370 54418
33103 94576
6678 48929
2509 50968
32539 96237
16037 64954
9400 80049
43528 54089
17774 67984
3359 25168
34726 71540
21514 60399
42526 77741
1724 78698
10231 93148
48693 55862
24112 29407
1911 96961
60711 79071
83317 98395
31101 85164
4131 95868
64905 77392
36389 59382
37191 79698
61002 85698
17848 42076
9263 10282
25235 41783
55656 57457
79697 85538
19605 61363
1070 62396
50764 83490
26612 84442
70482 97385
57163 87885
33365 73250
66625 73785
15209 72679
45931 74692
36916 77114
73737 80712
898 20667
9413 14811
19720 99311
33496 54332
47648 69510
28828 61739
52683 83059
24821 37537
70144 85140
21085 65536
81040 93184
888 49706
12035 53696
15123 46591
52829 99018
37404 60672
34069 74766
41345 90718
76165 84633
5544 39659
31035 32584
18289 24134
45483 97063
47172 49611
54894 58629
3192 46811
20950 32744
69519 83966
11211 79970
11029 88903
27706 47973
50043 69962
66194 67531
30650 44763
45497 67145
20007 67752
44457 52088
10705 78739
3774 54641
49267 57069
933 70574
49846 65112
10301 30503
43213 74979
57166 60884
48610 70700
2607 78973
5217 73253
39104 65827
19321 66309
46390 64481
43233 57459
79293 92154
41283 96666
25629 97911
98986 99554
78411 97807
33494 82920
4473 7527
87251 94737
22340 42169
22210 90245
19348 28312
5725 30296
15950 67332
5408 18363
79011 84868
16293 37180
80233 81849
14868 32359
18115 88979
43832 64496
40379 87862
52093 63549
25302 61737
4721 87257
44629 93567
92279 97807
37481 54068
14852 61047
61788 79584
70382 82904
67382 98193
1934 27858
49694 57345
79332 85921
39401 81395
26410 51929
74215 89925
6289 56739
37010 45837
40993 99138
56532 98667
2415 59892
14785 56117
819 16697
61848 85089
4499 47408
13174 90294
35012 69163
20200 99180
47238 48915
5964 63620
53768 85348
16352 42891
39162 72182
26125 41431
50061 99114
15382 83702
49360 95465
18232 57943
36760 66869
13518 96793
46658 97864
21575 95325
20733 95286
612 23526
44436 64404
80623 90609
13899 37706
74925 87674
83180 90100
9099 16884
57093 81626
24244 51610
25347 47916
14590 80365
33997 67115
49701 71260
27205 99403
71463 93647
58951 88545
20846 45875
7704 70517
20147 40819
46899 73803
13926 83320
2273 41606
28563 81207
21168 40058
36307 54742
23973 73776
24322 55304
30389 57286
12620 27222
53646 71796
14202 37428
24610 75617
10996 50662
9646 80578
31711 66460
7170 91212
34205 38832
18606 87368
47156 54236
33046 48223
23153 28589
66635 74894
12623 19402
65907 82833
36111 46212
1200 54829
33770 41067
65995 92628
75567 79429
52399 61371
40839 86832
41721 47135
4181 14172
41294 44452
5 97868
47190 56241
55442 65358
3786 78104
1562 76505
20959 23750
54732 98544
13810 33157
11691 52763
18131 28161
79590 99572
30070 50315
52956 75646
87292 98533
1359 21551
15779 88971
44383 65897
50297 97124
25414 74627
2519 31959
13535 76602
17144 29163
19060 66509
39147 98128
63498 67704
61661 71097
27428 95323
76850 78129
2119 39929
6959 15009
97810 99868
30407 54661
11802 49580
58306 91933
35461 77988
71987 94871
10802 56655
68723 68920
58156 69600
17077 53824
32790 34733
9370 26400
1756 60619
24440 39439
6153 19650
12859 92087
9997 10972
26543 97268
74255 87135
3268 98873
45817 88162
6874 59450
28575 74065
76691 99497
13662 28678
1421 10603
2686 28320
39555 88612
25828 30387
6630 81012
44498 71267
2148 52924
31429 66488
28159 55494
23532 46823
29150 54675
23698 86858
46684 56524
13912 84230
57604 66000
84565 93085
39036 75516
44300 54776
90354 94386
73240 89544
33357 95852
18427 58942
901 64912
44476 53703
9825 60867
19803 97914
28479 99036
36001 67758
46377 55913
42971 52157
7649 26453
13817 77123
62437 72585
13718 96915
14119 77526
9986 94385
59120 87650
51899 89565
34529 68797
34981 42328
50603 99888
47923 57419
17175 95285
63427 64660
41898 99395
40697 82059
29065 75514
2496 92704
22230 79716
23634 58175
12679 49841
38629 67191
17847 19344
11383 80653
49261 94003
24859 96004
58019 59957
25630 62410
36467 52686
18214 20229
8982 36687
58712 81920
56807 92212
17004 45715
47742 61218
8659 22904
1307 4422
15871 30031
4094 18002
37819 38640
23318 63174
1875 43102
12446 40060
55807 94594
41084 95693
42533 75276
34550 63377
13076 21538
18624 48875
10671 45074
48682 89584
18814 79957
63864 73387
33096 87691
76148 97139
37168 51177
47839 92041
818 4706
71588 99087
2164 3517
26726 94785
42720 92393
50768 90883
2692 27469
58765 97649
532 13435
3 93053
7344 93853
27364 28869
6087 45072
18100 62405
49873 70961
62083 75891
7579 8621
18611 97700
88725 95104
13199 68150
10416 39160
62839 73449
36040 55039
50653 83615
48917 85279
7249 85761
82668 90903
3260 5948
73909 92246
60339 97385
51452 98221
25679 94846
30458 32372
68689 75172
85424 97990
25400 52715
16502 45782
54628 97722
45332 84066
93201 99845
27836 87166
70751 96506
36688 69755
1764 41440
6500 93199
64176 75860
26195 39677
31552 46448
40162 88179
785 3552
19257 96932
55333 95386
21572 62770
10786 43137
17359 17625
80071 99494
42096 85073
12407 69122
42013 77626
62216 90219
34459 46721
54584 65435
5186 77227
18129 94757
6319 69662
27832 87929
1474 59342
39741 80079
66789 74206
29651 38973
12815 48652
95931 99653
43337 86115
16182 27016
12534 77195
32221 45296
54237 86609
38650 78414
55319 93625
65734 97676
56934 73455
77593 87510
2757 72743
8746 61197
47673 98186
16196 24484
6949 16695
10658 32063
51185 91640
14214 79724
103 53929
51432 62626
52262 70617
23174 40946
87514 93454
39905 69831
4088 89696
10576 81067
29868 43341
65610 77691
21606 45959
20738 91434
58341 63966
9058 64740
85281 95415
865 56137
35276 68975
18212 72559
696 2101
32328 82501
37201 65755
10038 89329
69019 69868
34332 81683
1955 36406
5624 16129
36063 89989
7068 89377
23406 41380
44969 60510
44575 57672
18135 96627
74487 80282
41075 84055
43994 55646
24415 92115
44220 53518
61252 97015
49335 93832
5339 78675
37921 68626
37380 94478
55876 56217
35418 42191
27250 41202
64387 76929
38699 70127
22843 98865
27784 51769
51328 81806
10966 27267
4161 34185
76783 79279
81221 86385
18650 20891
15473 59680
7948 34700
16295 90132
47985 50210
4684 29791
32304 81421
27392 50365
31321 33203
19052 81920
8134 77655
76255 91713
3195 52613
17498 35923
11850 33478
10545 21086
16132 57408
5294 83728
14366 60381
10049 77707
23912 51695
18408 27559
45139 93043
19043 19418
13597 95756
12153 96792
50382 75143
29273 96427
19955 93830
83310 91759
5453 88089
82143 87910
40697 86643
4792 92734
36226 87847
25280 99912
29510 68762
8679 80535
75715 92970
62563 98382
39250 45782
19157 58288
2984 40509
6527 84345
30374 69194
71181 73736
32868 75581
29698 69168
2294 65241
66770 90981
15472 22132
5506 48095
3996 37186
4903 69775
17805 27067
2721 37822
574 86376
15357 44826
33743 39523
5905 83959
57781 61025
6516 94583
48400 91442
84935 93386
12822 30393
48178 60130
3434 61446
21863 42409
55345 84138
7587 39396
1109 38241
40128 70886
49019 77208
68928 98114
37500 65884
5570 82990
5811 76289
21223 27494
26307 54980
50473 99479
21774 40049
55402 83085
6693 10391
25338 34600
49974 78235
9640 42746
2213 33092
10890 73751
30001 75811
6512 95595
15193 82078
588 57875
48805 76524
8031 73269
27284 95001
20703 57961
45632 95005
34871 44857
22804 52716
16161 78333
64798 67689
31964 47543
42179 60004
47016 79026
48369 74847
52342 74816
15396 21227
35486 65387
13036 72250
87868 94466
65367 92155
65605 86041
66791 84313
36741 43325
55746 71070
31291 48340
91999 95823
5378 56258
2143 4974
8629 52355
28261 53373
23894 23995
18344 42513
36083 77971
24321 89294
80385 99932
42463 84643
46894 88363
27053 77598
66812 98208
13457 94521
5279 14565
60475 91999
40219 75407
6056 51482
40742 51220
4312 66269
22712 59256
27608 30724
23045 50060
53690 87134
53550 88330
21211 81035
4634 78324
20850 31143
66597 91019
52886 91576
32887 56590
86716 90062
45369 47610
20866 56128
82368 90945
33395 44230
10241 15170
89895 96754
31571 89693
30859 37558
66238 99632
39561 63085
71303 80767
30155 50184
16404 59955
56914 93652
37731 47218
57559 59720
55226 61490
25816 78735
6584 68270
44667 62869
39220 41110
46454 93093
71857 94909
32380 49538
55444 87290
50023 56899
32405 98723
13151 57035
26301 60678
75616 85077
63698 70444
28546 72244
6747 31355
25504 81755
3894 33839
22736 62067
24766 65624
29427 93917
47622 81913
47602 84449
15003 72755
44847 75704
67516 79936
19020 66220
61019 67620
61835 63463
40426 95592
45244 55732
31758 47587
16049 94041
65716 90342
36690 90937
17184 20156
41975 98465
60948 88626
75125 80236
52452 69889
21981 58835
49313 76506
76993 92652
58749 70708
75747 76021
3667 7332
18589 69751
49225 79130
18847 27563
32571 82186
15888 32176
62846 63394
16914 63438
84604 88101
12755 75771
50278 58528
70603 76309
4032 40682
28277 74582
59528 95221
29835 58153
43432 80023
5121 95320
38280 42596
24977 83838
35234 99841
11604 19413
22125 71670
23256 75771
54279 82124
44081 69565
42890 92864
10106 41072
96917 97371
34073 67209
47714 73773
14286 22135
28877 98410
39591 47160
28313 70437
32946 44984
30955 61191
32023 47324
43151 82671
3498 91384
7581 57252
52323 87195
31902 32177
32242 66803
41271 61034
7155 11456
21867 94852
23749 43840
1239 61550
14348 14444
16588 79832
14603 89467
16145 20624
43783 52921
916 6452
1288 93077
58585 88974
38387 43406
81228 85317
35060 69872
71219 89062
42395 66488
25695 93924
28551 38093
9228 65964
19022 31640
19355 61806
14113 88797
17384 55625
40270 45347
57623 99291
32200 83754
34370 70118
10731 31630
15861 97306
6452 45737
24398 84103
10266 89101
21802 52490
7545 43203
29167 98325
41100 78111
34748 81931
15544 88360
15539 66417
63538 74050
28175 43953
3283 65611
29280 75519
7704 56827
1992 4453
32641 50457
8281 79277
76279 96072
6888 93608
32137 99504
14030 17380
34661 79402
24333 50671
45496 59403
32133 47516
2826 97584
45459 60274
49253 63590
70889 71962
27560 34169
34770 56308
24269 70839
73439 85871
12966 88163
7668 53140
32627 84234
31418 92203
11063 23707
18902 25120
32751 72493
72680 98727
21116 51405
7742 40376
13519 58101
73271 97752
9741 75135
40660 98631
15144 63115
49527 76683
16828 97203
23544 52091
46462 76393
54131 82987
19361 85573
9892 33840
64950 78074
23317 82342
78488 81072
972 76148
45902 59946
59418 76378
62988 80081
77234 83676
13128 40214
54549 97281
18552 92883
84696 94734
81786 83881
46787 78206
23327 86744
18456 61143
32817 58882
23293 61129
26778 81546
92014 92037
47537 94240
9187 15371
88009 99753
5159 55417
31504 41351
70175 72245
10334 73657
34568 77777
7003 33576
41024 88966
7418 54829
15093 52179
23456 49786
39071 88871
65778 75461
22536 69462
17997 59129
66197 96082
32901 66720
50009 76848
56252 84669
37766 58785
1036 90197
4402 68137
5714 85576
55262 85767
15632 44555
19896 41607
7322 48193
57714 96196
52162 98048
32166 50952
8470 25870
53915 56987
28208 88408
10334 42038
62884 68462
86554 91388
1746 48320
356 57924
11105 60042
27351 66567
63030 79539
40180 86069
20498 34059
83503 97380
2463 75723
25864 42005
30239 88395
45622 71049
4110 72818
3593 58118
17376 36350
75444 85281
28271 99694
50735 58275
81386 95423
22985 84472
84680 94757
29642 43601
95485 99615
64497 81684
35438 35908
9475 72579
73033 93883
1280 40275
3871 10514
12759 92892
518 11098
38897 55007
46048 65299
8796 51962
76621 91857
37994 97810
11882 49544
67244 96862
9254 16863
29309 72286
34352 78124
55145 84184
12908 65398
20104 85014
27519 96045
63941 94293
36388 98502
22805 52394
36117 59306
35769 67569
35761 50250
1422 20118
51847 91577
18250 94968
35841 41739
48959 77584
640 86522
74184 79184
5236 23893
29364 48905
18585 52714
60294 87321
16495 26162
46031 48835
55937 68248
7505 14834
76307 86687
10177 22133
45807 70736
4152 7123
13276 61971
74258 84713
27580 68732
67888 84448
4151 79548
4932 68656
66352 70213
15606 61077
46378 74774
6488 40908
31247 57368
26131 27534
47179 93051
48285 76013
45094 72293
11933 91798
8663 56346
9764 11081
68203 71969
16577 66473
2515 17616
76814 76885
482 75510
51676 76455
84914 88109
12573 35840
7623 62348
40442 93036
3899 18241
1631 1693
52412 91161
79939 91157
58819 60496
28885 88833
4209 4999
60319 70923
31918 45395
34609 74489
18232 46258
15516 54062
68346 80833
82660 98974
17187 27302
37398 94814
23446 54484
25818 52601
85833 96287
19889 63194
11723 34380
85581 99565
59654 75382
65167 96478
34232 43325
16430 63039
91392 91813
35979 38642
69434 84647
35324 65989
57632 86611
23218 44521
28475 54153
13264 92752
33722 95078
22364 61871
3622 6086
5407 33769
25529 72691
21902 94792
72284 81028
13760 43593
23752 94102
5207 60581
1437 30378
3107 10366
13794 63107
13821 38857
17067 89094
20481 54472
60824 94563
30164 83360
9998 87446
95116 95950
142 4436
60451 99769
45167 95174
62313 88527
64046 75846
31081 61354
36773 73657
6189 64630
7596 13100
80305 91689
32283 51079
12236 50867
44394 68740
10626 68011
53057 54768
49219 49926
9097 26013
23628 38279
49212 79956
73916 90300
43604 50353
6775 33355
61493 90526
11763 92035
77704 77785
25267 48260
15331 32020
33473 64686
21479 53134
75468 90450
4021 27898
65832 71609
36054 36060
86833 87347
42807 54005
14326 20398
29376 86803
47239 67220
24831 60653
30553 84245
53976 96514
58151 89186
17343 38318
47604 97789
49982 65943
35979 90727
63206 71201
4473 76720
11186 99331
57209 90330
43263 59675
24429 85396
26352 27440
75508 82595
1536 72420
5135 15920
21153 29273
41930 94882
43996 83601
45707 86938
91419 99589
70447 82840
74378 89894
7538 93220
34420 62071
60331 85914
38755 71464
38258 49116
39184 80261
6976 51900
21792 31934
90643 94896
53546 98272
4250 55119
17277 59035
4493 37701
34568 41643
66982 95984
52531 77587
7555 82073
15349 62694
8816 48675
15056 89577
52279 86168
29814 51462
77523 95510
13747 54048
65153 87532
5421 14130
34886 84998
45438 83937
32442 69824
83774 87521
71316 95250
8066 69310
13232 21761
41907 83515
1985 12109
56594 95047
21887 25744
69054 90584
52121 60449
40060 95475
57788 63501
14071 53920
31383 67308
43891 59217
27609 45418
28004 80195
25999 39831
28456 70916
96883 97437
57901 81789
53259 82159
27475 33226
582 67413
53227 97486
13875 69079
88341 96693
13518 31095
64345 92356
43556 53271
24100 45805
49613 76911
59836 80342
26359 47119
93498 93794
32455 81660
7013 26098
2911 24219
63927 98777
74131 83062
65442 88844
18813 26416
20490 63181
90795 95220
18403 27139
67202 83698
48746 74953
34386 96835
54213 85294
49349 61888
16489 26004
2292 7769
70021 74377
37987 42194
70903 84670
22441 95852
54283 61114
35441 45496
27635 62316
11431 25285
7554 10256
73203 87797
45348 97848
23556 77964
11037 82689
78583 99096
10123 41833
25294 52390
49693 74153
3452 52342
16998 41044
46020 71954
48564 65340
14613 53302
45962 96616
28111 83548
27524 28525
45830 77185
6891 8959
3542 84734
13424 88338
39819 81391
21044 83597
43712 58997
38733 90145
61701 72741
26341 87744
42095 80862
40219 43457
31621 94521
27996 54941
53306 82739
730 24925
26676 89389
38864 46895
84788 96865
2891 40637
45142 79048
20073 55699
19218 59625
34587 82802
16672 35924
323 3372
67724 92115
5397 88793
12145 57097
33528 74442
49252 62765
11194 44429
71857 87168
28591 35117
36924 37022
8695 51940
33853 48242
17760 43416
11228 11720
86437 90365
10537 20846
7652 61686
59797 87989
40017 79273
33984 63440
29217 62745
19862 36205
8803 16738
22118 32432
67441 90492
8780 79294
49846 92237
75511 95459
17093 99755
22671 81066
11773 69180
31885 53131
53239 77483
1299 58603
20158 20963
83121 87186
5101 71260
70113 79785
7723 12259
39163 68423
3256 88813
37207 93288
34004 39914
24984 49068
43750 63426
12665 64638
16725 96325
85462 91568
5893 46798
19216 49316
56117 98995
610 32152
94695 95643
7480 41611
11181 71531
32114 51015
34666 53969
26728 71998
8019 96189
27541 43652
66646 91138
1009 13997
21286 86071
56916 67903
17674 76315
24658 70160
12221 92145
34269 97441
14171 30433
21619 42395
42015 87708
56933 68270
14126 21386
23377 67838
59405 81777
10183 51574
15825 61235
8608 53109
8750 73102
8586 66715
52850 76063
1077 28367
51849 54762
40709 76425
20312 45882
68621 99876
36847 65663
37900 40655
70119 75346
11005 54566
57538 96592
68813 70937
12577 29951
15798 90030
16439 57091
9845 34749
34024 55202
45053 90540
73375 81966
42592 71383
66566 84526
12269 55809
24016 88454
47394 60675
20887 98843
26059 81520
9619 88671
36823 54160
48611 91220
49772 76453
13605 14785
61194 92742
66230 80514
35578 40479
8168 16471
4329 69928
50080 77369
17098 93016
46635 71747
41526 71761
40063 70065
2295 3962
81336 93312
57156 79873
6069 67475
3102 25588
40647 90584
46567 47303
2906 46328
4450 16007
19140 79090
58919 85635
27480 84023
7639 21796
12582 53644
15674 28458
11220 94940
21683 50941
10759 72593
6868 34320
46600 51967
49139 93809
26480 45885
22381 82989
66709 78899
35584 71090
3575 97210
44584 79172
67399 93349
83308 97559
30651 58400
4580 74769
1892 49498
31343 88507
30225 96426
32410 41872
75589 77580
10264 49071
38577 43929
26365 40786
18676 29844
29341 91659
578 52815
3903 13147
28670 93771
17060 91537
72616 76837
35169 72941
19126 81833
49480 89375
15508 23610
42747 48632
30943 90798
22192 49776
9326 20683
97244 98703
10312 19940
4840 9225
12712 64133
33356 66730
16345 68050
21943 74192
85132 85314
38639 77134
671 69982
69844 97556
10698 42794
3072 62832
5465 8244
78063 92497
61329 72297
2977 20414
6463 81014
10060 79809
58394 64942
58224 63419
60555 93974
14304 47083
7627 50933
46492 84453
6446 95909
38118 92289
4428 98836
81774 90939
51359 63356
15185 26803
17681 35069
35391 89541
90443 96784
10151 12569
4390 49835
11505 82890
42239 92731
24978 81648
9573 30747
4 2156
751 97930
22550 77478
57310 58632
20956 85564
11324 24153
57491 89355
58057 63481
20598 29536
17348 73403
4733 44638
1438 80562
5831 61736
67890 80320
68348 76774
56053 58345
7728 88621
55874 76954
1611 24965
40943 99669
20219 20229
819 67182
21810 74873
36301 72039
47464 66334
72676 74220
5264 19743
50812 92465
18079 25859
53194 85874
5866 44938
45623 67496
1288 92708
11243 82019
40339 82856
34331 84500
8694 36566
75743 92129
66409 77816
43714 76137
57446 94663
13572 93582
20647 45257
26132 73568
59473 70591
828 82015
5054 52661
20960 76061
41011 69432
31437 57541
62427 89553
67813 97786
14060 79105
15924 26347
42769 89332
6491 76399
78254 98715
59892 61042
9770 61892
25623 72641
32261 76602
43045 85034
2589 34699
56086 95141
21701 57384
49983 67771
89093 96144
16534 33090
44022 85775
19611 27831
41209 41303
44813 94349
43387 80601
18291 53493
30907 69958
30177 36707
3108 53937
36691 89857
44520 54997
63242 80355
34632 89765
57391 88408
18779 92314
26308 37625
89224 99395
10095 91904
58262 95117
9026 62827
48138 92167
17508 59140
577 56120
33331 33999
59345 62941
37247 54462
24864 65603
12212 48650
11936 16385
25789 36528
26433 97236
918 43077
67167 76419
88555 97012
24266 35773
33541 54475
32683 74870
11344 41860
59939 72420
10638 67676
13525 86843
19220 40058
26895 28872
5782 69972
8938 44609
7269 87781
67249 68915
55723 68055
60641 74758
57957 59935
3313 47926
32960 43052
5620 76778
7586 56540
66055 78782
12163 16113
80545 85194
42717 83525
35963 64522
28649 82264
57021 59279
28098 60712
37584 49317
34919 74814
13376 51740
52863 61768
34708 61507
7232 74262
24986 33141
36195 72907
537 12875
395 87399
13851 28331
37392 47441
68958 87281
13294 73224
84279 97454
71728 84247
30149 43040
53235 89174
76237 76619
4457 21856
12570 79800
4474 52855
52490 86187
5473 10425
30650 83976
51767 64334
16055 44400
71499 74547
25407 42695
398 79304
49536 62414
73074 73454
7221 80372
59049 74009
19609 23777
64233 76153
36337 87024
58193 76751
7019 57496
9676 41240
42786 47783
1526 51562
74095 99589
16808 55341
14906 78089
25218 80121
70026 75582
73516 80625
87324 87808
4454 51680
29230 78160
52630 98454
39559 70170
65762 80758
3078 68599
43860 63392
8810 40702
57113 64483
5300 15459
18021 50995
36522 59095
26851 97666
64564 91546
8609 66487
4973 69384
11642 41441
58605 92395
47405 77733
22936 44719
32467 92195
50373 99735
3365 40071
55772 69463
63038 63820
9259 57160
10013 56805
1991 36708
250 77229
47093 63118
21860 39498
39201 91114
19581 99758
39930 79870
14148 88900
10930 21995
57099 69881
10425 68062
49017 56166
12957 52612
6717 13590
11706 39578
21128 73470
9134 62530
2148 6913
7299 12070
25395 70647
34920 66695
28578 87995
22217 28412
23442 52530
33779 57319
72664 83790
3835 60714
1990 68568
21635 57241
89395 89470
548 99147
17015 95260
1315 86968
22529 39555
23959 26092
53579 85119
7059 37109
18251 95016
20255 33052
45752 56398
29989 30398
67247 82391
56971 94239
70010 92747
7316 57923
7556 42499
35654 54456
53176 62615
9083 70781
39582 82145
11644 50730
14538 28718
55017 63107
86384 88312
19775 72335
38437 64380
31332 83909
54591 81921
21638 49341
57594 99003
36017 54023
3861 55714
24148 37444
40729 80389
3607 46215
7057 31113
74531 79674
61744 96842
56353 57178
12031 66390
56973 58823
15127 38149
33256 83585
12828 36440
1603 34955
45146 49435
25904 46388
25450 43101
71246 91649
17032 62784
29705 31162
4735 80747
3842 19210
17087 18958
4093 31846
96366 97907
1719 72928
41573 58468
78421 84811
1242 77461
43664 52019
21273 35154
75198 79755
30447 76005
3741 66876
33734 57009
29831 51223
30269 82398
35049 53042
37003 86335
34964 67401
8891 67452
22476 83658
4520 90280
72890 83077
44041 92144
27264 32814
34530 61464
55638 83960
42402 77723
4529 77605
36611 43246
2753 19421
50151 64202
34200 72394
10752 60870
49300 77111
6029 27153
17121 43258
18273 22603
9073 42968
22386 88444
50765 97036
11979 65528
14926 89980
49390 95834
78924 88684
6863 97671
31539 89532
45672 71652
45706 83632
38513 47295
16102 66389
12999 97675
10207 59986
37860 39988
50123 79993
26557 44851
6519 60305
74342 90595
80501 85858
596 62967
96979 99488
14005 97803
43238 79705
2197 19449
1265 81407
34876 98322
35283 79293
32306 71645
83724 95206
29149 95018
61321 69054
19269 50178
22355 43261
38912 45876
74154 91207
14926 72156
3742 82213
17394 80546
44324 77574
21091 23896
71658 84262
17796 20537
17743 72683
38243 45605
54570 93347
14978 65772
26353 42382
16873 59531
20120 63481
14930 80673
23650 79154
20718 78029
44396 53261
22318 64389
2388 93957
27014 37277
95660 97705
14767 45692
39283 51427
44939 47840
47340 71740
59961 66833
14776 25914
28109 75497
51630 91015
61350 94261
82775 92031
71211 95404
11236 79621
17103 85169
72959 73878
59222 90045
72888 94325
11855 75653
20816 49374
2218 86281
89982 94927
64649 83720
54920 82872
34864 75815
59805 63704
13982 68602
49640 65854
17568 37430
29888 52357
4682 79458
24484 33152
89410 96174
27314 55403
69635 76808
18437 20890
14624 50512
7492 48671
11909 97372
2535 87611
35287 38479
13485 69424
19725 45599
6811 93506
4049 78368
21545 71869
13874 72438
27121 50370
21736 38323
16901 73302
13097 28191
27821 97451
3167 60736
44983 96713
59011 87293
29158 45942
20166 60130
29078 50903
20733 84362
47147 68947
24329 80851
24013 46092
9042 36055
40560 98234
41173 49006
17259 58678
48096 82315
25587 79903
7696 80746
83005 92929
80605 98285
29088 62502
73535 91468
8601 47344
28855 95983
59970 63515
83890 84238
1133 18478
67573 83251
10082 43634
39404 92580
22555 99483
40239 99736
69527 76239
16366 97181
3262 62035
72544 80773
82192 86961
6420 70670
17170 61003
1003 68572
20767 69468
11075 44948
66098 92500
66696 72259
11662 42748
3958 89730
38767 70108
10644 84143
51041 70435
32406 67212
34111 88717
1039 80415
33318 78060
9842 48382
29353 50963
32497 40935
72578 93112
33388 87910
50179 84731
43910 57638
9332 50430
78276 95606
48403 68353
18625 44823
1215 25294
45110 85187
23636 44120
7249 91997
16966 37272
39085 62516
3358 44683
38025 90162
31446 63941
29040 32815
3194 10094
75025 91778
74110 91350
4944 70633
26854 33119
42208 78478
23766 43321
60820 76055
12996 81463
4619 13859
16717 24070
28891 49290
26395 80398
46151 86025
27695 84862
71961 97240
1345 16189
7509 91793
37583 55957
28852 89487
15438 78213
10399 32525
26794 29774
59922 83789
64999 65561
6013 60633
13317 51885
15688 73515
29874 53291
62107 76779
43251 78689
67638 89613
24752 94780
64630 70278
16009 23503
20538 22263
28062 64459
26081 65227
35090 49616
26934 34267
28229 32966
5887 80406
17878 26373
21115 57397
7757 74408
59949 93887
67143 81400
7480 11446
26951 70273
53645 67669
69567 82829
56909 93533
1863 42967
40810 52431
43525 99406
54897 68240
61612 62905
10852 31202
5795 84197
54910 65049
69260 94360
26969 63732
40680 85516
3849 68355
59557 97462
67642 86622
41747 77468
23234 72058
42575 52256
17060 75598
88362 90433
11511 55699
22121 73316
39012 53010
72450 89789
46612 61303
14599 51736
34368 40117
65404 98960
76254 92990
20541 87744
42978 51185
22672 60320
32522 62063
14559 45074
16779 82049
68196 82817
65843 89720
47712 54032
325 68835
88775 92421
29297 29435
17196 96926
53796 71621
78296 84010
50105 84788
29507 73343
40944 98429
15480 47514
6509 50907
14998 65762
50150 99821
4306 60334
72962 78084
43078 77321
9438 95043
60508 89247
79505 97646
38880 88546
20053 53778
27701 54114
11667 57827
8247 73421
13043 90036
19039 46859
13230 44957
1349 98114
34744 76468
69738 97626
55850 92602
14129 30947
75954 77858
47909 50633
44413 65844
15011 91518
43479 88161
77467 97200
9148 52017
5484 29460
11416 46866
29466 87196
22348 22433
75206 84515
18151 29185
90717 96639
70055 72517
29416 96726
39400 70899
50539 63302
39010 62214
21588 82279
8374 69609
38149 95792
11181 74040
25935 74809
38517 55481
62790 91869
39081 53774
5043 85991
44723 53832
18885 42058
14283 92832
79757 89084
33294 60372
73675 89076
3963 62842
73016 76273
58139 86537
72185 87603
33360 66222
11368 63271
50924 57364
22393 62206
41181 54455
19120 54389
52661 62773
30358 32179
29072 53953
60483 88286
15508 26443
6574 52835
413 13615
5703 15857
71309 73070
70514 92291
34164 71223
2621 45724
19644 23919
9984 92847
18456 73454
36822 73344
1571 70070
5439 54188
5865 93133
6476 7420
10648 73871
12359 21397
26554 92201
90031 92699
74197 76833
74679 93973
48475 54939
23695 32071
12471 45506
5549 35791
115 71201
12180 46348
61595 96051
9854 93125
42712 54121
25153 44395
9591 78064
43041 60263
30866 68052
47290 60854
12477 65455
37163 93860
29474 36376
21938 25594
44327 73816
47279 86460
66896 71233
20879 98900
19553 29069
21176 48947
96767 99696
12011 68715
5783 7927
6806 78258
26898 29418
41714 45405
4814 75781
2283 73178
29894 84067
3957 45639
67639 88401
29387 66400
19729 42958
61351 92293
80858 90040
12378 63792
20926 83696
61062 69224
9656 30807
42375 49020
44183 79164
67324 83764
11040 12367
47708 87494
44142 61368
30390 42277
28801 29511
32240 55151
42346 83270
14609 79201
45672 98095
753 53403
47938 95202
42048 62228
24708 54925
9880 92392
21907 62712
16495 71281
44616 52502
4321 58256
56734 96254
30779 38764
10863 15706
75829 83329
47700 72559
7992 26130
35632 94511
702 65921
37502 59606
7127 22008
11056 93028
59297 93747
16112 80917
59930 72067
14923 99344
55840 73451
36085 74429
39028 64684
21972 31887
28068 77460
2004 52600
35742 75732
23238 86931
25377 50954
12796 47367
14864 86352
6333 67020
66387 93760
13973 30275
47016 77696
23040 45588
14838 97830
16919 90577
50462 71932
48121 85492
15637 99498
2892 92920
3103 70142
15671 41009
22441 27109
61112 91346
49532 62932
12706 15362
1807 17261
54681 96553
62805 72242
66262 87868
23991 52576
37760 66700
52940 79225
18710 51546
36355 94615
20606 31042
5340 52774
15752 71457
70980 83707
2035 22232
54337 96360
55771 77146
83908 99787
67854 69294
40527 83694
55395 78912
30907 33750
40991 41104
29670 62239
65304 70661
34173 95246
16148 58367
12829 69762
36670 52386
39773 56989
36519 52068
45925 99591
8984 37236
540 61128
1780 8814
31476 86134
57938 79823
26075 59477
5060 47980
17811 48476
58730 77157
19231 98174
32052 85796
35439 48704
59442 62523
11774 22016
65421 67144
1677 94167
2703 50275
6137 33528
11596 71978
28700 63578
27194 49285
30796 91660
41993 86102
10781 62069
18255 66438
14611 81540
7557 24498
26963 49393
16427 78286
75660 80521
5426 14652
47278 97106
15784 37319
46 15580
40936 69632
12616 94599
34039 64425
55307 58576
66059 76573
41866 97539
12035 27118
41742 94602
13430 58632
57749 57767
17635 46091
89273 94659
39461 77259
5791 56879
27906 85080
9106 50301
30784 78100
33021 77276
24850 82307
34557 44310
5915 86979
11264 56535
23527 95908
631 18452
404 11365
76886 95095
56467 61917
33740 87172
23574 34117
3696 12959
12453 31066
14436 58984
50942 72230
21644 88298
5420 57037
30204 83509
11848 60936
46422 56632
10389 20163
73419 78836
34392 44006
4149 67888
43838 78468
25687 76080
19464 98712
39750 87671
1538 94192
2828 21073
27345 95347
39084 54377
6803 24447
58876 73538
10361 79527
34412 90320
37900 77023
51796 88064
46433 61078
12653 28759
42419 87177
26925 71213
23949 77016
60813 89687
82564 91219
20894 82474
16610 42666
59176 88985
53097 76774
58615 88431
59853 60790
46196 96743
16090 87016
25330 30114
2091 93800
61724 97967
51874 83435
25468 62782
62890 97139
57612 89717
37654 99098
26083 74507
41713 79521
2648 62911
9520 32497
1156 89489
12063 34753
84477 97904
30959 50081
28972 63261
34178 46538
47500 79715
41343 82480
31432 69096
28636 45221
52796 61701
52687 93377
13662 71103
89678 93238
26616 54739
53776 73880
52048 55435
73463 93156
20560 39014
50066 85890
14219 84410
33413 37517
18576 79137
19901 63088
35033 96054
5898 17355
5859 44529
32875 97583
5642 26936
2300 61298
33978 82654
53917 59835
8111 92732
61089 90743
12331 78377
67731 67791
19001 32049
83567 93896
24280 47423
87105 90648
43804 69436
8870 88239
47448 87687
53177 74650
44578 91340
18274 81330
29288 62755
32754 99304
23217 70579
28185 40222
17385 19038
18967 33437
49593 80858
49639 70708
58533 74519
15282 56247
17271 49239
54839 68753
17004 61157
86068 90169
18336 36979
9422 11602
47042 71608
5285 12363
17760 71919
27516 99095
51655 64392
10931 50775
94320 96042
13977 21682
5471 26957
39201 90172
46829 95917
32379 49436
14924 45158
11676 21520
48470 63389
13148 48368
8521 54007
34602 74808
63872 73423
14606 65775
19980 55779
19323 94648
16327 82886
8388 14469
70984 81962
41618 76725
47002 89230
16274 99239
24496 80006
34346 69354
58312 65452
63960 87933
7180 93304
3031 14526
14205 79522
71981 74578
15410 22939
6238 32289
54812 90147
54302 79043
48125 58137
46789 53216
24642 63965
5016 18571
18302 20166
57379 62624
26619 97414
23831 67895
44368 45359
27626 34695
40268 81750
70676 77593
48264 99526
54916 66415
7407 24783
19978 41842
39898 71449
13797 34667
22683 97509
23885 99756
79360 97460
22081 23520
8847 97737
22281 74353
2057 23232
25520 84673
47877 49624
26342 52403
3470 37303
4600 87290
64332 65592
29023 53177
48163 97592
51834 78670
2521 73243
34706 46217
33705 70840
9455 13086
84092 90033
66350 98464
32250 69937
43922 86754
54587 73084
49318 98433
16691 93635
34926 40027
48835 96860
78487 91533
33648 35598
52091 76506
288 59643
43194 86354
17123 29162
4301 43656
17898 28152
39571 75148
37761 71132
80376 80961
3961 5076
18851 91929
26203 42775
23333 53832
15466 98835
60277 90594
24007 25248
62667 90201
60402 72108
35755 42207
50597 88774
21786 78217
11470 46688
63974 94399
45456 89856
46594 97661
6503 89336
45854 65258
1788 56860
38211 94143
18030 76182
66454 93114
16108 29604
21575 94892
48184 49611
32481 69236
37664 72656
12182 81197
21461 84679
4022 62558
77503 86504
67465 70405
73222 85463
4147 52267
60902 98808
26567 76592
83234 90017
49243 75150
74813 75442
5123 15014
8003 98966
22929 57814
5257 24312
6008 57412
78273 84022
28182 84980
13678 70215
15618 70874
71302 83570
1787 81721
15517 56070
42281 56991
26140 64734
73857 98908
87945 93143
88459 88940
22792 70861
2191 47331
71041 87009
2642 39070
42119 56563
30947 71916
56843 59993
34402 72104
62711 91042
17303 50093
59984 72612
89035 93055
68250 83052
31274 95366
3579 32805
19782 22468
8932 59366
41722 62764
6766 66520
51583 65985
76136 90571
22401 74138
22150 71910
56346 73156
28831 68843
33991 77395
12702 82544
35201 42598
32523 45409
8617 33081
49375 61589
38618 69095
69273 95769
47522 86207
27569 95864
40576 44485
3370 66549
11033 61018
34463 61394
10174 83302
54710 73633
21571 30464
721 24220
21744 95169
50166 65651
7574 84502
79135 83029
5272 65436
43497 97706
499 8613
28135 42509
35670 73677
3600 56375
51837 90016
16567 21718
63741 74193
40049 70544
76876 86379
1055 81595
97367 99735
61830 63777
12522 33040
3684 74844
19717 85971
44659 69810
81583 89281
12153 67600
55273 82027
10651 51994
30402 44050
43349 62816
41086 91710
41176 77236
25579 83528
15404 74170
63011 65526
37194 92493
59657 97327
10275 75238
19595 56461
18906 20055
73812 97092
63389 83215
18833 78501
5476 40815
4305 42660
91456 97286
10613 39651
21231 28011
74805 84192
56797 86220
4194 62720
30623 92474
62372 96423
1479 39675
23565 93646
41271 41918
97184 99478
29000 80494
15432 35793
41782 92037
15358 80286
20497 63792
12926 78061
2496 72210
24498 70460
2739 55982
45831 95867
20944 23773
95508 99648
28798 58615
5885 98357
21136 63389
36276 80239
26599 30226
73773 74420
63458 84096
21387 95588
42987 74154
35410 59300
79682 82437
4491 53098
40467 55719
14267 90667
32491 53959
46740 79319
24398 52397
27564 72173
42807 59488
54395 63463
9517 11520
30503 84100
1632 17098
69127 87218
60776 81858
29124 66927
92650 95163
20550 42666
17057 18030
85305 96965
71706 90936
81483 91798
30004 48303
8539 59276
20924 99852
74841 80021
992 13326
33040 81505
44705 69761
68226 73428
43484 61736
29140 90050
17987 99265
51789 79519
6936 31735
33770 79654
8505 57113
85154 87057
67561 75853
25384 74756
2372 75925
33576 84127
57226 63018
13345 46978
5810 40126
26878 82106
67396 73509
68323 79812
51196 61555
19686 83351
70297 79712
66238 96926
61866 62773
27305 52038
34103 82549
52026 94235
9655 20141
18179 79018
73861 88694
3438 57050
32017 32280
79956 95985
79014 82159
28948 73532
26168 33821
39750 87940
20080 51445
20164 29166
24760 88383
2456 13270
23109 93615
39728 58073
43257 49377
3765 75901
29903 54979
24860 48936
9022 49508
24030 87795
40295 58924
190 71559
32362 88650
918 66862
52414 65992
6222 20517
71442 77500
10023 44860
57486 76493
29259 52643
67748 94521
31777 66194
47545 53281
30979 93796
19136 99385
31857 47914
31900 35316
21762 46175
57195 88475
36264 95438
54315 61777
58014 92960
36204 86156
50844 63052
52834 79047
23296 87613
33814 52114
61185 91943
78590 95067
51627 74842
5360 18835
15658 69288
54230 85087
27397 52577
5489 49895
76768 86841
38458 63967
31740 69870
4081 19729
27578 42735
15722 60167
8566 53514
87174 93114
22401 24108
6766 85752
26029 64979
12235 98465
11365 23846
61417 63867
37925 60305
37823 66436
7576 62328
77995 84707
65603 71167
11665 54402
10321 39217
5736 19636
19843 31358
1702 84882
4195 17576
39880 96362
22998 71984
19080 81163
50506 88237
44804 85359
11943 71142
10348 16025
72977 91018
90352 91229
54803 90708
17647 82828
13315 50449
4824 75481
4794 9145
33835 81630
24117 98083
77635 87175
55849 61435
7097 51055
39260 44737
64601 92707
19006 50617
11520 94911
30850 92667
57526 68930
15966 16640
5383 73508
63748 93077
344 87840
4888 68280
13134 76745
4690 49237
5167 30261
13027 48715
69751 86324
68152 77523
22417 62166
47573 79924
6250 15084
67172 98266
2103 30022
41044 91350
6986 40043
29635 64545
39030 73738
177 20456
22842 63781
39938 89837
40451 42360
21271 72169
32908 56284
24547 75624
53215 56791
19301 27136
80015 93716
17320 48949
11955 40184
37958 54456
65822 78114
85284 86573
32215 92359
29012 53966
53578 82623
21364 26373
48096 76984
7065 22667
84900 98889
67575 91446
61076 88863
22584 71158
23410 27314
9814 63053
50387 79020
33472 95481
7176 63900
52309 60362
24216 40224
14252 82272
7404 52933
4262 37598
20162 98513
62080 65188
23915 94011
29939 52908
21356 82290
5809 81097
51196 56295
5514 84234
47752 84646
1349 9826
5639 44995
91166 92387
40263 78460
29180 69371
42382 62893
26241 30147
55358 86079
15081 81151
31507 82831
63433 93551
43799 85190
72442 75041
44523 89798
41730 86035
46376 82923
20450 25735
78978 96822
30901 38837
38837 55169
20498 27843
53978 60344
50119 75453
16329 31726
18683 33447
9980 12153
13824 26975
12420 29806
25124 98904
77195 80528
9714 69972
25096 89306
10118 78530
7281 93818
78692 87134
61447 87779
19692 22429
39915 42046
39928 47759
25849 61947
1024 86324
57433 74451
55100 82488
16537 65545
34212 37595
283 80735
24982 30055
68481 80943
25381 55420
56214 77624
3314 9581
45812 74589
15442 46775
55922 74449
39327 71372
49709 81221
13591 47801
44086 66917
46693 88854
62969 67709
21353 47305
53107 61379
56244 79370
1181 35931
59790 95203
35687 78605
16923 37542
14787 72188
9381 77358
53594 78529
67126 73324
78687 92240
56922 71184
10029 20249
2427 62281
21214 90735
28209 77944
58335 70355
57433 89807
10813 61610
26208 59515
8927 33664
46178 53800
20994 66388
3562 79688
4349 37324
9570 65224
45345 64792
48873 73298
42510 62109
29837 67147
48455 69926
71650 92081
35813 78302
90656 98045
22327 59738
27571 35398
2936 54268
44853 64858
45094 46881
10579 50904
41055 81873
16182 56269
43801 58235
41436 57245
45335 54938
33171 90400
10766 97420
7854 64489
24937 52677
4973 35898
45165 53928
40989 47161
679 27153
29335 38510
24672 96946
55068 89801
6661 28104
16688 45602
17101 92532
13091 69078
24954 75059
40650 51847
42196 61729
23236 83969
1587 32836
18832 59617
16759 69881
41583 88163
32105 32678
42517 92530
16574 65065
1808 94698
65876 83340
33125 50835
676 911
8503 72328
77390 86705
24007 53401
45514 88572
1448 79856
32257 40350
21595 25548
54599 82383
36829 78135
28558 95999
59697 78843
1929 96054
27588 81368
30124 98733
15644 81499
6561 95542
70615 73766
20602 64675
65834 69771
60453 97022
6424 39125
23731 51977
6864 64728
5393 91288
12379 25540
59085 70099
28128 75774
14575 67670
11601 24910
57039 58659
18366 47561
461 37232
76416 89372
45532 78223
47556 54784
3517 60573
6945 38935
12043 64367
12424 34324
51583 95616
3062 51345
35163 88615
68109 96505
42634 81678
6204 43504
65050 79755
31283 97678
49320 94276
31743 51152
4520 24227
36521 91020
23392 57034
62244 80685
44680 62388
19244 34713
46985 61859
35421 73967
60466 83028
20457 96222
13690 93489
67259 93328
52812 54580
93126 98825
20222 46268
48125 82472
810 73562
32621 54590
13244 38144
51814 74551
1952 11546
4772 44041
40276 44692
13007 87443
13197 50937
8995 27816
40056 63489
3760 84685
65753 95086
1853 19368
83037 92290
78736 86776
97017 98104
34271 42835
913 32072
42285 74703
46110 75738
44835 61667
1665 38853
94437 96663
3873 28359
30204 86555
52274 66856
46897 91652
33304 95512
13796 18262
62216 63105
65236 82101
51328 69404
35927 37342
60377 62142
18059 79164
61010 89320
15540 15929
22046 31459
26607 54390
77144 91819
11486 25091
38024 39811
64418 95457
48138 89232
29052 98727
34819 93076
20102 82192
3801 17603
8917 69390
67366 96389
48899 96217
53952 87254
33078 54458
24734 70162
21892 90433
52686 75497
22337 75576
6090 15236
490 6517
32921 78299
3659 8214
23794 97420
4488 60823
40817 49046
31153 93152
3381 4117
50750 51962
45879 68706
19667 91185
61272 73540
14833 18794
18169 57489
3583 10645
25298 76562
8498 83787
13990 90876
40846 75532
23968 88076
1758 8892
23019 60826
60246 77375
13581 24600
43811 67772
52985 86489
28973 43705
58752 74914
41110 82235
35024 78546
34006 47600
1433 65597
21047 59763
12443 36058
41872 68142
27016 77710
22748 95049
84927 97035
22109 30026
38770 83695
43519 73440
26859 82557
25430 47693
48040 74546
43823 90425
38578 40127
10396 30950
13848 91412
56773 62290
5563 24788
31880 75382
8464 20639
7410 55209
30202 65198
24170 35288
75425 85514
67448 90027
71755 91713
11663 85477
43724 98494
80572 97108
6017 89868
62768 64872
62488 64177
26946 33134
46474 68956
62989 89996
60794 87772
13130 42750
41318 76414
31520 42285
65384 65756
19409 83588
1229 63335
48829 49344
6589 44954
78853 79018
24403 47346
7031 96877
16916 28820
27643 67048
65696 81076
28383 33102
58345 95207
38860 65724
1287 74885
26131 65410
57848 73277
58869 77976
3301 50585
22825 73759
45911 70211
18123 27601
16948 39598
14066 70203
50322 84133
7223 80643
11426 74480
82066 84393
12665 58052
85875 96863
23264 80424
3894 18224
65168 98603
36157 92665
2343 14984
28791 36237
10456 80584
10053 91789
14731 15486
2254 42918
5601 15464
24796 46113
11080 74767
14921 53953
36312 98147
13482 41109
43756 48111
7913 56891
4338 11066
38177 38607
57880 92943
13247 76795
39052 73837
5589 93925
54717 59502
12356 75284
66146 78389
46812 94032
714 32924
26838 96887
40645 52241
29506 47863
15355 89055
22252 79925
59795 95634
36681 41051
10031 15641
25379 92793
12493 93727
9039 94503
49390 67774
46741 80490
12500 23868
10315 60097
76650 99923
26163 50303
35164 98203
1540 43463
6043 31722
10871 14637
45493 81249
25041 47892
25319 60515
34295 38930
35292 91861
40057 81572
27342 96336
61172 69909
29521 68474
7150 96345
51110 83752
19404 67634
52764 88312
75518 96284
39062 47739
12340 72012
64667 86679
53002 87810
42394 51852
10671 14811
22254 44780
16885 62517
19867 71682
59047 76135
43952 88507
24094 33502
18130 28497
43659 79899
36093 52230
36331 85324
30663 65147
41244 65416
8687 19488
32315 76893
26559 44698
47304 58519
13805 19360
45347 73156
39517 79325
75748 87133
15551 17351
9931 86403
62829 98243
27141 37585
3913 59421
3060 95291
561 1306
3993 39190
54615 81994
44664 60403
2407 41385
45151 70555
56093 66182
28113 33734
13166 69274
68856 86711
914 7525
42594 45941
20138 28522
4566 83857
4808 6129
60468 73461
21864 70673
60511 63340
14910 62735
10104 40454
51728 84905
27765 74010
31070 88099
74133 86587
34587 48194
40664 92438
19257 61149
47335 50584
1463 83523
69906 89077
23740 99682
67805 84111
25686 37147
4088 51723
59295 79376
72461 75669
1701 52800
10832 72369
57846 70572
14411 68095
33508 53054
15655 41618
19113 79393
42733 53972
13245 15147
14441 24675
1165 99441
14013 83992
1097 54998
61017 97425
40155 83209
42519 89682
8780 37770
5715 14673
5525 94652
2831 35537
56706 97257
38714 46459
73173 94596
3417 67238
16742 71208
31304 46420
32183 81664
2874 81800
8328 28689
69166 83924
6360 23880
37601 65871
61480 74350
32770 52628
76866 80990
23295 68898
30302 46053
25575 53520
87839 92956
11377 59059
32152 56690
30408 51852
30069 34399
69882 81983
13387 49791
35031 37382
52282 91970
29343 45096
82859 96831
12070 50494
25850 28366
42785 48625
27818 60445
20474 86371
13283 92664
10867 16165
58790 77720
74788 93640
24806 97547
16109 17421
44250 84345
12309 15846
26418 46075
5026 14208
5082 61651
15082 27082
22365 85179
24909 93874
35349 42154
81991 93482
19111 45720
30791 38047
45732 50610
24448 51141
25189 78078
46318 63297
35805 88998
6347 48685
30884 45840
76212 81306
7694 38865
13143 74155
8875 48485
24399 59972
20229 98459
42562 69488
1808 81044
14536 84097
24627 27481
7221 66862
70992 86590
49018 61865
9834 60933
16115 72499
49326 63999
54129 87714
63207 65449
49764 61993
25990 33569
7323 13351
47076 83376
40456 85739
5424 14280
13292 83753
5290 85777
47172 66849
38271 91588
47536 52011
63758 71019
2450 23786
14989 84922
20254 67104
28434 64096
63486 71368
10038 42883
54727 84303
54402 64100
38451 71878
7648 37863
30453 39057
4817 59005
19133 86181
1740 66451
38396 69415
24347 30177
6841 95617
75526 79056
17723 33658
60096 98291
45974 58569
51365 70341
18540 76744
21144 37765
42492 88445
17024 21702
36105 44541
3438 65993
45935 77723
32374 77761
25802 98425
29866 61496
4315 97636
40175 88754
15373 75737
27187 76435
28398 39477
78876 79217
18050 45173
51659 70812
5797 58309
34558 62603
26006 96955
59166 66561
16329 69148
32993 53111
34403 79357
20862 33888
16777 63331
40945 62068
15424 80445
70817 86623
36959 60597
26130 45030
292 83077
4590 74104
87797 92651
66616 92577
25033 65200
62535 70868
42126 57725
58243 68071
57988 97721
37985 55733
10018 52642
64804 71652
78936 86749
58595 62172
6355 52207
91175 93941
80460 99656
555 15282
69770 89956
57429 69330
34175 68833
24525 69250
22472 85580
27161 65907
20135 28568
37636 38010
72985 85828
54765 62483
20737 73261
39573 57009
47730 77047
72375 98471
79075 93467
5108 48236
8333 9234
63294 98919
41934 51617
62967 92841
22 38039
61547 82265
36734 50096
74570 77919
69832 72076
19677 93814
40394 93289
24197 97019
79186 95437
50809 57546
14782 96556
2714 24807
41807 80546
20746 94761
42513 78022
19395 31670
44458 44933
29358 74817
79921 97749
61027 80407
39347 42971
89734 93321
6412 87397
19926 28798
30529 78893
79268 95373
4415 10872
74861 87057
89146 94220
26690 32589
46036 72033
83776 84247
41086 90314
8991 77207
58576 91758
29822 54402
35813 75304
16131 20222
748 43932
48605 64476
68148 88894
36174 73450
1233 45376
30981 62465
28035 63254
30715 92091
38364 50944
55331 72168
24415 27486
7458 36473
66048 83246
63738 71521
9522 95897
40488 89096
34711 44443
45836 78487
47859 77636
7359 95105
37177 77310
34340 79574
16715 32289
23985 69385
73560 74817
4629 50020
69104 96717
12636 90189
56777 71536
872 79222
16628 32659
21596 66512
15672 38890
5439 94142
7622 52143
38335 64808
28131 67177
31377 36690
54100 97031
42251 78870
8903 95314
58338 77879
8598 50642
35597 92452
3088 48847
72559 93261
12931 15976
67072 98354
26553 86883
2816 45609
17785 18630
4249 54318
44617 75935
38338 45230
43488 91017
33486 86348
97377 97574
8645 56257
19371 34649
19287 74126
49762 77603
16531 61486
65153 78079
366 86267
56850 64064
6677 93730
40045 69164
10940 72613
26399 76197
58759 59245
16666 65088
27778 92579
12496 69658
65228 65764
14842 66352
42610 63282
32675 88400
2461 65852
19968 68351
29273 64009
19862 48469
3122 3752
21208 58602
5841 33452
58113 79632
66116 68672
88887 95242
9477 43831
7939 57302
34570 93274
13102 70495
20292 91297
44881 55672
34082 94009
45357 88290
51887 54418
54091 61147
65542 78608
74168 85040
11520 92676
10749 25232
59296 60656
23188 56307
2428 32037
6473 20988
27086 36316
85823 93621
46114 78637
68818 91599
90070 98212
5414 38790
58427 88804
15609 90119
35363 69963
56315 98359
13664 54719
45447 51877
16863 40444
23697 90654
18156 42095
34158 79213
24448 88063
10552 23808
36197 73020
69053 90984
65406 93771
44288 67592
28621 85551
13350 79919
9345 39347
8829 57369
55206 64480
27223 77461
7460 18608
30881 47459
14975 73515
8348 39062
17395 59722
56486 69599
23804 55559
4939 8026
21991 66990
41985 49995
5154 11316
14757 33003
7101 73057
8641 72263
25911 65991
15702 70594
19792 20954
63827 71531
19589 87618
16556 52644
43483 89616
52121 97579
39537 82532
10010 59154
1827 35418
1506 54401
21990 24120
25449 36418
28705 48936
30712 63253
21041 31860
36402 54469
1173 48498
57165 65829
77881 88434
62507 99225
56750 78875
4131 91721
30733 93884
25848 78604
57217 69863
13962 38378
583 86341
6803 94705
59505 78448
23861 99034
5642 94663
7156 58429
18603 54372
55674 85630
51734 99062
69229 98265
8988 45578
44737 93981
23545 57658
39252 95070
15150 44533
43306 64184
50910 60808
31522 70776
35239 37565
13337 95470
62600 75863
24040 51220
2918 97633
32181 43999
6089 17727
37180 63018
43951 88710
19737 63068
83264 97566
32708 38555
10828 38284
11418 87547
78577 91648
6514 37040
40403 68402
64668 69690
25705 33852
13296 67735
25340 33046
17694 90893
7142 36850
33011 46674
12378 51466
5467 76733
15888 37794
22565 63282
35371 95881
11959 32844
76593 97195
39940 79517
84374 94120
31122 53152
93344 99859
2524 94148
61275 80804
21326 32767
39393 68809
61571 99660
9071 54411
4702 18301
28488 35005
59680 96860
19114 73804
70469 73438
27017 64033
7904 32765
9175 30897
22555 62496
44090 97060
43295 59297
12940 60307
808 68527
57863 83258
4622 34990
28570 80892
44649 58625
39590 48739
52878 63285
47834 57177
9071 88408
1575 36628
17130 19153
44604 61844
35707 83079
54905 81135
74763 79981
56029 65642
49996 76584
61861 66210
22906 73156
1309 51291
44899 67888
20755 32293
345 80064
76282 92504
17026 57451
57472 82700
56844 61826
4462 13211
79424 89531
88745 91978
2657 99274
38271 60368
14471 69988
40057 86911
11933 96320
45468 48213
31286 54029
65604 91465
15480 80440
72799 83346
1790 59489
93719 97525
82578 93886
26713 37023
87682 99806
12234 85307
9469 58944
34385 88611
55340 81796
15421 16638
986 44722
57454 78893
43012 65973
24263 81880
874 56887
8479 96908
77701 88100
36678 73836
41086 62118
91221 95379
58299 84616
86374 88377
55522 78775
60569 92798
39327 94902
35055 46761
41376 81654
8008 74752
59592 96509
12220 91277
31127 51497
39929 50166
78567 86349
19835 89940
11458 87168
1994 38747
44362 94544
13028 69153
30397 43079
1694 40497
16849 49082
32403 69946
17598 41317
37548 97507
16248 56213
3154 75668
48669 62842
15455 92365
34867 63845
38519 91160
17104 31413
14737 66590
36559 55393
31993 92860
23268 65951
12677 52748
46194 84334
43163 94037
7360 75840
574 36787
5143 81814
21980 72376
1052 84980
38171 99114
60242 97975
29652 74984
27008 32618
26955 77493
25382 32135
24266 42928
6551 11549
742 61675
30366 65595
59419 87709
44190 87091
25441 49444
21177 48480
32891 39645
483 62265
41365 51963
9464 68034
49376 78736
4071 4970
12077 19914
33629 64707
63154 68047
36472 92582
5292 50078
68880 95644
43295 80435
2555 42965
85780 93613
34146 86236
45360 87033
20474 88373
44571 81373
8760 99820
31438 54159
12116 94240
12213 63056
51033 73307
14990 70657
7566 37194
83202 97012
16232 37091
67635 80933
75485 95777
73816 98209
66770 91801
28752 40309
77287 93378
24126 60766
31977 39950
32111 33905
24250 63128
60039 92538
4371 24643
38506 41688
57738 66353
46513 53031
50425 66121
70014 97911
44066 67380
3475 87069
55086 98687
53418 83212
18335 87773
1991 15280
16954 47678
4391 9666
355 17324
42017 78188
2 63547
79453 85727
88927 95231
31029 42369
31754 61288
47787 99206
39357 58559
10824 14178
42972 54317
10515 25776
403 42447
27115 87365
6550 86028
85697 97271
19059 37374
32729 79175
23376 74672
2307 31122
11524 52787
64525 79358
11471 41931
58704 89251
50686 66822
44859 94223
30401 80431
45732 57290
67307 70349
10333 49430
54554 77253
52713 62610
25090 25733
18473 48964
30139 99812
14156 32851
16927 57391
34289 49824
29805 50365
11792 89752
82157 92694
44487 81575
6017 53105
31848 76400
30301 53223
76294 88181
61729 68611
65678 89479
67245 82132
54018 79477
28887 49973
20439 90692
10169 86780
21344 34330
25625 61584
64749 68100
3906 14207
50849 72647
48488 56377
37717 61470
20003 49709
21050 45110
81811 89526
38920 64857
81176 95561
14198 27710
2855 95978
2047 96316
32242 90415
44353 77548
53286 92539
10250 79280
5871 73941
65227 69528
27791 71588
57434 93191
10460 32852
35049 61369
29043 74959
13015 69296
18821 36705
51976 56604
34821 69340
1498 67000
2810 86002
10877 55496
10968 95742
65658 66877
30481 42844
55285 64158
27011 75219
6394 16281
17436 79074
19951 54138
34451 80268
10079 50587
78194 93487
5834 9114
74905 98150
55786 94395
73648 74979
45326 82951
24299 95611
37760 88278
83489 93545
15498 42689
28679 62929
30000 93173
64158 93823
10781 44651
68683 98221
59537 84935
54988 84164
15012 40260
18800 93279
11560 45378
13828 78476
58674 92830
14200 38177
14419 91357
68990 95346
32154 37519
9196 64240
3753 19560
34783 69988
47553 91323
18580 85382
33756 46435
23077 80682
29805 47409
75632 92319
21240 50170
65232 78568
12659 45560
51376 88707
15618 42662
51454 86114
58154 78114
72746 79486
46578 78417
42426 57534
36796 71817
21743 67073
53372 91506
45187 87190
14410 31266
44918 88312
2487 43150
18684 65521
16991 85622
3469 21884
14353 15080
69504 98898
14228 67966
8220 54620
67560 74081
62449 88032
10481 47796
24088 94053
18153 60377
41376 85220
87091 90458
15286 88892
2555 99938
27060 62537
51912 79548
65703 86679
30517 70748
32607 79730
10526 82567
14224 37145
18588 65406
12682 58081
12376 67030
57439 65774
66999 73430
41730 65475
44610 55466
28414 46926
20745 99149
23869 72286
83001 83484
28261 68166
54996 82720
14626 87694
62835 74119
39269 92151
46599 52861
2007 45300
21370 39758
44298 95917
66526 92127
38742 64053
26156 97220
56332 81241
5382 20054
793 67483
35378 46392
9002 97423
36771 60128
63864 93028
58308 64068
56843 98931
41885 66596
40109 70641
21349 27194
12938 50391
52320 76761
5077 61102
2301 33776
10127 33082
79054 80361
13670 72101
1443 47401
19937 28600
26386 83337
10351 47252
57850 70163
33324 78781
45333 81468
71974 91318
17986 22660
67125 75134
42809 66158
47926 89200
25344 38064
14273 70997
37007 96222
23750 65781
18070 26336
19661 58956
56038 83709
12032 67760
8809 77899
22051 51201
52727 75408
21066 54621
30833 64485
5911 27587
7461 42133
10963 59915
76670 79774
4206 27428
9325 17987
16710 65280
48924 72718
80219 84313
49575 87925
45310 78266
1699 7041
15519 40721
20648 93430
16539 34222
17866 19712
14975 63985
15511 33952
11109 95743
12189 80066
13449 29305
8906 9910
41925 64899
58890 74628
55620 66934
38054 46828
11231 79765
15110 37225
39475 89084
22373 75855
21404 90342
20959 55929
5 49243
17931 59836
36381 52765
42899 94258
16892 79084
67553 69482
1476 57439
18584 34953
48174 59654
54120 55796
57269 82947
18406 49168
3697 69455
17845 60324
5014 36374
14278 39088
28447 37387
57321 66453
5278 14973
30018 38986
69626 85620
12633 39759
74140 79309
55747 89500
13692 57609
47155 79313
19036 86149
80707 84025
9642 29957
96307 97247
14742 88620
34125 47215
36595 45323
47727 50803
45042 75574
57192 71524
36803 75278
20266 57989
42064 81612
18441 66468
72833 72983
54298 64860
50201 87873
90192 93378
70111 83187
56660 71464
6953 76716
25769 29914
22030 85424
45608 62127
37499 97790
42799 85565
6297 75444
53042 84892
490 58263
42233 74259
23433 38288
69975 88752
72684 75958
377 92384
77578 97378
29468 79911
2505 84961
5489 9585
24968 98981
53032 53590
34542 90842
38184 75367
36877 61012
8319 77790
4076 51261
36245 61830
8079 25178
34403 60501
61799 79203
8813 86828
51691 82906
18896 92740
5668 69300
28068 88894
25455 52494
9622 40356
30028 52221
80768 89995
15597 73860
8833 76216
94950 97903
8805 83461
1487 79172
8368 88914
26728 40718
77630 83644
32818 84027
41551 47795
25685 28410
40517 85465
38951 84502
15917 86504
21928 95478
52368 66600
24257 84298
9305 62507
27742 67119
58721 69667
17256 36713
54873 96599
25909 60363
18536 40087
12090 85104
64683 91062
60532 97774
17260 38516
55440 81124
67825 86454
3710 97550
16329 53363
85395 89012
60357 69823
7997 83819
8081 78930
38492 87254
64825 73159
10250 99028
36468 59659
5327 94404
27620 75176
50940 79528
29218 72737
33819 91910
14872 93147
13047 55409
19089 63693
14541 67285
87342 99546
33567 93710
37810 42147
82681 89600
47882 82969
44579 75862
42096 44527
42041 72719
65530 82947
1440 40504
43248 91626
5995 67082
45131 59665
43110 75495
19077 99299
29624 82054
57041 75134
1754 64894
29016 73844
19970 65453
45750 66535
33355 98542
3257 43881
19444 27181
6357 70015
40990 75565
19523 40256
2943 95519
30178 50124
54471 98762
71456 71923
24972 30213
46716 71520
59919 98153
54745 61276
36342 78238
14274 36377
36302 51038
66017 83668
18735 78156
5781 94350
765 12403
63400 95422
268 6461
32136 38164
29189 38898
13077 88412
74840 75966
8981 32783
34486 67950
5308 88488
11914 95479
46924 92671
11877 82205
221 8684
75171 93474
79772 89979
60541 76914
49410 86047
14655 70213
47989 89602
20124 34020
19925 33767
6544 76637
16784 55016
50123 51368
38078 55302
21647 99843
4745 38261
18735 33291
35479 71021
52205 67942
14900 96717
44508 62991
38467 55023
29581 68598
60728 96229
7329 18956
61514 79026
44628 90041
21660 71438
9545 62152
44914 57984
15490 75770
57816 74321
12259 13531
54920 59250
889 54099
28672 95112
14201 86248
62755 89686
11189 69416
48539 90459
5864 43872
64337 98939
8869 97598
52624 69122
41640 64381
44019 81213
26495 54656
14622 91905
32097 45230
16185 67963
7223 92904
62732 68975
45173 60429
27582 50995
7880 27985
26430 71711
5474 44737
11926 84404
30330 40952
11310 64362
11571 52536
30155 97997
1926 12274
18950 79747
19436 65539
91609 97955
11139 45286
12567 67089
26947 85785
60523 90427
72468 94976
24182 71840
18121 30172
55713 96611
42964 96316
6755 71903
59941 92679
1267 14278
37449 48936
17333 49582
65014 80666
44345 59325
75041 81777
18187 61841
63104 80123
19887 96421
62601 92443
16747 68279
71288 81724
75976 90737
21315 84160
2374 19912
35778 54785
13192 48062
4045 25547
42394 52428
44205 93451
69694 74068
2180 13987
29163 46201
57399 89471
9249 48761
3278 27244
51296 92538
39255 67760
63536 66189
60681 70256
442 87046
13673 68625
22112 83200
3444 43024
35901 67754
24885 73391
30996 58546
30199 84787
47591 72470
60858 79056
4138 90506
9048 72845
63172 90675
43212 52680
31175 65706
33808 60314
9948 32816
60006 98732
51231 62888
46454 83418
3715 63809
10252 64240
37739 53298
27397 85784
32622 92495
50205 64972
28623 93523
39044 53323
24903 85010
9254 53976
53124 77743
26136 40118
3418 45266
48271 49261
6849 65498
18720 66956
1961 56426
57323 63945
81816 90531
5664 27704
35456 42970
44016 51356
59739 84391
9503 79466
43959 92286
32655 55171
24207 72941
14601 37450
67933 95394
43369 98163
53799 60872
51013 82909
32004 47704
36024 88913
57736 88896
4575 19162
52282 80025
59627 97369
28226 37762
32985 70879
4028 77698
77925 78462
62481 81105
93028 97078
15603 21417
29600 53387
11129 68033
34862 99190
13901 99092
7262 21337
75073 80211
22692 75108
56246 71205
38538 82745
32094 59021
66296 82977
75585 99298
9022 11827
12243 19560
2539 62549
45559 95490
3454 45599
36311 83836
26367 48387
60957 94349
15330 58243
57871 93019
61722 68324
1333 4475
5612 36696
25258 57969
548 52830
32476 93689
42655 57408
30370 62187
32108 87951
62114 79761
57768 59036
17609 21335
40289 67792
29675 62933
44789 69625
32037 96771
7223 37032
38608 48767
5139 48915
46000 91009
74443 86457
24000 96510
16884 86343
60521 80227
3377 24970
24525 76050
85842 88047
20019 97167
52827 75822
75927 98936
12458 42448
21994 65657
24664 50451
42213 86982
1830 69965
96546 99253
523 82730
11488 50501
47511 78393
24245 63057
3554 27901
34571 79396
68190 93918
9123 96644
19344 65075
3490 18756
29223 48676
11345 76525
37052 98516
49896 71184
56272 86081
60259 78316
68364 77518
27707 66940
18862 37183
70482 81323
29893 92660
39688 56366
58590 91846
29616 35244
25013 94576
5064 58151
50876 96557
3759 42316
79763 94896
70746 73323
60586 87135
30326 99776
31392 50858
795 95409
4910 61236
26456 44679
57298 63602
23839 50592
13173 90015
50904 80753
12250 28043
46196 85608
13859 21967
67135 80969
2910 30708
60380 89837
33784 84123
84414 92902
37746 96760
82862 87201
24848 45836
74011 94235
5247 95529
31085 34764
8654 64357
15554 35873
23522 97110
69652 74084
56648 75099
63215 94348
61266 87194
67750 94060
37370 51460
96172 98657
15837 83668
19196 67720
75679 76446
72136 82823
28535 44734
63999 94018
5319 48765
31948 71806
11832 81326
9197 25190
18707 56568
79200 81348
85324 89128
40506 69557
40449 78864
40475 66034
38197 47613
2411 9695
35505 91546
24469 71216
14814 77502
53798 63378
15711 16756
51836 94604
24304 49179
7855 67983
9762 95431
16007 44500
7045 30229
50322 98464
63026 69906
54979 95589
30692 45215
26514 88686
76746 83693
16907 79382
54320 79059
36738 48770
38498 80593
28230 85323
42912 95574
60650 80432
30094 33099
856 51114
18961 93320
8345 10445
3500 80759
31787 62162
43623 82192
21087 21102
3990 70045
30274 90717
53011 57663
6725 53010
81664 94144
44229 47879
36474 92304
19921 22475
25422 98112
8685 79139
20801 46450
45877 84836
11109 48079
49275 98124
73922 87549
62122 79604
12421 19710
11636 50215
56539 89679
87973 88310
7998 73421
63603 63821
48898 62850
32568 69944
3401 6105
20229 86561
19289 28645
46729 79113
27498 56522
30684 69757
19752 71391
23733 67796
17416 51257
23418 81214
33778 78656
9293 80703
47537 87036
86028 97949
63210 66314
2191 72667
64814 82538
17268 39797
10117 63091
7748 39584
555 77103
29634 97995
28640 42560
60434 69481
36565 91920
24303 38274
25819 27888
41288 56143
64619 81825
36661 62738
19431 91596
21896 86591
6554 12380
608 5549
8873 81931
53479 97494
59794 92541
34247 93995
4208 10730
22699 85014
8644 50918
82063 86167
25314 38182
73584 93072
41565 47637
50345 63740
22067 98401
31586 44544
38593 48047
972 79206
88537 98818
42869 51648
24012 90402
75679 79881
5760 63355
2543 49121
14693 68139
29214 45885
58761 96702
36509 80278
23975 63006
3386 60784
67478 84792
18708 56839
6484 91059
11790 71326
69742 75399
71034 86899
30878 48078
23284 66693
50438 68186
84100 89766
22481 78073
80058 95141
68217 71498
3595 36904
15393 24348
7565 22726
63435 76849
38328 95291
46529 89449
54008 56568
68199 81520
43497 78189
65888 84982
713 50161
33975 75419
12097 96053
6866 37367
99350 99860
10207 86912
38261 81546
16259 45885
7449 42254
89048 94716
58196 65088
82137 87110
52954 90879
9547 44776
31366 52325
1760 82440
40300 97138
35122 84631
81848 91293
41048 45521
38600 90789
51075 95633
5455 60634
53657 62579
60175 80306
56056 70528
29816 60744
41036 75069
67448 89570
71945 80102
4328 93706
75456 97054
66471 80492
38172 80125
21559 66788
56225 72119
58725 74198
7000 82991
31769 71473
12706 88238
49674 90687
53357 90129
62901 90084
26870 60730
17219 76317
34292 57976
4671 44699
22873 77192
43220 85304
60436 90349
51995 83569
20080 34762
67672 73419
32147 64694
44268 76233
11699 31099
52647 88936
60232 66350
7386 9115
33199 68555
7733 51202
1606 76919
8330 20985
70790 94516
87532 90996
77492 78102
2275 89725
67059 93905
14218 37639
5768 17871
82893 92343
29010 83432
90 89392
28554 28804
5844 9863
57991 60750
26551 78182
57416 60049
31624 75247
60024 98142
8572 24585
19176 76998
44492 88762
8443 34909
35060 57401
82537 91736
1545 53837
39874 41711
32001 56165
47071 64987
74561 82834
10033 89127
16148 70539
80834 81784
21060 60704
20886 50392
7745 24023
34152 48395
233 82605
11741 35166
13859 54741
2369 88688
45413 97783
26384 49456
1448 38366
27508 52060
1094 96628
63598 98545
17324 63044
32964 47325
37029 82562
43762 66593
17552 42806
83446 99848
12299 73003
44155 54028
10480 17744
11007 24949
19488 72794
44930 46760
44625 68657
14226 70365
11784 46198
22430 28282
42530 58704
53037 76460
2959 20630
73311 82930
31407 48145
34734 49992
1170 63384
42476 72043
45028 47220
82609 88497
64486 69873
53807 54260
13260 60707
21542 58828
22596 71895
50851 86150
86413 91102
67085 92292
33129 74185
5207 96763
46082 60363
67002 68235
80648 91403
36663 93770
20282 65093
78760 84668
48353 58226
61560 62647
34089 51261
40694 63577
79740 96656
53133 73514
14172 71083
555 20105
26465 88475
7915 10643
29618 92067
17854 52597
3437 93986
49911 54652
13176 23195
72323 82490
6087 71432
4715 99892
233 55522
10817 50930
83556 93239
3136 52032
52831 85687
388 70106
57478 92090
41496 46008
2842 21752
54784 94186
32943 95339
67238 81408
48920 86450
2555 28083
56374 79690
29151 52675
39200 47911
388 47063
40116 88507
24255 38758
4024 22059
11248 73657
60602 69105
15201 18301
22124 60786
47503 95759
15344 31473
7299 43697
78843 85372
18107 96355
25053 36484
7651 20385
27033 90254
13576 78712
4615 39479
38568 70451
44533 93408
24497 34804
21903 93889
73993 94933
12022 67451
52088 65634
11824 56560
37685 97064
6444 54229
20427 47949
6099 9056
27150 81250
43610 52764
73983 92896
2462 7054
34157 74593
84497 90006
56730 70222
17760 63131
54307 79158
36787 59941
61375 61402
64570 67296
28400 34287
64379 72886
35739 38861
21584 49032
30716 38854
63830 92207
13599 85011
48421 59161
72440 87388
30380 93561
821 40750
36750 97603
42169 85316
4056 45503
29682 91455
73828 99860
28278 84062
2922 25534
44524 53527
24780 54855
15 7782
68524 94170
36014 40455
76043 91870
76933 89683
47676 53082
77382 79512
54755 78833
8774 16972
56508 81638
13373 17936
68859 94774
37589 38706
69216 73672
38238 78671
22390 78473
31156 93805
35736 35959
21082 90251
22657 51637
9992 90595
21157 53848
30425 90673
41372 90325
20108 53722
25579 27233
47369 69522
7284 11186
8915 47955
373 41936
30958 69544
26253 97689
12 81445
57724 96345
34152 66458
41997 46921
34007 96901
2993 19864
13920 44254
15081 16949
44413 99780
1037 48052
828 61988
83298 94375
51437 82137
91469 97566
34847 46968
37693 85237
4999 29082
46280 94254
16491 64051
70114 73689
13272 81685
24417 83333
26599 89305
22708 78552
6721 82775
6446 89786
8902 97845
29784 95714
73060 74886
45243 92834
59059 64248
33203 64293
1247 91642
56591 76910
15562 63717
82804 87623
17812 99458
82361 93440
57367 79580
17819 89289
34214 98303
4049 40698
38283 54110
5995 18806
19182 35720
44077 87529
93152 95849
4146 68635
21019 65232
11016 24012
13822 20528
23325 48048
6202 48599
53848 84215
63077 72216
25271 71396
43392 80738
79513 83279
18208 62922
47641 69429
37424 39985
24179 36168
58626 88132
149 98702
49107 62300
47437 58089
17082 71706
63521 96962
43603 80936
537 22863
27089 85335
44124 99610
55176 68949
54495 72544
37363 88474
64244 82991
23278 33962
320 30942
7073 35546
9387 37235
24203 25850
14941 23536
1287 69747
72613 76040
6483 66460
13028 23204
1497 95527
12094 70433
34496 59889
73734 82476
26658 39378
14976 91960
7283 42113
44314 75405
59175 77628
47742 82616
77549 84615
57348 73149
83547 85716
47334 59474
60039 94834
62043 84615
73618 73677
52015 96744
45425 45561
17191 69579
69439 86248
15941 42606
14108 79134
17932 36016
41806 73081
32330 96238
11128 61766
37602 44851
63878 95960
58 30994
1570 79336
58885 72128
47295 95260
37117 82813
34181 72594
31225 49388
37812 57533
11623 80862
70678 77510
36388 39170
17939 32402
56660 91363
15101 78568
7090 69787
6788 80308
12981 30695
12861 37839
26063 45231
8113 44520
73026 86737
75159 93362
40647 99087
11184 96669
35346 73590
9481 43784
8501 35701
11611 76037
17187 52941
3285 78080
60558 77015
19323 34613
2781 19961
49350 89160
59436 80528
13510 40918
11589 91264
922 58543
33486 59793
84414 99748
60425 70890
2498 50275
32220 58355
15564 65303
56654 60991
17763 79622
5121 20961
1832 60999
75958 87621
77878 96115
1143 43804
4227 55618
30033 78120
18632 60532
57027 86510
39214 53701
1907 32124
6473 51789
35765 73544
7829 8743
539 67472
75832 92915
3940 9461
781 67909
32732 39184
8710 75183
80255 83604
68482 83019
46305 71071
11861 44590
51146 90960
53653 82061
46088 80462
28042 53040
22863 29088
8478 94299
27010 58201
32656 85963
89736 89823
57827 74435
51906 61154
9191 50764
45668 47737
69004 85586
43571 52055
3264 77936
48267 86820
18476 40951
39979 88189
53715 88845
47499 67296
42441 46165
40852 53580
18997 78905
43576 89472
27021 63987
25634 51791
38108 42210
23333 34702
10406 17269
84293 91609
13479 45115
50419 78395
21548 76717
14587 88760
38694 89523
7716 69516
84431 89355
30510 44108
12110 23366
38788 77392
24559 37339
16089 34487
35685 93420
3330 21180
6729 46867
15572 96973
75311 92088
43389 63456
36535 49655
25166 53672
61931 73278
7978 74292
15192 77913
11528 25355
79303 80602
24093 78966
16792 33676
9814 66029
2955 77051
39274 70892
40931 91882
19907 48741
13392 62413
54113 98897
52841 52971
73981 78328
163 2075
53416 93628
14154 76665
23862 29999
20044 91187
59611 65614
52503 59074
18841 25280
21781 85660
25796 49317
67569 75786
2709 16727
24312 25351
14342 15456
85349 91240
12179 53265
47523 78428
54709 88858
4905 32319
92833 96899
25411 47831
9520 86351
51064 97409
39214 60671
13268 31279
57311 84279
62345 88457
18942 47879
14489 26554
22981 74539
11697 68779
5251 33847
77011 91185
33143 94534
22390 31556
822 84745
8997 37134
13424 21258
15270 79011
48274 78285
28352 68801
42836 63552
24368 90316
15800 90482
95764 97088
72557 91628
23613 67418
52968 61955
15118 96040
34799 99155
29791 76823
9298 85468
65021 85979
6422 36516
52017 70725
6445 50898
66362 86729
44950 50968
9823 33424
69407 94068
51552 56339
13975 40237
42030 52945
31005 38434
18177 75037
35528 58979
21119 71387
76917 87529
37842 84227
33729 57739
56145 83628
10855 83381
64939 73852
70218 78118
40580 86509
28965 64167
41145 92184
26925 29680
87959 99189
52075 99586
74679 98302
68502 77172
24355 55962
8370 74184
4137 27395
67521 89185
68402 98126
52134 56539
44301 89041
43968 92141
59157 92004
31122 82388
66665 77560
1568 16224
83472 87020
25176 75328
15972 87988
26822 99372
26572 47636
80248 82955
44284 99293
69561 91987
40592 60527
22541 86078
34913 56466
35542 81325
4596 33735
30757 83401
64237 84248
15503 64612
92694 96153
77485 90542
32320 98117
36911 65286
10748 25482
37378 83410
9327 94732
5135 58758
937 2632
46749 59956
66479 66615
34786 66820
43141 84902
21824 54554
20856 67054
38647 51670
43604 80034
43171 74643
39565 97668
21836 87755
7626 92283
38612 48468
30689 98908
14407 60051
29302 78733
9796 35284
11545 38279
3278 88140
31251 95189
25171 55117
21602 71070
12666 90083
77315 94722
8077 77239
26556 63719
8374 32611
13083 50607
27903 45031
14272 75657
16199 87217
55100 88249
14179 36855
13967 81139
88530 89353
54455 62194
25687 58524
14145 31955
12903 42601
12170 71120
94643 96128
28043 94908
16414 21312
2454 18432
918 32369
39361 91710
10110 67075
14420 33331
28876 71503
24616 86665
66255 76832
395 41790
24268 86135
68495 84740
78805 92583
38462 94172
76177 77938
39441 65574
42328 77390
80483 97819
55058 74319
36359 98268
17002 17941
37102 85428
57084 82478
34775 96840
2272 45071
23189 34133
64315 78592
91345 99959
4301 61352
31773 90469
24282 56878
70403 80649
61370 64111
7565 74030
3865 87085
26283 49856
32447 85850
18032 36722
6285 91076
38985 67004
32276 70441
885 51672
85149 98503
86072 88009
93890 97880
9813 29365
41982 89592
46206 76952
66077 80634
5106 40751
20022 93930
65663 71058
70171 95079
1786 91467
72643 75641
28961 92421
38711 79893
49095 58623
54879 69437
31458 41888
37338 73325
14380 56457
45062 73025
974 14318
4789 72904
54311 71865
14368 54908
22067 59236
40750 43319
7365 48773
20566 69891
3443 14417
48287 95524
74117 96727
2578 84537
55537 78361
34587 50361
33171 87290
13863 84857
2633 79651
59813 78706
32977 95532
74591 87637
8325 14277
3852 52582
23965 91292
36523 74924
23948 93754
57977 96944
9849 29889
86180 86828
32323 82797
58754 94723
20025 45749
5066 13467
25697 77932
12033 53372
23976 63486
62471 97054
56045 78953
12168 40133
57892 75752
29377 83830
21411 35840
67771 75957
30154 58154
33625 37154
32490 66228
34246 58116
3271 88464
49755 50535
48997 75330
86065 98346
67852 79423
30044 64041
64551 83478
34390 86402
29394 78858
18662 41930
7643 38705
46357 61689
49394 86104
85279 90098
34965 57526
41495 98483
4586 87366
4344 44887
6823 99833
35429 59382
41076 90196
28018 47109
54689 64737
46751 89223
24024 99593
19319 81793
11310 32475
53379 79461
71500 95177
3940 10963
18598 53846
51042 58663
92111 95510
74099 75176
26732 83999
13263 52386
22947 57169
77051 95483
14167 71778
18375 99870
27764 91254
80457 83799
74570 89742
87257 88824
28777 79678
38478 89495
39916 89959
6341 88102
11913 83971
17244 92391
31063 66218
40167 55623
5057 61551
14112 86735
53387 88981
69823 70308
36328 52448
82394 87387
5048 78986
64698 65543
7609 98317
43319 70375
11807 97994
41848 93325
28842 91170
56938 59302
31982 53916
2643 88418
25027 96503
19024 57012
23131 74888
23875 77380
48494 56548
19643 37749
13784 49260
22390 38360
55781 56910
6488 96457
16849 34734
32041 37548
2603 56148
42753 73797
57198 68778
18846 33290
36550 95358
12009 15367
41151 99055
24750 45531
64359 83073
66698 83417
2610 58181
4934 86048
20504 68124
11554 65151
55639 62531
20901 85344
13802 43353
42322 76575
31620 73860
14013 89846
9510 44468
47671 63863
19065 49561
72322 88971
50423 90992
70479 79221
14372 43387
49582 65744
37027 81075
30928 58418
49489 75660
5954 60327
7882 8120
17116 53091
23912 95426
15159 17877
40948 46128
20571 92519
11668 97302
36974 50935
49089 74755
37402 45250
16514 53901
37188 67782
19586 57121
67288 84000
30059 75320
22248 37070
9353 95147
45278 78668
6204 70523
26242 46691
26620 44068
44678 87768
11934 90291
30974 90322
21189 72465
491 89727
5736 77246
30352 67034
28588 56603
93128 97928
27768 85032
15368 88919
22733 96665
17230 83338
88524 91235
14931 63149
2902 49190
9770 69548
24151 54345
38622 68513
17237 45395
27818 91564
45917 79366
41396 69834
6008 85847
10365 48417
3024 11284
27940 96646
32217 86142
78538 98195
1730 67347
49990 60438
37438 63656
51186 79633
80402 94452
10586 28223
65804 70005
63354 95911
64875 73879
24318 75679
48473 50041
52717 64150
9575 57503
34551 61819
534 15935
21234 82865
20991 76369
64848 86238
7648 67397
891 44850
2751 30501
64912 95463
34858 63512
48726 69532
42170 53889
5247 55609
38244 95910
2978 8269
17870 98557
30481 37174
75602 87880
8566 62926
72382 96026
3851 89817
7501 30465
63947 73959
49955 67483
20762 98187
55467 83856
37489 98086
73660 84219
45025 95627
15238 23322
9763 21050
15900 77264
2163 47353
49019 60233
18643 38592
11791 14525
36904 75363
14277 77500
3815 81159
31321 64280
36787 60208
19031 88150
9003 15807
24731 54077
4634 72673
39301 65693
2007 19268
86562 89586
52131 67072
29274 69448
41430 98304
23527 43972
25990 41418
33128 37163
36785 86449
14749 95145
925 54027
66589 90432
34495 96524
23826 46829
12716 49598
8971 35257
33239 56183
2192 50835
32775 55858
47051 69402
17784 91073
9838 50442
61841 84662
85016 92505
10002 32778
7954 94167
76289 84337
11426 97402
18143 25057
22040 87798
86651 88592
13334 67785
35371 93282
41919 75544
24481 62381
16765 43668
5146 14270
18494 97740
61912 72779
22244 80554
85617 89481
31604 95090
38977 47195
18216 27748
2764 59884
34059 70406
20778 81380
58535 58772
11058 48242
38701 96014
29349 95409
6992 73590
38932 92318
15130 49508
12521 54539
48823 73743
13501 96945
4959 13602
5706 89380
20633 77139
20672 56680
10214 50388
48795 91459
30200 31528
9128 66260
36746 83296
3385 38710
62795 85158
44709 47978
9970 18201
14953 86155
47279 93225
53654 90044
67512 81003
25547 33812
384 91455
8552 26893
3395 27189
33761 66786
33061 96454
7676 90686
19322 97232
85047 87716
79499 98230
72821 77637
48553 51937
57307 67460
11304 91230
44083 46219
21931 24360
33088 35510
62566 85735
45457 64202
43783 93267
61139 91880
51059 85795
18903 52359
32021 65120
40750 49596
19376 95618
10513 27111
12537 53840
49134 75072
31491 96363
38725 78926
78726 84813
54680 64122
55664 91312
3698 74070
26521 37781
75025 95270
23171 49367
57128 96894
40564 87511
34681 94091
43424 58921
1387 27672
44569 47579
78488 80883
60148 60945
48652 85330
52870 59009
87068 98359
55538 88383
5973 81889
68941 98499
14897 99085
46713 78505
35475 79496
8409 70260
67263 81772
6441 13669
60615 73643
61137 94505
34885 42081
5597 80599
11138 11646
6508 59742
26490 51848
23200 87777
3418 68718
11406 25641
40481 46869
60456 92314
31284 33766
1938 49505
57418 76785
7830 24488
75881 77583
48219 94277
40721 96099
69650 94732
24680 64883
33702 84518
65699 84350
71931 73081
45995 58765
46267 64299
30177 92449
64541 74811
48133 96161
18007 52951
5609 38333
65532 93868
30941 97566
61088 66309
56135 72499
68750 79472
23236 99485
16392 62921
49428 56753
53654 59555
1721 39757
79638 96012
32408 57251
32455 74388
65438 84169
74360 77052
67140 97482
50686 57930
27020 67038
55125 59613
23246 66603
3163 62010
3553 34722
49367 76444
3381 81548
45920 81110
14997 91204
72251 81628
2884 77081
7949 98169
10139 18965
4034 15655
58183 85154
9627 52336
65359 85409
67861 90576
23925 28608
59863 86426
77721 99396
8441 45260
26209 34059
46993 76666
2772 5886
27731 33938
92914 99569
46276 62328
17750 93376
36759 98049
9882 83415
16478 56535
83742 88824
6458 38170
55276 90688
44808 48438
33208 37457
27722 95729
41245 94139
43689 51506
28208 41316
64845 65357
17463 62825
7770 59167
9334 85336
52129 93099
5650 59707
67660 81667
25024 96750
3445 10298
1888 87018
47659 69731
7215 58360
27587 61541
4398 4513
61827 79889
39694 44081
43742 81714
63986 74379
15651 90459
4828 63510
14037 51788
58587 71028
30389 61718
1974 47049
3326 55483
43649 76312
45627 51344
24364 86354
23154 75410
73404 75259
38046 69897
64917 80572
88572 95176
34151 80573
56480 83521
36534 51807
67572 93798
31259 63654
55855 60134
12706 78961
16337 26420
7982 30540
38270 52057
52513 56711
7359 89661
16741 82234
71282 89096
64440 71616
5884 89454
34526 63681
2027 11497
10261 93665
50604 55942
65700 71458
32242 36546
12266 21137
22327 66688
40349 86581
57712 63138
66701 77012
10742 66122
12380 80102
7227 76653
54718 98394
19583 77469
70982 89956
55714 72992
52036 65067
48239 77088
86111 92499
28944 42777
9603 11572
5317 59642
22352 62153
9628 43674
30669 89068
70951 76687
4306 49603
48858 60653
9910 39913
3317 47804
23719 37355
54408 72623
7813 23418
46268 92382
8366 97559
49925 64046
10653 19846
99 107
33062 36615
34227 62534
61265 84334
46177 98806
6073 15829
71315 82919
13979 80252
11174 39593
45107 88492
19804 66690
4200 19887
75748 80078
13168 49768
11983 58719
19212 41692
57274 60092
52916 77801
3887 85946
41741 58191
1173 83024
60894 78624
63084 86596
31239 59745
16091 58094
7714 66561
6320 86847
19913 30137
17750 49079
69270 69829
67921 77085
22900 91662
28758 69556
53284 62091
13995 23957
77467 87875
14524 14971
26773 72691
13139 57228
12545 83245
39114 56274
13438 78775
55719 63802
43822 92965
76416 88720
63136 76913
13217 62751
75157 89953
38837 46218
4947 57383
26284 37721
32363 90798
46883 67058
60602 94160
42844 43690
42670 87050
17729 20976
34656 86932
61914 85600
30750 65729
33306 75053
1678 53684
59013 65075
64106 87738
10996 87228
2929 12562
39511 70055
3829 65557
46367 61992
36366 78539
12313 28283
49182 89340
41669 55089
72868 83682
8743 30946
59827 61401
30432 91833
43545 45345
11941 33565
43684 71393
24616 81689
134 80051
51568 96183
94220 99034
41954 96439
1159 28810
2759 22929
68602 98031
17008 20403
3930 40948
20395 88864
42521 53930
8982 31224
12217 58052
57129 76260
23634 65583
62246 85659
9481 67586
17170 30571
33619 60535
33658 83578
19571 59964
53428 87545
29954 82401
36492 48621
58234 91439
7737 43454
73766 87412
75926 87002
23036 27881
40670 42789
31434 41447
9580 91269
20080 63580
21925 92982
21627 36327
80955 94436
229 70515
12617 87184
1425 65366
74247 79835
32940 61236
68716 88905
11543 22024
10794 51683
58277 70412
13463 49985
17044 48600
45814 46295
34300 75277
26160 85150
47473 57821
54857 72223
16119 27445
56180 58944
16928 38985
24954 45362
17903 38375
46558 51444
69555 75512
38017 59020
68335 79790
25452 33561
79910 92348
53906 95407
10050 52541
34977 37326
6535 35085
65299 98677
13653 80276
14531 18066
41396 49580
56956 61587
52499 78654
45520 71670
18949 58631
12605 64746
60426 76987
17627 46577
79187 87634
14436 30232
26465 87272
1485 71646
786 68597
18072 20509
38386 76526
30297 91388
78258 83677
16684 36992
1324 14183
46696 69182
42706 59573
4597 72559
19246 96497
22486 69722
5769 78032
73166 98023
34740 59762
34949 86364
909 27326
16017 39486
31458 42976
44087 64258
48746 78726
2492 15596
48518 61375
71868 81087
7163 70760
17235 78358
55448 66194
33850 98057
10535 96849
66135 71963
22034 31149
14694 14943
36299 76989
28296 80919
6216 37366
17683 37330
35812 86006
44018 73221
36991 57329
9734 64570
33190 89469
38519 92058
81851 84757
43979 97050
46310 65316
665 27081
90760 95355
9794 64736
60404 62442
40915 73523
28667 83666
32075 41114
64615 76318
77979 95374
21958 47596
72449 87595
46705 88399
20019 24141
38450 49961
39225 77996
38450 58278
48443 89643
6859 69194
40717 68400
2856 90262
72554 80347
18572 92631
22803 47249
18804 95138
50546 75393
6763 19839
35379 93912
15031 50943
45364 82749
13015 65500
37152 57735
2414 51443
73249 81536
73794 99204
25400 65549
3389 41301
32053 83018
6501 92141
9269 92790
23186 33162
21305 38704
12193 32050
26143 41610
37553 74488
76696 97087
29972 86516
53557 90565
70667 98549
45815 62601
96065 97152
34906 42209
26022 97941
29274 42541
23618 33796
80560 88976
9552 28550
7298 75208
35717 38650
44175 50046
33443 41073
9955 90432
7784 64750
16660 77854
28303 36984
22457 37043
3379 84645
19894 61263
28374 48387
51075 54368
41008 69827
25960 33171
4411 93650
74404 80732
19881 73837
342 82499
1070 72994
20309 99120
24660 43310
22775 86383
55429 79232
8092 13104
52302 52757
26638 86256
39204 94770
81729 87696
13069 23943
36194 73562
34740 96814
54247 89587
17749 55962
37414 98830
72754 94906
49834 86466
9452 86250
5867 77523
53569 87766
6634 45287
13595 92785
78056 89712
59934 69934
30391 30751
88081 91348
60338 72282
69068 82575
22095 54555
13948 56818
10403 15861
10211 82389
20142 59899
20991 54417
32075 57910
17095 41517
43731 85548
32165 99096
78439 82494
33930 38754
11428 69248
43190 98093
1145 64765
6320 51223
36305 48840
29208 57147
1816 27629
42914 48693
54088 63564
3699 87878
22448 75622
9073 25022
19722 84180
37071 80060
25738 56909
76063 80185
19050 80890
20593 79053
45575 59189
61317 98214
73722 92383
31718 52675
4634 76864
58988 65749
34890 68222
361 36651
30276 36145
77157 85045
44411 71315
13296 26831
32821 52340
79938 98071
3660 74461
13715 33288
21830 37840
2288 9423
22212 81296
25039 79354
55305 85043
14571 24176
52211 84213
51007 89031
544 8010
61457 64679
18027 22395
9822 79564
87998 94411
34530 82541
21345 26055
66274 89668
19567 93134
27803 55319
4612 74873
49372 75159
54155 59331
44911 90477
7135 59657
32064 59615
45994 82298
22918 60288
76675 91439
10034 30962
1832 83795
42234 52674
25123 57741
46214 82709
40571 87770
40736 60904
71704 72486
24389 53686
68267 73105
32616 81689
5086 73373
77300 98927
25405 35816
208 30111
37542 63204
4117 40510
55556 86080
8015 37537
46210 71192
40473 99815
33739 93525
33349 35517
6249 15701
15461 38634
38864 51836
23422 55681
14697 58938
16615 37982
1621 3957
23685 68418
8452 71201
25879 34842
4902 85694
80619 99740
23707 31065
55256 75406
19782 23227
12464 99754
45167 56403
41369 55143
20265 63434
39077 71435
68113 83839
11427 36387
60161 71023
34523 94024
27424 88883
11336 22029
10819 11269
24984 62998
22274 78603
29348 69041
37057 76947
6909 81753
33100 37883
50427 51831
906 71388
57050 62156
1407 75189
4424 28618
23104 39482
53625 68168
7455 45302
13130 94573
85342 91672
27417 48781
55779 64085
9137 66519
19924 66966
66493 82006
33774 95858
9901 43582
51493 79129
22684 80648
47679 74134
54119 78160
57375 60372
5903 9247
17841 74821
49235 68844
1561 99190
17989 83154
28788 43421
55790 99417
13790 75265
17681 64757
17249 68822
61624 94065
25785 32824
32547 38599
11504 90266
11283 60581
36618 91323
10773 69814
11620 71898
31082 87028
41063 71393
8934 22218
3326 23807
28444 30858
74109 91105
26242 62247
23427 29821
90815 94779
47276 80766
8919 26260
21960 40044
12228 16519
36964 93097
50629 53285
12389 91408
7121 10628
17346 31196
21443 50015
6670 43943
720 50585
3999 47570
27155 45223
39372 48120
64771 80901
96172 97165
66137 91957
57996 71512
17256 75998
58327 60481
49950 89172
5823 58435
24421 69552
2102 76014
2188 50658
65562 95183
48284 87384
4245 5120
17718 26922
37510 39085
18425 21979
12149 93186
6572 63470
47872 83735
10759 31074
37622 84301
12207 75679
4176 56416
9224 74158
70181 93290
52409 72225
1489 93549
7819 23151
63347 75599
30984 99111
22743 76389
9385 89540
64026 78961
87561 94348
9221 45686
24535 83515
25465 36430
48174 98540
1069 46103
39244 53550
19454 24991
81214 86439
52313 69527
11345 58300
49777 67561
10163 17359
24900 79761
55749 99717
34885 67130
27040 82303
75074 86878
86906 89418
9869 92987
50034 85287
72181 83798
2647 27460
2142 83615
5111 78690
4694 66314
9972 18168
83176 92395
4413 41935
59707 98072
33651 94260
8195 50064
1900 70386
39718 84010
9182 81027
12375 14664
51738 94080
8793 48375
72560 85317
12241 35382
52318 73930
29428 76007
54696 69101
66384 78517
57555 65692
53720 82445
9143 25917
43558 89835
25226 68989
47431 64938
81269 85095
36157 74444
31727 65904
4070 23844
77352 84539
31590 78425
41263 72713
56499 82908
67227 69656
13827 78895
59907 84927
22792 70265
2696 70078
14660 18343
1718 80487
47573 93151
9943 41081
1971 31660
8086 70603
21711 44356
58825 93280
72610 82494
37582 83248
1250 18273
66229 69350
24173 82551
11913 75950
31308 67958
7681 63402
70864 99743
23549 29141
16500 72734
28151 74913
10651 54018
13612 16971
22269 51722
44866 94753
52268 85433
32977 54576
4554 19681
41845 44899
22799 79682
25684 99649
10789 24048
19036 62360
45320 72609
66504 75054
10598 73438
48080 70304
11350 21067
62465 95514
32317 55498
14164 29463
37040 41392
34050 42681
60149 86004
25041 75264
27408 35662
18997 98181
34292 75177
19843 31058
48921 58349
4168 89668
1106 19348
1481 20048
40162 48658
14492 51217
26097 99662
20774 78831
4811 79154
37498 55231
27095 57763
1824 16452
46861 78920
41605 97775
54463 63299
37442 38606
73013 86021
36980 80239
7597 22480
61308 92021
13942 86000
3132 95530
4030 58549
6058 53328
29512 58133
6900 58334
63841 98028
9229 36589
7208 19033
10800 52056
28067 83314
10839 97684
52609 62251
12549 33630
24840 32699
15872 52434
33321 83375
28208 91583
32453 47132
12098 19365
30981 79375
10594 64900
14703 99192
37443 92951
7882 8072
9075 41246
27536 96408
36164 56662
31672 35269
2189 63781
23576 36549
41292 53271
8406 80129
58944 67532
6654 86567
10210 95406
24019 46497
35266 78047
41352 78661
12747 97598
23880 81516
5180 85233
9524 83139
22143 69128
70531 87082
53087 58124
25016 67610
54293 80281
24975 42063
14845 64472
74749 87565
8351 12237
35670 71939
857 25887
18183 94522
15236 74036
79594 98458
62534 96249
26843 55302
36561 98569
60320 84680
4634 73590
15704 37802
72908 83826
17570 90424
14695 55620
61054 64388
1986 7334
79638 89472
11160 84872
5362 62246
48937 79827
60012 67149
63821 94315
35841 92396
25436 59201
14492 93748
55347 55784
31554 58332
68947 75245
15805 35589
16300 96066
26141 45116
19774 74723
31858 76283
3268 65281
35119 95019
47457 65826
29951 32117
63806 71701
55113 67920
97717 99632
4182 18079
72475 92756
2920 8503
1058 20207
25469 87448
15177 46139
22691 85187
43964 79899
43851 57643
11014 53507
2487 99438
60484 90887
9914 81514
56183 61370
18407 50372
26193 71072
13825 22774
11606 45374
43504 87510
18655 90148
481 71800
30714 46013
5480 20011
15326 25824
12973 36899
73918 96997
31677 71027
31701 77449
11444 31974
4461 23396
104 85853
483 79917
14084 57024
24598 41621
3444 84900
83529 86580
58852 62311
3764 49445
39252 74208
19399 20434
2709 87639
3637 37562
10687 58063
59352 94051
68129 86642
41770 70205
837 76536
57644 76316
53575 91166
36398 62049
42052 98778
12302 43646
66459 87328
10683 95417
17360 79960
33086 93920
18646 92391
48277 63788
40980 82555
9780 50731
12678 69664
57911 93045
17090 61056
45508 92598
3591 41639
54170 81946
713 10538
3361 39026
47944 74017
35595 44564
6538 59547
2576 76433
35058 98112
82313 92295
71711 98479
48799 84100
16289 96375
22991 71911
7380 35979
73360 83380
52422 77167
42588 96716
60950 90500
35690 44112
45919 57621
7729 15995
24023 58882
47901 81207
6526 93264
27645 90227
5309 18552
44769 97193
40773 52859
73035 82001
15382 48294
15760 84991
32784 56357
32398 69719
29571 79626
1926 54157
6230 81208
1162 95674
12427 18386
65278 69621
1329 78901
50899 93262
67543 96761
93154 95787
17712 57785
84811 98968
49921 77052
5575 9938
25382 74953
48234 83069
44545 44577
35385 36461
52675 80470
53753 66423
5461 79586
1842 91136
90508 96573
66444 67903
5316 91798
20143 55041
62529 71230
1122 65456
56082 94266
70896 96748
17982 70435
6385 55246
8164 81865
86582 92965
31137 79918
34061 98973
30194 86727
64373 81475
30162 81869
34948 92638
3786 25845
56543 60042
40230 44152
41657 87286
1731 31998
12778 85104
15355 44406
46566 74528
228 37687
2503 70018
31621 88118
1285 56874
4654 17463
53410 78234
13319 58764
29310 53332
60890 91621
43901 67273
42532 93921
71235 91718
32605 44566
69025 69693
86192 94463
5379 76110
7647 38552
15158 90228
2721 72295
32651 49862
44328 91778
21376 92657
49477 98698
35631 38944
44079 95446
31739 44404
2013 11716
815 34455
11745 83936
35863 66221
3419 86212
710 23633
36759 85406
31381 94937
26270 81908
15410 39509
48023 55530
41684 96080
12312 83059
39290 72975
68408 97178
21525 85510
42691 95430
10482 41713
13695 88610
68664 75837
6837 98650
86192 92623
50247 85819
15476 43948
19825 60993
44939 67520
8047 40436
9477 79162
52899 84763
42619 43992
27328 75092
58787 63345
91019 92611
55577 96946
52345 81795
57229 96250
72810 96590
7606 93758
56867 80839
90139 99058
21429 61921
62590 69751
53231 61781
53731 89323
15798 38839
24530 51325
25829 40055
62700 98506
2477 87849
63935 97308
24962 98885
19196 75224
23274 31579
53765 78887
32808 96760
63598 99723
35401 77029
29530 93817
12808 16227
27271 68823
7833 67069
4099 40297
57125 74888
7425 54415
14572 58212
35514 91368
23605 94057
22682 53467
80361 81681
58110 91854
49011 79704
87730 88290
25910 60727
84126 97823
32528 39321
37307 86049
124 41035
47018 70950
62369 63439
41095 73163
42759 53700
31025 94776
16800 96384
8039 59348
1438 19309
35672 75522
6314 93911
18307 43039
30139 68303
41127 57320
5707 53636
6756 44780
6713 78221
15123 81282
40212 69562
47385 94699
34440 40166
39212 57264
26659 28763
7349 14495
3843 41647
44228 68991
10180 88156
45975 57991
69388 87702
6640 60512
4704 18706
4399 92426
31594 69002
27384 70066
20280 46274
39525 95626
3532 98760
87732 89384
64075 65002
49922 81141
60635 87412
19981 30435
5106 93220
61803 86606
48229 96423
42401 65291
39218 88991
23900 65266
61641 90329
81453 85521
26439 82383
4372 52249
9551 12371
64583 68952
43282 48178
39524 43928
59014 79248
20729 80959
19970 75871
29453 35049
15981 22850
5397 81967
48455 85987
46352 92523
6248 68237
26053 46681
7160 97555
9621 88532
35787 57915
32316 78027
12236 36574
64408 64716
924 65313
70027 88731
2873 28562
6183 37277
37127 60037
10074 46725
73502 89266
71166 83154
58620 68962
39334 79990
39509 65218
13211 39758
68085 71095
26065 27049
10448 98004
39120 44226
26261 75420
7171 92703
2587 73705
11893 59340
1413 24575
11530 94970
974 3821
23734 40155
87777 90439
32807 68749
45087 90130
53308 68295
66640 90172
13809 36741
26087 72488
7268 20797
17666 63361
2564 89993
15115 22385
60054 71975
11889 43666
45933 47545
14953 21929
52851 89744
39458 88349
49949 89691
24385 51198
42321 53925
85775 96868
12910 13055
61334 91414
8514 75816
48269 95106
9311 27294
3139 58442
46804 76291
33803 49035
3571 56056
27246 30658
10395 31914
2973 45989
3482 7901
39 2804
9516 92080
7609 39924
29180 65489
49224 50496
22248 80439
7422 68768
20110 76719
95500 99477
10932 68423
47784 73757
9510 95716
39736 56502
19463 86335
36923 57737
23606 68742
8598 17262
7604 63396
54104 85878
61089 63561
13357 53039
21623 44208
33308 74729
13828 22323
25263 90966
25209 98948
1826 39948
7836 55794
15275 28501
49549 49925
30705 46498
12645 59501
17127 48141
15311 74472
30886 79531
39779 98647
11569 23808
35372 89638
52124 78038
5061 39359
43135 91740
58519 68583
58151 91802
59588 93292
56648 77375
57075 99334
80711 82332
24030 51308
74779 87387
30718 81793
8538 13458
95586 96269
18807 74574
11443 61934
18356 77180
37665 98291
4876 47751
21897 76789
53540 94270
67683 87899
35667 67716
57484 63420
53877 83773
8216 15008
55466 89256
54519 84300
20663 58137
14347 37785
30651 33998
54264 57001
14110 48893
44882 47524
44266 46864
38202 53849
22654 95143
35614 88198
12867 49044
18326 92445
57302 59476
22446 72144
4782 9863
28426 84257
14366 17665
27074 73340
11328 46816
36263 85654
42502 48291
38792 38842
46243 61366
67198 76927
33819 59600
52355 91248
47422 63242
35231 58232
61688 91738
42707 86967
19684 42952
34966 55657
55788 60967
56260 83231
75744 96361
54811 71820
19154 24217
56190 60928
61593 93668
86497 97487
49703 80803
3632 65064
13581 69811
11028 23231
38597 62333
2654 27280
4361 50808
60174 68570
74819 83041
78313 84389
61249 79704
68767 84534
55260 79758
761 53044
55249 69544
28698 31560
34334 68487
44811 61452
23135 59376
79903 93527
26839 76091
34446 63790
1680 26806
11190 23605
139 54273
48987 77135
45880 91366
34108 63300
60708 84825
14464 19635
36297 74201
14322 86605
43278 54233
61771 67088
18678 97745
15636 91672
67822 72296
77136 96954
48362 61978
7789 59095
63523 71082
22423 77689
6654 69185
31112 47610
74851 99304
80602 86375
18028 23734
44238 73338
46394 98845
23030 92531
42589 66200
71720 95398
16164 64808
36020 42178
8305 65087
26138 71679
17985 75585
39024 82091
57294 80808
4281 71306
31971 91966
8375 25640
49762 76951
34070 43361
86219 90941
88575 91102
62668 92743
65471 87124
60321 76771
5892 39201
67588 85331
23133 55852
83255 89678
21516 98922
10786 87925
61733 75100
12845 40843
10879 65617
42657 92263
30413 91672
38544 93226
47304 57704
2052 90223
12720 99757
158 32180
38932 59885
55441 59853
49852 65606
17879 42326
46644 96052
6531 40441
34341 50679
43757 81455
6100 7268
78360 92433
31302 64431
17310 67618
44953 68024
70214 75022
18710 74404
7532 88700
17578 99978
54074 87547
50932 94314
34085 57080
34152 34225
11584 61505
35498 38703
62890 92850
8331 51853
21348 93494
43456 73705
18734 59796
50277 50528
3745 92603
60495 72693
7550 63265
17573 87608
35829 66342
86586 96835
76069 85111
24098 31787
17203 46685
53302 59483
28874 43047
54196 59197
19961 31952
19887 46180
21072 22007
62554 96042
46278 95277
19926 71297
39757 67142
64895 90379
7847 52653
42728 97972
15869 77188
1317 29123
37194 99378
69719 84093
19175 97832
61691 85318
39357 67599
7894 79680
55677 63009
61074 85420
32985 80045
55257 88933
65234 80348
4673 83569
42309 53946
46121 66250
14089 93956
26978 44740
74604 74658
46906 88744
61618 97899
11672 30041
71182 79247
16258 70607
25952 40351
18731 79111
19162 42856
3626 11028
29249 68186
27185 89748
11969 74215
78497 89579
2500 82305
76823 77716
14689 58655
42314 71943
32538 83476
50722 52160
31430 40783
2212 90179
1849 73433
83802 96113
19616 29811
50632 86890
19945 43754
17399 67028
1233 75042
27867 40268
13167 38263
1681 28228
49840 99174
39900 77311
4628 58689
30936 69677
16398 52605
42530 70722
17429 89991
51646 79906
56873 59770
10953 30846
20600 53480
10341 79756
23968 40179
65408 84531
4074 54646
17490 38928
11045 56502
23798 60453
18667 95967
18143 74820
935 71612
24858 90425
51557 75149
71 98540
76796 87781
3223 86693
31670 45822
8985 57395
21980 63580
34965 48580
30832 72702
85254 90401
33204 37002
52948 79613
24380 64608
31231 58873
55047 72456
4879 49342
5779 89280
44537 58357
13191 48389
39972 67698
85869 87262
52301 69527
3052 87216
3330 40069
16031 69115
13178 89078
75973 77573
40605 75375
18926 29891
19391 33546
66635 83923
42097 55773
55595 92349
32264 99157
11626 86290
40261 70119
60570 70276
6724 65843
36923 54938
84453 97471
31492 70249
53461 95860
21151 64225
59697 64164
47067 47660
21915 65010
25353 55299
61402 72282
5884 26805
37934 38436
65044 96077
34488 46172
7101 99219
73708 73716
31884 91921
66485 76090
1500 31344
38938 47794
9368 80735
492 42923
4713 80627
19092 71244
4538 73271
7502 95402
45606 91990
33966 97493
42080 88063
38944 49172
27350 91568
76779 97681
910 3454
34413 40217
54511 75035
18557 64392
2717 90813
24173 61080
3148 52624
17552 17938
43063 71785
12818 20899
50933 53895
41400 53839
2019 16390
40780 49276
53261 96477
77157 85123
21863 87074
9419 35552
17059 79391
3327 55891
3349 57557
17086 53982
39505 99688
50035 56227
15749 93539
44486 99336
14148 23046
21291 71729
64198 69747
65997 93595
4927 26954
63215 73780
47103 88408
66343 74344
5660 61465
14452 85674
78957 92764
53667 72170
26659 78903
35322 48521
80287 86995
41712 63757
81478 91930
42242 77198
16157 54110
10495 20429
40827 72899
8061 39006
12307 18940
21281 25961
12362 17508
43740 45522
23899 86311
38539 83404
12110 82453
22099 77198
40548 64146
44821 97974
2879 56420
30135 71251
35553 69526
35132 66419
49197 72498
51520 76324
7368 34002
4832 39341
66167 79333
35777 66792
15116 16790
445 6466
4081 71139
13043 80167
19420 61376
84286 87926
36192 82310
8893 50532
4620 60542
61701 67121
24117 27185
41278 74283
6230 38915
4759 12534
27860 66419
19600 37049
48326 80917
17117 28645
43168 60332
47582 61511
23427 66058
54146 89071
8180 40524
8721 58060
6147 29324
13928 23952
3282 74040
75169 82705
33652 99265
39720 64317
26558 67476
27930 35923
61125 61785
55917 56095
63627 85466
8180 30138
31827 92162
32517 65173
17872 40363
24428 46560
49850 74095
1408 96488
40812 56911
67128 93873
12513 77367
59086 89909
18163 88665
10007 22500
374 73254
11278 86514
73172 95910
19104 27933
23040 48185
24345 93668
41471 71229
37150 44509
29956 65360
27966 71434
50814 68331
70952 94767
44952 58099
11635 88456
49036 85766
72941 90851
61516 78587
16282 18833
26517 59842
76993 98438
22310 50556
11350 80988
53132 92204
24912 27844
57223 60687
10440 27137
50032 78002
37672 90547
43280 60617
53800 56830
13979 47056
48115 71488
30 12057
523 80429
36282 86250
65130 66311
75939 93708
41806 48261
43657 51713
49522 85119
10483 37754
11291 35113
52919 88136
68781 96928
67053 77624
4799 64663
6448 33167
54343 61983
23179 87960
60540 91564
28699 78860
39472 49468
47398 99618
63882 76948
41759 71820
33262 36202
55424 99585
20254 93813
37525 70093
61571 96394
62806 75132
40072 77083
41627 69284
16744 88594
21780 30375
23357 62602
26572 89882
31147 81468
29475 75872
38096 38349
41147 91099
24200 77156
60663 75089
30378 73903
33529 61665
68163 83840
17779 58369
1647 46690
27368 91938
21917 48218
34666 38906
6667 59206
12318 70685
16258 95985
35551 46031
4732 64275
44853 57557
7416 27566
11666 65132
3659 20422
16720 26097
66383 99448
4120 54694
25643 52323
76185 99901
16405 67166
17254 47788
82573 93930
32811 93285
32061 90222
46712 61611
46408 97297
60533 66830
10501 79838
33990 49323
48580 82982
59583 63742
22566 40527
13235 38540
27672 33511
11447 59856
29963 90323
2146 76327
5889 29368
45926 62057
3274 39736
48341 89434
9302 98266
40260 47321
60945 67399
11262 57416
79655 91952
29421 46595
47788 92826
59593 86882
46809 75563
10463 70519
19941 90333
50346 71781
23670 55218
64657 89062
72391 94384
13541 61846
12096 95479
17605 31927
48363 80997
11631 35512
13423 75269
12140 43458
7961 89765
48830 77926
70581 84726
489 45103
50432 53437
39514 73692
30169 38403
54013 76689
28622 75303
39717 56801
25569 45410
27971 53500
17487 63641
75927 98275
78346 85624
5015 63947
5139 24033
56483 56885
228 88883
59929 93055
13896 54484
9838 58990
70466 91224
2188 85273
28897 80709
31389 97618
1184 35493
10397 77676
61837 80814
7357 22427
47952 51693
8541 28302
74691 90287
2600 90302
41902 83640
60230 78845
13129 50303
19724 21932
16951 27191
58617 69910
38208 54282
16587 20010
60856 71598
66794 73951
18699 21770
3880 59084
16661 46465
6068 27851
77226 88385
56562 91571
12214 23485
8339 78634
13030 52951
3273 28668
40736 81397
44450 52768
19799 71679
40555 43480
86993 88964
82855 97121
26546 62594
33125 64321
18478 87068
18773 38293
10556 19115
16624 86896
53199 76096
32528 47939
27550 89496
24448 93139
8604 89963
29309 91758
26834 35324
1738 25566
3012 88806
22918 95080
30417 60545
2793 73589
47586 65020
77213 93582
49036 82926
25439 66586
25327 67843
1113 87127
55995 92145
14909 73304
53021 85517
9825 56857
17570 52958
62990 87342
78029 92558
26888 35143
63169 96800
14394 45545
5829 87095
18668 94237
9368 17082
65109 90344
21699 65003
17275 72899
23665 96431
24359 60678
11552 30781
54092 86271
89598 98082
54345 91765
914 5221
1465 34902
29807 54061
15469 46662
83911 88573
13087 61043
42146 61621
27262 86142
18935 26489
40073 88338
6141 12897
50625 72613
32639 39928
62368 91335
63996 70834
78648 95807
37086 78052
34000 53577
80257 94589
69328 85841
14520 70778
34169 57629
931 29610
9568 13035
2200 74264
20271 50571
34067 78976
80400 89964
21564 59333
42338 51579
29541 36620
11655 68009
72129 78152
25429 52864
20960 91491
4093 70909
62448 66696
24568 92284
37955 85298
78396 97244
20495 68175
54751 81145
48351 63597
41227 78638
5184 71563
2952 52022
28060 49682
11285 76876
78025 87695
24149 34539
72773 88152
1287 93475
22310 53678
67569 81804
19559 43727
24607 34419
18393 54211
7527 8703
24733 52823
54721 89038
33743 78501
31048 47901
65622 96582
31551 34258
21844 89237
27614 80651
61053 80791
19734 89339
38828 93513
49395 86226
36651 44092
24515 45045
7572 92782
46394 47758
38370 42713
55416 68747
60992 98708
19384 89343
58552 86027
22425 91964
70287 94062
64101 93913
24139 53397
5521 19839
8036 80364
56214 69685
34180 34539
66529 84782
20411 37633
9269 12183
5570 22588
16420 33356
54845 54872
12682 90161
13949 30282
12334 96333
37464 65463
4958 59504
21703 97788
55595 90510
18420 54880
5528 18750
59743 90568
62951 72420
33560 42057
11455 42266
6577 34591
3938 29490
7686 72379
10826 48693
37245 61484
62374 65771
20046 56214
39235 81342
46891 78352
64818 97927
56789 76313
77029 92094
69792 98817
30942 51213
28930 58441
75311 96741
38110 59854
10500 15866
13961 51839
73009 95781
31017 66948
8900 53489
63092 94416
49011 80129
3829 47901
25196 48070
58862 78842
5924 50441
13543 84836
12204 43586
2015 45173
62976 76285
34182 37967
57621 93295
28208 64443
66685 77068
38770 89510
39974 78231
31172 42597
7552 69458
10671 28760
7145 86113
26901 71312
75296 90926
10438 71263
4965 34674
58785 68636
36269 91316
37715 57418
87616 89250
4607 6989
27688 58319
69938 98091
37695 43189
50183 97884
87991 93418
58564 99803
21534 65845
14732 89061
40859 81706
8663 75092
81455 84321
52829 56112
15524 52227
87908 91269
9247 43534
14631 99528
63611 67018
60397 86867
11816 70471
12853 65953
22518 34402
3649 38918
16303 41693
41335 64636
6696 99544
30161 59794
33931 91889
65894 67247
24114 75608
14264 30984
64798 88378
52201 69289
603 20348
8694 69276
19901 97495
40845 42874
15822 18934
23260 80198
16494 91051
47560 78206
12100 27321
16292 71984
68325 85626
62075 69365
10557 38780
19601 35825
57970 71538
11254 40821
11030 90590
7905 41546
7137 28176
21848 92399
5378 64276
15978 62464
30354 81830
21514 36242
35590 43554
3841 45932
68880 91976
65527 95570
1886 61929
80309 88485
22086 49691
37009 96541
54147 67885
18590 58896
56853 65223
2436 40903
68206 98436
9899 84505
26509 42328
83795 94966
51711 86399
10598 97412
17597 38213
24203 82463
27158 38411
91461 95714
65304 67236
87566 91943
69790 88503
83356 91525
26319 50397
26475 71687
1503 31429
37830 53683
7512 8196
6597 63819
26076 78384
70175 86597
60496 63929
72955 73201
29196 95260
8371 16620
42127 84826
33799 68606
33499 65378
26172 33109
59143 88105
48980 54851
52223 59622
22597 59744
22202 71806
61016 76450
44842 55678
37102 99040
27755 58650
6228 84793
23337 74958
6848 50901
41577 73793
14761 65443
24431 54324
13340 49070
54314 95564
59214 98415
1288 87719
33766 85592
13108 54762
29890 33442
31157 33118
28873 68449
74610 91467
19125 22783
46746 93317
8809 83076
37365 95822
15063 32844
31729 39179
95210 99459
87568 92700
7064 12405
50495 93110
66154 73901
18948 56354
61034 95729
27861 50301
34495 64890
92303 94156
37139 69222
27217 71143
12000 13426
22743 32579
16897 51131
30908 87915
85407 86841
158 18373
14420 32813
23030 91514
18142 80558
27687 95795
15285 78848
28658 47923
47932 51486
69517 97507
18258 86529
29091 83272
22944 85696
95168 97915
4184 58548
2216 10171
70242 90071
36795 71166
42980 83408
18677 20404
32992 97427
31751 61894
6313 51683
74517 77103
21430 79864
8785 16854
33088 99270
26576 57089
55971 62376
35875 70836
3215 26654
25378 51167
20072 54656
32180 41502
496 90141
66956 93166
32060 39542
53197 76057
41652 64583
51039 84497
71201 94303
15650 85301
4667 21957
70062 81927
63656 86806
13958 47885
24072 51960
11979 86332
6757 43050
9429 59255
66095 73938
59753 90032
43429 61368
33436 62624
53743 74872
44133 64952
25959 37484
2209 24874
20953 41614
48760 82242
1217 48419
31568 86872
11250 47444
41374 67125
13406 66605
7691 94181
57476 74425
22914 50946
40765 53268
6327 42593
19115 40362
39249 71955
36981 53878
8339 49747
11157 89725
63005 63250
24037 80805
28495 31291
43113 65439
18447 57253
17427 25521
14279 60073
66054 90110
39677 81442
6657 9947
6518 41118
24867 95684
34004 55863
63638 93848
53218 79565
34739 36278
90689 92763
18782 33432
14486 40698
19168 40063
7865 19900
24886 81607
25114 41322
1537 58708
22651 59715
5517 76310
31012 82672
61097 97346
10554 27284
29262 41030
17184 67916
33198 45228
6407 51205
5397 72067
38242 52316
76841 88384
34501 52800
11141 70584
30108 34113
23967 73713
28879 95970
80681 90898
60616 73709
55106 89710
24304 74592
11616 81847
80854 96917
24321 29741
1424 86623
26066 85951
16066 77193
18165 75482
71326 86007
17699 28965
38449 99990
74096 74429
3064 30471
154 63980
33405 58115
72760 97051
32124 98950
58785 95112
28864 43321
1808 38035
14252 36570
7433 40184
20432 33120
32911 95484
3916 53359
64887 82540
26881 73024
47911 81423
35277 53117
6137 29042
16229 87165
12955 99198
25739 94777
49063 66541
17883 71255
58249 93563
5309 92097
9019 94216
38591 65862
5702 52511
58151 80701
24037 99173
44884 70036
27527 82432
51813 79766
19363 59106
21 78129
3409 39445
69583 95905
33605 75091
62121 87597
6890 73621
73754 82737
14069 49099
46129 93444
7594 38637
9342 40690
40533 51053
45885 94430
3917 31072
22665 28147
35493 69843
8734 36557
69181 95702
90201 92992
74 5604
37926 52370
24549 32361
17211 63560
926 77453
63795 66468
70536 80685
52252 92826
54167 87467
25904 65113
70874 83144
51604 61481
59546 69475
48167 80725
82941 89867
28640 59943
26431 85331
16955 17838
12054 25547
64967 99170
10247 33145
18986 70168
61322 71142
50680 97117
5208 74161
25037 45494
14388 40851
41951 51671
35779 69219
59392 89000
5297 85924
17238 61102
74935 90977
39691 46925
27084 39044
33841 46551
61442 84961
24733 85679
23767 48321
31172 59786
48896 82586
23006 69244
51604 61181
22751 47777
7102 82961
51898 53728
47340 81419
35419 46432
33066 83094
35144 81103
15298 55756
33271 41387
82927 98130
31162 68593
59043 63771
28222 93448
48941 66620
72291 80462
1829 68255
56844 95164
16850 51628
34899 64521
14244 65037
20663 69871
52933 92175
70858 91582
82928 96153
778 58917
55204 61519
7827 32536
81383 82155
30403 47196
17566 99730
34912 99391
33888 88824
76888 76997
40563 41393
1096 68249
66304 78896
1757 31444
15982 31417
21425 87680
52534 60195
42896 92631
49938 73731
14872 46241
18591 73968
74679 90650
87707 90953
83356 84239
58569 60346
15612 90895
51544 71080
18232 85765
51976 76934
60068 64212
14394 85118
21608 21665
1271 28966
51163 81165
78766 88825
86513 90747
4096 73819
964 56464
70618 91808
1812 16909
19334 37941
57496 77571
15448 90739
39004 41907
53118 68446
9287 54190
6469 26123
77251 80059
457 24715
18071 28763
14965 29848
2946 70603
55258 95858
5783 26987
61829 62290
2284 94358
34050 39352
39950 70592
33632 67364
45198 78406
66386 90498
26425 36207
32547 80010
90188 96375
52813 71338
91245 96101
91597 97877
76619 77825
15928 94045
5590 93002
40831 82848
39278 45377
56132 91336
24755 79665
74698 85628
18676 73296
55293 79283
79631 96523
17920 85954
9763 41110
15185 95674
64058 75547
64453 98843
25657 30062
31437 61357
55228 98839
68496 95070
49490 49681
18578 70331
15734 43572
36137 66961
8005 37847
35251 41419
86337 88553
2963 44054
9993 46854
55714 64637
41422 62760
3317 14473
33106 89051
50211 68901
27784 55906
86255 86687
69390 83916
2739 87068
47583 95533
8181 67585
17385 47534
47130 92388
74314 78240
19699 54901
44422 94555
54856 91489
30511 38208
21146 59678
76341 98827
45750 99051
79355 81499
70087 82716
26137 64410
1185 8844
39697 61239
32665 77554
44473 67724
23886 27874
43958 94565
1762 73168
48399 85786
33410 97635
21297 88984
31491 41697
21964 99389
45855 66648
1159 27422
12452 23336
63878 80172
96230 97075
45639 60302
34509 75666
7704 9455
17030 95806
83723 94304
74195 78681
32672 91332
21689 28540
62058 68340
12714 71153
12802 72219
38593 73001
59277 97301
47826 97479
29017 79428
36596 78922
72753 82080
4471 96762
45479 84444
3201 36506
81235 86387
46321 86263
35273 67278
33394 47010
19051 57968
36907 89999
68569 83163
42168 63939
53467 54659
22854 46965
62883 96842
60217 99427
44426 64578
2153 60440
37721 84896
86402 90904
8452 78083
41324 60869
7179 77874
53937 56790
60752 70539
677 32383
18417 60164
4650 19037
9494 45933
23649 95882
1165 33806
25209 88828
53197 97993
34409 94709
22268 46454
50830 72281
36295 92881
16447 77762
5247 90536
39369 42980
19579 88587
15853 84542
6152 57523
45532 65373
11087 88065
21698 62566
16394 65167
6358 87142
33210 35315
11677 99042
20825 68016
12758 31954
9822 99481
33412 58226
69610 71302
44752 67479
25382 36870
32942 91662
54133 72979
16572 95268
9763 35692
12388 80317
44745 98854
18794 53403
41306 52211
36568 61030
20673 52263
23113 58780
12070 71233
14243 94203
24013 85398
15397 96688
2129 14220
16259 72048
29390 78296
9244 99613
41594 58035
56126 90771
8259 28743
78780 80193
4881 73835
12677 34796
33605 56612
54557 79453
73621 85679
16982 86359
80438 91995
18005 68221
21320 70223
27932 48743
8065 93452
3526 24947
1536 71018
69622 98554
15021 83497
2 44834
14094 82492
50576 61668
3197 78999
9296 36406
5557 31753
26297 63113
21301 34947
76696 80275
9660 66699
70523 72806
1177 65386
16344 26769
3192 33144
4015 25811
42350 87387
9324 32820
70077 87798
46124 77118
25190 85113
56656 92608
84502 94981
5566 33970
33329 56742
70204 81674
12034 61150
25097 40038
18962 67372
72166 88828
68519 94925
732 41674
83103 93981
15723 88325
3330 95234
43471 65084
28711 52384
4559 10953
87390 94256
8956 41353
21641 98568
66664 83985
7385 14954
30043 45730
55362 94719
78496 86705
20516 79863
51517 64310
12467 33012
59505 60215
13356 68405
40821 61618
21930 54671
24977 73653
44997 96656
32055 66316
16232 68964
54869 97094
45931 74481
33233 82246
16260 87743
8766 13934
63613 68203
53106 57794
2326 68584
46326 89566
25281 45401
13240 64461
2734 97261
40003 75760
39522 55231
6371 47597
1686 55522
23088 28557
2821 18986
43300 68825
58790 67704
16125 77876
18898 87354
67731 88720
67830 78248
6924 78777
69588 92304
58000 89918
71272 75215
32719 49428
80902 89138
4746 89420
9621 57019
29891 80762
38685 40504
71770 97946
82625 87237
71164 86804
32523 59995
11319 63377
63236 76784
7750 10973
18386 23003
73960 94299
15800 90376
25168 43076
56380 93969
14853 85591
53922 94854
40218 72569
7977 65978
22432 79661
53486 58587
34560 99005
5296 20145
89598 94701
4318 31305
41277 44333
60725 66366
13935 86083
34455 94540
28313 77643
66241 85548
41839 52599
29155 49892
95857 95861
40686 78707
29872 37951
41416 49302
22707 44698
68466 83152
92699 96997
55662 60526
45156 87412
20294 68842
50779 80817
12870 49849
51177 72302
23080 75511
27310 57644
37499 40980
84441 98148
29456 89641
26302 78348
97949 98863
51702 53408
58320 98458
37851 82075
33393 96543
54354 79491
19541 94799
22728 60458
10501 19042
81619 97493
36106 89570
26707 34574
28295 54368
59794 63000
28737 96067
2686 92793
18995 71307
26107 74348
25305 91045
13304 37189
11295 32074
31791 79983
14312 70803
58067 93609
56698 73538
60490 72018
7657 25103
31201 76409
19450 35934
22012 35705
29417 79371
28150 85937
73719 89412
55795 99551
61002 78258
5706 84548
46568 54259
11705 59922
56288 95433
12028 49636
57625 65394
29507 98011
25556 42950
14148 75752
11830 31014
9646 72675
27197 98243
35062 88164
6100 60358
76904 88746
12823 58873
8946 49860
11871 27149
2311 31921
53472 62333
9357 14987
80740 98422
5635 90485
272 58334
86727 96452
969 1812
14564 45592
11364 31369
4683 76682
11364 91336
67835 97234
249 17178
1442 19676
92150 94526
9033 36609
27148 74138
9816 55700
47210 47525
9829 84497
46118 48809
7535 30274
21691 88805
72178 85355
25075 48162
91546 92105
16433 87417
10031 69974
40688 74586
18699 69316
55620 91998
30049 55161
43759 57375
73537 92661
37158 89030
22519 29368
1207 50809
9496 67677
39181 63485
14014 24501
44082 92271
82291 98961
54558 71191
81238 92753
12041 35631
32317 90000
22915 62195
20385 80874
17883 26736
26544 87995
5258 54560
8229 52027
85756 94921
19553 49114
67170 77324
26788 39474
60305 86530
48241 75527
20308 20897
571 66211
31367 76598
40660 65575
9144 37037
36218 65436
35123 67462
16666 62583
16143 85035
29771 98620
30326 94466
44914 88108
21970 94820
89676 90565
33394 65264
27345 38719
11294 39668
59189 95459
56570 67077
21042 25417
17826 18365
14907 26666
42563 53863
51933 96368
1132 44508
39848 60530
17706 22199
70574 91400
5173 7705
68859 97906
13529 29110
13057 73989
1481 18970
22803 43854
59620 75173
42753 97389
35202 71916
832 75815
73500 79036
16382 99195
41651 61564
78250 88753
9711 65235
16910 31772
25971 59206
806 31091
97608 98983
30341 57248
84689 93979
36156 89823
14780 64964
7485 88825
38491 71007
6183 67615
4862 85676
90627 91918
78176 94963
27850 28106
7643 82898
28726 29957
87388 89814
12427 91493
18652 72081
35334 57675
29039 76930
5711 15482
9636 57409
11262 36818
17494 46618
77415 94937
60448 84174
55758 68880
15108 65481
29459 81499
84020 93139
9781 79827
19250 23258
19363 64650
40224 46800
34793 92796
92861 94366
35337 79085
33747 69875
20780 21359
21575 79583
45439 95500
36052 86928
10541 56672
4293 79501
33670 86350
1003 69935
2979 13724
41684 47672
37243 73833
64939 91972
7187 27231
39340 87598
96474 99319
84639 97609
58581 84890
6574 71757
17438 73487
51530 53875
14840 63592
50353 70725
11275 20386
21241 30390
40091 92039
37977 78754
31001 94365
9839 63477
33762 77233
53610 54151
5391 68261
21612 75917
86696 91509
36320 70718
90667 97206
39346 47215
48633 52828
29293 35273
61475 64483
81186 85170
56378 58763
64788 75701
50371 85861
62321 98883
20326 43025
7029 86145
34889 71709
35070 78330
86594 93106
48884 55710
10950 19752
26851 85835
62967 75905
244 1622
8542 32243
79745 92440
25995 89652
3904 47682
11846 95203
61886 92000
5005 11140
21564 48376
45874 47262
14104 61055
3723 48956
11677 32771
57123 57146
38661 88610
42986 77717
9334 23675
24870 77787
9545 47649
41110 97803
22869 51054
46563 47400
26754 35501
22728 60114
8037 75236
5098 68276
3734 57811
10679 90451
12018 86805
43439 50710
64253 73048
32118 42005
18073 90219
44530 46963
10071 88731
891 11059
32009 96859
3071 65217
10228 23922
30221 68812
22078 63405
18187 85204
57272 98181
39014 65080
46177 87551
6839 17671
15149 37250
28926 99633
24194 99287
45690 60509
29271 95918
44248 49475
45888 86579
75376 76945
31874 82036
9388 13523
40203 87117
44334 63802
21906 44205
60747 69293
42048 67042
12075 17473
3881 96059
49982 63290
18606 84276
4274 65770
5729 75303
18530 72282
58040 71909
3411 9754
82089 91899
65565 85535
64530 80102
32663 53714
32896 97115
24141 31133
68946 93278
10501 98095
661 6941
44518 96913
18523 57519
41216 74933
36420 92643
6668 69702
33652 84357
16752 32192
34646 48480
86596 92141
62269 84214
28 85433
25154 80057
46202 70286
41878 49297
54347 71146
47617 99686
5658 35841
8947 14461
76380 89906
16852 43613
30068 44562
34676 40527
78339 92459
25670 63550
38771 78923
32368 98622
23497 65919
11628 30808
11631 67681
66992 87272
23052 24464
9302 61556
16996 93350
7754 65270
9074 12541
6958 9134
13826 77518
52552 68720
81636 81881
69595 73600
3764 21338
6080 99574
1829 58057
68708 91686
90844 95501
61950 66628
91989 98757
10096 70220
48339 79765
54008 79493
20490 37417
1418 10630
65765 73802
95164 95458
38606 82883
9464 11305
6990 91891
4530 46091
38350 94131
62949 64376
48803 60458
18193 73179
36539 79292
73153 96552
46117 49444
35051 97435
35809 88126
19012 92460
54246 55789
55810 67344
1332 35506
31685 58680
42429 65139
31275 31384
38294 73257
5438 73077
28697 90415
12472 19261
8419 51742
2726 43608
18762 44472
37700 51800
52623 58460
505 81471
50422 62495
27940 52806
56805 74407
28611 95356
28555 55755
4923 58788
49427 56817
22905 87375
34450 38857
63522 70265
10166 52921
47340 59675
62514 89323
7200 49213
4800 35789
19843 62806
39323 71796
19294 38723
15276 85883
47394 52005
35898 92529
24297 40060
20037 98267
62062 80318
23319 30467
14971 40996
11510 62801
1283 59943
19522 60058
28283 82226
67638 79682
19653 23151
19987 89802
39610 46587
13884 77880
53439 91030
73279 74291
32113 48146
70215 77366
38162 52822
32956 74183
3693 18350
47687 91357
1220 48020
20417 91346
41709 90849
20314 32401
56307 98980
25318 77516
20914 73378
54166 93447
32972 53772
59039 67148
12864 61236
12055 46228
56571 66514
33982 66211
43308 47719
80410 99920
33161 38404
13664 26475
3566 91544
64690 86453
18470 55590
80194 96334
37139 56092
39730 49238
13952 72098
16609 54139
17673 53100
53392 61276
10232 28502
14213 33693
22562 92780
14651 57422
20068 20251
2088 10444
47271 67963
6274 97552
40242 91198
9790 64017
37567 49409
16815 58653
35802 36006
43284 88483
25629 80530
58053 74215
62085 87751
49120 62455
10768 51938
17204 26674
52174 79036
32657 96606
25734 61767
65001 89977
67899 98309
51265 57150
65436 71722
29924 35509
4460 88340
78352 82996
31457 34282
58463 66397
25036 25392
52368 61935
9191 87882
48386 65094
30279 58012
37997 44641
25325 63227
64223 73870
35038 52470
17222 36347
20299 53446
53498 78581
24538 45346
20375 98502
3673 79498
31755 97360
14622 73707
18245 32484
14577 66222
9764 92692
2127 51314
14113 27494
7414 29221
20413 55224
14660 28032
1463 81797
69396 87332
13444 57037
29891 37211
35941 47402
27818 73612
33109 75178
2273 75538
58 27482
9303 23715
47477 69009
9782 31800
15644 58026
22597 77467
24962 59275
72043 74658
13745 81824
9470 53848
48633 51243
25291 36599
51405 58598
37158 59970
50823 84577
68264 87618
7859 73534
5213 60035
3401 83318
41565 87540
3269 11246
11856 58769
36585 99681
6367 28616
18565 34463
43187 76226
8724 39606
22531 26927
24050 47615
31680 79291
79079 96631
23004 62891
35407 62363
62052 87192
38734 73941
77071 92011
54652 92566
14674 42345
6730 71496
59816 88958
7539 60487
23144 27316
87034 97240
6468 85670
52539 60640
65340 92621
24038 69094
13985 64500
41771 70705
8913 27260
65424 83199
18774 27686
32127 86990
37655 91798
59625 72346
22797 77516
50979 54257
12678 78607
8221 15649
6488 53631
36637 85194
31817 92985
9430 76958
1234 38450
21716 60634
27891 78444
95294 97935
47659 81108
33408 34690
1878 86682
58468 95715
44042 85431
57001 85681
71383 98295
7911 34333
7221 98268
44715 67370
59946 98205
98211 99731
21541 25422
26951 80639
5679 94295
36087 75704
70796 77119
11402 77676
51553 58623
6937 43899
25163 70533
30206 68425
40258 52100
81800 85618
38358 64315
5580 84733
24960 99337
35760 58718
24261 51716
39717 80082
41698 99102
19053 50431
56540 94261
68629 87169
32799 87247
45761 98309
34858 67019
59557 84723
20709 80998
2594 91504
29589 63619
24873 25868
25876 50933
15477 76311
39890 80112
37141 98884
33052 69245
41131 82867
10532 74325
16196 76744
4653 61345
36916 62775
1375 64030
28427 43261
7485 75376
47587 68049
42676 55127
4892 6982
42837 60586
8845 20693
52213 66975
52418 74021
9818 14472
44660 83399
39476 69011
1140 38678
33645 62407
13011 31271
63284 71604
8592 23135
5042 41130
22164 52939
51135 66355
59008 74880
55081 79975
22611 55221
29792 37151
4624 47357
90323 95807
37890 81527
66115 81351
6378 33830
24602 67698
523 36724
50220 63559
48360 57176
30937 83066
16673 33942
32081 59796
68339 69761
11479 18824
39202 49119
43419 82429
59275 67807
68447 70769
8027 30877
33282 34252
1268 83108
2271 94553
56722 78157
68643 88296
4583 74906
8026 70634
15191 52228
6445 68850
32793 89533
8353 58336
12167 63611
52270 93597
20033 91663
51298 82575
30924 94836
11923 35861
51847 61987
1852 36343
29936 58187
70977 88454
9806 97657
19422 75987
33018 64686
18256 35164
69963 91463
15415 35315
74536 99631
50013 77951
11520 84932
44840 84914
34577 51961
28658 73196
5547 98323
27513 58435
39829 53969
30134 77304
37271 82099
4264 48075
8076 97037
2122 34789
36476 80510
75258 99548
24016 31957
19685 97513
6342 16643
65854 76829
13352 93286
20302 43687
54847 61892
28106 33357
22012 85973
55463 62137
43922 69894
48033 85784
86766 94751
9730 95377
42629 67147
69233 93928
41224 41535
91196 92139
57726 61333
80188 86500
48998 70490
33278 90831
52543 56389
28565 33897
55432 68177
34234 53668
38476 78603
92653 98597
53589 75448
4916 64178
47802 60755
56312 84291
88275 94063
2098 32821
2328 51175
42764 92350
29917 82983
85369 96851
20109 30707
20655 66624
63773 96183
52680 68978
41260 49546
178 73482
4224 8412
40955 44019
30105 63263
18647 79847
10625 26240
71935 85711
23391 45961
1529 65271
48241 93597
52480 73744
2028 72593
34353 87455
71262 72654
1540 88920
92650 93594
47998 85756
35893 42581
13738 94848
68367 80608
22080 29674
20348 27176
19660 36006
20984 82962
56389 61668
61224 63584
24614 43662
29624 75152
45730 50543
23648 41246
5102 82300
2773 70779
20572 63827
14830 64569
30458 58205
52451 73267
32412 51799
53303 56744
12189 91463
31740 45887
12166 78614
6880 29048
48243 72234
46165 86202
47252 94711
8076 69042
34840 97733
67899 73022
1978 74252
55671 64884
31125 78693
4528 86135
29347 39004
60639 76639
8909 65976
40736 43038
20184 87661
18989 53700
75190 93648
63220 86894
711 56498
26982 40247
14006 27348
14555 94344
55498 73843
54268 65323
39836 84699
18588 63807
8527 81369
87713 89966
63692 98105
42097 55080
4162 85615
29935 32859
20861 94593
26042 83182
29293 76103
54323 82659
69587 94709
30513 70052
28203 86677
9690 86676
2846 78905
55362 92622
14414 98510
66241 99094
10242 99657
5591 13616
18006 43656
9115 44921
17935 49647
35909 72733
38868 55586
14875 60833
46111 54373
20056 88470
27708 73378
36450 52980
18050 31508
2703 9861
11103 87936
54884 80522
59115 69001
31718 47355
85157 95722
63808 68523
32502 65577
41116 59767
69296 69985
5883 94010
26262 76274
15321 30502
39567 77795
42233 60439
8985 41817
55015 79828
15393 23669
42 27140
37137 46307
26562 52572
16293 39756
15637 69462
15140 38067
56427 76585
73742 83013
27812 48552
74213 76829
16034 63185
1061 58213
23009 27168
3757 99705
33459 56241
43097 70484
38281 64526
16032 77552
35025 72603
16031 43379
92168 97194
4157 57931
48780 99048
62642 79217
93902 97627
34031 56493
16591 69677
34458 52957
53245 57747
47708 59836
63153 69269
71549 84330
2279 27465
51686 67934
22158 35510
66660 95034
51292 62273
66488 73665
8990 38719
18109 80003
87752 96179
12012 16464
3167 95124
50783 55054
65547 66748
12418 36230
24302 74170
8397 98343
62920 81229
2410 14973
50660 76809
3242 25883
9889 54855
15212 52810
34178 55636
28497 42894
49758 70985
15784 81153
65158 71102
50395 66971
26933 35414
56299 86281
72368 87923
64627 91455
73682 82354
22362 91512
11700 53744
73764 94386
25949 55975
74364 86002
29919 59926
41867 94793
11955 53987
48088 79709
61296 95030
24495 28877
18976 26503
89355 90692
42303 75324
82134 90907
32252 71732
53074 60133
2048 73779
18786 59239
47076 75270
28047 78868
62914 67035
21269 27473
77806 78110
23420 59549
637 15567
27815 97190
67702 99470
6693 32266
1406 71149
78085 83441
24929 99639
10578 80915
16317 51250
15109 70884
4792 43566
11283 24626
38845 91235
41414 95804
30138 44929
42929 76041
52989 67503
77657 90374
51000 55616
41789 95210
8149 57741
13828 92815
38899 85366
9109 37611
85287 97667
18884 74982
43378 85997
8249 55588
56552 68772
37423 47730
48487 63930
51500 77520
4897 15363
81987 98805
42939 76987
75218 99885
22128 96119
46441 69781
22596 55136
17857 40141
72028 99878
4036 78888
13491 91892
9436 14599
23934 32088
13142 54142
54679 58145
7730 84909
87805 98354
13428 50696
8127 58487
9625 21281
33184 43046
29930 61335
64327 90113
13029 90035
50268 96451
90232 98293
37038 59322
26096 75325
78966 91969
22173 48975
86721 88792
78693 84964
48966 70120
25526 95982
2137 75595
10158 30571
11351 85378
40317 82848
76302 78162
59686 83563
27144 71083
42761 75757
3088 17527
16280 62145
37829 62471
47320 68423
45228 59054
44784 75769
27554 74000
13033 38421
1067 38782
57435 58823
38521 59988
52819 62991
17821 34479
32843 61388
50081 59771
21997 30412
56974 98071
79142 99400
6705 19251
29087 54627
16877 90310
36983 45287
2193 94396
86195 89438
2047 16201
10020 36583
9189 38319
69945 72611
1003 49368
21161 26837
1736 53084
81887 85750
4549 63671
26032 63915
53314 55581
28661 28981
36595 98870
14591 82873
18422 53296
36380 67409
2106 76322
4031 64720
45143 58619
29004 53469
39693 57576
75272 86851
23148 36150
41682 48442
31337 77344
20130 91979
5232 35569
54202 97418
20400 22615
29961 44286
82528 99695
36821 71826
4985 39667
50829 60725
4397 77705
11343 17713
5110 6881
58188 79616
10467 79359
7218 72912
62824 91451
21110 94597
7488 10558
55864 96478
54333 87311
582 74919
6755 41975
58543 95190
14866 65832
58846 87919
39214 98016
56183 65282
30426 70292
30200 40569
29308 71495
22552 63084
23486 40304
24927 48205
3846 40154
45078 46739
75846 95588
10756 70647
44028 83467
50436 84127
21766 60994
26982 43494
2782 80715
5884 17862
82046 86516
15601 16080
45924 51274
16794 54933
91994 94437
6290 10125
11516 34505
7354 25619
7687 36915
2509 50286
26588 73612
42329 73025
41961 85620
78169 92186
7019 68218
44681 92893
9020 73227
3221 55538
34502 38671
34760 80749
46539 67764
3780 28294
23036 87119
19156 83576
78200 82065
25825 42243
70139 91262
75083 81133
20178 79551
19288 88878
47158 77396
15917 83706
68289 90464
61073 65694
37257 58785
15525 27178
36679 43465
59574 85144
18808 50504
18649 39340
38063 95514
16120 68873
55603 96335
33956 44692
18883 87717
1082 56440
12188 64581
13559 65549
36913 96888
26485 58115
37778 51839
3159 20980
18969 50727
26106 58134
11151 78118
56819 75014
32641 82424
51882 77186
7646 24882
17289 83393
22139 56021
7245 80452
19077 53109
70659 74441
61370 81262
40671 60507
78015 80609
2180 21608
40688 62453
52076 63826
6596 49286
49402 89907
28176 79207
33122 62665
56168 85671
78104 93645
5400 97929
9324 16702
89971 98324
14572 32778
16038 68459
78779 92437
12022 92338
47121 63218
15386 85495
68373 97662
8061 9211
12034 43263
11093 31056
12845 76844
4544 29196
60201 61646
23418 80361
18457 93424
21553 80361
56009 88610
52151 84700
30057 32212
39035 79543
38955 63913
69193 96288
88537 90924
69387 92119
19039 54814
2834 59250
2063 24830
16361 43116
31066 44177
69698 83868
20893 88595
25635 39221
16047 16651
38782 39428
23208 92840
7128 98599
74228 86670
38962 84239
80353 83969
963 60969
27681 81753
86282 91717
19613 87729
11189 22894
17775 25647
25201 96904
35698 50864
31729 68780
51508 72283
70325 73937
3784 91932
10701 38668
44460 84509
6497 19534
47678 65672
73994 86166
26043 37356
45352 67462
64724 88928
20307 88682
11859 70171
16606 55126
340 60492
10200 39288
8611 89294
923 68123
72933 95959
55185 77028
49945 70852
51578 95592
64182 78956
14909 26522
16803 97920
54389 80876
4767 66256
54018 58611
22429 84560
55394 96888
98270 98954
59843 76784
83314 91445
20941 64812
86556 89086
22347 35485
20429 59590
57742 86799
37096 88245
60659 73631
42875 99087
11564 86928
13301 58424
36049 73968
52255 64007
50834 62749
31323 96131
27803 31166
49997 57866
21356 80460
31534 95327
7529 23882
72879 89496
55176 88056
43670 67890
72196 73325
73312 95219
20554 35473
52746 77237
43565 68299
27584 30757
37866 98323
72288 78951
23357 72520
32471 39619
32132 77231
40262 90996
57875 86856
20614 57523
7307 66316
18780 59454
89551 90792
52807 67184
73525 92743
14285 33268
17839 97805
38633 96514
29629 79929
64548 70472
31631 88506
45709 74620
1891 11155
949 70385
48524 63619
52719 78561
17481 22223
19855 58836
49668 50450
86351 89491
22121 69759
39931 90593
27846 72207
11656 42025
23829 48284
6095 10780
38410 93259
13917 15697
49943 86675
61618 67368
537 52006
7544 63583
9172 37941
86135 88133
8536 91965
72968 75449
68002 82933
574 43315
9469 88741
36260 39237
22207 74254
33095 79658
56613 86404
30793 99117
16705 63181
17623 80280
47827 82534
18748 21240
5981 34711
2224 72387
55977 96989
2351 42581
36332 80912
70700 85419
49883 80320
33948 40493
19329 61442
3840 98195
50922 70085
41002 53515
500 73078
22118 87219
61615 79322
45140 77449
22086 48830
35519 74846
23530 61353
1363 18227
351 27399
30131 50402
43329 92694
59401 64044
29727 99912
3151 42651
67280 95849
12310 64758
3194 59500
60011 72035
31757 76099
44416 83714
5946 88027
10464 40203
27246 98704
37393 85314
61239 81193
39087 59538
40656 93602
4441 72295
31191 41311
23933 34096
49565 79508
78378 99874
88323 99154
34133 70995
79033 92932
26244 36890
3281 35377
34223 66023
17369 99625
18093 84438
441 47526
59421 84292
25474 46328
62293 93054
74302 86218
56487 66892
13648 75869
35713 87475
44410 46198
7875 72609
5442 93684
33506 78683
66726 73619
53056 72720
18041 47651
44555 55946
40479 57814
51827 85865
12521 76000
1010 6423
65087 71682
4996 94433
56172 76176
4512 14257
22940 39656
82906 96421
16801 37844
34315 55053
64025 94116
35717 71995
69017 91936
38266 40004
43106 57730
27710 83799
20974 50248
15143 29227
9838 54579
22695 57310
11434 49470
66673 94516
42929 56788
11144 59657
55366 94629
44188 86824
7002 61168
43310 63340
72564 79611
80778 84188
75223 79283
54301 91797
30235 54528
42552 52657
67845 94109
49370 69462
18682 54019
40943 72733
22917 40694
1627 31997
85352 89812
43924 74599
47629 66067
51205 51651
26615 97194
5310 46832
4328 99542
44678 46263
13534 13562
62008 71850
16307 95366
8314 36922
44374 62326
1796 72151
8293 25518
14552 80431
22418 74324
19286 79165
10262 25072
44889 49451
43426 45810
13548 71162
37378 57696
36555 74737
29162 49282
13567 96251
6026 19342
7240 16912
45102 59204
61919 72459
35765 86817
32531 62330
93115 93690
38031 71052
3980 34649
43934 81961
78319 88124
5804 29980
71700 84954
60088 78639
18429 38830
34610 80070
24255 86327
1392 82888
58810 68374
89631 96534
35243 89163
40873 55122
12514 90402
7965 65490
507 57818
84966 90075
31977 51727
10854 30387
80939 83172
27790 82987
36171 84915
35972 83458
27145 54316
17043 51011
10352 61207
30245 54367
7499 51244
1750 91371
21066 38022
26378 67708
36740 97873
11978 68218
11058 57708
98171 99253
36537 62453
5574 16140
40369 85205
1301 50333
31436 66343
73399 80902
40929 41912
42290 81108
66388 84884
38814 74436
60405 80879
33366 99042
43558 78443
22975 60891
65463 73903
7586 25993
51535 85627
22172 95999
9119 14373
29385 36886
17309 21335
86090 94203
39778 82559
7161 48060
54066 65918
44715 61989
40769 91464
1614 92539
48472 62453
62528 97767
83604 97488
202 22808
37469 77337
19570 39912
53626 91676
18289 53616
34304 81610
22220 48471
13566 69917
68365 73101
86186 90986
10010 93836
49719 93997
37060 52525
41996 44940
15022 51836
54789 90648
1621 72398
18646 57543
1917 35061
5039 5990
21951 35016
25725 63104
17849 21253
29301 79675
19148 87638
49553 51612
53884 55835
5442 84073
47300 55514
65907 67618
57922 80475
61134 80497
9523 65623
8312 96558
45672 79311
61436 97848
37436 77097
8043 49215
45435 97213
4272 31226
59965 78202
48999 94953
34378 63415
34580 95493
37896 75449
55810 84749
20372 42889
22071 50406
60212 70596
46131 81005
9238 17325
84246 91426
37466 44996
6980 70498
26953 47550
17281 42592
23334 74714
77494 81416
42367 79047
65674 88067
22563 77517
12171 21512
14254 24259
64476 68205
57933 95039
75972 79737
5566 47836
47105 59063
55844 93808
10558 14173
36568 77514
57909 74498
19514 27370
30735 73870
38443 46824
22323 37156
64332 78168
61377 96677
6252 53017
8098 91438
43911 53748
61711 90689
32323 50148
28529 81217
3717 79608
66053 73252
23243 94821
54655 89833
35013 48126
13883 77707
8239 27434
37553 80386
26148 66818
70590 83596
45058 54755
67937 78233
23951 89597
49654 90834
32770 57141
38468 89987
2045 61531
62273 72009
72028 75224
20924 22907
1361 15184
9088 87782
18971 80595
2509 62555
72130 99209
66784 94381
13831 44894
58157 86435
34554 44018
32380 53689
84708 91221
2502 60006
13312 16086
62453 96925
17420 98872
30111 32001
8680 22946
3313 64792
56058 73236
19951 66853
6619 54791
56951 71800
53138 54266
55553 61479
792 80839
36223 97013
25801 86284
20831 56104
59303 87893
4296 33944
3740 79105
28755 52545
73753 80635
1310 83319
63086 99357
20326 79237
46817 64492
15556 79108
20878 49472
27128 78995
29806 83933
14532 50099
21989 40900
17203 93517
82265 84397
83811 89988
34994 97199
15393 71411
53644 64651
8 60459
11371 54561
74775 95159
30635 99100
24148 32049
21172 78575
42294 50741
8733 80100
54681 61789
46492 68119
38267 61906
30197 56497
40585 75087
11493 99333
44853 50830
91311 92133
46586 72460
38877 82334
4571 17970
6518 13389
9999 71848
315 83472
24036 52892
58563 87210
44630 67460
2590 54121
22113 91959
29619 32831
19623 23727
9514 48567
4461 7353
7802 8481
33707 97574
88444 90646
24947 54947
12596 57088
18896 45258
30162 35901
7448 64701
32942 50165
38478 44537
40603 66033
33193 92258
27302 60497
56083 88941
86669 88216
5664 39809
50375 53639
804 58124
17815 83713
48811 52964
66277 76645
5545 97008
77262 81905
30341 44248
6799 55364
56348 93265
28606 60017
47135 64562
19855 26896
7746 85451
28342 40135
32988 48725
33754 33847
13239 97226
59498 95261
26825 70982
29698 94009
15319 41124
17387 24209
62323 88075
75726 80151
41267 57611
25119 83976
31812 86253
77994 95396
40212 53345
4394 13543
63117 72794
15465 79765
32514 65962
68278 84470
19639 60518
32160 81925
55188 56906
11698 71225
74800 75809
17049 22433
44226 69116
75033 91656
90323 92800
27450 92582
43548 67847
9372 23960
48508 68468
23301 75081
38424 81430
8902 31177
9491 50822
18049 47093
41019 88997
23495 30773
28685 35098
24537 90786
72098 90826
54742 55481
76328 87634
53995 84366
56006 95418
45122 55129
2453 97363
62509 74508
76593 94032
26781 98925
37050 79488
49454 50452
9458 72384
9683 21421
60146 74237
18547 57535
41775 98840
11523 40053
7018 30680
81197 98193
20871 30587
33943 91704
31614 75459
67645 76737
63624 89069
42346 96217
41626 73036
8635 51600
34202 63275
4482 62301
65460 74931
53228 61899
7060 85130
6113 43693
26516 74942
42739 60719
19407 67551
14464 91491
33073 45259
14764 51849
5012 99152
25994 57869
12096 29927
22685 70139
21421 43984
20030 36159
5177 94649
3820 54321
48792 61119
77153 91534
44968 89773
49159 74155
54169 76196
15244 57204
10836 23170
8918 24203
18906 81615
13697 17781
42342 44664
35080 79110
8631 51237
51135 99392
10582 23394
3322 82275
9741 14773
22758 82429
43907 85413
12333 13244
55054 99312
10087 20671
11854 96618
36115 80471
17306 94752
11789 61647
32345 46852
21580 42212
11282 70297
13901 37749
34899 70506
8923 26177
9145 13257
18400 66470
54883 71848
9634 36213
64098 77165
45420 52431
31997 42706
18276 85802
19426 55562
67318 82283
22746 94174
56834 72957
43006 98829
85566 86269
286 74044
23073 26187
9797 92037
8573 81314
3610 65782
7569 85973
14261 38048
9494 39160
2946 45586
41112 86973
47348 70279
76112 81325
37741 86981
44730 47246
47362 72126
479 29750
39276 69646
89336 91843
12501 74957
45599 93379
20898 70807
16587 47434
6599 81858
5837 28060
61080 87691
13858 77411
46321 78592
64280 71042
23089 75843
24245 97157
35104 86792
39301 74096
84506 97122
57456 61869
58270 96975
19497 52992
23270 38176
1907 84666
57986 67095
83227 89826
28728 66240
16100 69515
5514 63731
9587 33010
60921 88285
54899 80696
2866 35405
20658 68180
4708 98497
10497 25755
3120 5412
32072 46278
46580 70561
21203 78948
31503 93850
45008 53642
58049 71954
5427 45922
27192 34996
33790 41666
61244 68556
28570 50177
2039 62352
32621 73159
51854 76367
29775 61583
5639 72081
4522 97358
83967 98316
70183 97856
28149 47126
47673 80732
81588 87557
47918 85339
30432 80884
13140 69263
29627 89277
46057 65442
56514 86662
20736 51646
16019 63590
42764 55124
87485 99847
24569 87210
32280 49802
8779 87798
9403 25318
30795 73193
13828 69461
60212 72747
14519 77160
55058 72204
52870 79377
60241 91026
28068 83033
39080 90839
46163 81634
10209 42592
35002 69616
75414 82561
29206 68659
5936 29152
73378 95109
19563 71669
64803 97262
27872 70700
5618 15848
2394 19541
11804 36169
26958 54243
46933 50084
14070 61676
50285 77869
35827 46145
33761 35719
24971 39343
66364 95510
6580 83509
2266 39625
58406 60337
65881 85025
48230 68446
17277 94028
10162 63568
47789 75933
8726 96733
7805 36042
15985 19071
16388 96879
59743 79077
24278 60915
60074 65369
12576 37004
24325 93678
5118 81647
57038 98549
91185 93515
6106 72208
29243 82813
70664 74631
37226 95997
94178 98477
20955 63617
18567 20072
9883 76793
40538 74051
44923 90935
45027 50156
41688 81666
62128 80717
21498 74749
29763 66038
65062 65669
60400 73079
79655 83701
38009 67328
64081 82816
29964 64544
34440 34737
13748 81045
29736 93788
35382 58192
227 34162
53650 58929
34990 84951
5757 17941
73308 88563
38911 74671
70661 77560
92151 98385
69471 96397
28867 80912
24117 75580
6776 18958
846 1860
6131 44533
44926 65138
73936 77458
98485 99213
388 9356
34495 61871
36914 87686
41707 65498
68223 86241
41803 88487
76878 83098
8998 14290
13507 85842
21780 35774
21341 40352
10192 33626
11034 51850
8176 36556
27063 46501
26791 58776
13782 34022
30285 67765
66090 71586
89233 95483
23591 63214
55806 56709
34872 36630
69301 71425
12162 96620
20942 37000
27411 84332
59950 69688
2630 85930
33863 93010
68688 77531
29820 99106
37475 90689
4961 64055
55969 90561
62401 97858
63349 73723
14348 53598
18412 26687
12625 69304
17634 90948
13987 90417
10138 43437
28411 65294
25998 67315
61189 81742
64329 65772
2030 4027
21109 44457
63958 73318
74470 90114
60008 91713
33970 38157
44078 77820
25575 82519
40636 80628
33122 50735
7027 8974
691 47518
24989 87556
8251 97552
16620 98451
3630 99660
50275 82023
55980 61217
24413 65253
12270 86597
63672 98988
67344 99408
45867 70937
44944 96942
37324 41665
21496 75643
54332 79671
1618 43222
38583 61371
13053 61852
28722 34102
71420 85238
66120 66607
48926 66825
27236 73133
25939 42517
13056 89130
7783 22605
53851 84304
33177 44101
61682 62333
645 9781
1209 67923
33558 91982
6976 68009
14505 33113
58732 58926
43174 90585
69446 90150
4972 19010
37929 46124
38597 47502
7047 13143
18810 76663
36512 55797
65990 93820
28661 94769
76960 93968
42606 75179
6055 28961
16095 76676
25711 98852
15874 69582
31576 58335
70820 84654
46484 67129
21983 92738
70719 89448
37445 89984
80151 98177
17266 41913
39537 99210
18002 93697
57354 69780
63866 90891
15825 87344
3526 97054
63870 84515
30898 69502
45433 74551
26467 50900
2754 60094
16547 46313
8889 98960
26134 97804
8314 57786
45956 95234
41020 76058
5677 13130
50243 70500
38905 76343
41406 67949
1177 64069
26254 71825
11276 97012
38974 96858
17946 57357
54795 81463
42008 53171
32802 49553
56360 71479
59643 89781
22795 64011
73742 83051
46503 85466
15886 22448
52397 84465
14360 92791
12237 98484
2592 92493
5328 68251
17086 24287
67614 99815
45154 97884
73634 79655
39223 70792
22350 69900
18409 76090
50403 63987
23761 98103
24063 90110
5557 14567
53175 67556
13933 27337
81048 93198
9431 56754
1509 46911
19423 90700
64964 88994
39783 50122
57738 89287
40380 87753
65243 76110
6576 72894
33212 51505
72518 79126
59633 63191
6690 17045
17675 96946
43460 82427
69352 80224
9271 67295
433 24368
23093 38516
49849 93695
15843 16518
18680 70623
46839 85353
1960 43875
2214 81613
24385 62349
82110 91187
14777 79547
8195 43125
44314 92030
42310 51411
75299 87055
23903 34018
17444 36854
56455 98338
98818 99669
16826 79684
13138 86505
2064 75700
73529 81890
10333 40225
68149 93671
40674 54968
38468 50260
91423 98083
11748 94235
45028 52454
11573 51216
31867 42735
31068 44803
10849 73549
27667 66593
6791 80404
84759 98816
1407 28723
540 36991
11045 21808
87571 89113
19395 41298
19133 28129
14501 51747
16066 25474
63902 64451
84943 89042
25750 70733
74378 99812
8352 74250
20432 96908
50036 56034
37369 54551
1333 90949
71886 81411
52992 72989
11816 70080
13524 78007
46499 79456
78285 97409
10728 78190
1647 79322
6053 86397
88628 92481
20603 25147
14026 69377
29399 34534
7449 65256
40316 67284
85506 94221
23778 51775
38911 90446
55419 74795
20139 23268
17735 77120
3711 57046
3009 13568
59719 81581
19006 86506
1199 58989
5429 70291
45819 55812
10906 64575
93825 98959
6182 37305
18624 65445
12300 18259
4818 24352
65982 88251
67340 92519
2270 61194
66370 89020
24431 45157
60948 77433
22485 68525
7627 67313
55957 73992
56188 91073
33043 80150
67840 94203
45061 55306
15745 94112
38171 95509
10419 25507
10897 72504
28480 50737
10668 76294
53931 56266
10158 35435
21088 70304
4999 15298
53488 72566
36383 93212
27178 59232
22487 36198
51816 65840
51337 66515
44393 87627
35187 54784
24918 52507
59350 92672
22792 28522
11371 48288
34281 67591
25589 29417
55922 72662
73461 92013
14107 43186
23127 53809
22354 40478
21390 90329
1060 28168
30326 62343
69728 97660
27167 31939
91840 98847
50922 67326
16592 77202
66689 90765
10808 92403
48647 67446
30631 93975
44423 44782
58593 61909
10886 80959
51028 52818
44661 62087
25948 34574
27663 59760
81040 81483
20097 37234
35411 76664
4442 50818
16482 95736
30899 53621
872 56171
13534 15956
1993 34148
26079 49044
60049 65697
75620 95685
62946 84127
4545 14330
38026 58939
4475 41571
56847 71158
3034 70492
10903 71952
53074 81546
34549 83980
41252 71068
39051 57259
58045 93042
20734 61949
2892 16751
79743 93748
23561 29028
61890 80798
45636 77130
42231 47956
18225 39735
5116 61750
9095 62076
36026 66901
69333 86840
27308 93134
41470 57971
26048 48758
44401 75725
38272 84495
55930 81085
24653 81053
81789 98854
36796 53474
73956 84933
24267 76477
58273 88859
13118 21268
75630 81378
6221 75038
27277 68029
9974 67616
29723 39004
71151 90811
15170 63967
3896 24339
53424 77776
63316 95317
63175 98568
2446 99053
3059 11209
5248 85533
20079 65804
3737 73453
19804 30198
4413 71029
33849 91183
56057 56942
77181 94282
31800 76109
31957 90376
44233 61110
8388 55202
20080 97551
30127 70822
1867 28922
29629 87137
47248 91168
66265 76518
12464 32496
16069 50969
28503 46286
14582 19625
25541 64518
8108 24145
29959 67443
46894 68298
22355 81685
23374 48817
2673 88939
68813 75224
57841 58383
71766 75229
22970 59017
24833 92390
50347 60569
46544 91868
42851 63277
17070 43034
49507 58590
53949 98373
20212 32968
11518 36437
1044 22688
17067 23842
22519 41965
21407 75322
32097 62702
8717 83337
20141 57723
18654 99462
35410 67981
2949 15641
3216 21136
33411 92339
9356 34775
49874 97848
66068 71083
91735 95433
4872 8669
62810 90249
8305 18127
32670 47274
8133 36167
6489 71744
56220 64212
23038 97499
2962 13150
8835 83138
16402 90515
12697 60821
26904 77690
5024 33666
28514 57680
11800 38688
2270 86146
78297 82559
53773 62619
49556 67937
21228 32831
3587 45179
10561 50255
45317 93532
22917 49037
44136 44767
14037 84835
35884 40373
40207 72180
52484 74643
42024 55641
45899 80163
7290 71292
19659 97470
353 35518
10383 20318
10939 45751
29161 82077
21103 25819
86853 98861
71754 90510
38121 69413
11381 90159
22749 91708
51708 89036
77517 94014
50094 61943
30336 67102
86829 89550
11203 91323
23269 57638
44136 100000
7718 12263
7306 38757
88331 98819
73747 97415
82552 95309
1736 20107
24939 60610
44397 48524
15200 94076
17556 34367
41209 47090
50923 90134
10765 22134
9935 31124
15196 79873
34042 39490
13717 31127
46352 52071
2908 30087
91797 95096
4133 12254
17236 31059
1840 29496
10017 72175
1583 61825
74985 88607
26110 81411
47897 84027
9719 73473
33999 89544
19424 45399
2230 96420
18659 78239
58730 96659
37865 50493
53391 65456
83838 89239
36372 37326
37867 68644
15874 97704
41026 46323
61094 67671
14344 52771
9449 25707
35615 66651
6020 42462
22399 50360
15642 50706
39542 87776
15968 50959
70102 91421
53632 56407
7016 43529
82998 98252
72159 99146
2611 27860
46212 74921
35907 50335
36771 87705
58532 73429
82095 85828
69757 72781
16264 57395
47585 53862
94224 95088
39537 60743
12765 92832
42934 58456
57400 73650
63963 84844
93227 96039
45788 96979
6936 40324
24544 84479
35412 54711
8552 44506
18111 69105
35836 64373
37670 62833
55104 59139
84421 96565
23375 43904
22214 71664
76411 90048
46006 65851
8514 93016
29188 70335
97360 99283
26018 62389
23357 30045
82755 89579
45302 51877
26398 67449
13861 89368
40397 50974
50343 75202
56280 71257
46128 55126
44255 65826
45159 66244
2637 48701
84258 90973
29107 87632
27287 86305
34365 79432
4981 23304
17359 37569
42181 80856
5180 8346
5633 88966
40852 91879
14422 47582
17468 21944
33949 50815
20484 49996
70622 79507
38325 97165
30330 89879
13469 89774
50579 78984
92237 98159
24697 88718
10251 48123
32551 98221
31121 86767
16213 55320
10268 87718
16181 70362
13499 14107
693 63014
4362 57410
37059 62260
13290 77447
3278 45979
40618 60392
22480 95123
28386 81055
54382 91351
44804 45303
15438 97824
32998 87981
21838 83725
41313 85569
36287 99427
76014 86223
31025 76053
21349 49336
10968 38312
3829 10600
4889 27772
4558 54834
7337 55042
16903 46293
42198 44595
8661 27042
4748 72620
38933 84267
15469 70218
47529 61530
12368 65309
36775 39187
1494 72306
11980 33131
22399 94351
56067 85965
62794 88530
35292 78315
2138 42764
28765 98640
35248 75034
65955 77436
83729 99732
34820 59410
46326 94286
22752 92217
15364 41707
6238 89584
33504 79811
13235 91152
79856 95113
43300 48876
73349 83006
58502 66242
43520 47163
68301 88680
1520 48833
90920 98266
28772 60628
47847 93478
70317 86757
46733 80039
15562 38384
10421 27828
40371 47153
15837 72007
12428 43511
60739 90310
39262 75798
4194 44834
7963 56424
46113 93003
65777 73968
24485 92974
7057 84543
47865 50579
40288 51107
23936 48907
8085 60125
12762 33734
38304 93458
6203 7692
11061 83943
85883 99759
35895 40161
17121 80046
53098 54761
30123 61586
16821 31700
14161 50254
64601 76190
58713 93165
44492 52253
56252 87125
15866 41397
38266 98882
31362 43100
58483 97687
20933 83947
53789 97788
25295 71049
23726 85619
30053 84424
10043 35184
61936 65224
76285 99986
440 27310
44464 62518
15947 21576
1753 49162
2673 33621
13496 34163
14139 20165
52836 92584
1306 73908
22751 99517
53856 89894
43401 50046
35724 60056
26590 61221
2661 31469
14933 54728
21521 43566
12653 17229
39297 52295
18793 92472
18706 64520
19078 79515
24698 60919
49970 77235
44373 88291
19973 53633
50326 93313
27544 98168
55118 58189
10215 84362
70147 70938
61967 68053
22007 51737
75818 93904
52693 65582
57187 68304
14883 53270
7259 18605
22966 27631
51049 87784
52826 69518
13789 97825
33481 97964
25378 92218
14069 59872
86317 90628
18021 44922
69451 90563
71610 97268
61099 68580
4715 21653
27527 63929
54387 83633
64793 97172
34268 53898
26953 55773
46473 64778
35496 81848
7332 25271
15547 37119
38121 81058
40083 98269
31169 75197
10143 88791
56308 77418
55457 62366
55645 57507
19072 86456
51011 84895
77189 92875
67202 98057
11901 51971
35831 66386
20264 84501
69334 99327
84940 91093
37448 61857
23156 96702
3260 82155
1826 5722
10278 16351
48867 50707
22088 95861
14617 34639
708 84855
5943 30951
5895 29586
23855 96895
75188 85671
58986 68806
56609 59473
46571 81050
29142 74804
12630 28099
31016 35206
3690 51071
42395 89515
53503 66122
25694 86836
1668 55096
60110 86743
18180 27820
670 74153
10950 22436
38011 68138
78514 83172
393 65680
39107 92030
33650 83746
175 59699
24300 28406
4312 98406
72821 75577
47432 92178
43037 77945
42304 80431
21225 76982
69775 85299
16204 19766
52686 92087
18057 99483
23031 46286
19128 96630
42546 77336
46461 66759
9858 13879
21407 60455
16430 20963
964 10189
9032 29517
27216 41236
2935 12481
67066 73285
50889 75466
91270 95959
29503 87776
11506 93906
1838 88921
46343 48212
41242 50299
32472 69359
24288 80578
2664 60653
7996 13199
73233 87831
3045 61592
1110 50727
11016 53120
431 2473
51928 54506
30523 60790
83518 91546
31506 78559
16302 39422
66818 94139
7529 45649
47859 55805
418 37695
51045 98940
12346 91875
39373 87758
51209 54165
15919 85058
27824 42417
86209 91022
32875 92091
19416 71314
38086 47868
19300 29236
74741 94464
25187 76819
12679 83122
92074 98429
33447 37396
59749 60155
29833 53600
42070 86584
79832 92883
36624 73924
12591 71975
15199 69192
22609 72178
499 24461
28344 47178
20565 75208
55195 67265
45151 95388
31619 44479
8935 13143
61926 94349
38186 64479
16957 48190
82229 91239
71932 84218
54967 85471
25549 42742
40425 80797
33671 55659
48288 69271
55602 65780
62873 68434
47585 87422
1900 84258
8219 9818
10858 18849
57432 86321
40343 60895
26289 57700
91448 93766
36374 90222
73274 80784
35218 56538
74059 98948
2466 71686
42137 60376
4822 67136
10058 40777
3947 13996
39946 89441
14723 52755
12118 82645
37565 87248
81041 89943
41263 55383
53790 82864
11633 36641
92006 99992
54069 71183
4603 68982
14134 81439
20968 73547
37145 38360
18614 31003
70576 91952
31213 65334
27924 78044
25319 44803
25527 26812
18296 56523
47985 57099
22423 45345
4884 57908
17180 30438
27551 66425
314 50809
13074 64541
79076 83011
25178 78122
67966 74889
22867 52214
12423 85439
88266 92684
34930 90819
51311 69207
9128 85440
25557 98686
21770 26388
41062 86664
13362 15406
4623 93358
5666 12616
24791 71695
7317 23678
82038 97854
394 62189
64452 70937
48184 75403
2178 96873
26614 87730
41269 95729
11825 70711
12512 14112
80319 90147
37682 55154
56724 66933
11690 68815
78603 89587
64629 78464
4238 96504
11087 40908
93628 97410
2831 36436
41082 98187
2059 55523
88695 90954
2912 66849
3361 47556
66283 90616
14518 91335
17299 37599
41407 81815
47339 70984
10517 50426
68391 72089
8184 77935
69812 89119
3001 85360
25404 27118
49480 97420
64134 98927
79435 86667
19102 24467
22555 38689
2713 29069
56009 71441
61807 72845
92069 99136
32202 34675
29095 41242
5528 9252
52483 99669
79716 94305
48621 69054
4630 67758
2191 56361
64616 76042
50867 92474
27580 91370
68685 73278
58486 96171
51424 87905
84564 85517
30146 34485
31342 67066
21883 51321
23495 56342
65987 77927
84790 93061
9058 81138
65436 71195
41596 46920
22061 83373
56565 75093
90078 97411
17704 90470
29283 89714
4452 73255
68488 70599
21785 45618
51718 57796
11882 28989
32348 85768
54150 84908
2279 39770
91736 98953
65110 73421
45276 81176
25704 84790
27330 47967
84807 93146
69617 71251
34050 44192
31265 73730
17879 32976
33003 45489
25079 38278
35857 84490
14622 83106
3301 96089
73268 91913
35787 41773
20635 66799
97199 99339
27664 53431
76956 92017
69510 75906
44083 71460
36278 81026
51071 69784
67436 77371
54775 90461
43341 94747
3071 15760
63144 95346
39219 60330
46166 70995
34643 68814
39901 49432
41712 99440
30206 86818
9224 65111
52044 63472
59618 70419
31966 77366
9444 73309
10040 39628
26975 98407
84238 84731
68244 79068
33133 75951
10763 81381
14893 43096
52225 94606
3843 99204
46378 48846
77850 95061
62714 81280
20460 27626
30973 63366
36798 99592
67561 73350
70874 89622
4882 93336
24246 76681
90812 97510
52390 61053
35592 97435
41111 66713
60470 64236
1908 3996
14344 94420
35771 66634
85989 95968
8587 33352
38095 42683
72460 94706
32902 57664
43027 86696
36597 37394
81875 94803
17861 54569
24172 43186
69758 73782
48349 68503
64398 77810
14228 65623
38329 65040
73998 77270
72295 96407
7634 33353
5399 91965
11085 38010
7182 33315
76941 85742
27924 57024
16738 74239
77288 90919
55298 86623
556 19641
2690 76187
11930 90351
10159 92435
4489 27997
23978 30017
42389 97114
33835 96945
13951 24553
19453 95452
25350 63731
19279 59218
66899 84443
55450 55738
10872 51263
55241 75495
31970 81340
20708 74187
38170 85843
81471 88095
11147 21017
20287 94636
35807 86884
22468 58740
40313 79615
56865 79082
36257 88367
32049 97365
11791 59948
61564 99465
23535 99818
30062 57439
23586 88032
81523 94626
14284 67342
35327 96381
36409 66777
14390 98983
72574 84978
3365 78483
47500 79091
5886 13886
68809 73118
14762 67728
98206 99220
42971 91345
26245 62317
23343 98853
22090 23851
85670 98624
9193 80956
10159 29400
39288 62487
94101 98565
29600 33873
48908 91588
49208 70430
13740 19093
39685 56950
12603 63852
83274 90021
13206 80123
57342 75671
11770 45735
35010 93983
38831 97263
57775 71917
20039 41156
12423 95425
9248 62171
4402 87727
52852 77474
68972 83857
52658 87327
19826 67739
62595 87905
2830 7801
48344 80210
36359 67731
19351 58186
54703 72448
67997 92272
6970 89049
22836 78718
36519 59921
4391 41846
31436 61753
17464 28542
27990 43581
64099 76001
30757 90218
79587 85896
19951 68602
1189 53670
848 28504
32122 71274
17758 38929
30478 78331
31092 68935
27252 73593
50944 87078
10789 93103
56361 91769
68579 95233
11514 47207
3324 25429
49695 76691
36906 92914
57670 71649
8658 62228
18994 44591
57698 92074
10288 89326
83907 99932
25151 96977
30969 37451
16154 42493
83058 94733
23521 93642
34746 35518
17094 43765
13253 24718
42306 99384
68298 98285
22269 90402
51724 70372
52085 57807
27226 69355
11134 14556
4396 48284
42964 90330
46619 97456
26588 65859
37209 40844
14417 38867
16428 18010
22563 76150
77773 95943
30775 40221
36887 83488
636 70891
3576 85663
80590 96283
18118 31393
36832 76953
26506 82106
36921 78535
38737 69345
90 5994
33347 54988
83521 97070
50649 92513
1010 91362
20185 82946
23053 89678
24399 40786
60737 89517
79849 86671
28243 77616
38446 59061
30764 75176
3804 31671
4754 56620
45995 95425
30140 73873
48238 75997
25438 58787
56748 84835
32787 52655
398 55788
17300 68235
30271 90787
9558 95787
29277 39758
5808 11819
21007 56221
63468 87912
33494 71426
14859 47869
15315 74770
58862 73969
51064 66736
70083 70934
39817 55097
9365 21069
2119 60514
16918 63507
77 33397
7802 93967
7931 91327
24263 72326
47385 55999
6391 72182
2112 86880
7367 98362
9780 48798
23600 41158
40776 64068
15911 72419
4994 35726
13047 64777
15313 72727
85670 90150
78204 80568
12369 92264
54111 56227
47973 74904
66416 98204
4070 96302
2902 44917
25084 94921
68103 73782
59674 64472
47562 84982
28670 99799
18554 80512
45651 96121
73352 79028
27208 81947
8853 99374
3157 39321
12913 96380
5437 74927
8495 33094
15625 30022
51926 81299
47109 49428
80633 94536
61671 92091
8650 61738
50435 83346
2693 52569
16723 98465
33066 68162
40272 45438
33155 82897
35298 51020
18264 43204
11806 82785
55949 61385
10692 46658
34212 39316
31814 99078
81493 96430
15906 67703
10767 52673
75426 78925
5524 73455
32816 43046
15454 61364
95163 99917
97506 97879
37513 83223
50092 91141
57031 76136
69868 77107
50701 65224
23449 36367
18966 57308
16584 20978
2440 5551
70804 76051
3207 65249
1172 92081
61705 72110
7176 26030
3397 71229
25581 47931
5889 96667
44778 76278
6861 26280
4213 4643
3089 27150
1372 21305
23715 88235
62191 83674
10421 28734
38353 67764
16577 52287
61521 89151
35676 52747
44203 83952
22963 64588
5228 25204
4698 85023
13551 43791
17537 31408
43594 59980
21569 93967
29554 92646
23836 43985
44415 72600
2395 56899
47631 76929
53143 65000
5784 80360
34483 62780
35325 87566
55582 99784
16305 26770
41706 72929
19526 65977
47006 87957
39380 54993
2565 27008
67932 81314
27621 92316
41982 80074
60581 75132
83179 88243
20950 97738
53891 76314
41585 96457
10657 66665
13374 25307
37204 86784
24809 45743
41311 49855
63720 98346
65882 72606
4978 64608
6693 73596
19922 97880
26451 46678
4676 88733
54874 66169
12108 46308
14544 59531
25380 89943
56500 81297
2448 23253
16901 56507
90860 97670
57959 90316
16612 80910
50638 57239
73841 83870
14395 76979
2320 48996
58943 90525
13689 71367
87578 88608
80433 90671
64243 77697
57699 75914
26210 75645
12045 41379
91166 98261
30331 32925
3202 74020
16096 42708
16808 43752
21205 70319
31644 49215
14992 87194
41245 67890
49381 94678
22403 91470
68916 85761
17839 86140
21939 27057
38536 89605
64085 66869
31410 88552
31298 59198
42072 56162
93883 98641
5761 85816
59551 80061
11719 56000
11423 54448
17169 91627
38821 73520
52771 64372
553 72412
10843 60447
57195 99832
31368 60151
23437 91669
19081 28433
1612 54179
61652 79376
37039 92081
1087 80476
50256 68444
34119 71108
40439 66391
59989 66923
55847 94058
66982 83770
5384 10686
22942 45276
3739 5290
47673 79781
53167 65538
15927 70806
58825 87706
65797 66447
60170 66189
83198 98224
12983 49488
71931 83223
17088 82531
604 74962
22976 39214
28948 76815
20115 25048
7521 46987
54680 68671
3682 90200
14634 44155
4043 30976
41302 76649
4345 12071
15627 85794
44790 71536
21776 60387
96536 96773
6730 44883
12737 26766
2374 67393
56029 91861
19209 59628
12786 30963
51236 98118
23480 69560
51677 88533
4982 96023
27203 51078
1270 75008
4130 37495
27824 44029
7358 84828
29127 40041
9420 45039
27272 47579
20237 68695
30536 96749
40816 60770
37329 61572
41669 82785
79920 84461
23661 51853
1289 89975
14093 85458
56522 80688
39452 79010
55052 79420
27739 36967
663 66472
24281 84419
70427 96139
74910 92776
21785 50245
6778 81853
71647 96478
26199 98457
73369 83767
58095 75475
40223 41747
5582 5989
27532 43290
6177 58144
50960 59955
52966 92798
8552 80451
83656 95687
35256 38755
37862 89166
60267 65433
16171 63038
11554 23247
12526 94335
3549 47367
12483 45041
72944 84871
84194 91838
84466 86217
14550 68226
39297 99989
5844 25352
7127 33491
35176 74214
58936 81261
52512 66401
56844 70485
32738 84226
5950 93807
33137 83402
64714 94207
3938 69121
2822 95098
19420 90122
40332 51814
80383 97028
31121 98937
9688 69180
26251 66078
52236 54709
20609 70844
64951 78520
35114 43407
34067 63507
56900 82643
5737 40236
5883 30296
51183 57579
10295 31134
80720 86241
45486 60326
73456 76468
8177 31812
5203 32741
65036 93511
42575 47337
55897 82153
12916 58848
31043 59387
45049 47873
18805 41865
24136 79827
9705 52475
61835 65531
20373 75016
3042 13731
1055 51963
11835 54944
35730 39209
80475 90398
11749 66038
39330 70255
79886 90901
368 21148
7588 57162
34617 42099
8198 16181
32435 99257
37733 87420
15450 67269
25952 99956
26523 49983
27785 88120
37350 76370
28081 69186
17266 23245
35261 86120
7518 77206
24698 84618
14573 45375
17087 26066
27579 81733
36298 90079
67813 67847
43978 46740
20695 26239
24003 45979
64613 80495
26078 60207
54866 98767
13168 28193
88118 90315
29268 92321
5217 62983
58330 74700
29445 56723
56940 62415
64179 68089
51370 84918
9020 28688
7347 54576
13639 61973
56324 67506
79757 80557
55746 93502
59712 90007
59680 64294
48778 61832
61154 63783
3772 93532
9736 87181
42746 70181
33751 79783
11627 51421
8167 73005
4693 97171
49416 78146
35543 68904
16474 91216
18740 81912
6199 34002
18750 54007
7928 12047
16476 66908
24572 47901
48534 60468
8355 58939
66554 79509
3955 74775
7688 71352
6430 40042
73065 88526
29981 84581
33620 85223
1305 16757
46279 93228
3567 77921
17842 25571
30197 70669
34798 44122
440 59924
54126 90394
88126 99530
22743 42834
35176 80279
7468 89026
13203 70224
9016 60071
66020 68730
78113 96974
75362 97636
5733 23223
9674 35145
9476 17670
13797 60263
59401 67614
22282 88711
59260 75788
36490 88316
12569 83207
14103 77056
15712 43227
66339 78140
7749 55282
19059 40077
10784 68610
22917 23761
44728 66111
12764 57289
38596 84629
37056 87729
44751 63342
75260 99222
21522 25105
59380 69255
4274 35541
49530 69921
8121 12968
15585 21726
36163 82162
78115 80429
47358 48816
29944 87062
32051 47274
16975 80132
83981 90703
1110 61768
38610 39507
41241 59255
77593 83857
36841 42100
7760 54413
2931 55086
56168 67928
5325 19378
60543 97192
16606 24163
86136 87946
20035 84785
72539 95349
4592 32480
23291 89441
31567 61435
24293 69487
91315 98223
24240 76228
32058 58626
67632 92646
9178 86943
4262 98646
72271 86937
25006 55013
48209 75402
44881 83642
15355 78150
34133 95649
18353 62592
79626 98877
15708 56335
21953 65188
23274 73258
810 3655
5187 51930
85723 92557
68034 73240
61181 66578
25331 93390
31585 92482
13571 66492
23199 63827
44026 67365
39634 49067
91353 97808
3056 31920
48093 82108
444 20980
13787 63732
50111 81682
55967 77855
2779 7517
1401 78957
82307 89156
73291 89363
12937 85323
4730 71259
38744 42849
21836 31751
2596 6065
22304 70143
7996 69278
44343 72800
42968 54048
50491 88156
92805 94883
10874 93907
48856 98540
87703 97318
42590 55830
48363 79548
28722 93751
59965 98189
46666 63947
7781 26408
9791 78740
40591 41452
55463 87055
48173 83242
53485 94488
8863 70906
35693 71941
6274 46110
52531 70680
7941 76413
71024 89231
42595 81530
36292 71518
11942 33779
44915 96146
6271 46996
69484 79949
9693 26374
49293 73168
18772 74449
2412 63453
86070 90907
32963 65837
23062 72823
40055 85435
4340 50215
57789 87814
18616 67746
15358 69114
38077 62158
2125 10962
9008 51496
56099 94426
46119 72100
30288 32031
11957 30876
17366 85865
7077 84364
16791 58299
16557 49912
47281 84620
46263 92283
96581 99902
6097 12096
32472 40146
12117 22076
24860 46208
83449 97336
10743 88738
93258 96305
55050 70072
39642 92866
73072 94663
76632 94985
33377 71652
23230 90060
52447 77164
2965 79950
7103 7769
43576 86477
61970 82895
26260 72054
41423 50310
31069 99099
16993 82804
15239 30616
10473 21808
52477 64467
88130 91727
7602 53594
11953 44812
728 49374
30751 76401
22813 88341
21630 36556
53849 72031
2505 49268
7235 35256
61260 70998
75155 80183
20933 35101
60715 93158
16908 84441
62827 93343
32385 72938
54377 85697
9620 67472
8226 40859
23819 65454
94482 97505
26566 68652
36463 40489
78632 98262
9061 50566
29372 66839
28213 98994
4254 63969
19047 37410
22888 87254
10294 28021
18309 43875
23390 54448
24858 32870
26738 73930
864 97705
15721 61999
51560 74730
7117 31618
76954 87822
31611 52384
68123 85200
5630 49719
26613 72823
2304 19079
38795 45814
62062 79019
6107 55582
18020 87899
5048 68937
45262 85946
80598 89458
56834 94819
578 4636
4997 62809
40097 88583
12872 31528
25411 65522
7022 21693
30472 42152
13848 89370
9068 65816
54679 86462
20611 59624
25393 87791
50992 60100
44119 51082
49055 83642
6906 46993
38877 55416
27186 74813
8820 30222
12272 29304
149 23807
32505 99534
25767 41108
55632 60850
15104 89910
16710 98889
22171 51109
4586 39276
82195 98314
15619 80818
32058 92938
85906 91688
9665 78000
24642 57615
40938 52273
5028 13034
59714 97439
60108 78749
76752 77292
515 49960
49112 57542
18408 66227
14510 15433
26927 91035
17578 20719
23618 50514
25226 99758
41691 42745
23662 32773
19259 47489
10750 98659
37156 65002
5334 28146
27244 89938
31001 35702
53881 99993
13128 57058
37192 90683
34594 81351
16202 44579
38614 38856
80518 82225
15280 85090
29878 97106
59843 60212
31540 36502
65105 92474
10544 26857
69985 95576
25602 29024
63694 92921
87079 94517
4944 69511
26437 97666
30126 65264
20272 73226
8221 26768
32820 63892
14412 36287
43597 78678
9246 49988
8066 99198
92921 99468
13625 91031
11668 90336
47094 63539
12802 71473
62697 77639
5474 45854
33164 34250
7021 40281
2619 53124
61008 65777
16507 90621
38731 87059
8871 32758
19395 68917
949 71504
14012 80295
6342 34536
13174 24546
34321 42417
4792 18432
24162 56198
28826 95066
76625 85332
41598 83832
15517 57451
54567 54637
71621 76498
26334 88755
64120 64637
32258 88614
56496 69295
218 52479
44073 49840
55144 55372
6727 14191
37573 39673
42373 86613
49550 71154
76571 83369
25078 76467
52987 67289
13484 90065
37367 61449
13552 88208
61559 98880
6979 96925
22663 23850
41544 82926
14112 39217
2743 78838
60090 75628
59313 80679
2621 94681
72489 74202
7302 87891
11573 43832
38003 80857
2871 50306
39553 96789
84156 97607
45589 54284
1150 86332
61163 62200
6702 19390
66494 91068
37078 93306
38216 79152
13195 39737
27907 40228
26965 37983
14913 68898
5079 77023
69175 97450
52528 53758
27759 96602
71633 88822
60432 61216
42350 74933
18265 68480
5315 27515
12641 87119
16163 93373
43076 95632
82681 89037
72749 92942
2159 97548
48364 51957
53166 58605
81560 85089
41160 52078
2261 54471
5677 23384
5977 38823
51622 90981
77001 93573
210 29324
67183 67769
93194 96008
205 44697
28597 71231
30738 84104
37064 38858
75919 83300
34515 86532
2937 95292
77370 94696
19934 85066
35806 81822
19855 72340
10700 63852
2491 26611
34151 39631
38524 75096
36444 60403
26835 80364
39168 50484
8128 64260
70981 91953
59478 90984
22628 75251
62373 71828
73855 96996
62216 85238
12083 69859
14008 57335
29257 31213
3035 52931
45108 66122
48690 57985
36552 37782
67724 93624
36571 67700
61620 73287
1988 54670
75332 97230
4958 97300
5357 39579
42836 80269
41150 46088
7671 14187
8952 38761
5692 55547
28666 71836
22974 59106
37698 67536
27575 29393
7198 67827
17836 31118
34980 83972
32905 65267
26013 93180
44988 72531
8495 98949
31327 54880
47721 74421
46090 91241
64667 86307
22436 31868
9632 37976
12330 94139
55532 60803
36788 61042
69792 83263
57599 92902
2435 71995
3741 23034
20072 74168
17251 19377
22312 66581
5718 86016
81517 98785
30445 95763
50103 65123
2946 16789
20678 72316
6398 37678
37987 67466
18028 40907
29557 67126
63678 98758
43949 91797
2481 7179
86609 94035
9940 54989
52700 58608
14545 75987
94613 95737
78044 84469
45755 92401
74934 98745
1475 40857
57795 68362
35833 43119
21126 76337
31178 48946
17375 63389
28717 36620
36836 79817
23013 59063
87314 92045
34148 34488
20972 43250
32877 71263
17845 88278
44373 82191
53286 77499
35317 42025
49534 52675
3760 90774
49010 61691
62371 87602
27780 67280
13402 76841
18419 91752
37860 90294
22269 92109
69974 87667
9091 57468
43291 45630
33701 98414
55181 81022
53261 77337
69733 81712
22311 22767
8845 76468
62967 93411
21020 90902
44059 63131
38717 74645
61486 82266
14421 15930
13010 23043
28856 70828
18119 42193
14195 53425
75619 80980
16295 41612
41812 96826
5585 32404
47929 89899
7088 64988
4536 69928
12214 78221
34634 61119
10259 34955
58299 68774
26875 37123
66851 70964
20316 67270
66109 85612
62615 75814
35330 79138
2640 69622
4199 95729
29191 57849
56125 64840
3469 10343
31451 52624
17168 44165
3358 47268
9005 59995
33893 50636
72558 78638
40066 72027
34066 56687
20884 50597
18814 76360
41998 71927
47501 62764
16599 19807
13403 50977
5051 92964
342 95201
55476 89569
10084 24831
3032 94817
62872 76818
10193 26990
49944 74126
64904 88139
25962 50382
50615 98872
66403 84806
25647 87752
77522 98213
10079 54757
34157 70676
16548 98609
18452 82466
28454 93660
10504 55094
15963 56319
7377 54384
22172 97751
26329 73156
21765 39009
63575 76893
48238 75433
33322 90861
87501 96523
27839 76456
59762 60506
61185 95533
12480 47724
41782 43028
29268 65058
45904 81885
55185 96394
17200 40372
8212 40752
15674 99501
50768 85624
28836 45435
21261 66685
33363 49096
35362 72527
16175 65284
37425 81871
41127 57017
2441 50727
61790 98919
37206 88322
35625 49986
19862 53832
48840 79490
6823 80783
56576 81553
34553 53729
65596 94648
30999 60007
2065 88113
21049 34688
18616 38426
12967 23158
43821 74123
9849 94230
30699 54703
18002 25942
281 41519
53564 90640
4903 54655
62050 96492
8411 20658
48088 66121
38487 61693
46872 64405
15585 39168
70332 89503
75032 93439
71759 73191
19139 50398
37954 85319
58569 71126
43516 94997
33908 77294
9604 28224
3442 3757
35609 53486
31822 70247
36700 90976
9413 72658
8733 50692
45884 95394
7387 60365
9719 81212
17023 69134
74853 92973
2156 76168
23241 94472
64822 84950
45578 95475
13168 21023
9393 89485
18297 84933
6763 61349
79577 88363
76984 98242
54593 80741
17353 94535
20720 73278
30580 93043
11384 51805
28897 65617
7863 25172
35076 77845
1537 35580
62999 71097
15644 66814
71229 91717
18738 22108
59241 77936
6920 78922
12376 72268
8014 45211
8807 69367
21539 63571
10501 82420
8529 45080
5125 6469
18152 67728
69694 79774
8094 57103
75232 87803
27198 38401
15040 23398
2600 58934
36819 72853
43020 64529
59630 71018
26649 36688
58421 66063
40514 40852
2174 43845
33993 72915
73210 81523
11347 35506
27169 84510
51102 93198
77678 89891
1746 61133
12300 60844
28270 77135
75605 78130
11706 92173
21089 47085
30821 97837
57962 83363
49015 88192
2388 26678
24211 51890
25159 32848
21034 36869
7132 44275
31645 70918
97035 99479
5125 55502
12035 81288
60137 77764
8862 47214
31995 62967
32874 81700
14350 77429
77090 79893
30224 38655
13519 72538
19620 76158
54266 93576
10215 86697
40691 83676
6202 85412
79344 90011
64171 72567
26760 82077
1176 72945
20692 60500
80436 99350
27835 77712
14793 85824
20498 62556
35925 81303
3849 11128
9897 75450
2505 58310
3525 81136
7122 49135
28779 68855
51090 78151
57565 59508
83011 90733
4265 27191
11127 51882
18439 36248
16639 25079
65148 69391
24533 75379
21037 31832
44041 78274
17940 62789
79644 95522
609 15046
46139 56338
2322 50036
44492 98019
24670 29190
35277 88314
9205 91635
30718 32871
31109 63804
66250 73416
25592 43298
7677 89570
23319 62483
1933 34689
34943 68104
58207 62963
42472 62908
14369 29385
26431 66728
64887 86187
6444 73357
4744 5113
20077 45155
75807 92896
52555 58201
48387 87352
25119 76734
3594 62588
21727 49422
16456 48264
27950 95163
44490 83137
30369 84234
88148 94294
13568 73055
8854 30204
22960 96880
48109 96323
65051 65500
26203 46037
2760 62030
58361 86437
944 15145
14495 15624
47947 62270
38193 78390
61214 66962
77492 97832
86372 87544
56252 78345
44234 86662
34274 64316
30043 62010
13751 21444
9356 71911
62529 72965
23195 37177
59834 87296
32806 89668
77917 84363
97468 97819
68014 84876
20041 55334
69163 81697
58156 65752
17953 40371
20374 87197
86395 94780
32822 98755
29809 81865
61311 72359
44786 68328
28130 95857
44706 64220
7991 19956
32872 83259
12978 67484
62015 71568
3365 13604
22839 38593
85571 94536
40462 77046
17405 75451
4226 7697
47456 55961
40439 84169
23846 97231
54695 62861
20319 54073
47567 54989
38799 56978
22952 79693
24314 81988
32131 36767
33021 40390
43812 75836
29672 44253
64319 88521
24954 35827
73868 76876
71521 96568
54093 68396
47377 68932
5286 10544
91482 96057
65011 80598
3396 30794
90728 95298
14063 29916
42307 98854
64221 73788
86355 95834
34750 72641
4048 49231
3527 85624
24522 38909
21235 95763
39147 71931
22263 55438
22075 26290
4857 10905
52782 80015
3927 6880
40519 82193
8936 69712
18678 93098
7821 70176
27383 44785
7028 30474
19955 86108
55112 55234
17771 29985
72183 80261
89060 97322
35775 83615
32729 86090
58989 73007
64934 91546
24419 86090
15605 35590
27284 60807
23120 50607
7437 89732
5702 55630
13230 74949
77984 93007
51017 71726
15813 31064
18649 40139
66424 88891
20586 56334
15846 26770
5209 67412
15251 57493
14092 66175
9889 68405
31178 98850
53949 85206
23553 62329
43591 56416
58453 71334
87175 88920
18612 47080
45440 82622
21267 74189
20898 66648
37376 40324
76960 94831
69712 83427
12365 49608
31856 88551
5485 21655
37474 54153
11288 25431
73767 77715
9720 63984
18135 52529
64297 87128
23654 84728
6765 89707
18510 74207
1545 44985
11219 44919
67239 86101
8487 8656
44223 79606
50547 95275
25299 26607
32722 37461
19464 70647
50418 63690
783 38825
7537 34078
10366 92131
13953 25370
42090 85996
24271 25840
8363 44887
34337 88671
22370 99004
30512 68555
45651 92656
76102 88101
19858 20579
5255 60121
67006 92326
54626 81441
48183 64181
42797 59127
9987 97586
19936 70173
12227 37438
82729 83346
55287 57247
6485 52302
33042 51871
177 37364
36003 76101
13794 19769
5866 91310
76392 92291
81094 92626
88052 96198
64448 86541
76332 97155
38615 88433
30403 76296
8346 66640
17921 79763
32528 79914
13755 74496
47985 92651
41035 98980
63045 74029
66069 90737
1612 26729
75602 84371
19357 79830
2489 9921
80198 87186
92610 99756
48875 88277
31401 74488
55664 79243
48022 59517
41548 66998
75983 98282
23269 61731
9952 93937
37875 68962
60147 73317
25766 57817
47055 81128
48129 70768
48859 91008
57014 92596
9220 82606
58602 85895
8337 38311
14956 88855
13886 37173
43855 77200
26614 77136
46956 80452
64951 86158
34038 79979
40538 68203
42169 80303
71857 92023
49129 51376
26168 88170
3636 73532
31947 42793
832 87236
1714 35065
60193 66182
54138 93841
13087 21846
25494 52403
13312 28334
17132 86999
14463 42887
29371 61022
27370 47825
86426 93938
12212 52223
55947 66970
11682 70662
83073 91024
23190 54216
30614 31808
6144 35449
13368 78320
25410 99174
61951 98608
7346 87561
74598 84213
45854 88980
12498 49625
76711 84020
43156 55470
63407 68099
43471 46684
58494 63799
35876 61226
22698 40869
33119 74467
74564 84095
8104 77063
10783 35674
31519 85943
5884 83585
36018 64491
9031 76862
49320 95655
25964 92677
39167 82460
54959 61884
6939 57496
24716 41325
85768 92782
19283 37234
35239 82454
28021 57704
53912 95319
63258 81232
7896 30599
19918 31957
60235 93786
6701 35091
79605 98597
47616 79197
91291 95355
45342 89882
11724 62620
6875 26888
29436 44529
4254 25125
24590 72861
50329 53406
8604 86442
145 16868
22938 36576
416 65431
549 77541
15865 57919
85340 98802
38125 58522
39961 74892
58471 76660
83768 89990
30862 50882
18481 84794
6300 88310
1694 31052
72052 88838
37988 92823
48674 57506
68589 77376
23027 78669
46506 82345
58162 89640
41338 43635
9825 13235
3589 35328
22260 68305
48715 81860
50398 76121
32848 84025
695 84862
60092 84454
10194 89070
6549 51457
35649 64841
51798 98741
16722 72596
66835 72816
85681 95081
17586 76771
38565 78726
32908 96921
43598 73950
40889 50296
29665 37902
43101 86182
35396 94677
18857 65980
29865 96528
47015 59086
1425 37597
52109 96073
44942 57503
10254 51548
23964 25488
38975 74291
18820 96525
41688 72456
45111 68729
60866 68603
5941 47121
25109 55870
37797 58536
49603 68298
35949 42753
9418 16718
46247 75155
26117 85376
59252 75624
53396 89898
30946 43507
53759 74390
43972 72183
48695 68675
59084 76919
23050 64716
779 51240
46385 47113
36800 92669
39814 47547
76737 79960
20242 95190
6124 87283
38740 55476
1568 71047
41074 48889
73882 93517
159 77559
35296 66905
36769 92654
14780 62872
35100 71870
28574 37791
35055 71845
522 14221
23291 47328
24119 61036
21767 79118
5440 62619
37122 70006
22829 34900
8923 98408
10773 62332
22242 57987
5525 35801
36993 65399
66024 93232
125 82151
2138 81827
35885 62996
9613 79397
8329 32967
18307 21055
61097 76842
10108 74775
50785 84580
2693 46125
8863 26134
57276 68328
16819 22752
11062 73159
21786 30995
46868 53827
14589 45746
56911 69446
5780 39990
21881 68494
1659 13348
29570 35703
41815 52243
19860 37647
13975 91353
5641 97779
74738 99864
24375 28109
23440 78576
50846 77378
5369 96857
38818 48747
7612 57459
24700 82299
74567 75824
37664 95050
5978 18135
6638 93869
7074 26476
536 6501
8907 59826
85001 92404
619 27260
16817 83007
23972 46305
19792 37806
49389 64611
9205 96690
35481 86777
20681 62390
26021 75590
37224 68782
19385 96083
57951 83879
2378 28731
10604 25730
21944 44112
12475 71619
12902 86900
53547 76838
48560 70331
66653 83394
21644 71189
19852 27629
5096 84719
56526 80090
18064 76815
80499 99910
3579 39967
46779 79505
12519 89327
43770 70000
18217 70322
25726 87911
18514 91390
3211 10309
52907 70348
37764 56962
19378 42987
6022 59456
83566 94400
15897 57683
46019 60017
69644 80601
22983 73043
19362 76139
12280 83651
6336 44118
31644 68159
33673 43597
13135 34116
70978 91366
37301 50671
44870 87111
14214 45007
68847 99980
1735 55047
51441 85273
50413 98734
37246 79764
65527 68870
12403 79249
87623 91236
58955 59714
49215 65944
12908 31316
46332 68775
80198 91813
33859 91241
36523 48668
754 15151
944 16437
73829 79240
39924 74162
36072 67082
9501 12220
38809 44229
14172 95268
70064 83508
18210 50697
20291 33361
36226 95423
51236 85738
14832 43200
23652 94674
15464 92235
26113 38333
18125 42723
52429 99403
87840 99613
37069 49344
19684 64429
35919 66387
14061 59441
68189 76781
26687 74978
18929 98744
78313 93367
74723 88076
14681 82053
49059 76446
45809 51410
51543 91686
61724 78120
44344 59826
37885 39583
3610 28363
15348 97432
13851 88556
20625 70517
34941 55624
44767 48902
8434 63380
27523 61901
47303 75150
41068 91044
12663 24852
3423 70361
8455 52868
36590 37698
95441 97149
61190 93864
66564 94842
15647 84958
32776 38621
29743 51186
16243 62050
21135 74520
22457 58043
26797 96771
12602 70994
57579 77230
48576 50161
4481 6803
4150 26566
50294 76373
36479 81333
20218 95097
51773 97183
71351 82184
70289 84251
24902 80980
55464 99501
35783 89411
43349 70071
2963 57122
75055 75260
38715 96356
17916 48060
9213 38243
494 55060
5090 29269
51988 96663
2889 17952
71376 83701
19388 97997
54117 91566
22977 98618
87114 94079
2137 75448
49459 69772
44544 94959
29910 85396
28977 60024
3668 10948
7397 81208
70361 99753
10315 61858
59103 82718
45702 63042
11849 95189
37479 85246
23295 33854
20432 76175
44285 71145
52998 57566
55000 62525
30346 56772
2532 71051
13384 86745
3792 90757
21446 76610
31943 58127
99061 99538
37401 43673
30692 73539
52579 72713
39344 65225
22375 34668
61300 97493
15758 21160
78283 84530
22648 83360
28544 91055
33527 41386
24045 39655
34974 69389
26546 78347
15459 15715
86561 94539
61709 94868
62360 74497
10186 19458
22845 36519
39765 81651
88931 95411
41705 75649
58260 80284
14214 50388
74583 84407
4310 32172
73331 80666
80513 92976
43838 86032
48043 93999
44808 47521
50507 88640
12489 61088
27458 71014
51343 60985
41648 46722
13707 56024
37505 57951
29281 94310
38455 42749
90905 92958
70716 99245
38559 68565
60440 75258
24031 78744
10636 51978
36943 74694
63167 78506
27623 32876
12987 98844
55212 82451
84588 85267
33986 89775
31638 50428
30370 57489
44125 71048
68966 95697
14736 20733
65725 86472
27493 94721
32940 60551
29140 56488
12365 80833
91138 96639
7912 23992
34956 87024
65499 94698
6595 26361
81819 95783
27245 80747
85864 88658
20702 93552
32794 89617
48141 89258
7005 46066
64474 86975
57168 96439
36477 52901
15019 89344
59867 86301
36740 63358
3035 56956
12163 65087
84202 98551
84495 91001
4254 95790
54429 92836
29752 73076
19273 29407
4192 18429
45321 68790
25622 48907
52006 93560
1831 11328
58874 83197
6796 7370
81988 97440
97127 98114
29063 33790
6008 47626
12912 70940
16179 37512
5089 71071
30152 58835
26897 71698
45118 69984
11253 42191
20260 85483
78326 81491
12791 34193
23608 46067
15797 29038
22841 24177
12377 55624
54414 55931
46485 90428
22309 59484
65021 74221
17253 96367
5240 70088
34113 58987
14693 73241
11539 39911
53030 70228
24615 66772
11514 52917
27066 59797
14082 21628
35116 44638
91963 95163
70968 79805
942 47622
39354 89331
6363 75418
84856 85919
5693 54404
80611 85248
77962 94500
25459 68862
8461 69793
37183 75189
9979 96472
24648 43335
34768 85290
57762 69766
9247 15071
43396 57020
61553 84358
54112 70560
48337 79368
35261 79824
74017 94750
59895 96437
19406 26041
40967 53254
9793 75093
59855 82079
30028 48508
2751 49737
34313 92427
27728 94329
43979 91356
32546 38369
41089 42250
56767 68876
44445 58437
80505 82935
19538 33963
7657 48516
8588 66962
39534 54480
40556 75999
49032 81403
71768 86892
36164 92600
1127 48147
67240 76458
6156 62845
18851 52168
11061 19812
19150 84905
9751 19229
29953 93075
47619 94103
34913 68983
29831 82272
1783 91461
65259 77029
63039 97966
4674 64404
25111 95293
7292 29328
68555 76455
32475 64310
23265 98583
35210 59804
37400 56950
31147 58466
11728 53058
62709 62806
39211 56528
52630 86363
1845 8895
62415 66761
82968 99404
6377 94572
43181 97986
38388 46104
28798 65418
49145 97432
67009 67606
65923 70687
14576 78818
52413 65458
9786 17781
33495 88526
61412 78467
20465 46962
41296 83285
47162 55685
48258 76193
16084 61634
59945 95408
787 34835
9611 65707
63669 85217
49377 50258
17837 99737
54746 77707
29817 57787
28275 67164
4442 79608
27094 86841
4651 16138
1480 65355
34937 57417
29189 35643
93493 95052
44617 62895
10489 10784
74353 99722
48225 58179
24057 63467
57246 80430
4520 99318
33882 85870
23626 25354
56001 98477
40438 80392
72203 90207
78684 83472
15433 60266
61215 97277
144 58943
2277 93666
62868 68532
36762 67402
34262 99581
8609 11417
31297 74946
28693 64287
27666 72498
26023 59418
6543 21158
67711 80994
16755 34495
67224 91241
32152 75581
12698 79350
2271 67799
33643 82202
62004 63372
28732 86947
39823 68118
55291 70018
68074 94732
43548 50239
17300 54244
20242 56616
89935 93782
62005 98930
17974 60465
18837 50170
3526 29021
32802 80215
3909 59394
6289 13266
885 41657
17982 25986
45985 78332
40366 89952
12895 59733
13323 66942
10488 35854
23393 41273
16185 62162
11300 37059
36941 52196
30845 66231
52485 69310
16487 85573
56711 59747
71366 94821
8140 74409
22702 64590
11603 50031
29392 91993
33116 95814
679 97810
35439 92761
31903 73961
51638 91297
44439 47242
1010 92170
18117 42759
18113 91493
46963 62576
56969 88739
56756 85291
40484 70333
61853 82749
6252 36475
49192 66004
30092 69414
58102 66959
54765 56454
11561 34710
65241 85201
41586 78770
47193 81432
18061 65665
25953 63272
67689 78233
80750 83858
33305 59273
54900 58550
61234 62779
7811 44035
61832 69842
3655 61090
27852 80132
10168 10535
26622 54448
1898 46073
59420 88951
3700 15681
58863 65152
41132 77220
57717 80245
24420 55568
1334 44587
61962 69251
39723 62434
36099 92850
12409 58347
26106 89756
1454 70669
52660 89870
43539 79704
20894 79879
45183 57786
68819 92977
14711 68281
37149 39651
7500 95130
92373 94693
69271 87701
22831 83700
58644 61479
53281 63888
19539 28930
66994 90195
11675 76229
902 7580
32149 63053
16337 95131
80641 93972
65838 94639
81503 89055
14742 58188
54748 55640
42661 92776
82632 83962
25266 37246
24635 42085
49543 77376
51768 74625
17057 70900
60727 76838
43050 47002
9383 63217
12938 64257
672 30630
96287 97654
49782 75775
49000 53269
12943 55606
21581 54805
80102 88015
7047 40067
67121 93485
29239 32835
2019 64706
59300 82462
62559 69353
9038 46659
16704 58961
20211 98356
18481 36661
58506 59842
19973 51188
29491 52856
89425 94259
46024 49129
43215 74974
26791 64052
25819 60066
49576 87485
25238 91019
19986 93944
6452 94428
30337 35458
12045 91179
20333 45538
52369 82059
22797 31631
4664 54350
13648 57002
6869 28623
28474 59288
23652 45246
35746 79000
2143 20562
3812 27795
24828 38247
3879 22354
44029 64454
12904 18256
6164 57262
13382 38506
33905 90901
31687 50885
16426 91981
85351 87604
19268 95184
8174 72216
60689 75417
731 96076
53198 62722
15695 47257
15740 28747
5657 19820
6533 78242
4597 41045
13221 97381
81027 85982
2571 59758
20227 98733
36220 78916
42095 57674
21966 39489
53188 97658
80879 95768
5766 39344
53494 75418
88428 96407
20522 94103
29801 95159
23191 58179
4180 52624
23079 50147
27436 89693
16803 99584
62485 79633
11133 56168
16673 34009
52982 94734
15325 77176
79663 82316
41393 97754
38936 73523
4133 91988
11158 22958
10982 82116
338 73981
78244 93254
52429 67389
50033 80878
19402 40384
42442 75499
38302 50801
5016 13467
22527 62463
1601 57093
26029 60652
53205 66688
6836 95076
10314 97575
17937 79370
700 92177
50524 52717
19689 40577
8117 71281
28896 46379
6605 78420
29987 72580
22778 40548
15691 85047
66960 81144
57531 94530
82757 96734
65275 69306
57940 74501
37433 67761
70584 90949
47230 53444
10979 13329
16486 68127
67275 73500
6097 98977
13807 51517
61039 77855
57298 86997
29460 47142
26210 94516
32686 46595
17251 24327
2656 10686
15339 21220
40385 49261
49328 62632
31699 43264
41334 44783
38487 64567
9532 73062
11344 52443
31762 37015
83871 85678
11633 72275
11451 35688
3358 54396
47891 67581
86468 95607
31095 96732
62237 62468
19709 47707
2249 33917
1526 7753
12451 70464
9705 69642
8994 30951
5018 44571
52967 97113
31855 89939
19174 46985
66583 67624
86659 97625
17370 34649
7140 62928
62558 78080
46166 50609
82115 88791
25469 94506
13450 54584
32029 49691
32968 46012
37996 52594
76811 79674
53957 88830
48534 87699
8587 85373
33421 52004
81306 88531
1125 69613
61492 93959
34186 59099
10063 24714
16542 38404
27587 67688
19218 40920
38852 57515
89954 97679
15512 50777
24800 76689
20716 98514
1289 98782
8288 91421
24356 69706
51483 72064
61582 75951
7162 28603
4708 18606
19021 73485
7672 36015
4199 65337
64880 71535
37795 82282
22854 85320
48759 83641
21052 37269
30170 78577
2104 89924
9971 67088
21400 92501
19436 98561
23607 77091
5029 79340
1110 61117
28809 43416
8328 38502
84132 98977
55394 68940
48831 62273
9215 54663
18835 63886
68236 81636
23493 89869
13731 28876
78802 86013
20848 90046
2619 86563
52867 98251
38894 72654
68195 78770
65989 68151
9789 52672
7253 45410
29382 56618
86117 86963
61776 83612
39985 50392
25961 80916
26867 86063
43275 88319
78493 92382
35741 76879
37894 95751
52359 57521
45849 75112
25320 91805
9709 74519
50963 61609
61188 61206
255 13372
52511 96849
13589 59129
8329 78348
23356 55052
18887 33806
65865 83284
73396 84454
51017 84722
40347 74809
13011 49541
20909 73291
29222 95437
1418 17015
23590 31544
3988 43840
41765 50708
17261 66400
14908 36947
3573 95823
28478 50472
73109 87067
7979 90214
41551 72630
58009 58216
2681 84100
933 37948
76160 87386
5924 96155
45521 53342
33123 62776
34504 53533
17696 41212
16681 80097
22812 92420
40896 70528
8116 32673
37763 40322
19409 40723
6130 71127
81631 84105
58195 65122
16240 23107
28214 89462
2408 86244
3988 23787
26601 27769
21967 52827
73769 77308
51147 72923
5283 60337
48411 62852
22023 40380
8546 56559
22631 99666
19256 43759
26255 40068
26809 93609
3896 58010
695 1997
19801 58286
64546 82886
55249 69461
18819 67790
54855 95311
48957 69816
16721 44396
94127 98750
17478 73981
95097 96403
33776 75527
20309 47100
54283 67776
26331 27778
73171 79096
29500 37562
33232 61044
38638 67610
43870 77602
50680 93958
66593 70049
28433 60994
48565 76612
49332 79987
49768 58494
36936 59015
55879 86114
36309 36721
97505 99990
38240 91637
46156 57935
13351 79547
13244 79099
81814 89420
7194 69811
10361 35318
30501 54876
51996 83166
1319 3822
4902 95172
9896 84890
44410 73500
22858 31158
25161 70671
14683 99889
3618 23893
40621 47267
58910 63353
410 88122
27527 94543
22455 51356
20607 42227
45551 81656
10613 96091
77375 78756
74250 84569
61407 70335
46630 95234
26679 61410
17143 71995
53852 68330
41573 52237
27584 50989
55652 96942
13000 64834
23137 56145
13665 13700
17149 67439
1152 13770
7853 42865
49780 62875
2600 87482
50736 63550
40240 48044
15962 28826
3534 40211
9592 70289
12514 13125
61765 76264
67908 82344
61475 69136
41341 44284
7831 18845
6068 76538
83879 89192
13057 66669
8971 65053
13680 87733
11683 69285
87266 90457
19296 66159
19425 87348
28054 84696
8861 30082
9473 29665
9454 62185
16081 82935
18859 40997
85457 89375
22006 60600
49710 92835
59449 70676
54735 89085
43189 77971
69563 90202
74827 77447
19947 24979
30438 91675
17131 61257
37075 74458
27557 87214
58293 82929
34515 49132
13143 79270
32275 43553
45801 47805
44150 57128
67862 98970
23106 62466
54530 55661
32184 52702
71112 74646
26290 54387
9485 88805
44646 87337
7638 10847
1862 86917
63245 79261
31673 53728
10827 98533
52343 67943
51583 84290
66528 72138
23843 89785
14780 94654
79306 90300
53385 93339
20122 78690
17193 64568
12797 52400
55170 70677
52486 95395
58159 68736
33684 48291
9645 42311
65919 80309
34761 67439
36032 37200
34955 70508
67357 97345
56160 86903
26957 34628
30785 89658
39107 68274
2281 86359
22218 56272
24604 52558
50282 66380
25937 73612
54980 80082
4788 54020
31138 85506
24288 57136
60579 89981
69964 70142
66199 81461
17344 48145
35448 91482
1393 58594
44522 92474
33114 63378
16983 39497
38760 76245
5680 32310
1727 2947
37083 46534
46229 67831
20292 93019
25852 69260
3836 78202
39920 80668
56613 71514
52856 73826
29 90165
47964 69214
35520 73524
14671 83209
48908 91277
11763 25470
8959 78077
35311 38920
4627 66389
6751 89726
31661 51244
63369 95952
32736 92719
39338 52735
54280 94504
72437 98656
22550 79600
29111 52007
79680 82353
38116 64998
44585 86265
8439 18315
68458 80279
70190 90328
26417 64272
33399 98253
91455 98137
42787 66441
43635 80665
34319 92969
19436 50147
61513 64989
39843 55341
77865 82250
16113 57097
3089 6800
25630 66127
4292 9132
69133 92063
48933 72320
13201 84645
2421 55853
34424 60629
60156 71722
6044 95889
10083 94935
27827 71378
26497 46877
15944 77305
47628 73716
31741 87612
41763 84369
5695 47708
60084 74754
33536 59325
62761 64358
48743 70302
20525 99792
21140 61252
32081 95863
27423 69075
43630 90165
56879 69532
25112 56650
3968 67496
45621 72726
84884 99818
1926 38116
48563 79303
2372 76575
47806 82567
62690 99469
45289 88724
35563 44599
7801 60654
42374 54765
15250 70440
29615 52993
44464 59416
25610 41505
51031 76949
64555 96563
20438 92999
24962 25071
1033 34430
10146 11330
56235 76671
18766 57091
12834 19221
45794 76736
90853 95569
42303 67220
24770 69548
54404 84932
27775 74023
51923 72385
29308 63651
2664 21065
31644 91092
46016 75498
37323 99956
75172 83251
81384 87392
12092 21477
24244 28349
15505 81730
19559 89724
969 67312
2565 89696
13027 71417
46640 58619
37470 65879
16767 81970
25119 48516
852 38417
73211 99707
8474 23964
29862 83129
9335 97291
44533 85836
1345 21845
62344 64574
54387 84695
29158 56860
61249 90447
18009 33872
82418 85501
27553 80580
6160 48581
18756 89680
3192 87506
12658 31877
26985 73806
68518 74646
39944 49441
39645 66119
25122 75230
8943 60277
48664 94605
762 1259
64055 68629
37737 67954
15781 22189
41666 51153
29026 62566
1500 67083
52270 78656
7547 30299
33175 78391
20144 41992
40539 84115
87255 87576
50086 86225
61981 87349
22940 96706
41382 83564
58921 80482
39937 64045
52631 97892
53328 65720
90101 99049
16930 51780
25438 32771
23246 73273
4162 91061
55997 67195
54897 75688
7766 68256
5392 20859
4183 99897
1619 47149
34393 59846
41107 82930
37467 48468
25205 72823
17358 54841
24419 47686
14935 54769
84032 97684
43620 82746
42946 77392
15453 59097
41357 75141
54907 93493
22327 95121
27386 58479
9873 25183
20256 86512
70479 96368
19282 20900
34113 41101
33599 82678
45052 86750
5499 16599
34079 87133
84612 93599
20797 59057
14379 60653
31510 74571
28376 31101
25637 78971
43356 60149
30151 33266
15690 40632
2883 62393
20204 57923
10766 56550
73976 85414
26479 85510
23448 64404
37669 86057
39652 85356
27566 28021
20832 80971
7323 90102
41520 80260
19827 96817
44882 62123
71403 88990
18169 88972
90185 93849
62286 96012
47400 51067
45394 76880
70322 72195
43611 54988
20361 41780
11522 96990
85341 94261
62509 73431
32905 72522
21529 54760
66706 87663
45705 89650
12858 93303
19998 29990
60619 98927
73301 79060
80034 87008
52 13889
41409 86368
73887 79379
8935 35395
34430 86346
63362 89339
38903 54286
12651 67732
24881 68935
15664 33442
51938 68133
16086 81797
45703 75454
12374 71681
21176 82298
55405 97638
1375 77597
84731 87431
38975 89737
79435 86051
20979 74365
19132 41468
29674 76201
1349 89365
6305 55031
83563 91053
49049 58013
13460 65372
10655 74983
33533 75400
46715 58958
17776 46253
2859 49759
2142 53553
54046 76134
8480 19414
4155 22436
80264 88928
86198 86689
33962 68958
16482 68042
39344 72490
40313 66460
17946 22002
21815 28870
78377 84922
14423 86088
10701 42023
16123 71310
1447 77811
44492 47843
65690 70038
14368 93323
34624 71771
16004 98250
22566 39806
20832 98224
3843 79777
42607 71724
36657 46481
19717 45795
15752 45100
39547 49324
58740 95325
87754 94591
6686 49757
19472 46381
4890 21988
37092 77076
50015 94063
21085 33230
21018 78343
12087 51347
27828 94815
45003 46202
26636 32280
916 7290
11440 29520
6429 26857
32623 86659
93713 98969
10979 22905
31559 67370
39276 48394
7182 61593
6703 10379
7525 30479
69610 72614
71989 86240
71853 76330
24736 89075
42398 78892
14459 90665
14425 29376
49187 54987
5857 86433
16587 45092
36006 38338
16439 76102
67917 93738
30666 36005
25387 35011
4422 64900
9120 78742
18351 36755
26572 96660
12371 54575
8174 87775
58110 90861
10170 90157
16437 33271
50984 78602
16620 35081
37266 42500
32524 38619
46083 56210
5845 16215
27636 28164
38131 56745
85530 86353
34569 68902
41985 73074
6946 65901
590 97577
11197 62658
4742 37913
38309 52003
17384 59900
5337 46634
628 50457
22275 25943
79055 88013
44180 52353
58702 92937
34317 95857
24912 45899
9517 46654
55778 85659
22265 60183
42532 98387
1308 90090
8520 12410
22967 42298
8242 16452
21438 26318
1733 53437
32851 89168
68591 97204
14483 36023
20043 53819
47116 65885
47214 98667
68238 98154
15330 79995
35655 61905
689 91210
20031 84895
10668 69219
69075 95919
45708 55496
39159 61551
14978 65019
44498 97920
51117 73844
46823 61097
61595 96462
93110 96039
35514 86630
47765 54215
67134 74944
5707 9946
17426 20786
50372 93557
465 28542
57674 94816
11474 17451
7817 76274
53885 54518
14227 21932
1475 67656
39735 83448
22399 26116
22891 83411
14589 61904
39033 60275
43329 83606
64676 88313
22693 43950
11091 94422
30373 59437
21083 51543
23945 47685
26914 80432
35570 44891
36723 85359
88777 99530
25655 93311
16611 44253
76929 93657
41045 62915
73468 87376
12975 70854
37287 87165
37673 40851
26704 70870
16891 58720
12753 98279
13081 17783
40048 48227
66208 82952
26424 97642
17937 68551
9512 78103
16044 94156
14194 23418
11825 64486
81129 98455
1754 63703
1205 15378
37907 66995
61983 68570
64480 88390
16338 47260
80647 88135
51730 77372
1258 20482
3602 47154
33263 71776
38608 49396
15673 43347
8441 90231
43533 43909
21580 27066
19644 93243
22149 88003
41125 71597
37775 84753
15751 41680
25921 94072
20427 63152
50878 98645
41281 92433
53401 84341
88605 92355
79760 97618
24789 50001
4908 61193
67853 77717
18554 80004
16752 21560
21000 68655
37147 52068
85199 89025
8209 72463
24988 79225
50659 95405
36409 42267
26502 81082
47795 89784
81222 96120
22766 54472
45754 98123
6400 76326
46170 46461
29694 58349
11488 82433
2028 93385
56107 72058
5474 63877
6846 36766
9915 40220
23115 61864
31344 59122
51123 84210
82185 85266
13999 22343
91367 94661
12059 97666
5324 48005
20603 38226
43380 45867
69474 80083
34520 68832
56039 57714
19681 42258
83222 98021
7005 66042
8442 86309
25261 95384
34584 94959
13946 29968
12024 37779
49599 51296
51368 96088
24861 58553
11104 47464
4154 88377
43018 44032
6922 41825
9282 42295
17592 68291
26334 36328
18952 75831
28594 45199
24223 28228
47662 50075
40920 78270
5768 24342
7011 32351
3844 23070
69363 76258
44941 70617
5636 61916
7029 96564
37993 41388
46637 86097
13665 48973
41699 66768
4031 49650
65429 72107
5063 18392
75221 79944
52701 99491
10600 83072
81743 90609
1779 27500
27190 33836
63797 90041
16229 89086
3015 40139
32813 68079
37488 98648
22731 86874
23865 49466
40930 59290
27141 50625
45288 56072
71120 80316
40224 60366
15353 75286
1873 71464
62995 66149
10888 18390
94775 95869
42810 84248
32868 62143
45453 55301
31146 86252
29190 88699
45174 81268
24650 85252
72312 94837
29972 56851
81838 95445
23311 24859
33836 82166
27891 93417
25401 96567
69782 88002
21518 81951
8826 56526
2739 55404
23215 41249
54233 70905
4497 61252
56724 66443
6367 77159
3728 19797
11762 59119
23881 97134
32720 42257
20248 40621
1793 92458
46273 77497
3868 11533
38564 44507
45639 74696
65089 78008
31129 32233
17421 34484
16319 37104
48852 95731
55746 72691
17480 53262
43418 84500
17129 26949
84613 86503
29004 85122
5159 74834
27386 81553
12800 16582
55883 81146
47244 72336
7650 39960
6761 16089
30036 31723
83711 87060
58222 59950
54816 90573
1465 22328
2145 95260
3139 13903
57344 62721
5787 72994
19191 68664
3913 4218
6658 29515
55288 94830
59448 69143
70172 80480
51565 65123
11715 37637
27888 74333
54575 85465
22400 35588
18935 41719
41095 79772
69018 91971
44718 83334
54848 95880
11038 68281
12945 77160
36305 98636
45642 62639
30820 60016
2328 80826
85621 97290
435 34422
4800 59791
49429 89912
48560 72685
47890 73844
22956 67596
21797 74138
35396 83527
8477 46615
78308 90888
30671 43436
43370 56332
10416 83321
67688 79487
20766 97066
15309 35124
6811 91987
16985 92029
91041 97162
25027 67931
2566 10651
51904 95720
12503 57518
37321 65076
46874 70673
46091 74492
28098 96876
59656 70262
10348 96060
2138 27198
22113 27704
42487 76923
16764 50996
29928 89069
2652 97782
68868 89794
8387 78644
14539 92035
62930 94133
10883 65875
69474 77561
18429 40797
55810 94999
9290 49440
29824 84516
29148 37407
14747 50430
17914 56820
35622 64351
67999 88731
29423 55637
57016 91830
27929 38391
37071 51959
8151 74756
38949 62409
18566 60505
9489 31542
20844 94032
3063 17239
4561 65839
13327 61646
34108 43430
17074 44475
201 43439
22777 35497
14133 52255
10614 11763
18300 80976
54361 80408
44666 64889
62945 99832
2981 33560
39405 72855
41817 71244
50677 59713
48132 51318
2961 24431
6048 47444
33848 79199
62344 90581
9973 49446
4496 85049
32261 41700
26758 31352
18379 67121
43954 90770
32669 41452
19453 73197
756 89622
130 55780
88941 97184
36664 50690
58853 93367
29194 64631
10548 46335
7082 95812
37450 48299
18652 66241
36703 54569
74885 94217
19234 48773
12455 36797
10623 17849
36391 98278
14827 28706
67288 98636
885 50655
32518 53600
16749 62926
33920 58479
13245 71722
24489 55893
21808 22618
39533 70740
53140 81994
50745 63556
61476 72203
46834 95417
5325 24298
7788 25098
21649 84165
15434 82547
28065 39517
11636 25005
17131 74606
8489 16106
89551 89861
43490 54784
20637 60134
7088 21323
19723 20391
62610 63419
81824 95890
55492 58106
55457 93363
39048 98667
22672 84234
39587 94539
46542 88059
5466 27325
62978 86899
43512 87178
17100 56754
36935 95781
1884 2786
29134 86944
38192 49711
4827 28135
39309 95760
10481 83404
8437 91831
33161 66155
32693 78754
71815 74004
23064 85775
26044 71390
9458 49204
10577 25230
15265 82560
54758 74419
19145 19916
22714 36638
1372 76464
43188 56264
58406 65503
4364 23033
20247 70412
33779 85781
44510 62712
25307 31937
41543 48136
74673 91515
31137 95534
70251 72095
7451 48746
34705 96174
30119 80596
77204 90253
28812 71644
49684 88009
18845 41766
45775 49442
14300 69682
86854 90383
54678 80801
67513 83204
82107 84367
7704 22507
23154 84507
32209 70863
10126 66158
49992 82333
2807 97497
65860 98146
92187 94555
7439 96705
8260 50469
9359 50554
51624 96846
32063 67798
43864 87162
15238 79449
32553 96425
57030 61928
27353 44424
9800 83983
30752 83392
10433 14585
46647 56760
51629 59833
18269 37262
28388 78033
65577 88263
11643 49558
4150 53074
26324 29375
53424 58833
27317 80525
46968 47608
61311 90293
91 33416
7888 54039
60214 85076
5184 18689
5502 71670
4522 62424
18882 26987
82649 83147
7147 22826
22148 29570
15707 54019
16330 21999
83707 88422
74848 75059
3849 97371
46337 54895
29059 42497
24385 65105
53756 93629
30673 87059
4011 31582
10025 90207
17314 93109
29696 67037
43238 61792
28121 39567
12611 14868
24456 64908
33052 59089
32335 73438
32875 63867
49877 95243
21808 71625
14921 94361
37714 91119
63398 87660
19698 45150
23386 37802
33404 72716
7064 42219
61566 70585
69418 84754
23016 28890
19606 20275
54835 71033
56990 77634
57982 66684
63849 98206
38191 79710
32720 64611
21855 84571
39862 91620
95267 99561
27659 44191
65407 96490
31509 68617
60727 66622
76760 95108
25131 88958
18753 58587
6119 87746
55832 85338
5431 95998
31856 40886
58673 80051
37887 97937
12810 28297
24816 94713
21185 78341
9646 38073
3791 45787
90579 94556
65708 92133
8660 28709
18001 88095
34312 82119
7345 51478
39749 74105
60535 73019
22368 52658
52849 56254
34645 63863
18977 22430
12699 97253
38964 49072
1087 83149
31281 57429
69351 69597
25391 62454
33198 33719
12174 27442
31315 93588
11259 82181
12982 38801
5716 75554
90704 99651
32774 54002
10957 91740
61709 72416
71134 76768
78236 93267
27055 80937
24481 82220
74074 97218
33812 53923
48968 77606
22864 30501
26473 73033
5980 75829
18845 83559
84781 96074
5080 51304
4086 28326
2200 34618
32133 32541
10032 32925
15187 73592
33288 87373
15771 96015
13312 96767
20037 87544
24217 56671
42379 54619
4003 78396
3632 5895
39593 42999
13663 22946
53489 97327
10211 41027
17851 67506
30151 93215
2236 89927
9723 65478
41582 73257
47169 97148
10436 70692
18722 58587
22206 74768
36781 96495
9888 53911
28650 71539
59326 67318
53376 73147
18783 65611
33240 94923
15940 85220
42677 89318
20754 33605
884 54866
70443 86147
428 83655
70864 74114
52667 72982
65293 92626
27898 33444
28512 75651
47474 50094
57407 81299
14123 63974
63299 66642
75748 79509
12 28804
68692 89050
6048 11847
21486 72727
64954 76721
31258 68337
30626 55440
3794 95044
25167 82495
49741 69813
31099 70090
14247 84927
34157 88597
29504 88411
19401 57450
26617 47275
4203 23007
82621 83738
9435 64848
38351 45691
21611 91826
41786 48829
67524 96795
19716 99970
47730 85252
35071 60352
8030 80039
79444 80698
16277 63302
49480 80393
12154 29987
74082 82991
1074 62461
10657 36110
4363 14193
13767 74447
9613 85354
64457 77492
79396 80926
42452 89966
14149 84819
35528 93341
21510 63104
54881 84843
29685 93374
71927 79936
11185 17596
56247 75460
9142 77940
43070 74605
47693 60650
7848 71420
24173 79979
38169 46916
93717 95645
52763 95020
30355 66667
4924 23078
61730 71911
31150 42039
28408 70852
20113 80187
6017 82714
18285 88750
63406 94054
46567 64608
13224 85945
51340 86860
42072 82343
6734 27566
52149 58234
16164 18080
48592 62874
74204 80965
1250 28672
54760 81534
14063 20146
12086 27163
28351 40889
9596 9599
5575 85647
25060 49587
16118 69749
2387 43710
34479 49523
82840 84040
83656 86028
47650 93433
13356 16182
14193 71914
62845 84934
23647 81824
20124 75610
9554 81938
14968 21279
71458 85141
5074 86735
30075 88016
52720 54181
63624 67652
36956 65509
1404 71430
21900 31196
12393 59205
7479 93530
6723 38007
3568 51364
6251 22821
43699 74218
56814 88523
25668 51716
283 48258
45863 53690
15234 43559
43894 54948
30907 50127
11785 72478
15293 56309
43488 43815
3142 58152
22132 55808
51946 98362
43014 81461
14468 21216
43833 62366
53995 58596
82723 86351
18332 46791
12369 47021
60440 86645
62627 78524
51037 96530
46591 56067
40500 86960
35663 86754
843 32982
11131 48529
2421 58639
11492 50857
11543 62740
903 31747
58441 70928
34043 87662
36901 48772
46329 51075
24434 71092
13733 67407
81871 97319
6499 76485
4907 93365
44095 77128
14747 71779
17108 21908
29414 56888
43951 92734
24383 68194
76439 93590
65675 97425
10190 42453
6456 7037
7291 16817
14705 32268
20701 33996
39700 46208
55470 93268
22719 96717
16844 61014
4343 86673
41904 89938
10545 83523
27439 84657
72284 91915
7844 77759
10669 81300
45354 47702
17459 69575
15290 75114
78444 92026
42943 46416
55644 76795
9971 86931
2874 34366
69248 85624
30476 42341
29081 98108
7289 42835
55664 97070
61108 82839
65322 68193
28207 45869
16233 88744
16058 18128
41339 84493
36309 64982
55580 58544
51950 63986
49692 50658
14189 88282
84855 96431
5914 8705
74718 89035
9749 87477
3319 76326
51715 82797
46148 85839
49504 82589
2589 15678
49975 94936
6674 30351
12079 95959
41795 43550
17957 89658
28176 71294
53133 60981
23181 37309
79328 86109
32452 40924
7778 98021
56371 70108
22464 25988
30340 64834
58 80797
73720 83051
10434 19768
6331 73000
80000 85693
29815 62013
52798 55332
2114 68247
59618 77859
46158 90065
10385 32119
53480 58857
56356 64328
65099 80769
40595 70170
18565 82516
14754 54723
70292 71798
85034 92223
15341 68960
20638 33275
20615 74722
25700 46388
83179 90118
10650 79880
46974 73318
61512 66730
9084 97266
2593 64473
61576 92193
657 79523
26769 83629
58921 60528
6916 21714
63450 65596
28654 30168
39216 76409
13484 35897
21263 76105
9621 96314
59776 88604
58810 91030
87956 92852
58578 83900
7417 44121
55742 80394
87359 92322
24468 41384
4077 30549
36266 43818
39016 57779
27842 48309
80108 86289
35347 64145
14978 72039
497 38741
9426 61684
70696 98408
14879 77523
16783 31162
37026 43583
61246 72250
14712 50694
28953 36697
43090 52463
66240 67253
5686 14092
7193 33576
62966 97830
16386 78092
25437 67506
29929 78816
66383 98024
56399 90426
25740 48442
722 99807
10838 26943
26549 74928
8664 16499
809 36968
55824 84903
24767 82749
94012 98364
21648 37113
36015 75762
70850 97271
5543 44344
7424 9399
57970 62075
49692 99716
33155 46897
19505 64219
39432 89308
9412 26156
12195 54579
49959 67853
2365 88133
18226 35098
11323 12406
6732 97725
53484 60475
56486 74136
73741 76460
54071 88872
27726 29853
11721 34360
3626 81236
1834 89443
55992 80805
11679 40876
16566 46013
63007 96914
860 59899
13908 50049
45111 47104
8905 45374
49363 51724
82872 86470
24588 90395
60729 89842
14636 52744
62174 79188
30760 71744
32939 82010
20634 21630
45549 82039
11879 67144
56378 91858
78512 87350
65926 96935
35051 56643
9146 18453
32542 43103
19327 47569
35938 77156
5541 40685
39321 91758
94647 95521
28617 72806
64648 92643
5796 56845
22924 73217
8146 88942
2177 84808
11100 33243
26319 83745
42679 46346
71795 94812
62371 80356
6336 63058
16834 89062
75791 93494
25857 74164
35602 99934
33552 66885
29881 88076
57596 68171
14521 20282
17357 28380
2437 56003
56998 99729
71686 73963
6918 39620
6511 94385
76680 92260
73796 93790
3195 92026
12322 80432
1533 5624
86526 96398
4574 51318
9372 70872
8652 73273
20824 46925
60357 64189
21581 60156
7640 24702
17391 23603
79891 85777
16423 18409
24497 63066
11936 46997
29759 39555
29678 42446
5469 98666
87495 99922
17280 40598
20918 47561
33414 85142
63881 70600
57125 91175
53796 63086
62242 69197
36514 74861
5533 36812
3033 50160
45238 75764
48307 72171
3192 82690
54918 83555
35925 55519
70099 94039
14233 52296
58191 69993
83951 97609
60209 86922
91090 97872
78754 83974
51372 93610
58073 97190
30895 64743
9332 9633
43106 97266
10095 19928
23217 43988
24760 64318
81370 85053
25340 39205
13781 82147
36948 98828
7812 29388
60934 87419
41315 79609
65717 94917
11978 67671
16336 90424
59228 99765
26326 80740
50232 88833
15018 25035
56177 59148
11600 53603
42988 98846
37226 81781
18285 66762
31588 75075
57678 60952
2296 95586
50594 61399
53491 93970
9605 38883
16227 71050
6828 31289
2391 5399
46545 65610
9008 93799
5236 77071
7944 59770
53687 61742
79940 89129
22564 43358
75540 89291
27263 68290
22150 51523
80613 86502
14344 24789
53019 98311
19137 92397
20655 31116
6851 79516
38594 68588
6013 96936
2877 55578
15322 53620
18411 74187
38602 46844
24958 35765
3323 95827
48312 76630
23188 95165
79141 88577
33156 54664
31569 67617
62745 79741
26212 88946
64330 67017
25254 89473
57880 64804
11651 13105
19191 25359
15010 63027
12836 85706
14802 47495
38706 88037
16320 66715
36850 45656
45882 89874
58040 65226
37326 90991
9625 77567
48006 48252
59844 74796
23243 57195
7754 29523
40225 88767
4066 23853
45712 62410
3922 18089
46700 79798
13256 75978
43252 69495
22836 59869
223 74383
30873 45329
45273 83348
41875 49411
13159 39837
10138 79537
13279 42879
54751 97288
862 22614
47054 47068
1834 70571
48653 82644
26323 78392
18932 71475
14595 45758
59582 74860
18888 58588
5005 91056
11710 41507
52901 60522
59213 59745
28455 61809
32040 82775
3310 18728
1274 28881
28428 39518
13748 35123
15835 83811
16454 75982
24408 74338
23049 53465
1385 32569
54584 58182
1341 62711
13183 70283
2393 54368
10294 39903
13558 63539
14348 68330
63905 64681
36034 88989
21566 52977
35801 84690
3772 58994
39920 80036
6796 70015
46977 95576
35267 68943
25529 85606
27108 57687
31780 81400
38571 41956
20291 37184
11252 50667
13081 91746
57772 67982
85531 87097
10926 43266
23818 28524
60303 91323
36170 64341
2871 15889
19050 38740
38406 73616
80237 98264
13271 56760
43121 85502
57389 77271
65552 82441
44080 78846
29467 30392
11677 34954
55541 79792
31876 51544
65286 87813
14860 42454
21701 55510
32490 85658
15677 69431
24133 58467
29253 93737
5214 86545
8049 13624
10744 76674
16221 39017
11168 23414
2113 81463
15443 76918
35374 85072
61978 89097
60895 82171
58411 67745
37929 66245
3518 95656
210 99391
61178 90744
91395 96141
2538 49469
39269 72492
36450 68464
26725 68647
8762 53103
51298 53309
34417 35551
54766 88988
23613 28183
38344 83259
19898 59673
27246 48532
38657 40365
24721 59252
45474 83444
29640 51252
39427 45138
33324 69383
25399 39585
37534 47065
42556 97514
9976 39352
3827 98521
2342 39621
46019 67704
5419 62520
37975 47020
10544 11632
71511 76951
66980 82420
70792 84178
57184 60291
74933 75768
655 86689
11739 41885
42065 42835
69747 92655
21603 57752
41349 54292
764 35963
54076 98026
31499 53210
19193 89446
45100 61694
24166 29709
44423 92102
54373 65632
25473 31164
53333 83893
12064 54942
11524 15420
32793 54606
4314 6299
25863 72367
33880 42811
20920 94835
50045 87158
48639 75297
34919 61332
79557 92989
54605 96972
46743 86523
19154 56971
40700 44691
34913 96590
25305 53281
53804 66678
13833 38205
27154 64403
17681 28888
5609 30047
78004 85096
770 78237
40261 64961
78275 80724
54048 55192
81640 89537
18911 66977
23388 82465
14170 60459
14028 66112
42094 97230
41013 67884
80544 97210
19656 73272
61491 90717
72639 81646
44965 65939
19626 27177
61663 74357
4372 97466
6760 96136
24866 42213
22857 89552
33410 44129
41140 87359
28791 88742
1335 83798
59039 86325
10304 33055
31744 40429
49014 76277
43290 62637
3141 12677
26285 94277
67599 80436
37553 90926
25829 75217
13300 36915
25852 74193
10219 74816
22033 35799
29960 54249
25067 75105
36666 89747
79647 87469
14975 43508
48850 77959
17136 40660
6715 23618
30998 88067
8626 63800
25556 97152
26164 28330
35643 36357
48782 63661
30125 80370
27719 55231
13174 91924
16645 22166
51316 54586
29817 44698
27218 87124
34954 87344
3263 29927
24600 78750
6276 93941
69582 83642
50684 93946
15461 62733
43318 67921
7581 57719
20455 47033
2578 65319
29288 52195
8699 45485
3796 27526
34616 86134
10613 40802
12714 40936
16233 72462
2974 48696
36168 71834
22176 52482
56360 69924
39389 46137
15851 16967
38687 62131
14229 66793
67484 68253
3423 42118
84710 85033
34301 52853
21417 25345
21143 32153
34469 61706
97631 98493
27160 95501
54627 75044
8042 15307
31062 87964
86945 99708
42537 79922
47652 51060
21306 63722
81086 99354
19826 88017
34068 84770
17621 88598
15897 93595
24565 94413
56404 84941
24225 31172
18643 49137
17232 73678
3169 53590
39536 48319
42649 62285
28545 95251
26919 55366
23953 41602
53716 83819
36235 57735
33965 88640
21818 64747
107 88558
35649 59896
7495 12332
55164 88001
41673 88552
28187 75782
7732 15996
24867 81339
9949 95904
66880 86347
11630 84067
72188 86713
61833 70471
78459 94602
67450 75744
25910 71360
3571 29032
27450 67942
15298 28140
46152 95351
29521 65385
59420 83652
19460 98958
74148 75449
60302 94909
48893 93045
56436 65356
28324 37156
24103 65016
52484 96976
6240 60765
4297 66228
32170 94712
903 18178
51962 70741
3801 90512
24031 24994
14745 96302
34806 85788
43609 74904
23724 46544
50209 86561
29368 78156
22886 70836
57442 66044
4794 74989
45448 65882
8579 80819
16041 92017
17062 37207
10722 62221
12925 76873
71691 98762
57875 86294
13509 68846
67545 95552
65918 92815
23150 27129
53913 67595
69982 95106
8891 42258
35147 78529
41536 62766
82487 96216
45514 51527
18126 45934
64779 67876
22206 24676
6155 33907
51616 92074
35467 52511
4897 68133
6383 69233
77879 92874
27544 81187
49711 52608
62470 74450
18438 80695
22027 43389
24685 91852
4714 79796
56141 58343
19321 90068
3630 79922
30138 66335
39324 54989
12367 58278
42900 96766
89360 92113
21960 83048
86942 93932
61358 76676
57270 94113
3853 66744
30328 72178
5746 64134
1666 31813
17849 48094
53671 74615
19927 50525
17293 98993
30567 91467
8173 58103
8702 16807
41578 93890
1139 75237
12714 35279
87953 91345
25466 75255
47805 97805
25984 94246
60991 81767
41928 83113
2098 59616
21720 83282
76382 96818
9917 83159
71379 93046
5111 31493
7369 55357
22411 58283
20727 40448
59330 75869
49644 65152
13989 71833
38610 69530
27356 99288
20247 39157
76856 77432
82834 98786
29512 66557
36414 87850
83448 91726
15191 60315
21813 77113
51913 59989
16435 91785
5185 5505
79093 90375
28829 89512
8699 13262
29309 60425
77060 86115
40628 83444
26295 87418
612 89597
47858 56120
493 93329
82685 94556
24896 44684
10826 61141
25693 56843
21127 82980
870 92461
18677 88115
33062 92944
26445 37233
39736 67795
77717 80964
37361 84670
2681 65457
30571 49905
27675 35127
7953 51604
20708 81243
37199 97114
17500 26894
49126 84189
2285 61522
4794 17928
39733 61784
81769 93311
5353 23779
63075 92292
29697 49177
82764 84200
47113 77027
39322 59865
79572 99640
27772 42892
5453 80796
82654 90649
54733 58664
18770 98837
1319 40623
8922 77492
40148 61581
29834 63224
2455 84717
13599 99556
25196 63309
89098 90437
41602 87131
37165 68965
46471 48464
16834 66162
43756 87861
11439 97464
41134 85586
13472 45876
83048 96068
24778 37489
41789 58636
4729 76918
56926 90795
1908 5954
62175 88833
18361 29788
35595 85650
8652 62587
40464 72217
10758 80677
6066 91275
25606 46379
83843 99926
6992 30282
22903 51927
65213 89842
43857 68213
62738 74732
25884 31125
53741 91796
22636 92051
9601 9671
8879 46226
23140 36168
79770 93151
6413 68908
60741 80982
2449 87505
27202 70741
50888 57417
42058 48505
71624 73517
62767 78051
9039 38030
41058 45025
32428 99445
28852 53743
3534 16436
4583 53039
81080 96938
14948 54420
31930 32424
41680 90812
31349 94630
56446 83450
26214 68104
21546 27478
33977 40888
13885 65419
817 55101
43630 82473
1277 92810
14564 90769
16277 19972
59302 66353
28893 96060
40137 57372
54693 75655
30985 97558
71224 80144
58452 86182
52697 68490
49903 50284
16572 68406
46404 54511
28182 80824
91725 95361
83713 83774
15 58918
57799 77085
75047 89859
55927 58589
44442 65360
60199 60529
2031 32957
80706 94394
1590 94034
65934 97246
27297 63832
6 84803
79365 89672
28423 98991
5559 58449
37025 83112
63463 86016
36346 75657
59858 66358
47371 98788
60572 78088
6050 57255
53232 58553
8223 64058
48863 64388
17660 98822
1914 45500
47070 65037
1847 25871
51676 75322
63791 73385
28713 50583
2360 77468
62833 77487
69882 82501
39419 71053
31745 86330
40374 55377
36691 98896
23965 95828
33131 65738
41867 78429
41899 86887
15273 46712
9688 29595
69130 92079
72603 88902
78902 82370
56736 77828
8766 77843
33270 77399
9699 10704
16986 33782
60498 67759
17676 83745
5080 10811
63864 75809
2591 63228
2839 12767
40644 82219
113 58490
28438 96293
15233 79120
5307 95505
4048 14668
69806 71045
35477 75094
1562 75351
2857 54269
41221 47646
21736 86772
46392 93273
33562 57293
40952 97327
62367 80125
13209 43520
63564 85114
8788 15694
41072 61411
422 18888
31663 44708
40218 67896
11919 47347
33676 56048
5138 62917
37768 95314
32121 49012
50019 92014
21799 96085
64585 80855
48232 79413
11997 16456
18158 62530
49429 72149
13646 63033
14057 18729
23083 69075
8802 52439
49635 80679
36637 60097
49375 62764
7646 31780
62062 77807
18997 90493
32131 54536
43292 53827
25295 26113
57296 86126
46290 61982
42821 75573
49340 77033
17870 27975
16448 58350
6998 63189
25410 82402
34386 77703
8281 8365
572 24080
57254 78016
10989 49926
82169 93743
58094 94202
8095 74975
29115 45381
8773 41301
198 29398
27707 38813
17168 57861
62255 70939
57974 61163
10002 36754
17575 69234
1174 69827
82040 86644
11237 24749
20205 25469
15373 53084
80431 87895
10236 85490
1077 81528
3399 7163
46630 47362
36569 88019
28984 51320
19579 57616
57354 57484
49534 73715
74702 91712
74417 90369
55502 56867
15110 93264
65391 85254
7037 33582
3295 34167
8547 77036
48209 80119
21969 89525
58707 88721
22913 49089
20007 38878
8496 87856
2791 56324
15034 69192
49257 97978
92283 98815
29283 37788
34415 50123
24156 87105
30874 67523
1875 66959
7892 75451
59887 87335
62227 68047
34942 39336
4525 66241
5769 12734
78980 89655
12322 38737
53549 95033
32497 65192
12625 71994
48131 90362
35523 62805
61310 79212
28036 70364
17091 21631
396 34381
21085 88280
50399 89677
3581 77434
25601 40052
45136 59637
35772 47030
37617 61050
11766 22214
42988 49815
47095 67231
28726 52620
11095 28108
2487 70042
2412 85754
68055 99957
45848 46488
20183 92344
33933 88685
11235 41543
9168 17253
43908 52441
39518 88401
28445 64520
68185 79002
23181 41141
29473 85329
78560 81992
992 80764
8110 32797
1360 54061
8775 36923
20633 49453
38721 84941
44061 73906
45168 49898
64944 79539
38821 75810
34158 65911
75179 90162
51084 77476
1980 20640
33437 53650
37989 45657
16344 82393
459 84347
9669 90718
15796 93829
41008 71093
18488 50752
24404 86720
12363 47521
53887 66952
67670 79545
31682 91262
28535 90667
11620 65400
4053 28734
1408 2368
60476 86357
11562 83276
39800 43275
82357 94660
38899 69665
35674 73859
6192 9730
18864 43246
18704 31873
26945 63465
15141 57612
20201 49937
5921 88240
13844 82172
38475 84066
11118 56819
14709 79788
10877 82872
45047 94880
23080 88936
87005 92794
28229 44905
61955 78287
25055 91546
2885 96167
8350 59623
4250 40042
39767 45957
57729 64904
27212 47123
53770 65983
19648 37928
40498 76775
7583 59609
887 20186
18911 65002
15891 64624
30718 59234
269 85522
37179 87206
41908 57184
13119 30110
16352 18765
57266 92740
60116 90245
70598 82277
15188 32691
20487 35745
12422 14558
16703 40453
52651 93529
1087 18014
72685 99555
12128 63273
48080 53809
22305 47404
44437 52347
70180 73801
21806 96529
49564 90564
7861 49799
50421 51363
21264 33822
82805 85778
38370 81354
15262 20517
72057 84150
77030 98588
12487 38140
24297 99276
20495 28681
61353 97076
32458 61519
23834 35155
9693 27737
59097 91673
33654 94665
21543 25160
7550 60747
22569 86010
37452 59851
5723 31339
11640 69082
38463 49370
19885 76883
23675 48412
6092 12972
75641 97671
59679 85295
34938 93950
7146 99301
33450 71946
55909 68126
63276 65231
27995 71403
90810 95964
12607 24978
22597 43041
35776 86074
11580 56827
27125 87980
23276 31968
44751 68266
382 6717
24168 40905
19102 99103
17097 89502
12039 69093
73967 77358
22812 87572
3014 38263
45656 71543
20313 71338
58282 95456
29885 39668
60258 94578
76080 80382
38177 96908
30806 82070
28899 68505
39800 92513
52408 61976
86084 95813
7893 40006
42729 45395
42298 87360
5259 64912
31064 83575
44065 73034
10246 81607
25803 97452
27769 43839
2131 88100
51235 98284
15414 90404
72724 97677
47716 98061
39882 79943
18899 79275
17005 53993
45490 85953
32286 64793
53867 64630
20027 43110
32843 94129
17972 76591
22051 80511
52080 85405
17565 18151
12084 54328
6235 48913
20588 93933
36645 78393
6054 7020
22156 31816
36481 56600
30914 69926
42308 51296
12035 73828
43677 65794
15998 40985
11219 63186
20569 93632
48588 56066
73120 78515
39736 50122
363 3134
28188 84674
13232 53270
13608 21485
25049 25089
86935 87524
28065 71092
5873 81229
30626 65407
21479 90143
19805 90746
21581 50185
46378 55220
67886 98232
20615 60334
36154 42254
50429 67776
20557 38209
57368 79693
12148 38826
37130 89418
75657 76842
8739 13185
36824 92866
6565 23053
38394 58736
75671 95876
22937 84915
20692 85787
60884 93327
84480 93349
89805 90310
38050 55717
6929 12221
30311 54537
28374 70254
11696 39909
6523 94896
6087 28092
45565 70092
31551 40076
1840 64929
885 93804
16821 39485
61475 80775
77154 83191
54286 60310
7094 99773
17633 97831
597 30416
62136 75066
49693 77394
1996 30731
45511 71534
2082 80363
38390 86665
76043 97441
15694 55002
17195 98889
82743 83100
37227 75294
36475 65515
51878 57774
54314 99333
3095 88219
49552 86364
317 87418
18602 71271
3101 16081
23827 83879
48026 87093
40956 46546
2366 64526
26399 93353
93112 98384
41367 67729
57799 68613
26020 99140
2813 61342
11451 67810
40842 73438
6745 50918
53132 82629
27132 33020
43818 72889
3572 46291
14490 92053
10118 72124
20055 89995
52855 72633
83495 98936
1825 31593
49069 60467
63117 77366
5500 66884
98110 99276
8835 88577
162 17245
21879 67482
64751 95945
36388 80361
98722 99982
6119 70858
76165 77547
36870 73690
54655 70876
72098 97852
28113 82096
42094 48620
36364 70922
38369 86633
42548 89698
72762 96481
76541 97593
38417 39259
78275 81498
42018 98836
35295 47490
110 17496
110 96757
27107 99097
33446 45516
49223 85680
34231 45315
20057 29318
1272 87966
48364 71623
66793 72003
2687 19045
55502 67657
23151 42385
40848 79080
59800 76777
20644 83688
19944 74888
59069 72199
33792 94551
53044 97064
28577 97200
34761 82599
66544 95379
52756 59452
38677 97785
17572 50555
8575 55616
81741 96763
22556 28824
91791 97049
20598 67438
60615 92997
21245 53457
19946 23261
14831 47936
4286 57959
61052 63357
34752 89970
1330 13697
35906 94966
14703 46451
34204 85859
11109 96245
94240 98624
676 29350
64874 71644
8643 31104
16930 89215
11381 68610
16046 25452
34644 78004
35638 91569
5296 46723
2498 24637
6750 8036
44720 94852
33401 48674
55841 64932
60959 69872
7506 61964
20689 35527
7105 94275
17476 93294
33 92075
7580 49778
35956 43188
32494 54351
38104 96226
81278 90959
10765 80796
28721 37926
39731 53847
33229 84643
24538 28480
42210 89829
77488 78926
4837 75267
8207 34237
23203 78291
58970 64859
2464 53533
23586 86469
6429 19616
15986 18373
48165 61700
10653 28663
21667 72433
23371 54399
33118 63237
28502 72581
6100 23342
40294 96498
18415 55984
47535 67436
19216 41008
23600 33164
27482 32278
33991 63199
24314 74161
50288 50499
94406 98862
6182 20109
36716 44502
86194 90371
6524 26004
9465 41346
26747 39502
35799 38101
31225 97659
82446 90177
19845 95969
30730 75106
43166 66049
3244 32403
58824 87031
77045 84578
8489 75807
605 956
10547 17428
382 8037
38933 78978
3796 74463
41765 68652
22554 66614
36883 60180
5490 95136
17845 39881
14026 43434
12494 58952
15740 48673
29712 65271
47068 91753
29802 74553
55042 89512
8243 46808
15856 38811
40606 78557
6906 33084
18687 94143
23502 90747
19315 72500
34200 80807
4518 86556
4326 19045
38676 98092
25397 49146
6356 17472
51702 66036
44841 90205
55145 94628
33207 47667
31094 53303
19933 58093
58138 63319
54477 56089
5732 72630
41288 89522
75792 81361
4836 47480
51203 71710
627 54666
2576 17995
46235 56994
57082 89591
45548 90624
18190 47751
7820 85664
38224 58287
71205 85729
34648 58274
90595 92709
16951 21898
53990 64711
27295 78022
13199 66704
70729 71057
6710 61793
21912 95631
93634 95048
28303 56789
11745 35291
663 54467
5063 87603
54888 73969
69355 73837
23624 59480
37358 95955
6641 77344
56536 88174
16242 35735
73075 97356
69345 71131
27915 99679
43814 86661
21650 80766
80823 86003
49133 78367
78622 82088
16962 19499
9701 69471
9727 61390
28785 60969
8338 77188
24810 56592
72872 73872
41705 93239
21628 71205
10279 36411
71650 98680
34632 48693
14370 49289
13431 73297
10232 91642
82378 83404
2851 70870
18737 23869
26320 55226
89716 98256
41856 96629
41246 51303
22980 30412
5775 72795
54011 96196
19785 54335
42421 98342
19947 73695
26443 59674
46819 67922
17022 55167
19373 67445
62457 85463
39715 89145
70298 94702
41494 51055
31075 76476
7341 35432
33770 43384
8805 67289
66390 70050
19378 28896
81717 82594
62885 77511
17600 43134
14268 58758
30154 35995
21909 72015
1858 42756
90735 96324
22730 53862
15863 74832
44658 52956
49901 94914
4354 18965
30156 66453
44673 47149
13094 53068
50180 73651
36474 98201
3590 4617
28333 84599
64774 88938
26853 92916
11948 81129
9053 51571
29214 36419
45854 49613
14091 74279
23430 73947
49675 81023
20384 77676
47179 99015
14687 80630
30094 86896
45782 52865
61453 69509
51925 52069
15568 41619
37468 58793
1379 12443
46702 87325
32842 46862
38642 83534
12403 28516
17118 37575
50622 77136
13058 19151
25838 95602
91755 96590
47732 72791
5665 48808
13485 35907
17599 52406
67127 96594
1842 67418
10760 78115
42425 80437
39727 77337
19265 24188
8445 76632
28111 85138
1677 11588
10671 67480
47731 92142
48946 93952
26762 74510
25310 87970
36281 77862
53902 77023
7013 90635
4075 12577
20937 96188
10250 45910
29182 84643
37270 85434
27611 57898
19670 68448
65439 69660
32699 53475
8480 9259
71332 85057
29929 76068
59981 61893
57963 95140
4284 14008
8599 24398
77503 84488
8302 73290
10856 20412
17584 41177
16492 45059
3794 39672
5492 98351
36398 91770
46194 77448
75749 93237
9835 65625
6374 68443
34539 96623
28584 81118
76036 82766
46808 89905
66174 85759
36641 80356
55994 77457
33953 74362
34325 81480
5723 81060
69624 77033
6730 59377
36389 38493
1279 32532
97542 99623
26571 32027
41312 52603
43859 75869
10113 77232
45219 67664
43153 91820
31419 91225
49437 73616
23951 44499
3150 83002
64509 73532
20635 23137
8789 69799
35621 38018
250 51713
25050 77589
29607 78307
18366 58464
591 71220
7388 20275
19314 56399
9387 62221
24326 60436
56496 73532
64374 67532
66236 96577
51082 80326
25638 80517
17223 69145
532 66209
70992 82116
8263 52767
61332 74120
68999 91680
74213 76084
68550 82022
27906 78961
23498 54014
7602 78020
65600 68098
22528 34517
16492 16900
25602 83530
75244 81359
12755 13265
24769 98735
6903 43209
21305 64553
5189 73996
67238 76558
32875 70098
36043 89908
4309 41365
46895 69830
7822 42776
33022 63081
14057 37368
22465 26553
63886 67191
18039 69469
10001 60273
34848 35967
6935 59760
23578 38744
14014 23342
30270 39231
51080 68621
47595 62505
29142 29927
58891 68277
58533 67657
25457 52144
45092 80936
33525 35358
30265 47919
86624 98219
67671 86233
630 87406
70751 76794
54564 82287
1878 13614
5354 26290
18517 96458
275 42940
45815 97468
33278 75927
40962 71895
4793 34365
13058 70629
44017 81786
25080 78927
53271 79731
42127 45854
50171 87675
10396 43654
988 17420
14225 96920
56007 70007
21799 99907
15007 28474
58320 99118
2085 32731
20061 98661
23105 58218
75718 99583
4847 29903
51409 78224
73010 76169
68200 89637
23865 62201
5376 7421
12523 75420
40386 52158
28621 54404
6518 48393
33614 57816
25470 44677
82817 87025
49775 76458
6642 23702
19235 42598
89287 95466
2572 68854
59879 60867
75439 95555
34553 40493
20573 61952
44358 45317
75655 78838
40151 82533
53709 70620
22348 80580
23454 55446
68799 85870
6550 31890
23864 46432
61654 91395
5325 46824
27976 29445
83181 97733
8282 50806
50919 63652
4331 96969
40462 79293
93237 94448
50559 74095
30992 56319
23675 55016
19957 32681
51403 72257
45817 57053
83499 91792
42335 48348
38264 90114
6979 98926
18375 52818
32756 82356
7842 39817
3864 50173
48042 64745
70653 77765
19331 26056
52663 83673
63826 70357
80777 96530
59390 88314
28609 99323
33344 51985
12920 44512
74424 89735
25615 38288
55321 98771
42548 75484
76443 94932
49238 88619
18942 22496
12781 40018
29286 86518
40326 74837
80720 81299
4037 22146
59666 71399
29416 84485
21095 74612
7470 64644
20377 50797
43085 61395
9203 94869
20987 73248
10120 61174
45685 85437
14675 68970
80205 84403
18222 45875
3886 65918
44132 63973
79537 82989
28845 48718
23616 59255
29817 35022
55271 86466
16802 74272
14619 20049
32786 59444
85853 93054
36902 88911
12559 64080
17683 18125
54654 83311
44175 82042
803 27609
37948 74130
36510 87593
85307 87018
70779 75915
4753 18272
958 64732
27440 63777
481 5982
61495 99677
44142 84651
8800 45096
3371 68892
10440 85759
90993 95108
68419 75852
30976 91398
16485 85024
29267 33607
61376 69083
25254 85675
6623 42800
43947 79664
47282 54759
80895 87774
9550 90265
81020 98419
74924 82921
16970 54382
8601 40452
66637 86542
7843 49009
18703 48240
65845 88553
28259 78761
17440 68050
1496 75280
14245 21347
30337 32816
20850 93281
13503 32097
8537 82237
42761 65855
5148 7457
27390 79576
36145 95676
67939 72836
9404 86913
10117 50617
35498 66593
22769 49763
2612 19166
1566 72952
29 99229
35112 84115
21838 61230
58355 73785
27015 42862
57520 63115
9579 14925
24249 72504
47459 60977
65519 67267
19743 33362
21053 95883
9567 85819
72888 80597
23004 89154
45355 63994
59475 84985
14786 73458
89963 91877
32496 42199
40418 40707
31282 98763
16170 38750
46609 88704
47312 61653
8544 27318
16854 66052
2005 39436
23533 48704
49563 60239
23269 27019
16631 93782
32062 45423
7549 43735
45776 92642
41707 83059
1358 55537
65646 92112
9477 18299
72965 80705
6660 48196
75100 99215
65696 73277
24834 86808
23805 56807
83346 97285
13714 45850
2694 82702
20713 37785
89652 99612
51668 53708
50158 54216
64527 77636
16808 65093
62477 80141
11041 21730
84800 96640
16724 98394
37056 61528
39009 62860
67062 72808
42451 80115
43953 91807
46861 54853
34793 46159
52050 82291
15571 53937
27954 76618
2331 23735
74836 92728
31855 67911
37207 61149
30831 39315
19599 74079
16856 81005
38003 58748
52374 91589
50164 91122
47720 50159
52669 93205
26482 52091
36721 58582
22769 97730
59160 64275
5300 41873
33744 87873
20089 45131
16813 19718
6214 69298
26245 41060
23477 44100
3252 42944
14352 86044
46343 89659
17086 81980
60834 68674
17582 74090
32178 52320
80039 95826
22122 82534
13443 55767
39764 63390
30591 36941
12933 25644
32811 74591
62184 77365
25979 83078
26355 70881
9304 32756
16809 27887
51155 84976
70738 74674
13533 36575
53436 66908
68163 98585
14573 76215
45341 90290
47284 49081
18694 80386
24706 95169
46084 78323
46671 50065
26305 75335
87476 93838
37354 44278
8049 85179
61574 97342
48084 76135
9104 88239
34160 97511
9278 78698
69251 76165
37669 99493
2681 23583
58623 63503
44789 75481
62253 87802
59962 94564
62112 85736
21976 64519
23001 45634
29449 89575
72358 74149
1534 85700
48151 93738
12832 67587
25441 68121
18696 26015
67300 97801
28593 78637
6403 98935
19832 83127
55281 64730
4262 12767
47282 83558
38744 44164
7816 18660
471 33702
12270 40421
39890 53459
12958 74948
59356 81469
91595 92761
36809 68794
62998 79003
55654 75383
686 75386
887 62978
15217 23408
17770 97687
7705 88073
58494 70847
7107 19300
89565 93209
14105 78660
93544 97957
29133 47380
6532 12615
48442 91236
39149 57344
20680 25070
37620 82861
29474 80902
9000 79527
31756 75307
13599 39198
21739 40482
41525 41838
22338 33411
9129 75863
17394 27299
39604 65696
22704 81282
83426 97423
10611 57415
47904 92706
3843 22649
1804 39466
50641 75240
81950 95881
38784 46755
3210 11052
30884 78142
55897 86249
3503 49545
8738 83512
47095 85745
64282 80845
36497 75033
77442 83539
6267 43799
26927 67498
48565 78885
43951 68136
39308 89724
24012 33316
53391 69491
9332 40726
72796 74611
54449 78681
13724 78444
56707 58456
47311 50507
73446 85266
19223 82000
31883 41532
62112 94883
3841 53341
24243 80707
4503 53821
49289 56657
45577 73652
17823 23136
334 96509
27154 96514
51446 59344
18572 54168
25305 48522
1233 6187
32973 74028
49424 60479
55485 62855
35676 91803
40994 90142
50405 51636
2043 45601
39163 97058
30597 78639
37503 67841
24010 60593
2221 74604
557 43001
50205 68644
1298 95550
705 60063
17642 58852
33352 98557
11090 77566
73063 95375
29254 85255
48725 94928
2915 62912
18668 91129
71458 81094
13381 56651
33945 45030
36087 73319
61667 80057
71917 94904
22310 23935
63006 96974
12550 56579
3986 16219
28585 30748
18657 63072
13515 21457
30063 46774
61888 93222
19772 42306
37141 91494
65560 93151
26513 58981
38339 71960
14526 62645
19196 32667
59128 62451
39490 56941
35826 64526
79404 95281
38387 69656
63293 71786
28255 95566
1663 75106
34883 90706
25330 75549
17053 92036
89652 93996
40821 53078
7391 68706
11958 40001
11254 76039
10026 92836
67083 95083
36407 75583
19579 41291
59228 96657
9687 86494
8055 34085
37424 79606
38550 48633
67256 90391
38786 40925
10865 73838
4971 10585
53872 91238
40879 50727
51740 64630
25067 64154
53481 68733
47317 55727
33117 72302
38588 43995
18507 45630
57927 95158
22124 71009
20070 89478
35168 56921
7780 23201
5026 47673
18167 32112
73760 97091
24766 41557
3113 51313
889 57374
22168 39033
40024 71902
13567 32671
25125 41144
64634 76156
5746 72759
19327 41762
10806 79687
55569 91304
23797 54037
15292 49787
55018 73394
34914 95136
34792 91543
20481 66630
89067 95576
44061 87721
11569 90497
6913 88376
34405 48604
952 88864
39242 39468
2280 72095
41096 84912
1907 74411
6296 89280
19800 87225
4968 39325
10615 50335
69782 82507
27748 98708
9374 21272
9945 54846
13657 21271
31034 46626
1783 66534
42676 74342
39415 61436
49385 95097
8225 53051
12496 56374
57031 85718
28903 37856
53922 70733
8942 32510
7685 90586
53402 61285
20243 96703
88568 93878
7462 75500
61885 67211
59144 97271
26649 61951
76086 99802
45820 56353
41496 43111
35322 77693
51811 87738
33852 49781
9866 11019
38153 94528
14069 91498
25968 95318
45605 63890
67283 93425
71159 97620
16518 93815
17585 68835
73853 88503
46594 57322
47764 75923
28751 49515
70843 89235
37307 69638
1024 36323
5639 7309
38878 70755
76333 93680
7218 8118
10713 83964
57887 98231
3521 61371
36534 60327
39967 75383
6406 84527
30591 80903
67077 76887
11621 18377
54552 93449
67839 95877
40924 70406
34317 39796
52534 89707
88127 90910
21539 23806
1186 16643
13176 67350
5678 97792
18455 86997
44615 89401
51992 87796
28891 37270
53123 88863
94130 95423
37027 37549
54736 69903
77570 88506
31147 56138
25570 30538
13986 45856
38159 66091
68422 93879
10204 71469
34790 89666
44325 97016
5532 9343
31576 43270
54867 87715
761 25481
22348 60289
29462 68553
8514 60695
42183 91224
2434 6221
26529 88174
54433 76947
26008 83544
224 56799
17799 63433
10827 53947
45414 48255
63464 74351
55116 97222
80460 91268
5962 81184
58496 75761
9712 52272
15889 28096
40133 92069
35641 97135
53064 56710
24150 71632
37072 79585
78315 85559
11109 51854
31711 79690
17588 59371
21607 70998
18403 54583
48196 66084
281 82065
61921 96600
66020 75899
81431 95203
94267 94571
38362 47061
80395 98741
13153 90135
25905 84686
4718 63654
34634 46426
42114 66387
47896 97569
38235 95273
44934 77342
58784 62832
1577 55034
66277 96529
13927 72359
53482 90266
11848 12904
6695 29008
36224 42007
10148 46213
10937 14656
2696 15492
37973 45684
3761 7242
34091 77123
66288 91262
61990 77744
52224 95950
93611 95405
59954 67687
13875 87254
7884 85361
25955 50629
37958 64320
65010 88346
33752 39980
4447 90766
39244 46720
54463 74860
32098 50619
10141 58229
24452 43541
9705 95327
50025 73029
18896 37953
2090 84423
21872 63747
68090 80376
19543 19589
52294 58430
18921 53909
70544 86829
74056 95021
53498 88440
79841 95223
46884 54509
6104 61839
20030 23006
51076 97916
31839 34948
69184 76391
39929 42753
12273 77287
5363 63525
25768 75832
3838 34931
46161 55905
3043 76484
17898 78422
56414 89289
29709 71454
1708 6762
45582 95313
5556 56377
465 49145
32466 64464
51760 71451
27979 98376
6998 56290
45151 84929
66604 86710
14779 75689
42435 68318
18477 58543
79419 93992
66983 92300
55983 83411
6463 29770
21730 46380
6169 80931
2391 79110
38606 78483
27425 71296
21353 59097
66790 79001
17624 47790
10417 19198
43465 57148
51039 73449
78644 92645
66854 74508
31882 42341
49807 66217
45339 61989
73893 97425
31408 80441
4350 40302
56356 79680
67017 87680
10015 92892
46198 57661
16906 53564
32335 93619
24334 91669
49862 60103
27053 45540
60349 71379
27912 89176
31987 45996
16111 50331
50913 67360
27230 63529
42604 85730
42181 63630
8130 75786
2580 49137
9312 27427
40282 85301
151 17750
67063 95927
40572 71252
18831 23532
62525 73810
72909 96088
4216 18476
33661 95079
44187 87320
33169 81122
4300 12416
74810 99977
41307 56387
17685 87560
38389 68338
2315 25847
29877 89045
33464 51693
8297 72608
5378 33668
23393 61550
20540 51491
50839 89275
35943 88660
42361 72415
65278 80683
23007 65523
19248 73650
41576 96498
42632 87662
70220 93358
11485 21733
9917 38997
3984 5278
11463 38362
34698 89113
19320 61033
65780 86581
34250 51518
80251 82088
22471 61312
17379 92500
41551 48392
14021 59711
3601 41353
35268 58528
80562 99700
881 36917
30688 64870
18094 69411
39720 76374
75825 81362
60516 91898
21596 21629
47247 81465
25825 95286
29748 46931
52285 82580
13281 95068
63068 69898
39640 79244
42493 48223
23855 83858
23200 37818
36694 80978
31133 76235
10884 70214
27253 29069
41493 76570
1986 18054
8922 40569
28535 77544
49520 66070
11512 37477
12309 78600
94427 97807
88316 98085
26753 91567
54 91796
88431 99023
10681 90888
9098 77330
72755 83153
16876 26556
41438 79097
41390 96505
83540 85819
12322 99470
23830 60428
32940 63529
53984 79681
65659 81614
23654 50918
9956 24642
4591 83124
9741 35551
14184 70860
3123 36977
59742 60921
14236 55418
1096 2690
16636 63465
10990 98517
12754 61547
46062 59470
43820 71806
91085 93444
9090 86537
45542 60549
6935 50168
28264 87698
37350 69746
5439 10651
49150 96902
17499 69727
35743 43986
57443 82476
67578 77327
27548 54043
84807 90708
3200 82240
50690 98202
76694 95735
59190 74055
52647 88905
7816 19991
62288 84829
26379 43518
28543 74237
8070 34012
3589 25413
16796 84348
30492 46741
83762 85372
19552 84346
15985 79895
21350 56611
22489 60159
70831 99857
25834 32048
57462 72435
9388 93090
34645 53820
39903 77848
57342 65716
16109 52338
31519 43275
20129 96854
44914 84009
15696 36848
2670 5375
7519 76343
91592 93530
9634 78130
48038 81140
27500 94821
7726 79633
71996 97120
29229 85317
29991 81928
33525 43195
27818 95628
5910 15849
56649 98132
52996 68529
59116 61306
14916 34570
1056 93291
75059 91474
34029 73771
34476 68763
2571 71459
20861 84574
40780 84516
243 70730
22277 45284
77423 91035
48902 58667
34171 48897
52366 99186
45568 55829
35647 64301
7104 29792
72922 92139
12796 27796
43833 72289
14274 34423
31628 82536
34235 42054
54480 99135
48098 69439
50722 80155
1502 9948
22029 55134
56216 84513
39886 80673
77078 94011
27792 63186
38517 78537
4362 85453
32103 88503
32748 81941
56626 57033
8735 81029
4838 96615
14170 92609
50729 73076
28141 30355
68115 76258
21857 51651
37288 40345
23472 26080
28095 89558
18765 60521
43141 83074
17362 89477
16546 77307
8563 42891
25270 27962
3242 85122
45499 66787
26683 43538
34418 95068
44241 71640
45890 56701
15610 76392
23421 49729
26659 53797
66008 75163
34679 78031
29522 68756
15977 81357
32838 47249
23772 96699
11088 28720
19785 30795
13197 72866
81690 96190
8143 97050
94142 97181
1131 3426
42013 63096
1185 5415
3906 6902
55995 80061
18472 46362
19513 57666
33748 79946
34568 84454
5679 49724
12176 18894
41477 58680
35554 94522
36880 37187
21915 53002
39316 97316
36385 84543
37667 77476
7315 11731
2668 21511
97352 98830
32468 50124
3261 33584
17657 54635
13969 73162
9195 55278
30493 76057
34572 36785
93765 95952
75733 84080
84929 91642
31034 86001
58389 71697
1885 19626
10093 58920
49163 76482
27919 59474
53559 65221
21732 76495
31464 63457
31387 71231
52777 89197
14641 84081
36896 85112
6890 55884
25780 93372
10294 46255
5236 67087
9533 26938
21115 92603
8649 40488
34076 77695
14471 26559
39708 84382
32306 32466
22433 26609
40687 90281
45053 88111
20353 79164
54446 74162
67261 83883
10785 70247
53215 90101
1084 62348
33648 78642
62677 63595
15042 93771
24159 54280
27444 29391
94991 96037
12709 32487
51442 93923
24532 29011
2438 39874
48753 66971
74797 85478
31674 57801
36887 75120
29672 68771
23658 32610
14231 82304
54882 81520
41565 48400
1333 56849
67546 89700
11170 55547
15719 73485
70797 82185
17273 52019
90605 98934
52335 69897
76114 94295
25932 29736
16627 54240
67315 75302
52044 64073
60659 95050
2182 58803
9480 35323
19502 70018
44651 95605
13018 39097
19424 74099
31046 80868
62860 63449
28100 88014
52973 64021
83085 89609
331 12468
32090 83651
1313 65006
96214 99443
9732 11627
20405 98452
5219 35505
9002 76615
19376 80652
3174 92934
25031 48796
22164 79047
22489 29410
17748 31979
45800 86286
73855 89681
3539 37148
43888 95811
9807 26923
10799 98230
18694 56441
14142 80766
72132 81700
1486 88335
56932 70644
50310 81040
39539 95662
46644 51861
69422 73022
46470 86875
46835 52515
4258 43883
4323 19785
19608 87570
27765 37129
50005 56348
20951 69204
65341 67217
12656 46655
43188 56587
41185 80593
37745 39943
17284 80578
12027 22919
20668 53691
9488 67838
65222 78722
29058 35564
8739 66577
609 52892
31866 60137
6647 25186
48971 83296
8422 68821
43280 73858
19506 39672
1331 22118
13727 29318
36475 66199
39035 76958
46602 72442
59305 87109
13078 62067
34794 67827
53182 64297
11988 98908
3420 19366
9093 17325
17746 57425
24457 81734
30950 88379
38007 78114
23354 72034
2560 70621
40975 69074
42425 92266
21910 39323
56028 63963
14090 73794
62387 96204
55537 78239
36515 78623
29750 36450
33324 73696
52461 90707
20306 50625
40662 50726
48721 65008
53305 59908
16363 68938
6179 60230
327 87204
8817 50585
17443 54530
89797 90420
41925 86141
1511 4293
37981 53193
7463 79204
81237 81846
22505 58063
22304 85404
48466 55466
32682 59821
62674 86960
44935 67448
35822 72388
14014 68198
1866 14404
441 30945
57937 96888
30884 75700
65077 78250
9013 87369
20216 70491
4883 49954
73652 80416
4666 26133
32497 33612
29759 38626
41175 87039
4517 28272
19753 68693
11271 97510
42354 48197
52446 96593
38305 79022
6598 67912
72669 80451
61900 93890
72476 91129
41667 71857
9293 97234
7617 31382
24695 83684
15345 27375
64045 92970
381 83645
13136 22548
17751 73725
48149 81871
27684 37325
1292 67676
10106 10157
15611 30520
17627 61821
45329 73735
26469 44587
35151 37069
16808 98542
20591 92980
31713 59052
16108 50325
50751 56463
5870 13290
54639 91899
18695 57735
17810 99942
44141 76693
7979 42749
43191 68931
71108 72018
24063 99449
72359 98784
41113 48489
41189 56941
35959 51893
51292 64247
22989 78421
48771 78582
12940 29510
38157 87377
23379 41824
43202 87600
7102 43767
57694 69662
25300 93951
12702 32958
57884 94680
21028 64504
50664 90397
31616 75579
19367 64791
14865 86969
40641 78933
47738 79086
764 38351
42998 90328
35469 52527
219 80423
31193 58815
83538 91736
52985 60967
68344 84243
13390 41377
19725 67721
37657 53643
6754 35952
55172 60271
63101 82446
42029 47911
40583 62617
73790 92933
9791 33569
35877 59343
25146 34229
46958 60269
24874 43871
79810 88020
49884 58493
21353 64155
84561 91740
57599 65947
20417 92223
2152 78976
5074 75354
81409 85864
49304 93852
44170 89919
44809 95893
29903 67395
42650 63284
61501 91324
3326 77022
61147 88152
54357 59254
14726 73804
70414 79430
28944 29674
17954 70283
5535 73722
11536 12285
45974 51419
39503 63443
33950 49184
27246 32047
24868 92475
40775 99058
6244 99305
64396 75387
11772 86081
1398 41539
58263 73133
6378 97188
24898 72111
66104 99061
45654 66138
12328 95490
5794 29292
17856 89100
47830 59491
28464 83011
46337 83496
12626 57604
11237 91253
23435 45519
466 9917
2380 2667
35302 86163
28424 37405
7965 46478
67429 79096
12160 19365
42431 57150
7153 78791
3276 7525
46086 53434
75447 83760
15408 39033
14900 76903
31360 33596
14941 85152
5450 94324
69102 86040
58208 88272
75217 77619
47216 98409
32525 40519
77132 79721
61470 63821
5222 56750
38635 99921
59983 97912
1018 25437
37980 72905
33986 69723
1600 50320
68817 84313
32718 60268
66330 90735
47505 82543
2201 12531
87910 96955
54049 92269
36832 78575
61825 94581
58680 78282
30545 54569
31727 70986
39081 91019
3209 10423
4938 21189
10362 82203
71314 78618
4467 91486
37697 47852
9651 68480
6665 36662
24721 60007
7292 10960
26821 71921
62622 95256
1424 69457
6147 64930
458 71939
37899 52804
29464 81489
35154 63645
26890 77041
66655 68727
1626 68187
12697 24270
36584 97819
9073 57573
30343 33413
69067 85277
45683 75219
66162 84588
1949 99365
49084 84740
31384 61328
17325 42311
15983 62487
21301 75945
91557 93352
14642 25271
88163 92536
28751 63995
51122 89100
64743 68450
37822 97535
64680 83676
24457 82502
81315 95993
31236 88637
53046 97111
6523 46184
40051 45306
38374 66143
8867 27646
22096 79162
5851 52336
4812 89125
74287 87233
2085 87145
18988 89648
11157 15860
9959 21622
13137 73815
4775 6495
57501 79245
73011 83874
48207 51883
44527 99005
23609 54021
29254 65749
11468 19754
20501 81024
43263 91182
26716 97125
38501 68029
15868 73255
17739 50310
85119 97926
23254 40824
53279 65478
12477 44785
22131 79014
39061 47440
52053 96786
984 72455
15015 82650
37027 56387
45394 52904
24761 72457
7443 27313
80489 88043
48299 94747
6828 33865
22984 72865
73647 74657
15502 92954
89805 93538
89316 99470
49530 94367
6317 55079
45272 74832
68072 94707
19780 59488
7908 50452
17578 99289
22479 37765
25595 85190
24382 93557
87973 99631
23013 89106
32365 64666
64828 81138
89848 91430
15242 69279
81681 84828
26271 76241
39494 47092
54198 84180
25903 42056
54456 67318
34534 67003
30854 56834
39973 64331
30121 88873
26485 33185
38711 98019
74386 88016
22704 54386
18686 85934
89001 98173
39530 81194
41993 86605
1524 99512
49903 50660
9078 46701
16993 99651
33592 63063
47560 90261
31063 48800
17543 96942
8707 19107
24361 76431
5722 52785
16849 93637
11674 50312
44995 94316
4207 74446
24816 29477
26293 57000
45912 49447
6875 12048
47076 72080
60700 78075
8710 19319
3307 21330
9771 97745
57853 83105
36607 86716
11220 47077
34714 79197
48871 68586
33162 54673
6440 59304
13077 57319
21843 63266
82389 91300
47914 91587
83585 87025
5021 25130
25880 94094
15218 49028
5620 26669
50638 70287
27031 41610
35733 56246
1271 34450
64420 80556
54685 62105
9852 77964
710 92227
20121 90289
36698 51795
10511 29467
25332 99254
46114 79641
33880 75416
29409 86111
17032 91785
38270 79347
12965 56233
65599 68254
2447 96120
41460 95274
3816 12352
3097 15156
45103 96066
2251 44954
25770 57351
58657 98293
42074 81625
26126 52019
17304 67272
38364 83800
65448 69080
49943 61655
33495 97937
35070 64377
42714 62979
40567 68668
4979 61992
20401 76224
87603 97868
98045 98934
67694 78858
10407 18610
56996 90649
9561 68208
17111 48759
49852 50331
12845 94835
26607 67986
3659 62891
46354 60600
20676 53189
15679 80590
36599 43208
29587 73732
20138 80663
42974 87911
84474 93665
13159 35014
46922 55516
54935 70227
67065 70040
19301 27244
15269 58740
2693 18419
69700 78269
41334 55016
71317 87046
30995 61467
20406 69400
62964 97973
47752 65480
17920 97306
38168 87867
12586 33527
763 66721
19240 48605
57027 86294
23939 32881
834 43292
12463 18346
42734 51324
20325 37973
15433 45439
43808 47623
97459 99667
88765 95310
38412 44717
24421 98196
7749 42263
66143 87002
10261 87645
30213 73337
20993 83137
15758 30041
10518 41902
43154 89586
9500 38452
33323 85051
35320 52614
34362 89173
56162 61912
3379 98307
20293 40262
12307 84681
30426 96844
93195 99833
3745 84775
39797 57073
20482 72707
16980 55651
52958 89752
51828 83029
38704 95664
83455 84979
39397 95323
1721 26103
44441 62022
66506 90943
10527 80401
26337 49351
34751 81584
27406 83094
2940 69429
28797 91222
61712 91747
84777 89426
80566 89723
8248 32820
65775 67151
47725 67242
10273 61438
7513 50677
11827 51496
60015 67067
11521 83028
5460 48871
9018 16663
14221 26470
7934 35815
13305 82496
38431 79368
62730 93086
2326 70459
61220 97448
26156 49583
49529 75709
25170 91013
57 83480
9650 82073
5194 65305
66733 74452
11321 46397
1581 28042
13270 55311
82704 89373
58 20715
4425 33083
8495 43875
35157 38472
23983 89870
2050 7733
19285 95544
56387 99488
5579 28064
32191 56055
34993 85345
16359 21000
26020 54619
18333 64886
24151 50994
7325 89605
49799 59971
12436 54339
32641 82490
76805 95290
76541 78536
81358 99225
29566 80581
60348 86385
12526 68167
64492 77245
20049 22945
2033 36121
29563 75184
12534 64537
24852 99700
50733 91568
17821 46513
38891 43681
6942 51250
56751 76824
60152 84266
18111 44327
43783 55785
7729 86991
43935 45888
14764 25615
31369 47796
10577 32077
15425 26478
48745 59558
22868 49061
20718 59635
29787 63899
85218 99651
64620 72531
52096 70435
35078 97174
9892 62473
21712 97167
5243 72782
7424 35971
47379 78552
85590 85937
29228 43604
76727 87994
26539 52872
49664 95160
13599 65193
50051 53790
34667 44139
16576 95562
12643 33418
78481 91048
11543 49444
65559 74537
72435 88175
16638 93679
23401 83820
9027 73054
20224 70581
82348 97979
9081 77454
18325 44034
40434 43822
13897 97553
20611 29043
13273 84567
18923 20788
4015 16137
382 51388
41382 74465
85268 87316
14540 46302
5551 76973
15887 42589
46419 74861
13273 84035
33231 62706
1469 60977
6890 62444
53982 73337
2414 69533
35159 90126
63200 65887
33082 45434
61550 90977
23002 83482
9466 16180
60845 92110
57931 61160
526 44422
77394 89343
43621 78768
8361 77204
46926 88701
27033 78200
23494 32480
20227 58222
37738 87037
47350 82895
13314 25782
3320 52549
25072 36863
35540 88739
17382 64332
21091 75828
23654 48665
3467 58012
11246 38737
51118 77528
17336 57571
26443 75250
3439 15673
3394 97013
22664 52310
61434 78749
45078 80892
74762 92136
21177 44055
13066 37614
67690 83643
52515 94424
11500 39019
12685 60897
7100 87745
1804 78209
26019 57493
29195 52677
1886 40596
12550 73402
8527 26614
8417 38029
16435 34424
4382 24745
10871 13949
28916 72399
41298 78764
88488 97249
8222 46272
50614 77403
25112 91997
5501 23172
22815 96530
246 98068
34336 78356
52790 82852
5837 19861
94699 98235
14670 96946
52495 91565
73667 89335
24027 89876
40299 49133
15356 97883
86410 86808
29838 71295
3774 71441
35330 76919
54580 88275
30936 85992
41100 48574
74227 74266
25107 91514
22679 65666
538 99701
81255 94950
21143 98727
17338 56141
44174 86352
31573 57838
37925 84729
21762 93539
39539 79548
43475 45311
20714 75458
13588 15141
11274 40499
31798 36257
37733 80685
23386 29368
51118 64376
27289 63060
4232 94534
22302 67837
413 89419
2124 41578
7839 55455
9530 17954
45329 91648
67841 87686
9693 40158
67967 81288
22200 35275
31310 56397
25342 56601
48057 48462
43978 86131
23327 90308
50913 83700
73005 88241
44298 81241
2797 30223
71728 91777
23519 90221
62457 87591
31788 80761
17101 63790
5169 89428
40509 45918
21544 27238
69395 80227
2149 89124
67692 85905
33056 54209
11926 33392
59610 90347
88178 91668
14189 77442
64043 99544
27470 96242
3272 90268
32535 97497
45110 68176
26545 40508
38473 97113
12007 29161
63474 66278
39160 86116
33763 89139
52096 94464
20806 27183
71466 85512
33252 78118
55867 84585
27406 33107
8354 26883
60189 83682
49809 65873
22089 68725
27583 94640
33818 48688
4511 83950
10304 63316
20567 94651
28026 49570
40473 46223
67769 86252
22266 76840
28116 82597
23600 44543
18034 58856
19371 52872
27544 85980
32844 75133
35370 42218
42663 89781
39552 94932
8169 19782
4864 35697
80795 98248
98 5865
8158 84697
61403 97434
40632 51045
35328 91144
21506 46510
27461 28582
45363 49230
3835 41139
27328 39653
19176 82642
3719 22064
71284 94688
3681 3991
43804 78059
39903 67467
38964 69204
5753 82753
877 15016
21023 25082
69941 72720
30637 53711
1592 88959
48746 54746
27638 41853
73773 76032
14842 48471
10396 26014
4157 12031
16815 40106
47692 50285
86328 92785
59760 94402
26797 92386
45179 59504
4801 80579
11075 83308
13693 96742
40952 97446
1034 50196
28382 66328
24669 36800
72946 79017
58858 75057
47857 78163
21362 25371
46875 89122
30676 45605
88317 94977
20631 61373
27530 54842
53182 73176
12871 49829
4478 5715
89024 94871
15968 60069
62114 99189
25934 96532
20133 59650
4457 57355
4696 59930
67868 88521
68792 94675
64458 90655
62061 95593
13226 59897
5262 70802
63761 70751
15937 43119
4986 37149
3160 14327
51740 71968
4309 58715
2726 7853
71321 86364
67972 71379
80585 90234
4929 16857
58814 96802
96890 99332
36904 42456
38086 69160
24882 54038
39947 50825
8606 70667
74591 80314
13572 42315
44397 68990
50190 65315
22998 83168
6012 97220
26154 71899
1034 67831
23022 32816
89539 92128
19698 70485
40062 41022
8311 96081
17862 38394
69943 72026
34746 88048
10273 19688
14397 90665
35931 73085
32920 65860
12138 93542
83781 86649
19916 63822
94583 94967
32759 90383
37505 67191
16177 34452
51758 86814
6450 94612
65585 85761
66969 91769
14308 42482
48247 77376
22298 38009
11675 58090
18731 72720
56590 66007
18762 58196
12172 31211
79082 98928
46646 87936
1789 11513
60222 83862
59401 62304
18735 44905
17449 69895
38071 99938
30756 45217
13321 68501
30269 55620
22184 86552
58803 97342
12877 76264
7179 46376
7886 82374
49449 68093
23577 27339
52361 74111
7553 64717
39008 82907
43107 73323
28909 89208
12063 65828
71963 74826
50841 71539
58934 80617
7955 24414
30845 66188
86352 94865
6438 8871
66638 93778
11430 50146
23621 64576
10123 53616
33407 57131
7751 13444
2881 80531
35253 52786
31110 50152
27282 97306
25695 92608
28997 42245
86911 94094
16574 81414
25856 76242
16165 97220
28132 95425
6084 32455
44121 52815
11713 96938
229 11416
17609 72508
48108 92082
10304 38315
39327 66725
31741 88688
76508 91770
76701 92558
65331 84802
25348 89097
41281 53500
83762 96775
11666 45953
94985 98722
21881 51113
47633 90567
2457 65401
14434 84714
6500 24425
921 50965
19712 54153
3603 23349
59231 94523
4459 59924
35561 53127
14510 86175
1057 40370
53038 84113
30277 38220
23602 42952
88365 99994
82186 96925
43218 96043
42073 57468
55547 80126
4610 41718
63174 72317
65322 78330
24289 25111
88669 97873
14163 28733
8533 78710
35572 75162
30795 72771
12739 17356
43573 81186
62764 68861
65243 75724
27982 29794
40394 49223
38364 40582
68257 70251
91469 92483
41098 77611
2335 16951
82682 91986
668 50808
16994 42239
16280 38016
222 47179
22868 80679
16550 36174
32506 97263
58514 75314
7089 38888
18955 62111
6368 50820
6786 17876
52520 81033
18696 60924
67883 77583
24212 50945
13791 52956
1255 12217
98305 98776
73703 84106
14533 44248
14460 85091
15894 66506
68964 72762
24547 34613
56402 63911
44803 48187
16568 34365
1274 60486
21486 83462
88916 96412
35488 69683
26698 53348
62064 86306
28627 60915
4553 69977
40421 55401
261 92704
39171 73036
2428 66979
53275 64394
10224 40941
12449 56986
19159 34165
40353 80533
56786 79983
33964 51714
52586 92166
82101 97836
8545 87156
1412 70504
76436 88146
38479 58529
8219 74957
35441 79843
49320 83229
73936 76201
10711 63959
13884 52147
3966 92229
36361 71093
22623 86557
32074 81686
5094 79741
39773 99238
2010 2564
62544 86644
59514 78579
43368 52838
31447 65062
15316 78145
11840 66149
17229 25929
42866 98728
211 73436
40012 64645
27398 99066
17843 37409
61999 93274
43943 70587
2063 35029
78605 96067
6705 41048
5228 36913
10872 62271
32337 96623
18230 65657
20752 49859
58353 91428
35174 56689
26143 79789
4260 22645
44034 66425
7860 20749
21697 93248
83834 93263
53072 54250
18481 58171
18931 19689
37538 62901
14744 44166
9431 84402
52273 56290
61935 77934
18564 56807
41269 74544
26314 75540
62514 78455
25704 41291
23461 59329
67903 71590
17103 45073
31046 89824
35496 45818
36350 92433
1804 50331
38678 76806
53356 85526
21542 77570
29420 57406
97509 98116
3630 71490
27383 47458
10582 17172
69416 76779
2113 20926
55951 66827
4415 8166
35651 82602
16140 33499
38142 60111
59683 74018
265 66887
43495 99553
34800 68572
19979 54624
1121 98866
46025 98195
38266 77185
61048 88003
61658 98559
66873 83046
47707 73430
3072 84640
18952 85827
36457 84402
83187 84563
33522 85888
12479 13469
59294 66144
7964 71265
4015 55458
4534 16163
59703 94899
84800 93416
55151 56595
56319 70042
54086 77268
32361 92177
76751 78451
39771 86104
18002 36904
46561 78792
22366 47489
46025 50776
28772 83723
19350 89491
67644 84861
12998 47946
20936 29574
54067 76091
34658 81138
42234 80184
15627 70455
1949 75602
17972 32129
2422 8845
31703 99122
51747 78670
140 25896
25446 37216
14914 41433
16840 40355
70763 80620
56789 87445
34200 39442
73468 85993
76573 83471
8328 37249
67998 69589
43237 99093
29801 58006
58721 88987
14926 77799
86423 88682
2891 9654
29487 94459
50083 87690
14268 47733
76659 78104
65762 72752
3236 61092
3389 63573
46289 60965
6792 71527
53996 85797
37887 88907
26058 67528
49054 97659
58899 75726
32162 88077
47347 57783
18049 43405
7382 50519
69561 88055
43945 52614
1847 60080
86974 99438
1141 33384
47574 77812
16324 93675
47409 86361
42986 84037
26932 39941
42962 67710
43948 86305
43415 47414
71165 84632
30797 62992
44651 80581
50888 83837
20882 61724
31621 76281
58643 74267
29979 48365
39070 95590
9993 13986
62867 87404
21121 61249
74832 87714
29602 89073
76581 91537
8552 78499
42299 64912
48184 48389
11541 33459
37722 77272
50479 52706
15692 87568
59480 99658
13355 62832
90125 98432
3697 97314
77062 80883
1961 67515
2262 71996
8163 27698
20379 40637
37710 59350
35875 78114
68510 86767
1925 8177
30903 67754
33010 56626
84373 96800
5891 38781
30547 55968
26135 75587
1938 73147
48874 72846
39561 66812
57692 78984
44940 81033
9282 91062
37416 83053
24013 83567
12792 96457
1168 68447
65248 85437
33414 63100
55724 61275
15131 50087
76095 97737
19163 76286
54370 54485
2846 54562
8540 67825
45550 49837
17728 68561
39830 60032
41103 91441
67039 82525
47609 95626
13635 51266
9106 53566
7731 52195
41746 59884
7520 44731
34443 54771
95202 96700
51022 74844
17797 79661
18350 85428
46468 68302
19254 37816
47801 93940
25191 36110
14617 31461
1209 52286
43065 56677
4715 21522
29070 68685
10775 65857
72016 80006
25064 51002
76605 96017
9456 83103
72114 81826
27657 33070
4039 57992
34525 81634
18698 74748
68848 82545
8084 72850
40102 56349
69625 94062
18479 56586
73760 97682
40171 80683
31376 93755
42290 63405
30484 52115
20494 55230
28598 81598
40631 72251
47574 93367
44941 94060
28432 56686
16535 56982
7237 20556
33690 58132
7162 72823
30271 52776
4912 17546
67053 76194
57970 71213
47023 75470
49940 70511
33870 40386
83122 84770
44754 68776
11312 77182
32725 69698
7064 88200
48885 88001
9886 54034
65230 84066
14924 37984
34991 41432
10425 27915
22684 85801
56830 72117
327 77226
19824 20062
6992 47289
6805 42758
6829 63763
2008 82721
11775 95469
6410 43418
33483 62792
20471 67388
35320 82568
77719 99820
42353 59066
619 8232
16760 31070
6745 92381
7187 66644
46372 56306
31526 94361
26231 55377
52087 94921
13788 62758
2092 11511
21227 78107
25002 99867
6499 34543
9649 29169
67329 74702
10315 78314
56248 67922
964 8125
5686 87858
10021 65444
53275 89910
68385 94333
3401 82067
753 83291
26385 62697
2192 59360
31829 73726
1144 99508
20535 27238
26747 38521
1422 25325
28322 52796
7601 34328
30174 82556
18076 19293
53910 63124
28933 29789
41162 93850
25772 77517
71265 85682
17105 67924
58639 71724
36077 96487
72876 85733
28532 83865
21789 49418
56533 88022
18587 73673
15746 59670
254 43149
22020 24677
57762 61594
18582 90240
54889 68614
82847 96438
15347 55634
26310 69204
66995 74955
41168 42529
23004 41862
10156 35390
17261 39125
16125 23788
25512 57202
78996 97168
29564 92367
46714 96654
26409 84184
70683 90513
47577 65878
35757 83120
32780 44494
20982 58413
53034 84847
78821 82412
2053 43127
1932 42835
34906 86582
28754 93340
49051 98189
75435 77846
450 80899
6951 74520
32378 59793
29178 92556
52183 91323
13963 33004
3200 33384
7571 46286
88717 97711
70382 74903
13057 56569
55252 58661
7373 92549
8937 98767
5953 22305
84200 84231
77169 89820
60350 68318
39713 53915
19972 88397
9948 66554
96762 97088
46024 53596
70792 82488
17357 53907
44271 73318
37842 71342
15414 29480
23841 82086
34490 80825
49631 75858
49123 77903
32836 50629
9332 67349
46970 77654
31780 57104
1325 37722
73327 74035
7238 66460
60163 60389
68598 95548
13451 69024
28819 88630
40711 42249
40296 44749
74658 85489
5666 36407
34065 61578
78751 79790
20522 23864
20389 33326
41351 45680
29132 36085
32630 68507
24598 26150
55688 68715
11853 34502
41634 79649
46317 71913
4182 17223
4849 71060
16989 42549
41144 62610
3007 75722
60288 83966
65579 89606
47558 86153
5915 30400
214 6696
16664 43298
10121 39765
22985 83651
20623 79714
36105 44607
19979 49095
48949 93482
12944 23371
47969 92023
61606 86480
39825 83543
77130 97766
7771 8548
39011 92533
34493 50088
38338 94287
14446 87277
56684 73537
71474 79307
12500 48324
35033 52599
15474 35856
44108 52649
16953 72621
70455 75754
24217 98402
55891 96687
3763 70942
68762 88345
6233 95560
54402 54634
24483 89483
35304 94845
10453 71322
52148 75186
65910 81389
24909 77583
20394 76617
52350 89337
42752 58210
39296 74132
77110 87479
10436 47558
6725 78478
54977 89825
67266 88201
9394 70732
32912 53067
12386 25283
22612 34196
32156 44811
25989 66648
9183 81125
41941 77797
31245 66491
15888 75005
64705 83048
80320 91552
67496 78354
11300 84663
19120 56506
9620 71415
90153 91332
1114 36155
27553 69643
10086 80457
29288 87121
56234 98533
67778 69198
10542 42352
19602 84012
31686 82927
29827 30676
6501 12078
14907 41520
422 582
72498 88975
28943 69734
4368 23570
38783 99294
15992 32895
57627 82280
40480 78469
16146 58752
22862 64681
1795 99044
58919 85150
52984 60212
23436 48006
36299 59352
11585 54387
39810 49929
24106 72990
17611 78115
19813 30770
3684 72326
9581 95369
15981 74848
37474 78178
43439 95342
47299 93309
81604 88073
24980 40781
16970 92002
13044 37551
47545 51482
15370 77300
12087 39292
4567 43507
99207 99819
23449 95791
33918 55803
8147 40627
56788 65018
62776 98067
20209 25854
20834 56888
66003 76191
1105 23179
24813 70131
11345 96950
69760 81531
1653 23197
45190 63980
35733 44479
19073 70411
6599 96395
38465 98858
49021 76089
7033 96429
11857 83563
57958 83961
5597 26236
2429 30547
23459 65256
77491 83518
4001 94674
23110 30723
17986 38066
13616 24783
53506 65201
20655 75182
91748 92431
31724 54267
7134 40840
18518 79952
5962 9283
26365 54930
14609 57416
4058 14801
29390 52845
1504 63857
79973 82997
65565 85575
75316 90054
43373 62548
9819 79720
38742 76234
48944 54055
39984 70467
22316 52507
1060 70145
65869 80538
27939 69963
12206 57853
33206 73026
9487 43984
11748 15262
5419 49631
25267 50316
47050 92729
4293 44250
11744 27036
37399 87315
39924 85992
9618 62540
21841 59572
8453 34755
14024 76838
49960 74255
68904 73272
25274 99758
44059 60880
92359 98512
50847 74985
55661 81602
91384 95431
20296 89454
1050 79826
2077 51965
71601 95395
24574 67989
6407 50655
49763 50863
17925 37073
40543 49173
32455 43717
41729 46911
9780 64813
1292 98358
31519 78343
1153 58166
45005 98190
57661 81844
181 80017
14826 25340
42874 63790
11579 87516
55834 73473
1261 71829
65925 73698
19205 86844
46762 73404
29122 65680
2635 99281
31368 58404
36798 99652
23575 52621
2258 88617
59821 92446
37394 72339
11430 22119
33737 48820
43417 51455
35048 51588
11135 51603
56311 91833
43316 73413
68742 99350
13875 96590
26621 46674
49840 97713
41995 68275
25808 64230
15689 34305
27943 54988
48215 91482
27071 65610
30438 54842
28286 42540
54566 92651
17996 64823
38256 45114
12277 25257
32899 56846
9244 47236
3707 10119
23795 50823
68422 86265
11414 52200
57834 71994
17439 68912
37131 81850
8078 56764
25687 59455
18155 45572
75962 81225
15758 99541
13028 46644
14435 63194
26357 86289
38371 99458
45585 92660
17574 76087
25615 75566
7536 41625
44374 77211
34048 52042
66977 68469
11122 42869
73444 74742
80747 97531
8466 71683
5880 31994
17921 18966
6112 15527
37374 58094
47873 55871
8712 99876
71695 92127
11802 92044
18498 70735
21181 44244
42146 96420
35935 49154
35897 58673
51264 94312
67679 77278
40344 91050
16095 75485
60455 93381
46295 96418
52386 55664
16371 70035
1595 22851
48563 96017
81646 82775
14843 21644
2304 43835
25665 55499
9831 79650
28155 87470
65776 83882
34575 51116
18554 96528
26589 97226
42616 88099
60118 84629
17329 81293
39617 89610
43664 73450
18630 36349
16086 36485
39051 91184
29355 80326
53522 68071
22146 72158
25145 47020
30562 77365
21501 84267
28893 93913
31437 35425
9837 45930
29202 93475
44 75845
56476 69945
58178 68242
4420 27250
244 77404
985 70032
85433 91940
10018 52984
17870 41214
31351 59819
93698 99779
40807 98629
39385 45296
1769 34951
19343 91032
57196 88658
28125 89458
30054 85905
70169 83784
27951 47115
46602 86894
20611 51631
2481 82690
16016 17557
27059 47589
24912 34227
40516 53214
49577 62199
42770 94786
45776 58079
20188 43730
58599 91382
3298 14794
7003 43912
12057 80774
48937 99535
38724 98802
7362 38668
1042 16606
72574 90273
6544 59278
44154 78418
43869 63497
1743 42621
34486 72386
40480 47069
12998 57973
33541 71159
7331 64141
6050 34888
271 38944
48528 80652
49902 57910
15878 27682
89587 97973
97399 99229
35085 64535
48138 60050
53029 87241
29077 47565
33042 91974
47053 69043
66128 97014
69104 79825
21987 51090
4034 95844
32605 85803
11828 57342
66305 82991
31787 87117
21779 26826
30813 64391
25217 47913
9745 67394
26893 58221
45402 66462
73125 85247
70954 99312
37583 38026
33894 64068
28898 56827
8290 22712
75442 82687
5271 26028
43412 55751
17535 52075
18422 22610
4212 20748
52624 81127
1680 9055
59794 81387
18122 84233
41969 94156
5831 70832
7169 80188
47637 94717
11293 72963
34676 95919
12010 65792
32657 40255
411 19987
39530 88210
11764 58499
48761 83865
180 32204
35269 35773
75009 94654
59043 72424
16957 27666
18209 93687
11788 17960
11576 40812
10273 80217
42386 59480
90617 99661
6097 32302
24705 69919
56762 86466
53024 73689
31194 32819
7630 49298
26034 71593
38283 44657
23764 68842
31925 40506
32875 61795
31580 83483
52686 73275
70619 87185
30466 43693
38677 81861
5756 65820
38280 88676
49733 80054
57352 66779
61471 85377
11329 97031
44601 51270
1864 87938
12059 88060
39444 89921
12893 88815
33750 41204
30462 84805
51000 86341
65383 99352
45122 47194
35900 43177
88583 98714
13721 57404
14583 32667
7097 36614
18642 25736
34772 35091
50415 52885
25311 57349
44801 65490
71643 89068
18312 37502
18555 23406
5486 18046
24971 59443
45841 79732
34920 64394
12944 76459
4484 86109
52739 97742
90475 99181
32386 56088
76953 97127
16155 62605
4410 29909
7334 18434
43530 62146
16066 91286
7576 76328
10161 21600
1842 89682
41501 92275
54532 92351
13989 96028
36772 90952
891 93128
66512 99701
4361 78627
57924 71279
18955 98687
43935 54301
3884 32777
69850 73491
44570 71418
7054 79009
45352 96496
24936 54795
33749 88097
74512 86262
34347 47556
20436 97091
36236 99243
29332 91267
13632 57440
34704 49536
47827 69031
12612 90240
19514 45132
25589 82219
15283 23605
55252 97999
1891 74527
5973 89660
16149 94265
55940 89580
24065 51318
44691 63675
58049 79051
43967 63876
78471 95851
6683 19854
13431 42407
44438 63506
72714 85071
29261 38058
21394 38695
90419 99162
15402 91552
23060 78109
8579 43271
8506 99195
39823 86270
41462 66566
4446 92038
50100 67522
54318 86595
73655 98144
37547 96357
55299 67725
35402 57966
3802 12635
54212 76446
23585 58967
5009 18377
20470 62744
70455 72254
37095 91534
8637 34762
260 44305
32854 92191
62408 90642
6683 97862
10629 15701
89344 89544
2382 82480
43664 55159
17226 60699
22007 48516
88062 94882
73494 92363
13094 77478
34314 42966
19850 45507
14439 26299
13861 57071
23140 77357
53272 73827
16323 85413
30678 59355
5998 98028
2649 35459
73765 87856
41290 81209
2440 4173
14946 52726
18754 50788
22711 82901
75681 94667
36772 62598
8474 65195
27916 55131
43556 85889
45772 48334
1572 11557
47188 96736
27753 40894
485 28215
44909 68501
13984 71329
27479 52885
2344 11032
10566 86587
49409 98256
3774 98100
49743 61728
42764 57452
25256 45635
4104 12646
7513 40950
16419 72820
5146 14947
35957 48535
31228 79238
32804 78571
43738 98104
14475 60759
58351 63410
61901 69901
668 46517
9266 97656
30311 34382
36819 61965
71056 95610
5657 76614
13731 52978
39389 55041
66616 71494
77556 95961
21700 77305
14841 74935
53435 60434
3053 8285
34092 79075
19851 91839
23407 26876
60761 74627
51551 53508
89017 91069
51985 81475
50787 51859
21847 49926
27563 75224
69907 84229
27337 54096
21297 90861
71559 93957
27316 60704
40655 93484
28384 38964
10440 40187
1167 13259
46307 71770
23260 76841
818 69733
11636 42687
40586 70367
1053 81570
35951 76942
2282 93050
64473 82967
91668 95046
10845 51770
18439 21735
20454 23915
3716 24327
8498 83595
75686 96883
13229 88389
52806 82736
25390 48719
36336 51346
5484 27104
30747 87804
21446 86736
43564 65589
69211 97826
41960 73509
7381 93243
7373 33893
1011 14790
3969 4241
4177 14384
6989 25705
35767 58635
5835 88229
3465 63988
3885 70850
32122 72005
14431 37494
44430 92803
5344 18279
15002 90058
8316 21122
3636 61512
42640 49738
50449 92241
12786 27352
16373 37369
59879 97344
39418 77710
68125 68720
57436 96578
9883 96331
2726 84408
32299 64972
52910 84025
41330 51662
50881 52453
64598 81589
10691 73060
3563 84135
7771 68774
20535 23286
8988 97589
20817 42640
21117 76564
28920 82136
63255 88870
16941 35697
15506 20629
13057 14245
40281 69940
48838 49148
25632 31949
8440 13788
71958 81504
25007 43691
20514 40544
48349 53748
51 7715
70487 71311
46476 60680
18557 81098
77168 94560
7183 19002
74515 78181
10733 46285
19100 44723
12830 67649
75783 82255
18509 89187
22929 44269
8727 48902
55945 70564
56751 78620
49884 84709
54009 81762
48017 71021
45218 74222
28739 71381
4350 23177
24701 73444
6703 19461
35483 42930
39975 81373
89101 92434
12010 29208
22172 54828
39147 76565
51994 92267
82375 90708
5081 41187
57194 98252
15390 93527
5864 8207
23122 88306
3561 69322
12113 70733
37718 47574
17509 18869
23182 38875
34901 51401
60672 64566
26949 70339
22084 85268
30221 54491
49078 96713
27972 58563
44510 76904
59613 73777
26219 58826
66908 99423
33444 99038
36272 48436
15533 95894
5222 17105
20728 21827
56432 74495
16203 72972
5084 32663
65680 69874
70312 79607
50182 74168
20128 29168
14854 31217
27208 36852
15104 80438
13877 41924
40698 63573
4596 83070
10170 53358
51211 85527
38072 96256
82092 83389
59138 67271
67486 72043
47620 92461
81367 85341
19547 28415
83885 95978
23294 86577
15370 85627
63990 77641
18260 35952
10462 25542
84979 93517
18905 50877
35627 37520
73506 97072
67865 98653
26110 60165
31098 81747
2196 82357
16379 86709
33852 55929
39235 70810
75873 88896
2768 53486
78473 97806
7253 13227
58078 59177
127 71649
27504 56460
2863 45975
27201 70770
10643 52357
65306 89813
56548 85802
30256 61478
14115 49777
20331 57588
70181 96732
40362 75595
48379 80570
62521 75526
11235 41350
19771 90040
17655 36218
13210 99543
60811 61989
39464 80516
33140 68809
35350 95477
52881 65029
16740 47902
27715 33993
20834 92017
2420 60733
51574 64489
11243 79258
26991 33784
8141 67846
65991 80458
47493 82513
30285 52663
33157 68835
57773 60892
28899 83447
41306 62099
69651 97432
38309 81491
91366 96638
32685 87358
76331 99225
25549 30140
16451 82191
44908 44968
36659 61886
15540 79530
25625 64380
23806 38433
1236 42033
12101 44984
17430 64772
33561 92897
13232 57171
85109 95426
30049 60900
21745 26904
1807 11563
28716 65399
59258 72849
62145 79519
174 36889
25010 50178
38814 40256
11893 36711
20594 28409
3091 72136
39244 52849
70552 79242
48154 60830
10399 37291
53307 67910
11272 63930
13976 71018
7348 46430
6851 55879
2257 74573
14044 54888
24208 79219
62165 70392
18045 28161
6610 94360
50225 80104
9817 85974
2875 44731
28188 62558
34325 59917
9440 38546
27428 73693
1137 13109
18323 87199
45416 90611
24699 45891
33680 86442
19149 57555
55271 72613
3727 28905
43261 50338
84342 99434
39565 81370
29570 39160
21675 56711
17873 53638
9369 35477
21821 42403
17941 83099
21794 36266
4040 93053
69716 99117
14388 74690
64877 75597
21415 99512
18838 85945
74061 90018
28999 75488
20528 29729
51926 99801
79500 86805
61045 84212
24943 29372
16914 66258
47174 80828
11060 13270
24833 51400
42105 75666
25570 55668
16893 67782
43251 53082
63715 70273
77777 79480
36178 41389
15746 48976
21535 33001
15286 83862
59091 71786
7172 93497
34253 39762
42901 66619
1662 32862
17504 24254
20004 68165
18846 19966
66847 92564
38959 75721
14822 18330
32610 95425
32948 53949
96197 96993
25424 96858
40462 71796
16839 43689
50103 54774
26995 55646
11959 54842
78338 98782
43514 45032
23300 87422
59521 75932
17580 41514
40882 81508
52212 82739
9149 31329
3558 64551
7931 93371
6393 63374
9004 43870
16740 41222
18749 92020
4884 25898
837 11040
25004 94563
10289 66943
12923 68066
30606 95911
2667 47901
14245 30708
57965 81165
43515 43987
2391 83051
72028 79503
23445 90655
1192 31310
40880 93087
40853 97548
36574 44825
14059 59503
35039 44797
34978 40804
8050 35334
59078 99059
4358 81155
16842 96434
43708 83720
90140 97856
54651 57710
1328 82649
42849 81842
22212 95534
11963 28715
882 94648
86714 89831
17490 62289
2805 77929
10598 14779
43985 73024
17322 61585
38928 76902
32338 52448
48995 72984
13153 75027
64802 88400
42375 81154
9506 71472
45983 73184
70864 84812
13660 71910
41232 99964
44561 88574
55274 60554
1562 10937
30344 48093
20015 75346
12641 42006
55171 73545
46105 92089
38175 57559
80394 96832
12487 41554
17065 47567
30898 98483
20115 31566
26636 34286
86100 92651
11778 57929
66823 83294
49255 95719
48833 55751
13520 28072
1526 92978
36594 57481
3434 58906
50210 57291
9515 28112
41196 68286
7923 42195
59505 70949
44675 91816
4739 89609
61269 80761
34256 71022
30496 76383
33261 67697
47917 64163
14519 55922
47453 48944
39086 76670
44145 97168
37965 48066
66158 96027
35828 82904
51779 91387
39595 52910
13299 54695
41881 79030
51194 92434
8136 93558
29312 82351
48699 79431
75012 92112
49498 51602
58067 92667
4415 70674
11517 89138
1276 38113
38213 47699
19761 29844
55694 82264
87752 90285
33194 65933
6593 49930
28504 76487
17457 74903
39677 85909
71006 81923
3513 52014
38768 46606
46862 90764
41164 91912
13745 61072
781 75248
868 55147
4627 74215
1136 79078
48822 73281
13435 84477
3476 40820
32511 66308
38355 51081
3570 14768
1539 88789
8155 11259
6821 88660
14944 77465
88013 90213
8603 47121
68703 79545
16468 42475
5208 47484
59124 89680
6833 81941
65503 74828
6837 92016
37339 68612
3355 76122
62685 70790
25138 54830
35349 80714
43245 86462
43959 95156
24842 95202
31505 86683
34302 98452
3054 54650
13508 24462
1979 59923
75379 79166
7823 76518
30710 69175
87737 97684
83477 85500
41081 87616
30432 34178
24541 68622
79364 93552
1592 4171
56803 66626
51442 85733
45130 57395
956 20687
51717 74609
14105 37995
10877 33566
52872 56803
68571 81574
1634 44074
77964 96157
71714 73298
22472 72604
38070 76715
18755 91233
19468 95346
3380 7399
49595 74574
10116 72159
1245 56540
55782 89527
13175 67518
28725 42604
3740 77175
21338 34189
12818 90444
43329 51116
3912 87837
42675 50396
48869 75706
52045 57853
64995 83323
20699 45629
58371 83744
55946 72340
56709 72789
66937 95620
60749 78934
28126 95366
8427 15361
18017 64102
81477 98486
6159 90604
19705 35914
16253 21205
6143 16903
23700 95027
75524 99722
57949 90355
53363 87328
70819 80975
19727 99861
21705 65929
60215 90506
6596 89080
61318 87987
48386 83658
59008 99045
35086 86021
89598 96840
19844 98077
4108 52967
16 16769
10898 78468
66679 90283
31974 96218
10177 24864
13237 50447
82755 87642
41788 51376
3367 38248
55424 97542
45595 71316
27755 69413
59052 92287
11219 85211
21674 43609
4761 99770
8555 42306
50239 89426
14978 33875
9616 53955
23056 72329
12934 62755
17860 36955
40776 78299
15242 47041
55998 98649
44339 63157
30283 96551
51687 85877
9413 74857
36355 98808
55271 83504
3366 69954
15350 54297
60357 72712
15351 37213
34408 89107
2321 74686
627 20682
82632 93217
25407 46715
50754 52544
46057 48368
60444 89905
21472 67986
26026 67990
20433 80622
4901 22823
4614 67736
37919 85951
33247 85976
10222 79320
67366 96179
84989 90786
56931 61349
85695 94341
3380 34904
9614 75289
23902 92534
15294 70367
38034 47034
52936 72471
20143 44746
7491 28172
39277 94392
24115 39145
17790 57360
47722 57782
72724 89275
1885 10484
38477 95237
74691 84664
38212 78081
50484 64714
6846 93122
62318 64702
69290 95271
25612 33852
39806 63328
1992 84147
40895 66290
34821 96191
9936 21773
42766 90204
18056 81113
31561 71625
42780 74501
32199 52183
18159 38382
23733 32157
40659 81516
16315 39829
16613 42596
73261 89767
67027 71350
16147 96140
55304 86241
12094 12106
22711 67148
6804 31531
24249 95321
68739 76140
86128 93572
20444 59834
2653 18568
39093 49376
29824 87124
26656 76090
15437 94297
72948 90491
15887 60778
54566 97493
62709 98563
34714 87767
1807 7128
8444 65323
82018 98647
3308 45562
16658 76884
8661 66075
14516 50378
459 62306
55558 79260
13512 49392
5498 22520
707 81123
41900 95568
29118 37476
43179 80319
39397 68412
39282 61522
71384 81092
34204 88470
78422 88710
68297 88942
32222 83950
25614 99089
9169 34366
14438 84297
27824 95044
37129 97219
14161 48068
5829 15800
11473 79501
34130 96746
45459 55476
7248 61847
31447 43361
16475 83024
65753 94059
7255 82653
15090 94862
42351 57005
44513 86743
23796 79056
41352 71699
10013 52936
39506 45376
38877 82558
33544 98702
56759 88611
1857 49993
82069 94668
24301 32938
10411 75234
23535 40224
77958 95404
4775 56354
55332 92583
32137 67523
63273 87918
3607 17617
45061 80433
69151 90420
16769 91999
17727 43919
72622 85440
75379 85445
28694 93712
30394 76947
9001 42670
19815 54488
27516 41933
31692 37128
4574 40864
58044 96940
35405 57461
25583 49358
48094 83167
72077 92730
47736 97029
7993 19054
10274 54696
7439 15870
78110 81575
4954 88046
26873 56439
8000 10614
33876 69285
36788 39040
24983 42963
26291 34759
27361 48740
79332 93550
72188 92120
18252 85526
33894 54461
16885 93827
21345 57726
35360 89718
45713 73145
10024 18378
86729 88103
54164 69448
11517 22429
8375 34278
29728 32643
38777 83355
8420 93575
49307 74067
26479 98765
47841 51759
11178 23792
31282 59418
54823 88875
35613 47397
58169 61902
29690 89316
65126 71476
75953 78574
67863 90449
28191 52964
50401 53940
41586 42691
9979 40810
4905 41883
22212 96813
27447 59042
28144 76407
26580 70713
12857 83701
49091 69460
66390 83631
32674 80440
37466 72038
57904 59009
34135 97811
22445 67989
90901 93048
97392 99975
22699 36860
69442 92748
22842 23531
69185 77444
21309 89113
46044 70995
13680 63931
63245 69676
3684 79004
4346 70195
3445 31411
7969 98413
89491 90222
62768 82535
68683 95030
96825 98285
2121 29274
33337 49737
76857 81689
7547 42780
36107 94283
40916 99458
15083 61985
2622 15423
61759 98760
17910 37163
7867 28913
4931 26576
12802 22000
323 86801
9236 23591
18278 94226
56224 87714
6411 10300
78999 95033
4320 54162
7208 40833
13574 74353
42326 73416
84727 89367
31521 72925
23030 52887
34368 82230
10016 86228
30560 74931
53312 60840
18088 55453
19015 98328
25304 43003
57254 82398
26144 71628
15724 79285
34162 88725
28949 49102
7515 85165
22590 27979
57345 95476
38114 58086
75163 98751
23485 66169
57086 66514
24894 58494
73534 90204
28671 37653
40402 97953
27452 69609
44611 61176
37492 79604
25826 88812
27447 46066
60643 84140
49976 78513
83301 86819
10858 11377
14611 92276
44929 76540
26204 44006
30521 34080
17373 62329
35689 41468
2569 88681
11463 16830
29171 50948
69339 93199
3194 64173
2452 70181
2648 32097
42772 69355
68216 98395
71324 94267
12879 43066
1944 81907
62731 92173
55442 62386
18228 76583
15805 98364
12318 33422
16580 47639
9160 10619
9372 43000
45062 81645
29582 91505
25321 87728
16670 51295
8081 99273
18740 77690
1793 3043
5005 6189
58021 86408
12580 47717
25101 64994
41584 95062
4532 42339
52616 77514
44665 76093
41228 60938
2906 67755
20873 87956
83746 86961
6900 81002
33358 89286
4083 72190
78793 98825
36174 94878
14661 53626
24935 52218
7001 63236
50030 97784
45813 82286
23 49523
30243 33700
16601 90118
28301 29611
38507 53841
7233 53319
43309 87376
48177 78146
27093 62355
56186 80902
12563 53807
13117 70397
87237 99417
21037 36071
49146 49868
35161 63474
3829 68510
38038 60579
31871 99107
4953 17295
3623 32827
25654 69978
12205 39188
43724 96622
22833 74135
86123 95045
2876 37887
37403 56564
13711 57476
92517 98223
70247 71129
47949 78932
10303 48028
37264 78779
25802 97927
79677 97945
30151 69400
60880 77549
92761 97114
4600 98807
33766 36808
17802 69054
82335 94668
17835 68550
33483 85154
8249 11160
29290 35239
27217 54390
45156 98118
9909 99169
38904 75471
67963 98257
13364 87645
5092 43829
34661 36581
32175 55609
53901 66674
57339 76395
20281 58432
44218 99060
77320 99823
28347 92826
20126 27530
11297 24070
37992 49146
73648 82029
31855 43464
19510 95895
51937 96427
14085 30394
51301 99258
27664 65885
4095 96140
21700 23876
63862 69127
21694 43132
35304 38490
19247 24294
4660 87731
85786 89447
59034 86944
2447 91606
2563 13561
40933 56623
49594 75028
61595 63368
66349 86002
42241 43728
19871 55924
81427 95128
18578 37867
75309 79040
10350 40553
56889 79807
58972 75111
13068 82029
2396 21112
55698 57644
90948 91575
22502 88415
10412 63943
17743 43880
21324 85907
56081 77003
19291 63477
18299 59458
72811 87634
1884 80990
10948 90558
19056 77142
6040 81216
54011 64580
78885 82485
6852 10957
50509 90670
17310 92710
32100 87308
625 23190
46683 60720
17588 32588
18275 57223
27251 71146
28628 29236
13103 64542
85971 91844
69989 75066
15666 77303
24558 98683
30510 46929
48027 64403
65883 96903
22725 23857
59628 84355
15430 70880
22282 87205
74540 96957
74384 95248
61430 69350
1712 22228
49679 64492
4647 33487
65896 76897
56156 97599
62291 65570
40803 82307
73611 74217
65237 67851
81156 87768
12409 45579
72446 93704
4125 79051
21257 98157
65498 89569
25232 28378
4397 61085
28150 83174
14157 65491
67015 79791
5588 94073
57955 71685
25810 42217
343 79609
12124 52691
7092 84307
76002 96665
30150 50620
11623 98447
27163 28466
30885 57398
17574 90904
28803 93175
41752 43794
251 10032
22234 73988
18602 22759
47688 57109
374 13620
5367 62714
56606 61818
2583 62687
61203 79698
7103 43671
1908 42410
9824 79496
13713 88312
7590 70364
61734 72881
25465 44499
58107 99809
58199 98259
31455 76329
64411 70052
25928 64400
27403 87082
53953 90281
61343 90002
9641 38344
57673 69885
66579 91431
42823 79801
16560 38162
90418 95894
56015 93060
5273 99988
45493 87327
66904 82624
31530 65279
25749 98776
45406 65148
23074 47670
36548 88889
12663 44298
76576 91365
1155 10175
77328 99266
33705 74640
58662 81124
7599 75860
65363 83296
58011 60858
1222 87931
16124 59512
89217 99726
18713 58429
31696 65641
82543 97485
67968 73514
15707 73512
20058 60503
16131 26670
2479 36515
24952 92714
25483 68933
45500 67316
22966 45158
79621 93596
45474 45765
2088 52987
33090 50024
5259 8337
17160 28429
24314 64423
18893 78796
3481 56749
78230 91385
2315 29265
33405 42059
5083 56951
71316 81636
29809 52566
61237 88738
18008 64532
13495 31208
23639 28706
76460 83194
45376 59248
24231 67251
14588 68001
1600 76155
11708 18587
48109 55980
30776 89156
33234 42959
1348 78699
49284 78579
43637 96742
30413 45878
57667 78753
30233 82735
60063 69859
41277 70060
27037 36280
61375 92989
29373 82601
17544 31293
52558 84135
27075 41843
2331 66105
43404 79068
24977 51019
64164 83369
20822 29600
65308 96070
36860 92623
65426 87573
30331 74470
1163 62939
20254 31588
17626 27942
45575 62995
32106 86098
4365 75926
174 2460
91716 97553
58603 91191
60081 60958
58031 69316
66064 79286
16346 38628
81121 85078
45089 53457
41227 97072
87729 92577
15502 86958
22055 67244
20383 23272
7772 18723
67330 93479
45059 47241
52400 66288
39272 45171
24800 44321
33558 60344
3769 54908
21412 31844
36919 67521
23514 84637
1170 86576
1579 43003
59704 90314
63953 65764
10841 45205
32713 52849
16011 67551
8988 25746
2263 40616
14377 25775
40164 96080
24415 30545
57920 83112
38453 54478
82835 92289
56703 74162
6623 43133
47112 65863
4845 80822
64533 71360
26151 85967
73180 96203
25855 72353
49512 76317
26147 46901
50044 72236
15122 34332
3611 69856
12399 73218
16374 73201
62280 68114
5359 12536
47313 81234
33567 56203
65210 82739
24958 91099
15928 19401
8661 37145
29651 69122
46892 48365
57137 80555
60936 67418
26605 35202
3787 66199
14886 67008
8024 28952
3653 46837
53025 58158
44266 95235
68786 94063
70384 78561
81906 91235
64785 94779
6908 81244
36019 96194
8636 29274
45722 82237
4479 48067
5756 56409
18374 34721
69232 71531
79635 83269
77633 84559
25878 48666
11223 57639
54113 57118
16228 53930
23012 73170
68179 72660
61479 99160
37548 52741
38965 40114
4164 11868
12304 24915
23679 73244
27569 45419
25958 88815
11404 85400
46419 76229
48305 87531
1621 81639
70 5937
83928 94115
74627 82961
31571 41462
28004 28354
36645 79797
58023 61206
40869 77160
12337 32954
13134 40644
69580 97389
55977 83176
6100 83613
35997 94686
47586 70506
10934 39316
25635 82133
39584 76977
47498 66183
30155 31207
33968 37012
28961 60366
4199 32608
3285 18607
99105 99622
5793 93535
1945 18526
62881 87971
59238 98692
18396 52451
40994 71103
32012 73325
57728 69584
20584 73579
64062 99450
215 45270
54143 58568
50800 77257
34122 78409
6789 72895
42727 48446
79856 90288
56617 98322
551 77466
82424 91487
39188 52244
16698 98351
41123 47658
8805 32146
38929 40911
15023 17691
9004 38736
38415 95066
75297 95871
9023 48588
7725 35131
30833 83349
54849 73139
69164 99951
4903 79865
35230 49706
59319 69485
13675 87400
53048 68198
31453 35818
18475 92099
20929 44154
44673 82898
17748 75592
58229 93412
23472 29996
19864 99504
30579 51411
49208 58911
18985 34180
71693 87118
74600 74743
71444 74708
13674 35631
44699 74976
50121 83578
11274 93772
54616 94269
56184 83164
52458 74168
38537 68888
22303 45293
27616 32552
17477 54391
62173 75229
25563 78515
26650 65222
67010 93454
27264 27941
32976 93742
62752 85857
35099 55197
3454 51641
46324 60618
70927 85333
10960 24880
41462 84357
77860 95591
24139 25155
3802 10865
65956 73975
26607 50540
17766 72400
17104 65000
7449 31067
26043 85247
37856 82200
25826 82353
41370 83696
477 98152
12546 68824
19278 59769
12893 37800
2464 19817
37420 89427
32027 92199
65042 77349
19411 88705
4108 73695
12655 86420
9337 99352
64819 86937
86321 98668
11580 33710
5975 20191
15790 74453
57411 76903
29830 39591
64567 74366
5547 74467
13863 32265
1704 15510
11739 66689
58138 90137
5990 86206
50411 53458
42335 78292
56042 74043
55886 86855
79442 91483
36318 90653
18656 21084
21911 78237
50088 74313
21839 34018
1403 92688
25164 84008
172 56688
1091 99802
19792 27369
11842 65432
17085 84612
30904 49692
9956 42169
45708 78492
24666 52518
1139 20554
22910 74506
5850 63288
74626 82869
47916 65696
89391 89565
4191 90904
89445 93304
88678 97009
44900 94589
49950 60096
15929 95596
47829 98826
49657 82477
35276 37498
6814 98977
56013 73384
38668 45562
18674 58922
55770 63504
39736 97140
15531 79821
70793 72590
29645 62937
35418 40781
45070 73981
19550 64056
1932 69096
8641 62829
87076 91920
16319 93540
82281 93359
3201 50484
26850 47838
82051 94864
64953 80121
2080 31096
41808 69696
47365 87909
8357 50035
1252 59445
52258 86139
19908 70290
6187 21968
61834 97409
71935 98785
48311 94554
29245 33483
2616 40977
10296 18687
48465 49509
20585 51835
17340 57900
347 20205
10934 11828
4822 39354
21846 94951
39066 53560
3394 39745
56938 96398
38031 93529
10679 34048
79892 80107
76468 79380
21616 73374
24791 87057
87191 97130
53002 85549
23475 90498
25386 46476
10849 43202
27136 54893
8314 96553
43268 68109
31171 43447
44261 88674
2074 62384
16036 30952
17416 98384
34229 45474
24769 35935
37125 87183
63454 66273
69231 76799
33217 92308
22517 60453
9381 35616
53221 89198
38865 74894
39240 83545
7660 69221
58918 73487
63878 80475
17711 62076
6215 85519
3449 30667
953 54554
11280 66217
65062 98139
14596 42949
1214 54461
53999 59248
20115 84797
33290 48884
23582 35562
51181 51276
27639 73865
59456 91457
16072 72398
14270 80997
33453 85786
18175 84517
19461 44229
3966 74076
12874 28409
13879 82066
64322 86378
55779 65791
26563 44127
50438 67255
10683 66208
2795 15498
25604 74843
25811 35502
21522 72470
23364 68889
53964 56545
29570 29901
37927 81337
69258 94059
31605 65140
26532 79147
75405 98692
23099 82005
36231 61335
39330 96352
41565 61317
17971 34161
13302 48175
33981 90515
47639 84236
25099 36106
9218 62153
13273 57305
6042 80772
88498 93839
60184 97683
15205 16399
67314 92513
39018 60231
13913 56502
36034 59977
2498 53421
44609 66378
24657 67736
70972 96444
41117 45514
2917 12083
36983 80837
68676 77966
20070 96964
48967 86804
84436 91273
31314 60054
13311 45427
33381 74045
32284 33552
82998 92707
52787 71888
3950 18430
87572 94734
23288 27617
66461 97143
40701 57804
42284 62027
45470 46479
58366 96774
38671 80500
64522 73262
33246 50401
5979 7648
76515 98257
53526 89017
25317 30799
15632 80235
11287 92082
55264 60448
15142 54460
13026 64007
12249 80437
22863 63546
15809 39113
75066 92296
66848 98592
6469 47263
17458 18131
86677 97283
21558 66594
24498 98884
34519 88633
32969 75987
31944 67049
17323 39814
82743 99647
64805 71675
39940 56049
42180 56743
38997 71007
1265 67755
47213 66841
15903 77045
7968 14695
22434 77334
39528 90493
1067 98499
54475 91772
21238 85498
85145 94677
5923 55495
27669 92682
77204 87168
4065 10281
20743 37833
52055 99095
25601 67550
53082 56775
56238 91325
3483 77848
41421 63494
24043 78788
3644 43110
31059 42490
91043 94841
27521 50154
66388 75909
79939 85426
32755 33758
16505 26446
49240 98705
42366 57230
57161 63923
25269 43686
1941 88487
39935 51806
25552 99736
30800 96610
28847 60324
71142 99227
36758 97209
48633 83759
21691 84547
25120 91455
51945 96441
20700 46128
57354 81607
31664 60802
74322 91071
41116 52703
55276 63623
26899 78438
24803 98517
895 11877
3933 5137
19180 66738
30743 83649
56200 79734
83768 90846
6793 49060
13991 51497
27361 55322
52333 52689
13720 88612
2310 83083
4576 88408
81444 98038
5848 83276
72003 91181
6899 43516
8373 34592
53473 91511
26130 55849
23799 44727
65451 86144
33204 97100
1512 33590
19363 96548
3967 78346
37807 69504
68471 80193
25534 58810
9565 85076
33730 73496
77002 96217
72110 98951
24751 76398
44142 80851
33203 64606
35506 50541
44975 57553
31058 78317
5514 41282
31449 43133
63122 69050
4115 49324
31489 38842
40703 52362
24404 77256
26304 38460
3631 61501
19810 25045
46205 95864
10525 22871
9285 72017
31549 33231
280 58286
55649 62973
33605 53629
86852 96409
53059 99543
32567 62403
70766 88833
15683 35090
15597 50461
3057 43329
40494 85561
33555 91385
45919 84669
40599 84268
25961 85185
43698 72249
12718 95420
26135 27482
60071 94628
4988 30157
65617 94846
4143 69705
79949 85216
51670 78869
68788 81112
28212 34673
16051 73231
30719 72668
87598 95465
60212 96289
40919 65594
74620 85785
6842 29451
47197 93062
84623 85371
78932 95127
24133 84842
84139 98340
67617 69862
18422 91165
53173 77138
40619 62089
36280 43572
29131 85977
12609 36639
26484 35350
55099 57202
59616 90406
18340 37960
8221 99728
66345 71431
5323 31198
11688 43588
68534 90090
15499 85200
80280 87807
31818 32148
67543 82360
75275 81441
15942 64370
39311 62746
18947 84041
83074 89052
71955 76020
665 42601
43099 48407
21437 81675
7742 25499
20576 51169
59074 69680
245 42045
21586 64593
9928 84553
18661 97796
23013 96850
42119 86883
8223 32713
46421 61540
40352 50799
28837 30566
51844 81399
16474 67272
35743 82550
68178 71204
75253 81396
31397 56664
79271 85949
3968 4507
26039 46494
46192 98127
5582 32167
35651 41050
47700 89880
15754 94024
36856 66670
9352 18849
56072 64043
31881 50008
36168 44783
1289 93699
49999 76334
35221 58715
60244 69340
20922 84727
28457 76171
22010 93882
161 15812
36329 44415
14264 40380
57236 76429
27873 59629
11545 35446
9319 45019
1171 22941
37537 92872
2992 29050
34751 50707
24618 69227
2444 24534
51673 82824
33059 62312
52240 95294
17420 93139
42581 47824
19022 40933
84861 89884
45165 94573
10750 18132
50050 62027
17087 41909
10740 39050
23170 57954
2376 85382
3199 93145
16577 81303
55134 64109
58741 69614
60796 81424
29929 37591
53021 55304
40106 95826
2780 4923
44106 51524
22279 90638
1318 1324
1778 31295
64668 77330
9810 35283
35983 36696
73132 87346
61039 67383
32374 50919
14443 49248
26412 79564
24120 76999
15516 70562
29329 56733
47289 92138
22460 77840
17166 80104
8101 10658
36352 95964
24025 63542
9953 15970
43294 69908
37677 91916
29453 95167
41290 78334
4988 54067
1957 40994
30259 91540
33078 73160
61003 84222
12247 88887
36741 89455
2508 85878
17768 61000
34460 99972
7468 24979
42340 59590
3068 18584
25981 72657
2221 13941
23149 90385
78384 83626
73083 92633
29811 37584
72112 90212
39474 94446
30927 74419
27870 87111
46739 52684
7073 9604
38812 75782
60474 90114
84732 98030
30964 39146
81922 93585
48491 71862
19035 73850
48071 63921
6382 76051
43187 80663
18909 30647
53500 78369
47238 61674
19509 58170
10277 76777
80550 99794
50262 67728
16210 37080
37605 85994
26779 80067
21457 75575
7272 32680
25333 56573
17814 44931
46012 72696
12278 77450
64541 76170
363 3428
18346 88537
4573 49060
53878 55787
20765 20799
39098 53164
13529 43997
7932 93986
36239 38399
32311 87914
32011 94230
66069 73876
70167 84004
36986 71061
14502 28339
10626 40318
49488 79889
197 48760
44211 83071
7270 83939
22004 65599
30535 62054
66313 93816
23105 66017
70603 86036
1805 95956
45100 75105
25821 80272
14927 56287
57457 74344
39794 81154
24921 65743
26101 28864
3994 12842
7014 8611
67549 87053
1051 11334
30298 74019
32741 34964
22661 85314
2844 3995
11189 85357
31254 54013
12730 20965
74829 82065
15078 26982
47045 90289
18071 43082
50440 54803
84729 92357
62143 76463
40060 66595
9879 20368
53261 95296
66016 80934
23936 61596
17831 54818
70842 79117
9383 60821
32289 86209
51915 84318
1622 25432
68082 95869
15140 57036
14497 23471
22568 88347
23858 63433
43882 54678
38192 83521
34672 91892
25282 81509
12544 29599
3506 47002
24290 71754
54304 85871
28268 81739
14014 99658
20588 52293
76617 93561
6536 18687
45438 59852
23990 52639
29193 70699
36392 68729
30111 53047
10063 26686
61970 84459
1200 63942
37710 50715
8148 82583
12496 25874
19775 48753
62691 78711
7916 36066
46176 68654
13649 89961
10584 77210
199 1730
55135 81814
77646 89296
84204 86121
17731 66127
1163 97621
63110 71632
30166 52981
48439 71645
8281 16622
9221 57602
2637 67776
21327 88929
20008 78199
64681 68837
11513 22511
4474 28745
42429 83391
61532 94758
10895 50577
17067 68747
31115 34835
8091 41365
43321 99365
10682 40794
10050 17941
25266 41165
46454 89275
6600 28735
66770 84504
25230 95786
36268 52051
17270 35889
5707 64254
71696 72329
67539 68643
30416 86422
69192 88558
67667 68941
74354 91977
17291 18673
2817 7752
63002 64804
7423 84600
48538 62080
8524 16233
685 22180
13486 29325
1944 57321
51194 91779
52521 88741
32969 52494
10046 58846
52217 53871
37819 45697
77581 85330
42568 66172
25416 77903
35611 53412
25810 70178
44878 88305
3839 32752
32710 48808
48337 81497
27485 28263
14520 59050
649 86140
12187 13445
21596 90397
1105 99653
8092 66516
34007 84260
33164 39333
10742 78287
51448 89764
13379 93275
51712 52596
53906 61219
56820 94800
35012 60019
56256 62733
44935 72939
2236 75325
59769 60906
52543 69931
16589 87203
61629 85018
3509 92973
20268 21678
38738 41308
5361 34115
29613 99950
39066 61608
33003 65792
26157 53973
41855 48756
9521 65325
23155 61536
14008 37947
15058 17680
49298 56930
8408 60267
9264 30437
47439 48463
27439 88374
48955 91847
67111 74315
20512 40257
12768 28261
28144 81994
2133 7433
74062 95632
3989 31175
82460 93923
23147 38814
80550 96119
27370 53954
27316 56015
105 94776
45815 54564
506 28844
38565 66551
32431 85991
61345 71303
21528 56466
17780 94580
36816 60374
65464 87203
43463 57195
28474 80257
59211 60402
33369 79769
10033 66215
61289 68622
21265 79764
51602 69814
44797 45993
19812 78765
26707 57633
26040 81136
38695 84537
7357 29195
15372 59108
12652 72711
72680 85091
13324 24229
277 25378
8665 62958
42657 68582
67952 82893
15959 74746
76948 78015
68054 86311
22330 77417
33680 92356
30406 43529
38418 92778
39765 61921
11518 91434
80891 95974
22332 73629
17403 36403
55209 95350
89451 98805
26860 38945
72624 78856
87699 88289
81157 91842
222 90507
35854 57989
46689 65734
4802 86320
14460 95439
37509 88969
46216 70061
1292 59104
7079 79447
39692 81779
56822 82089
44216 65776
1175 67120
5158 34670
16138 84840
21635 65901
9194 12410
46405 53719
34941 35670
28018 76345
38948 67602
21669 99282
8141 83134
22281 32804
38315 89427
58028 65544
14215 80427
36862 72783
31247 78445
49924 83385
339 4441
21790 69198
4505 67361
48698 81298
23814 25025
3946 53387
9931 39379
11916 44757
52698 62518
29687 38093
10063 27951
21459 50122
10642 83479
5245 35863
59691 82328
74262 83417
33111 45427
7375 36046
47721 74327
79353 84851
4241 57315
47149 66306
2358 34370
69432 96898
25734 58029
26383 58868
28259 47364
19035 27875
87154 97667
75370 92597
40222 53345
36481 76880
26810 68034
27625 72280
47803 75843
14829 50106
60263 98149
3944 80601
31808 50359
2010 20067
53890 73458
85225 89120
52114 83308
18320 75887
23022 68198
19412 36024
2502 66201
4808 85665
72449 86793
39911 66679
20166 35512
86190 92102
35320 83422
84372 94059
7287 35615
5586 26298
32229 76563
66458 86621
60583 81609
85309 95984
38596 43287
20079 66583
70315 82040
4533 34130
81767 82804
83425 99760
9742 36515
43304 47769
59666 60179
32147 70595
63530 76381
7742 90816
86385 90428
16777 88163
36189 64280
12018 75705
90880 91133
26057 45005
34092 69807
24489 42712
66949 93440
33420 67933
31156 96648
90810 96386
35503 85344
34161 34393
56601 84158
23694 81499
15582 21108
14246 47781
63292 98651
21622 54465
2269 19370
19015 48730
53696 71605
29937 37447
937 68507
59246 84786
61467 67279
23194 42640
75460 90277
17774 90500
59245 59617
34213 93781
18972 62411
6126 53049
47380 66564
61875 83542
8736 35181
19574 87917
35044 91821
49831 79865
71834 97387
28660 73232
8438 9927
1161 52096
51237 55022
68653 99901
12848 92351
10886 31648
52042 76091
25926 96021
24781 99147
3875 95560
2191 37755
21047 45561
4750 7629
24284 73201
42804 72628
83400 89526
38289 80500
567 40178
22826 66605
34983 80706
33667 62463
29530 83289
39630 77978
21060 43777
65118 74941
20375 69102
8752 95692
98099 98550
19025 93217
14291 35403
5169 70615
1628 4322
56226 76727
22778 59092
54838 72554
10162 87481
66797 68758
1376 99214
62127 86675
49354 89740
51978 53377
13127 44644
3897 57888
47728 77192
42936 46431
8437 23717
64761 78325
73678 84360
32065 60324
53560 79185
66005 75058
14458 58517
15319 80040
66697 90277
34312 83882
79525 97356
26275 81925
1941 91756
88791 97747
5671 47708
76902 88700
40962 46995
29593 98936
44192 97825
7600 51760
1118 37067
5007 18170
25569 74111
14335 26808
29907 61972
38616 87774
41354 62372
66157 70711
36323 77092
5552 46185
47534 95230
18945 71808
25996 61381
2788 40071
65899 74604
32670 70286
28403 94371
61564 94697
14951 69487
58190 71532
66098 87173
64145 95602
62226 92851
72305 73498
49150 65176
16198 65761
74799 77656
31541 33339
48824 64087
33340 44043
69793 81231
5219 90366
48719 89692
7790 90670
81898 82691
5636 73673
1180 45335
65991 85531
19862 84270
13684 23649
11203 47825
14562 85607
54872 73240
3963 74545
69368 74534
20047 52287
1836 72059
6947 9527
34239 84711
16263 80553
33507 94125
53785 83530
79509 91349
16745 43075
26221 66963
55463 72720
1789 68949
21102 59522
6213 35384
36234 49159
39139 95010
26970 91841
71578 82045
2275 88129
28241 67360
41182 93518
39483 69420
9364 15133
36574 51607
29110 77201
12869 90488
66768 77120
16262 78117
61765 81254
35950 49409
27215 47833
26488 50089
78573 94852
5999 23653
48341 64281
33924 90302
8683 27404
79247 83193
32828 51789
83590 94016
59821 62496
45245 71418
24391 34185
18911 61857
11404 99346
62763 76878
26341 49940
22306 57720
13620 53638
58537 87514
48599 75743
38085 88321
7945 27777
36402 90949
65857 93600
81622 93642
77534 85779
24217 82401
49826 77296
58143 86291
56313 64922
26846 55651
18241 84052
28417 72277
32065 35868
17772 18338
53771 93232
52292 96870
41093 97638
19124 80505
44442 87289
84245 99451
7654 49334
16164 24612
70630 92875
57046 78173
5811 63263
40981 58832
47226 73580
1224 15383
43124 79686
20942 92130
52645 77653
43743 49901
41858 56365
21127 71204
32457 63721
18928 28460
9612 89471
5089 30447
39613 51234
21276 61343
22285 38485
22893 50555
22443 47789
9519 59820
11712 88735
18518 73213
559 88121
13527 93797
56018 75052
47608 99861
29864 55180
38955 62429
14549 66538
60027 65595
28338 71554
71359 99138
28575 81318
35479 59868
2541 56115
9164 10118
27566 47577
51744 63297
25521 53931
62837 92307
14165 91185
46022 89950
17477 34867
6100 70904
20925 72366
50167 59275
9416 55851
4796 89216
17725 50864
74283 86345
36947 78719
1732 52647
57018 59802
47387 51038
32492 39818
74214 96737
31501 54371
20825 93926
28183 67156
16509 37092
79940 88450
41178 74748
43131 71983
20873 36193
56671 97694
6410 61698
28413 40080
80649 86678
40036 90985
45217 78109
57500 94184
27460 53345
30451 50754
59256 70032
72749 88045
33782 43816
80698 84005
27777 48498
34056 86387
70300 72000
48949 76910
13137 31351
82591 91671
33430 90641
46383 75404
27574 47478
82802 94002
8242 61083
56672 87097
1342 85683
70810 83586
82172 85952
70132 98553
11179 79984
2238 6281
15137 89632
19032 83591
29795 46551
47681 51678
73185 85542
16581 58865
265 37824
48670 66941
69154 89295
12475 73294
43173 79250
35985 91413
33150 73760
65250 70562
24038 99892
76841 82417
45070 68292
34658 77430
16825 19869
63763 87007
1486 71422
257 22371
7600 30707
39874 79283
26406 97276
56683 77259
22624 29634
46780 48030
6873 93547
7414 18036
10571 44348
36679 69029
40862 47271
28960 97640
60103 61806
23452 76501
43181 83098
9717 31708
18056 57845
16971 17909
22254 96206
14016 22854
73325 90792
55843 93252
63731 81128
27610 36607
44626 66321
29930 37197
57802 58494
17026 77707
43761 60120
795 58907
12669 85017
3345 16874
4280 52681
45226 55275
3320 87638
50809 64071
85013 88539
29145 93788
6283 39814
77087 84699
35692 88697
26690 99461
25493 36171
24024 48464
16350 22862
56349 79086
5727 8653
35084 66835
30158 36797
1389 35764
22108 67172
60597 98166
787 31422
56490 99923
44713 59171
10637 43076
13458 75624
38341 39526
50038 78603
40053 64604
38083 68293
10255 71615
7980 94477
13705 43321
42730 65038
9285 90544
14169 20882
29362 73951
1724 90968
43355 54928
19871 86562
95375 98971
17715 33395
8904 60483
34227 70177
24295 38611
69958 94290
51174 72175
1844 94241
56583 75733
5002 24704
27428 40815
3627 19770
80933 93070
8185 31178
36635 67409
47516 65571
43872 81599
4298 31820
58628 89928
22969 51465
2748 6563
56140 78446
46713 78163
66439 79969
16328 88847
53899 83081
87185 95601
25881 51014
39041 73555
15372 30981
8716 83573
65980 68289
527 36681
38593 85936
5801 16477
18403 58219
35487 57657
7077 69115
93402 95592
21938 23573
1473 4277
12171 19275
53491 79858
51869 76836
40712 75080
7325 35476
36632 56020
56341 82691
24251 87877
1173 24938
50165 72253
85323 86837
56391 83901
78882 90153
9057 80243
9370 24728
10322 51727
12463 66510
4305 48043
8266 91637
32363 61072
8544 63734
13470 91765
6338 80981
31629 98997
25820 92436
37519 91437
38281 49771
34682 97239
43195 84897
3161 97187
12173 85322
57833 71082
22650 99773
83244 90563
368 85244
52702 98540
92352 93321
25450 29251
83797 93064
71224 72187
50836 61576
45400 99674
37283 80486
57628 86372
17414 70135
28390 51819
13085 80287
13099 94392
19679 67221
34980 62035
9239 36839
27521 31373
10247 17196
12331 49340
35875 66578
16232 45746
27642 59330
39407 70869
59166 78575
12948 71759
61918 82589
61170 68176
35370 64768
31545 93538
4028 46316
41811 44247
29091 49298
14057 24301
57483 66003
52334 76250
35852 77808
25596 55260
47130 59173
70428 77483
53015 71411
32806 64784
59477 97127
20673 64514
22116 68287
53026 68380
13951 19248
42987 72981
1565 88557
54867 60858
25823 93064
9870 67236
15651 80693
27368 55370
32395 82471
84867 90751
33393 36725
28278 63452
49967 91945
36778 70824
13308 46055
23118 37164
58245 82860
77979 92838
44579 73222
26282 94115
73858 83663
50031 73754
17896 28301
40162 49403
2686 80318
28402 40693
19391 48007
57706 63385
66152 73390
5130 63853
39561 73445
19922 94561
39570 73474
19952 61486
13931 82640
42900 88726
40524 74970
8578 58820
2902 29837
26883 31500
12118 79384
15477 54151
32125 67469
91975 97276
17781 19574
28343 53836
22386 40409
21020 92681
48881 57573
39775 47562
86272 93408
14229 40768
45209 96702
12241 36405
18318 73233
5674 85272
2653 71089
36411 95371
10684 63786
3626 34758
44963 84709
44152 96555
28501 96288
60528 82623
34552 72426
37354 79468
46217 55323
11767 56844
61297 96344
11662 15550
59358 83912
15398 27857
64035 67071
15424 36113
66533 71299
34859 62674
21294 79625
67864 88756
67545 87672
34526 66864
36325 47057
7155 88451
25402 85163
98 29133
62511 87946
39008 87411
39764 51680
52512 91321
42610 62843
37981 62872
52487 57936
4994 35917
51698 92939
34778 92588
41781 57661
57148 78680
19145 84955
67338 74924
44324 90616
49551 81937
16230 53040
963 86157
17904 66642
25952 77431
7607 82146
45537 68927
45905 58164
57933 89594
80934 93032
98662 99435
15559 42577
12664 85233
12626 34886
30457 72154
25553 56804
4494 40898
16680 61314
54208 68534
21540 80725
23537 99563
62602 97878
34736 57099
61313 70107
45266 74230
31810 61196
36908 45705
3330 13385
31277 95261
35394 69538
14311 15648
29849 67730
46778 75856
27663 32870
2192 38387
33210 61390
83628 97101
4355 68049
4586 35957
82796 85333
26573 39470
67175 96981
21247 94969
11934 55036
15602 35562
52869 65679
74719 74832
69947 78359
38470 39631
42000 46688
2782 33977
14100 92833
4600 7298
29585 42374
26493 66571
310 46810
49288 77030
70495 80109
76108 77113
35667 44892
38631 94622
25838 77806
75144 99850
5455 33225
90455 94353
60041 88820
230 83959
64917 69015
5699 5775
42766 71277
9788 42705
47372 75738
49422 55265
23737 84367
34759 94523
63423 88572
17847 93269
77176 88720
3548 97948
8911 40232
61159 92869
7796 90052
602 65099
12209 62069
26321 56621
50102 84790
24057 95198
54275 96964
43730 92010
7329 77329
34197 95886
88369 91073
15956 40835
2945 67323
17966 88104
71325 91839
34158 53347
50329 66414
12300 76720
87698 93105
43380 56261
69217 76857
2619 19173
55072 80548
44510 55131
59201 65307
2528 79262
47275 99815
26108 43525
49225 53801
3196 97068
1232 10583
66242 77310
6225 47542
39116 69957
10867 93701
4502 88832
4319 94174
19822 57041
89652 94596
47356 99431
18902 83668
25482 91846
2623 45901
10978 75843
38754 92505
18448 27559
16411 72040
2894 80023
37365 44227
31475 85470
55060 94134
25495 87147
18641 68380
4251 18323
2949 21534
28629 64386
61191 73849
69853 77006
30538 72260
4255 7991
4513 86639
2039 94169
41923 99267
40067 87448
20443 90606
49717 83866
14724 73066
52983 73359
5405 79463
55034 58885
17679 66396
25764 38613
36581 60376
2372 15588
2701 56849
33425 97790
679 37182
87185 99034
37464 61927
19819 36214
50818 79472
9758 71009
22014 96827
85973 99992
688 81809
21043 53023
16739 41617
12611 81967
55841 60974
64799 79044
77681 86213
4094 28158
5704 51614
16038 54245
16988 20610
35839 81159
34940 86135
5520 54015
39035 96254
25833 30842
17070 33096
35190 97837
61528 99450
65027 80284
16027 76792
57628 76666
36758 90615
22682 69406
34698 57112
27383 70969
22836 44173
38457 90670
11539 27770
1588 17295
14122 70578
23482 39475
40947 75433
12954 76165
12855 55016
39960 87397
30040 93054
7432 95823
11852 28814
21628 22292
10985 50931
5249 23190
7066 60483
6752 6874
14046 52114
11913 67443
26938 97073
35143 40629
33825 55726
42004 55629
17559 71685
49257 63105
89783 99508
14731 99609
20757 82481
33378 86318
351 38467
20644 64812
50971 60857
32700 98959
10599 52031
22088 40857
50269 62391
20726 83577
60256 96394
21638 31682
31892 42199
30964 81814
35041 57827
22982 53347
75709 77030
47991 59178
15125 99113
45986 62804
47033 65360
5117 90078
51107 60000
21357 56123
24420 58657
75522 82282
47407 88709
1232 27843
11664 27003
15435 48584
9754 25551
78228 85600
47957 57099
20086 67952
8819 82866
90596 91316
73567 84792
57336 87964
4988 43366
44226 75744
40222 71620
13488 28017
12799 36522
12801 47689
68274 96720
91027 98301
37965 91169
75906 82602
63408 92157
73500 87703
4849 34023
4164 32110
10211 30452
64078 90135
21953 58000
31987 74528
7075 30386
74956 93833
16375 45525
72885 84681
11511 33041
68162 84221
65290 70443
25251 40639
28253 43477
181 91754
5596 76394
15668 21423
42060 61383
4935 94338
55039 99584
14766 28899
42369 67370
31719 54004
9632 64643
24148 35531
85640 98651
28183 83967
7337 46548
43081 44884
26873 70219
30668 46921
21673 26130
19262 26692
27696 46843
2685 5973
20903 54874
11497 22153
1365 28312
6033 47754
58386 67273
25306 29341
10714 29333
11191 48025
33158 75133
40883 72536
32120 83195
18307 70694
12209 52615
26008 63151
13877 80897
87482 99812
31973 39549
41093 70342
64725 73115
44945 65799
17055 78027
30618 95997
24244 24268
77167 83930
48353 64502
9570 38973
36601 47309
18700 25626
2904 42094
52972 55246
13334 97174
33444 96147
789 97922
79667 92009
30313 64626
21766 49288
87403 95737
82678 93487
85803 95544
42586 64805
33276 47281
15934 44587
25899 38891
53263 63290
41892 57206
17811 87831
17414 24937
67400 93744
63152 99385
26890 87988
41756 69869
14281 18995
37609 58722
39250 62069
26928 76245
10521 19739
13721 64374
84054 88159
27105 38381
11337 44494
19447 27554
2433 69326
16525 84920
78250 84029
39013 92768
24790 31222
59552 93876
42359 77063
2706 6820
9113 77811
7648 48305
32016 37063
41913 84810
41007 95835
24893 98031
67236 84750
57617 66816
22631 87547
71312 85922
47306 78970
7274 55873
36702 95891
3865 40851
23777 50993
56368 95892
28602 57430
55735 67827
54297 79874
59230 81963
2824 26209
17510 75543
78109 93102
10044 56590
8000 54480
73282 97899
19852 23637
40837 69778
61497 85067
3481 70034
56828 67741
9757 86908
51599 99344
21272 74918
2121 68754
73754 74646
53910 96469
12593 81940
8356 78597
55788 72338
45681 51595
15346 80430
33757 64374
3705 58620
11909 53074
60873 74070
2694 82131
4759 26917
83974 99708
17864 78496
36312 72495
1669 99846
33175 91621
81187 90058
23797 72815
31570 97225
74044 92502
21583 24233
66223 91053
1377 33467
19305 52977
41351 72048
24608 46269
72634 97411
26573 85816
37528 37890
44893 67873
5511 11227
2586 38843
30142 90627
56864 73600
36592 97742
76007 78984
9955 79447
87656 89516
58481 64818
17577 30091
1399 24344
54025 84273
62584 72405
2020 49668
69596 85340
35974 91462
60445 84788
46394 59055
69772 95581
34125 65685
63821 74319
11757 45039
15327 56210
32161 45907
32064 53956
21814 24091
78590 94806
28831 34975
9746 28942
34734 51121
207 63804
23246 67848
67577 83132
6054 38169
33577 95577
39697 97706
15626 67391
21112 61668
12989 47041
976 5176
84093 86583
39932 83366
1422 23653
20845 98805
27561 61242
33525 64883
5246 45645
40225 97361
60041 68721
81970 87561
38085 73865
2084 71426
45289 64311
63502 70005
9281 58277
45506 70450
55363 77006
1526 65969
35092 88042
49899 65283
20242 89184
43755 58994
3923 48396
4986 70207
36867 66747
41139 54237
61359 92925
85427 89020
51482 90107
57733 97694
40025 41892
10403 18780
5782 72611
83974 85503
938 96907
18529 84469
45656 73768
49440 64831
47191 79460
43391 95291
19127 66166
13716 69139
22471 39364
21443 68337
78438 97266
41142 80142
1528 5406
33340 58724
6807 13498
31774 68283
60933 64358
478 18161
1580 2713
98833 99554
14599 54852
23870 41695
17627 63494
362 28268
32225 82734
27249 89356
1397 20953
62669 83547
42904 71548
22990 80247
1543 86390
51393 74647
11798 46105
31153 51095
60367 78758
68348 74927
80810 97505
4512 28232
24746 94325
8214 40353
39624 88526
54596 70785
61380 74140
28755 99799
44441 52365
32747 48742
14664 29137
4852 59809
5361 23482
29760 79427
3941 30756
570 42167
32277 35677
26722 63878
1346 74480
38335 74567
18299 86338
34145 61178
43912 62619
6704 91813
52679 92767
85898 86891
11222 80799
88444 95480
58022 67567
42400 92389
53443 76632
14259 93561
2187 46545
49262 88588
30265 61339
15827 53838
55522 98666
24270 87498
3887 75242
43089 47642
24991 48915
6850 71138
10216 54642
65410 91892
46188 74978
52816 93560
73959 79810
21665 73118
65644 83271
16002 77868
26047 64399
11134 58570
41709 69406
38411 91791
5884 85176
85253 92884
41625 90566
64485 96569
10085 60181
47876 88586
23477 44069
70932 99149
78837 85129
26597 50245
11391 96746
87883 91329
17137 72390
2129 84346
7097 88894
40795 78177
9313 24676
47156 96908
56032 85094
50161 92003
14100 62739
10248 17373
60637 67234
85935 92458
56825 85671
4786 8561
25207 52055
28269 49863
26713 50902
50974 67222
27237 95552
12607 57716
44130 66430
19996 67359
49410 78721
9677 53915
11300 60236
39106 74669
26553 72329
15771 63078
8077 79984
464 55563
9970 99699
45567 89692
2879 97111
14056 40082
94886 97251
37580 85083
55471 73285
70776 93104
8515 75788
33351 52443
56304 57660
5622 98219
31474 75208
47022 89784
67022 68201
76015 94721
20534 96168
15475 78271
40187 62996
17855 61728
76956 91815
3053 23617
90029 97947
30346 49820
61 11498
41954 62000
23706 89106
36041 97852
11267 16960
3709 43757
13620 65545
63151 86736
42608 82904
13567 23322
73820 95739
16044 45759
82643 82782
65251 72270
56649 76187
26711 44338
58906 83055
84865 96390
63598 92686
54318 64711
38186 72785
6831 87598
1019 6034
51269 69025
35502 44605
577 92894
36209 79834
83411 96455
7239 77381
22095 36137
35364 98551
63966 72075
64952 80617
60343 96252
33494 83858
18506 80408
34573 98057
55573 69631
1442 18148
30400 88296
40621 49304
37345 52976
30309 64954
29421 64633
23394 75275
36085 74712
86951 88936
49783 49969
35085 80558
18584 58127
68123 84642
43851 59750
8930 58580
7053 29493
55923 93304
7957 55729
30484 55381
82515 85079
6201 91220
66299 78249
32552 65623
57286 94478
23949 88561
50429 81598
51784 96145
12458 88533
67583 79683
57602 72838
765 71604
50830 54581
19625 37130
56023 62614
55370 93552
14891 36996
16178 68616
36686 67056
13201 40380
33199 42603
22058 68427
37334 72445
25730 27115
4721 81777
41084 74233
45606 56902
38106 85094
50331 76074
14105 61123
16971 20744
48508 76940
70246 84722
6241 44749
40934 56869
998 67794
3118 4126
40888 46039
81004 98945
15210 38992
20454 54114
6796 58412
57737 92242
6185 52992
89275 93038
10415 70490
2165 53545
15361 71816
72504 88985
15228 19783
39348 75029
32590 55840
66499 68613
45820 69962
8596 76640
70135 98096
75083 94799
2906 25884
34854 50450
37967 80489
44909 98594
32595 56715
16033 20661
2082 44340
23826 46187
49375 99215
45698 62248
51769 77843
3403 67057
47139 49945
35259 79021
69371 79973
80595 84974
21068 95344
18744 69825
15345 50507
69622 82977
38046 45903
50059 85521
5251 20794
45105 68187
86974 92615
46251 69092
60109 81828
5207 68730
18765 69981
12015 26658
34887 73070
24211 62732
45680 99570
81256 93864
37221 84789
54856 71696
50356 87979
38593 96408
65625 99759
16425 68790
35562 52261
26254 56440
26544 90467
28153 92685
8043 78521
39063 69712
8709 18513
18312 91594
51724 91752
2295 84628
59251 81841
342 97027
32014 59314
64694 87586
1079 52798
18395 33268
4465 5190
20416 51606
45101 84788
18861 69364
22003 51999
4549 32037
16142 30622
31091 78950
68529 84858
7343 48652
13479 34309
13647 73273
2834 43489
52750 57482
44099 87498
75035 85447
5602 13545
31544 76577
19557 76574
33120 70347
37578 67528
56621 99638
56142 92339
16818 34931
15120 88510
77711 87594
29073 78751
9998 60030
21508 63112
51849 52405
6175 45530
7594 84239
57791 81800
22935 67814
24757 51349
38059 82934
12060 86839
14517 51419
10704 19017
18855 79006
23104 30581
32856 45450
25223 40663
6276 76920
36276 51333
39273 65440
8914 76482
38071 91439
62966 90670
40868 85832
19947 33363
8267 79103
13273 44019
55908 97486
16906 25284
69310 75256
4948 30051
62308 65788
32949 76768
15524 18130
4711 44812
3159 22116
17237 55835
54003 55426
9759 95654
59631 94765
69878 96597
62812 73983
19597 43622
18354 23559
35595 72585
10202 67716
1309 80281
67724 98439
95409 95982
28671 61437
20516 24907
24982 64639
16130 98590
19374 85720
51028 82040
4568 75713
2542 86296
34365 82163
24263 65181
19101 44477
36115 43856
17744 55469
91780 97395
35272 57280
8854 69696
7410 53649
8292 37103
13949 25445
60573 78314
23925 35582
26697 70423
11766 34413
51145 77066
24964 84753
6679 25611
27143 92641
40615 98309
22958 81501
9481 63158
49196 70662
1743 10704
21380 72991
4173 72780
39583 49559
34928 87377
17897 28720
22808 82612
33823 65690
21709 91205
20367 34159
10235 79678
36944 50672
56742 66355
59696 64900
40082 74891
31810 32923
74975 88565
59457 94445
86457 93725
59828 95910
40375 58899
6452 77166
36431 97570
18552 91057
19361 24676
14148 96438
11205 29262
2956 85326
44625 87723
49063 74087
22743 24699
53599 87508
19453 23915
55353 87081
56366 65859
11878 68267
10810 98437
9850 72248
82545 97535
25180 87655
47733 52417
35588 48504
38160 44682
42016 93927
15680 69748
49724 97466
38297 74536
8435 60178
53191 93917
70522 85983
23753 46264
17165 95615
27269 35032
68115 99407
2258 78017
3303 36163
67478 80944
52074 63891
33756 35974
32112 65611
90452 90877
16693 70696
10400 30723
6171 25577
66929 97759
9117 75962
8957 63369
20187 85873
11756 63097
40735 97929
27870 78764
47238 87735
29373 67838
61488 76158
34829 55599
89376 89817
15592 98198
64699 93032
25465 51116
7381 33757
22945 81141
39973 85825
19574 36072
5206 10681
21910 38920
28462 95474
53475 94024
53457 54190
55599 79228
18011 99506
47793 96772
4314 38225
33157 76556
18221 99087
54697 57452
57542 90175
67860 71666
53211 76680
35383 55666
15973 94040
28791 35094
10108 70828
51397 69077
2804 57445
82167 91452
10421 26999
5627 62768
46231 96737
9926 85528
40323 61265
62575 95404
11389 57551
23699 86395
7540 98522
43751 85880
8498 22649
85989 91532
4230 89285
16614 84133
29081 81894
5132 52572
7070 38139
10881 59510
12977 57286
21498 80875
43828 53834
55229 93753
54560 91434
42905 66816
893 52505
3455 4841
1116 93445
23629 81729
11667 13058
3849 45548
49692 71980
13451 30534
27479 78745
82429 93182
21075 78460
30705 39516
78242 87451
22595 57655
28210 66824
30456 42364
49617 91107
482 48180
4841 92066
12669 47609
18821 80462
6000 28908
4604 71006
18739 49914
16694 85610
9976 14327
4401 56859
42744 81930
58648 77659
54587 84243
27748 78910
49345 94438
93597 98946
63114 77397
62327 92863
50436 55645
10391 91439
70588 87770
18508 69195
49297 78637
56637 79372
44913 51585
71889 76970
452 8197
28449 66747
3795 86438
64770 69774
39149 60656
30943 91565
11188 30839
26895 91228
26039 69705
17155 31141
13191 50820
19278 55783
3633 7147
48515 78653
9034 51002
79465 94745
67826 96327
20641 95650
55215 70787
76410 99812
29266 64853
6994 85443
6657 18765
46791 82995
3832 18178
32785 92800
13332 27619
47319 82785
27354 34366
37888 48193
62504 78431
12415 24160
24892 69065
14669 44569
2353 13466
24262 32470
44257 91335
9613 89798
16264 21622
43856 98098
24133 96169
54806 86201
16241 17319
13890 80241
1488 12166
24745 28408
43735 48691
39707 54937
24453 40274
38868 64159
41426 61697
23740 55589
18649 88339
7083 39467
195 9030
13621 26547
25655 95938
25578 35553
53600 67889
17294 81184
46500 74856
6801 81471
63179 67699
3457 96859
64797 69979
88712 90541
2715 89133
36012 79361
27501 39060
31061 48909
52172 89247
57364 65932
2844 28992
35651 56168
72871 74283
92346 94144
5455 13150
44387 86711
12994 44611
19677 62493
45613 67936
36176 72590
3850 5846
17745 95602
1782 51808
38217 97785
63163 64978
3658 40398
19244 65081
48626 68961
51533 79300
22461 85619
20750 33348
43354 73086
53947 82281
1913 82224
1286 89250
46404 54898
1647 53149
52058 71895
24194 63747
5850 71901
14496 56096
19375 43883
82387 82913
7689 15053
3711 75444
6534 90827
11356 71186
28275 71532
36621 57896
18989 80405
57607 65768
60933 71128
23392 54481
32307 75342
37419 77939
39829 85176
28399 34992
34891 94839
5417 74434
10855 67132
46693 64476
51900 62376
11504 55720
46756 52313
63568 74932
5137 58539
62638 75110
29518 82707
39769 50156
35307 70594
45016 54942
22329 89824
7947 92836
69834 99422
30491 86772
10331 36288
27823 46621
2616 87120
8777 11379
25059 63263
11354 87176
45162 90557
1300 13940
13276 50865
32515 61124
29132 34624
17327 63409
5363 26054
6504 11040
6185 23376
15218 77174
51238 53922
7769 26004
48148 82666
50749 72081
21626 65686
48384 49789
10629 19640
64874 65262
21570 57844
16476 60168
36116 50651
46983 93289
23780 73203
34493 52517
49214 61328
56849 93960
45324 47183
8252 28786
4783 64102
7051 63920
21365 38983
13940 24849
61025 66052
73566 98943
17097 39132
34670 43168
57480 95070
11546 74982
14472 81583
35790 95105
4008 62574
27891 97923
7846 71038
29571 91287
60639 77282
110 17511
28050 38605
31622 74649
28346 32496
57614 68499
81284 85880
35189 43668
45033 80497
67808 69830
73257 79885
12313 50616
49778 75954
4279 7436
18193 37669
18581 55566
36454 67041
13361 87712
51133 65999
45268 91379
8245 36733
8713 90244
45630 92634
52235 65028
25730 63539
12555 34665
30449 53846
6020 83371
10499 33009
61971 76412
40315 81634
92297 94495
9649 90083
63390 69815
32353 61720
17571 91946
19497 74014
28946 53906
6047 72665
42031 49263
25391 71456
22697 61730
19182 80400
73647 89030
13463 15894
35614 68844
15871 22198
74370 88424
50600 73083
20126 79638
22932 56099
5276 48210
81376 92684
55739 72106
17242 87763
5058 44025
14964 17726
44550 71324
78473 82207
25968 47621
8020 9585
47787 69650
7491 7983
3243 9215
21119 89897
64133 88629
38300 55017
11268 55129
48756 56048
15347 65716
84406 91133
36400 48194
36299 77353
59624 64966
48160 77724
15240 71616
50379 96754
67206 79241
1776 60957
26648 84736
54 99067
35518 58381
31700 41289
204 89054
31071 75152
32726 79730
30529 90529
62615 74540
73169 86163
12574 99366
56583 61136
21752 59337
18698 78131
33057 69432
26823 64036
70476 80638
3474 73798
52601 76871
29192 50582
80419 81407
4153 47419
4891 16263
51879 90700
20757 23627
2759 58940
1740 92581
38998 86976
4926 77919
7683 42716
23172 50526
64711 76143
51770 77172
57899 82827
43811 56128
17619 82343
37940 74432
4372 39055
22107 46372
19260 27248
34677 39771
52733 88122
15353 36441
59272 82320
2266 51431
65393 78141
56371 78343
63718 65200
27121 89332
3178 11365
19560 54770
31375 87946
9746 80510
79771 93656
26595 69814
907 35563
64156 77059
16335 34161
89816 97264
1063 84387
3835 78968
52454 56453
15868 38017
8453 74577
37124 63964
16439 87796
11487 60470
434 47357
9430 31420
35277 66847
9897 89763
15289 76777
40862 52744
49226 84109
18233 83088
25345 26885
26344 42734
8349 21146
9046 31380
15793 63698
30092 36695
62122 99796
80904 86427
3750 4483
30672 85178
41246 94614
39437 52333
40824 62748
45821 73491
35489 50160
40074 57502
6854 81519
5752 8680
62019 97644
36077 56256
13940 21178
61876 83450
9658 14061
27346 50748
44361 76090
1818 15120
400 1801
17301 18809
33483 61868
64156 83202
7756 12863
48198 52651
16361 74813
48995 93987
48154 73791
63137 66706
28178 44305
62706 98281
73365 87378
52153 70971
65044 80788
25085 51026
37025 89091
33177 96368
23297 29184
74940 87156
36697 49152
30064 73297
54252 54520
33440 43965
5254 75528
54435 89267
37723 75444
5958 38500
43162 81851
12727 99570
28108 99838
57660 89449
29673 62799
25748 51423
9082 19214
6857 91403
49802 56143
3499 49888
29757 51962
30450 37713
17723 31498
44516 82757
7459 15075
9305 47554
29036 55954
82749 91214
19671 51034
45708 70580
25203 76410
60606 95260
28714 48766
36406 44384
31581 82100
68678 88036
22428 34257
22119 30411
5199 55401
39904 69909
30911 44020
32151 94286
37240 45917
47789 82220
9663 11416
2324 53567
40461 50775
1968 92570
50443 54763
6018 7271
9545 78269
35645 73292
67768 69947
19462 50566
314 21735
30622 50806
18876 25144
38362 41295
16425 30274
65286 93865
1189 49888
53889 97027
38573 98205
22754 96096
88898 92838
37542 78275
12082 53758
74525 88793
8120 97187
18892 95640
3850 87179
28767 33567
76655 96296
303 33552
46458 76053
27872 45449
68193 88765
24759 39496
1465 97920
18976 32435
19556 98811
39208 95342
36496 69908
53081 88374
22623 68773
71194 74662
46892 61198
19013 71017
24001 53413
4509 72943
9114 9237
49163 79728
17158 41140
41603 53449
38369 70951
74868 98716
8346 67316
59097 66862
60679 73958
95648 96496
62743 86681
10106 92123
14522 28087
35756 72902
81753 83086
54504 93235
5304 47858
4062 35409
41942 58937
18391 86337
1789 98036
19858 88570
45907 49506
2775 28777
45537 73046
48325 82638
24656 24828
40141 84637
9068 49286
82385 87460
28380 48221
46285 63463
78683 98944
31334 63605
63154 90317
23398 24396
21053 87917
54571 95227
88982 92554
53409 84353
52444 77192
8770 12769
10481 75427
72993 92590
13237 54808
23793 25653
51777 58792
5298 19047
48654 65431
12256 58550
11649 63380
24707 36519
21699 87735
71686 77560
49900 54060
12596 58028
30590 44883
19503 65119
69395 98978
4046 93957
51124 59103
11623 98436
84494 89236
12 83166
25977 60279
35040 51180
22475 99098
8468 35380
4828 64274
17605 80357
1300 10901
63185 74975
16662 69865
2454 40142
54487 68592
37683 54381
6290 48414
23684 66328
60116 63693
69972 73286
50453 68354
78369 89870
37371 38512
95181 98334
7716 8419
31895 50554
14867 64971
66230 83117
42123 92577
21191 84590
30872 45083
44460 87211
20468 45907
24092 49337
42044 94787
44798 57073
57724 59227
78944 84216
22368 39945
16150 26178
40924 54574
82502 83737
75627 79956
5119 53841
71237 89562
31430 81327
28662 95392
56847 58628
23406 26198
54527 70856
56181 59842
10052 67108
15189 87472
41043 83709
69348 74006
42860 84843
611 2143
23176 94540
19510 97367
12481 88225
59275 78916
56129 58118
18629 49595
47650 99961
44216 77854
73901 91673
34232 39087
23359 51212
59498 77380
5009 32611
33910 94006
21237 21599
37208 95445
12701 13428
3598 54056
5520 77730
6434 60918
50295 55524
95070 98078
2919 89840
5620 52908
7526 99125
58353 83654
46774 52730
12947 89969
54485 63409
2886 5782
12037 20999
40863 95476
52075 66618
47030 57557
27692 87990
35175 78743
20857 65485
70124 70652
23890 70294
3287 39153
41476 50208
63353 71251
31060 92798
14264 69377
20739 99939
7250 55792
35638 89872
28586 33904
6766 91810
43476 99139
25625 59713
59832 85609
48560 91954
61684 69276
50311 90833
19721 37578
32557 63653
31835 42168
6313 51280
41088 96844
28307 98355
41782 87182
44724 84191
10603 40521
6833 19151
44006 77722
44594 56069
38466 86836
16538 91513
1814 5899
36791 66329
56975 62699
3410 82202
59532 78281
8851 26375
26636 53967
12683 17997
2650 28227
15937 59097
15259 70752
19697 95873
42662 54013
74496 95081
49389 89594
12098 42214
39266 86379
24553 91723
12923 45890
12408 58919
5402 57271
42194 55282
75357 93525
39571 81755
8770 58897
5496 86296
22717 98793
70158 97930
42023 91548
5977 44935
30728 94777
5136 41042
60043 80182
15508 33517
2607 37960
61619 63623
5318 58962
34283 61663
7656 96421
46255 51789
3464 6207
46156 60429
17320 69129
20956 90427
23150 48682
89820 94092
60476 86484
22400 23436
964 10562
81195 97613
59162 66043
25574 59975
12771 88301
35269 84639
23169 88509
56251 61791
17701 63124
37149 44643
13850 45446
55221 61465
78589 79016
32720 46295
1580 81774
75659 96591
21525 65995
32400 49133
17137 51031
69537 87812
88698 93518
780 92654
25561 86941
42773 70310
9883 12803
54848 78584
27933 58001
305 1111
77285 85211
17156 82474
55565 94351
26457 64872
24565 35377
65099 66693
26557 30072
10186 84705
57539 96504
17566 24947
31984 80800
76205 78957
19682 91587
5513 27799
45203 63016
1859 77842
12330 46545
11601 87761
29870 90895
12443 26535
75498 96428
95598 97356
68081 69718
34500 93990
5864 51045
7469 10625
91174 94241
33879 97060
11097 81943
13056 14202
27697 69928
33237 50980
52092 66534
45666 52512
15095 70644
15438 78984
5775 68752
29026 89891
20919 84575
83546 97493
40541 90699
75100 91537
52328 56991
16639 20657
85372 86555
4810 37009
18153 46139
17914 70657
35385 50525
5727 42175
22965 75189
21042 59404
41113 46490
4704 69685
34549 81533
19825 66545
51219 81625
31092 48059
57916 61367
14081 30666
3630 23674
24474 67168
75947 90605
4316 60546
23012 39451
62322 84446
37814 95572
25400 99008
39418 55937
61154 81369
46279 70664
42708 70313
20287 97656
46271 71200
48344 78466
878 51804
20040 49953
60784 96832
75480 76511
15743 57309
10639 56404
33408 34780
5482 54799
51681 81642
23463 76073
66648 89333
32657 82780
2139 40076
2506 87900
46131 52706
22371 69613
39224 91752
62723 94935
7757 77028
26821 42947
15718 36144
74933 92035
36609 80423
17625 34455
56980 99557
64854 79916
24371 96571
77384 96211
40896 76329
21850 72002
24388 55275
35009 92133
10467 76773
295 13221
12996 22512
23252 31739
778 35032
5954 55388
20016 81936
46682 87447
48478 51782
67526 74321
15081 83366
42675 72014
30981 63296
14190 59653
22163 34059
56989 76092
39098 92090
21114 81505
33837 99001
1655 73955
25729 37108
22294 34314
1687 72341
32972 70190
46090 81985
6221 50806
36926 78271
8014 29444
19996 24367
49485 67821
60059 62595
53803 70564
14958 33379
50908 86055
31740 78584
72734 95244
31423 76369
78809 92151
61115 63913
27297 96535
9216 24023
85864 86270
10502 88403
48587 52674
3875 62615
5456 31458
15098 46120
29164 66339
94357 95654
5190 88774
29444 74330
2216 61944
52464 68291
68737 75504
39164 77813
40505 96881
25483 84618
58004 98436
3783 31132
23919 31105
33039 58896
2699 85487
4051 17990
18457 59450
23460 81910
50505 52811
17445 44019
93260 97625
7860 67759
52863 53263
58182 79536
44 71548
74490 91792
792 25544
36361 53289
31333 67791
10004 68186
52436 90892
11651 35135
83935 86624
26935 54492
16148 22231
53204 72547
61590 67275
45668 90801
29638 60168
3778 49157
55712 97839
4118 70470
89529 92948
26774 79417
65481 87495
28829 91823
44281 74255
88966 96034
64695 72842
34716 54000
4400 90998
2845 55243
38418 99250
8416 48251
22830 30559
201 59626
83417 94977
36456 92258
5761 14782
24054 71704
1616 9020
41176 78272
12853 24703
36684 96953
1146 56792
27259 86842
6997 94295
41561 69948
30720 60841
2655 2770
70373 74494
41698 60913
17263 98386
16004 22368
22166 77356
26544 57128
34306 83579
18384 72991
78891 90995
34395 95897
23142 69477
22344 82932
8564 56771
38202 83459
24429 77333
97203 99056
11337 80779
28640 77112
6849 58084
37338 78259
20340 98396
23558 85131
25754 30235
21905 69927
12212 67471
75238 82147
125 21857
67399 71734
5311 35644
5657 5855
25148 99043
9005 60816
35678 85225
41274 47661
53144 88065
33300 91449
1660 4223
44288 77552
18721 69099
5329 95746
45558 75242
66001 80453
48204 82451
80946 84032
24267 94510
91906 96824
50080 56829
95691 98415
47909 64856
51666 62432
28205 44323
77605 96831
8883 87576
16510 28944
17137 86218
26703 73207
29830 93046
36796 75252
41991 84349
61138 84411
34408 79604
55114 73149
53135 90869
12742 66195
6472 77138
66902 81385
69920 73451
24021 77764
35429 94310
79540 81499
27447 96323
76341 77166
32036 63830
34138 89620
68657 71892
43743 66764
9178 97948
8075 77729
50513 73527
37623 71651
10469 16011
6608 95296
21052 51092
9809 29993
15277 70359
39859 78889
12679 25229
18718 84207
47025 92015
92743 93322
5713 96668
48278 63263
4445 35806
23589 86643
4264 82912
46737 81435
28649 38345
7695 54760
21393 55205
2739 51608
7151 52927
21608 92385
78121 93586
14434 38978
34114 37367
57448 59793
23681 41159
12148 17903
54750 97762
42016 54726
34287 92020
18824 62309
26707 64432
16699 93907
7949 40208
51029 93893
77541 96992
56963 90727
33932 80405
37182 92746
13580 18046
49479 95348
66519 72495
22806 60618
57130 60551
46125 82836
61099 68978
17820 99481
8228 61551
2613 87321
64710 88634
63662 80399
14170 81935
50251 57811
4587 74550
63292 78650
317 76005
4370 7067
40800 89609
43742 86432
25636 94864
82863 99924
1853 92024
43600 95507
22649 69590
24968 83321
768 61880
44357 73362
1516 39886
59337 64034
39354 91243
59792 84326
22667 68757
71986 80029
9502 68847
10407 76776
7637 36233
48875 50210
41609 52060
23755 51253
38801 95004
560 29482
7131 26516
22772 26106
44228 54423
15943 87082
8503 34954
88740 94261
17995 55615
7330 59255
5786 90419
55283 90539
86651 89227
8249 25034
27690 57762
29672 77450
6545 67375
1156 25477
21918 78219
9330 65887
12505 25008
89452 91556
634 87755
32951 38363
32921 48719
31609 75773
51728 81768
48843 67369
811 10486
10272 71066
76296 87467
75776 95520
63684 73032
21877 55082
5590 79687
48669 58989
89478 97811
21432 48303
6534 16389
39417 70397
68787 85636
22056 90365
23048 56212
24767 88466
17052 99771
26738 67905
42289 43941
71607 94639
63653 91762
23920 41552
33394 96043
51025 72912
73681 94516
30523 47392
225 61957
58436 87554
36604 47822
82136 89661
30354 67169
13378 66770
25504 77767
3678 18605
33011 88638
26274 52675
15667 80726
21282 28191
23378 82455
43120 85877
41332 44991
143 8521
72373 87901
7340 59693
74731 78927
78957 97047
16595 17885
28579 93728
7403 72028
73851 97448
21484 46003
50490 51357
70484 88560
83515 89542
20168 67680
19859 29968
37136 84808
35206 61188
2198 39910
47096 50561
24242 51158
19338 46472
26645 33730
6777 18211
11444 24416
55057 60429
8860 97412
15200 86266
54825 67720
47044 47179
51978 95634
75769 88868
4818 19241
50790 58624
58206 85808
70968 79415
5412 92351
71124 73106
56819 98399
68512 81669
21165 96937
79453 88013
8689 15158
27229 74895
11836 25434
1050 88080
12730 19128
26051 78185
23706 60561
92823 94713
5658 90548
56942 96243
70883 72641
64737 97897
35973 39079
52427 72587
50305 91252
26941 62210
81134 91516
16082 25252
93501 97820
14953 28456
39175 63683
19419 66780
1675 50956
43343 96264
19568 86005
51527 75651
55735 74443
69399 88731
56879 86649
12191 70484
53974 87250
25455 71124
12626 38980
38248 99463
23605 58322
49223 89142
50733 84895
8239 11151
14133 90226
10657 32505
15178 18899
67321 94068
37559 91623
42475 90460
36522 76163
34687 57426
33782 54341
1694 92724
1072 6862
29921 71744
13722 53652
7928 70236
44594 54996
3878 87515
28648 80289
35893 81835
33887 47093
23308 40536
41131 73110
15822 91951
3001 46156
19342 20101
30251 77596
55310 94139
4713 63887
9191 65407
20312 79267
7186 21240
39584 98796
29665 85853
51245 88323
16472 46556
46685 54888
9517 78004
50256 92100
7639 81719
23448 96180
17565 97860
72295 77476
5412 97939
31235 68064
56357 60062
58694 93158
49937 53277
18181 86077
35564 69490
4223 18733
5407 92656
63192 63376
23497 99019
12671 36288
858 51739
40291 43039
21540 43018
8175 57366
24382 90005
12761 39210
17748 66632
50091 65187
5665 31892
14882 29874
41579 45304
33202 81593
24636 69350
4951 68393
1384 8990
37778 84558
847 2360
67049 77908
1418 23280
33818 57913
32994 64141
35771 59202
49206 75439
37761 87163
28691 42809
31980 42079
22249 92253
28577 40507
29416 32992
1723 24846
17655 54516
28892 34952
14753 79808
14416 96181
36884 61947
23783 97477
362 3169
20766 31885
4981 9951
10927 48547
8094 83026
77513 89422
17572 66679
31921 56533
72442 90716
61840 78173
60055 63713
32097 60501
19753 56417
32439 86018
17044 72823
51720 70835
94314 97442
67734 81755
26475 74530
58733 89514
786 16560
60572 63659
46336 78860
44872 94208
62464 64740
18809 48665
3938 25996
6171 68190
36577 49665
43636 92816
46486 72832
55116 99186
18679 43401
7642 22645
6745 28630
52058 93101
26768 75437
44328 70835
48910 88227
42612 70730
2424 70441
62891 78039
28041 87705
30105 75160
71757 75475
45162 87707
27068 75112
36658 68664
4903 15811
44559 87007
17828 31778
30604 33302
57960 87272
43706 54393
22588 47836
48858 88782
1951 84430
94750 96428
24711 67969
36361 60202
2476 6190
5581 78428
30664 34783
190 82407
17219 39653
23786 88197
36951 63938
14838 22048
53283 92638
33383 36103
67271 82569
62103 77733
31504 96632
56024 73816
34681 56340
77090 98536
66186 80535
7387 72075
67927 86384
7413 13608
45364 62462
32314 83283
15835 71164
4360 54559
28143 33861
2514 4318
24119 99992
22353 41275
34286 98078
67318 83074
43 16394
64923 97978
8882 40868
53873 79682
67157 71157
12754 29035
44318 67805
31629 36352
49968 64640
29755 97404
45900 64508
23960 92415
36532 89979
31392 81942
41907 70403
73564 90540
896 94838
71404 83677
40953 57897
58489 86888
42531 96696
38049 38562
28033 87749
4526 37289
30580 67780
31569 47368
24722 48519
67286 87962
55350 59238
19353 27666
74977 99958
43716 99328
7408 92674
24129 52824
36792 66816
25023 92552
97366 97656
29326 88987
17130 30930
32792 34869
3465 69530
16658 65870
22713 88305
36837 92042
8722 96898
49206 66430
18799 24725
3951 51954
2 1262
3070 45252
78765 80805
39018 68749
16373 66890
59508 70326
48023 66038
73331 98532
40872 43919
53046 66413
67076 69389
35367 49761
20347 45081
21627 39477
7691 90473
41461 50837
26588 75332
4609 22973
57238 59719
38977 44733
54688 59819
38931 80573
4685 68433
63445 81034
74177 86755
7509 75934
75005 89087
43048 70029
689 22778
44243 92121
3630 39523
15586 27716
18908 75481
52760 87104
4614 69594
87989 93328
49919 65985
64577 90088
39867 51961
14677 54684
56675 58851
72351 76260
83417 92436
4000 43461
11690 58512
30823 95784
71441 71985
14453 60356
11088 87066
68773 99365
4835 58569
17607 74619
27162 62219
49442 93585
67469 82505
27223 77190
9411 36406
55454 81930
6909 77736
26634 36340
2287 35074
2204 50817
5497 62792
49686 64538
13843 74134
34065 76910
19150 98044
48734 74793
58586 89518
14381 39483
63058 94702
42824 85265
26202 69092
18983 69276
11157 16155
25658 89440
82665 97121
3235 13473
1588 14578
55353 74029
1946 90932
10406 62749
46837 82981
12626 18833
63175 75711
46902 66147
43842 63321
36226 37569
8052 16410
42197 85022
71931 85165
19153 64269
32618 71377
83898 94070
2372 40496
11449 47787
51366 81489
14990 31215
43371 68683
24210 67059
24481 59358
27154 89618
26090 77242
13140 36878
2170 83173
1916 68479
1068 98076
30511 82256
73047 90506
1422 99554
8960 91408
9961 60627
63280 89107
16353 28109
11081 44031
48745 85301
5542 30009
39233 66515
12450 91623
38454 67650
5020 8904
32623 47240
7084 70307
48882 83730
46565 70829
51665 87746
65894 94038
5021 91041
37287 57513
5703 86801
4350 89531
6560 80314
48631 77155
7936 41019
45446 60732
5360 43132
8035 28292
45375 82663
42134 88964
58191 79490
4520 45477
38607 48752
60429 69142
81362 91509
25507 78523
64169 93475
21230 58537
35116 42800
24326 87690
62787 96104
31963 88275
4605 74060
16848 36682
62284 93748
34857 78957
68 33790
5424 56564
739 83713
50325 82192
25217 54894
343 5633
9567 31090
5190 74550
1889 41362
30482 86810
14789 39037
58402 79970
7826 11571
20351 79407
61443 88904
5622 94329
45024 49495
36913 39629
20945 47452
67075 86698
20143 72965
36866 68023
20096 65466
13848 84974
45499 65113
28141 76745
75678 92134
1057 82895
2357 27109
51053 93905
53151 66889
56001 61867
42346 43774
17168 31101
24114 34376
41685 60663
12727 22043
30653 97734
7808 51899
13415 45019
8376 93807
73026 93180
25268 99887
35343 61439
69949 95409
22626 26254
30629 72772
13588 60033
24681 66991
48177 98748
44193 68999
22124 41535
2723 91988
80770 98495
56739 95498
19258 73221
22733 84331
73355 82258
49532 56119
5351 69046
25307 37014
76902 90979
50975 52642
50281 59841
15575 51839
9327 89397
34440 72793
90888 93651
9837 18406
52352 68662
50203 86206
35160 85744
2532 90432
27411 43064
24671 45682
22054 40205
69933 88853
5379 60417
13043 95910
19644 70466
37192 74260
39434 84717
40265 45554
66877 77967
66052 73258
16179 33489
54431 98141
56218 63144
48658 58591
5873 31541
16240 94625
7096 23095
78499 95413
15220 39731
45506 75551
93574 95695
26866 85827
1335 64933
24360 68657
56811 83956
92931 96526
8012 20782
59177 89725
28859 63068
8260 12017
51147 84814
3848 83041
6668 17572
32014 56822
36781 37229
59394 85050
24088 94087
69917 83273
8946 67333
19357 79240
28560 79777
14462 19164
8918 58310
23329 75897
71709 95409
19466 97375
21354 35892
66915 67381
71430 84248
4852 64723
7710 46589
45735 78123
38633 64767
76054 85655
16567 17851
56255 90915
44991 71119
19063 96490
63769 81605
71244 96414
5693 6569
1089 87601
34911 63643
72480 92562
4436 89715
7383 77258
28927 43598
23589 42881
22903 78045
6658 79296
48395 93834
78265 87539
25640 98634
78889 96742
12790 47200
73708 95588
72395 98055
30949 62907
10025 91078
22679 56268
33533 51041
89621 98353
23173 46869
7503 38482
24478 39241
650 93748
18283 34001
26940 42283
48151 58132
68322 92748
55495 72495
32731 79772
5347 21248
16105 39059
59367 63021
58176 81065
34025 69791
57843 74777
24413 85385
53227 75992
15294 19467
27651 44589
47490 94553
55899 64144
16783 23415
7832 34023
62830 97963
48296 65920
5387 11809
79387 88191
61493 76115
52404 79504
73232 87722
3883 50459
10817 26170
36911 64097
6739 18694
18992 62107
31637 90603
58913 73237
16198 56701
43610 77786
49005 84815
37542 66285
35928 71357
13293 86933
43257 98566
21827 76558
26411 57984
9604 42273
86754 89897
26173 29032
2540 73853
5964 38148
11206 40592
61563 70284
3576 27305
43649 44469
58155 68172
29737 78670
66376 85686
14623 98579
11897 58081
48644 49667
46034 62598
22151 24802
63747 63887
76958 77716
25350 55599
51846 90201
99108 99514
19562 66960
49561 82844
66004 66938
48157 90306
3077 29549
86580 97042
59329 70463
42516 48320
59306 86301
33259 44490
13937 49801
62968 91269
37989 85896
34849 79821
12400 46423
40683 89932
8772 74507
19347 76679
75962 77812
19006 87447
2639 36719
4810 28016
18534 19244
31618 40063
62282 90219
38854 66734
65461 76631
3501 20182
11276 19834
36050 85127
31262 35877
58770 59042
13250 92477
2245 15551
36891 38569
34714 83283
21164 31268
35455 85055
25494 97678
4202 78606
27814 28584
11670 40545
41825 80510
18448 31783
9801 97576
12675 65000
30819 76456
45160 51123
66447 66902
60819 99601
17222 86965
61462 69773
18961 25774
11327 23353
57087 85380
8926 46310
37185 63117
26126 96146
28560 87276
18806 69503
5561 51822
17668 29649
41782 73971
12357 70724
48459 87707
12105 62195
27108 55621
12107 98189
18880 68994
50679 74808
21418 92919
684 80383
54174 72051
25212 39594
42765 80757
75482 79789
23274 56570
11239 57396
50334 80903
22879 83644
48075 94673
39613 80252
67493 84361
50846 83551
31381 53864
247 27644
22801 89159
15010 31882
27360 42172
71213 80887
26488 35942
6600 19108
50143 59310
58610 83855
12301 85933
2960 60179
31150 59113
10436 45627
24145 69246
23431 54681
76689 77767
17516 99886
26387 66770
556 78051
11088 53368
9359 26319
13260 79474
84096 99661
58170 59772
10164 15646
6505 41619
25960 99728
21059 31886
4478 48679
13479 17043
41695 52709
33103 62712
53139 69355
1174 20706
32959 52933
16409 72451
42100 77250
9230 32841
12477 39705
11846 76318
10125 79871
7640 24466
65305 79482
21566 51978
82925 98923
13133 85509
25481 73107
53403 69646
56232 64152
30885 92847
21212 99925
21571 50901
17215 88852
52376 82314
10840 39663
45278 57044
82275 98932
29985 95620
15051 33970
10706 35706
34489 39820
13448 60226
1874 63706
81972 95205
59020 63723
3261 30275
47112 78281
7551 64231
28325 74680
35800 44640
16152 19836
3473 35550
53232 75504
42296 47445
23390 50068
20911 54754
46373 82740
467 53231
19567 48219
12439 32402
47970 65107
17651 27361
30265 71072
368 26025
51393 74616
24505 36702
2405 86021
69201 96622
38117 65418
19689 77093
19335 21545
7706 77371
4534 46794
6003 28511
15266 64747
43559 69321
18982 24838
30891 58818
64120 67491
51811 78334
47124 94959
58399 99057
8736 66939
46793 65240
90813 92226
45419 88975
18648 87623
18988 33738
44087 77639
55470 55880
19725 72841
32043 58236
43328 55341
12054 61847
25785 60273
2611 20092
51380 75650
53235 94787
37488 41093
3137 21388
964 95044
11313 13238
10727 68517
47636 79682
48188 81072
3850 21282
79319 82513
17529 81325
35626 69199
31502 40824
15410 57304
59244 81789
70811 93577
55769 95426
33069 35662
12145 75137
23136 52955
7389 35427
14150 89456
61011 77415
24352 75776
70472 84233
26383 53484
10763 54526
65703 90150
15899 32263
41191 47688
646 44019
74924 99851
23025 97959
2255 37482
62820 99384
67358 88376
47247 73097
25560 26781
7940 69207
39167 50873
38272 40077
13667 73453
65893 96229
35610 40547
24798 97035
18361 65180
40678 71499
35130 86482
45761 69595
16345 91259
15440 37957
49051 68780
24358 25007
7332 95973
32491 42283
35846 39372
17774 81746
1894 40958
6290 24106
76938 92458
36832 39534
10907 72511
6006 37316
26622 95173
67687 80055
72515 83894
36097 54547
14368 23813
44094 54670
28456 33046
49385 70962
32868 37358
17446 75935
51547 65513
14658 35655
18362 99967
16801 82117
26891 98391
29419 72154
25559 88282
7137 46910
65338 80039
9455 10812
6852 86805
70657 91389
48566 87699
22391 68628
58407 70045
47712 78926
2247 4671
14766 71468
15093 60644
3682 47046
27735 95103
2710 23162
22488 27227
41488 66576
10750 97976
19329 55010
8640 61973
28805 81203
39102 64122
6187 27660
72483 97167
67965 85179
25887 85351
16976 21809
54094 57272
77558 97722
16131 24784
60730 96181
22328 82545
7868 40298
63941 99928
53681 63934
13105 74129
58073 92192
7208 16609
17697 58705
56959 87811
56300 94027
42007 46811
25520 52818
14206 87152
88086 99649
35338 70764
84133 88316
18144 41359
14813 44810
16946 22916
20435 72515
3227 79318
24368 91536
16634 52430
28011 80725
25463 59701
10432 96366
28517 68142
43694 55968
18910 35732
54620 77093
15830 35831
13647 61704
47917 51203
35674 37064
6779 29034
12004 28991
11846 68340
42795 43917
32281 74909
40104 91496
13160 93867
58923 66134
16306 86124
18969 59355
27009 77567
26560 62302
3820 13995
59162 70030
9674 75667
1950 10263
967 51374
28196 93730
45784 58569
1820 70884
52227 96362
6904 82687
60152 91493
72754 79638
18333 85062
47614 55398
19251 62148
21342 48413
5909 31567
33775 50453
5460 53115
37623 57912
18696 84816
36102 78016
38616 55670
4560 73666
59958 94774
31315 65848
84649 90192
60926 65128
28465 57354
31009 51398
53130 76512
29062 61488
9848 52444
9554 27381
89383 95432
34276 74191
22049 82533
5514 42649
61646 90800
69583 74464
10184 36863
11823 14524
36040 57544
9238 21874
26490 64622
28814 55566
10251 89846
42872 67550
33561 41362
74337 77893
28088 54562
29567 91730
49080 88565
77022 86973
88933 93566
7592 72001
35746 44560
31347 59171
83324 83448
83521 89264
40224 88833
16443 53232
27386 70383
13859 78524
38156 91782
20536 91020
19495 90904
21833 87266
84816 95387
6659 30161
33647 37781
6279 50649
28145 88313
20208 55481
12731 89184
6296 57782
44079 98262
2217 84422
35506 76121
19965 38840
24124 84321
57741 66680
11078 33815
57032 57179
36057 54925
47351 96472
251 94686
22532 97350
23521 64383
6880 16399
58674 61253
31656 58954
7558 28845
48784 95447
24206 26190
60266 86245
18121 35094
42200 68193
41874 94398
24219 55719
38491 74967
27543 51629
52154 73776
8235 41788
27 24450
16945 39140
12096 91350
16133 21529
10598 49433
21368 32379
39130 44288
86190 87626
80016 83583
72128 89415
26351 63678
5960 36680
10943 38844
22439 39843
22015 47293
33193 50059
272 10300
77348 89015
87812 88839
18651 23844
17020 62755
53006 89929
64575 71567
50060 62646
7424 79895
52490 73033
28203 69521
55694 92768
28946 93533
14057 29631
3046 7430
31135 59819
71605 80207
10532 80897
32411 50662
44303 89346
5103 74760
54072 68775
17922 84003
37410 85160
88980 96914
85108 86738
44657 63634
41863 86074
20650 95858
26930 56468
87796 91587
71327 90630
29446 92870
71574 77268
16079 33979
34844 88335
2074 86846
22269 44356
46871 55399
10072 46780
73635 80396
77315 78996
41165 97173
36001 50447
2202 67820
72771 81305
46609 97922
18602 89597
26743 74011
2747 17868
2877 58498
1537 63155
39066 86177
33031 34974
26988 88308
71675 73132
8825 16531
34168 89829
31205 52697
51820 95475
5109 14470
35199 70880
56808 67213
35858 81926
42087 62750
21955 63423
19443 76955
29215 55276
45799 78979
1478 36947
61582 72945
77441 92745
8691 16971
48064 89630
16162 37267
12364 65496
62124 79023
5853 83686
67382 98982
38113 69769
14449 63410
60582 77119
12640 59488
43329 84036
39042 55907
10466 83327
47768 74249
3379 25776
38936 40089
23640 90256
55007 60250
40504 64162
16057 51194
44178 50090
765 76625
46205 65559
4887 39093
26555 92929
2319 22512
7686 75706
20631 67539
40089 91484
21505 31735
33469 64772
15355 71604
55842 78793
18821 52039
1120 34728
1696 4417
74018 75301
64715 89021
23773 68563
37722 78374
43121 56254
14494 42409
2066 8815
10876 23061
29311 50185
4855 7992
42525 95509
16813 48080
10925 74540
2154 85289
42865 64169
10346 96547
49883 87932
67887 80284
17860 33286
23030 72752
11263 52444
53816 84870
61778 78527
50547 61348
13524 30980
3795 8503
9751 52889
65172 91185
932 55631
47051 75215
62430 71944
55000 94353
45476 50786
85694 99538
18213 26009
45357 65212
16674 49180
36083 60510
10110 15437
12621 46705
66837 76742
16690 95544
99486 99944
38155 75688
94298 98398
37517 83449
23394 24960
23995 70513
23481 71962
18081 55254
21121 76925
31666 74010
37651 46564
13180 36262
22320 99150
39601 41492
31303 34845
29371 79668
31711 41810
22008 24882
49782 74176
40401 94108
3485 64490
36238 88826
31778 86720
5684 84918
8302 86618
36606 86621
58350 87882
15866 42841
27547 74669
70560 90341
2474 27460
23688 67363
13925 93160
40680 86960
70933 88956
40426 83408
11326 66795
66508 95206
2860 22204
10349 34116
66722 93337
25016 42837
2691 82665
41681 56771
11991 20567
955 19706
68751 84138
10839 81635
42466 78794
62613 92081
19912 20148
68239 86060
37040 47607
49673 83993
47757 55667
93080 96203
23042 34855
24660 82617
20499 75140
18233 66560
1474 99214
35266 40643
3225 41925
44561 62804
11717 91571
44231 49910
2203 71616
13987 76285
28377 34962
57862 77665
77950 85563
15509 57928
41448 50261
59599 83480
20622 36775
54850 87479
35360 93557
35592 40820
2657 81106
12557 58982
60804 99591
54077 62355
7154 55192
18584 89435
56416 61121
3809 34389
55387 71185
77678 92818
3787 41726
61087 65645
28974 37638
2845 15459
45246 76712
53516 88660
15420 30829
64022 84295
21197 27476
2735 97885
13420 82044
51589 84333
29287 55964
5371 81974
2628 80218
76592 85267
73671 95548
10408 54784
3361 59628
44889 54962
458 71447
5905 74540
7113 29622
90517 96120
31847 38370
49506 60809
40079 95758
75939 98499
52469 94870
65653 76013
21075 94191
7661 41160
12044 48413
44997 48661
26156 44716
12165 60872
8245 67787
33066 87971
3810 54403
6189 93339
25494 47397
44335 94983
19900 99732
14369 16941
3743 96654
81302 82257
39289 61041
12687 39843
29137 30943
35529 84091
34823 45310
12050 91270
62220 96440
37537 46176
31558 45052
83373 87742
85710 96117
89156 91715
34202 98105
45494 47253
55417 92383
61755 86020
36822 40688
75819 86040
68050 96692
14363 87253
11766 82763
8985 89699
58905 79971
85621 85924
53168 87092
4972 65691
14973 62103
69954 92944
7190 93724
4764 12541
51542 89285
39288 70765
17499 68718
90053 94302
46266 71975
74348 87611
5684 17966
85018 93897
86291 87789
62977 99377
10934 15750
19740 56623
53894 62883
22615 79112
29369 37955
36727 69197
18667 71256
40284 49433
72110 83141
35802 76520
60516 86220
8766 87459
41926 59952
31027 67981
17115 74967
61056 76562
12944 27952
85054 91329
24535 38925
10584 82337
2607 68070
17194 79990
25983 76477
45544 91486
37766 65580
54474 59042
18158 56627
16300 84184
67041 98145
75237 93925
7407 28804
19006 89913
9526 86252
17760 88718
18348 38142
18892 97713
16738 36715
8884 41199
3979 82744
59734 85406
43007 79815
39760 73257
23727 39530
70863 87539
44043 45554
29534 41837
45834 69071
25904 89487
31406 86619
84417 89746
6420 53899
69835 81518
71887 90492
68043 71838
59166 61489
66666 83556
16757 61907
36358 74159
37813 47505
1597 12287
11958 29866
34362 90012
42726 88351
78013 91458
28914 31969
17863 25681
54206 71905
64681 78870
13463 51241
10966 31138
8017 79763
21415 72381
32461 72980
52728 75341
16527 56729
43061 90711
3803 47434
77823 83788
37898 78004
53478 78018
35931 81305
5893 57375
16112 53307
71696 81109
17385 18939
17567 45206
83178 89976
11035 73410
56314 80647
4222 76649
93541 95297
68076 76147
51534 91382
16422 93104
33098 37692
59676 67558
24356 56222
28309 51408
20401 26131
21918 27468
15849 55533
41972 96497
6882 99276
25017 47377
49293 85731
64094 99788
5411 38471
30403 42568
9266 39803
4745 70583
4506 18872
34422 52733
31907 62728
27447 79093
77344 81839
62971 63159
44141 82142
38261 68424
77696 96931
8570 87441
16529 28259
51414 87583
27681 69012
29017 36916
68577 83455
73423 90139
63558 84997
71802 86359
15065 71526
37340 55678
5682 65566
5185 38625
56808 97131
5861 47857
27814 33798
40133 95139
11408 38347
32096 42098
23602 87528
65058 88994
11803 69567
4765 50486
66774 70334
77610 86739
84052 99199
53055 80739
76451 87398
41567 68149
60242 76301
18649 31152
23798 51134
2923 70981
65180 77452
7662 65344
600 73207
9184 51394
64076 97694
56254 88006
39079 51333
7077 15988
5753 32202
57197 79265
66584 99263
25113 77890
41075 84493
44490 78528
32956 74674
20541 68368
36970 61786
6433 88622
16125 57816
5025 9559
16624 61601
61633 87517
6925 37759
28269 61297
25630 44570
46386 63902
57708 83177
74 95167
15510 31623
40569 88951
27802 92769
13758 57321
76590 94991
39054 58219
43399 81634
28732 44633
11972 18415
19752 41347
6161 14870
47573 50294
56651 99608
61099 63995
24446 44852
32505 75710
20262 47679
24331 77321
13563 37760
4207 14827
8244 76888
4792 97411
42368 51053
75166 82196
84074 94708
13515 79573
3129 51323
34616 58907
48697 69050
1832 50225
93328 99331
67500 98491
76031 85333
40353 58884
38077 71076
2111 9651
52405 62764
27373 95382
27274 91455
14982 59519
84946 97758
13269 86241
2751 74561
38086 65934
10750 37370
35815 41405
33809 96149
5878 33085
39221 83813
11636 82419
8557 75331
75674 85895
76398 93862
8862 87833
49142 51143
64796 99257
61366 97526
19976 25116
38211 42838
5952 15206
52228 82342
38542 68200
48142 98476
21701 35913
42530 90650
4942 44927
60172 72133
38009 46051
85178 97639
37338 85240
19708 72347
39056 83152
68683 78698
68636 70095
56685 87568
74249 97525
56725 99701
49720 98625
60195 81296
40924 76434
45465 64482
54527 56159
62742 96801
10364 76921
1413 65255
20496 51528
43953 71912
27250 40999
13959 24178
73675 82576
2731 30087
41485 89950
78216 99477
24525 98961
30975 72567
38360 62820
38570 55871
54842 95899
14861 50053
3036 21805
16202 18032
80885 90418
83584 98746
9643 85054
19187 47595
22180 81119
712 17806
26412 53515
10111 76461
12568 63673
32044 99778
21377 54910
7573 35964
82827 90818
18394 78494
7544 59101
67102 86784
62691 73267
11721 86413
39109 77636
64506 69957
32953 70671
42463 66927
4588 64832
27087 70418
71539 93005
3310 33054
75062 88572
11400 66718
56584 84610
34801 59259
773 86236
73878 83402
44715 82921
6254 11713
344 56571
18634 82269
8236 94871
34287 88089
18809 30448
6814 64679
33232 62669
2361 72588
15897 82966
3343 70362
4741 49626
12084 57490
17799 23904
35425 87029
10404 16471
34999 65399
46468 52261
21606 56042
3818 46688
6489 39118
11790 34827
8279 13676
55845 91056
11915 96597
8707 44958
1564 5849
6384 80221
41581 64273
74249 98596
12375 63501
27732 36500
51713 71993
39411 52348
32433 75600
7486 71660
41894 79189
25267 74742
25932 86791
45707 48522
46997 98075
36400 80742
15177 29676
32800 78709
40134 57934
58525 89796
37176 65701
33106 84454
88409 96915
39773 46310
3476 84899
22865 98737
71906 72393
22050 42260
9959 33208
64887 91526
23397 96774
27469 66974
32529 66741
91321 94196
79737 84637
1863 69963
4546 61407
20305 22390
12044 23143
25320 35883
83862 97684
81960 87956
32777 61519
2534 22855
58720 99669
1322 76391
18532 88668
55678 94303
62166 80595
19943 93572
86073 93544
299 48368
15463 47793
9706 87297
15144 18930
14349 86905
11366 15878
14573 37671
18161 77053
45723 51487
11698 56493
2752 95091
31951 37028
2505 54008
17901 52371
13656 20118
86038 86599
11126 19040
7296 69346
57993 69479
14487 75844
74354 88175
12301 95597
10213 48278
14611 35233
44630 48116
16903 69898
668 9910
41202 63390
22921 74282
16270 85473
17351 89805
33163 80882
11608 23932
46675 71153
5776 75355
33558 52389
1454 87646
17902 84781
613 56389
22646 74448
1654 9552
9977 82868
23426 92620
24014 63597
13168 37225
15274 39562
10713 82467
19384 99935
19988 42219
35337 48774
37756 82258
5883 40911
31906 41870
48363 82373
6833 99005
21645 54170
38887 46400
3931 23387
48356 84629
48484 51642
45896 71611
57889 94307
14233 50070
9613 34354
12445 36846
7056 38397
7235 47722
62852 86539
56868 76101
41084 62820
17282 30820
10104 19015
15460 68826
13026 78934
34621 52819
9178 17285
20558 72222
73486 85755
46181 77078
84585 99528
9677 52296
52276 92155
5781 88023
39777 66023
6496 46760
402 96761
41605 94402
52689 83150
96204 98833
11954 57708
69496 85977
28125 98579
15163 23653
627 53256
35108 51479
10827 66050
72056 89637
4525 97055
24348 86506
18507 44442
1006 33051
66572 82062
4317 21248
9233 66378
26106 68756
57352 65808
43393 79825
50054 51040
22788 77242
46304 62942
17095 34735
59923 92599
14515 56274
14711 86371
28256 56647
71670 93302
35697 70474
58625 72714
19323 77695
25015 66951
23147 96636
48888 61285
40205 63411
57959 84978
56720 93345
8081 32690
1333 1810
28473 45233
41085 43291
29389 89193
73267 74621
31106 45405
17085 60369
1561 60874
51570 74670
39607 63805
17921 73661
3303 89925
26273 46986
53324 64838
21241 95425
16858 77598
34180 39153
27236 47859
32520 56791
65843 89890
18813 60900
52699 78146
510 86290
55247 60024
25733 35782
23322 49698
25095 41324
43591 45712
64832 66030
48840 82555
33631 65810
3791 56235
84228 96181
29614 39521
7263 34249
8146 59017
67925 69281
10290 24424
80017 99149
25315 73567
58895 78799
78497 99421
72349 87491
57230 91561
14268 41164
54584 70284
23240 74852
21100 44098
12748 73202
3892 82620
16218 45862
24850 44484
10117 86746
5390 53008
29683 97737
33316 73455
4465 87774
8284 40264
19124 64534
3961 83697
29240 40877
1456 40617
40912 56498
26352 53597
25410 74255
79129 91602
4093 42257
11874 68805
46705 99976
65140 68975
52191 78884
27866 91294
4623 73456
37949 87861
13296 48807
13082 61860
86574 93372
46 62412
12115 61095
51485 76436
19627 99347
73720 81553
28009 97523
33403 91792
46214 81312
83819 88789
37966 85124
17848 71282
389 70744
40849 67648
52914 88176
52316 64586
41608 73096
45876 57185
58000 78073
17580 82346
86036 93171
14787 57383
2617 11004
55156 82362
70184 70795
21183 75695
37690 77384
11548 75880
30132 52291
3425 77774
4717 79480
19014 21327
20150 35300
3833 29048
29906 82842
45691 47556
3741 51088
8923 79520
36649 63556
30582 35202
4286 33436
68509 87925
39490 85558
57459 66705
50669 56462
80939 81253
17183 39968
78237 98684
83416 99251
43873 96226
1818 2008
38710 40071
65045 88632
16661 85789
71410 90832
30690 73894
22443 98367
43654 55132
47459 55018
62297 84828
22779 90659
66260 86477
37879 91317
6313 36393
45937 92881
31389 75750
6580 30963
34027 62594
51036 82756
32415 50563
16708 89715
1805 88404
56331 97765
66684 95640
8583 14024
16668 46838
6440 92062
3957 61337
26967 52194
41707 71887
46486 93246
27299 82171
22052 50941
49528 52136
47080 95778
14911 50878
63805 81140
27003 45995
22554 63117
37927 53817
41450 96828
87308 92486
11776 52156
10758 52304
28403 40305
20690 47931
50942 72156
21488 87016
51041 54492
46864 55145
20172 55315
24743 43744
22038 37596
49758 60107
48160 93913
39671 81576
52156 94295
42044 68890
8741 79645
4236 83734
61594 88789
17584 52413
29869 44809
38911 51102
57097 82131
38618 52303
13293 62573
20748 77156
14248 70135
22641 62784
9626 59908
84574 87936
13445 31040
30901 77813
20334 40270
55603 99741
87000 88709
24207 48161
18022 50137
15802 78802
22319 82229
37685 70435
7887 24817
22995 64672
23401 29037
32955 64735
58340 81091
24539 44378
6044 8010
1081 8187
1666 79611
14101 15162
5321 58114
52175 92614
52670 90177
35307 44277
3332 17214
43175 51909
18795 76328
47777 88420
25679 45054
79633 89720
1026 37294
18587 57812
18869 75186
34618 96950
11660 68423
56092 97561
18561 78489
31651 56585
90135 92900
70407 98676
55783 91010
5716 95002
17950 43257
79858 87878
41646 57332
44081 86523
31439 38900
69793 72924
49889 88433
58146 68588
7102 23534
15123 53731
45827 65330
30455 42744
61249 97847
36630 84012
28263 60154
23227 39777
16580 66098
32693 74702
10344 14268
5836 74948
60898 94832
28532 99176
33370 53034
30397 62088
20127 97282
12778 75638
64560 99268
60644 84146
53755 62754
70552 94468
39224 93313
48322 62211
27197 59981
42240 95686
10538 49372
61233 63839
17043 71660
39000 41548
36948 80639
1946 86576
29030 32411
28361 92559
21700 29862
64741 96849
24205 87289
49812 56361
9010 68053
81999 94956
39645 50333
41593 42034
79035 88266
35653 99303
55608 59673
49912 99584
50893 81595
26064 41829
28760 90404
39470 48109
38165 73997
6709 56974
18107 65187
25600 76091
67718 68599
1769 25452
62243 90151
992 8209
5634 77458
55044 62590
26362 78307
13372 97410
2562 94909
50708 95824
51798 72413
11925 38788
83110 83653
12840 55452
49163 95899
29693 32915
7027 17333
28542 54084
47753 51327
2156 6865
26828 93281
22731 71723
6023 23773
17115 95773
10731 78860
22834 29246
6112 39786
12926 39330
29408 82749
38847 58530
29162 31303
6495 73779
550 94503
70564 83193
21847 81877
9166 55864
64290 79665
69288 91842
18432 73772
1480 59748
27673 49534
63100 86819
74235 82688
6757 29436
26980 51959
9911 64625
39853 88592
28127 58488
11195 78493
6454 42005
53096 75178
8763 90501
2793 46257
9379 95910
19292 51986
27361 90018
3562 71282
39566 94034
6479 19983
2423 50089
76439 98138
86675 90370
49583 56193
35269 80436
42707 68005
26921 70679
32997 88711
26540 65255
18909 20395
6369 13372
40915 63714
37083 64051
32542 40574
20672 61683
25005 32293
83306 86749
77312 87321
9140 25657
2010 54092
439 19030
8582 35922
15751 80461
23008 54618
26834 63547
44560 86773
65970 99760
7948 40772
1805 80125
36880 48887
9344 49160
66420 97300
70014 90432
16899 86912
27070 95451
56085 63096
17625 96379
41769 80486
14375 28363
2927 66926
20548 22608
85818 95118
28142 66066
52488 99788
82529 96468
34387 42917
6582 31178
27053 31509
29437 65313
89039 93869
37778 38086
14383 20028
21399 22824
48826 95308
1446 41715
10595 64270
26914 27649
833 4916
19591 25982
50543 68453
9605 13410
46636 84037
40129 58006
1536 93173
16273 54238
15905 28071
47987 49290
42910 48306
35039 66648
94998 95303
7511 41045
34267 51933
8046 52611
51676 95577
33688 53990
47851 97115
54953 74701
19076 70863
12111 92509
82287 91085
31116 60929
19210 76400
14736 86722
4507 66120
29269 32731
19434 96106
6612 73018
39255 83028
70585 87036
73311 82865
20736 90351
45608 65117
16728 31160
14403 95363
47085 76056
2106 77032
23123 72298
4997 61252
52844 56542
478 54725
1303 75519
76190 92648
63893 94319
15803 55332
49801 61742
20223 22072
68241 97069
18686 44068
24301 99392
54166 60773
34804 47040
11673 12891
74942 80636
12775 18201
11772 86614
33056 46905
41939 77863
39829 45457
28079 90295
26124 70979
43001 57018
8923 77413
22479 27511
26829 83399
25189 69782
53180 57869
20710 83190
48006 93065
41179 77298
52006 68066
33510 47610
30165 50295
15131 64993
35699 71476
23732 46464
10253 15246
41959 55732
2533 70138
17822 89200
54512 74997
4621 23452
47671 57724
22643 84874
25662 63063
11423 80083
80571 85296
14851 77508
55599 88475
85670 90315
25248 62087
31475 61393
693 70859
57872 91045
52425 71801
38991 53899
25169 88852
5642 94599
21606 82619
50781 51497
13045 37141
49244 79529
81097 96196
53107 58165
19116 97763
18348 18432
40650 50062
21248 22669
15486 45175
279 34409
51909 79131
39640 98197
48417 81173
92336 94844
52062 67082
44707 55823
13086 34652
36532 71113
3447 20237
80094 80657
63862 99155
83299 91830
11221 35926
28777 55986
31789 73516
20987 56953
11658 72774
34726 51055
22604 59236
17710 72478
17417 66627
16385 71835
25587 69271
26629 81750
26153 49828
11656 52206
24862 27196
217 13841
15350 79409
42092 43622
14463 31831
11399 22389
68602 93801
26087 48031
37968 74656
35884 98240
7417 14583
23043 52540
33750 60844
61163 74430
49700 61328
1650 95909
2918 13398
11741 79638
64808 92792
14171 74698
57009 69158
2472 90104
18013 71910
7196 44797
8176 44016
11019 56917
56747 87553
31669 98504
17026 64919
6157 87215
52300 84417
61172 77497
6398 34440
76125 81816
81935 95989
65433 73947
29925 54463
785 12297
59141 72588
43829 91192
86565 87213
15575 90156
26202 46181
28637 55387
57873 77636
28694 29159
20359 65234
55325 60483
64018 73804
1974 35365
80422 88591
69869 73178
33773 61196
23528 47905
34541 34636
9161 38491
27961 43463
9807 80778
9179 86503
27528 62344
53664 79952
15841 84879
62521 66247
12579 24877
13010 70162
220 84744
4958 41669
30396 33047
8531 93260
19626 78359
93709 97481
31853 99853
56813 74716
72226 78308
61969 91507
10635 34490
75788 88111
15501 38003
9096 32086
25305 95647
32573 67339
49097 80627
57308 91873
66607 99922
77582 82869
12310 95501
68943 73994
72168 75422
23494 99671
16890 71258
21054 67127
32014 48701
74032 89076
13200 75785
9158 20254
37977 50802
949 37959
63571 77877
8676 26589
19248 75366
69002 69432
7362 82450
28859 35881
18857 92367
4477 47329
10366 71293
13433 14894
50955 72948
5099 55732
65412 69229
60141 71374
22895 97288
859 74602
42604 56881
13151 57067
6234 40636
56691 65108
17690 68590
25688 44904
1394 41292
63300 83495
17286 98871
21588 42854
15575 50215
57075 98812
28379 44067
19014 79770
1244 30169
55489 57642
38248 65276
61850 73601
5035 75409
19027 21696
7530 59851
20331 31646
3728 72855
21863 82713
20656 40923
33470 51412
57460 86407
65967 66464
61029 87953
35612 79220
30079 37889
6905 67259
16050 60841
37593 86113
60153 68091
73414 76720
27912 54771
79860 83688
4930 53693
83887 91294
46486 96672
57815 98524
19915 77590
830 22641
24392 48115
65077 67909
39371 65883
6326 39664
25240 76318
30300 85768
65871 99007
26037 49241
20569 62989
61667 66528
11174 37194
34063 81418
9579 37960
35375 36588
22415 26992
13740 40538
49714 87614
67574 96379
43489 73941
64137 72024
14791 50800
63219 82513
36910 96193
27308 90686
4635 51226
57764 87883
55371 96031
2158 16074
1500 46982
40246 90663
10075 56441
48026 65086
53619 77801
32809 84869
63540 73791
56924 97959
44040 85176
55666 78073
83423 90760
94351 98475
83002 91476
38219 63375
39895 55286
963 8641
29613 82361
21450 92221
31914 99685
9049 13980
77410 93282
50890 76890
22647 71204
20812 86843
23300 57527
57020 99566
16133 78135
74275 79535
12256 18734
75846 88022
2380 35366
28718 30101
18285 61059
40797 52010
57367 79172
9253 54551
50484 81279
6943 84995
92297 97728
55680 65116
45540 50772
60944 70112
25973 57235
68 28211
58758 84389
48156 91950
3996 53063
30011 32048
3968 23676
56734 85538
81082 82173
14088 54807
31983 75963
19157 22404
9459 90032
47038 64567
20859 69660
3601 98221
83915 84070
16849 78503
4438 21198
1642 18301
21606 62992
29799 55480
12018 76366
11780 53612
40207 65045
42015 66435
17445 84868
62013 78698
23396 40949
8897 24325
69214 75395
942 34730
43383 92815
37279 40159
78323 90036
17266 48869
36237 80986
33474 45364
450 26936
28722 66957
5738 84060
6199 47288
45677 60387
55427 78004
43774 79102
6112 84057
14451 90485
17861 75684
22572 42860
55810 65257
318 61992
3336 76812
65597 69474
35847 62241
5269 52085
89149 99220
10909 45067
77325 86392
56036 94755
11867 66925
10522 15227
50949 62447
18353 52064
6028 56761
74868 81078
45391 56288
50026 85442
6974 87099
26589 90184
40309 78879
15900 31279
36865 50505
39715 85120
2076 87384
50029 96186
31029 89142
68163 99964
25882 95692
2408 4338
28170 45385
21361 28364
4833 68433
16278 91516
2676 28846
46866 60924
24389 53705
9323 64494
28864 62418
65429 71405
28106 75554
19954 81340
48781 62264
22455 77714
52826 77415
17216 81806
18403 96463
24903 85296
8378 14109
51369 93776
56676 80690
45787 56242
27196 45120
35299 82562
24579 55092
21088 54222
66819 73769
11289 15252
23446 55190
9845 32637
24201 72233
75143 83006
75921 76611
65302 73538
44868 64690
9287 98023
55155 78456
16882 58274
30589 85248
976 41658
12336 40904
57139 59258
13042 90629
47293 81363
26681 72666
15100 15540
87736 94758
32228 69435
27646 82490
41840 48729
75601 87782
5391 34754
24732 79446
41311 42275
52071 77789
39865 53935
11179 69243
27826 37416
42077 91349
42668 50308
4737 22972
31475 62530
8172 68700
11685 93885
13580 17279
42217 87650
20938 89065
80720 81051
44577 55184
8844 46572
21286 43727
16403 27343
10187 24482
19471 86347
78154 84909
33383 44525
7277 95868
5055 82272
16332 78075
4026 63792
4423 44292
53581 89689
39156 77978
8091 17839
55010 62957
56804 78829
55836 83384
81830 82204
3175 81650
57637 78082
1585 21107
9935 33965
2830 35739
3955 19513
15946 49412
2993 79440
86394 94470
56551 63929
63430 88834
36775 90881
33224 36358
27629 53343
2378 17392
56939 57695
32082 33238
12714 28866
41193 51071
54326 96142
66378 79048
22782 39726
7676 46425
5284 36408
4992 60723
83333 92227
40828 96985
44819 71122
6797 60720
28553 40197
96155 98412
30439 71811
29908 43412
7989 14790
40294 42548
18309 85485
14503 66447
7876 86005
5563 72134
33308 44406
19396 51617
4100 85916
15619 78440
13256 55307
18393 22582
71887 76009
17413 73045
25016 34085
43381 93804
9110 58637
49050 80760
12023 28747
18405 20186
11022 53620
17428 60876
37038 48207
22419 25234
34919 47134
21553 54455
61882 67627
1741 49302
27795 75576
48991 73246
38924 52251
77113 99518
26136 65751
3440 42865
5312 25639
22472 39078
7662 49386
39156 84805
72777 88550
9001 54512
13992 44523
72947 97292
42296 96536
64176 65730
743 26892
27108 65490
79362 93697
93541 97445
51909 84942
10806 76023
31179 54195
20364 84166
9789 71960
80563 83385
26647 51846
70528 76256
55993 93781
9518 60050
13441 37974
45269 49590
13877 43440
1986 47162
22134 94948
57069 77485
21735 25103
50014 93594
3945 43178
23031 39902
9023 37736
61507 80916
17232 69698
36733 42669
88424 99449
7553 26542
31447 75435
32085 61563
9214 81634
11921 77699
48769 61519
49413 73235
18356 27983
52879 94511
25898 58235
38763 86833
23991 56115
33508 78685
3642 67475
3471 74532
66963 67847
23135 38429
30707 57719
68285 69267
3936 14389
37460 82455
23162 74672
15649 84694
27354 34530
39586 66549
17356 35754
43870 71982
3273 55342
49679 97158
39698 91945
54999 74624
10620 22765
20973 70503
52939 95998
32667 34116
14072 79762
44583 87821
35261 73878
11770 69637
16629 98277
12480 42757
47387 81195
90436 92856
39146 91613
72783 94528
44277 90683
32273 75499
56886 97836
61470 91026
1887 93356
52770 78209
5182 32526
39717 99898
13267 27669
264 86014
49488 79612
65752 79039
41652 67799
57367 74710
63131 76388
47467 64873
33926 66900
18589 67126
41426 53921
76597 92813
69425 77668
64508 88253
50493 68136
44870 54988
67842 77523
22579 90585
53118 81272
59522 95926
35431 90242
2537 42370
50760 65581
15755 48887
24855 51269
50416 61099
54533 56288
20514 53902
7408 66588
132 23802
40092 60295
52817 57917
35918 70429
44127 85780
54335 68037
9593 47300
37086 53342
26135 60865
6977 98635
62228 64639
73009 87240
29721 40194
38049 86283
21076 63593
19688 75984
30246 51127
15054 90022
58955 81516
12509 78786
66278 94411
48701 80816
37691 47286
76159 86642
51428 79618
69545 79435
6491 84221
67841 90265
20259 37908
820 75663
32826 72335
43265 96327
38522 49846
8131 37216
78170 80029
47207 88806
16054 39638
13749 80747
41741 84369
53210 76609
54375 99195
22902 43225
7974 12724
51582 78791
39928 70026
5568 95824
5689 89640
20303 68074
59908 88539
26358 65194
72802 74842
31895 84278
9485 83001
5135 98150
18314 94313
66472 89252
59336 73900
58758 69242
7116 19567
13691 84961
44681 58014
81147 84790
12849 16849
34666 88572
65181 92071
31271 73848
6556 97421
85024 98472
46482 82870
43496 78430
16255 57333
52353 82349
14653 71901
9605 32120
24799 75677
33036 56317
30413 67979
81129 97423
17177 70599
8454 88762
24362 79099
42011 42154
59285 87759
42166 94182
62308 67741
52805 70334
63755 94188
7647 88990
5595 56069
22476 93120
77442 81205
73890 80384
7739 64337
19870 53829
55443 67735
18893 75028
2709 95617
25074 35146
50815 66102
51973 65599
75871 92760
37250 81070
11616 34766
62829 75673
27571 89745
44779 50240
33612 76543
56839 96449
87198 99800
34480 54592
29553 63932
24983 68008
47071 98858
12370 92917
45166 66793
12330 40958
88876 99978
14362 14547
6420 75912
38396 93467
7136 89655
50090 89794
32018 62462
15491 47598
26264 87213
21338 91042
25821 51911
11063 58666
55329 98535
8584 27744
3843 24166
18922 51988
24565 51702
41074 64551
18 63773
30313 88118
5681 48046
54058 89755
92195 94143
13026 94616
8741 26514
63384 93261
59826 80087
64636 84343
11302 72666
14233 94038
12272 81566
12474 94558
37695 38246
13526 59347
28685 77279
54216 88311
65123 83246
43408 43556
12930 71416
58292 85002
66416 76920
15567 42921
79903 92840
7029 99082
4950 21751
30781 94199
8293 81058
5007 53026
31067 84949
51024 65545
21638 22012
42729 51557
289 11055
18649 40232
77192 99193
8686 48441
21543 67557
22122 90373
14752 32645
71921 79423
14501 71043
25318 50874
17035 29543
41254 47605
10542 30409
64084 99565
61442 77325
7480 14224
47413 60933
51004 59237
15911 78272
61637 79783
35457 90678
39654 65167
45882 88038
38578 45702
47598 48700
5307 24937
44197 70019
83369 93038
20722 23170
52840 67038
11477 44586
56774 86289
78567 95858
67974 95296
30846 56269
61744 75138
18451 50806
23491 99705
85900 91595
41240 86263
4599 89811
33134 41204
18782 21395
47810 61304
79922 82386
38292 62386
8331 59296
55719 69700
32158 34681
63758 93390
86504 93941
25008 33942
32178 33834
27204 61425
28926 31898
27736 47732
17430 79870
37830 60883
21091 31118
19183 94391
61018 91036
23042 29628
23170 94357
3332 94168
31666 94930
24057 88015
11864 95889
66284 75969
61999 73681
14736 88045
56107 94123
6551 25915
24994 76461
44235 50352
53382 63515
48214 79725
71110 86312
14868 75015
4094 39131
29280 54697
57352 76530
35033 40946
25214 73779
15245 50314
15591 35840
49499 61752
48086 83421
15873 97626
2821 56920
46645 83173
33828 74037
11607 14123
43936 72668
12277 13443
26235 31525
52679 77858
23733 75690
16979 67562
10977 50625
34764 45377
24774 99021
19939 29212
36292 45010
31352 33555
14324 50990
18604 94798
7074 80639
5968 65979
28246 34939
4417 88945
26753 66968
72123 82326
48293 86726
84980 97665
68274 85627
19321 76584
16950 68564
21981 32602
62564 99644
12 23973
62394 78036
991 60105
50119 93891
30744 91379
47558 98864
14841 27366
75802 96348
4925 10798
83380 83992
13133 86164
34384 36994
26522 75435
6006 52609
31418 69915
1288 91054
1925 21686
8677 18623
59702 84891
66037 71512
24864 53588
8988 71961
21371 30913
71919 83708
50932 84042
65777 86156
43965 78573
14854 94373
40992 91731
41150 45199
3725 93541
8792 66051
23522 72828
33020 52934
48935 53604
21629 68597
19540 39895
48435 82577
21666 55870
6707 51109
80488 83916
79534 94445
59766 94023
16223 74115
33041 43722
49980 75367
15935 18886
11672 62675
12302 23856
2367 92488
8619 96807
51210 85405
2050 63558
6893 52460
5519 40006
9868 16925
1885 44823
5279 98420
59700 87938
57720 57809
66082 86385
7733 97435
3288 7188
39118 95575
49701 93123
29032 84644
62908 73135
71975 72703
33986 80531
69043 85730
65954 74058
50388 65691
23963 35511
30527 68822
84090 95126
45630 86927
2314 84683
1630 79970
44457 64176
28605 86265
37059 65798
70622 83099
24446 74478
29189 60164
39577 88101
38771 73349
524 91429
58886 73980
53698 56048
40436 66629
69074 92164
40023 56980
37390 58705
5555 90972
16376 71099
13514 94922
3151 73845
13203 65970
16093 77968
12741 88228
5221 91333
17857 72435
2314 31557
43580 78539
89567 92560
21982 95378
3903 77675
27151 96863
5674 44337
10205 57391
47983 53174
50332 54045
22176 40162
9666 20085
48098 55205
15049 48881
59708 97525
45648 65271
38337 74936
65851 83161
16859 68841
2865 16900
9775 72642
73477 77564
3031 98561
42184 97594
4907 54707
25362 29235
37916 91698
92295 98350
81111 92825
2755 91593
87 14409
21419 74039
38847 83772
72914 73379
25447 94914
26537 44156
76430 81208
18861 65481
45046 85591
72286 90162
17126 50288
40721 46993
38583 95086
50644 73457
74519 91968
17276 91019
17467 22873
17822 70652
91701 93604
78983 81736
6657 75208
65102 90439
36086 49710
18435 89004
34616 76003
48270 85647
11476 16103
13410 87438
4947 37968
35322 62563
17307 95637
37937 85941
38652 71212
27943 36962
54839 63205
76049 99734
10956 13327
35444 77518
28135 89732
15833 15960
9778 53592
42997 87698
809 10316
3647 24342
20919 40441
69330 70131
62392 76337
62696 87244
77688 99575
32925 65237
36644 93630
42846 61091
21104 48861
39479 45993
69448 97362
23615 55831
34574 92697
13326 94892
33052 79394
14009 57449
21558 91076
39102 45948
12670 52739
11857 27018
24146 57877
20689 64579
4443 10507
35460 84129
21373 26219
28490 37128
52795 74708
15928 33640
79436 90940
14004 91120
7338 27666
61899 84203
14377 42585
10264 78632
2449 39900
41750 74453
11816 12291
29357 62862
27726 64975
67157 67440
12347 94705
2228 3372
3326 97404
42061 86524
32259 35367
23624 28432
29449 95424
58543 92548
18835 94066
62210 74094
10660 25693
24262 91672
23122 71622
82680 84389
55126 67940
22093 51821
54562 97648
4119 91982
54349 62467
18853 68581
55066 87848
2405 94708
5962 34173
15771 51666
64459 85549
48281 99870
9740 27917
61816 72587
52751 58920
71130 78966
8737 82414
8015 60695
29216 74318
4014 88166
75647 90314
83507 87762
27295 86227
15545 28852
58427 70833
58783 74173
75495 76885
28384 93451
44007 51075
17947 18831
30026 38558
38367 88219
10866 51865
20392 68296
12297 36577
89092 90709
83738 86537
20866 95527
56590 61750
54924 88386
28187 95691
2674 3946
24549 98092
15152 93104
17178 59511
44792 49741
52557 91582
61931 99348
10706 63122
43450 85287
328 82542
30671 75273
65922 66608
71184 74954
7161 34588
34372 50771
58261 99805
55006 55869
2401 85594
14344 19919
28037 41140
93774 94045
37980 70341
5613 88691
13210 54893
24270 60038
30651 47396
32006 97553
26099 87152
258 92429
50109 58503
2890 86405
76363 93400
18915 57204
57619 80864
26122 45013
6400 70405
61365 83038
4741 84383
28167 75276
36937 58437
5134 90473
83948 86368
4947 27222
3701 20243
37881 54635
71835 90181
17041 43463
35006 79068
42633 82700
22309 56019
44517 94878
36934 79889
83212 95684
58548 66753
15430 94622
32850 65845
29812 39193
14886 95579
55402 85214
29037 40339
25091 51528
11252 32543
80846 99887
12650 25320
8020 79266
13486 67361
27006 52467
6621 50077
56765 84980
11034 94785
41074 81892
24375 80568
22018 68652
77716 92377
27677 59907
43351 81133
14704 26509
51041 62345
19591 83465
70776 72671
21730 55895
22925 73278
5779 96720
12387 40897
11393 74789
19985 96033
76508 79594
27554 50477
66872 97686
55333 71316
26698 30010
80109 80486
3859 26303
95167 96508
36393 93054
16771 26353
54834 62054
75762 77865
26652 91199
56560 80396
56473 57285
81409 86563
69383 99621
6659 20234
8350 49820
37473 88303
67213 74530
13982 36974
18130 91893
3512 5072
18485 99625
20156 97675
31928 94808
3169 7340
33106 58925
2125 52095
20965 37065
3515 83726
11392 47205
69721 97336
14605 98729
1281 13298
15300 27090
55519 87216
94456 94961
7158 61827
8234 75659
18685 52867
41825 74232
1404 62829
46929 77542
43693 53662
72484 87405
12363 79313
32647 74568
63049 99254
2832 53418
1415 24361
51548 84162
4112 67208
20081 59897
12864 74755
35515 45684
17324 24575
5443 99924
17447 72249
76165 79425
15997 75052
5939 27099
35085 44704
40212 65516
64314 93064
1250 3084
681 60338
83062 86240
12600 88625
77636 90545
17095 67881
31098 73742
5839 38313
23037 90257
74531 76440
82044 84526
1 21793
21757 79201
33365 81891
1764 43936
65240 66080
3006 87499
81641 98073
66089 72502
31858 94121
54822 88933
7202 50966
5896 42863
46018 87481
488 57695
35924 71420
73106 74953
35349 94472
39091 60161
16572 50719
73093 94482
53488 98166
6852 72428
28230 50187
933 79319
68645 74207
1674 77789
26202 59065
11489 43335
63684 80522
6663 32584
10202 15596
9246 80216
53311 90692
19968 76021
79871 98577
13894 46970
71145 96177
6923 13157
54708 63912
25878 63140
82626 96805
67243 76366
23594 77628
50061 93485
14096 81748
11765 78782
34201 57557
23981 88768
35005 95460
9769 28665
25803 89022
50565 78613
33108 46319
842 82419
33079 61159
23060 64248
19955 72874
62250 92174
38979 54316
15862 33492
68562 87022
3124 65968
58230 97488
77622 96653
81505 95648
1279 78806
18751 55348
30407 59857
50125 99947
37494 80937
45009 92511
76877 95146
29919 58789
35417 90874
28928 37234
39663 60454
53523 58417
32882 63007
58575 72368
6651 89965
46757 84721
84627 85660
46779 97322
25596 83204
14613 43566
8188 80301
46280 69254
76898 89033
20726 97386
57310 85682
58956 77303
62103 84142
44812 74130
7057 25593
23304 32011
64188 66097
53024 85029
3927 73596
13066 38422
24314 27219
56423 83254
61687 76639
37553 66947
62763 90342
1013 75883
41543 69174
32340 55569
17989 57339
27782 46205
41614 63908
61272 88350
14276 57822
7573 78872
26992 84821
12499 51077
8590 76676
17292 97923
4820 98952
34777 63449
15126 25622
22463 72512
22249 33444
23788 95546
7031 30560
6105 87699
33128 88386
30639 84790
9534 34108
81759 85269
4227 57754
17053 30181
27006 64657
15837 54424
48219 81455
44491 57162
21662 56603
39877 58693
80067 86370
56494 89448
8888 38133
78652 82726
13662 93231
9994 84364
40574 90696
26029 37581
25461 67042
39042 87998
10950 10983
60947 78511
30151 49862
24982 81849
81072 83696
51109 99603
67826 78846
41098 72028
77535 78305
37551 86727
9431 31956
61695 68106
24332 84851
49222 91758
705 73688
8921 15157
56626 78863
39949 97779
20996 55258
66335 67185
20546 78256
2362 8802
34055 77873
36916 43452
6971 10498
24215 92453
60715 91008
44604 83324
34925 92352
8503 73239
64736 89016
4166 72159
53858 98001
42526 46597
41666 51755
2373 23016
24093 84063
38107 56640
43130 57467
59256 68444
43262 93600
17252 94306
46539 88600
22822 43303
33194 81354
20150 77468
79449 97142
18435 73989
69919 89995
11082 23339
1768 50552
46583 68014
38711 63257
46478 76807
52003 74874
20683 32236
26237 89994
43410 70313
941 39834
35419 54910
9256 46835
11565 23010
21247 78233
22188 70856
75196 93833
46799 75835
46938 71635
21194 67254
27473 98768
2799 84613
63602 84810
45971 89117
13515 35731
68443 86798
58696 87039
5345 88125
27584 27680
3273 38945
23370 83504
53717 90338
62841 76363
6677 91721
41858 58020
3274 45220
26689 74442
28675 52042
3472 76258
17401 78252
68827 96720
46033 70197
3362 75243
66506 80584
12115 56197
14665 78887
34317 93507
35111 65237
13334 97984
24813 45638
24088 27778
4527 38306
34086 62532
11177 98961
63362 78462
44483 78014
17347 67274
2128 5309
32623 41467
23382 99960
23959 39942
64602 92058
35125 36365
54101 86011
16278 48541
37678 47343
8360 35725
8370 72483
87849 96274
8924 92500
63984 87120
5759 66520
2008 83624
7708 22938
17819 29217
50393 60070
26204 28895
75754 77567
47395 69213
19943 67320
14676 47136
11093 44239
3018 19163
26728 86255
51732 75540
21188 27302
27023 86735
27003 96982
80952 93553
75680 97716
21891 94211
42795 77181
8575 19067
91210 91546
34655 89592
60678 66625
32870 90821
45588 62348
55980 63386
29884 92720
45324 76643
7028 86105
55437 99235
59421 96556
63383 99955
34599 67178
11312 67546
86069 93734
3405 17323
13173 79541
65513 91876
38917 78557
59268 92759
75489 88703
8698 17500
7537 10000
7722 12593
26284 42293
34674 71295
2072 60591
69651 92429
39084 77338
3773 18929
18306 72748
7023 75743
25916 93768
412 92250
67612 79224
33040 75985
45569 61865
19692 28842
63950 82912
8045 93922
46674 79184
64291 75292
34636 84083
3400 38975
11619 26187
16231 95987
8833 21701
36920 83298
21940 46403
76449 99704
61569 73791
21851 76267
49390 69627
17064 32988
40489 55742
29418 66522
2658 67677
39424 71988
29142 91753
7802 40678
67344 91175
5298 96001
43314 56942
41976 45334
17074 81006
24876 58871
13462 61663
322 60844
43676 80634
5355 70412
29365 58285
39316 90599
25334 38652
59189 99781
3333 11444
40512 79335
4151 94475
61060 95485
42308 71207
41325 76618
25893 58975
34168 45027
29321 88856
47213 78699
14317 59566
9304 88076
53849 63879
13994 23677
79987 82512
63063 99833
9875 59416
29381 36189
2290 96490
81596 93709
62688 71209
12653 74219
19769 81062
78263 96295
24160 49280
65738 74705
37214 71710
53552 62023
82076 96158
17565 91229
23939 53660
12375 32623
16941 27170
2977 72908
15041 84392
15225 42453
23022 62280
50964 80386
57674 63131
19119 49119
14076 72581
13003 14270
33401 49330
25177 43931
67114 67359
12393 96340
28524 55268
24595 50192
8313 29967
48015 70300
54961 97879
35624 82536
29434 70943
30927 74989
24676 37094
42644 74029
67692 95183
13945 46342
29042 61362
41146 93403
23463 46092
72838 82048
77395 87494
51613 92035
65245 91487
32387 75025
14235 33231
18129 83487
4416 24260
35412 94981
9211 57811
8798 35779
29662 76427
63423 64129
5806 5927
13314 63204
31627 79560
33374 88480
844 5642
31993 65492
5532 32267
14587 64162
1355 80936
68036 85621
18471 47121
59240 92132
51243 62855
20085 74495
28023 96404
22453 60279
20791 58960
29639 67965
36425 73655
44873 63459
69306 78477
22487 92163
76758 89592
53114 82962
11261 16930
16511 84803
49023 76615
73075 79239
10472 35117
86255 91851
11070 80143
34978 72638
64487 94711
57217 66816
71046 82525
44460 70835
19698 28704
4914 59629
2418 82446
1680 17911
11715 34712
15858 66024
45553 62064
25109 84287
42404 60330
19679 85986
12931 35422
8033 33646
36550 92295
26224 49611
42641 91215
7974 33398
4059 13633
68274 93336
11346 55964
7314 8249
61212 91697
8555 88832
62470 71774
31045 86190
6034 31074
48917 85800
33921 70198
40456 94167
14684 94576
44894 69867
15556 57433
7834 26849
12367 88345
66942 66975
16055 97202
10620 72726
19459 96160
60119 83179
13174 88861
62934 82465
16402 36389
304 14079
4196 77097
26132 40553
2216 18923
13796 26663
36785 71079
34836 57500
7793 88283
55923 99877
11840 78310
21625 83240
42184 94713
37042 49711
84126 96994
49878 87804
49824 96235
47027 75056
61918 69186
63144 70468
38483 78788
27086 70791
4633 73754
13847 97613
3716 23036
56507 95760
29881 33231
19934 36286
23306 28249
28593 64954
70084 94363
39370 53263
39220 83430
41076 94451
53042 97251
24709 42660
44900 80121
46501 66728
3088 43796
64080 92950
72622 77968
72685 80327
24243 93534
1215 41411
2268 42852
53031 76485
38416 87403
7871 17457
38907 83571
47359 72374
39885 90460
24762 83355
66922 94345
50897 77714
3386 6127
56934 94274
15398 75826
62597 92746
38979 54510
1390 82633
5524 26788
32012 43199
78963 84306
14673 52580
65867 92033
10489 60719
36305 83221
53866 70295
15035 96803
38637 69631
47806 57668
3828 19969
64122 77276
27866 95248
68035 97900
38962 49054
50564 51815
73256 98014
39481 66303
4269 97395
50686 87512
92075 93197
81414 87795
32091 67996
26821 89074
52729 82122
973 45396
23970 82267
37333 82524
59059 70200
51517 91748
33147 61371
40947 60750
33020 46100
7860 22374
24060 47604
51133 64486
16577 43929
5269 73470
57372 63767
73822 96660
42774 79970
20676 28551
772 20344
59388 76612
38079 93450
8857 98836
491 80308
12911 59925
54742 77865
22450 33348
77119 88455
11513 96381
14081 26364
43129 55917
16400 24588
41264 61726
8151 38286
54063 93312
18030 43350
66344 99709
7599 28888
47439 64571
24542 63071
3023 14958
39336 39466
30266 60149
77507 80133
7923 46223
16729 41472
14511 33694
14078 51312
20642 96243
5349 49603
176 48284
31911 77740
27318 27361
11986 94461
7661 54734
71126 84871
31321 62765
44556 92053
49856 69772
40465 61192
10088 80059
8493 68940
4357 36034
72086 81873
12390 41910
50783 82544
7293 24568
49442 59469
12949 82514
33050 58440
14521 84135
5561 83329
4709 18386
38421 52337
32877 99019
2123 76739
1164 32730
28979 82823
108 89982
12125 85277
17819 70736
4390 39245
43417 90850
17868 84615
883 14703
16759 87070
62996 91550
5357 60969
27747 86139
59716 81059
7161 73291
76806 78230
62748 81957
54252 98475
19438 77267
17304 35666
51522 62199
72924 88258
6807 33668
19973 96758
32580 85637
60901 84737
37889 90722
3889 44465
76879 94761
39622 42665
69263 84800
72335 98108
43370 72845
20460 96099
68689 87888
54959 64384
81763 98941
62683 89601
31199 70145
68750 97345
56942 62245
9626 29348
71795 71895
24431 63468
3309 76962
54395 92072
10333 23641
41108 51678
5253 57132
29709 45239
44391 96323
13382 71230
6672 29670
42620 89973
24656 83315
50299 52117
64385 87769
8059 22037
8336 20930
17471 28957
4512 8078
63554 90838
98459 99700
51538 82714
30083 71524
60164 60175
11377 95327
10986 81179
17691 68481
24472 72978
32682 51657
50971 94969
84890 89359
19664 85774
63701 90015
25094 55367
48892 67675
36349 74408
62515 73346
2065 9880
4819 59282
46503 59782
38399 80595
25215 55451
29433 56806
722 13437
29335 99142
17932 40386
9175 90788
19036 41247
1138 94490
1081 68404
27622 76106
29670 75437
23366 56205
22758 38162
60764 64568
3671 4627
63639 98401
67705 81190
52540 96106
8158 37838
52923 71104
23407 35965
73451 94153
52084 79054
40198 56498
37513 85828
39197 82014
40285 94922
8498 88860
8735 75812
24295 38315
27154 70095
9713 14673
57218 93427
93236 98171
28929 62139
79172 80247
22496 44271
31895 83334
46513 78491
78014 89370
2303 30601
58740 98453
40114 75524
11115 32035
43941 49503
8108 67366
95380 96854
2953 42852
46665 81117
38559 93665
28609 65672
6131 36174
75266 79798
33079 75233
56056 91460
43740 50967
88031 90336
2368 87289
29693 79608
1373 46031
39568 84457
45576 65272
19714 62763
14916 93374
24835 97896
9296 16316
61491 83988
39759 54183
59089 85067
6510 45055
56878 95701
31910 36635
49402 75773
9574 71427
65076 95364
4971 58622
44527 98860
46530 89145
19632 59570
32227 59778
66818 96797
26218 33770
74082 79998
72061 87368
2802 51592
18689 89843
9874 74718
13290 26593
38628 78707
35548 89264
27363 51169
54612 93970
6721 39510
36026 73537
4217 67664
52031 75080
27169 68878
37217 81502
2101 99605
37119 72100
16086 70907
69910 86892
17285 97775
46182 94802
41605 86206
57462 98544
33135 74121
42487 70607
37011 70720
36277 87376
42667 97691
4268 62289
21811 65110
64754 84021
5213 25625
19105 40231
186 2861
59595 89189
9970 51879
22745 92673
35801 72556
1707 67009
10219 70976
40370 56398
34221 98753
22089 51593
14390 37096
12330 45229
54948 86536
5701 7123
1439 4120
60999 73627
20016 24827
5897 23719
10215 57889
54827 79650
43307 75457
16062 90395
56689 71647
39242 97983
7205 44306
40614 84911
2007 5560
55051 90756
20856 83566
87468 89643
19831 98442
24831 46012
66112 69739
18142 42196
1729 53343
3036 39103
814 17502
17099 99910
49772 55546
12791 40111
49701 69592
77313 80688
48646 79790
55219 62966
44292 94368
2747 27643
34233 46782
17357 64625
14162 76888
26137 49165
16196 81643
81306 99021
73620 81870
32172 71151
14397 64868
27042 36302
13933 56993
33950 91328
2170 69335
7449 26340
38608 83844
13803 83555
11336 65907
12773 22329
11670 32172
31954 43538
32200 33774
45741 89083
26868 99808
72943 94697
54254 98904
22893 53454
44753 52352
44685 62888
3126 43955
43978 46142
62054 91005
25606 91085
62919 65026
21354 58610
3299 69363
79857 89504
54151 74549
24167 70056
9337 54534
65426 84794
22941 82356
22408 25472
47310 95856
60415 72446
60612 96990
29890 94231
28128 45628
50470 69475
44533 92612
34065 95501
41667 84186
33702 84500
3841 16094
31697 51128
82244 94287
68835 87341
5177 39586
15813 38985
29236 35584
12630 92028
9245 9714
16116 65595
82959 98741
18692 65358
66255 81298
35117 71298
40788 81123
46181 93529
56625 90946
3775 11190
20125 82462
30684 88788
33339 74783
3244 96660
14148 65137
28285 82140
66402 75003
18728 95952
46655 55039
30060 43807
58917 85306
18116 49006
4126 24740
54884 83833
59872 64934
56965 80581
75190 81225
37377 60110
34700 74663
88732 91295
6940 74452
502 89615
47469 59589
16227 68046
41872 79421
39106 63019
36059 86343
36356 99535
12026 66757
9319 71549
9715 24623
11391 98335
3937 6816
1644 83470
47833 61761
55016 82035
88729 99212
30448 87100
25212 27316
57717 87845
8760 91740
16742 34841
5635 42521
2907 80539
4437 99098
8691 21572
9878 61678
13901 83080
34140 47772
80209 83195
26115 79341
4556 13900
17012 68921
6643 51843
14651 67474
50817 70988
52652 89328
53197 84227
84961 87234
70602 92661
49116 99470
84704 92710
75790 92631
56153 72955
39886 59941
1565 44222
8568 93901
10644 58400
41314 82296
75177 88231
57027 68095
65999 95980
11240 84799
57558 77222
121 93568
60039 75768
6617 81617
27258 94929
26301 63176
16645 20307
10611 96023
41644 97469
72814 90884
29821 62360
76165 77772
13039 61489
11641 58128
73760 95784
37169 62264
32594 61716
77592 81765
62908 75726
84390 84973
31239 52314
43146 46383
53241 92560
4293 68335
20043 95314
63152 77470
40021 68615
23539 50447
28674 94669
2356 11301
48814 92846
91185 96775
25364 60422
4531 96037
58842 70048
78461 88935
26501 94826
92335 97615
2773 60986
3877 66027
24573 52654
876 88861
49865 79170
44286 97607
73387 76607
68743 73425
4417 87027
71282 73065
27331 93820
16354 35750
674 55701
41101 90936
21934 62052
7899 19028
5737 55239
2993 19617
19614 59981
4247 73218
87973 95571
36969 58479
16125 56950
4162 43825
75974 95095
5923 11169
81608 99142
58775 91475
3397 98836
8874 20643
45101 67004
12074 61604
14849 96631
27928 75831
8359 16569
8456 90354
25984 63928
29050 30807
86975 91813
54803 82829
45047 93593
34198 97059
62320 86971
23657 40946
80031 98822
36623 75146
59061 89519
38023 94137
10418 84481
36572 70932
25214 37129
56629 70723
23019 25421
1207 63460
70468 75066
16812 78455
7229 93511
30457 39338
52673 92082
25956 68914
37075 63064
25796 91820
36921 84969
18387 99185
42359 46435
23073 78160
80291 95237
64619 72967
35878 64343
14553 54627
45757 73266
17185 91249
90282 97972
25948 26730
9728 62130
32867 69730
65829 81608
7540 76533
30860 94632
12167 45489
45264 88066
15844 44995
43986 49875
17545 70193
50518 54533
44399 88385
82227 96742
6572 31335
59195 77580
98629 99601
68375 76172
58570 82275
19124 83467
19153 70028
74803 92382
1083 15587
10248 87680
23003 66458
17970 18398
9397 48330
5703 16349
960 19683
34385 84453
13844 62285
50556 71165
32013 45405
74114 76477
50694 56422
7049 31382
48479 92287
15762 92113
38146 71227
3834 79098
11034 29271
13902 67833
72029 97118
28904 64735
6716 10708
4595 45611
6636 15751
5167 76851
40579 60315
3301 11254
91833 96817
50800 93150
53086 87497
37369 53891
57934 91885
2741 24091
28123 28929
31405 73315
19614 78302
54886 69158
61644 66865
67775 80093
25680 87143
10873 29293
22876 99169
53295 62841
7557 85918
9675 13872
85543 86162
7135 12565
32016 89314
35627 44784
36186 58850
62087 72580
34680 40424
20282 41167
7636 18132
16124 99016
67627 79843
50215 56273
58649 68022
5148 87198
3741 10125
79689 96887
13084 92604
61532 70078
12029 35014
16818 99679
22342 51857
2359 57958
32646 64224
37542 53661
8460 28742
5352 29014
9513 91336
2124 63397
51479 55053
485 69761
30347 87583
35352 72941
51938 73806
48689 96055
13450 73722
7582 9243
74723 75616
7800 49355
527 86807
15573 77296
90365 99450
24424 28590
64462 75278
83934 90936
18839 65329
7851 35091
30145 45657
55787 63735
33661 47664
7355 76093
4723 36954
31210 50453
25596 93903
53513 73481
36723 49538
4990 8178
29748 55166
50950 83066
22318 24053
19935 61209
15523 42506
47768 51056
37648 41024
40039 62827
64956 93725
29437 30201
13065 48458
1044 43671
22930 82102
59471 63457
25820 90089
41593 85428
8334 81372
27583 43484
12306 52708
70962 93289
3949 7299
5290 57108
70840 81846
17694 29473
37905 94072
22072 34562
7185 75607
44645 92308
79898 83001
42532 92415
68507 91225
3711 97185
36894 70916
10804 17459
28074 64001
11128 93687
79941 96756
4594 68640
21844 40618
555 5695
27025 72833
25703 77250
20941 48558
42960 61848
49981 89191
48383 54069
46064 84046
30195 94005
13660 34490
14407 73522
47328 58272
47150 96785
12933 57884
36919 65886
21595 99430
3568 85096
81928 96256
39726 66818
74870 88050
58929 94505
20552 44134
25560 26041
87799 90281
28887 60376
75209 97777
7856 27306
269 4187
83121 86494
41464 90534
69644 79967
45708 61324
8764 91053
20443 22693
31959 68820
246 66835
14240 44001
18318 55622
66908 97068
9427 50728
17260 43158
17016 63628
11352 85550
20284 41515
29346 56385
14198 61737
54568 76751
83570 84964
23106 76077
16109 22238
5341 36439
10824 84011
4054 35273
40708 58897
20409 30795
52402 79665
69577 87730
100 90673
2220 29823
55557 80071
31635 76727
11894 34734
22880 83796
61548 95844
58936 89038
17626 86669
28666 56585
5264 80560
10267 90450
54291 98958
12248 53322
59697 99705
88082 93327
44170 91563
8582 38389
83044 85651
10482 22485
33189 34379
8129 57479
7272 72458
64788 88934
38913 58539
10037 77265
16929 40144
45785 52378
900 94583
70883 84774
59782 75608
9587 92150
12778 12860
22851 26563
12571 34873
55403 91869
9194 38049
17969 80162
61946 75743
10191 42354
69896 83055
22576 31060
73866 84490
9300 75055
66558 76213
38528 69062
85990 93956
51470 98726
78549 88242
58360 81077
60420 91528
9565 41633
38600 45252
17726 42679
48220 81997
4600 97668
47790 69409
59618 91905
18225 55939
11523 20624
43742 99118
57806 79588
65486 99103
48235 97002
23375 60655
29545 58732
3506 77477
36147 46950
63747 95421
31174 41669
63424 73665
38941 83412
19456 24905
33708 45793
6024 57765
21024 94599
9833 95683
40180 68996
830 45491
23085 93972
35811 67164
1622 10608
67103 69787
87344 95078
50502 65716
32355 93143
7360 83745
3663 30431
73732 88382
51013 93021
1864 42920
64005 96345
28267 62451
4783 21618
2744 41236
23816 92961
47430 70481
19398 79780
48049 67532
72347 94306
25525 47274
73469 83199
29951 53938
25870 33003
5948 52432
35782 50464
3209 52653
24663 24693
63560 74051
71812 78512
41180 69653
2335 29668
11367 60308
3533 94116
38125 52439
48884 53634
13527 19600
36630 43137
30763 99419
59112 99694
16766 22647
7120 74524
76689 78379
14440 74414
15866 80601
20391 52931
22611 56841
32838 47644
1233 1559
19205 34263
48226 81955
22644 40561
67273 98608
25863 91720
14139 73446
44274 73226
6655 81865
32640 33021
30617 56080
76950 80990
58874 73595
33920 88144
77282 85865
34849 64684
5420 32029
21018 40059
13819 79255
20566 86595
36938 87995
4251 88755
15746 94580
11408 69037
23260 29892
13018 14619
20454 78463
25149 70415
28996 97124
8180 34751
57597 78026
12612 18385
33630 39791
26026 86125
10932 37214
26443 40091
59182 99913
43569 82262
70231 82928
36056 67748
33573 48236
23773 45659
8646 97973
2384 63135
55233 69832
50247 91605
21711 72105
32655 79179
3487 77469
37610 50256
26003 42828
14160 26722
27267 36639
62639 83958
14748 41039
27509 78723
5889 62753
14629 70020
29822 74024
63721 69480
38471 63769
66421 93328
58747 76585
36098 52666
10216 62068
71757 85641
17202 86991
59176 89846
25086 53250
17079 40880
27974 59049
13773 22598
15982 66279
85890 99237
26753 63618
22644 25208
11476 41095
12543 76662
29271 79946
27560 89810
80576 89827
38432 54041
36592 73205
5284 35300
52581 62373
7114 19915
62817 90553
45757 77699
23962 85544
47671 55827
3126 67920
42281 69758
33523 74703
67735 95641
50426 71901
59222 90956
55648 75624
8790 77321
65896 82306
61192 93950
32007 52389
27042 55328
16164 28605
57289 83309
19759 42134
13547 46539
2045 95678
14420 93128
9741 71136
6522 51351
17879 68427
22 48638
32549 35738
46975 81510
11204 41219
45041 99730
37128 94871
33081 87034
20916 44108
75711 86124
71618 88403
25192 78713
38040 49409
22654 65730
68142 80320
10067 28776
76994 79346
9553 71066
76219 89169
13999 24465
29238 73221
9537 44879
32768 97562
9210 66084
44452 47915
74576 76955
17057 98901
25167 93647
47494 96595
14444 62871
16037 44658
62019 85752
7465 51765
48988 52765
21451 90142
29173 53358
2970 19483
29526 88373
98861 98966
29537 86509
37375 57601
57346 57634
4618 63472
13360 52959
8823 55656
1667 85116
7400 70291
45573 87114
20156 99904
98191 98293
75358 88473
25301 73172
56862 66908
2675 46561
2959 16888
31362 91607
38842 67142
54106 56896
30352 74949
6116 80628
28960 80573
31975 82564
22454 58857
22135 56417
59585 73687
11149 95353
14522 77994
69417 99805
8360 22254
1300 13364
8719 29915
41708 57767
26475 38152
81326 92149
23476 35880
11911 25001
15369 59655
14112 79854
21298 93142
46844 72073
8361 76865
5726 73942
8968 13736
35561 76814
28999 31370
33002 84167
5217 10955
19146 93693
14624 27007
15947 59191
19038 62986
24343 74192
31225 62191
61522 86282
38556 97743
3798 7852
28267 94894
26144 89763
33563 39379
43549 63088
6574 15290
21428 33565
65222 89397
54628 61109
29344 98489
11864 64423
68436 86811
5987 65271
1644 71021
50879 87936
53983 72122
36147 49946
14445 40062
42056 88914
78007 90583
87917 88412
55264 84364
56163 87407
27881 35702
9376 40292
55443 70658
11902 93968
6064 99943
1768 84302
18296 72224
9985 76783
42503 58147
38214 97054
67984 75319
43628 79701
45709 75708
3955 40564
80596 96313
60762 93784
19228 77956
56643 60269
23044 37071
25953 69486
12214 47008
22998 27144
38461 95565
32120 92370
4262 52675
31763 60652
7120 17697
11928 97815
26267 36981
70893 91204
71341 87728
57822 80488
329 70375
61461 88047
27481 44048
42161 50116
52262 94727
27394 51181
12614 50185
44491 51352
80253 94101
35147 57312
71110 79797
23385 62628
18678 51700
61832 81239
4760 39579
78517 91581
31918 43064
94232 95601
69006 77921
5835 84484
3722 17622
23706 74352
12427 70798
40048 41613
59069 74318
44851 91545
29250 31488
17902 24619
46831 92191
53524 70715
16605 31230
27698 48335
83855 86926
55703 84874
8813 77842
7029 83579
13110 61940
24159 42507
62418 62722
13449 42687
3613 91191
45714 46698
12402 30416
60239 88688
61267 94263
995 42511
58665 72436
17222 76146
12055 64900
27509 53086
51460 88815
38403 81377
13548 84499
79290 91274
52344 97042
38721 69634
62613 74770
56530 57552
15032 21012
2795 25339
27580 55950
20054 79231
37319 45701
49330 83451
1903 51124
58083 62557
5931 10542
13237 92571
35846 88427
37873 96136
24220 42297
31915 60007
16520 80620
75095 94515
75980 84700
79470 81494
18472 91651
12306 15198
78991 85418
12307 58587
48307 78897
16542 21565
57803 94610
88374 93802
33562 41234
13004 76175
69630 84369
3477 23130
25833 42025
6298 98134
18382 66323
38618 46918
22665 58917
61946 83820
6429 20306
40500 82531
6458 43449
3295 50943
74371 91226
52196 52299
76376 95635
31030 76099
38905 59573
33251 83397
48572 98782
26621 75387
11104 91170
18946 72861
25320 57447
17915 77862
16602 51785
43023 56666
67661 95098
68899 98499
10382 11340
7643 23325
39048 56368
28549 40787
18899 77294
82763 97329
31180 98997
20963 56841
23645 94086
82785 84462
12129 83051
27949 45390
8831 51656
23984 42221
5067 52926
75280 78176
44690 90797
20278 35577
2265 48380
66897 89293
30745 46963
11570 50597
5960 23319
43295 53740
4942 53129
32600 97428
73422 94426
34736 36196
61106 97093
39315 52736
35505 36951
11576 75208
29492 68008
16429 56021
26393 98630
4022 13323
26115 66770
32247 54276
22044 30403
8808 47843
11217 16380
1008 72714
18381 19790
18454 35583
78491 86214
1975 73130
578 51108
37695 99076
8175 63627
48165 68683
75035 75926
55688 59079
73343 76216
448 25580
7990 15722
19081 87428
33926 58879
36662 37566
20542 78753
21739 30389
27321 38099
39391 92241
45975 58339
36739 40324
78764 97518
65768 90598
18902 42746
34518 86458
5694 68295
47944 71107
13539 47404
52425 93494
55390 92535
57627 68805
28547 43834
12510 18570
77525 87674
8209 30216
14958 84812
10474 69670
10888 16176
17204 40908
18576 97236
1487 7500
21474 98412
50045 84978
18414 38553
13559 92327
43948 82961
44694 69963
41821 81464
48644 88882
26055 36052
13422 30689
16334 72816
30830 93670
8643 54317
61313 70198
27435 90197
23683 57627
19190 30687
13432 30920
5570 29537
3591 95131
32258 69248
54180 79011
66042 95358
48230 78638
49302 74706
30548 72370
47750 98451
30600 52347
5150 14168
74058 97898
6642 11679
39960 64181
63401 98792
51690 72140
26143 37705
64357 91210
11005 40809
77419 81672
21593 71771
35092 98232
15339 21459
15751 99701
84032 94412
7133 30539
2633 34657
6284 16093
52682 88540
18156 29430
18725 61144
22225 46357
27818 32403
11109 56631
83645 94445
37515 41125
547 51422
17665 73030
25269 50734
72413 88006
62814 71343
39765 50269
20169 77950
21229 56663
2345 86606
50840 82459
67988 75679
23842 59556
20033 31460
73548 99890
25947 56976
88747 91824
49083 84936
52492 83749
24675 85720
72022 94799
32398 45033
55545 62102
11615 96133
58487 75093
31240 88173
41975 68429
56951 80112
60450 96252
3549 23528
30769 47792
3323 73845
69076 70397
22123 97079
70052 78911
19149 73626
55138 85539
3842 73903
61659 84736
35549 72705
10550 87801
35724 96865
74154 86396
51647 88797
37724 89231
38128 40866
37192 44343
19836 63036
7961 57094
24681 70633
30535 50752
62096 62970
524 79351
55379 89082
61681 94924
41466 44513
13241 16507
55069 89824
7510 45046
43952 66550
39936 52671
67035 87063
72590 99595
24441 78648
21177 96102
16545 78264
46683 60922
10808 46716
59837 68557
18013 86186
14035 52610
58626 77251
562 79124
16349 56702
49345 75142
8593 61991
3472 53381
30983 93233
3691 56353
8799 54644
37494 84851
46691 82045
12185 73029
56195 72773
13125 64932
46879 60780
59354 75725
4304 68651
39292 94402
42794 48766
88992 93273
36011 48145
27231 58299
6825 85922
24367 77473
82123 84911
23258 76007
22982 46701
2186 71194
13327 53456
57544 99500
93582 96467
10341 37619
11401 36014
17557 45522
37844 65941
63501 86279
60767 61068
65528 92661
30696 55435
10277 38600
50646 94617
43123 63359
5356 18061
40812 79405
24100 51815
5060 41547
33119 77583
45379 72519
7698 62600
19818 91625
13079 93380
9134 69041
9563 99252
74870 82575
67371 72544
59065 71781
21498 27610
58617 82471
48941 52761
52406 90120
16697 37612
28828 71673
32474 70692
10654 31802
856 52461
1132 90360
11069 29848
47487 63521
24438 88285
41080 50928
68452 78786
16476 98666
11106 14586
45072 50427
5703 30516
41545 92990
16034 50143
54552 82620
25844 40467
22299 23361
16699 93689
8392 57529
22224 76537
37348 97851
53617 89751
52585 87350
12127 63550
11110 94079
44729 97129
47683 80891
43687 70934
62589 93195
44338 81905
32497 44670
6579 14224
64248 78844
70154 80672
43527 68426
63147 91694
35529 43074
83920 84264
7828 46031
14076 29548
69598 75289
42139 95538
56636 57917
37075 96118
30901 55553
60816 90833
14749 92093
13938 19676
66473 80129
6824 37941
58429 66321
61467 66125
58255 82863
427 99147
66391 92048
90811 99670
20482 30337
15475 27524
14138 65608
50847 69391
42253 43345
28566 91032
65980 67567
4770 27299
13803 82609
86183 91696
63427 92006
2746 70172
3473 89001
28808 82910
41027 46748
2353 42848
44734 47740
37838 60822
24392 46599
52052 57853
47916 51803
61473 67100
11268 16365
44305 68985
30340 41694
1731 30860
40838 69206
58946 78302
63104 87526
3385 66753
26411 77072
40808 80754
19993 94447
73045 83745
7194 34503
34962 84097
31490 42470
20924 88962
8502 40751
17595 25824
62077 86938
24756 88021
72221 90335
1664 61055
29565 94562
15633 95569
52915 55959
5841 89671
25477 73500
13087 59568
92733 97326
83833 95887
65355 99630
24368 98674
37846 84307
10441 93223
31821 95179
29511 66589
12614 30720
23398 63885
13604 71468
7347 71247
44767 80888
8735 59969
38420 90697
32244 67865
33710 63943
16203 88690
29970 35164
27423 47501
6864 76373
35475 68022
76546 92625
13208 39508
64250 76854
47535 73820
27316 99627
10390 75627
28849 60315
27782 46269
23365 51360
57638 80396
45820 48656
46469 90036
41318 65174
3445 82374
45745 87465
72508 95326
23855 48782
35709 97707
32816 40578
21423 60379
43610 95668
90013 92742
13179 56751
70738 89272
17936 39612
12094 31851
90329 96312
44299 51497
29318 48542
2046 60423
76252 93228
23366 94524
95024 96580
14384 96536
29359 98299
912 30161
7474 72927
9118 43645
29687 43480
73655 86514
31032 31997
48865 87317
23108 27702
30365 47407
6758 98261
5475 59174
38757 54618
46484 87984
22631 86633
25846 76798
71599 91796
14730 43031
19645 47856
30881 36034
56022 66652
36271 46021
73921 85462
36755 68815
58193 80511
10489 77192
21294 65563
23616 92420
9503 20025
19911 90821
65915 85192
7465 91885
31677 83181
18285 95085
27101 42240
26278 68548
96986 97938
14663 68545
4759 95881
29939 75185
63562 88577
66144 79400
36244 39559
12619 97984
62926 90183
71344 79674
13624 15899
32494 37170
38728 49163
21877 83197
70514 84989
15196 22843
50178 55210
50030 79099
55922 59799
19755 26881
25522 56033
26713 75825
49625 72663
24833 52843
53517 66019
861 95377
64935 87174
1129 31339
5530 76225
7072 90985
19068 68815
46106 55600
40567 89831
13351 92585
52098 68563
21424 72203
12448 18847
5940 55631
43340 76691
20810 43919
49734 91480
32345 90772
33205 79696
97151 98353
28056 77775
5862 24756
10673 89303
75247 96801
20008 52324
44668 50677
16890 59214
1436 34843
3497 67566
13895 68613
18678 56812
43860 53412
37880 70419
11399 62655
41714 78801
18087 37049
51712 74608
9787 32197
47066 86544
50692 76081
21518 85796
4679 72486
39798 70211
42651 91341
30867 53951
70193 81310
20355 99313
9081 86959
19607 63349
47972 66106
27968 89899
4919 43845
39475 57436
55381 98305
29465 79469
26048 55009
25225 64209
32676 61904
3454 19361
8092 36919
40206 89552
10034 75551
47568 69870
4541 30739
2059 60203
5156 56685
33907 47727
37749 71187
24266 37663
45932 59031
41249 64315
6786 99837
88198 92368
30788 66349
41810 79246
41045 67659
42142 98179
27183 61109
63721 90014
7955 54887
42177 55437
56696 78713
65499 68182
86002 92291
23507 63034
54204 98131
44220 51538
95080 97994
29961 48150
81664 95671
2605 26293
67529 90458
58592 66287
7913 79767
78779 92208
70538 90540
699 27548
15217 69915
34930 97486
19870 48220
5545 27822
4204 61053
992 64727
41133 58299
56520 65221
50377 75074
14938 84467
78450 90058
29321 73824
19681 94833
5634 28534
47242 74264
21152 94908
64766 67257
15958 32140
31337 46358
21618 36456
50364 96395
42848 45222
55659 73279
34821 57247
11151 57348
5618 44708
38962 72898
24060 75356
54622 98045
10539 18387
28424 49466
26036 33243
30266 45671
60707 65089
15350 36218
42264 76606
49831 95893
55806 63734
34382 43929
34352 83419
12786 15032
62088 99177
16442 54991
70075 95842
41225 87901
27192 94508
11653 29093
42810 57554
60618 70437
50444 76683
64770 77634
1476 65923
7800 14413
28408 92249
15712 41724
22166 85280
36092 73808
16934 73952
11016 83565
43574 80199
57157 95425
73676 98338
82262 89573
8802 29416
47648 69000
35424 99151
17052 47345
40259 53232
19017 42096
16250 48981
11618 71396
58355 62062
88321 97920
10364 94341
22157 34988
76548 96523
30442 58021
29973 76402
81766 83876
20896 27732
3750 72949
269 17573
19402 60292
38331 94534
87114 90366
15662 36339
32500 68026
59330 76723
33746 49588
8841 91536
25129 87150
26881 41248
42732 89550
8509 32869
22897 46449
38963 90887
34054 69316
72550 84514
78411 98771
62452 74894
9723 90596
36226 86709
24958 73514
33379 61923
16704 84003
20821 51417
12309 28483
34268 42702
4431 50860
24928 66489
26142 32054
16497 93897
67896 83451
17554 86223
30079 51199
56072 90128
63620 68005
24100 86794
72788 73239
65516 80509
35925 73277
26152 40449
96676 96907
86077 90174
74242 90675
23147 74776
7300 85994
67164 79213
29033 71215
26297 27592
22274 26483
12296 28143
31526 66144
27242 87983
18042 72398
19002 95321
47883 52909
10938 45171
30782 77675
27249 29852
59344 98788
14531 46521
40425 51689
50139 79298
81787 98791
52549 88647
474 85871
19249 68477
34619 65017
45733 73257
48295 55244
4444 9465
18760 62264
32099 82095
1477 65966
14892 15547
67067 83410
7733 52923
2262 56694
76606 80866
72744 86150
72729 78822
11530 31911
12383 88815
5786 6041
52454 67339
38008 81632
24990 93199
93466 96980
44421 52706
55614 88483
30169 73569
44700 70829
40744 94211
23950 41526
2214 65090
71140 78531
41541 58614
24826 87958
51061 91428
30678 88249
28770 75023
20964 40567
20741 59329
64280 95606
23763 42426
44190 58194
43745 50969
46998 82131
64900 93897
43574 57703
88558 91022
3096 52475
21024 68812
574 83350
78887 98252
52334 90498
64342 71547
67939 74431
53975 60031
41971 97269
3795 39525
1192 28446
1526 42686
1562 67348
14698 91963
24827 45231
14089 79091
12722 18010
55745 59455
7978 33048
6933 72068
3465 95084
52321 76898
34424 65608
55589 59356
49095 88027
67159 93824
56057 84410
10574 69232
26745 58199
48515 65774
6008 73415
64625 83120
56767 60143
29279 52044
72306 93124
20264 73458
23904 42974
47278 48892
78413 98538
62129 62474
35950 56067
16869 77181
25301 40417
1597 23472
20157 42472
1587 33379
31995 50729
36662 38235
40709 90086
42632 65491
30024 95415
24776 33802
45562 56359
31077 97512
14599 60059
5417 45376
13125 25269
32818 32928
13426 59311
98 4235
49510 72559
8343 55434
46687 83867
51197 99418
580 66770
62759 65020
79718 98905
86614 93064
29692 90668
22742 96215
3492 62570
7366 73456
42139 43963
17642 24420
76476 92881
2524 79538
34439 52923
46473 55728
75567 83294
21607 98193
98441 98677
64848 66777
2747 56884
41991 58992
31368 54163
21108 45725
9033 99871
19158 52257
16920 36132
80254 87201
5492 45132
30374 38784
29494 47494
36329 51011
20974 50628
51722 84187
49357 69688
28259 96390
52609 97118
58656 72283
62122 82375
76616 85401
58281 64301
14435 84165
33624 68796
88244 90398
8120 78222
46456 80238
1653 49164
7254 85979
8492 81702
59628 67154
47682 69974
21851 93831
4725 99065
41713 92304
50871 97380
47505 56458
2986 79948
28441 67640
78326 84613
15613 95873
17877 95434
27600 75151
118 81381
75107 90645
61003 90632
75087 94434
48784 68145
37149 96079
20808 39832
51001 89505
30411 85213
10196 60004
8442 74253
17602 82690
46430 65144
36567 64163
41759 42410
25693 55392
4950 84989
185 38903
17141 58462
10011 17427
32109 99527
22256 59047
11331 25553
19232 44824
24166 39122
43134 94517
14743 55577
1528 52935
68995 86731
33617 96456
45727 60415
59259 87887
7846 70231
57910 63142
74719 91828
15192 24122
31158 56045
31202 38929
71955 89572
23607 91042
20248 65604
51556 76505
49483 92622
31315 39333
6152 32566
66405 99661
33763 94551
80210 91274
20736 91499
37178 71205
22798 39477
3418 3827
66703 98072
29366 93000
5482 73600
76609 79279
64587 87228
68561 96082
14851 23424
13946 80772
71833 76098
1046 68804
21158 81356
13274 14947
19135 19162
20442 77129
9281 99755
28467 68486
66791 84607
5645 92871
21440 21894
29630 64331
12692 61340
83307 86157
7219 36326
10238 39670
1022 61869
921 32868
64999 71796
56195 78161
1964 24975
5886 8696
42737 45308
22187 59455
4103 10722
7024 58481
66982 74510
7677 41649
81595 94115
140 47434
4200 16577
67948 95421
1867 93375
75115 81532
79226 97436
15620 33486
22689 47092
17576 47940
5390 15325
78500 96623
35908 71756
36186 88839
67216 89316
64413 72879
28319 81382
20840 54867
15714 46188
24168 84252
25176 99825
82149 92919
60964 82010
47654 60477
10143 89626
49206 50306
26811 44420
24743 92106
23249 63964
33360 36270
67076 75000
8205 52926
41084 45608
48035 94926
9338 51793
61755 84462
4877 68368
44622 84269
16789 89338
27877 82495
1652 36006
42383 86122
93182 95686
56301 88321
39817 77013
22640 62242
66476 68374
48012 93777
58635 91468
9237 20354
64418 85023
10522 68868
6250 95183
22715 43038
28300 58255
62183 86645
17851 23507
21777 90241
54068 61594
46061 78984
59949 69583
8638 71934
23658 74652
8593 20033
24184 53240
8242 63824
2249 7361
42834 44484
38192 81520
36327 60772
47171 50226
19365 66289
65945 71614
12381 72175
22305 92513
704 34122
21236 97597
31151 51124
16814 45859
58290 63638
56428 70744
7006 74902
39568 49052
33847 58626
28192 65619
63869 92034
13933 41126
21520 48368
20833 65663
34406 68378
51012 72682
27621 94680
61592 75819
16540 35370
7916 25465
36886 98651
28777 98143
18686 69190
3948 71392
68368 98920
19943 35351
19569 91061
47163 79415
93852 96681
50423 85259
3964 10145
1490 89470
58701 71709
30167 42337
7540 72886
63966 96356
83410 84488
1291 37189
14249 22686
30540 67063
75731 88381
724 66398
35029 72292
14461 86911
36310 87968
29261 71629
27400 43967
18358 48453
89125 99204
71442 81612
28780 42968
84127 91817
48441 85481
2024 3478
52904 60289
68548 96245
38645 81668
16209 42290
32407 44076
51993 86964
13381 37527
24470 91274
29379 86265
11616 19338
37894 81548
46073 67747
31435 73476
43019 77541
6697 75537
9882 94359
6578 84772
80010 93993
19234 54416
39629 53430
35510 97244
48840 79746
42415 76100
8995 76078
67592 99792
12231 42227
79158 98464
53316 86735
20965 42138
80790 92224
29240 48410
47465 64386
17179 40410
78824 95849
9527 17310
54017 59193
10308 56961
7313 9243
11668 53128
15525 90933
61695 86110
38431 89188
45872 47038
73580 81090
72815 86797
65592 74412
72707 91330
36679 75653
83530 88617
50353 99548
34065 88308
13406 30395
52110 70949
44751 86895
39637 99156
83124 86818
160 73125
4533 63912
42404 95791
89462 93399
12444 67664
89237 99307
69167 79052
35343 42305
2065 95933
6455 46029
46620 60404
9634 36993
19139 41030
12317 89677
84925 97678
12476 12636
50911 93723
22096 63853
15140 51647
3290 78936
37711 72779
39465 60257
30136 97251
25987 72395
37622 92424
42187 59917
56155 70336
76424 89961
56657 56844
17602 24127
28780 32415
42149 55469
17669 82580
7924 78628
37336 46896
4118 10935
40317 53832
71317 83622
19821 93747
118 4817
62033 91244
11590 36098
10957 49988
705 63445
349 1971
25005 46914
41240 51860
16837 83869
58690 76266
48626 68257
25682 57388
77120 87383
47850 62930
56452 62870
31891 98142
30970 46578
12394 64123
91511 91753
12454 99069
32729 64584
12676 47641
59368 61108
53751 61864
45095 74540
60932 63094
56226 75547
54417 87428
4159 65812
49727 84863
9683 60027
78115 86301
56552 74517
21786 66004
71130 87333
50363 84816
5823 5839
29725 32489
9722 33517
22189 53476
19984 36857
88031 89022
8068 39584
37798 44250
40550 99867
41292 59593
20342 35822
57817 73135
15810 79964
19967 53360
25706 79504
24462 67921
6265 31186
17844 91814
5376 10036
37475 77522
46264 78679
28834 61565
31900 90737
21382 49633
30557 56349
17606 92003
27099 85408
62610 89976
428 77301
86675 93454
16991 38397
26109 76960
72116 91857
1037 43939
26963 48217
1229 40771
34442 36724
1294 76765
1983 44299
71012 93654
11434 78647
19741 26276
31098 55936
10956 46453
6303 14920
87485 95788
34064 35548
13011 41202
7751 88788
77100 90494
31019 32475
21487 38813
25156 52316
36655 50300
30367 86205
44873 72328
21474 55512
64135 82578
12094 31432
51219 64514
34557 52809
33798 35414
63796 72467
23384 64988
68825 97604
23817 91986
45318 65429
9025 48133
44979 77725
79148 79808
24439 35832
23359 29885
16806 94673
11122 51780
46769 85743
15863 60438
62183 83946
22649 87956
19778 94408
37133 65339
1342 40463
45083 75120
89234 95534
54311 67382
11259 60640
62219 72215
31165 62611
40727 49839
90062 91283
33667 93433
53167 96464
17712 91118
44403 79059
23033 75811
26415 47205
50092 82063
4513 10892
62280 76074
14824 56485
50986 94593
3052 76409
1693 40472
50665 52219
40865 87142
5549 42128
7182 87441
68276 79422
19764 60055
13198 67544
12240 79132
4232 18570
69571 92839
12336 57185
40167 60429
50581 58232
19288 78345
71781 96091
25858 42425
6755 55145
4664 84600
18237 56825
58819 77751
5649 63309
27102 92621
16135 19642
58699 90437
53206 69608
14769 74115
61781 97858
1547 12815
26241 70913
9728 13450
985 6274
88881 97635
13012 52002
26176 52716
14923 99009
72476 77432
23056 83999
25504 93652
39219 82354
45922 98847
41479 49651
89537 96562
31163 56679
86919 91972
47173 83269
15314 15491
33040 37084
94876 99867
8080 11104
9453 65971
77456 97530
45884 58006
62169 66858
62865 99013
27977 83303
28132 83112
47735 68111
67713 96229
72824 96635
27460 91762
43392 85239
27145 48147
90136 99237
60872 96087
67295 83274
38910 72534
61059 96881
46038 82907
22606 51557
5830 69589
11999 62035
8543 56493
79534 87277
9988 68384
67211 73209
13544 32654
2016 43873
20592 53909
32247 99285
65131 86867
8975 91022
67037 98615
70459 91083
13868 40461
32157 67634
41331 70666
5807 98441
9923 52033
40942 59897
43173 69229
324 87021
5305 18742
70484 77361
44987 50083
47416 61662
10260 88481
5546 22276
15908 81157
1250 70122
9847 75787
24918 50879
5545 39264
27888 81968
12857 35154
341 47015
3760 20658
74859 93749
14673 95826
18456 63157
66095 84212
22515 96966
53291 61044
4102 67767
5018 26042
28833 78148
6817 88518
17111 68037
67865 99818
23303 29605
38575 94278
18387 37524
1198 56769
75276 78691
31905 34973
32475 89126
49538 63283
16440 70561
50915 89057
40627 70925
64042 77354
23727 36883
29103 54600
8617 45526
96007 98924
63861 92154
34832 43875
43665 48091
2122 18251
8576 76334
49090 57311
34570 76837
51451 55899
26233 67753
59946 65047
4286 70171
46222 61447
28745 71708
20063 95002
41086 43493
13544 51346
12162 61300
1091 38379
27459 39686
3740 91343
11652 21994
714 80496
11911 32750
19152 95684
16326 37142
46078 96004
31793 63836
41247 83292
75774 92781
25787 47658
1301 59829
1994 87211
41558 92966
46149 56583
27892 45839
58191 88073
94243 96941
17236 35373
18190 34752
9803 85753
48947 84142
53457 82832
76895 80324
64610 76740
1154 64325
41229 99482
79447 80238
16046 71370
21435 92113
63394 98470
343 16860
50268 87551
29173 44768
42326 53862
46997 90286
12391 30267
14027 56197
44607 78484
65564 77771
79200 99346
1047 34422
78728 79648
11360 49370
28530 71856
11004 41244
604 5254
71618 82316
12806 85098
7997 52550
85593 89303
4427 96514
1906 71873
50792 55947
74581 80983
27927 82863
3339 92108
9411 53285
44427 70271
21859 28503
11747 71108
25733 80013
62632 72930
34612 86073
12221 71939
41194 74561
53301 78485
10383 70142
7800 75869
35569 99641
70798 70908
11531 14685
8360 35911
72173 96349
24039 93686
17674 53927
6231 29906
41266 62809
56749 71360
43788 64172
49020 72713
53834 89545
47303 63118
9447 88313
45726 98576
56035 62498
15811 87039
22688 59750
2273 30000
31292 54819
13602 77058
11380 83047
58883 70729
22316 82089
73428 92664
14608 22410
8515 50887
35713 65040
17528 97811
47729 63041
53618 55106
42289 96830
39190 85235
12775 36445
80534 99785
2149 67711
3513 61882
73416 90492
16516 65143
77030 97484
6613 58577
52789 80755
16107 28742
17036 60042
15367 52092
45313 69988
66584 72637
36284 60165
30453 90375
18928 31816
46781 81052
56252 68440
38382 68384
70070 97604
51774 67808
6970 18023
24059 56185
51418 52135
90218 96459
60455 97702
24641 77485
42427 46413
10230 49079
11874 88923
41696 67357
47513 53102
13367 46129
40163 45144
40980 77163
79758 98284
847 8506
4002 72304
37200 41527
15209 94063
17287 69022
9760 75379
1864 63848
47245 67964
56717 68252
46040 70215
77373 96013
58117 95754
17890 40259
18682 99960
12320 41941
36312 85823
2821 10052
23171 68294
8615 25495
7138 31730
57103 90708
3453 4713
74099 87196
6479 84976
67752 74173
8905 37868
67657 83500
24532 79211
23293 58270
58096 61531
10800 75708
1065 70655
49032 73658
54259 59525
16755 43223
57605 63286
54502 87618
6739 24773
883 19089
9882 51440
51399 96394
60351 85820
41953 51107
28166 46246
49453 51719
3814 75987
43853 93588
15630 65419
6407 29137
47787 62171
497 53782
24477 59873
4075 98928
22746 69470
7652 45032
7034 72947
29839 74510
36738 78261
52222 67037
10787 24617
37562 62953
21986 63970
21169 33056
7046 78864
7694 23415
39951 82356
30123 37026
41237 61549
56991 99313
41977 97329
1296 90917
38469 82202
30773 30941
1606 15194
503 88423
17740 50055
18497 98314
23921 72604
26102 45097
8608 41447
55356 81038
55004 85972
43948 96131
17071 54270
53237 74536
21106 34796
24604 80435
3746 36983
19153 42942
14952 60337
58625 93746
55210 82857
59110 77027
38743 69122
78400 89412
46050 49968
52716 77977
10860 32973
21437 44305
293 60255
29230 92691
7551 16357
45911 86999
9808 28706
28003 29900
36999 94879
17992 87561
49558 58039
54678 66672
73349 89420
210 50317
10091 96562
39053 47898
10084 58865
16552 77670
26485 83215
2363 94851
23573 66444
82492 93950
2732 47540
18186 53995
14181 64751
19786 42996
31350 71711
51799 77297
14288 35373
13363 67164
3547 59080
9478 70502
47998 60808
80981 93923
45247 93977
32942 83308
19906 23506
19814 49142
67507 75872
77866 87354
5905 82500
58013 95807
28164 72451
33259 72794
31345 95178
16013 52945
14523 87986
25358 32677
7658 50923
62529 96085
13447 14644
19970 92547
85209 87084
9236 82039
65528 88673
5938 88884
28347 61556
3492 39213
30732 57888
19401 87294
45664 94413
50245 69984
65542 89738
26627 41772
32344 98465
8543 83850
24797 52638
5933 75367
53558 76278
83566 86511
94226 97694
10599 19816
73041 81913
44333 86219
18445 38092
25824 85684
7229 89474
71475 85625
72399 81861
25971 91195
4171 90939
85206 89058
3833 88249
43502 47143
22135 98687
45035 62472
2216 78189
8560 90569
76766 79201
44405 80575
1159 42891
6244 34880
33928 53449
5815 75717
40585 50101
29500 67474
19709 88759
63485 86838
19304 65986
20368 99257
29270 95383
65158 94337
20795 76072
20137 99659
40322 80393
55168 75780
14972 25504
6454 85001
29422 59105
18304 68193
12110 71800
64553 80705
49530 52218
64526 91447
22550 73546
13284 49139
66554 87570
48371 92991
4386 78143
59661 63623
354 70623
22398 33131
19727 83072
59177 87782
46533 97580
59126 63272
29047 54287
15411 47403
57881 99362
58381 82690
57644 90042
2847 7166
36984 61332
2037 43034
22138 51720
84301 93695
706 30659
22913 22949
10004 26074
7555 97767
98015 98245
27846 77345
36014 72975
10799 81979
39071 93256
32677 90816
4799 85260
85199 90912
42784 50568
19887 20222
1586 16806
3904 67707
64810 94510
25845 52499
3005 22121
13064 56555
23742 61653
3143 79647
37703 54250
22781 96611
39781 81768
47250 54121
19029 23280
55489 93718
26205 85159
14936 29249
91881 99442
47153 57545
44865 82416
47824 60881
9950 18002
29120 78867
59990 62573
27301 45354
34811 46474
30438 60918
61571 93699
39653 98302
8941 14319
4261 79546
79275 90278
30253 82505
8831 29799
1157 81291
16765 64064
4141 72828
77999 79442
31053 90398
50772 80934
31503 42673
12450 66794
51723 57510
27431 97421
57918 93868
41314 61500
52924 83779
2243 91267
10542 52393
15808 50129
65825 99186
41547 46258
33052 35524
6944 83035
45725 92259
48645 73858
71317 95549
20330 49179
30035 70591
87750 99306
78785 81092
22534 58803
27707 56056
27669 76622
82605 96543
20999 83926
41042 45582
277 21394
29172 33651
14424 59971
4665 77017
56230 96725
7276 86864
76118 80194
22128 81983
20026 56699
12794 69115
9313 12040
75324 75327
16951 31859
3142 20109
34963 48456
46205 79667
35887 94952
5322 79053
31156 75780
34681 34942
11513 90510
32681 94721
16288 88626
54007 95809
13812 40706
25301 50391
1939 74613
30920 32176
43438 90318
37454 44865
13327 28549
36072 74366
46939 90761
3528 46713
44777 51539
37573 70190
39505 61892
8062 58531
13951 99353
7075 86644
41329 67205
45871 80919
5073 6151
35035 38874
59164 69111
57310 97278
1408 50433
9660 13917
69540 83140
46076 49146
61802 71730
6996 11789
90823 95929
42251 70881
12853 14658
19431 29151
67240 69587
28856 42299
73803 75628
26784 90093
75241 98076
72431 97033
24333 35651
51824 51990
14649 24037
8121 13001
6441 72125
28649 95144
51360 58287
6515 66751
21181 99781
21216 43283
43837 86497
67012 77580
69463 90851
48535 65444
35756 47292
32076 42266
65247 81760
26385 51469
23947 45624
29636 74566
77888 89593
37647 50736
6030 9050
85203 94920
2583 78719
51591 97652
2755 10062
43684 98957
24716 70907
3820 27105
61120 86467
59911 71372
9285 88618
40706 88648
23060 51841
46723 94526
30462 70916
19239 25152
3833 46033
82572 87458
1379 98532
9276 34103
2165 83960
49325 80444
16572 22860
77237 99980
24384 55296
17215 59328
6195 61834
11256 52278
45290 71840
61231 65599
30022 97850
71036 85680
13623 30454
501 5562
10918 54483
76195 92242
25780 34648
10157 84165
78408 98012
6281 89178
13976 14332
75697 90521
4675 69303
69876 77811
19474 70776
13794 42056
12421 71226
32695 57174
29948 49821
57152 72202
68540 71166
24517 94905
48954 90478
67154 93958
39922 48398
33333 91254
40950 77289
49494 55682
38673 51854
46393 64137
9128 85678
72502 79772
12985 84308
3438 98497
1439 17904
6167 59907
19870 81392
6102 79788
976 20965
22496 34448
35150 48308
5940 73106
41636 80504
2101 89315
55888 82218
49703 81706
11986 26470
45761 46353
51400 87931
38301 70356
68575 93490
28752 69076
71068 75674
57004 89148
41397 46408
15568 52515
16024 57391
74908 98133
19269 89134
42733 49079
39383 46139
12013 21481
10788 45334
70552 94475
53071 55719
68930 82481
12918 42026
64456 79508
8236 71023
15003 34519
34470 90681
28473 41833
25293 92744
2481 9676
72080 98038
43944 55535
31492 80111
27366 64484
77498 84511
67878 86527
22286 42950
26571 56333
77784 92205
39418 88880
47641 62857
31901 74537
923 13414
23295 63977
12663 65367
74301 98277
2146 99657
2757 89073
7995 90433
63198 88650
5726 8263
74412 99234
57340 79191
10573 46793
19805 31329
82588 89785
3507 76168
29583 45294
24207 39658
33998 40406
22341 37871
37521 89140
34643 87612
26042 73105
3406 34966
5434 34368
68668 96432
29771 61874
8304 57866
17863 95793
39850 72310
6937 8843
77082 88949
12845 30264
52970 81124
62291 94020
3349 30519
32626 86329
34928 96167
50461 64377
68006 73541
10011 14414
3061 66410
1013 33796
6298 52687
27428 45059
29461 32735
19032 76830
44785 73395
4733 66380
5639 66236
27850 85769
71911 78769
16208 47958
28910 45364
7267 77698
19838 37479
79922 87874
39496 74869
41720 79305
4947 6004
7395 24731
28397 60200
51453 77631
18859 46034
68703 94536
12216 83836
51648 99975
11758 92603
53831 59750
62701 69808
61697 63139
7523 49984
32593 77571
54344 67442
37393 69165
62830 87248
50336 90103
67364 81844
32723 55239
13526 50773
23004 88122
53979 64392
41633 86545
9296 96928
27180 80255
61202 65010
55907 65739
55787 59446
23255 64183
24890 55679
44762 51105
4123 83677
75555 75967
42637 76599
47184 55101
21702 38678
64188 92175
33452 98879
93543 94521
22909 66100
67374 77725
8650 42921
9016 77501
78814 92779
34388 38756
5462 48258
41329 51734
55511 82116
36334 54184
32926 57908
33248 43787
11811 67519
31380 37021
12261 59950
20064 85439
4097 30204
39947 92833
84249 96218
87934 90845
28992 46560
12139 44688
47162 64065
28479 69460
56268 69994
14339 51125
12229 26046
8521 18197
73564 89293
59927 68442
39684 61431
25214 28785
47193 69248
294 26215
94317 96063
53044 87433
57833 93425
35275 48465
28425 42514
52801 66334
81137 84438
16597 66526
4860 73301
28381 45235
37344 59405
26210 96979
48786 86019
39015 52667
81419 91627
52925 89787
61029 73917
28913 91937
21537 74893
59121 99122
2709 83368
9166 46152
16808 36139
40689 48874
40745 89732
48066 62103
93771 99617
27644 93039
1432 81187
79152 86934
24425 40228
9869 92722
35736 65713
38212 48110
19497 88492
3615 93591
2917 52811
6942 80950
26166 78288
20125 43349
19765 83552
23340 40924
16145 40861
17743 60802
44629 69642
31773 95194
749 9832
66255 78901
2320 78209
10164 15698
58211 97542
9229 63756
13946 53795
69035 94236
13170 60355
40312 88407
22826 46876
75491 87520
47992 97931
7631 22956
14027 47754
6468 37555
83835 92194
29745 66974
28481 95234
19712 38069
6228 69270
9640 49848
2084 95153
16564 93553
75110 89665
20190 88172
27606 89901
48551 86495
1817 21159
8262 26126
61478 92535
39761 89767
42210 97673
32704 44552
2221 85082
15860 96683
92126 94436
15743 59159
49680 56094
79867 85261
63003 96193
13116 77361
8919 40168
9715 99394
74117 79428
40635 66713
79319 90314
18318 25154
72823 98251
92063 99360
51026 92418
56839 95403
65825 97741
28382 59797
3684 33270
5248 47752
33523 48962
3361 96488
48806 62974
78930 91953
53076 57005
45196 65034
41074 70881
9366 77152
21852 22925
49818 59010
39005 61124
85791 99888
13462 96820
4061 78412
21360 77287
34257 52165
19340 55188
14000 68083
997 34824
19934 42963
33438 42025
35731 99319
36007 65679
1587 68258
17877 65371
3734 58828
2843 31650
31784 83824
57696 62185
2872 29536
25398 97475
49681 62799
7931 37076
22303 99110
5401 95199
85488 94194
21424 77969
8105 64170
4897 21401
62484 74639
31511 53314
63795 97759
39087 40109
51342 88785
1334 44050
35047 89012
15860 67912
18155 24279
55259 60635
641 92386
24304 40064
35512 49346
28116 42612
54168 61220
44603 62383
58982 61768
12159 54571
31011 40901
51489 65243
45743 89371
78018 83233
2418 87291
32638 51462
3119 13467
25098 45834
34614 61175
8533 75092
53161 78448
2573 7007
7626 28687
6634 73544
54754 86404
21829 65639
8182 81732
82783 95339
38430 42630
24147 49828
9556 61433
82457 88508
11956 68606
8656 38400
66450 75199
19821 94629
25217 26088
80707 98249
8010 19890
48749 56525
7270 37571
46057 95868
5569 73770
53340 95158
92274 95405
67160 73372
32258 36803
12748 36146
86063 99064
8221 16269
6837 77036
34358 98816
14563 70299
57262 80367
2819 10725
25903 78974
10728 77214
62613 96086
97671 99890
14254 47475
43879 83392
19728 87903
28653 81313
50655 57959
58126 91460
6934 67861
14483 66313
2257 68653
54760 95670
47622 99559
15914 84699
29118 39872
50516 98190
54222 74965
47815 83343
2031 95345
15665 69181
2492 44537
28307 41658
43368 99842
27323 93451
10905 28704
28644 92451
33118 85920
21487 52345
69699 85820
65990 84753
55073 97175
64270 96070
17149 67083
62103 87650
54921 90154
677 31814
11786 24817
49306 72924
48943 91525
15105 42767
27592 47191
30006 88818
76757 98010
47502 98244
69335 74768
87199 95430
24177 96215
55887 94399
6141 28893
21983 23297
43939 56931
16314 79432
28564 36989
6810 49970
41890 56749
39906 56360
61187 61640
24983 98515
43652 81754
55521 61183
47005 64316
5788 14487
72492 75598
16397 22414
7132 25255
26861 74969
52785 96663
96523 97218
32751 62959
56004 95799
9816 68532
8965 79201
67796 84732
56842 80617
21458 33511
28947 86529
39454 68697
62153 66801
4611 78811
12283 72256
14553 61916
16092 29834
21481 95007
32501 85241
2901 13701
41883 84335
95625 98295
42904 78227
25335 67930
24128 43198
667 13813
28362 96770
19023 22565
22617 55131
6868 73811
37678 79634
10992 57601
89477 94652
79075 95533
63453 94626
17111 94727
44642 49673
57481 97570
66415 96836
41645 99673
15693 48681
4961 31281
4502 85485
34052 63414
32533 92684
22235 61200
63837 69643
42563 99592
9530 72059
8761 39478
10698 45525
86937 99217
286 3206
66805 99766
77279 87369
23946 90442
21096 63830
30739 71982
32808 47112
25726 78535
54869 72607
59 21580
47354 61631
75087 81191
44294 73436
26153 35539
88021 89635
65962 82684
22154 45314
4460 81002
55490 93419
15434 66135
530 14285
4409 76122
24670 91965
58881 68002
8984 15516
35638 83619
757 72803
17708 48587
2007 99793
15804 44728
14324 28722
9433 72425
25022 53186
19525 80333
41270 99990
52694 99136
80457 89439
14251 52132
4317 42124
71619 84341
56657 95046
36137 44142
41835 93714
33386 36730
17976 19891
14078 80196
39289 99453
17295 31686
43164 49245
62875 98467
9889 49651
30295 88255
39931 98148
69371 79348
87621 87830
1994 32199
36863 92952
58643 99136
34658 84758
11136 21226
12849 18396
49726 75831
14561 22506
32785 42952
4954 77149
4119 34688
48399 75425
13363 31017
1796 49024
71378 76104
53076 66284
27274 80399
10919 90109
11038 64398
17017 24785
44362 82183
75240 96650
56824 79598
38366 82644
39242 60115
23226 83830
255 24952
34868 45481
45390 72731
19315 77456
22853 82128
19445 58112
27225 96375
5836 63331
18795 49533
89233 99880
15992 43588
46779 88972
19524 66072
26372 41464
59829 74111
77843 89829
10021 42125
4284 25683
3255 88639
8712 44912
3488 71568
70504 78023
76625 83797
3459 26510
51912 98992
60555 84194
1135 72220
52161 55760
18112 29840
66272 72817
27798 90959
1823 86008
68175 99792
76503 96867
6638 31854
17935 76045
23314 68088
3248 52494
46352 95037
2473 98249
77763 81851
40248 57265
79935 90033
60418 72772
33312 39711
61438 65629
2985 59431
44131 84856
67477 96823
2686 62256
5368 26101
16348 67911
14945 85075
16085 90263
11971 85971
31096 92194
44200 70514
77764 88279
35419 56334
34152 38379
34873 75486
8795 68775
51808 81119
7217 9015
58506 93484
4912 94631
14078 60921
3397 60429
35252 47983
49029 82136
78118 92911
12787 74338
24447 27645
5068 76315
11121 12867
54773 98356
17457 22225
39030 69777
67855 92087
5996 69055
56253 58010
27464 64968
18955 47221
4517 83113
37245 99965
33560 49610
3658 22711
20195 54236
43090 92044
3519 70230
58267 97251
42764 81373
3097 11967
26556 80014
38589 84725
26784 92587
10193 77591
80298 84563
7634 71396
63319 98560
11685 58983
10055 39900
38529 72455
30602 81665
24586 51650
45318 74479
9375 90269
17282 56544
54168 68293
11934 14783
11296 81353
66367 78260
12652 88842
16691 68613
37292 70564
464 76383
17510 40397
42706 47766
32284 62500
81891 91832
30060 95129
59508 61585
28656 93774
16196 60417
54753 64784
76799 82739
20527 36694
24746 93204
67899 98165
7975 70221
19972 98245
65234 73237
36108 61666
40554 82321
69868 82698
58336 88344
62838 65289
64070 69561
13417 73291
15474 87524
42201 85152
47197 78125
60946 74298
23247 88969
9411 60733
61212 86224
72914 83639
29917 75550
9824 33556
52255 96605
70132 78983
28178 81506
7538 76255
33390 45120
57308 91898
16962 70560
39699 54695
3670 30543
83470 91513
13244 79562
21592 36555
842 26476
39682 85185
5386 17392
33312 74952
89783 99236
61469 85533
59627 63394
19582 38476
477 2093
9285 29995
77050 94109
64112 89753
24345 72599
72410 83852
21350 48646
83269 94227
54014 55625
2347 75999
60443 75248
60595 99048
5914 88075
47761 85454
21379 31707
6951 48492
73345 84303
39547 82841
85764 86211
19314 59715
14712 29169
61303 79197
50300 70767
10055 60492
77946 83038
28279 77712
21362 33792
2446 31920
33935 62180
62630 65681
7221 55087
22599 77328
48625 68037
26155 51533
41327 55589
31210 87671
33059 74647
2408 35450
23536 72535
18596 18870
66452 74143
10589 56318
35082 96762
14876 96976
44653 97778
31590 61537
31044 91911
34241 85644
51554 94323
34700 88751
4421 61634
26021 97753
20641 24581
71695 82188
43829 47642
3152 35574
43233 91811
6472 85323
2838 64579
32485 66367
24822 97015
7201 81660
35026 52338
11374 62227
4467 31531
6122 91606
62087 64814
63832 71306
81759 88818
17985 49957
10725 58487
64176 83587
38096 90052
68211 83351
44724 64143
16683 70610
58455 91940
7668 11879
44936 55342
33513 53232
29067 93177
2883 81280
8613 98751
29481 72888
17061 54358
85773 86445
3182 44670
22991 73593
71056 81820
2235 85233
70651 89429
62669 89823
38861 72667
5800 34285
87352 99895
5884 98009
26715 89471
80357 91157
70815 75823
1668 87279
62910 80928
5924 35581
34536 45935
44136 98147
74529 99634
42812 83613
27750 80753
56240 72386
73049 95191
82532 94107
50536 73867
6007 98965
45093 62985
18451 66925
9372 87328
2854 57283
11672 25973
8694 92768
45082 46001
34567 56738
38907 80510
36060 71751
14252 16605
70950 97616
58165 99700
30370 68609
59816 84446
13939 45450
17383 29075
8500 72854
21269 33464
8188 76776
43338 56133
21672 88956
81226 82375
87647 96724
16962 60942
29561 74341
25696 69246
27770 32435
3698 97331
28343 75300
31823 84969
35863 61430
4129 85021
152 84119
85708 86286
74254 74971
71267 95143
16597 34432
57107 71432
8535 77221
23749 33402
23014 78679
22584 78833
20253 77067
2884 81065
8970 13322
15785 93441
45540 51741
20453 90734
38710 85866
79648 91932
19945 84595
30507 61476
39868 88989
17793 99312
6811 21745
24639 94636
33880 99336
50532 60052
5076 25944
8835 76462
41740 49356
11852 69976
5978 30815
28196 33389
20108 69374
5484 52981
8781 98169
38520 80338
42975 48563
649 60437
62364 80934
67796 86055
70964 80962
59820 90846
753 92362
34117 70756
23649 35531
10109 93184
9530 93918
58091 97632
10840 46991
44323 76890
45783 65556
62365 95430
27967 49812
3493 71627
12778 18504
6585 78560
13534 77467
24414 52559
68622 73099
68814 85266
23199 43776
90775 93486
44093 96305
44324 53896
24160 99551
66244 87166
20689 36138
12350 15151
56922 81418
48724 84301
5008 30793
44632 59100
49624 63612
67455 69238
52764 67462
55190 73732
54652 98831
23124 41981
60063 96211
27944 74347
43215 81072
61028 86237
9225 88054
47396 60435
6137 43003
9499 53480
40574 58686
10812 70523
87942 99775
55153 86140
10519 85739
62980 83053
38770 39073
37777 56381
45575 69257
5866 30592
40879 88394
46380 96016
49113 83611
2160 62819
954 4600
29357 62142
23134 48949
6700 40872
10844 84867
41300 67533
39040 85442
5427 76713
44638 65007
28328 86705
5143 73025
12696 41380
81565 84587
41822 61698
50228 68367
24540 46444
5867 29644
12316 72700
44023 97948
39571 87827
14879 16787
23230 38683
15323 31100
16892 95553
55150 72909
89440 94193
20793 76327
13476 30763
68268 94230
39069 96338
30456 89293
27969 39375
3466 49875
44158 76585
21209 92741
24701 63968
37455 86396
20385 49698
59601 72130
41929 56060
13998 91446
65857 66412
32556 77217
44038 78573
39272 82269
1788 15532
17481 63806
57 52861
62813 74264
24163 46991
36824 40781
1397 35114
6003 62331
41172 48330
65048 87353
12990 58329
60060 81043
14504 31602
29122 58697
43593 71741
11197 53062
42821 84084
37691 42676
53769 54176
4487 42808
89946 99053
12724 31324
24506 63997
55184 65606
34156 45321
26772 65672
81162 82051
46551 84507
40549 71326
7982 12451
13461 87757
38999 75989
2661 89369
8593 60754
40831 99452
6980 29804
16346 65931
763 55723
24391 91376
42185 79376
31866 32788
25250 70740
43417 96442
51186 60810
32768 67595
65496 67393
21802 38323
65882 72503
12185 92749
11550 25573
43637 74456
25460 40125
7375 9849
20363 76992
2651 70663
42125 58082
21292 75168
21276 57662
20935 80475
15317 72690
64057 66508
37990 47128
59520 92873
38991 98655
51980 62535
8252 65157
27239 72557
25075 67458
50627 83862
4285 49645
58498 72412
55269 98138
47145 50002
4359 46264
29853 93491
21882 94959
15687 65349
9017 79273
13845 16378
5564 82923
39341 66662
10691 85373
36024 81377
7410 24463
50768 66186
4065 37177
40417 94499
9784 59097
42739 63695
20952 85380
48063 99518
7999 66794
19982 34438
2545 74101
1830 25986
30055 97785
16942 43116
21852 64028
56171 73321
41127 94113
1636 48255
36439 73907
25194 93759
61865 87497
37600 73575
34969 73762
56726 68524
48918 70690
10450 95033
43586 66895
83196 94752
63768 89771
14957 91497
8341 94509
3501 88038
6345 68957
47369 81738
17352 72768
34567 86907
6721 54639
33923 89721
8738 97721
7061 57325
13926 52239
56731 61331
15969 98750
84245 98952
46196 72344
32773 57639
13551 68643
25931 85267
51414 57551
11421 23365
8658 76527
28637 58552
30814 46127
17826 81073
15693 18493
89237 93330
25247 66958
1655 96884
55893 82890
53942 63884
6882 40199
40513 59883
1823 52111
67127 81096
24230 28319
20409 73830
20894 29935
41502 43701
70436 94847
63964 80654
86257 90415
35532 86756
77325 86279
52958 83148
1087 13695
25857 66313
42664 52586
5313 95731
11308 44713
31629 58220
1907 47608
7891 32953
27491 50616
13316 22390
34726 90052
9470 77571
30188 99496
35928 95535
3342 93473
48853 74811
56223 76244
6076 95965
12933 51440
1414 67451
68675 94989
69603 88553
15143 89898
14503 76104
57988 76102
55191 90704
40202 71632
9804 63319
51347 90829
64583 91191
54718 88927
2169 9994
45777 96391
28787 43756
65516 80775
20497 21606
31522 43393
57742 62131
18613 45696
31533 68087
81408 87191
52148 90693
15964 21069
34623 85840
20059 34146
49897 81671
23534 46679
42908 73638
10846 94531
13774 29879
20172 43554
69662 87513
10656 31895
35589 71943
18795 98157
14402 53625
29112 74390
11486 44818
32474 39089
24055 38660
43635 69456
24215 65386
25806 47530
91292 94991
67910 76335
7740 13179
9314 38684
45701 74587
74475 78617
55343 65372
10851 56274
52702 73634
63690 79302
25609 90467
23303 94712
12773 39999
16907 88785
82806 94610
29675 33348
59400 99705
1793 72577
20625 42852
57700 82884
15374 35042
16498 97575
59951 93693
41510 75971
33676 75523
36837 95006
47817 81819
16009 74377
7857 26055
43729 81072
23076 58883
21701 44727
13962 25425
31868 66088
850 68116
55187 98163
10914 86121
12217 49963
54758 62154
18943 63790
60734 86324
18098 87531
35288 73252
1769 2698
10300 82272
20315 98343
22405 76637
9640 76422
46726 74471
16920 58882
9077 92634
34779 59805
11786 97768
58568 69145
5395 95972
5235 87939
50360 99043
2832 88152
8520 97859
64637 90625
80533 96163
71303 93202
11004 81553
25110 95138
42186 54293
39049 47664
40541 73740
25714 70585
10286 85670
12269 51366
11954 61191
32366 37479
35964 69955
18773 29884
14646 91046
31096 63132
21039 92656
5437 98200
28191 87872
45462 81173
31420 83616
13691 75787
82282 82959
69440 93607
42382 56014
7201 89482
20646 74051
21308 53143
67592 68736
930 14379
5968 11070
26924 74989
47250 68640
17133 50114
82996 85449
7377 64435
7435 12961
40977 54337
28064 57257
43572 88786
22097 42704
26823 60849
1633 12033
3930 94277
6822 79122
39987 87408
44548 79022
2063 81128
57367 68898
16092 85898
31999 68685
38913 56741
10552 74856
8438 85029
11061 13669
18368 36078
52497 77594
89469 96914
54066 64670
43847 78389
46825 78578
4952 20763
25380 64337
28691 47353
55053 91692
66908 70433
84464 88001
17666 78087
67485 86560
38426 96269
460 84742
40684 80631
16385 56192
24110 90987
9825 91842
56061 72475
10110 59211
4211 16813
565 61572
723 11803
76616 83061
44590 66339
46152 91101
23394 32039
53149 69555
30652 79356
73404 91709
46452 66926
40560 74578
23731 98029
68904 91090
70315 90895
68810 94182
39205 85690
39524 93262
45447 68792
16143 38879
12329 61718
1662 46031
37218 97746
35135 63824
144 76690
21207 89492
17600 51748
95946 97677
16445 96275
51816 98943
7519 88425
22638 35653
35416 50845
12311 18511
5833 24461
54477 66559
51442 64209
37829 78643
9865 39895
46760 71016
3394 82707
38113 86439
19374 55300
3121 71099
18307 37338
1286 81311
29728 34364
37135 76989
71120 97879
68182 70400
31154 43151
1597 50262
25701 77342
73437 95716
48025 56075
17050 24300
44924 68205
34467 61784
33875 76863
1626 52385
12696 22834
56824 77571
6472 91902
22101 57861
39929 52542
30018 53975
20720 89114
21599 86938
44436 75893
36633 53624
64641 85422
17088 31248
25548 32286
22463 58371
96863 97522
16395 48610
6839 26997
56367 82066
8369 12933
62355 96903
34373 81350
22821 96165
79673 91387
49847 88866
69603 71534
38204 58600
42565 89506
39768 50102
56839 92724
7107 9988
37414 69987
28957 38151
57142 59740
48007 91587
49732 74772
68992 92605
6301 33478
9514 51020
55799 96421
25855 55722
40240 43011
5213 22826
50555 65100
38139 56488
14239 74474
78207 94370
98717 99894
41179 49525
58893 86734
17897 74142
10628 45606
32070 77222
12816 88095
3870 45814
18731 50134
24859 76017
16276 44227
50853 97804
34356 49138
28462 52799
52895 96169
38582 82370
30295 35848
4392 76506
44105 84081
10368 67866
25757 33003
23705 85602
46227 89131
28613 95688
14304 34130
27063 34672
30507 77931
12916 16066
81899 85371
44922 52936
12013 49229
9782 33572
65484 71197
23103 99864
36906 73161
17072 71346
20400 76269
58892 60453
69095 76359
17440 74652
66144 66567
28621 60275
71951 80535
8072 10214
14140 63333
59882 68964
9689 64583
30506 69997
53546 80178
4156 76019
2368 92814
31335 81206
84087 95898
45356 46820
47066 51447
63491 75968
19867 32930
7415 89631
42030 69574
23831 29184
9007 26312
15825 44644
28161 45141
40305 74487
62739 97122
4394 27162
19053 93332
40162 45383
50856 77023
70882 77090
39688 70160
52138 54726
773 63561
3124 68194
5378 31396
13869 65515
44884 80294
25802 89472
59706 70430
41827 46044
13783 54293
64387 93932
29720 53170
25449 76964
65704 97326
34213 75958
50255 82320
12289 34576
19606 33149
40083 60000
38225 58809
7743 8345
57387 71963
16607 18888
17241 23552
8754 14701
55761 66842
51072 52194
10429 23804
25341 83850
29792 39940
12054 38813
12180 21659
29853 69516
43575 56962
27777 33612
73058 77641
26974 85464
16652 54124
39470 57759
14306 69875
59284 81429
13578 79896
22218 64137
31833 53862
75968 93565
8303 24819
38846 42585
15663 25220
41204 46974
29587 33699
59202 96405
39614 51677
18377 74234
80023 94171
79657 83990
4078 50486
20690 39737
36871 80098
41320 79180
66310 83440
7250 71614
8562 74687
5244 89790
31453 78734
19023 57492
1626 43847
8358 74695
33034 61201
11006 27618
17535 91567
17229 40611
13687 49888
34936 95830
17042 68057
13280 68190
4977 94481
54198 93452
40508 91059
46732 94299
18153 48800
57847 87776
47770 75776
4017 27665
16106 22589
66546 88291
410 19362
67178 81605
24881 77628
6584 81494
1516 13149
92522 97511
9265 26445
3183 30404
49613 71427
7961 17836
16107 94119
59818 97650
11162 52451
27627 51082
46614 56885
2540 13809
59748 81166
73927 94573
25061 52841
42491 73665
54175 77639
15446 79940
3288 94764
21571 51045
31521 66810
44583 97408
59660 94477
67069 75794
14651 21815
6289 52142
49224 77172
65575 67461
55863 63515
52037 94152
49056 53307
11365 27152
26657 75214
13541 16947
37400 52426
94647 99465
25760 79830
56203 93060
14873 68484
60513 88981
46001 48728
50532 59915
17034 74573
3733 23150
20363 86694
54830 72919
6616 12017
14785 90285
27865 98677
77534 80316
42139 94167
4052 87573
34306 37159
5987 84180
10397 59675
49936 72310
47261 47725
20354 26751
60868 72231
51275 69159
52868 89844
30576 96121
2975 69519
23435 43216
46638 78147
63895 64990
45787 83970
4219 58089
1717 70076
38657 48782
73020 80192
47090 61087
56192 74008
13161 68704
25090 84924
5760 36081
6271 82986
38064 80595
74056 84927
8487 29066
14725 38572
63248 64767
33906 94550
10034 60680
12507 68192
1178 87549
26344 46042
34649 98879
40916 70503
29964 75926
35231 89072
14292 19125
13924 83834
1557 33269
17597 95945
40027 40411
3935 51589
50098 90258
28244 46647
4674 44497
916 41744
16911 22491
20103 58790
30891 76530
57194 71063
6807 69448
10992 31677
14782 88862
38569 98692
31980 99468
33997 51699
48621 94234
22040 89172
89821 96965
3919 41586
26345 85700
51738 65846
18219 91885
11869 97946
661 4100
61053 75555
78216 88500
42773 65654
2404 85719
34056 57818
41168 89395
31220 90090
8595 66967
46598 63254
37950 38871
16690 92985
69129 81887
68513 80549
94714 94816
19223 69643
82939 85081
33601 64854
36052 75378
45491 69109
36611 74541
52372 52406
35036 65051
14441 15089
16942 49852
75255 99244
11018 54216
12026 88041
17255 18357
8678 18460
31974 92508
45725 50009
3912 58371
786 41610
1477 11474
34858 98507
77924 94949
63393 85468
20342 20505
10908 47497
31657 77283
39505 59166
42563 75095
38108 58460
1 97819
17692 44748
41308 98414
66638 75808
23884 51109
4032 89831
844 95374
5844 55504
24349 64909
12346 68338
28039 73350
76843 98011
67501 73889
26146 60804
56696 85013
11662 56852
6519 92497
6504 31136
12719 95031
74642 94599
10887 66218
83626 91005
12802 63997
53632 70213
5173 36158
53298 64247
16919 94680
10833 41697
44271 71077
43441 69047
22355 45806
3263 37069
55072 65514
48781 99281
789 73575
32127 40633
33012 96724
54241 82758
1848 75731
59499 84450
7059 68492
74505 83825
40727 69570
17847 36627
38538 96615
9067 44292
27816 67383
43969 51223
82435 91040
582 90761
17278 31795
33767 85243
29406 89651
22331 70773
22453 56258
18961 65533
18675 28899
25381 79639
62379 75491
81906 91058
19078 51143
732 77451
25146 93562
1704 60014
39038 99242
28293 78115
61533 69364
15756 41555
66489 86162
3627 44768
76489 96244
64614 79950
22213 87269
25397 40800
77757 88108
37042 59676
47735 55460
52917 96945
47326 96841
46589 48627
77446 83535
68628 80890
6719 14920
43969 91302
35784 61329
56855 64245
1690 47854
6908 75262
13852 28991
6413 64143
56018 86976
69968 96297
2005 43238
45838 57078
45048 56788
5476 38385
16172 34926
6562 21112
31593 98303
72437 93012
5455 54670
64526 68794
45997 72272
1021 17163
6074 67169
5128 47221
33349 76472
73219 92422
26949 54083
18021 89034
32837 37585
15201 51134
57961 93085
54075 64928
28911 51043
21833 24601
2199 78195
11248 82210
7711 47067
22761 89499
33026 87650
64431 79671
71179 99579
16486 31308
8443 82693
16132 79788
14259 72238
21751 83844
9723 76958
28399 35714
23877 36419
5360 76844
11474 35441
57 43612
12338 70178
59387 65130
50748 57971
18845 48667
66620 79882
31306 97303
32202 75664
6967 40852
25653 35793
22653 74853
9054 19829
54342 63049
45583 70327
10589 28183
50605 61517
13505 67609
34132 88212
68998 84326
10723 64464
2576 44561
40715 96393
29693 87156
55815 91477
50580 52955
72542 75893
7003 62581
3668 12788
40879 72481
36638 82192
37013 87508
33393 57338
9630 77522
39158 89916
80521 94013
37562 52486
949 47069
55524 75242
33310 41125
59734 88600
433 92054
20062 83468
47929 79345
5132 61267
43050 80652
14486 78836
16458 26283
23101 34217
50444 54174
23996 39005
85638 94528
46496 76115
61581 74318
26078 46757
53255 84274
70563 71336
18159 69179
72011 92528
15429 37298
27813 99702
81713 85237
81479 85528
24709 25889
66587 85464
2280 3931
35235 51109
21579 90629
7906 66209
23708 44343
36725 72041
34071 94448
81967 95229
13697 60373
10603 95438
8702 40889
58885 60361
28660 38079
41670 50359
33345 47640
31475 46513
18582 41284
47254 73071
81402 93963
79606 80275
61167 92180
56181 91212
9210 75548
2301 28708
4060 33908
74080 80979
45255 65891
53683 78575
22925 82481
33342 74511
56945 71870
59789 97290
35981 85924
77177 82891
37757 39069
14477 39065
19420 47476
5090 15541
60217 83076
18677 41587
50427 89735
31488 71080
46089 47871
82375 87201
23488 90639
16166 77181
23594 51962
28538 35701
43135 82741
3967 16569
9407 60720
38820 84540
15545 78377
89185 93475
36528 92303
23959 37384
9195 56746
4479 96221
13638 82602
46240 84595
1019 6494
66406 72500
72974 97273
38248 82488
47962 72635
16464 59029
48654 95125
20266 39483
56380 61591
39927 95322
44432 93761
63764 89987
3741 68997
1162 65758
16456 22330
33145 59904
8572 60299
33402 72226
22314 83301
30656 90839
22570 26232
28897 94980
20840 81098
30972 36081
35771 39104
13877 89403
3473 41060
11432 14311
92320 94669
19793 56255
1887 72856
38967 41624
6777 55123
82488 82617
3959 84867
3364 37930
9795 49168
45167 70282
46737 62581
12837 88221
39856 64414
74916 93735
79905 97926
12450 88317
12174 48224
54983 59404
22191 65818
41713 51878
8026 52784
48308 98857
34999 81867
70425 71376
28459 45770
34201 59223
16171 94935
6390 14381
24934 42713
3200 31774
60796 68126
35296 84209
76152 99531
76003 80775
37303 71319
67298 89570
11252 35598
62882 86979
81433 82808
7888 27542
33229 47244
80282 87010
59106 71000
36376 56163
18376 86194
48965 82996
24193 36081
75489 99099
22326 99472
41476 99894
8449 42204
17732 26496
11580 67866
27768 90311
28195 32588
31297 76241
36991 73874
28191 57152
78339 85732
27834 68778
19867 91107
83286 96515
53772 71627
21908 54292
26906 29065
11158 76406
50735 63801
51592 66123
45462 64226
24980 28914
59815 89171
28168 69259
37332 62300
55046 98747
54327 98417
74102 77977
57591 66186
789 25392
303 34550
17408 88797
52309 77752
11834 69588
9599 78056
25480 61682
32044 65374
2306 11349
17426 45311
77808 89929
5717 64698
19703 55166
25512 81791
53285 74045
44323 86647
25970 70335
3519 33176
22857 41905
58453 96395
17722 99583
28058 93220
74689 75219
136 62096
34371 88922
30103 72159
16984 51501
20619 73423
40020 83057
44934 80289
8142 22544
38307 79306
82424 94472
65508 72020
41774 97333
89346 98737
24258 53120
26753 61788
43418 65740
24633 88753
7246 97224
60389 66644
11398 16282
65086 74509
28751 38202
1326 49092
7704 12118
64506 69798
84319 85150
14843 40029
20271 45240
42075 77578
12915 70118
6127 66354
49100 53691
81135 93103
64288 80434
58365 76114
28001 96011
9730 18019
44368 97838
19113 41049
26143 77659
12144 91204
20173 45819
32924 68440
42189 50768
31972 93490
14545 70033
11042 31738
10233 91274
43245 90237
88317 89613
2915 46019
59668 94048
12321 77456
57654 62775
47537 77008
54875 72168
44966 86486
2395 11806
68444 98141
38008 65173
19231 67706
16506 64455
89697 99309
44588 73152
51072 82522
62072 81497
13609 82149
22744 29257
8669 90221
37459 63740
4291 34700
36646 91095
30402 80236
20992 49393
53727 96556
73576 88135
12809 98537
41910 42437
21941 28375
14090 53575
48850 83469
15491 48205
45022 79666
19579 83254
68130 81808
5667 98325
18745 86314
78184 78278
7230 92895
28234 42685
15653 19981
6559 96806
559 96231
72500 91941
74706 77558
33180 88776
59189 95694
24343 65596
53885 96122
29647 66087
46985 52822
27666 91930
21896 53787
90939 96956
1838 67384
34739 37268
38371 91883
34125 38103
71478 92117
73499 95427
3142 65996
22379 37452
41006 48318
1760 93582
18910 44116
23533 26449
15333 21704
6042 7996
3380 23493
50782 82992
9908 32004
52702 75426
5920 90168
44631 75864
13335 17502
5286 95822
69913 81797
7217 83367
24029 33808
56809 58955
38058 98736
31766 94188
40478 78114
66815 95351
52597 68924
32573 99419
27742 75605
125 82134
9772 78471
11048 65220
58558 69831
11598 43271
93199 95643
15637 47039
73093 94644
67849 68497
69307 87611
20638 45144
50508 77259
11915 46782
584 9803
18067 76566
3277 69564
21951 43341
32765 96353
48338 69975
82354 94189
3984 37173
57609 92871
27781 64706
91481 92548
38436 71093
31465 60583
33558 95460
9411 90728
33174 46187
34078 88583
2526 36181
31542 84619
22597 44983
19542 42965
55675 80199
33832 94031
90610 98474
50064 66621
8138 76741
52645 94635
30874 39680
22021 77173
11649 70434
52759 56870
71730 84629
44115 67667
26621 66689
64514 85000
19878 60501
10726 93560
7142 27092
23807 85786
13999 45177
57270 82223
12962 67180
56981 75549
40092 82788
35960 40711
15327 17419
15644 40720
25150 65063
8299 30113
14168 55737
208 15548
15160 97448
14930 51365
15461 91655
616 76775
24177 82850
39860 63476
19679 83005
17656 86086
56395 72822
4239 40725
40307 50169
15211 25863
30221 62171
69414 81819
47060 84170
23385 95461
59186 86876
32543 56747
35049 89726
11711 13188
96705 99915
52045 75448
11064 31983
13234 76056
69995 87467
10112 15607
1909 17757
68767 69036
20766 79138
19450 83507
62612 82706
81044 86654
29271 85147
26149 70978
6421 36538
17771 59721
4038 95290
86277 93969
85035 91801
17257 72597
70295 84039
15978 94700
66648 99402
3159 5325
29909 81795
89834 94158
22485 22499
3415 91996
79917 93388
25860 69863
63971 90189
38449 68095
61751 87386
33434 68064
66743 73515
36711 79955
39200 40621
87127 91610
35616 57456
18838 53419
66899 69281
8345 38071
3371 14258
18184 74661
22287 61793
1815 41721
44961 94035
36685 82278
1757 64244
16189 44556
3132 32769
21841 83324
16580 64251
23499 43470
67279 95489
57629 71635
50696 87572
7071 87305
50256 61905
23080 95575
2201 74261
36394 40712
65117 88108
50227 66622
22967 89247
49009 53172
17236 53314
66386 76197
25222 31592
43477 43958
48992 77225
88111 88677
48414 62094
9580 66513
61444 69694
30012 70774
41674 54125
56939 91578
33720 67610
26539 91858
88177 89234
13227 58991
57823 78395
15704 81100
75820 87002
71791 79926
5183 29649
23128 78229
7061 68871
15010 44349
28534 70442
17906 73688
57777 58621
52969 59909
8214 33462
56254 93931
22568 59214
17384 43348
20602 38213
91076 91839
21635 24329
40958 87546
6023 11248
57669 66277
8251 57872
28953 38055
26418 70594
35778 53802
4252 65850
66680 68093
62048 97301
16282 68293
28390 75101
17234 93183
7864 18638
25133 27882
39873 66832
34879 89594
21027 32765
28340 37365
19145 34893
37112 73264
32333 70968
9509 9756
21876 23666
4682 50041
34782 56519
22498 82724
15241 34350
8223 92775
51843 65955
5958 40051
75318 76391
37887 67321
32873 57567
13723 55742
6710 63837
59009 94256
63051 78785
1743 66348
70126 86046
18260 33352
38489 42631
2228 88677
62135 75768
66130 89526
44875 87778
6826 34621
45388 50132
17944 64050
14610 39306
3640 47255
54760 71064
43806 89853
23438 44412
3498 15791
24664 66210
8400 47742
30232 98770
55599 97363
20569 53866
26138 92648
45031 63903
14859 63960
35121 46657
27327 40125
1911 61988
38714 55886
22165 77028
17919 52423
505 77391
71842 98690
28701 98953
44056 79327
2005 56659
24815 73975
40304 50952
27708 54862
47279 78732
2247 75500
23536 25965
20670 32889
47730 69695
5130 57141
75224 84548
11471 40832
88497 89208
76711 85692
49843 84792
50816 75997
83344 94640
73907 80698
2523 84474
3033 5697
12143 50940
7631 27969
37869 76785
22328 22601
19588 70343
8218 78447
3762 25154
3396 4663
30192 54451
67058 96419
20289 39790
39828 66951
59320 81462
65835 77153
27349 55162
52945 87731
39180 93554
87082 90904
73729 81227
15202 50306
49193 75417
18587 23323
39828 69051
72954 83370
1711 98100
46618 48591
28731 41961
62445 77643
5337 23606
3406 95694
10425 83244
39869 55085
42751 69566
89357 90300
18932 48444
14762 98799
20093 73666
97562 99862
67773 90468
41617 81640
38691 65377
31455 89800
37850 40631
23547 64016
40805 75465
8335 70611
17918 73855
5441 81580
64777 68009
19875 69179
78384 89868
3132 51555
62909 74996
2510 70453
5256 66787
7631 63877
67216 80604
49054 75459
18569 88119
1927 58658
26783 67503
64756 71490
58228 62637
63601 88716
28636 32894
16309 20114
57204 60278
2354 13938
61441 98137
83617 84561
15053 94355
50113 86747
14572 88555
62093 96207
5733 7870
6526 41347
13757 41058
63526 92686
20386 66110
8115 65529
15070 18364
1257 45989
16537 57419
70142 79745
31540 67263
4662 53629
36075 58322
24320 33873
33108 67383
18356 78052
9392 34211
17046 63369
35192 91757
399 18338
2602 20823
25684 56074
46160 64882
58931 70536
3036 40557
36874 40934
45740 98027
21018 84587
14327 47963
22811 25664
40237 59145
3171 73030
21485 33485
40878 59738
64435 89176
23626 29229
63129 99750
37827 88723
25177 52210
39225 64324
65807 94173
27721 48061
64410 97800
45827 92776
20517 47542
6839 56537
78617 93894
9779 75621
23508 28447
16659 25964
25684 38717
50474 70096
13720 78323
31390 37835
21030 52066
63950 91188
17147 66741
27418 52418
59280 74796
30236 69792
20115 98250
21043 86546
40298 69120
11905 79623
41567 46843
25497 67610
79555 85721
37133 89911
47131 48225
35229 35949
10728 70528
44927 55444
21043 40716
54070 74732
27744 82863
29331 99172
78084 93785
2681 3688
15234 24930
5222 82469
57321 68199
66043 96776
3108 96021
11715 85402
28353 79878
14795 46423
33274 53392
49751 99604
63021 83250
37190 97529
2706 9211
47514 90928
47297 58369
57109 60031
19664 66408
73338 80981
11415 29930
64476 72404
13742 43046
83023 83604
53966 69503
9911 48527
28550 90107
19077 61730
22295 29274
71168 83844
47845 55168
25051 76982
62094 72086
5001 76619
2147 68840
17504 94634
58608 73921
63785 99901
49105 75472
53908 84552
18547 57389
3278 63482
41554 42455
56110 79861
42818 95389
626 91710
59387 67327
96393 97668
47883 96419
10531 61186
18002 21499
17778 72190
4080 47963
87010 95587
4848 88822
15419 83830
28130 33213
13401 20647
17638 32655
88550 94636
340 37014
12419 44020
52296 61559
39827 87792
7413 82042
57430 93886
15232 98770
37104 54322
58848 62471
95134 98781
22617 95615
42007 97187
1826 51538
56024 73036
12794 78267
4465 17249
10417 66417
7646 84079
43271 57077
10762 32552
42514 86318
33062 55411
2873 34538
4077 7617
24712 67876
50485 89030
37928 95998
36319 79516
11306 78508
1483 45896
46524 64866
45781 55089
32200 93687
95639 96631
362 34771
2408 71250
79202 90292
11520 42520
20175 62538
14403 48011
17564 53587
61753 90514
42020 75645
57681 87714
25135 72064
28890 83952
39760 49870
19166 79322
13461 71313
27428 39173
6075 24187
55396 88677
79686 98360
7108 19377
50602 65150
33325 39977
57651 98966
56294 87109
59598 62874
2208 62525
25229 32657
90906 97681
59506 74448
28805 57304
60750 68981
11498 37239
68316 85750
41951 95240
63935 97238
37324 76998
51755 78383
21103 99439
16333 92249
56927 76592
16959 20010
47399 92502
3945 41123
81073 95063
83733 96998
12457 39598
39204 60775
49178 67355
45408 82605
62599 97172
5715 52240
19498 89845
28651 41377
18934 36710
29064 61808
11867 96213
27171 89357
2217 4752
963 67080
10951 96455
55513 84039
58511 86040
65778 75750
18748 35171
11031 22646
12096 86039
14596 15364
25095 74050
23160 31340
33275 56392
1317 60661
25882 82565
26727 94399
1143 72105
45426 69746
54231 63547
35943 71221
9498 97793
34768 92172
44124 86496
18514 93199
49542 91538
12335 38169
12889 99371
32991 99961
7126 15183
12525 81488
11066 96550
22082 42946
54852 65588
46213 67936
23322 42455
62388 67651
39059 92285
41504 62644
8111 28481
23372 56135
30451 81378
5401 65474
17324 68485
94072 99815
41636 47091
42234 52494
34509 84124
3057 8498
51422 94488
58887 93195
8825 36180
20611 67361
95939 98957
9608 67861
46691 91408
16293 70653
40959 62414
9675 24948
73773 96285
54567 64385
55191 57554
37213 62092
32079 76368
30601 78502
31684 73732
34856 89600
58985 89294
45893 85048
11026 38905
49296 72029
35159 58689
47560 73407
9264 21077
17231 19780
51313 92605
48435 86676
50873 80643
29101 33894
21282 23717
59992 73524
23823 48086
76620 99030
84657 85078
56701 91504
66166 85918
5568 31183
2087 80041
2221 94841
27025 84768
25407 97736
59289 78860
27543 82065
17855 22071
34681 85866
23594 84109
13247 84146
5190 77045
33746 72169
44027 97040
26949 99157
12043 16906
37435 83468
34595 54030
23075 92048
27279 88923
18263 28444
58445 80313
42890 98454
22994 47589
3554 38289
17973 61949
44312 77082
44787 45200
54005 79230
665 2122
41524 67446
28009 29679
49527 78940
90527 96941
12131 73495
45598 89836
7554 56257
67322 96645
10014 34094
1859 17359
29253 38080
50870 69380
83888 84431
1540 12585
12257 71171
60798 69537
59103 69084
43657 46593
2558 41170
43595 66770
72298 98066
10319 25765
33864 67501
9988 53031
31938 59969
48378 87086
59672 91450
13619 78530
29920 42310
30754 47539
20270 48848
35211 86079
53640 97836
85480 95294
37878 87326
32556 36691
12653 33468
41142 92064
34863 54307
43434 69444
31101 86195
11954 60617
470 78373
74950 89564
7746 83071
87747 98735
31834 66377
61423 90773
3692 92461
1579 9259
7563 98780
14606 77946
48583 49233
66695 88165
26743 68382
13941 79485
13309 27785
42308 91837
23558 63937
36029 88355
46279 81689
36638 77802
63977 70788
24345 49987
22153 34696
75775 82479
17684 20438
3570 36841
50270 61203
71020 89995
90975 94502
48960 57815
18712 70841
6337 69494
25911 89961
10273 40036
9038 84402
44887 81999
19835 51374
66450 91768
78567 99725
34445 81895
68345 71093
42062 65409
15473 74558
33025 78367
65048 85363
41611 54955
11633 82810
52499 80114
4188 10153
42149 53651
48057 97462
66523 88296
29366 75343
24608 72056
1030 64406
8684 41171
15010 74844
5417 81856
93696 96459
33051 83699
4038 16949
46944 82358
39263 64479
55966 89213
11016 26809
5427 90942
11527 26690
36952 82779
37448 97899
38078 69795
22717 87237
16795 32811
23311 69587
12154 35945
35018 69078
2212 53077
26338 87232
41517 83376
32822 84331
24402 43310
58639 67923
24588 36550
17638 62536
2006 51602
199 51878
67728 68490
45314 85213
8707 73946
1040 69149
31768 54212
34404 68961
1518 32523
54835 62218
27048 61428
31864 51061
43538 97014
22982 34854
83816 91016
84305 84763
96374 97614
35631 46265
23297 46325
26340 98773
52855 84357
17829 84935
32170 65500
81285 85194
1722 13731
8379 43970
61340 94180
9934 15539
35658 57437
65318 75478
86524 88557
286 28193
9095 73764
48409 89922
14046 67984
79204 95951
35113 66620
24859 55531
10383 90206
80362 98017
34130 74808
73032 81294
38198 62543
2972 10209
5912 83503
69734 85769
29320 30814
20223 96702
3073 7027
4939 67130
37439 77435
341 94919
52563 66646
31266 64563
34432 58668
26342 35788
17473 27695
24573 76953
9115 63654
910 43111
37256 99391
48396 79057
52269 62912
29059 62646
4835 41803
38352 74114
38354 97669
35323 93151
19868 41610
7299 39232
19339 53171
8287 31877
68194 77499
30200 95121
54411 61910
47529 70679
13920 33327
14403 49633
30279 72434
34510 47542
6025 95663
30076 77187
22903 50874
1804 20859
358 44982
26572 63215
74847 76653
78938 91328
39633 85141
5336 53367
79624 91449
45456 54606
16148 17925
36003 94640
70653 72438
33895 35590
55058 81012
18184 46823
49064 60088
48894 50661
5018 12426
23127 27490
13081 44044
2232 39248
66069 93385
10443 37624
55558 91420
23437 53864
68123 70338
39560 54715
29513 98073
71283 93823
12129 74926
75045 85630
51422 54093
32368 61079
12138 93474
9367 34712
64301 66961
23555 32752
15382 41779
76539 78605
57509 76566
51371 70742
6979 98280
42863 99185
58142 58296
11416 45353
25649 47509
46267 61622
2975 95458
22696 36993
390 77496
21788 62961
49541 86118
55369 90840
4735 7829
56423 97441
315 43374
9588 67339
28006 71247
78170 91625
41484 85736
16060 40654
17483 21797
3887 90505
2148 55549
2059 80924
3591 81196
10174 91048
49281 55094
12850 25689
39107 66045
2104 73242
22507 82433
28443 70040
59577 98197
63601 80299
48854 57166
54943 88021
2760 76962
18377 66887
13702 88943
23013 34569
54480 54651
8166 72632
26673 35117
16839 38855
71081 73492
33354 38220
31229 35584
62724 79208
3940 81281
16152 47214
21860 60834
25699 47070
60502 92464
16989 71681
21188 54003
401 98156
35302 81404
1397 2377
45058 82896
29648 38517
60224 84899
7975 34854
62739 65667
29674 42309
7706 23210
23642 67876
81607 85611
41144 67768
8369 21013
2883 87538
5128 33287
58247 61352
15091 56718
44146 89591
18587 97723
27843 67287
25563 71124
18920 48191
7708 89037
40349 80369
11473 40545
4335 32467
1359 5020
9878 55565
1124 18548
30371 53354
56871 65283
7123 87419
52163 72735
994 63570
20556 89987
34110 43444
23532 85382
70015 84739
3798 5621
33299 92298
91961 98976
46246 82828
41176 79442
43093 81153
34721 94160
15247 99757
6692 73532
86883 87970
36891 85380
1951 99293
10126 46479
40815 75889
13248 34597
94304 94915
41925 88810
28995 53261
11029 11567
39535 74373
37605 58594
55252 88935
13223 45891
67135 70062
68021 74156
37754 94720
77545 87154
28233 69604
21333 22663
13878 37973
14625 78942
27302 34015
68303 90280
24491 93869
58291 60639
54645 67982
17061 61549
38956 39635
21686 57295
14973 69066
50436 91548
39481 88250
78811 82597
7803 88341
11550 27275
51618 95133
54855 75926
30412 81767
1291 9814
37303 46736
40407 48931
46555 75276
59481 69655
21723 34478
41103 53587
878 29501
6807 30420
63248 90428
72921 84723
2623 85121
65776 95497
9599 19640
5075 75591
2641 32838
42108 78034
67355 82089
43805 98409
32345 88432
64508 83051
26712 81921
56749 70129
12583 35122
85289 97729
19532 55279
22618 72243
58121 72639
50250 94941
22244 96861
33896 43316
53041 84647
81513 89760
24296 79317
22635 23467
25579 42577
57367 79875
34756 35905
38436 79424
20408 65148
29383 93004
55662 56226
8784 82516
3015 86686
10449 63249
31749 38687
5245 92552
35399 40306
62599 84991
4851 31242
60031 73403
35032 60200
52418 72366
1436 45789
21006 53222
32442 83185
1651 74782
43245 51934
44081 65856
80504 84789
13450 84137
78753 84991
25747 26934
29659 91934
31002 76588
4786 61374
44240 88533
35979 83878
17898 34937
16844 35375
18257 69918
18592 66217
39196 48560
35268 50267
44215 93887
12353 46953
36501 85027
62091 94396
43557 50887
319 67798
5630 64607
25977 84841
13837 83950
22650 48939
9175 87194
69925 89215
24034 73087
13375 15365
22101 24719
47202 97598
36276 54351
59082 83627
47114 90530
6082 11421
26049 37056
67418 81886
34823 36586
27934 59303
62773 90153
84172 89221
13424 46545
30369 91880
28254 65707
2906 71714
57530 59943
79436 90967
32945 97461
55929 87881
72833 78006
51667 57876
75372 86388
14275 38729
49214 88394
1978 5570
24872 50040
1115 70675
2723 6151
3736 74186
264 80166
17189 71469
18105 88865
67740 72897
6777 49914
57368 67799
85490 95634
44374 53944
42789 64787
79767 95725
6228 94868
19461 36621
19917 62605
43840 50902
14039 14229
6420 79494
26544 41770
25206 73039
25813 64939
59949 80424
5118 44064
50719 86921
13764 46243
19391 62652
1120 13789
28717 61064
46900 55749
25248 58084
47195 79881
63122 99361
30378 69775
18646 53174
4784 21821
60586 64010
81565 84300
31613 66289
4846 10287
58497 80766
10589 83202
8915 10934
36898 64056
66583 68400
68430 76985
4426 97678
64799 99376
41593 47646
84483 96887
67848 94126
38910 98689
30022 68977
40234 47421
965 3684
48642 99438
14839 28794
48320 49144
22296 80579
18030 54855
59723 74260
5280 41059
4122 72730
50963 74253
38516 92599
22648 59948
64919 83119
8619 77981
23053 48548
27190 48656
33313 60464
9154 89492
8819 82569
58191 83939
69152 94963
28448 51122
33570 56410
85810 86715
1153 51423
32379 89171
38012 65356
86589 90047
87243 93161
73044 87257
50998 70678
83154 91450
7044 24237
16729 29870
40854 42679
25378 40744
85686 86111
38763 44974
11018 35866
26438 34974
31738 80663
19281 36373
53687 58192
70678 75570
9169 45268
38219 85969
15803 17738
4323 11270
45002 98909
52743 97740
11134 57898
5743 20290
28690 93901
55520 66569
21785 43203
53761 76920
35416 57157
11320 92487
48289 95371
82444 99015
527 31899
63955 93674
7656 35702
25222 83420
7138 56855
32300 37286
41943 87063
9809 24936
2722 25283
761 3505
27089 28776
43829 73128
31345 95930
74899 91710
1072 52554
51886 73957
5462 83198
1829 54908
4213 37890
14451 96980
4004 91457
19594 52682
56169 73206
23280 25716
9724 28034
17305 39052
80550 95527
33837 74447
24088 37716
22499 30700
71945 95231
49106 96185
82141 96831
45186 80470
70272 82667
15955 26719
12274 96435
32983 77709
1747 55676
75238 95350
47873 95058
56131 88416
50606 63634
54535 72139
38140 81549
54337 89803
6007 71660
26850 66623
34760 53358
11725 75025
841 84806
17246 78370
1907 76002
9304 64197
20424 65577
1377 91607
41662 60893
56652 83467
53051 61306
42144 62344
2555 65052
52221 78652
24216 27358
38617 65095
75825 98172
24132 77680
35549 69928
37873 51876
46653 84357
20789 42080
67552 72600
62694 97570
7517 29962
24706 74089
7833 9756
2885 18687
49736 85014
5136 6880
61577 82382
5749 30943
24699 87031
10004 71475
2894 5776
4432 62094
28689 80792
23472 27248
10683 46266
94541 95905
53123 89513
31188 82060
55967 90212
6297 47548
10262 79284
37044 70331
2303 7754
37171 83772
45042 54079
7500 10491
39766 57368
82813 85024
50800 92671
29160 73642
52328 70521
21855 98820
35547 82820
18056 88077
4042 74866
51698 52498
65264 66215
80796 87255
10302 63368
57517 75169
47527 64464
31504 87256
31011 98394
16938 70861
21490 82788
35806 63820
16111 94906
18190 66679
5828 91680
17033 35591
34286 98809
12349 82791
42941 45424
9913 72102
5308 54579
41926 96657
34688 90283
80593 84966
58558 61975
21840 30846
37192 44611
79400 88806
36404 72006
5974 48855
36034 56202
64517 83909
20491 73400
61187 83572
20319 88427
86235 93005
14233 51458
11955 35014
11691 91665
25172 99610
38859 80189
9709 12508
44031 94742
3034 37930
13967 73085
52553 68406
67906 96434
58069 88643
16688 38177
17834 25432
70692 75165
7537 25775
83991 86627
65059 79608
68519 71270
22557 86765
61136 75948
17119 56072
2979 96597
8381 96785
10195 54207
49119 58894
31750 73170
87780 90335
11492 82248
11716 93172
62765 73667
28007 72631
72356 94555
17236 77240
47121 67538
71107 99306
28480 48627
30880 68408
4777 45271
66960 97105
17745 61392
5046 45463
7726 57853
8374 65498
47938 76541
58367 58968
22468 59112
43908 51347
66044 89803
9140 85059
8804 97235
44891 73377
63247 73051
22871 81239
57826 66315
6882 80749
15098 77638
17939 90569
50828 83523
6639 95921
22062 53876
55256 68936
8185 23523
12024 33761
19964 80561
1342 88584
23711 56069
3075 57509
45424 97986
24043 90302
19735 53391
14685 71967
26199 33023
23549 73290
61992 92866
49626 54312
94293 98086
60561 91816
40037 73312
6842 24382
31542 69574
4050 76841
43286 88016
32428 35879
32034 75672
31335 53385
1288 22027
52502 77564
10462 51601
24306 84627
2157 88476
72117 78646
5507 58159
23972 37691
11325 39869
24875 79319
25235 53723
25830 82841
41822 77075
47678 77485
8825 32291
86587 93939
3098 57065
29750 40465
27239 77206
1167 44489
40183 53282
45863 52217
23132 85289
13438 55233
4634 65253
14350 76198
67739 80232
30744 64822
47313 55149
57806 85266
15050 25469
17515 55833
725 70480
76631 85696
48867 83445
51352 73992
39204 94860
36427 43255
39272 45522
53816 62634
59189 80801
4688 95689
85471 96786
34445 88372
11517 41895
92308 95753
41253 62293
60003 70611
27520 82652
7678 98903
57381 60896
25600 29657
50924 56049
55864 70318
7513 40756
53826 73844
62494 75496
16994 30106
58023 93559
33555 71447
20330 88409
10153 20852
766 46927
43631 74808
17846 43675
59341 60252
31202 88670
35716 92927
390 99322
29002 91620
58846 83888
20835 25782
15006 62145
27471 95950
59042 86377
31938 73428
24293 87125
49558 72141
65652 83503
25980 44178
33938 72870
19198 35358
70476 76276
19195 42874
40732 72061
57346 88915
10119 52789
9041 19499
31028 65111
38223 88508
46704 93077
13913 60338
20571 48832
74762 79723
19179 58948
18504 53472
71931 73490
34069 72457
38438 64103
14641 99350
54409 70594
8936 51888
20155 62980
4310 7900
1633 50735
13729 32560
9210 97340
3904 74995
27665 67888
55314 79522
1119 56958
26949 44876
29981 39018
61709 75857
26186 32378
34167 87186
14711 93531
19445 78497
63351 72866
27869 82446
50468 72459
30118 99405
7649 18348
42809 78548
8025 12384
17915 98804
78986 96301
24537 65247
65583 85779
21583 35434
45067 82214
52179 87353
47070 99358
20731 36469
12393 55703
19995 60074
56607 70144
59314 85167
55873 68854
59255 75023
34814 92118
21168 93650
10100 27025
1358 90147
30058 61698
23358 82944
28527 63582
17460 89153
12926 44997
1578 57252
16846 50824
38374 65372
29202 43308
2922 81385
65973 82400
9532 75931
62960 95405
26005 77010
22629 32392
45062 54843
17851 22124
15068 56512
9397 86929
41340 80283
16689 49126
32735 52583
17168 49007
35277 69012
37600 69208
41472 54170
24974 49994
73019 77685
29128 58000
65516 74005
9732 10634
37601 44805
11709 48450
11386 85995
16825 85585
32752 91474
33546 54515
136 51789
26873 52028
65719 66332
39130 41317
22786 73503
4721 50983
17075 34503
58632 88822
75023 89761
21116 35938
41888 54404
482 59362
3012 16150
67353 73569
68703 99140
51140 90728
764 59185
60122 91318
26101 89629
24522 43127
31182 50212
14970 94365
35522 84979
49256 94905
6718 61717
5496 75676
33766 63046
80373 97449
12151 17597
30252 91018
93931 98307
15337 56205
49996 50386
19784 41965
74157 93220
15453 87580
1839 32490
42772 50496
85376 89157
52521 72811
20640 99350
11306 50011
25246 50490
54698 57105
57460 77332
57235 74300
22800 88423
66114 86886
20694 52064
36993 67937
34052 45535
27446 59609
11984 64256
6255 64166
30685 49559
24627 64015
3340 20780
32856 36038
27985 95419
24338 38082
53890 82801
32466 69797
21571 70599
42399 51763
9321 57151
26513 65982
30281 78904
8405 71998
53815 94912
7990 57839
33945 77897
25543 71614
10600 47084
35756 95742
39665 86232
16514 47837
63993 73129
41820 99544
8249 82207
3604 70978
17584 40818
43778 68436
3496 80290
70629 88580
36697 61461
7344 21237
9134 94445
5297 97604
26367 49397
55049 57693
1277 41387
32547 42506
56452 56676
45002 74446
66352 79072
25368 53610
44583 58785
9814 91629
72717 86797
27914 81385
26 5207
45870 92588
16710 24965
42566 92360
11863 70588
50219 83970
5772 39073
59127 60291
6031 77775
23627 54117
20508 27614
40511 66469
21827 68069
12706 31046
46013 80135
42765 77250
3964 55846
29826 32733
13808 45945
19715 62538
7034 58868
3615 25172
16066 41868
6379 22822
41902 91075
25917 73166
67339 92431
6743 73781
52684 97510
39983 98513
30740 90868
1004 30457
72549 84741
13909 36112
12251 41374
22603 57269
57019 76856
32632 50569
36326 66671
65691 79513
6790 77301
768 19437
18098 64881
36833 66030
36613 53010
56381 78919
36959 39669
45271 75692
32476 61485
26293 43355
11727 20488
16297 47681
111 79340
24411 64294
34249 38808
18921 43990
42030 53601
66323 79669
14348 97544
47383 62929
28581 88299
42623 50627
43459 47792
53894 63761
31243 67245
19019 83969
62119 87997
57646 71175
44234 45998
72269 99917
12320 71240
952 77687
23318 65159
39800 76649
13459 22226
22669 54382
18557 51045
5571 40113
3980 80566
25284 62630
64692 71343
66876 90263
15379 21339
39981 96196
26313 32776
25157 87709
16829 56400
34144 85700
64855 81214
66747 84598
45757 88043
17010 69994
50650 57212
8325 82430
25259 84136
71220 93503
9493 80556
1152 71602
3590 76362
33408 37718
31263 52366
33191 78543
45533 52742
7156 88275
37226 47461
2902 18670
36347 87595
29362 58481
73499 92690
73733 76673
24237 39963
47187 92394
55882 69525
69111 75508
67276 77798
26743 46609
16728 36686
85945 95144
22712 60597
19012 38423
1356 11043
2503 56020
47571 82669
28830 80372
16031 30231
45478 79540
32649 39219
90175 97171
70481 95765
21458 84585
52604 54873
17254 21970
11842 23421
36951 81103
11870 88199
43629 62022
72494 98066
4628 99459
28813 86422
10225 75538
19117 59050
48537 54479
11390 77574
1554 79726
32446 47953
13300 86000
22710 45559
43472 71542
18900 71815
18147 53721
56849 73553
11924 30171
35956 89455
20220 51334
2985 79587
30051 36051
11762 51701
14168 69454
13282 96967
23577 44473
34344 62574
50723 85116
49130 98413
79974 91303
34174 39362
68110 82987
46762 94738
58740 93595
86697 93673
61707 88060
60863 65368
1119 54622
5202 28501
60019 67083
54840 98595
43763 57812
139 49329
66293 66995
6536 58458
814 37844
44984 82888
15856 76137
50711 65765
33850 90025
9546 42194
5426 57244
26342 43921
63692 70517
11336 26349
1255 73860
13917 76753
49937 82563
39797 50980
12385 56287
73318 87783
48410 63458
58005 59659
805 95761
47896 53747
44349 73528
15511 18288
5264 43630
16796 70750
54111 96565
43240 69908
33248 50691
18475 36911
5554 56973
7085 57053
24460 97697
2573 2610
36106 47580
19008 22908
27452 81626
27937 37207
42391 43068
70407 96286
24915 83570
44315 89554
49262 63620
13768 54836
3851 60599
34719 78044
46076 89340
84247 98525
28584 71074
35860 82899
22950 55571
5867 72739
38234 99235
13932 76268
49725 71859
35560 88652
423 18947
21065 39762
23152 93678
63696 64415
41805 57528
77034 96111
76073 88979
34827 57661
39751 62075
36115 85865
42236 95724
44207 81577
734 63373
6832 56030
54286 69166
855 85452
14843 74437
11873 84562
5433 15011
88133 99678
24616 32832
45322 94002
2352 57958
16039 19670
30880 89919
38741 86398
8751 22217
51034 88168
25106 47063
10972 37673
74234 95065
36602 50538
20245 99226
53307 57159
19514 85623
27554 85223
41321 65329
18699 19629
66116 77566
11229 89814
30790 37174
43555 62946
68780 73061
32839 98563
76368 86688
15584 42891
45628 47896
38665 64012
13371 51277
27828 37992
28075 38609
53457 93633
86645 86926
51206 75716
610 44906
80471 81417
7533 81246
35485 77448
21377 59035
50140 74673
26340 40937
5319 10878
5925 56391
5448 71356
35184 59845
20466 41325
52874 80411
53120 80971
26123 51341
66396 93363
10608 59711
81228 92870
34080 34328
14720 31466
30027 39261
15624 66293
51168 65252
9465 17352
6448 55908
20098 65522
62949 66068
6380 62385
20800 65894
22166 67363
84425 87576
20299 63809
37987 55639
26494 39248
63478 77245
9124 21297
4248 27373
2854 39757
28120 40339
6115 20653
912 42629
39870 65590
5286 44116
8116 49108
27471 45178
47646 49825
6633 48513
13281 58344
66131 73128
23559 68813
65088 84093
43366 81198
43046 89618
60711 98911
15880 95242
28134 54328
24097 76698
13698 74003
82610 93012
24750 60841
36442 53704
29252 83874
13527 75534
1556 74926
87042 96131
35369 80275
9451 15424
39690 68097
12549 72492
11205 26238
35881 80166
25607 34412
4802 56286
26251 51806
57239 82005
19794 93056
28517 56957
60321 97882
12785 56375
23976 78044
91304 91631
27559 48059
57763 95594
11448 89530
11805 79079
76512 87963
26096 30841
31094 86930
2368 63895
2602 22719
68185 86131
6910 62244
60792 61849
6954 28610
46355 55069
1795 43381
77242 94853
41297 91788
31878 54041
35779 50260
43694 98674
14757 88957
82231 85678
18569 38453
12607 63428
42983 63987
18713 27130
45392 83230
29921 81071
5473 77963
83563 85385
52706 93600
31850 82976
61831 93384
3892 57119
69352 77726
23630 28966
33929 91493
2329 35565
68313 73091
6214 53346
860 46588
1691 68707
6403 69618
23695 76514
52336 83955
13620 92592
14963 70344
16926 61414
23749 24216
19392 42146
35715 38751
17975 76535
80313 92029
12779 85138
57111 70438
14404 56606
27449 82785
4865 24606
54868 69537
911 35895
41247 96961
64163 95674
66729 74662
56674 68632
24806 69232
21429 62371
40081 97965
46469 58249
25698 50847
1424 64290
18904 77628
64081 75733
10281 13339
21886 73999
14974 70310
56752 79195
75721 99152
30593 82073
61359 77382
9665 28634
553 10666
29060 44053
4543 32877
51254 92520
8546 87603
41572 51974
10561 68767
66635 69359
20269 90366
62081 78678
80578 91446
80096 98738
36447 67093
47185 57894
61703 73129
19126 53107
48362 98152
68134 80950
24913 44516
7191 7232
37237 81259
60833 85050
9484 44786
1735 88895
26631 66432
64425 72936
72693 83228
61578 61870
34123 95910
9074 13828
25481 87091
16875 21728
51848 66648
19226 79311
30826 33149
39492 81258
8950 95161
45282 69475
16868 76707
84549 96105
82051 97773
7989 56645
4783 5898
48694 73521
36592 47623
97788 98064
38743 88929
10209 90442
3480 9074
43859 59170
6307 93354
19600 60756
60926 68480
18219 40782
6658 31798
3669 98891
39599 46186
80283 80310
19655 81589
415 96762
4824 11869
68286 71714
14775 90380
53591 84985
70505 92964
25841 69815
1865 22906
21730 28979
68145 84145
81411 97206
47874 71035
60426 84550
636 34414
21144 45284
78808 99826
65657 94978
23133 27408
16149 18099
54999 84261
15896 48019
55732 86600
57607 93222
28468 32801
83350 95937
17335 82431
72087 91878
44707 50294
37852 45565
5590 88188
87999 94910
19193 50213
40305 46795
15019 44837
5482 54322
49075 72673
80409 93621
34839 71745
25068 54260
59427 95877
12114 94888
38041 44986
4869 30782
13541 22151
6536 83942
16452 51293
11937 75847
95575 97273
47450 59581
35744 77466
31542 38778
699 39187
18084 90103
11734 74079
21066 21298
1600 39341
6565 22382
7592 55876
55609 92863
13401 29931
5803 12084
28973 36591
8933 76274
2224 17671
49210 85063
42362 64327
9698 64583
13894 97301
10919 24176
57829 70879
70032 76793
71696 99596
17143 55628
2091 51800
19666 27041
15078 92896
21631 59011
37010 51976
65638 90515
2305 54080
32991 80508
16386 87705
49451 92946
7332 15105
4384 77486
39821 49802
18059 69209
34339 93939
28423 87717
40611 84361
16896 55432
51127 56920
36675 93504
24002 28679
30462 33195
35481 88695
20670 33407
56742 66850
54326 82267
35860 92509
64462 98705
51500 67358
14363 72509
43057 98129
28901 88381
76098 82871
27773 94540
9530 11932
62668 66536
25522 71882
67928 72870
40531 72757
16274 44791
40152 75803
9913 77483
15369 58870
6758 38992
30974 84699
37420 69415
22850 55900
35616 59210
77081 82326
32717 82774
73920 87924
19620 35346
26603 58166
16096 33097
91066 94582
72641 82154
42088 79442
50943 90672
1651 68396
28434 88276
21041 86314
8400 42248
14780 84482
46301 95595
18004 40973
10836 83593
36808 56302
59002 79332
26270 44892
25187 50841
29508 90225
34218 88883
12713 16861
18173 28738
48125 57487
68110 86295
40916 91339
385 55732
65852 67010
70733 92038
24038 79356
2539 43926
14431 45705
28616 58222
7539 30173
53811 92865
73220 82234
24883 42363
37837 79350
37457 90210
33980 71747
32881 77769
39670 87303
82274 85512
12804 43212
3907 63448
6203 9609
12810 30867
58908 99071
32386 40889
32908 65205
35620 97626
13761 44856
84408 95960
61313 80529
71366 79953
32166 85740
29252 98274
19433 99539
15608 33897
19258 84660
6593 83917
32097 36477
64370 85521
6199 26929
10475 13872
22170 27348
71474 87986
29101 57062
17588 44197
28621 91351
23731 79608
20046 70608
63257 64860
1809 84603
50453 94428
727 63580
49907 61358
38984 87518
12423 94127
38857 80793
16094 74144
26775 34168
48825 51649
15423 81688
12212 28741
76437 98794
48292 69944
20997 40401
37078 72091
18359 82634
64351 96509
77441 78962
61720 92064
25500 87924
60722 74860
47774 60596
91970 92166
10755 28819
83452 98215
20754 85298
6584 63780
35935 47576
28703 42410
15522 86953
51426 54554
3229 80082
11016 72294
58358 85871
73914 74884
33631 83735
3051 83740
13822 59875
14077 94684
5273 21115
59887 89633
12917 85431
67521 98197
36408 91079
51037 89628
16535 62428
16319 20703
77767 94986
11805 13084
34967 88137
20352 26397
12485 15345
7699 24691
46076 58970
11308 66552
41527 66989
21947 67218
33895 87884
29629 81195
78772 95341
16175 58054
29514 38666
4245 79027
16543 81764
41296 97926
8491 67317
51744 57488
8954 31746
42474 77287
31531 80485
8573 38287
53045 62736
52641 93515
18910 93769
58086 85941
32247 82943
13856 17280
65059 87266
47577 60501
7208 18951
15905 70449
42871 58904
17134 32324
68389 81677
8458 94996
6785 10832
32007 47669
5670 57684
48402 59226
25482 49942
45274 51437
168 52939
11734 98802
8489 73093
50241 78627
9896 12106
70711 88148
23165 56025
22919 70009
4032 54529
33785 75674
22460 59782
16892 70550
6198 94512
17176 67177
6549 44464
29409 96537
11112 38418
59256 65012
8121 29756
47645 76396
70949 87228
30609 63789
40738 76065
18651 35330
46460 61347
65926 71408
24374 95640
24118 75212
27696 76069
35902 71177
21268 98578
19428 34488
6823 38239
52539 59974
41381 47327
13528 82104
20510 81111
38383 63963
12254 24538
8846 14152
17652 41352
36051 57011
27154 69049
52667 90096
77071 92557
45494 98654
2608 21068
31116 57271
14060 21865
41745 54264
17240 43511
14048 24242
6533 69445
37641 82066
45598 51100
22413 69521
60748 90457
880 94735
48991 83962
56848 58088
40933 53689
4300 52261
6262 63535
18214 41618
43012 72652
79875 90808
18073 92808
27217 96547
45734 52006
19139 26764
80674 88577
28607 58196
43424 93905
3801 90172
13876 62978
22992 93737
62137 66238
20212 90280
7127 22748
14064 59863
40555 96305
6653 10682
11539 84629
57811 60963
59686 92162
46359 76082
10516 56722
8976 25710
38268 65278
44761 54046
48226 83403
69262 90504
7242 94438
29339 92524
27541 82059
53161 68304
88158 90448
33170 47985
46905 71803
26556 91537
56899 75789
11487 47033
37836 65670
11703 74144
68415 95532
18865 85636
23199 86368
34462 58006
19028 73037
33684 99342
3690 63109
19806 53875
2074 75736
38437 86315
79033 84923
7505 62559
45170 58003
20147 24665
5088 80719
39802 73427
76444 92095
4394 92146
48552 72555
18983 50138
37178 93511
8993 41014
44921 87666
11816 36337
76207 80694
1779 50949
46214 93471
46675 61000
6290 49542
11295 23279
16845 34280
5722 50779
62 21465
6653 72654
43183 64541
2731 66568
41837 44447
33781 90566
14646 30387
10043 96183
73758 98156
90658 96476
50727 78945
57076 62505
33473 39379
64107 96131
3682 6053
7862 52167
6414 90321
95718 99743
59828 93436
52808 84601
28245 95975
49934 75927
24497 43474
61168 72622
9508 31095
42487 67431
10541 97746
60664 61469
66194 92439
27926 81687
46228 68016
11664 83558
11854 64756
30642 55213
39874 55392
64108 85467
30953 82913
14034 32536
26947 96614
2628 46835
8643 58994
28682 85405
57848 94023
37315 56049
41679 77538
38608 57699
35306 78749
53680 89516
49286 57746
285 17405
8835 13682
27307 37985
18146 20625
80963 99242
46965 53814
12666 49989
22786 41547
26892 50208
5560 36342
40835 78169
31796 62719
58372 93873
96614 99415
6681 33998
36661 45935
12201 26062
72592 91198
6344 20500
18053 23925
43880 96418
26751 31215
13316 52806
6293 71550
81453 89640
17853 95136
20126 57945
31932 94490
37570 59853
11293 50032
9651 41049
6598 82788
3009 81136
6550 45639
66133 90289
54867 66097
3086 58755
64444 82689
15648 41815
11355 40691
21714 47346
39637 87733
34108 60218
575 27642
78105 91565
14716 19482
36391 69486
14646 91866
5906 90382
44772 77628
13377 63764
10302 28158
17388 75932
37692 54608
35599 97586
14795 67111
3700 69010
6830 31152
936 85029
13120 41900
70761 94783
15404 98747
12662 60186
70945 97100
32657 83352
63600 74103
68680 91980
25843 65822
6174 60560
16155 34327
67265 75810
70937 72761
16515 17047
1304 28912
71131 99804
38367 41755
1500 88172
37482 39814
13698 27214
54486 99346
5412 75832
12099 90139
21915 57472
22696 68968
51792 78209
17536 72822
736 15205
15870 32854
13744 40083
8660 88692
7497 26570
48111 99755
26912 57639
32975 52976
24111 89613
12386 39555
26104 43951
79012 93147
8402 8660
32136 49960
37050 53355
10007 73627
76263 93386
13991 70926
23485 77324
15878 39184
46437 68657
14134 66899
42340 98727
57204 95351
25834 94009
15865 67067
39383 59016
31102 78310
60069 98856
52763 82910
17074 30130
9714 17647
61692 64621
28289 88547
16608 29865
60211 88132
33130 75821
39062 82814
43312 50731
59446 76153
51135 52856
11758 34171
8034 97508
58187 59472
19780 23881
44730 74065
31640 76002
1655 51278
64683 65681
3873 94176
1697 29705
72065 83666
4216 61201
30563 31646
57823 91682
85295 86845
5329 55736
24866 65032
26072 84478
48895 78566
44968 58070
86496 88173
30593 84131
88034 88749
41770 92409
29768 70584
11954 55624
45265 55541
49712 98429
70232 83965
17785 45383
90590 91123
15739 29337
19635 74663
6055 80519
30589 49470
4718 29944
25406 92879
70874 73927
45159 73151
46643 99993
36466 86565
8742 91865
55711 89020
82147 82581
35288 52641
224 78681
22045 97774
20979 32870
67896 89301
5122 8912
53184 57201
10978 77013
11910 34931
12589 26981
33074 42481
28034 95421
1296 24835
72318 97849
74002 82529
6713 49173
54861 57449
41018 45406
30752 31339
79837 99812
54748 56323
39477 76495
11762 53822
78512 80331
74403 99634
63778 88539
56447 77768
55334 92273
15269 73167
19708 62802
902 48440
33161 34167
82089 83348
28205 41518
21757 56577
83983 89601
36472 96532
44794 51240
49244 87229
29802 46594
79043 90515
72011 99781
88963 97903
75746 79370
43957 93123
87117 93078
12484 33630
84695 97416
50011 69647
28857 36136
46437 48256
33117 72602
5430 13966
18932 40806
52399 74557
24758 60454
1921 89329
17756 50113
36703 93877
2032 53881
7954 26721
23446 89732
18428 72416
7881 81146
47414 79404
3764 25218
14307 99825
61548 87904
58542 66751
52780 53429
44275 62708
30276 92218
19783 29503
21660 49723
15165 45373
25854 40495
2953 99014
8027 93369
4973 7847
42995 98775
67987 76321
28954 72905
12484 95262
70300 80331
11140 30644
7244 10027
25463 34827
12375 71290
48962 84177
5637 13871
88493 93754
7187 80222
26866 51959
57773 86596
3323 54455
8144 72780
13574 18442
71125 87049
22579 46360
7786 69492
48331 68766
2652 55190
32954 82949
21816 54860
12629 82347
50320 80946
30296 52392
74943 84324
14151 31024
87660 96829
55620 89837
23070 85879
31948 77980
32086 75912
21557 73292
2984 53978
35156 63741
27910 57703
92657 99853
17279 65906
54981 85591
58145 91013
51908 90421
68480 75782
81915 84425
1758 65064
12012 73015
86352 96571
17173 99881
895 41411
86714 88649
8401 57360
89939 95998
53072 82028
22604 27224
8721 60958
1371 2830
5872 61633
55407 93760
48975 61853
3284 61363
12984 68329
50910 92649
56230 76958
5723 40654
74138 96899
36030 78758
57594 97314
18905 77475
37913 55464
56148 92165
20062 42142
25353 94431
29261 75295
7799 77613
52387 84333
21404 57670
69276 90374
44648 85252
6866 90474
50942 92713
40876 49064
29089 81538
8082 28001
26993 40981
42995 94082
2152 52903
61025 92969
2920 91726
9969 34908
55491 61929
14920 33566
17247 73147
42333 70261
48867 84825
13815 36332
42322 58996
3919 88631
33774 47214
38043 72930
2680 48682
1990 72455
11874 56914
80165 83380
10771 43456
1253 30006
31408 35805
41874 62541
16629 55353
95923 97191
13583 75983
14145 52635
29471 83523
53301 74651
58889 95139
33211 37172
21684 61023
17540 33730
69411 87929
43917 91242
7698 48068
2739 10770
13227 39899
73849 95075
44869 56254
63811 95211
3006 80963
49534 85967
47050 92168
6030 86344
11770 47496
22663 55302
46635 63407
44598 63584
60801 72424
18078 53654
34838 99613
56808 57346
8374 15186
88150 89356
10496 43935
62358 86650
33392 92661
50569 59892
10970 35449
13513 26020
164 23476
11227 44979
52375 61988
60808 85149
59812 73171
1286 13367
87274 97971
22645 58711
33770 47577
15233 60247
5362 79648
67170 94946
71834 98807
62158 83030
9359 55937
49531 79669
35663 83051
17469 73980
86853 92215
50248 69628
5256 5317
8020 40713
19917 28035
16798 46495
33230 55936
81040 98335
34320 50125
2929 44310
20996 91436
39586 47660
46286 95562
2934 84210
40690 74238
42493 48039
90366 99572
30794 86823
35199 66279
79359 88595
15733 19191
18453 42589
53211 81756
17193 97701
10515 98659
91975 92167
43314 79503
1127 71161
1264 87759
14992 89693
11987 77364
4173 34126
52743 64903
11561 55513
39083 74347
21685 27250
66192 68077
45074 55275
20719 34170
29253 58387
14328 44777
12581 93503
41726 62897
9550 60405
5470 31313
1506 69704
4985 47876
92355 95529
17436 46032
14344 78579
48433 82557
70159 77356
68497 97902
1707 71967
25932 41172
3535 78219
26329 89426
1706 26520
54327 76109
44652 94974
74141 76333
74678 89907
68797 93651
23041 45297
11993 18311
36082 43514
15726 24075
34700 47648
24246 26325
33796 54460
27040 27114
54619 91785
47457 73645
36642 99637
26106 35112
33956 77328
9323 75352
2836 99445
32379 84822
57474 82202
21810 39732
65667 83314
31833 40816
19797 28470
18322 86730
19052 80792
7327 78424
5312 26960
2647 73581
62466 72692
45000 51831
17195 62226
84125 88100
19921 83647
1796 23239
6512 34207
56229 87824
4571 17485
42349 70470
5996 15858
9330 66841
73288 98138
58615 96786
69655 88581
4971 58514
12796 34154
71295 81157
58174 92381
54174 55564
38559 90393
325 70311
20156 26490
17615 64835
36939 62879
20125 80171
32065 75941
21066 52294
14148 88044
77992 92275
28282 92559
16575 73604
59698 89784
71551 85157
25104 42994
4557 65970
46214 66434
6293 87340
3598 77911
91737 98739
17027 41124
41448 98887
25277 80004
4647 80196
27305 34640
17997 84478
3610 25480
2390 53039
13200 33385
42009 86003
3561 64424
6049 72648
35479 82825
62339 83234
9082 65315
7305 9396
35128 55356
53630 69730
11083 51721
46267 74132
9714 30821
26923 66015
19248 19989
83986 96636
18064 32885
34804 87669
15155 74591
69256 95867
13210 18091
11158 86269
35671 50266
70158 88281
40623 80858
7068 14153
30143 74788
22229 38409
50311 91499
11261 78286
2166 62053
40288 55364
54636 59818
42863 90086
11950 47383
1541 60490
89073 98217
9059 95107
39302 55839
65 293
574 26720
9504 51458
12776 91576
10017 25148
63430 92445
59381 74883
63043 91968
11091 59410
33994 68331
13904 87327
46110 76148
64141 77376
992 92946
74559 92641
15122 67835
16032 84078
88660 91995
22057 38180
66705 77320
24498 43945
81166 92027
4014 40350
87402 88158
55051 93513
13277 95660
19296 41491
49179 62933
24154 58230
50457 67954
28152 45195
26753 55983
43421 73835
60644 95920
15475 94156
34695 59695
32249 88656
34741 39457
69011 90263
28914 80290
91467 99423
13629 32348
77948 86724
19827 48942
12252 14754
28326 97435
44160 90158
56556 57961
54995 71872
2025 9207
16487 39807
50621 86251
89914 96286
22460 64307
36347 58988
27895 81774
4870 21637
33579 34426
76578 83335
42031 83455
12679 54413
73159 80388
55404 65708
77205 79338
63771 79247
62676 89917
29793 50763
15927 75837
50164 85308
499 4198
57425 97931
7177 90984
13317 60863
75240 87358
37279 53659
43250 51397
8752 47016
1468 62396
40193 90129
16289 85062
3613 71614
64919 98095
1051 42022
3188 67891
38131 68165
85906 88375
66332 99974
12823 21134
14307 25047
49851 63886
71515 80328
4952 66299
37801 71860
1067 39579
14710 25201
13396 83117
12817 59548
37988 62140
17314 39513
3563 76484
88307 95105
57982 88721
47135 66877
61856 87651
41165 92583
43834 57788
35874 93081
7348 98859
14449 95435
59377 89092
7238 27676
1140 84453
93755 98278
50920 54424
14664 67151
35228 40972
3179 11758
7047 77460
21552 73796
91544 96624
67147 94211
84486 96640
1237 4354
30604 36823
85717 88819
17025 52328
31535 32223
40922 72047
83847 90226
9551 56670
42367 63279
9420 38413
33586 52519
18231 51545
1383 35601
19575 74420
33167 98164
28241 86147
7433 53285
75065 98453
33996 82119
42340 59282
35012 68584
6029 52979
12327 53538
74791 92562
2165 77959
11716 39459
46078 96525
25956 67828
8452 63153
27772 88381
43744 81409
47222 75854
11867 29652
90892 92147
40974 77854
4588 13484
6231 13132
361 5810
25187 94289
14241 41444
21188 65116
62288 96702
19828 47055
21932 58650
51410 61626
30514 99948
13286 69116
21653 50896
12372 53966
60455 88920
6076 87253
10594 66960
12896 66227
2435 19664
18377 62793
54871 85480
88667 96351
79201 83566
11761 87045
27966 74385
52175 91681
20505 91170
48678 97264
66655 94140
21040 96341
38347 57183
50482 56525
81487 85669
459 4694
37509 46224
6824 17091
14182 53809
57269 77868
5012 73619
13870 37660
6158 84627
78181 85786
30598 98933
7477 79851
27868 41503
7209 79404
50280 68605
10687 95009
6921 92272
51266 55996
7819 88532
34963 62633
28550 53306
39987 61433
20362 23480
26798 99359
24317 88799
21622 56808
24354 91980
51342 93386
34235 39502
13481 46328
16719 75047
4336 97588
61290 97567
44143 93239
2586 38579
34304 55645
50759 90075
66535 87563
51144 96043
50862 64859
50428 95305
1976 16481
72484 86138
2125 27989
17141 51103
54560 96450
23248 80047
6880 49325
44695 48212
21796 25335
50708 58218
62446 85950
14086 59888
37609 65862
23114 53542
51222 84102
20489 89802
57761 68876
61500 81504
11317 72464
68078 68750
44286 83855
42414 51716
57938 76939
32675 33930
31388 43356
29274 71551
59207 94617
18687 49560
37111 77128
66122 99057
41964 63852
38192 73107
32191 35586
50083 69116
39332 67422
35255 95608
6578 76447
4730 84008
54138 85056
12958 32280
55511 56496
7488 17815
35939 49662
19000 41706
6504 12363
2878 5028
11028 94450
25084 59796
66281 97032
43268 50539
19075 53049
561 47551
47350 48707
4100 68965
92001 92358
20486 36469
68220 76966
48028 79898
38599 92606
44206 54213
33919 95911
86883 87599
63694 77576
1272 83881
40837 45980
19186 94913
27951 30555
44266 87895
16803 97010
3534 35449
78773 94704
34334 47992
50471 63299
6216 79440
20231 60482
22725 58986
29726 69657
14527 75228
61890 82705
9838 23186
9780 59325
38843 82843
60523 66707
39861 61835
32393 64240
57510 79114
34682 72549
14826 59120
11225 17111
26415 54668
52724 69796
40222 99691
50392 62095
34862 35706
31026 63776
46590 56116
6937 19605
31209 54187
37524 96816
56085 98317
3910 66438
31141 33819
18699 65688
4810 84714
86934 88972
21445 54313
21431 78952
32880 93853
18427 93909
30411 82603
47916 95038
31269 63375
67034 95283
13055 75093
33959 40839
41971 71917
20356 26945
75862 76222
27515 99982
33242 92078
14808 28723
74075 87541
26364 52873
54052 67980
17805 77806
90783 95532
29258 34329
51793 66769
76206 84533
980 43293
1766 9763
41422 79971
5598 35065
44007 54758
18905 99410
45538 92500
19196 93549
6123 14187
39812 57488
211 50204
47751 52037
27433 57706
24273 82610
29784 90141
9224 14613
75251 75860
241 3763
9013 71083
42523 50212
20425 99219
68362 91657
43824 65835
42898 80309
54858 88862
68772 96768
2002 30566
14821 64081
29137 74884
37859 41527
49678 85160
12053 75084
92589 98377
16535 94487
14078 52844
61870 81944
60209 65618
1371 53242
26053 62747
22994 37243
10345 40770
3799 58059
42198 51026
78915 99707
1043 46242
18162 77224
29294 35815
25510 38937
50880 97169
56646 75955
30515 41023
13809 47506
196 90403
33679 55191
17891 52418
205 1089
1115 53917
9277 74577
335 22302
70223 90074
2348 41045
11213 23450
69809 86700
51821 86440
19914 20083
20431 91442
5721 88871
10478 88731
14452 67888
20869 88448
23314 52779
31461 36881
47294 53093
21295 93379
60194 91096
12972 24786
19870 64975
34490 91939
68255 82297
31946 56461
38636 94796
11309 20958
39884 98961
330 98686
15912 42745
18164 24967
44617 92222
45515 95621
28595 74480
51575 96425
3962 19418
8181 53976
21988 34005
17853 35305
28849 71114
2594 71988
45928 89599
51795 64725
28952 53341
58885 86237
15802 97448
651 37013
6109 82904
44567 62217
26988 73030
23444 61254
2654 77341
17289 81022
4417 18524
7684 91029
48209 59962
79963 80420
57859 66135
6328 42333
30686 37596
11057 95796
60750 97109
46681 46849
23185 34274
20199 91787
5420 87709
36469 65742
10140 97305
30708 43406
64268 83468
94962 96395
82348 84291
57090 75170
43121 89859
4144 16023
60106 99119
56241 88477
78564 85609
3846 32961
26859 73145
29905 86359
5684 25445
3640 74278
62490 80145
378 47689
15893 90664
20463 74825
5199 37027
21043 89032
9254 46059
42348 65651
24096 89954
40352 75924
77489 92856
26525 70347
82442 88658
57953 64599
10941 58628
29766 37872
28079 86501
32627 76996
79791 96224
26458 50553
5176 68576
80595 92162
32383 67858
27972 41928
19039 62340
48941 95341
2939 89486
65749 75286
24727 40884
21276 59983
5268 81939
69528 86337
31325 67519
1948 71630
71126 99870
59515 83657
39891 51102
856 87422
5411 91611
23822 72915
5982 63414
50292 68185
92504 97814
77058 79528
88154 91624
5975 58698
13039 48839
36945 97791
46222 74215
22987 57116
14669 17474
57650 98875
25731 74152
19958 31139
21581 75083
52512 84131
36756 58104
10600 19335
874 72288
56821 83098
9496 72760
54769 96095
26323 71777
31454 80152
37084 62910
5260 31176
18166 94670
31618 69860
18989 69668
59763 75234
7031 61805
15222 82721
7162 62172
37662 58542
49115 89759
13370 70249
48466 97276
36654 37390
10602 62963
16317 43361
22693 53025
78145 95683
69558 93208
209 63749
66304 95904
866 2353
49916 90913
70465 91498
25502 32284
43147 66278
11743 88020
29690 68850
7391 77553
16220 31740
73739 75534
14296 58433
78295 80887
23369 91883
63339 80848
72399 87100
4549 64054
6006 31686
11258 75948
10184 54122
65080 81738
8313 73902
28354 56735
30145 62190
7298 27235
17838 66200
14762 90019
17599 25791
76128 82621
57681 98092
31480 94508
66827 96832
2639 70572
76883 89476
2712 59397
21480 54818
50238 81605
6379 38880
25665 76541
35639 41185
7017 59668
25766 40136
4625 41015
4322 84374
4150 67264
58088 70094
2921 32701
87500 87781
76849 80208
53494 81758
64099 90728
38063 78375
2861 35412
89647 95511
55855 85300
37734 98159
26844 31772
31869 63927
80383 92161
69779 78592
23828 51807
45727 77070
79158 90834
53955 61238
9028 72245
14748 87789
13817 30735
2243 51739
43252 69815
13312 70978
33184 63121
6754 51045
15058 59654
3957 67746
69860 97747
43631 55593
86373 92324
26430 69932
81262 85378
15168 25640
62228 70152
17686 37229
2021 29925
12626 15733
77567 96506
50120 93548
3990 10226
11152 60805
805 69053
48154 59007
53168 61585
60375 91861
44365 55435
13320 74397
4391 28129
59529 82365
5398 46018
16243 23254
44488 69415
91799 95898
38358 46841
26694 35535
17556 41613
737 63700
68530 86139
50796 97946
38881 60195
54085 82051
3645 18606
38371 47437
44003 56142
24305 31610
29561 41994
38373 59319
57624 93596
24942 60648
44302 65506
1265 71400
29381 67034
41723 56677
35954 70667
2356 82892
2204 4117
60155 69574
51183 55872
28504 32923
25466 44583
67858 79947
17143 43425
26272 79021
12259 58092
69972 97197
38701 88858
61619 87759
61941 65842
44076 74879
27391 78938
4765 64760
35044 38636
27460 73730
52395 69461
58395 63363
19427 32464
4572 30547
49939 88137
22962 26121
40842 60009
79655 92991
42631 90343
15777 78197
9794 82598
24476 56793
27915 99349
59393 68836
17706 81810
1278 11607
10949 51426
57746 71377
11155 94383
33899 73396
45818 48940
37508 55807
12188 49699
48492 70740
22178 58185
4567 10994
20915 98449
32750 80097
9884 35521
31919 59252
64255 95403
19295 95478
7 99042
5340 81472
26000 42338
11772 74110
43484 93724
1344 81013
20510 94582
68257 68337
10888 78962
49535 97619
5137 10074
89190 99964
71418 82548
80859 97604
28022 70565
13893 98037
15900 84522
30706 57069
33852 60583
78612 84040
75645 86399
20647 21673
16127 28041
13343 47061
23058 97352
63849 89020
58133 79272
29121 53892
19327 48344
4964 11080
31279 90693
24890 48047
39496 59000
48159 79465
21640 23986
11843 47243
19412 45280
18183 86784
12623 30068
310 32355
57820 62207
76381 99575
17442 66085
54005 66641
1413 57762
20195 51601
30593 47959
11214 37714
46925 51864
19985 56855
45044 81656
28901 73082
34867 55961
94480 95170
28594 82639
9963 93438
32427 78428
2440 43476
74731 84621
29226 31015
4513 43511
21893 69058
46651 53115
36829 95147
58044 78207
77990 86079
8508 94513
281 25174
1238 97530
10583 91425
56100 96113
44651 59906
80049 87691
2635 67863
41512 93271
33764 79071
24654 65107
264 92252
73298 80526
25750 33318
15410 24195
71663 77140
33701 57123
37952 65374
2758 57225
81856 91127
68638 94149
23858 57672
90778 92680
27529 83546
6957 89210
68277 80379
19901 64596
62959 81322
5556 15600
8595 13015
8140 77953
72452 88516
6885 54008
51470 59817
29451 83474
7247 62683
41087 87079
18079 35332
25578 26914
68767 99280
44167 76685
38003 93566
36815 99544
35205 52747
10180 18202
89263 95355
29494 73135
18689 52493
39062 80790
76712 79234
48632 66866
3747 96036
23713 67176
49609 71786
1476 34800
46123 59760
23464 77244
39244 89881
14729 52955
18058 40996
569 90197
57213 70326
42453 97636
40617 48962
14006 19569
25328 58892
70026 74491
38885 65485
1785 50204
22036 76955
69029 74505
42108 85031
35216 62439
10191 46589
41519 52940
58370 96756
30536 97777
20161 94389
73064 83373
4256 40583
14043 98306
15656 43547
68966 88277
21555 92890
25190 93883
36277 70612
45316 99598
35902 87472
43195 69872
35288 69074
44386 90271
51666 57871
6631 25516
44990 77238
28097 54397
50434 77545
11168 67134
72934 78626
87572 88232
70051 78043
4106 88308
82363 93622
25777 64627
6893 74771
40490 56563
50838 61104
65908 78748
94691 97130
36618 64101
4919 35178
28723 70659
38762 63217
8086 34395
28421 56533
42336 91527
18984 82433
51793 74909
63217 97869
19614 44558
93719 97712
28595 85850
3709 87407
83306 85817
29174 80658
36099 40887
66521 87652
21108 27643
28745 63855
18265 65280
13314 97350
4339 74892
34091 76333
7284 38036
3053 96681
38388 64218
95628 96605
6341 27164
11552 39344
35732 42589
49386 92691
25179 25588
9669 82955
72467 73759
14531 51210
57648 57896
44741 95617
4124 88292
72411 99015
18893 26141
6130 98171
36782 64978
15151 50626
42308 93804
63185 77520
22514 72553
22144 94041
51965 59481
50501 88539
39648 55066
66213 90421
8138 90023
17708 61157
42192 92764
35477 52602
45675 97866
82710 84757
2271 23986
69429 73339
18325 47312
5392 61925
825 92887
46716 51052
24565 33223
88211 91509
8992 49825
46878 65897
21218 62218
20274 56157
35528 40862
90448 90578
7516 17283
9737 16862
39198 59725
40340 56790
3281 30241
44453 75716
15193 38208
20997 22365
37439 37684
4070 26612
14862 68944
5437 48367
44072 68949
17582 89232
4953 26781
90826 94015
10385 25277
63349 82820
18588 23744
13014 57814
7007 88653
37180 99804
86516 96586
54192 78957
14259 92281
36090 48313
20 53010
5478 33879
42884 68894
6200 49570
4934 89567
51058 85846
11292 18821
23482 95508
36524 86593
64527 83432
27067 51804
52761 60574
31819 58197
7392 50936
52392 70325
30970 93295
27678 41498
460 96346
36170 47818
13848 69115
14276 28503
22634 23346
3682 17795
14333 18647
61406 81762
1989 4522
26932 52236
27789 59357
14174 65158
1639 94409
45013 55917
16744 33017
38330 46357
31123 72047
44676 81745
52798 84595
28494 62304
50645 69733
84123 93212
9762 9907
14333 53118
9821 51930
42837 73952
20162 29163
80428 81197
26638 92427
64387 65604
62844 73566
51723 53991
42956 43732
5220 58696
2929 6612
17465 30782
61567 98137
59936 86489
68165 73595
47208 85942
8278 48558
91163 92572
17091 42900
48961 67939
3542 87475
36341 91887
3656 76515
6465 39519
23394 48209
27438 92686
42744 80157
6243 82189
19282 42327
31814 55032
233 71845
15586 18775
66661 86106
32125 82749
42107 50193
41418 43132
251 45613
30034 31599
9380 76031
14100 67237
49570 84930
689 80459
14275 32111
22768 38425
47496 70034
13766 36542
13502 59551
35915 94872
3444 48615
22013 26142
32584 35333
43751 75289
35913 87645
6404 75963
10917 69215
10769 83372
64528 90833
9483 59808
11685 73328
28146 80791
30538 39175
9136 38960
30949 49756
8125 16715
30682 40854
40058 67090
38232 70568
29374 98829
83508 88519
52675 91307
39787 57984
33873 89902
26903 42441
63377 91513
8477 62243
32125 81300
9243 87025
8362 25375
6463 91262
56864 80807
9421 52496
8893 9265
8210 57869
38887 43767
75028 85127
27533 73408
58415 82202
24028 50734
10551 76166
21736 59329
13361 24614
8097 98949
77737 86404
29248 98406
35919 89986
10474 97694
8930 10540
30102 41416
25167 98491
72758 87345
35097 49806
9428 77916
8569 58980
48320 77465
10425 15801
23295 80205
27672 80696
11830 34531
37495 99839
19569 46170
24997 55166
42758 49841
60871 92167
34767 55932
72798 80456
23418 23422
39094 81272
26627 73831
51796 92284
34689 82541
18551 72125
56937 70482
15737 77835
32331 59889
120 55190
7350 73808
15972 19064
17577 67649
16785 38240
25043 31698
50499 97385
43479 91186
15881 80654
69524 85748
27016 99537
37143 90810
41262 98633
67399 88596
67981 74936
62457 70648
18501 69176
22974 56693
20885 77526
70202 79677
19422 90121
61223 80584
23361 78245
46742 72653
74850 76798
17784 68675
39380 40357
8846 24547
31248 87607
28714 55636
68141 89055
17143 64613
48995 94043
64874 95424
11903 84264
12064 17878
46532 92699
55272 83705
42413 82289
50712 58389
22426 49898
79632 88972
9799 50020
11040 72005
33205 43031
13065 14651
17 45701
15494 91863
148 20505
14140 73676
22900 91475
33867 40925
48940 51840
56282 62729
7917 11335
35302 59953
25242 81510
13969 69514
47366 89173
9487 66175
43213 72129
9567 58846
31606 40832
21675 45876
48253 50543
46376 84408
11110 92171
47973 53185
14243 83783
30308 46249
78545 93729
34127 54095
31251 95838
4891 82398
50324 65833
38552 60768
39540 76804
3662 74838
5091 85016
6645 11777
27465 44780
41193 91691
82944 85354
26830 35577
18606 38625
28461 53024
58800 79844
75837 77307
14819 59754
3472 40205
33167 38044
27918 37858
39671 49391
27116 74651
12150 57106
51538 80737
12916 55429
3989 13105
22133 64756
24949 61449
6591 8671
9049 31117
11636 47604
2483 22983
20124 50331
10069 14028
12384 46255
21910 91255
25779 72994
9839 14454
56607 96446
21809 38289
2653 97708
89809 92312
10210 19661
25876 77906
17688 82019
65558 95118
39722 94544
50241 89603
13677 21439
46500 79857
7965 10190
12352 92435
8585 31126
19134 48417
3420 58787
39373 57141
35573 86786
28193 65901
6391 27586
28473 71434
61185 82409
8591 84699
20602 74324
27879 75420
21223 87529
1484 89293
16822 29706
29399 42015
60273 83175
27854 44801
13369 77870
50710 99676
7533 84948
62231 69450
10943 24261
75389 76665
24993 27834
8224 10240
54785 95300
18579 97076
7342 75377
62154 68730
487 53799
20124 92573
70409 73097
46329 58834
41416 83708
24581 44556
26011 27396
19670 93397
32971 86806
10670 65406
34319 60818
39623 56665
29428 71577
25065 53327
2177 56271
12560 78617
91950 92706
39290 99035
1600 56127
18635 25191
4123 42094
35260 45272
875 49755
21766 32455
73170 89320
19239 30391
22786 49650
14798 20273
75185 85846
18823 23559
44164 50376
39872 66820
40082 76463
66037 97466
80082 85288
82950 96084
31665 98870
45533 52634
66761 94122
32120 96624
3386 54541
31787 32946
52571 61658
31160 41633
10114 66551
74942 84503
27771 74783
13169 57941
16642 46767
39562 71270
18671 25953
6485 91740
3977 34014
13467 79173
19288 70716
1226 89759
23040 56910
27900 42017
29694 70878
9485 59652
51394 95281
20551 51424
40924 85914
35252 72412
22270 32306
9049 91665
13739 32097
18796 63089
49656 50117
29639 90244
34737 46393
48496 97368
2744 92261
49512 97564
664 3888
46888 81559
24314 65126
1342 78394
13133 59851
2510 60984
41669 79388
66246 70339
26686 31161
21083 21419
16980 47275
11885 33059
48223 85554
30815 64075
16660 19469
30712 46705
2521 59189
20234 75888
34193 82716
30479 79646
75609 79416
76429 78516
3435 97521
64931 94520
6723 66465
85985 97821
64920 65637
37796 54975
7168 33858
71635 76256
20516 34967
9517 28679
58221 66327
14072 85171
938 69481
30603 44851
69175 71283
40554 61684
16125 36468
33712 54311
63824 64085
44657 92574
83717 87666
47998 71917
2650 38003
32169 69961
26317 73323
6412 39909
29910 93038
22701 98962
40067 45367
32887 70934
21698 50858
35816 92437
3808 83959
31632 56040
58799 86816
14418 80413
9739 61211
14279 90323
45192 51240
65707 83623
39419 79022
22804 89923
82536 92371
84751 92141
69237 72959
16626 71136
52904 68355
5418 63716
18336 38336
38089 61815
56731 57789
20837 74666
26168 30204
32168 84327
5195 49730
50917 92871
5376 18866
34432 71749
81080 94073
41305 73005
658 21605
24616 65885
11361 49083
63448 93824
81856 99319
15732 34672
46058 61280
53339 95324
6389 28094
59502 78974
34035 72803
33863 60174
3995 90888
34912 95004
14570 63282
48866 57062
8832 95091
5821 86769
68566 69115
53661 58507
32796 89559
59308 97951
7547 85010
60014 97819
89045 92187
15616 26275
25217 30078
67917 82565
8592 56005
36083 72115
14953 84347
9141 22012
713 25662
13401 43869
25536 61829
20698 59684
63965 98154
41913 68199
19016 88398
65835 78256
65422 87938
27664 33340
65791 87178
24005 52666
13741 73972
42818 71233
25319 70402
19769 52026
15258 64769
2441 33238
29151 31242
20152 33265
52250 55535
28563 80148
39135 88545
85354 95218
13887 42080
51905 82839
57311 95968
36483 63970
58691 61219
107 53821
10944 74308
15256 52460
66905 79455
31445 38974
68171 91072
67566 75810
93821 95483
69401 91802
10947 57551
8946 56973
43740 78268
35640 89364
3966 93838
58324 79869
11332 86110
50728 85975
5348 52136
11252 27017
26115 39034
25309 41677
52155 60756
33325 61100
52759 68430
33747 88044
20362 98755
68051 95938
35763 90335
57065 59476
13545 67309
60034 79278
62875 63177
68972 99752
37700 73310
24785 37975
20226 66229
8084 43710
8942 24795
43468 95053
22461 39244
38355 62972
50616 61541
19212 27779
22726 80552
52922 55583
16678 53689
43068 78415
16939 76167
61934 81298
26390 87950
24695 49716
7265 9221
42093 65905
16266 25536
11877 45099
9361 26589
26101 43987
20476 89351
70492 97070
26544 64885
81106 84402
28874 55473
64893 78470
32366 71634
14544 80359
40049 82216
48051 83699
14582 97753
632 50011
45268 86686
50497 91969
12831 62788
9581 78259
32746 74073
48948 55829
18652 20507
36044 66651
44766 71644
48822 80321
78082 87929
28634 61892
56648 71487
29838 74010
51616 60618
38478 55832
84635 87227
87041 95672
83263 94617
19886 27719
1809 52174
3478 24552
40043 65147
49960 82172
56389 84329
36141 36523
45449 76690
60431 80695
70874 91587
11343 64627
25258 82855
6849 38038
38751 83328
64985 96419
3293 22637
8056 52635
53155 95218
20905 41330
26746 53030
27561 99709
76832 93018
9408 88076
59026 77817
54398 91669
71584 81845
26782 49136
62839 75918
6005 97589
12648 86321
64469 74430
10765 82318
13416 90876
23021 27060
18221 95918
7469 73307
61796 76931
12392 92553
41678 92955
31667 82924
30344 76694
26578 72130
45149 62052
60508 77559
4051 56658
28579 39466
43574 70742
38793 88849
19787 58113
20316 86042
3267 84970
61806 95938
20440 34961
32017 72300
82883 92977
16961 50406
30124 37333
20863 82611
32290 71465
27454 34927
20426 22501
70199 78663
19161 91881
53871 55731
21404 77663
16036 69590
59238 79395
7903 20808
28329 70457
47454 56466
29733 43354
75532 93663
23408 41888
88881 91264
37733 76418
967 39096
33989 51538
45370 67111
87123 96212
38910 76883
31910 94942
3335 86090
22332 90343
35773 39661
35570 82548
68987 83056
25461 40174
78309 98722
66438 91586
20046 87068
30506 63495
24436 80113
63107 69991
14868 75520
45476 88576
37613 54367
1202 16548
16872 34558
18910 71046
50192 81674
40129 56348
38141 80024
66269 71054
21935 57135
21811 22163
81115 90848
40355 84662
28547 77467
5710 97372
50097 85975
44229 54447
15996 99368
103 40690
74948 81365
45517 95268
61491 69219
38297 98518
2236 25858
48224 71731
29182 43959
4741 82196
16319 73641
19407 23094
30802 97648
45402 54226
22890 34296
22108 66287
27171 39102
34138 72286
63451 67166
10837 33289
31999 47031
6965 87091
30669 78180
44620 78217
50910 84710
18210 59570
85323 96050
26170 96059
90840 99558
911 89406
5100 69842
24964 41130
39915 49738
34947 35247
5651 86090
3731 80763
10492 93425
36659 82779
3853 58908
34885 47014
89915 93724
12498 93050
39860 83634
11783 27260
32491 67551
16649 89584
2773 22026
40578 85437
12422 50020
14041 72182
11665 74905
9655 21983
5507 20615
49418 50434
10152 71610
15046 44950
74661 80949
44331 48103
71158 97220
10370 64839
5238 36099
28497 81462
628 87562
38287 67412
57471 85290
62759 99744
26484 31093
77021 97276
26744 48250
11670 27901
9093 92922
42560 67492
33237 55836
19733 21715
12329 76262
39214 64135
1593 58816
49526 64351
52758 77397
67028 94324
10476 46482
20640 71443
11972 90433
19087 92046
60757 76910
55417 87722
5265 54147
25123 59509
8482 40284
6726 38355
937 74898
8930 84047
44137 54271
71834 85979
43619 96438
10734 95421
1483 37820
64265 67188
49587 97550
63072 73638
49531 62254
20719 25932
13802 32529
44636 58223
78889 97622
45993 57042
63727 87390
22677 61402
1171 66928
49695 62937
15602 43035
48172 92008
12035 88108
71232 92896
50897 85022
10373 91855
15887 80542
76629 89777
14023 17565
21808 41794
58297 97608
95390 99871
9720 36117
6921 89410
6598 37832
16152 38099
24649 91626
6302 76591
38705 42349
2501 73948
11256 80242
90173 98789
94993 97964
7777 17781
10854 38726
41529 71522
42255 78251
7976 96519
52018 87848
5158 7315
9232 89753
28457 95352
31363 77944
25511 58967
47520 85774
13661 74657
28331 94893
88480 89018
12226 80058
10472 76569
2593 25797
64591 69532
6937 12437
17993 62608
1239 64455
55599 58913
51052 87999
63343 98472
13327 87462
87987 91887
1872 16424
18335 51071
7315 41520
24370 70633
48726 86353
42200 63090
73455 96035
64156 67175
28255 61266
10064 59706
46528 70430
84071 85957
42413 62316
8772 51174
24545 99590
40070 84866
28650 49042
2013 36594
4729 62494
59867 65502
5737 80146
48434 99034
13961 44937
30180 69820
9349 18675
10382 76226
50414 58435
71232 90814
36505 95459
27800 50561
64489 98036
18411 21739
13911 71749
7514 43809
53817 60015
30619 67344
9369 30106
62642 72499
54255 55189
31997 67461
52736 84532
10283 75563
7484 14684
39184 83788
17604 65944
72580 91137
80399 97286
45175 92130
6006 49027
2642 69475
17664 21680
35119 59104
5098 32145
11134 24616
93033 95388
78575 89792
7515 36734
90664 93011
52850 66899
46654 60322
53479 96927
77592 81136
11012 65457
19449 82487
13362 83172
25455 85927
9534 19913
43325 94966
61767 79886
19478 57310
54686 94073
30716 39556
13638 99474
66219 71887
31781 71726
13701 95297
83453 84096
55256 78530
37636 75380
14990 74949
50055 86385
34054 37687
30097 44339
66881 69745
15364 86678
72886 88737
14895 57613
50279 94208
32432 78221
35070 61767
94021 94498
5486 35520
68876 78738
21210 92316
33961 93909
78504 94705
61272 69621
35832 87525
15904 55555
81271 82561
83134 97498
9757 48746
33376 84529
63845 64277
34842 72009
16197 37336
11682 56774
23443 48825
40413 66656
40473 85752
39625 48291
75813 78801
4417 30825
35744 95449
28534 49262
45385 98139
30101 55914
65688 81013
47740 68396
60147 73179
64581 92614
63087 87915
3552 40006
8672 65512
28794 34060
8925 85482
64094 78328
48867 61694
37429 43568
20091 97141
35376 88723
39810 94437
26211 29617
56888 79802
55410 82531
6492 97488
9578 30480
47587 54189
28476 53750
21306 79629
36008 40843
33732 75237
71111 96460
46067 76119
7945 44663
26785 97001
16664 81613
49180 96820
78027 95158
81155 82428
41492 70382
33664 62966
36736 52053
23992 84042
71071 87470
24102 55406
18800 60175
35982 45962
932 97179
13679 74459
54861 81944
27872 65379
17563 38091
8122 61576
50789 55857
1702 70113
14053 98832
55478 57148
23415 35960
48577 73364
21180 46759
1722 15974
48416 53460
11370 19895
30773 83550
69121 78139
57259 98614
2695 19853
13564 56448
4627 65769
52755 57796
82610 95888
30138 37215
11053 18894
6933 42990
47457 83474
38405 82459
10893 31392
16719 98233
963 98021
13337 44871
31544 60551
23605 41714
8684 93198
4919 99340
24675 81092
1979 89710
69471 89310
79517 98586
71635 82980
5217 35863
97472 98014
28840 58413
57730 69969
67403 96978
14933 18736
19551 86786
11705 51180
9073 81806
88132 89625
63279 69608
4638 12227
7898 98620
55452 97990
53350 74215
56133 84617
28991 39871
2634 56755
2708 45866
44213 73677
7604 85369
55942 94061
5137 54329
52611 85033
22810 25590
64525 87681
60949 81377
53847 94485
27661 35630
38076 62779
23040 84247
40446 70608
16730 88746
42571 57007
36552 79062
35242 74244
1005 49168
8868 73756
9491 76815
70551 80506
78695 83257
38686 41725
4657 9249
55365 75975
29686 61104
32570 98123
23346 43723
86335 90760
20537 39559
17501 68142
39858 86097
36787 78287
34775 69736
76727 98825
10111 75532
32703 49428
42296 61303
38132 67978
50864 69210
86168 89175
59370 88410
33631 55999
24726 55939
13468 32016
56380 98871
29629 65570
61006 87855
24955 59030
10680 53525
397 29453
53044 76328
30912 48997
29315 71697
45696 53368
57321 61020
15156 23950
77370 92479
27614 45830
17874 43993
37159 64898
94098 98338
23242 43469
38696 84138
6994 80434
28782 82627
11172 28959
26396 65886
40716 65895
26764 72427
10092 32672
20073 98374
21684 84499
73399 81864
62267 83608
18869 94038
13281 34408
58427 78562
14059 42517
53283 66228
2140 28610
6501 87603
46199 53303
17235 90078
9839 62648
65824 75903
19654 74978
22798 59363
60868 85998
35873 82193
64929 65870
33067 67248
2932 59708
33495 43734
30959 95000
64664 81038
41625 83497
14287 51995
7422 47334
68434 73848
5568 48580
76527 86589
35743 52058
19738 26411
14816 43115
49241 87652
40838 90261
50574 85028
22484 30755
6139 88412
11706 38303
27866 86049
29127 65440
60718 69429
3825 53047
61378 91427
7022 26477
27789 57139
6484 65824
2929 73371
74568 83236
1830 8599
23612 55190
42500 92258
34675 72131
58123 61603
3971 75271
20654 96893
69044 87730
61134 78877
12665 21578
36247 58006
1423 78464
34891 39583
81299 83424
81969 95906
30384 62662
53013 96629
7236 81858
21256 51638
31091 74766
25390 89246
31897 49244
4835 45300
24408 86275
37555 73762
34666 80361
11193 45261
22535 35347
46306 68265
65652 86868
35808 41144
22287 68497
1830 43106
28142 83517
41105 84675
34810 92546
19410 28070
620 76374
38310 77185
76997 93245
25037 90712
36379 99916
65431 95224
86289 95967
64170 73100
32691 91530
6013 31608
55374 64175
25601 29317
41247 97335
13563 72981
11541 39952
32381 71010
1741 48891
28217 86491
4399 25084
26512 66316
42570 98047
55901 77428
61515 96398
20262 24107
12276 91427
3332 12469
27925 52288
10287 40452
37568 58052
77338 97758
7087 63793
72272 74046
7174 27241
23712 50474
58867 80922
76158 97597
7757 18375
64684 66802
57247 59084
61754 77293
33768 37683
44753 63445
3632 6988
91343 92901
65374 89763
4889 74798
17433 92728
14276 90076
5809 78966
15911 44499
40999 88522
29307 42800
22741 65096
17740 19507
25692 26665
11374 45122
34560 78446
25550 96982
4381 93528
36714 87596
28674 76566
20840 45292
76706 99350
25507 51203
41620 61506
507 75951
45073 52263
1860 4576
4273 32558
3904 18826
26535 88885
14477 41548
85698 93457
46601 63752
71430 89006
88285 88410
12823 20160
55912 57852
70448 78752
28078 37693
30379 89010
21465 86916
22192 35125
53566 56889
336 59776
60098 65892
63695 83681
29718 44501
8209 44175
998 54632
46762 93768
18446 28844
143 16855
11735 21652
62168 76519
50580 62664
665 28840
16401 70583
21606 96303
36074 70059
22672 56502
77961 91895
41366 77269
59917 90467
49439 71054
6553 82656
9766 26334
16930 96465
53454 93646
14344 29808
3714 36641
77835 95407
54289 85362
36601 50743
68915 69241
23623 72808
21208 37029
8900 52054
7970 56112
71531 77536
45665 72239
63052 86173
41834 80970
6643 77817
40464 85994
33113 68478
69080 96345
77112 95102
37574 38726
69477 81539
55210 71607
89127 96642
30770 94172
29626 87594
46341 49370
13316 90568
8963 22099
7372 81623
27206 34607
19853 52280
47077 51875
50614 76680
40273 55350
32519 73203
3584 71623
51335 98240
53244 62221
55007 82425
24135 84412
32604 81395
2672 51762
29527 60171
14186 81362
77752 81644
49132 53339
67003 79623
34521 49972
77425 89851
2070 43870
2196 27025
16877 50171
53434 73877
19062 85470
6754 70935
31704 73596
62181 75788
1509 25055
23817 26611
15949 67947
46204 70728
54212 56959
36895 76730
26035 28017
28081 46187
6468 73480
4214 29373
18565 83133
37171 54413
18016 23439
40944 44767
26800 52133
2814 44493
16176 78316
28913 44950
31000 41790
45066 61852
51348 53636
9673 54581
17789 20132
29165 56372
53616 92364
4347 9563
9937 42054
16967 43381
25014 74418
65172 83917
41233 56032
70866 88754
24306 93647
62489 76118
16917 91056
66747 78876
36892 40396
3281 61992
12809 30759
72443 86537
23058 98016
17805 44510
55390 75857
27299 77030
4062 81574
70666 93724
37846 70844
27678 72972
26096 49243
68749 83173
2598 26866
13180 24493
68129 93557
28449 78586
11337 64785
65139 94794
25255 29954
38134 71826
33630 51053
12028 53817
30657 82983
77603 79974
51349 53539
62682 96696
85645 94025
11970 16697
3199 88365
48707 77354
46288 88746
63325 87243
36011 45169
52316 89049
36254 53459
852 80791
60833 91786
65229 96715
9619 84974
46954 69845
7325 59810
24280 89652
19379 21276
25571 55819
16983 38287
71330 76875
17778 82798
14464 64645
1548 18895
54060 78798
836 35848
17232 78561
13218 30885
65170 91307
10956 37714
9119 70732
38105 80551
42067 70073
19672 97272
26843 87954
18447 83437
66941 72762
68650 87719
12128 15120
73801 84995
3578 40624
11817 12737
9319 11197
45039 72229
74083 91446
48349 54989
6214 60751
13192 18164
23771 90120
34350 95935
48283 70436
19939 64979
39634 97717
9438 88093
2681 91064
50825 54949
21523 59924
2127 90485
15967 41564
66081 90616
32952 92625
39816 83305
54741 99740
18339 73675
56962 78855
39522 80527
63817 67900
12772 87405
75211 79820
71516 73313
27225 70563
27098 84739
25134 51972
62112 71184
13485 44521
66831 93402
829 39527
72552 76086
58966 99948
56625 59614
6595 94939
38604 78500
18503 61377
19092 39544
34787 61976
5825 11559
76207 88712
42278 69057
17545 40836
34607 70347
26285 46588
27019 28198
8460 48152
9337 98141
49493 89116
38500 89271
37445 63700
5545 39779
8766 46868
20076 33477
34727 78653
15381 86450
44046 99757
10434 14282
63982 67194
38945 98797
40721 71588
16965 38817
12080 24194
25524 53356
53014 80783
12697 86147
71806 98310
4558 9061
49040 64641
7622 97307
78551 79913
30494 39507
34928 69255
33272 84916
76427 84218
18124 68339
42718 97015
11817 28530
16657 79092
20 25277
15225 88670
12667 75775
46408 77921
38603 67438
77506 77571
35491 53133
35172 48290
72519 83878
18699 82360
21249 78429
44119 63867
70892 96639
2505 8250
6959 29282
32818 88823
35952 97797
81328 87157
70502 79276
4425 4837
11130 37600
37758 74417
22744 47104
64760 87865
40 34806
29949 66365
25917 90808
35777 35966
66994 98941
7285 35227
64364 94356
49076 54311
8916 83423
41394 48938
9570 68386
51004 72600
4128 54002
8895 94011
2008 14255
32353 90660
39289 80712
40115 83615
3631 59941
10623 27200
48486 77166
24137 82106
21171 41869
55898 91447
85945 93526
53037 82892
53687 82964
13488 32020
19696 48322
42876 48414
964 56626
26695 46059
77711 84811
16400 72904
20841 29858
25653 90678
8049 76006
4448 28966
42442 95807
48016 87669
64662 77108
26510 47808
29901 87162
2249 22492
6564 95252
25 40233
31476 48296
8787 96389
1989 3380
27002 76108
26504 86511
31276 45371
59679 77668
15932 24836
24103 64414
54867 82185
10373 21636
48168 73849
57752 58119
56398 71715
51728 74294
8506 12706
50889 58479
8093 51269
11825 53361
33461 64483
17568 53574
34926 94652
30960 83723
13468 15563
3579 52099
2449 23855
17297 98705
11524 70977
58586 84372
1253 80082
31558 85010
46815 98865
2264 27250
12010 28169
70733 85256
14864 48934
48616 59696
10423 93544
70527 95990
40805 44833
28566 53854
41663 80372
19251 19791
44091 75573
36999 47014
58125 97641
1407 17764
10812 75018
26183 46735
37567 74379
77350 96519
46615 94291
4460 20099
2507 30800
5193 50278
35348 62501
17922 74702
36107 91789
56370 99038
15902 19861
4078 17104
8699 63890
51853 72686
13633 21312
29976 96840
60987 92243
9684 14016
68254 75295
37734 39619
9849 40734
39853 45168
33653 66432
13981 36877
5672 60043
18364 48303
70911 93384
9422 99204
76006 86971
42825 65353
51920 62861
87277 91891
17196 37736
36680 71910
21830 81511
47164 71209
10662 71016
23434 61058
8830 66593
30858 77751
9044 88163
34851 95071
26965 39568
5058 20954
17177 81677
72383 82558
22660 27513
59523 61777
26060 94412
75374 96620
66020 73756
76149 77994
23419 76020
11247 36480
23241 24551
57694 71629
87691 89117
11738 51196
31665 73297
12591 76885
73118 75200
22854 76779
69711 81483
4506 89483
3795 71178
31819 33960
60303 65319
23737 59914
3432 56511
40771 69045
14500 82742
16049 30909
1674 39439
83243 83604
30859 78240
18122 62147
94683 98381
57610 97695
61763 73738
2188 75697
608 886
31251 65981
26680 80161
86704 90096
25387 26819
24153 61977
82601 89959
27841 40759
69194 97320
25020 59552
78383 99853
19148 43149
41890 79475
27978 58387
21796 70963
46017 84923
58367 61376
9247 60236
32355 34846
45844 63071
27891 54477
3315 26510
45040 62527
40340 78068
8535 97214
56320 83239
20122 81021
443 3991
4155 20499
22824 44832
41763 56453
56010 68468
25433 37956
87057 91931
57339 92725
8124 51566
12099 40126
44017 76971
65725 98346
54865 66755
35224 51666
72803 75630
13808 99005
2182 65298
66769 73218
6009 68256
1813 78262
24531 77373
41260 53920
4853 9199
18795 47373
47469 56504
29114 36430
83189 94402
4313 66292
31831 67606
21348 30112
26647 28727
33882 52280
67525 75721
1050 21808
17482 82725
22770 87103
24841 77593
9155 89353
47198 55843
81721 87739
17147 38232
60072 90474
4069 32647
20043 37535
6374 27563
15561 36151
33161 60679
2064 62586
62230 72251
13365 90551
2205 85984
16985 25308
14410 62048
3685 50614
18319 18347
38822 54502
6804 66828
4731 84317
81226 85886
59184 85312
4670 15242
11271 47486
27197 69910
34952 69065
45200 90864
47833 49420
94625 94927
76544 90261
57048 85905
64546 90465
24513 98269
9559 47150
36713 94385
48945 61078
8177 25752
15134 68664
32415 52080
5592 31187
4131 65041
35495 77306
38180 91322
21113 91685
4564 45754
6026 56255
3765 50194
21511 24151
8897 60427
43591 97714
49513 73960
20966 72724
3956 76175
12490 51888
16178 75279
10944 39417
12158 72788
7347 65311
6173 83410
30052 69619
22011 34811
20851 25891
28978 94577
36491 83551
35854 90329
38120 92385
27710 47823
41153 89863
50724 86929
71721 72017
43000 95353
40370 83975
24994 78552
38393 52897
16005 37724
56130 93485
42519 97416
22646 76396
10035 88287
25329 39849
17131 57852
457 60254
30756 32693
60107 85348
8817 57522
26436 66089
92031 97971
63791 64736
40257 48341
69844 92114
48169 71919
16809 65690
62876 79610
8253 67960
54142 88455
6284 97953
17497 40827
60841 85912
39534 88216
29887 48760
3939 7093
13979 98803
9279 43885
87710 97016
8329 98121
2525 18841
18791 88416
13400 70320
6078 16532
26233 49556
18548 84614
69194 69317
212 39597
71716 73324
61636 79352
30910 83894
72821 80674
2951 85487
74546 88444
37278 62358
73178 85605
29823 68834
12409 34358
4068 31790
33499 90762
23234 74598
18984 88023
52255 87987
577 28259
30585 86209
20812 22616
12845 30676
32785 55213
42904 81395
72581 82452
78523 86375
37302 49561
86738 90577
44082 85868
39813 43917
33166 33901
51407 61541
12865 80965
635 54964
46749 47665
51775 66349
5537 75226
67223 80911
7674 41010
6427 6522
27343 31930
30338 31507
1654 68451
2703 14353
32115 60132
10715 71826
1573 11583
6638 21542
57012 61328
11195 99934
26468 96424
42064 56905
40445 55816
18825 77190
32392 43131
62443 65034
29804 58786
5606 80135
9066 92200
798 90765
40926 46030
11949 28042
74128 91885
47059 63298
23631 37737
21352 88133
662 94419
124 99811
66739 69919
10769 15286
40299 75869
20955 21947
38846 52997
20441 78577
34044 91498
20283 99113
43249 72302
12604 13096
32130 71761
40418 93889
51665 56452
1919 80586
15652 41306
14530 88416
38195 96618
2302 22148
24955 33914
1199 90646
9550 89494
31927 80122
44930 64489
24090 44162
48287 76813
5079 6452
62425 86087
9196 21567
32080 71269
58767 94599
72417 83560
12212 40474
44732 47800
73448 79714
55172 72758
88144 91289
53683 79994
14294 22010
61572 74946
14308 91390
1155 83628
65655 99518
50744 80017
60910 74588
69342 98590
37480 74076
36174 61244
59842 76635
14149 15848
4972 61913
29017 81141
2455 56631
56927 60085
13642 85219
3897 87056
54882 66754
47992 76595
24899 67003
21245 85576
20640 55308
7159 74862
28198 56751
42083 97997
53530 53573
6678 33542
23595 78418
6200 92118
76727 84287
13983 51645
12882 59353
16330 83659
19508 86018
9467 28188
6907 71877
39134 83179
73730 77931
7472 32777
7218 70611
32026 67859
17385 95111
35982 99635
60833 63013
8594 15498
24880 37925
68524 70017
27415 86286
52461 71245
34049 44197
37059 83484
58810 68992
33488 34708
8235 26054
24472 94815
8597 97098
44017 63326
1643 55380
15618 17000
631 29833
73348 84263
38130 98157
35615 44258
852 78839
41611 90164
60193 82166
16683 64510
19961 85492
4192 56531
49436 86275
21752 95914
46595 50737
16213 17783
41410 41564
34049 84115
6334 95972
9749 98212
1042 22952
54853 64583
6765 92336
81187 96050
47752 80827
2517 7946
1817 97036
80115 90516
25354 64591
80404 83822
15229 72838
23871 58516
42653 89038
37051 47860
22125 61183
32418 72882
16052 62789
8650 30178
41167 62245
9092 92316
44602 85581
54462 56430
11003 41067
35920 88210
24945 86823
62247 83554
35888 60380
42960 86499
26736 33553
67261 97108
26982 38451
20526 44661
50786 59696
46824 67736
18130 46735
43784 52829
26654 58727
25712 96164
24713 42619
16788 70006
34587 59599
39508 88217
15684 32410
29469 72296
32487 74581
71226 76931
10039 45918
2936 8801
65429 75275
9100 83808
3957 46432
13465 48748
42984 52740
13502 60222
16834 73053
9521 52613
47338 68897
18653 78031
19679 35194
4848 49432
8519 96493
91333 97589
3321 17822
10809 92192
52990 79178
78327 81576
43186 78785
26525 74461
43089 49184
60291 89519
39217 73950
83898 86501
44025 48092
87623 87646
68402 99577
55390 62728
17248 72134
20693 83959
12827 78081
42850 98454
8231 94610
25712 73449
8898 18921
10336 12261
38385 38834
15965 20273
14186 23192
38507 45880
60063 99318
12020 52504
24368 25151
14607 65601
9339 38356
9388 57078
70805 88756
62026 70774
53949 64761
12810 91562
87617 90493
61159 85870
13494 78100
59003 93198
23717 59360
42043 55511
38502 89466
26675 91279
58623 60260
86875 98784
59453 78428
15895 75233
25177 60472
48941 53851
3347 77979
21955 85558
30648 45005
38167 69429
32547 61311
16544 57555
4230 80070
1064 25818
41525 86496
31557 72109
49362 76148
34879 60244
2368 20621
37012 65050
78622 79258
57107 99406
35553 43277
16240 35877
57807 97104
18258 30904
68394 69354
70012 71384
35044 86408
28655 71709
7171 57497
17918 79728
3574 99025
64481 93296
30298 53122
58376 58977
47714 95940
2798 37476
19587 69562
45768 69112
930 63101
61968 90896
12373 53396
53972 81059
8623 42707
6254 86382
89348 89795
28712 40933
9833 58965
50354 87498
23961 94988
68210 87882
25439 92895
50501 84501
4570 94957
12168 20404
70858 99500
31917 89108
44320 74966
25355 42979
17513 41256
61284 72458
2007 28325
8354 69874
49041 57268
55034 86385
48181 56284
1670 72934
8483 83041
11094 15219
42628 58755
46907 82719
19694 39639
50401 52989
5654 92207
66675 79894
15203 27378
40818 48422
9748 56441
15179 63075
24453 83775
49119 87855
59963 71863
59562 70378
1571 8078
8446 72433
56502 61705
9111 94239
52095 86244
25575 43742
912 43091
56445 80887
2013 15584
24004 76129
15957 51473
21238 73217
43263 54545
3355 69723
40467 94210
39788 85581
8828 21609
57423 60513
34143 75370
5420 53300
34765 99169
22005 38754
30141 40216
23294 99272
8557 92663
48286 61406
40493 44937
50736 54518
8210 44907
21962 74453
43505 60278
10435 48498
65862 94844
18438 85971
81346 87776
78971 95815
45954 82943
2092 59749
79149 96012
54445 91779
22467 35466
39131 52701
52797 64745
18124 29442
7247 41137
672 30990
23789 60963
10653 82821
34249 97565
5099 77889
13599 17062
350 19616
4805 37140
26908 76470
33470 69869
42893 87746
39335 53007
24750 26848
87272 95221
55229 71239
83090 88130
10835 71943
32652 58814
65987 83939
47923 52452
55582 61340
21826 27750
53164 95273
84701 96399
12290 58245
44633 61577
14674 57230
6826 69988
38239 40771
6130 87134
17904 26433
15133 87459
21448 71960
36414 64058
16493 91958
46666 79710
60253 76683
54621 81609
95231 99931
84110 85311
20108 98650
42455 68428
1145 29778
179 21057
22573 31092
6202 68041
22866 62483
68209 97843
84846 94801
22128 35129
20910 49042
2375 3904
10985 80969
1145 62494
7554 36814
21225 45939
10272 67111
53410 70224
51829 72759
8358 57533
68154 79409
62186 86974
24270 30588
80279 84155
52517 72719
7804 26383
17174 77881
29805 94242
67813 68355
153 71304
56537 71793
56878 69990
32228 38971
31116 95075
29927 60508
18119 42174
9123 46232
26052 84995
2223 16379
49670 92732
67634 93513
42733 75612
44508 73058
19934 66828
45275 77842
34578 78411
33076 47903
12166 78773
45359 80517
35478 90537
27813 72059
10979 55097
49389 74590
1840 80577
15397 46385
6120 99063
1769 29316
26912 65004
28974 51374
44412 68024
70956 84044
26042 35402
45923 75410
14509 83879
71303 94784
36388 88983
56772 95715
10882 80250
26887 62821
5778 22379
36204 91260
25978 96819
2893 43407
41733 73239
21935 61415
6425 66499
71953 84304
85098 95796
32176 74708
3869 95695
10053 50756
47714 54017
13072 15021
37070 58686
26012 40086
51258 88098
91350 95024
4339 62026
58408 72658
29440 86394
2256 3272
13853 74167
16059 47385
23075 58653
17070 62299
73334 96040
42915 56978
22449 32016
27048 71907
77079 87438
16321 35680
51546 68443
58994 61304
13905 53499
634 77437
18717 73544
32309 67386
64752 80314
15358 75832
572 73896
30822 89155
32877 92158
8560 50528
8018 87202
74210 90670
64633 79489
59850 79583
87169 97410
58986 68205
54941 86215
41598 93710
9935 69492
3924 49457
22109 32772
16408 55334
59136 77996
13254 42614
47008 74018
9828 62526
55761 74738
13003 76973
90585 99550
8419 81818
85540 98818
55107 71125
19883 50157
14303 33459
34987 77300
28928 32063
5981 7912
26079 47974
22344 84236
2681 39372
24287 33002
9295 50302
62378 66338
3597 72736
10442 61741
63944 75930
55909 96570
28987 98574
80200 85088
65899 77972
39238 41093
27667 89531
2849 9761
51227 65907
19324 91442
23600 83056
41350 82875
61590 87919
35195 91072
20725 32518
5045 84484
33971 79718
8844 36899
23066 93823
11698 31197
3121 46042
87033 99836
16703 69282
70407 79523
12667 94478
70624 93023
89888 96839
16699 44358
4874 15696
15890 19631
50102 73158
46311 90806
85519 87698
68976 81108
52238 54289
82796 92091
21578 55673
6618 99463
26959 48003
9424 79842
37507 51841
16427 89455
18158 81080
21948 68485
8511 24708
45125 78307
61223 75092
33711 79240
25509 39136
532 53380
3638 10233
54248 89274
1497 68668
6047 78275
38159 66245
12796 44598
29214 69781
15306 88456
30015 53993
46069 58888
7655 57359
4278 15758
8974 31569
43269 52055
1401 11205
2217 59159
2267 16727
2298 85711
12493 64232
47502 69857
66672 68161
48980 76992
26063 83265
3163 7195
60124 96103
26450 81566
96419 96539
1442 90243
43904 68504
26552 27846
35929 49099
66920 95736
9017 42996
55045 83982
55117 81940
21970 22353
86954 91406
31585 76679
54607 99084
39547 58573
33560 40407
9232 17126
55308 90670
66952 82847
77995 99314
59507 81829
22462 89885
63396 92695
25120 87716
76501 77633
23897 43183
20424 22070
66700 91497
29408 43956
51305 97642
4504 4594
18845 49653
10548 49417
34178 92081
55100 70753
66854 71609
7248 34562
12850 30279
42253 67109
9480 68191
55365 87881
381 74059
24668 52140
35841 91026
6081 21865
10409 63373
366 90221
40096 51474
3861 31967
3218 26818
32360 81080
2228 55106
24043 90516
87288 89952
16621 97036
20875 76632
78953 87873
16379 62113
7580 97323
56251 80142
19468 73094
39640 47826
13818 62143
63120 84750
40163 76895
9900 23583
57822 92016
27911 28325
32203 38442
33781 40779
11557 69865
6068 7183
59685 70493
33103 38153
26107 63369
2687 46478
22572 34757
9059 76371
51649 69718
1651 84526
71743 80401
544 92718
19309 69264
13329 74678
10526 38923
43931 63967
37342 86706
16707 63201
38122 89480
15352 18172
45485 69226
4124 43614
41957 97796
34577 42863
8611 23511
14599 61032
38992 99755
9103 80150
15322 58446
3421 67751
29042 82710
40614 53773
19043 73896
10896 70194
33778 51612
35087 99760
57919 74833
13767 90624
17987 99395
57659 83179
36567 48892
24570 42537
8445 44142
13707 53428
48756 85257
505 37319
26673 71338
17818 28578
20401 77131
72780 99596
12274 88187
35907 75466
25472 36194
28472 40410
22242 30410
37164 50519
80535 82910
76388 97836
44996 99889
330 88347
59420 81868
42331 85034
42421 89253
1223 64670
28320 64093
21919 37423
16203 67897
46015 57226
4174 89102
38146 76014
67708 85479
6916 22768
53122 62915
31115 42331
10618 34446
13660 57312
53083 94930
38325 71804
47392 87015
13774 77643
24393 87676
23238 62704
20807 50999
61967 65759
20082 97851
4267 19177
23069 49868
67099 99777
44085 76317
27045 97105
41823 85389
20898 76990
18733 89816
10974 99104
5893 8337
31086 63181
64163 90672
61236 78022
8635 94282
28169 29947
32917 34800
61144 63619
16775 40621
4535 63523
80841 99651
17838 57407
49938 94296
9047 84157
34424 58455
47295 71996
15388 85872
43838 86321
4176 82535
30174 99518
42968 73697
3972 56558
40733 83910
25056 75072
46066 95754
13741 18266
28360 35715
33052 85016
19311 23072
25721 74707
40094 44817
31493 71793
1129 75303
22119 26170
58162 89486
5796 82553
42670 49836
48330 64971
10773 49971
27554 65687
10165 63363
24628 92963
29997 40152
22945 31547
27160 90532
2067 29940
35680 47835
46202 82105
89501 91238
18601 19416
37626 94366
2841 86354
52895 54688
6342 40253
81137 87942
3483 61613
12957 97940
11769 41041
30755 57694
50634 97768
36183 56161
7007 51515
20379 98054
6151 9667
261 34326
43908 55540
51351 95268
8648 25725
33345 44119
40240 52491
3006 61071
63404 76842
49056 82083
26110 62550
34794 68938
10884 71502
44769 78720
23793 48912
19207 19817
38918 72445
83457 84144
91574 97058
32265 73283
5185 41437
80871 96942
56819 74906
17809 97813
27096 40030
4607 83185
21524 29281
32105 51621
7681 38256
27908 57089
29103 67597
24301 64352
77863 98147
5341 82987
32913 82780
18435 51102
52146 88801
2813 11287
44406 54089
37736 53654
4481 65998
54253 58820
27343 64248
34435 63948
9717 20743
42905 67884
18844 96893
62750 74210
24638 36628
63559 98767
56886 72266
17488 95752
60327 82337
18287 29365
7014 58564
35571 70665
19692 45315
4811 35947
6759 63488
51040 58881
46450 64231
55093 81501
70522 93275
35730 72840
40295 59762
7279 67101
63323 71272
70657 95286
80476 89185
11072 86671
1875 88377
39027 68336
14885 64101
15953 56903
36786 64905
10874 23685
52216 56277
10286 96249
12552 14538
63142 97461
4510 6565
57863 92884
48090 61178
63645 94021
11408 77821
33105 75254
29960 74775
11745 40267
43660 51127
9540 12645
36179 71738
49995 65111
13360 83482
12337 98892
18071 20831
3949 97619
58066 63581
85113 92999
36173 96329
19087 86371
382 67682
71955 94874
57318 58611
22104 82934
20088 94575
73076 83469
3085 59604
31540 97387
18057 83999
26864 40253
5787 42992
49560 72469
41738 81696
6350 30941
10843 63145
53622 85978
10360 51099
7729 76568
39751 50259
25672 46974
45131 54034
2226 52123
29911 91864
19671 31107
30410 39614
5263 22965
25685 99033
23824 70487
33657 77393
15541 29780
67523 74182
38466 95212
9525 25089
41007 99464
32835 40804
55428 62943
17490 88983
59889 88781
19963 71653
51237 75399
56785 94474
7377 64610
70141 99838
51809 66454
77321 89234
22850 97935
24547 97056
40646 78848
43403 96132
18955 80233
41941 92815
42587 79438
54267 81347
39038 92074
21597 75393
47651 96216
36708 97552
36007 59513
12562 68325
6568 13621
6690 44810
14096 46474
96061 99737
41319 64991
10574 19647
780 27437
1913 29036
74283 80521
64081 88439
3680 11749
13163 45808
26110 32134
7717 44534
25596 97866
3986 60770
54017 68457
10742 31682
27235 65014
32014 55924
13753 58469
14788 61591
34779 54767
56959 84037
28638 86740
55275 93114
67322 89202
52305 95844
83788 89005
29572 59910
39667 55563
5414 39424
680 54466
13136 14807
3961 41818
40791 48936
51251 72669
9939 60251
36512 46418
24964 86174
22377 93264
28768 33840
49484 96337
37693 52438
46748 55295
2865 30308
38417 93063
29823 51363
34461 92523
19161 79594
95879 96003
26629 77533
25328 42287
11488 39471
43579 43706
65638 73476
14967 85617
5326 10184
17516 35906
23122 76277
83961 85295
37130 81867
1259 3250
27935 98960
60820 80348
45339 93845
77976 81668
58873 62147
25445 34337
2894 76503
24589 52659
15700 29269
57527 97284
23885 51726
12092 69032
23848 31608
26184 75959
8507 21021
44371 94502
91521 91860
7523 29308
12414 58050
654 45839
30008 34029
92263 99372
47717 60365
69431 73674
67538 94931
37421 50620
30747 63956
13281 70428
52867 86165
91765 94816
32847 40967
21092 26188
33015 61915
29912 49229
44820 77921
56918 95933
42562 81738
9600 88534
50315 79235
29221 34348
289 4815
47188 85704
70637 91944
30179 91513
23631 79574
54215 68209
28069 61043
10032 96451
20320 75321
32239 89548
6753 25986
46540 50810
34534 34727
59399 96874
7141 26970
24854 47397
8869 17135
39787 78292
41638 80410
21569 73933
7529 85684
695 13479
37544 71873
25919 39861
11989 65538
7190 20782
72457 78656
4989 17724
25833 81256
90966 96858
45275 89229
36743 80801
13302 77385
9613 50920
33930 79448
25412 35012
7389 79648
89259 99009
44757 76135
39437 82720
64389 74748
20660 64224
7994 66468
58242 66906
42075 62869
41063 62442
22991 59790
36282 81141
2989 15821
51896 96642
57621 60423
79481 80170
4797 84106
7380 56912
1825 97337
1346 92450
27993 33358
19751 97069
21703 94213
65185 93572
8566 94455
17978 94389
45720 91349
68873 93656
22999 63601
29699 57040
75207 94487
26171 37392
49699 74887
50270 77820
49889 70783
14258 46704
77681 93216
908 14262
32607 97226
45221 85633
10525 94065
31699 86690
49060 69159
22879 57377
5278 79311
1774 60480
78578 98768
2674 73523
60739 96664
60744 67711
8955 53940
68267 89842
20732 79830
5269 65975
14744 22818
42879 86584
4652 30679
58338 73124
15738 89308
22234 27386
8349 94311
29509 55024
57654 65611
28823 58586
12589 52428
53085 70946
43996 45015
26819 49930
40340 46792
24890 61114
52347 72055
38223 93154
18195 55488
51732 93293
86874 94230
47401 98323
42042 43629
45258 55212
40054 98609
17043 46553
13823 97632
24545 96869
4198 25329
45430 47232
7175 27193
21682 31856
32172 82813
14868 61200
13617 23341
9356 17842
25668 25930
47458 90158
35389 38942
38262 73241
41958 66702
14527 89473
72428 92745
7653 80223
36470 66345
6037 45111
37840 86352
34921 55285
29648 88346
8737 43234
48145 58242
14080 86860
12499 54942
45555 78269
16064 70069
47167 56349
40592 64553
29898 56454
71996 92583
51010 97758
88847 96370
50248 59151
1211 12352
50748 78494
10298 95029
3681 20546
16522 40362
13014 57970
29614 32089
65306 87277
29486 53387
5013 19633
28299 43727
62432 77285
18544 91658
34572 44978
31363 32602
3892 9650
7921 14716
5758 75208
7674 70705
1382 8030
51325 54702
80624 90475
43743 60943
17682 40179
9489 94248
12036 45021
44341 52484
58590 64610
77018 78768
55056 98790
22813 45006
9935 13717
1029 99921
41570 81972
21832 77673
35946 98596
54373 58470
50443 55108
50655 90405
62822 80037
14976 79505
75333 97904
26429 53282
25352 96085
78313 89127
73734 84722
8819 61506
9527 12709
2257 43121
25310 46816
11135 79644
13538 59880
22629 94867
5988 62019
56272 67529
52737 79066
91 38347
28403 48617
64744 90928
4063 63748
32902 76205
48963 77851
3805 51227
3089 61485
27892 43597
53263 87320
14099 41041
88114 97784
69538 71019
50426 57523
22023 45096
25719 46394
7429 59694
12560 22417
87786 97967
16273 75700
40439 72586
65715 82477
60841 83166
58666 65992
11664 93714
2387 19298
22671 64224
46815 48673
32999 75661
53776 56862
13638 72745
15606 85445
31958 86497
14776 72414
44988 75568
87643 97654
48371 94879
23725 49554
422 80620
72021 96202
31837 45358
32962 99862
36204 63032
36734 94867
9434 54235
50017 66129
70651 95119
19873 77634
2220 89707
21100 34049
5184 10981
19799 70673
16627 93536
65945 76240
82162 84865
24981 80958
13218 40819
8640 44666
40351 71219
15618 68714
96946 98767
58622 90935
90034 91304
27284 33141
1809 69182
51161 86863
38336 86807
13557 41967
11950 34096
39448 69510
16811 76875
45311 78397
80140 91102
2370 51235
7360 53684
81573 91382
33139 46581
83144 97487
70304 71695
6311 25824
15314 70647
23894 42110
34711 99604
27425 43947
7440 41104
40676 55003
4455 5130
7834 64524
35327 68794
2755 82974
41272 43347
11039 75042
54305 58792
30315 76388
28512 45458
25933 27088
87489 94538
8459 20632
9342 93434
8001 64464
22496 33805
17153 72312
1576 87609
72970 90668
47027 56393
17224 79449
62954 83539
15622 46915
33327 90293
47648 55864
17630 84661
13558 67662
61998 66992
40902 47692
12688 39876
41509 90682
90 91981
59249 78866
1566 48300
7136 41570
16964 96448
18374 83492
31905 41847
12360 53992
92689 98644
30814 44779
76677 84574
12170 52287
33464 64799
89663 98514
26050 89898
38068 75478
74331 76903
47035 70027
29458 74300
319 81403
45175 77268
3605 99561
7695 14308
4400 96907
1853 23596
4002 96957
24443 56827
38972 58086
11472 50396
13614 59690
88650 88948
31843 90878
56391 97288
31026 56145
44655 90661
75 36788
32967 65494
68397 85318
23918 85323
450 79139
45272 89699
57279 64717
46967 99479
17224 59123
21898 87254
83490 85064
43019 81785
1147 86723
76356 88440
7724 92812
7281 41220
4682 20037
80119 89901
60244 80877
80246 98495
15379 68010
18208 56297
6608 10120
30769 58255
57746 72867
19749 35458
20989 70165
46277 83310
18999 47324
30426 55002
18796 69541
48654 83974
48154 63675
11137 52681
14682 40490
13425 55104
4115 42700
2446 78777
5350 62219
56188 83117
41535 57631
6592 27685
72181 78513
4442 68300
59273 61975
35716 73333
50171 55825
5538 52533
33599 97008
13907 16622
23775 40622
56637 97621
60291 97813
30594 65540
33004 98793
51052 68474
10794 75099
27543 98086
9162 23772
23429 44061
9093 41417
19208 70054
1684 39444
29241 36908
54030 99645
84214 96812
54855 95109
31600 34955
83468 92811
25950 28584
1415 90180
6690 84167
21694 96714
15530 24735
37526 69643
34636 62737
34486 95379
5891 68992
321 20056
71028 73583
18530 31269
18220 64687
62472 85153
3504 29823
53979 84916
5635 51773
20099 49050
3640 42308
20917 31298
42797 94008
51838 96300
61655 67487
1606 8587
23607 66665
56126 68883
67286 72526
13255 55852
68946 86131
7748 19098
27460 81469
14765 96689
15605 59367
4748 63696
43752 92563
60316 63480
48288 84851
8024 77425
290 13690
25808 78421
6494 22328
35696 45809
23197 74777
24914 50816
35792 98432
2477 10898
30939 38563
80200 83087
47337 75537
20231 32779
16654 54619
25188 78180
37234 72229
53180 81640
11893 34552
50081 87842
14001 83640
38222 79182
3675 61257
9663 34722
11340 17616
13678 14256
1039 20733
30090 89193
24552 87880
4049 36850
48427 93029
66079 66646
77942 84106
80501 81688
73331 94801
22535 89845
42197 83931
973 33606
6161 75979
87333 91433
18841 28408
15426 79487
11879 41623
30707 89931
38507 64268
17722 72277
28119 98155
47337 97760
60711 90229
22613 59201
5120 64566
37967 71820
26479 51072
4149 20891
59602 82736
50837 67966
24341 50721
21375 60997
16308 36026
3305 93897
23549 76479
28424 82300
44540 76085
55867 92319
12667 48570
17403 83278
72328 98664
39440 53645
1995 4829
1268 53108
32786 99061
80733 82518
52197 60236
78267 86077
15410 17878
21231 23476
6187 14522
19220 37583
32750 60386
18725 91308
7426 46816
9085 31917
34390 44875
22551 37965
4513 93443
45735 75387
6816 74029
60170 60857
29548 91049
78283 84472
14991 45977
46351 88415
69063 95831
61784 83735
42715 86862
71067 84867
13121 85986
52890 91157
29097 70599
26635 32038
79279 83017
50768 74318
53076 69047
15315 89713
30789 93385
48488 50717
13468 43407
49760 83899
33118 48941
2223 53435
83458 97859
8145 84539
97729 98266
19909 31138
20279 82644
46354 50276
38529 52640
24932 35821
32819 70545
47943 72147
14323 51533
6793 90546
14258 49573
3630 40858
44158 70302
17084 44354
74995 79109
7182 36320
31044 31145
38857 67023
42188 93203
50716 65814
57018 92544
31648 43104
27698 86206
23035 36627
62657 94169
15956 85022
3912 25697
52344 89365
76393 80334
32873 38651
22802 73198
75419 88477
25076 93512
56898 58315
42907 49521
839 10347
58893 86954
61042 98672
5599 28092
67366 75306
14243 42737
32997 75175
52016 94166
73116 75984
55123 65575
55976 56437
6638 57007
75480 82618
3015 87090
39103 84168
30776 80261
42957 80015
66050 67163
2835 85998
1272 96108
51513 90954
9205 86701
15322 88852
19541 42787
74233 94440
30057 95669
9337 93367
76624 91041
93269 93977
17710 71759
64598 69337
25190 74298
47396 48375
31155 80826
7778 31786
10003 11786
63425 92362
66945 70911
47381 52739
55769 58916
40606 47921
22212 74286
32148 35283
58041 93500
58349 89193
66443 86087
24686 51611
40318 49058
4524 23389
69188 75149
11168 63017
80922 81399
40003 56583
18746 33418
63644 91935
32294 56841
22575 31152
18448 53938
87388 96779
28971 44610
4041 70373
41551 80152
18900 63598
48905 55823
45276 71610
1745 76372
6650 63803
34796 64710
46555 81822
69436 83374
9632 29736
9743 88751
74207 76415
29818 76155
81140 88683
22346 38608
28769 80672
21892 45873
70347 95523
62367 75838
52179 79203
58160 97349
38618 56767
32325 63171
12545 66823
6810 92930
56617 75341
34423 75397
10216 76071
67474 96336
6619 61106
74506 85664
9156 87221
45848 50488
45270 67871
80735 95284
39083 53648
17824 66291
2964 5207
23853 56054
14385 78155
41203 45282
24448 90904
60385 61031
40831 73639
15355 51832
61886 84975
48402 80291
40538 66667
38235 99004
57679 84314
20767 25113
57746 85095
53682 60153
23474 33131
35569 73235
72574 91914
38381 91700
33588 67501
35787 52948
20499 80488
85484 99485
28470 82377
19142 51157
84169 85237
27113 64301
17220 31736
47431 85380
26712 62363
52430 64205
75749 79969
87398 91404
78517 81826
11410 28354
71599 86849
25863 36879
63423 64125
64650 85858
51054 88696
2953 4716
74470 90710
28601 97758
14703 20202
50894 68465
27227 35970
731 90903
15456 39652
3425 31716
13566 19656
8189 51726
2709 96359
58767 92679
41048 60805
48904 57747
62407 65082
64822 72560
2356 79507
50664 94037
49612 61980
16632 32131
7891 95059
47630 81978
23374 75656
5299 92066
57231 73240
2928 42022
49657 92066
19962 69339
46647 93938
16055 85479
19270 26490
46896 64985
56897 93195
29981 36126
23617 42599
51103 69985
10453 75616
31313 62022
14682 19983
23155 43778
21356 61941
53625 80352
17697 81475
24199 84451
36232 79718
6896 33169
7982 45596
11043 93921
35961 95946
30417 64570
31445 81518
24535 32629
19028 40888
16374 33623
3109 40190
11402 21546
27960 78578
34122 35137
27021 51357
45660 66429
13941 58175
22893 53756
16690 22722
57598 73605
46618 98996
22867 24694
66493 86796
11374 27080
21037 79390
14840 24273
13443 79787
23070 45977
36913 43203
19638 95466
33736 59328
56836 74553
4543 44219
62299 66007
76361 92217
90914 96814
42923 56466
48303 72504
40830 68542
45899 67768
3981 19288
13441 52297
19170 20288
53200 76611
2005 47771
69600 92695
73503 85617
39691 75826
29027 55614
42435 87028
64315 88128
63403 84747
5961 81615
7145 53343
3962 21716
22868 53157
10764 91273
12212 31960
21880 73655
7065 10812
48542 62504
28220 75671
2502 71699
81902 83912
11028 45652
7985 76005
23167 50510
9273 58860
35192 45255
72420 72736
3581 79186
44849 78645
50162 57226
26783 89181
49577 80710
50032 54162
44238 93247
50982 87711
29445 33817
19528 33347
12203 68925
56793 91762
16623 37520
7370 93877
42477 56519
77456 92754
37143 72777
14534 20853
17817 77246
11473 54612
21872 97074
57077 83293
4047 44060
3877 28355
14638 33806
25561 71296
82643 88220
74863 99513
77061 87308
74279 98480
52970 88949
74113 86311
3385 88037
5105 90949
9991 80295
9170 13414
58729 76622
43816 95816
58876 70929
47810 56776
14503 26344
70115 75943
78640 81435
37779 62730
54291 76544
50079 69892
37270 66574
58274 83865
40715 82950
40416 51155
34530 95785
45171 75313
26877 48602
8062 98545
15023 86882
76936 91023
48225 93716
2069 10023
17684 88748
51065 54850
87557 99762
5151 78504
37803 92532
29743 92457
21915 59013
46921 86850
66719 72761
18671 45628
2701 19750
520 20820
13170 21407
40612 67324
21158 82769
9285 88059
59658 90148
5447 38722
11041 13914
57205 63832
940 32153
66195 72574
38572 46913
14228 43214
21732 37431
8609 73354
51184 81012
3119 73292
26040 78719
20609 44046
19945 70400
24206 64243
70879 90627
4123 16291
49618 76819
62331 85267
14168 25161
32994 73177
38239 69053
4562 12670
21727 89061
52829 59187
32439 67331
5052 27514
47018 97281
74829 88592
45222 96773
57826 81822
8607 10637
47797 75296
19596 86323
40862 49265
72471 97562
43160 99900
13109 98508
6603 8645
51624 81932
2356 97148
52693 74573
640 75494
16284 78905
13499 65476
59529 98727
16569 45679
12383 67940
49742 91318
28401 73446
50667 91681
53084 95783
34142 36058
15809 22447
3342 78810
22966 47123
50639 77567
18274 26969
1249 36832
16351 66187
18641 62122
23416 24381
59866 66107
18379 66523
29041 67889
19869 54915
78780 94025
67931 75535
20947 49955
54499 57667
44258 59823
21579 77870
24663 64223
72119 81860
10286 37955
35230 56002
88028 99596
19098 69296
3980 33553
57552 64844
43007 68939
51556 85483
14582 53836
26515 97950
34565 83477
6531 49744
52731 69112
59677 66013
55228 78400
18250 23434
51566 99351
17769 92095
40973 95537
57081 71010
3256 16461
65045 87184
20939 90215
19261 84211
38211 76141
54949 82989
68952 83612
69372 94142
86064 93947
62219 68294
76777 86026
6950 80120
36882 39524
31073 47776
46774 99272
82436 90754
50180 72723
55144 71087
49631 75253
71747 82634
1892 81467
63949 90830
82850 99631
21969 62469
3494 27700
51120 92437
18935 20354
76457 92654
45977 57655
47434 87561
8990 92841
3499 98249
72389 89067
9484 97201
22969 99174
37982 96694
52421 55790
62390 67604
53138 65620
28366 55220
7610 73615
1190 71239
30929 57803
60046 85837
51291 62876
7895 54430
47 12893
2703 35361
25557 89339
12405 40896
2544 81736
36794 49633
8784 98188
26459 97482
20301 78231
6623 22992
28609 44430
37875 99020
24098 98569
7838 27051
27526 80603
9335 66727
15830 23922
15368 62543
3398 81452
27495 38196
4449 29259
48322 67605
32805 65573
9191 96354
52624 86889
28135 46980
25064 53714
29902 34863
39274 45998
28705 92408
6577 26889
73426 88027
3720 36425
35607 90751
38494 87341
46966 57488
39006 45496
80438 99941
44269 46381
55223 79928
6584 90746
8276 35754
14450 31371
87125 94443
17440 94873
12737 32291
12574 45507
9633 67357
56502 62117
14874 54135
71489 96269
31242 71045
67472 89812
12979 58876
23432 30481
27754 52048
37765 64867
62342 76181
26819 46303
8112 9761
46221 83846
42029 49282
12904 73033
62497 95190
28120 59556
51416 87672
16893 38334
63570 83019
66818 84122
41629 88311
50095 93344
13032 14734
30091 75071
54294 65336
18150 71828
68924 97733
24466 34076
91309 99855
21849 47065
6598 67386
62332 95548
33773 67627
10364 37651
36426 67716
33725 40105
61660 67620
52520 57352
19961 55240
63337 98684
80423 89257
21668 69661
30420 30786
38298 60232
75151 85815
9520 66643
33087 83446
38428 94162
20156 58292
1826 14196
48995 94282
66992 85821
53418 63546
40652 82724
21977 22102
4219 13009
32371 88355
36005 62278
15472 26584
21889 59898
43352 45728
21567 36335
22431 28180
80915 84395
41165 51109
73845 93641
13329 60908
70175 90745
25411 64987
53749 56601
59496 88673
49892 80777
337 99894
35386 82588
49853 81846
27125 70728
11268 65838
16598 22707
30553 88786
34079 56975
38919 56203
51311 93449
44916 98933
71827 89951
68254 78820
51655 78848
53736 58879
1143 80825
25519 34498
74973 98312
21280 75002
13108 77323
66800 75338
3010 5454
36366 44615
13661 99262
18241 46463
26683 58602
42155 83506
29079 72768
38792 80021
44361 89348
88424 92703
63411 88396
39199 71620
17278 21855
13957 66790
55268 57966
1855 98744
54251 84677
58254 68017
2222 91222
42128 90895
56029 97970
31207 87075
45265 95767
45863 50291
25174 76742
22291 46805
22036 70091
63831 79956
27540 77019
11737 44252
14195 43057
40907 92310
30513 57659
77819 79417
44461 58281
73519 91260
35134 58304
28267 93813
30228 45701
24060 79923
62215 80089
16219 73372
36808 68974
12979 36218
38232 82796
26059 91012
14660 58931
52546 68068
34037 43195
202 39877
50276 99059
24059 24793
38305 71368
40124 60374
26796 48719
14758 50441
64874 78596
75913 79040
18969 30381
11019 38516
32245 58738
4465 50469
34965 83367
40043 64589
33353 53775
50175 66796
46052 47666
996 77273
33176 61376
10305 74335
3475 90842
38988 83011
86864 89556
20220 31818
56485 95295
18566 94578
72581 99333
57174 64317
4717 13223
4592 50221
26303 33331
55936 79776
16194 38745
24291 52485
4419 7224
13600 39895
16123 95011
63080 71841
25384 66781
1202 7015
36527 92226
4303 41690
48313 90319
5150 33302
58845 92779
40965 60692
9337 36536
45903 98289
46210 92213
37806 95777
18845 94543
91590 93786
2539 11950
38377 47046
9393 65350
5945 82554
54160 60938
84910 85462
18068 68056
14101 70275
28507 74879
43964 46027
9253 89711
71667 73746
24324 66011
11999 76589
11654 97776
81735 87518
79828 92814
78980 94484
54441 55341
6615 41840
36528 41837
22419 59683
7239 62092
19060 65460
22130 30822
19737 39348
25065 98999
69426 91220
43379 99159
19093 33795
30595 40613
25338 53555
10944 58626
22876 91384
52353 80996
32746 62137
14392 19466
55654 78648
6346 68853
56880 87154
59566 60722
69529 72823
89462 90935
7373 59014
17284 62173
24058 87562
5179 14068
41376 67064
61480 64747
7953 54791
33039 67954
13473 21926
52419 53740
544 42139
49846 75491
56895 71549
20512 60893
44619 94375
18589 30319
2292 53399
64974 69418
12598 95257
1168 86804
18508 25732
12470 60514
57726 65234
1008 99016
909 50184
18848 83150
51314 53374
45688 69440
9895 95338
65229 84918
39229 59369
23815 80406
275 1520
447 13062
43159 58042
2741 17251
64160 86481
40475 42153
22735 59996
15279 44236
9195 56276
2302 44142
50759 74233
68222 74699
9578 87598
6440 82060
36152 58653
38541 96269
12192 22597
26630 85653
67310 90748
64931 95827
9688 56730
54163 83218
25068 37665
51509 65368
2971 77776
17545 68869
42556 83651
11270 39600
3478 32151
162 76957
38470 71041
23281 25039
76916 99698
13324 58340
6378 11015
72533 83715
34438 72649
3746 79003
6044 82101
34547 92817
14930 87474
11705 89311
22087 26700
27139 95629
54839 58889
31718 70333
68695 74504
30202 69204
9335 18797
91734 92194
30549 59938
53885 84472
35928 96316
19716 54515
88469 89472
9738 46601
56475 60655
24860 25946
39671 69671
30129 30920
25972 65956
12473 56499
35331 56312
8429 88048
25887 92983
14933 23314
57178 98242
21358 89464
23128 44744
27991 53934
63157 99157
25661 27365
25829 55140
20228 21799
22488 82199
51821 92808
42632 69565
82231 92578
7941 38135
41812 59719
59228 75547
21630 37458
41083 58023
53079 56961
7953 54535
10692 63501
31793 62247
21776 46587
16548 79997
70126 97878
20062 82172
53759 71230
40407 49072
1142 72767
69442 84703
79287 83577
12942 90148
7338 27724
6473 38389
9587 15469
40282 46106
36814 86491
58028 79510
12678 46424
20517 93721
21319 30710
30243 32201
30149 48708
43811 59837
39472 62094
29692 35026
10209 33578
42865 54983
45690 65944
4849 93332
9882 49110
77647 79510
79764 98588
44167 50580
68317 79804
56716 74414
56009 86962
67305 85318
6689 47203
2644 58936
30442 53411
57075 57999
29317 85270
65246 92186
5362 36869
18308 48647
13520 73130
23941 83968
53729 89336
17864 61770
49492 99794
88616 90724
22252 59072
22113 73210
11271 33180
16337 96851
49234 65563
79821 92623
6108 97817
15368 34450
67769 68664
976 97983
1730 82747
43331 88502
26968 62701
6746 55132
98722 98987
13483 23534
2272 10529
26750 91185
82780 90167
28227 66205
44940 93490
7526 24502
16609 20242
8656 84814
13719 87221
20407 99579
8694 91928
210 32746
52649 92944
34109 45459
29122 47546
7841 63693
62935 86813
5508 78176
24717 67660
3874 18382
54820 70137
69852 85246
8820 74535
65606 66949
16684 66696
18963 35653
39246 67775
80378 82338
69855 95021
37570 71997
17870 61808
6828 77696
10070 67928
51182 90618
26327 46702
22516 65662
22819 36104
38453 83951
43920 99988
19787 27622
32113 95199
22681 39610
15950 91914
57269 71198
2129 98446
12345 93800
4295 37968
42519 97829
83781 98573
27613 39372
57202 75751
9677 77639
81346 92684
68912 76527
33026 66338
25211 63312
31309 55790
33479 58081
38897 94758
82015 84530
51047 80801
58587 70917
58835 79265
70664 85708
25389 96361
51426 84739
59251 84425
64507 88770
17573 25075
3169 63386
18759 69521
5126 6671
79572 88794
17125 55333
22944 26398
8156 46099
36550 62603
2710 24098
40145 60181
17923 73649
648 94723
21331 93920
13365 49753
15032 52790
91634 96257
81007 81103
38852 91807
53849 68984
44274 74676
45406 58201
16592 41358
48 54326
14744 80932
15446 94681
42476 51571
55662 74556
73678 83867
4128 76187
29137 72367
28599 81823
62680 77661
1837 97764
46359 48567
34425 65662
66641 72456
63852 70582
14584 24068
17633 75773
17179 58403
72625 91207
15913 52142
5718 92920
25816 77301
60257 70652
34348 77501
963 7287
19158 22129
79025 80990
30405 55837
4541 60711
22098 69508
18752 72655
21284 44373
43626 99640
82828 88780
11161 88465
28131 80378
40072 97511
38717 87052
57065 85021
56401 94491
45773 94962
24695 89866
49545 55838
87799 94929
54105 65654
19177 47790
53185 80302
62521 73438
8272 65190
10378 67930
42960 89895
49351 83552
39297 39447
11710 40004
33979 61422
20834 63581
25961 76597
17274 95996
27005 59768
40313 86757
15028 15833
32268 38378
83844 94144
7301 69809
56661 86894
47220 79925
44677 97979
4255 72982
62962 93460
73229 74342
10226 99200
60901 64934
37910 95936
22356 77493
79153 80405
35434 67490
4644 79625
51104 95534
63604 71836
25092 33672
15797 94106
51789 71831
51528 82905
38922 70230
18644 94657
23275 73843
1253 85787
4776 20625
58200 96415
23032 62630
8087 36035
69990 87626
47185 77978
9433 63095
65921 89507
35138 75530
35016 96930
21690 51270
42314 60282
6218 18464
49279 97235
5911 8410
78102 79517
14261 84909
75260 76480
21391 78974
24979 64401
34306 64832
42277 85753
72603 80794
3738 56632
24525 67470
30009 69959
67494 72844
58221 59321
18982 21888
27690 44369
9233 26241
60519 62320
3372 67442
47893 86407
49107 71476
26285 38072
85174 93377
46408 49999
42045 84973
7717 81876
14416 35185
70054 78951
81596 93257
73947 86219
77656 84809
30375 41254
72370 73239
60296 62557
32629 57913
22875 29816
13803 51256
9934 58584
1961 18558
59255 74403
66267 79367
29102 98775
29420 72483
73493 75589
3312 27563
48192 59198
45227 61210
30680 41459
32020 58903
59694 72188
62229 88129
44835 62057
21845 62938
18874 60222
3586 33035
18432 54876
14903 64296
77207 87904
3516 10874
24387 31237
44663 50147
23196 51540
26034 89056
14836 32421
15282 88920
22984 78821
14482 51270
69835 73709
13773 90114
39532 64567
26401 49130
72813 82836
93036 98683
6564 67980
39234 68606
3642 95445
29376 89309
40479 71237
38227 58765
13680 95721
34398 85111
3451 10688
91287 92907
57864 78066
55327 70888
59979 82375
17320 47982
16681 63038
50013 97157
54969 93431
21996 30093
48746 52954
74552 82237
16294 33499
56166 96231
49298 60217
6103 56888
79913 91447
1968 56236
29113 81882
50870 65092
35728 76587
12073 32232
7511 54952
45985 82255
71339 82380
50065 93006
30725 79843
25563 39908
46880 59126
1427 67601
31035 90281
73886 98512
13300 51151
7868 69218
37337 55777
58552 76426
30857 82034
250 64587
4275 89413
21802 87744
32136 39243
43006 78122
71674 87100
5342 99796
12058 65928
3536 8397
32210 67878
4562 39042
1048 53967
46851 60497
86059 90559
18432 28786
55746 75653
3163 30170
66245 84061
29347 57324
59261 75609
44488 55413
7726 55428
37006 48673
27639 81232
1507 79253
64651 81549
54406 96145
25841 69119
27679 91309
24955 90792
760 10280
54618 64969
15446 41672
28964 41857
999 87092
17312 78135
20728 80552
86530 93213
3163 61136
14704 86961
68402 70264
17344 75121
52723 89026
10337 21814
28055 45403
5101 93666
23936 92962
48882 67252
24786 59775
16181 85193
35082 76886
60945 87871
12527 86318
15293 98980
27453 39500
3152 42499
8217 68204
48073 57751
64642 98921
66511 71477
67190 95090
47504 53962
5228 27118
29365 56006
3444 5586
69129 81899
52547 61629
70246 78960
48745 88218
12561 94074
86615 87818
2184 96450
9716 97223
1776 95328
5969 81872
12090 45545
71301 85456
38078 94264
30638 43813
14936 57451
12345 34840
39684 54563
18178 18915
35499 50598
14261 44723
48818 58710
18236 45445
72578 96379
50901 79377
32633 56704
72855 99060
49350 70181
22024 67711
1522 44870
7920 40023
15645 89993
26375 86564
35052 72202
17977 70911
14406 91737
48532 78221
43754 80212
35713 49738
65368 70235
5161 30195
37127 81545
57576 61893
493 98402
7734 65177
16613 35106
18179 63275
41234 51599
8212 98016
82207 93235
10084 35821
9394 16608
31052 62691
15974 29665
28562 67530
51422 71688
44332 53776
17386 63855
28646 65337
42145 45363
42032 57464
26177 76195
15855 74515
82197 86349
72844 82924
23299 46445
30583 87285
30934 40991
16709 55364
2120 60568
39667 81241
1887 97962
75116 79883
38931 89924
15468 27079
6263 89798
64908 76686
22250 56446
35475 63534
53987 73873
56610 57371
2042 54880
41148 49054
21254 88505
6095 57439
74879 96726
13311 41192
41507 93676
39601 67306
74526 88861
66827 71803
5605 35493
61924 98358
12207 62788
44658 86831
39895 99349
5543 53633
67395 80398
2899 83432
35748 82878
22264 96765
21772 62495
46532 66110
24786 78586
13625 38949
76596 82494
41088 96820
42667 75834
67664 79838
3992 43952
34158 74650
2123 38735
42881 71067
423 93042
37572 50667
13906 29111
40846 95624
38284 80880
10765 59890
29787 57423
24495 84031
76812 92487
11691 30360
33802 90670
75473 79698
12353 36703
56833 75927
66398 89652
40265 68769
67545 90488
34164 39241
4136 31634
5865 46677
15344 50970
39889 71143
7626 73487
41027 63366
53337 99069
6214 25024
36650 81564
1339 37190
77453 97081
67749 97268
41265 62036
66344 72250
27639 72240
14228 99253
1713 14285
993 22096
8231 94497
22591 52276
25996 45062
16913 66694
38426 82003
36299 85129
32351 64338
4848 46604
17401 95408
43722 78730
65044 88855
35476 53644
30282 35387
716 25508
23299 36488
43589 56666
91075 99718
3507 56918
36988 58195
40942 66056
16311 24820
36851 61999
638 63244
6570 10429
42879 59234
5902 30829
36076 36173
27693 80153
31664 69060
5120 34931
41763 57220
8832 79916
17756 47367
2308 71618
44642 74029
40605 59897
7100 90655
53772 53958
42864 85602
575 21557
20605 44776
21110 69506
37146 42777
35361 40073
32112 45241
3646 70159
13973 75126
72943 84768
44804 60057
10189 56742
41568 67012
10129 91084
42797 72123
66718 84803
3337 20800
35383 68521
49912 86456
2927 98033
10455 58887
17618 48376
3321 41155
52261 81593
43112 50200
35091 60810
16887 16978
56713 73662
47489 85385
39338 86730
33949 74519
3196 49541
11475 20991
25635 43985
14150 43710
76893 78416
7658 83469
72997 95935
12265 82541
54518 55163
2452 44269
84047 95433
81809 96373
36352 88224
5033 15231
70276 76716
15452 46728
46836 82259
31344 80513
342 46857
10550 99943
40659 57279
1888 58890
10574 55361
28634 70541
20256 61267
37459 96072
34116 42639
24852 85685
86683 99818
59855 88697
74615 95108
2731 79857
5268 38077
55597 62743
82693 86221
4192 22477
44831 87788
73980 75821
16162 79812
30028 58583
46577 98677
10021 42346
24832 37058
15945 83409
44112 85342
49023 66970
36208 37477
47048 55139
29871 74108
23372 28141
3234 39855
4655 80561
49968 67505
34007 59645
3000 43253
56450 71570
17214 36372
11106 20342
17899 26218
19255 97129
5587 56173
60668 71689
8936 80224
36559 60042
4997 62969
25747 68482
32506 38442
6142 6483
12002 47493
41871 86308
2616 23556
42826 73221
6877 40647
26324 97536
44521 55398
66512 76244
63817 88474
13201 25192
12940 72813
8033 9696
32230 75709
2422 60502
77984 83298
67998 88601
62262 91365
43689 89948
15397 77316
1513 52991
78530 81615
37178 81273
26209 96958
51123 56137
7497 33366
34834 37873
52856 76754
12533 68119
46702 59939
70279 99735
74929 76845
16463 73031
50102 98279
4084 99426
531 96150
26318 64801
51857 63160
65074 70941
53558 82247
57462 98818
35870 50158
7336 15855
37063 93553
47745 71910
37564 74881
57792 87572
34677 67241
63776 88073
70519 85094
58428 72738
26486 54030
12540 55199
45532 67294
17187 26645
65433 95829
8812 10411
46614 73233
13055 90619
2262 64929
7319 98719
28097 98559
73694 86266
10049 70452
54749 66982
39867 93185
28576 39098
55010 81936
36136 50462
26449 96173
32577 53245
18916 39669
66028 70961
13938 51722
3982 13477
42992 79904
2320 60832
40940 50901
86592 96491
22436 83724
67364 91038
34435 68626
52024 77480
933 48881
16457 58341
78233 81527
34410 78186
82328 83656
36497 94304
55593 89817
15020 36556
62289 90889
34959 46188
60940 87403
24557 39855
86387 98083
49182 83167
7924 32469
84402 97383
12517 45255
50226 95972
39120 74985
17654 86392
65672 73146
82951 94515
4245 33175
10956 87085
71790 87834
38949 95777
92469 94851
74780 82238
30098 92838
46462 83800
84866 85481
22800 82079
13547 29029
18047 40363
226 4064
39100 73271
71584 89622
56232 81258
4471 10910
87221 90149
4602 15602
41624 99196
6526 74575
62596 71890
50000 99967
31492 57248
63483 93661
37183 90418
29734 41549
16216 72012
38986 65088
25238 98805
8148 14692
27728 30224
13148 64905
33699 88959
39031 80460
52410 82293
13493 42212
60196 99541
45428 71737
9612 41983
18823 62666
3896 25676
46360 75943
67462 87768
2104 61054
23927 56970
5734 44631
40896 93804
88490 93178
47917 48032
68938 94726
27804 43677
75022 76316
70733 80391
58415 62226
37167 85498
85833 86522
44011 48615
68757 97562
48 46650
24921 46175
68713 84337
45802 96132
10875 80899
77259 78035
10220 85672
46943 96590
76836 81998
32798 52053
1233 19555
45982 72572
52270 52715
63781 66728
51773 92528
38391 53533
40568 67010
60217 76794
27628 41740
60911 86923
10533 95282
14916 75594
44470 62299
50275 93001
57605 71627
66257 70487
44435 72214
2978 75763
41750 57295
34415 39958
15302 25385
87419 88425
50242 91310
36590 84681
36068 56225
16851 39182
10372 13492
443 95056
2496 70779
64898 89743
6670 77785
7327 12668
18748 61207
42262 48936
55084 74992
79117 88418
8248 61803
14094 14588
7186 85687
2628 22479
23411 60160
3254 25685
22931 88918
58673 96868
8617 51160
31892 89662
61704 66140
67266 99111
52999 67167
68830 79014
73787 76084
47929 70620
22266 42899
29364 97487
1888 4908
4316 37509
74149 82281
19343 63615
324 731
55056 77518
65227 91305
7394 91922
45297 69040
13342 41491
16605 39600
81405 94248
2068 70271
46929 96011
54510 85143
7415 59770
48408 57619
25451 68597
62441 92998
21846 87340
3912 45687
47707 72332
51045 60248
62477 84302
21004 47781
40633 61010
81825 85845
11302 52838
40029 98043
8332 12359
11628 41919
58209 94153
24873 55235
83388 95869
6386 34229
4173 67665
36612 61951
33420 67567
56732 74362
55240 64643
67301 71582
20344 89007
54091 89725
4144 6664
24055 26441
64440 93933
18734 61201
22875 84810
37494 64010
25538 70940
2468 39160
44711 55434
10827 16765
42674 96242
958 18632
43974 92573
29442 45876
29592 49487
71079 71471
58910 81789
21517 86895
74457 78838
35528 99923
8426 41227
3831 11584
19592 80353
32750 89821
46495 82837
44387 44789
78538 80929
23652 41977
4457 25742
27012 94898
45063 83360
5468 38678
43805 73160
62168 66843
40091 91434
33972 48902
9733 63552
30502 71328
55190 69436
59882 62697
16062 57897
50410 77018
20159 27920
11703 51182
26573 97310
27338 53764
36024 79488
65452 91422
92392 97248
29489 49066
32605 53525
7425 96206
66589 83079
1814 31866
61078 96363
24290 80282
15178 72391
11028 63528
63670 70344
39933 95607
44254 59308
54428 99181
3600 28215
69491 92059
22433 74445
40921 66863
60717 84103
2785 40538
41853 91138
49828 96857
54993 77544
3400 60424
26360 55099
27102 55716
20577 50395
17043 60800
78542 80739
46048 49372
36364 90151
10811 78408
60122 61385
34023 99922
26866 50415
59433 85813
31651 73119
85474 88426
59483 68679
7798 67815
8830 55053
12759 55408
82067 94997
77950 86959
16703 51976
3507 86555
85285 86776
4097 66977
29349 66145
93234 99677
14274 52167
16658 50421
64110 64210
18727 25208
10381 55383
1625 61519
60844 80490
70927 81790
19230 45182
39562 57345
1602 49870
52736 61279
5975 61305
50274 60925
68682 79068
41073 54810
26882 50181
43645 77575
45038 50594
5757 77530
83732 93125
18110 90447
36933 95828
66811 77895
15643 61342
33333 51536
414 44341
31030 79551
46945 53088
5527 17042
35521 45426
75758 86625
507 22530
26929 77083
77031 82837
14211 59069
6581 10038
43839 95518
50304 51154
10562 33894
43589 67650
53297 77383
4642 45963
15364 96351
21148 42168
66130 76325
24918 60043
42300 62815
73671 84261
12376 81301
11342 24396
54985 60576
27818 56746
66342 83258
37120 73058
9228 93889
37412 46256
13793 91502
64720 69457
30320 34731
1348 83175
12973 94896
42662 43391
65075 97913
13886 44389
89656 91396
93107 98115
38099 81239
60372 61642
27171 90461
3374 11286
34078 52128
29579 85186
20911 42467
9916 43311
9692 94286
3692 75608
41232 59205
58716 73368
53765 87374
67354 98091
15752 80250
31374 96582
36817 38362
4108 19027
2952 31833
18687 86147
33364 56695
37549 83069
13829 22393
30980 31569
44933 63244
10314 14135
80223 81663
7718 10307
12499 60543
82105 83659
86747 91259
3736 57605
46238 86121
23968 37059
17946 85019
3666 82498
27206 80261
5519 34736
26617 52168
62046 95037
75969 97013
29929 47489
5581 82115
17240 46200
50170 91537
22459 52417
88339 98666
39242 70731
5995 43950
11257 50952
15719 40000
23226 73850
52910 75311
21478 67771
38152 39696
23842 72290
31121 57364
12641 85002
276 62886
25030 67224
23873 97041
49476 50236
34932 56843
18065 40958
36826 47231
2693 36620
20318 42975
47891 56979
45105 58115
30096 70597
15980 62192
32097 55676
32526 43609
49753 60260
17481 37283
65548 88481
62924 77827
30372 36331
8427 59112
31218 78914
24711 82925
8751 78123
5472 17681
16714 62819
71354 89293
84848 97763
12785 47608
23604 90602
11733 32566
66971 73492
31756 66627
6728 54334
76008 90714
62281 91888
10757 29479
40759 68044
41127 51434
98040 98119
20774 57808
1569 98836
12918 77992
10928 45059
37519 71307
31920 33830
871 61305
72903 87954
8505 23887
7505 62083
3474 11041
33249 96246
44322 57209
65982 76120
17550 90832
64982 97658
2198 67168
44477 73143
26530 95041
5038 43109
72748 83797
23345 97015
5469 16090
65884 80319
73449 79823
10288 62526
7265 78436
33538 67625
13472 56835
12829 15329
60791 89571
18148 41329
1267 22346
42356 65480
84326 91194
32746 44581
87126 93589
7819 81280
11629 81258
54500 86541
69966 94252
15407 70208
8059 76641
13944 58208
5286 8080
692 52874
19892 23756
36361 92780
75843 84335
7565 12059
90201 94736
8984 16169
56318 97794
55880 68606
10900 83187
8324 44273
84141 93136
37283 54329
81112 98614
2180 15394
8767 64053
40224 67229
9151 22481
10193 87807
44576 52211
69558 95343
44611 91127
60891 65510
17449 81692
57387 62403
6658 55500
55519 99258
20368 78581
4388 33234
36425 85905
37591 67304
59620 64119
35813 54556
2688 54041
25425 82954
4894 9348
21142 68455
1046 34863
9199 54883
48231 53196
22738 26526
38593 67843
9406 71890
64257 72428
3626 60248
23381 50476
15143 50118
65121 77578
3503 14450
3125 29653
44595 62608
13391 47113
69868 98430
32146 85793
36136 77130
11535 85991
1332 45774
21781 96078
41344 71018
49987 59664
4880 60666
15106 16854
3500 19341
4589 16079
32450 39898
7116 17556
80210 92428
47640 54022
18345 20799
51459 57995
51060 95018
60842 87579
30642 68816
30066 39379
674 83332
35906 77002
13972 48745
17504 47410
54436 97338
3739 51461
32245 65594
78739 97641
77869 90539
64110 90176
65620 90503
25694 27173
21646 61568
75777 78056
15736 21391
2461 26818
3652 50955
10623 82438
3966 63326
15404 17441
10562 93492
35430 38981
88531 91452
73975 86813
21076 68186
17107 78098
46539 95848
79597 86299
8581 11824
26745 84588
45779 87809
32324 89099
20176 61933
10879 80771
33335 51510
7174 85116
60284 90778
57708 87054
8133 94740
37838 51791
20389 86171
20513 84762
50918 76018
9874 39877
50596 73429
55189 77180
5695 45367
25255 87925
12829 93291
141 57810
7260 45208
31802 62723
18749 73823
9687 13888
17703 37343
11826 67399
56803 63971
20589 48645
61188 79241
5837 62276
43876 55700
1050 15946
65485 77099
67300 98717
78549 96167
73643 76529
27348 70944
45129 75842
76973 80527
9733 68056
4491 18291
19486 30829
37150 60032
13193 81735
15114 25869
21567 21646
53021 93886
5307 85596
23233 89150
26971 35786
19458 98226
24779 43777
40370 72623
21371 24588
12922 26647
46936 89763
10815 54816
9273 46608
55728 84443
70784 87304
69059 91974
6528 37839
54351 89039
4290 45811
83404 95874
12098 51437
17043 43338
33502 69326
61443 93521
38633 53036
18715 36630
22356 79873
2006 96798
53878 56974
12529 47925
13814 63735
40148 66585
54765 77549
3239 87908
64011 73701
22448 35197
71958 85371
64724 82933
61944 82254
69884 89007
34353 81938
14143 68025
23433 93632
2418 28500
4780 67218
59863 63315
69881 75318
25292 36065
65816 85455
68901 96210
38336 95744
41307 95545
10360 29869
23276 98084
12360 87392
39042 93371
55853 85617
28121 94152
25028 87842
50477 89521
82155 87756
29288 77276
60883 94368
14205 66040
55597 85906
56908 57122
22346 68196
48054 86606
1813 56072
20807 22441
7665 56291
21814 44706
5198 89775
4168 83023
11938 18563
23932 35680
8099 54222
33877 87232
41479 64967
31430 64182
40351 91710
8275 84229
68191 92251
27515 76798
44787 55963
36036 49332
38403 81423
8259 43255
4146 18910
21660 93747
41494 69395
50047 98636
76564 95444
47184 89641
53930 79056
39247 69387
29041 65207
18520 87765
27189 79476
39211 98513
1643 27231
58845 81126
199 48271
16705 44507
6573 98726
62915 85991
13117 51907
6538 89029
23993 80226
50282 77364
22473 47365
43466 99927
23428 92067
5816 58426
53243 79340
2814 61686
10060 66273
15139 21987
5949 41885
34308 83370
36605 82351
48039 56079
160 15821
51860 58087
25419 37572
14054 18113
25914 37313
55989 62217
23556 80287
31555 42487
30777 47948
69262 71492
38605 93528
503 63022
1908 29366
28936 80658
7331 98655
39146 72519
2363 75385
77334 80371
40391 73060
48267 92466
58917 64446
6729 9737
60029 87353
66946 80892
2437 97214
26741 27849
379 52555
12059 75719
10079 59091
30346 44094
12105 14675
161 52789
30067 48485
82980 91132
55337 79963
16202 70383
15494 42448
60253 78221
41786 48862
15997 82371
5600 6181
48301 88320
3661 10849
34291 62970
80450 88124
37164 46523
17387 53686
37708 70989
19277 55872
10673 14479
68934 80337
37002 91396
86122 94879
15386 42967
31715 41913
55364 73250
18072 59930
24737 55194
53005 65776
13057 73486
17227 75196
33375 69719
4055 94466
40380 63613
2679 39180
35436 55723
35617 60893
12 58883
29157 72594
69706 73162
65066 79963
679 65209
30796 38191
25911 29757
37423 87374
47534 52680
65130 77789
37080 71210
1751 32703
29975 78500
66555 83243
26650 36845
62678 90433
46865 74141
12126 32505
20982 69673
2358 16997
54112 92225
93264 93366
726 72629
17348 98770
21146 36650
22520 51750
9347 57739
57854 75082
75998 87258
37529 64685
22476 46621
49651 52682
53819 71306
15595 32700
30134 63836
84569 90381
18438 89963
57431 75374
16219 76396
1081 96419
14097 83647
67499 82750
44293 49341
35333 89282
33136 51405
31403 77537
6970 36014
29245 56616
8288 33045
60387 65368
24286 37739
43383 79362
27208 35627
12396 98374
30933 55234
38359 93044
65748 68296
43961 61516
40965 49002
29950 75265
32539 32546
18230 63337
9258 14759
57969 95620
21718 40995
47257 86027
23772 90080
29859 76381
57827 96871
15071 67970
18206 75705
1975 41462
73083 84305
59661 86485
92251 98505
26328 34663
12910 35158
65054 98842
8448 87229
18360 66530
13482 74538
928 45024
51908 73969
14455 55942
53144 97839
26039 98336
1089 53826
13922 85110
47891 54191
22333 31069
23920 32359
80165 84698
29111 66757
33850 37368
4234 18113
56281 76508
21273 90277
6869 87122
19471 62084
19864 46875
67810 86995
12090 95037
7059 98828
32584 85686
68289 85784
24707 50968
17663 96805
27511 58604
51463 62126
81363 87991
68599 69180
5207 12874
15423 33584
44167 85266
33734 70404
31765 39753
61626 95633
10536 15941
73637 77913
8664 11890
61268 61331
12951 55656
80471 91566
25696 47999
71046 79631
32400 51461
48979 54951
11919 23138
3200 49802
32549 70800
1967 48578
6364 41601
6533 17666
14124 97265
21560 40163
47578 90514
32752 70314
28835 82137
15232 33777
52779 74007
45385 96257
44195 50174
2395 61931
15455 64134
4558 75235
53631 55949
20071 27077
21956 53061
36888 75881
64987 88016
69977 83408
68744 99854
17911 67412
33664 64927
16895 81648
14941 89044
70233 77334
15617 73416
52711 74147
38667 79173
36615 97861
26845 36880
3847 64075
1521 29541
6687 95750
20061 22725
14653 64863
34339 59618
16405 93492
32763 98035
21089 67946
15750 72269
38345 76854
11356 26433
23039 74178
72700 81899
26430 53632
41773 54125
385 80956
24076 24706
44254 64267
36974 44303
425 70258
38633 91630
52080 88079
70631 76174
46771 56626
88967 93890
10741 35668
15150 29644
10137 86540
34459 87532
44995 62221
30549 80677
553 63519
53384 93846
12046 56639
23621 83313
39679 59212
15879 90572
37635 65263
8496 39488
62951 89757
48124 92449
25815 75754
13608 73838
77305 95383
16046 80151
11713 96391
9206 95920
24502 45421
3597 49772
24634 55506
25919 66647
5070 7923
52473 57779
3965 97256
28886 33255
78364 81649
46842 84191
29639 60745
45417 96780
28244 86807
10934 81030
43567 44455
80092 82903
21957 35380
54730 75895
62176 93615
33961 37442
28398 56576
957 51143
238 84005
25761 29846
17136 23929
35593 71069
11299 96054
41536 82762
86430 99643
64000 65298
16898 21933
45912 94190
23577 30487
9581 51582
30459 73264
44524 69856
2568 55988
47512 80797
17379 18834
43644 94064
12839 96991
67348 75348
16133 64609
75062 90296
68942 85930
32703 58029
11202 89862
6561 34029
43114 59791
56373 90704
9091 63956
752 47440
16537 35794
27180 92543
6262 40729
53929 88925
15201 24049
76075 87646
61922 80045
24132 54017
71009 80085
26325 90492
50062 51011
16394 40498
16992 99288
30701 30961
64386 87055
80386 89205
58331 99436
23423 37548
59253 73698
91525 94552
20061 62933
16522 43751
17552 41829
22812 23913
30064 57103
585 63320
95149 99112
55071 87505
55804 97565
3080 28966
45009 65629
5675 18006
59123 92323
10911 43775
6435 33082
4659 72689
25708 69251
15080 61323
87793 88139
64493 78720
44835 47712
17184 27835
4115 97726
543 38644
37151 80668
90004 91956
39039 80010
13002 29010
65650 96084
37177 44619
63371 73762
67321 93331
26804 36481
9864 80040
48740 84376
49479 89299
51205 54001
51070 94733
18667 99984
8351 71414
32179 99110
22983 80570
12684 57977
61216 98208
26044 28301
27579 86530
51365 87276
79052 91116
61957 63460
53309 82949
84094 88467
30778 47470
36683 80286
58799 88312
69689 86338
4044 66453
9101 77078
17873 93906
82162 98376
4537 37706
65885 72047
38643 70844
39419 96559
71026 79794
10554 26772
13176 61583
40715 47009
43311 44952
53200 85681
4458 53260
9163 10994
8505 26010
1283 61904
60300 82130
3352 91225
40753 98874
39780 96757
19876 36147
50563 55236
62027 73171
12492 50427
12064 88171
11309 97687
69867 85919
4869 37647
54871 72843
38777 90287
10301 58963
14461 53365
55730 83072
23853 62301
7727 44949
48516 96260
66525 72618
54046 56915
25926 79466
61004 67402
29968 51673
4873 98916
9564 52260
52095 88769
25891 48469
35504 90715
10729 79481
62359 99911
9331 32541
2101 72385
39506 50066
336 48098
72044 72305
37607 46714
59967 91962
83294 93282
42633 84876
41213 93480
496 23704
22840 30552
11533 64378
7868 72650
22723 94281
64536 94559
29035 65909
30781 72292
70624 77914
7157 29245
22827 45030
149 89961
51153 55404
23787 32404
25477 47316
31495 97265
17498 19103
73599 80206
51892 67537
53794 64044
32938 64973
3988 55517
63121 78925
24611 68613
6858 71111
26765 70197
54287 87176
46649 80991
20861 61944
33325 43560
8822 28461
8174 77220
77906 95359
42985 59720
35247 64866
9583 49101
18985 77236
67105 92838
39397 47945
1214 74329
55823 95617
27820 78985
43583 52495
13338 37221
68638 91640
13507 96816
91061 95837
62994 71801
40320 87716
18941 69026
5252 36227
22740 65277
37016 37874
5733 56511
39892 56344
13558 62601
27121 42671
12944 72428
70347 91894
22243 73661
68369 79143
15776 95219
27523 52298
14204 96927
41101 86040
63550 90035
29854 31618
4307 78662
38120 41238
35028 52140
10969 52640
12359 76488
1378 71158
42751 58453
24459 39924
52398 81374
70952 98614
8185 88466
52378 72087
5417 58311
75378 88674
13992 97249
28691 59219
33714 59688
6531 52952
88576 98560
47832 99881
6709 44285
5453 85550
12684 83890
71995 79705
70023 95457
36231 58320
24999 95482
14306 93479
37668 59778
2306 99936
55838 73288
76127 97439
15579 96338
2501 91245
14643 99213
24151 87785
59709 93165
9485 23808
43722 88967
34229 57875
12918 38554
12650 29835
10735 53035
65531 84177
21250 61886
10061 93825
122 89609
24352 83255
50697 87757
14080 63843
75202 91794
47594 59697
2115 38251
77646 82878
11240 88974
73956 83561
4199 82758
87424 91054
26302 99486
41319 49661
42788 70990
5635 68992
30904 89362
8242 73044
22869 38859
46996 74983
59100 94756
88211 95756
59363 65489
49994 70597
3183 72777
49625 70736
40333 65071
37459 44875
17627 31953
35834 75425
5145 31314
32420 43376
56432 92253
22954 32432
39831 55253
19134 48496
27787 67341
6805 52287
43694 58843
10046 56711
28260 41620
3523 19594
29768 84873
877 5080
23795 94112
24686 42607
66648 68396
15340 28302
17056 27087
25934 82785
14920 48312
24466 76278
15087 51800
7506 8470
7740 49509
248 36526
79770 95417
59931 63610
77392 98839
47825 57942
54438 98166
62333 73916
34003 56751
63598 65894
15316 87791
5064 80613
52224 87960
3701 27157
15627 17600
72169 94744
791 99605
9549 47217
27419 74800
54760 63799
71557 88658
38882 43153
52031 76053
92647 96998
20700 92449
32201 38918
12215 45729
33909 97977
8549 70311
94412 96377
31276 59748
642 46463
92219 96782
20251 45991
77153 86572
43760 89850
860 46418
20586 43133
8897 74140
46431 92544
12437 30844
43448 46661
56221 72965
11727 96823
48792 70409
66 31715
75669 80248
6826 94492
38703 52101
20895 79309
24537 63874
1434 65892
18758 85224
70903 74062
15868 64177
75255 89862
12505 68364
28844 37646
59108 87277
40456 63822
31355 95197
6378 58115
13019 89775
32435 33894
3633 78202
57861 74156
72892 95433
94016 95334
11345 41222
20080 46131
2159 68048
45219 58311
13189 31986
33385 92281
16322 75118
381 48218
8105 22989
70237 82794
34756 88666
41579 64200
56043 92757
9291 60363
14549 99476
55879 96532
46962 95685
44455 56042
7891 80060
72554 84375
19711 27058
44431 62327
46557 82595
56780 63897
9590 58750
64080 83928
34276 87661
11682 13329
46251 61538
13983 31229
5589 65678
17652 42138
32281 81025
1521 79883
52452 77386
62257 78841
6540 63624
22672 73086
45880 68819
14877 39955
22073 31033
39007 60369
26733 30080
15904 93459
12020 83539
2840 53501
40623 43522
13079 92520
7680 58484
25743 49796
57608 59953
62936 84710
9920 36957
68960 70505
4437 11918
49383 77994
22585 95709
12695 31402
1533 52962
48849 74461
1566 11742
4941 92662
30350 77954
15711 76666
57335 85917
75089 99180
16823 66944
38744 98033
1774 24774
48904 84619
82812 87045
15480 85692
13645 73859
76343 77551
39534 84131
44726 79753
26649 61697
2407 69454
5093 77254
16769 88482
1105 48345
23784 55795
57188 74612
14443 75072
19935 44335
4592 17282
15003 83347
10757 35816
16087 70618
45718 93791
79293 89229
39498 88342
43844 86714
21552 77421
62058 70797
56233 71905
46805 53209
7572 93688
1704 45006
43210 99356
4225 43811
31596 93323
35875 71298
12470 24322
14422 62114
3189 41308
7678 39714
29420 36168
28418 99723
75457 76445
24436 32522
11611 82728
10586 46646
12400 98652
34672 77882
36515 44893
38455 50962
35573 84049
4404 80660
45945 90633
60319 62783
19507 38300
33720 70127
36424 68428
3879 90749
53566 68631
49129 74062
75182 85376
17235 49828
43108 99983
81856 92123
87754 99884
60585 73375
26120 45936
80386 95115
4165 50325
24767 82333
27602 79816
1517 16920
4231 24384
67866 72164
41891 66836
22546 75057
11129 56149
37314 78436
45944 81202
48319 95221
58358 84463
4556 69118
41162 52355
17806 66812
18243 50471
27247 40242
26487 58400
48309 91748
54025 96802
26714 63045
13359 89542
47296 47712
9002 59091
663 98190
59631 83234
45639 53517
23744 27954
17516 67706
34087 45901
53238 89574
24143 75860
41427 81099
45010 47398
68482 85957
4997 17684
38967 83261
78965 87435
51145 99726
28021 65901
58997 86895
16086 85887
13647 28871
15863 96990
25315 30314
46239 64394
44787 87200
21322 83533
46989 54013
56274 71837
5749 50309
39321 52530
1759 29140
17466 75114
18061 33193
12281 40432
29132 55229
24168 29454
17562 54191
18358 82224
58212 64170
21480 28087
29901 74972
10008 75079
1948 14280
76788 80550
10245 24638
78771 91101
62149 66267
7154 14945
55730 72027
14558 62466
66369 84603
3425 53515
25600 96781
30228 75771
87958 88345
71286 77223
76707 89448
32732 43083
56911 75296
59114 91200
17360 74518
14835 87883
6897 80821
31053 89570
63691 88469
2577 80473
22294 85037
26134 87462
55073 90057
15933 58087
4876 82453
24594 94654
84377 93034
20964 49749
3208 37691
21761 23331
77466 83239
16460 20414
23631 66334
54618 99048
32427 93740
11567 58190
26827 45209
58691 79578
75891 91597
52411 99846
23491 44705
23173 69718
43524 57190
30238 51897
5087 33479
7786 29509
32144 91081
1922 16842
49505 84819
46779 81889
27559 29432
29329 70028
48405 74221
43839 59397
24061 44849
20838 60642
64223 68856
27668 49383
35484 53927
86836 90212
43690 55779
29894 37962
67572 68361
85674 91664
37574 68369
57948 86658
7618 32557
30815 60448
2585 34146
7326 49005
55759 99521
7463 89700
7296 77948
57986 89054
20273 72031
31993 96100
8004 48157
24203 34505
1059 6505
43429 43709
61276 88306
65850 67006
2174 63330
57651 76616
26895 73221
5497 34251
9978 58061
54143 75781
63619 81438
30312 99321
87345 97763
53055 82058
6860 32360
32832 84216
12084 55348
51431 94477
77020 79121
66804 79027
27926 74204
579 41814
21340 72115
4953 6929
11492 12013
67096 93896
48319 98722
75982 88844
83767 91649
5092 23263
29077 60619
62240 66294
30487 71437
12719 44722
77885 96116
19062 46238
2446 14544
22763 43692
21862 76502
62881 87661
39609 76435
81803 91763
39007 58271
12319 49538
58960 79560
12347 41911
14286 28678
9441 90527
43194 78354
7113 87119
8645 94420
58702 92131
64509 83779
54983 79492
60150 99567
3349 35707
40457 70778
61675 99781
1517 56634
33501 52336
12505 30917
11635 60806
3319 12348
87339 92070
66524 84319
34132 87021
21814 28779
17664 27896
47745 52156
18718 87773
43586 87978
40548 65944
46359 70878
37775 80538
63305 75468
2565 56420
13416 55223
47542 72574
12659 37745
36386 97865
35904 43716
48419 53988
34234 78251
39620 64041
47237 96173
15180 60057
35380 42267
40280 81390
17396 68627
90678 94674
83161 98059
14175 34159
4627 89611
74310 75170
46458 89104
7786 59435
62899 84086
67761 82290
27570 34673
84414 96098
53263 69251
23169 42678
45602 63158
2394 13086
7971 88654
23984 81687
10894 72741
17890 38550
7637 28036
19640 26585
11174 82693
19592 28846
27470 48694
50917 97195
77217 80692
53213 82550
1242 79747
14906 39573
18050 85643
91306 97579
38818 94167
66052 79889
54626 62491
32773 83210
36611 97192
22996 51165
12563 50334
4926 22587
61646 75605
5553 73256
44657 80709
57272 77728
26546 55057
85905 86177
55463 60696
14338 24814
39207 70835
8526 92708
72271 89503
25277 58712
55736 73108
29763 39569
32456 68255
33227 80601
13009 30963
34265 49254
37881 56213
27611 29864
62041 67776
52113 65633
77045 99687
815 47354
19256 67439
14558 91210
1564 47173
35792 84792
54260 80220
55890 73989
12532 86093
33223 84523
84078 86846
82787 85503
23991 55750
75887 93199
16059 49827
62942 68850
10947 85897
22904 60331
37633 76351
64593 79754
72497 98942
70722 90100
46273 97807
76502 86093
32405 34494
51478 76276
3364 32137
19585 78088
69120 80585
4398 53121
13069 50892
73141 94245
16405 43943
44167 58113
65900 74216
48379 53120
29740 69933
7395 57048
34810 47992
8163 33339
62221 62662
79458 99986
8912 71877
10743 45012
4956 19588
58045 88386
56570 73116
44558 64700
78657 95636
72577 86540
47844 50798
32701 73245
30655 77300
46251 88176
29874 37299
8212 48110
28550 53726
21832 64294
34325 50596
40534 96730
50172 60329
85133 85585
39503 82754
7019 18502
86057 94250
6559 9521
64706 85431
33068 35098
44192 53207
84189 96027
83297 93444
40904 89281
25526 81104
5912 57297
69853 80259
21354 35174
12030 96452
54153 58821
28251 99901
25162 94637
71146 97094
51190 74320
7927 13101
4577 21042
24531 89723
31004 31143
1295 66059
16266 77246
42524 46775
59591 99687
4557 16593
65491 82567
20880 67399
14593 33842
52996 96987
2657 35630
38232 42942
11240 64957
35994 75656
14157 38425
54877 67274
22550 86825
65074 93486
88682 92020
57397 73415
31078 99344
68454 98631
3579 10385
19955 33159
28283 48023
38068 66988
35088 54073
35084 64073
82674 97678
20197 35438
56976 78863
58263 59680
4295 96901
6821 18289
63305 82856
8059 72502
50774 67185
42573 54416
3142 33663
49897 79576
3450 77956
18334 63558
46446 83663
5519 23935
52727 87255
78521 97349
21325 46834
60619 95198
49199 93429
6189 28769
18897 85089
19899 90692
64218 82656
32174 70232
26635 95270
5124 52202
903 27855
35863 63993
23039 79191
31784 45730
9523 97510
26824 77898
23621 53581
42489 51790
76438 93217
61347 97386
9148 55648
24358 30360
20685 40611
66591 76698
23848 53373
13142 13542
10318 31192
87711 90773
45636 84891
56100 69562
5597 46436
56702 70122
10229 28945
23089 42693
6237 30740
67459 82080
4685 14803
45952 71897
36331 83805
30695 82684
1848 17847
41085 71179
62327 87639
7901 98186
11903 43959
6787 41081
78416 84479
222 39211
35260 42156
48212 83761
56516 98445
38546 66884
20429 72236
4965 5932
17583 61285
66984 83509
22198 49482
59925 74333
46098 48722
9843 30233
19341 27424
51455 57351
35221 51700
57188 84006
57147 66986
89092 94896
4365 84865
36660 59741
16189 17418
66315 95429
70950 75848
11909 37995
1730 52832
2392 68217
19800 54980
33718 91141
2278 84022
5887 51622
77606 88324
15807 99388
69827 82182
34753 61095
54775 77874
27428 33415
94787 95251
6500 66998
11052 31199
32758 57843
22259 98094
44720 70617
20417 84500
67210 98364
37782 64677
10935 21781
25105 99871
57740 58526
11118 97336
10383 80175
13557 68604
42489 71248
32140 45494
23069 71308
12698 57345
39271 82303
23668 72477
70313 83883
5902 94041
70601 78572
8320 22540
76476 83915
34236 39779
3871 63644
16023 41628
24336 65536
68733 99583
62142 93495
6608 18357
19111 83778
30584 96346
37141 92990
39485 95334
64128 76131
49728 91276
35683 44132
84254 96444
50232 70297
20472 92452
27140 80538
75388 75884
3670 44956
67603 69122
47896 80743
86890 97801
18864 89013
42121 56296
17109 51244
52034 53753
60760 73810
16404 34213
4983 64850
20015 58117
5627 45453
17078 47057
41526 91147
15766 23190
24589 41301
2845 54362
14852 75935
71257 89556
32120 79009
5982 12614
8263 55958
6585 70117
24041 72208
36971 86664
32193 53192
37036 70080
16987 57603
15282 88695
54813 59615
18230 52415
14845 22546
47417 65399
31737 76873
12565 59499
75293 91152
37342 96315
2966 45706
27635 46567
31795 33298
28265 49660
7086 42277
65651 69581
18516 83326
23433 59177
2361 94238
68992 89634
3356 28142
51723 70374
2349 65614
20695 81387
37981 85722
41417 56232
14548 78083
3103 40045
241 48233
48744 76182
32858 50849
22490 56717
5939 65478
20049 77788
30802 61718
9117 22502
4708 16261
60642 76839
15305 24012
24410 86215
17706 73551
41283 48806
87527 92229
44391 79498
367 18512
31325 35496
17474 53690
13006 41069
21691 60955
24768 46357
24842 87750
81303 87571
25965 42189
82678 97912
22382 77437
34651 38481
32024 51447
31094 36633
2640 75037
9149 58191
61420 76657
17602 35013
40922 48172
11374 90706
8233 28218
36501 64874
43552 68220
40533 71203
50817 56259
53416 78025
55759 63326
20509 91340
42704 75838
14309 55199
15395 22727
36296 91004
57112 74048
9017 46980
45973 69899
37201 59498
13930 96233
35198 85778
21663 94994
12822 74622
41910 60232
64729 84623
59754 72840
22007 58867
50464 68459
76897 86669
16989 54355
46101 46713
50578 83168
47319 76820
51125 89615
11607 83922
10412 71819
43868 45303
80575 86968
855 69614
30025 65948
15884 73555
23872 94242
34843 85332
77171 94762
43845 52317
25672 69534
24450 41375
31395 36749
82717 92204
4238 86861
31655 99071
92664 95867
80951 92665
35958 49374
15568 79950
16238 92206
32746 56034
28299 35134
8299 22438
63797 71486
62742 65896
40220 78382
19232 43852
40229 77138
21187 33817
3411 52633
54188 95651
11717 41393
25911 59973
17736 52231
9056 18293
64350 97071
13237 29378
61834 81944
9886 66869
19595 87726
66973 93270
28413 93836
25206 61360
14319 95748
52693 59910
31114 51380
24039 71164
52073 66226
31142 85180
17123 94153
13804 57380
24387 48618
33583 41521
32533 46781
39840 74359
41126 86374
794 19722
25977 97142
1023 45581
19123 38053
2863 8701
61585 85305
5358 26173
50967 98665
21651 66657
43285 95588
9266 40111
46614 80900
8896 82390
86618 94361
30559 30869
12186 67793
66269 96825
19598 27826
17305 34980
54350 62698
12160 69838
53036 93436
53768 78649
63272 95393
8613 39472
69426 84326
27221 41829
13862 49546
29807 51247
37665 60003
54341 78151
28193 91687
29895 43453
29976 64829
72439 76094
37565 81007
72266 99937
80927 92100
67851 86422
16744 20090
53184 96327
4454 80826
85705 93919
365 65792
53378 83378
78771 94362
3474 67514
77179 98292
62132 97674
37760 73319
6370 94345
34104 46102
14377 21608
12022 81778
14763 17012
13669 29690
66788 78212
46727 84592
20894 43598
19311 24315
87360 87773
13578 91377
26483 26901
18347 85614
67151 76394
61146 96193
23696 78486
37237 97199
21894 53393
6409 32989
39478 89262
22632 97723
44166 85558
62492 64331
9346 34126
80272 80719
6662 99477
2222 82617
34471 92605
62188 85399
26440 47126
55944 93720
38429 88912
27016 98003
53618 83909
5166 32607
86383 92556
63752 90378
55409 80545
7796 96295
7334 35909
16754 54464
346 85963
20832 53297
35054 45572
65492 65683
8758 98821
70408 91092
1498 84489
15764 59313
21670 32193
87648 96076
41616 69039
12503 64675
7736 96726
61419 74344
24412 40838
21978 46492
35001 40757
33135 73450
42492 82481
43662 72889
5763 89191
22097 82413
15346 65525
38145 53784
13877 78268
66425 84791
6528 83815
29688 84740
31031 83306
74358 94930
5901 69245
17662 56462
5117 9052
57058 97023
3349 72136
38288 40501
32386 54197
15910 99778
8900 92039
79253 90724
66016 78143
25008 66376
64063 98166
43096 47014
4381 54462
29979 32943
30120 72317
37548 67592
56608 74346
15733 31773
56303 63575
30980 60288
10102 50893
62471 97885
60383 70825
12308 15320
40915 63727
20930 48861
19704 34718
20124 31478
20078 58716
6682 60998
33146 57984
74487 77002
61382 99906
87460 91811
19990 48508
59954 77824
19134 89286
44702 75751
12882 74053
54916 85911
53143 92545
32842 64601
10076 90226
17636 29876
10599 28451
41594 43515
40257 95160
52131 82252
4533 54365
65055 97032
33076 97953
9783 64915
25803 92578
4352 25919
18228 88352
43721 79136
48030 66187
2169 74332
44468 80104
58971 90752
72979 86050
17422 20204
13298 60276
47738 53923
33228 37600
58275 71009
89552 97660
3012 50534
27291 93827
3338 62395
8003 52753
10847 11513
19140 99898
39839 91912
3236 9149
57348 79325
24452 75555
2990 12273
13735 40583
93268 96243
37856 85726
20967 56992
78205 78412
36132 47709
39460 53624
67583 74782
24499 57985
20899 88014
10322 17766
86446 96793
26598 70667
22621 41490
3123 35697
6050 58347
83133 91850
59846 61705
25568 83934
55199 59958
2649 58871
20689 95232
22541 68501
22976 77706
95350 95736
7556 60209
15108 39282
26651 36385
44417 74801
52629 82717
22646 94681
31465 72455
52429 93398
483 21252
33953 42547
39085 54187
5107 78380
4428 30263
37894 46239
82640 92828
66773 81637
59584 61016
20976 65672
17920 41141
34085 51757
33937 68880
16867 67742
43906 46352
48107 75313
35072 63742
11423 67139
6692 9750
32159 96350
24149 82948
10928 27327
15120 15653
3399 23175
38398 40761
6139 62168
50750 99535
9467 96355
68020 84251
45410 50167
25198 38661
69843 98473
34849 54097
2598 36133
116 27336
17032 82470
46381 77584
5365 15538
25598 63910
42797 84945
16314 49291
2508 80114
15188 20610
42511 44019
23529 53279
15480 78169
30156 48626
52483 63274
18549 31060
6000 86805
8479 87801
49389 72282
17448 95952
58661 89083
59535 67332
21006 86581
17148 21685
2675 92988
9219 11860
5155 36724
31512 67978
54960 86008
45489 58419
92490 95799
55107 70188
3783 77891
67260 78880
8852 48940
30358 56832
13572 58999
36319 43376
4185 8934
2178 30114
5370 14683
7132 42812
52648 56558
16747 26097
31076 32787
13104 21670
29619 63264
22051 91003
33474 91832
79224 81970
2161 43946
532 8298
70489 95019
52500 90985
1604 63611
68283 79020
37965 85255
17359 34985
259 80180
41121 57553
60319 96034
30941 54042
32177 33779
12325 34742
30026 88877
24608 63893
17625 93618
16736 63672
7113 9343
11410 20176
27325 34703
12572 59647
385 30950
8858 12699
10615 12755
16786 39475
69388 70708
20718 33267
15343 94866
62326 93780
30351 62168
10855 78892
41994 78891
18110 78142
8900 20835
33306 36105
1217 55155
28446 80873
34866 88592
72231 82383
12980 77035
54885 79051
1169 89734
7447 35019
34989 94212
72494 97688
21448 50232
50635 84859
31781 36625
15198 33991
44783 53180
59342 90544
58260 75940
30648 98487
4819 92298
40490 62805
49355 50373
16185 30410
44627 45987
44713 55253
66591 86702
27881 41779
14901 19060
88863 95344
9931 49204
7240 11455
6972 47174
31466 63238
15923 45893
25640 33743
44467 58999
31265 78005
2901 60411
10546 74613
35175 57567
15868 94926
25049 52590
54866 75880
4815 81232
42574 44155
9222 72802
39166 71657
43456 77149
60566 83688
30267 37369
61775 93067
10866 60497
50150 93058
42709 99114
29877 65620
65492 81113
59565 90412
7773 28913
47568 85773
8305 72765
37270 49957
1262 37022
1707 4529
38477 41743
24214 24829
37737 48842
11505 23288
49593 64474
16401 31642
23768 95322
694 34404
16662 51807
13299 88984
36707 57538
7013 53714
9157 90816
26868 49073
16490 34947
65914 96732
60011 66883
21664 41589
17846 97608
8098 54948
77396 91991
26194 80706
45282 58445
18965 75280
30791 56776
86955 96589
57347 61883
30805 58613
12139 46376
33824 73708
23065 32704
3702 41583
52998 77983
64006 81885
246 78199
31633 85827
26720 35764
40227 98982
55571 96041
6741 22229
74237 74621
484 7132
22923 34177
93081 98201
45966 78111
69082 98138
65761 79296
64165 75138
48491 95757
77754 96703
56504 77796
6302 89847
39229 53366
14167 82545
20461 60746
11007 32184
18220 95931
2245 72896
59078 60747
63016 95464
34242 69358
73323 93122
54275 98019
42117 95503
11395 83723
34602 80573
4655 56857
3500 97068
64404 66764
24572 93136
37973 52739
33718 88071
42969 65254
62968 67720
35150 39672
37053 50288
68351 75440
12976 97689
62532 69065
22707 56324
37660 85364
58025 95413
41450 73216
22508 86640
4543 77938
1635 52315
36377 37644
45093 93375
2591 96855
73568 94955
20545 80308
6711 86352
30236 86718
31977 49599
82536 83673
1044 68826
21812 54904
48853 94892
59402 88929
40636 86082
15026 28095
74616 79926
6461 18208
58167 80097
37866 68244
160 23964
69021 96359
28554 79690
2064 77071
1614 33407
26944 92580
6366 33022
25569 67329
74456 99155
170 41155
7858 84375
8629 68354
32818 78687
26106 59440
14740 94479
64724 99388
21766 89049
88487 97823
33188 37813
42008 87921
11424 13602
37631 86708
8388 61405
3071 64824
21307 57529
8212 10386
35378 54966
66283 95241
36102 73927
85925 99805
18095 76288
14320 92143
33606 87676
18812 55289
49895 87840
18221 23376
18052 36073
10143 62146
43121 68799
41473 41752
21591 38850
9637 87046
30979 81906
34059 60713
19935 94002
15642 88571
25831 56758
83790 93055
26948 92077
43278 77434
76758 95080
63176 86229
23068 28566
665 87315
25522 33106
81788 89486
58334 59358
15589 55595
16531 50966
2738 18138
3897 43158
17576 68703
50637 99187
22040 31790
32543 53725
29402 56144
43437 73833
25531 41993
2189 34224
29508 55335
48694 77122
50940 62522
28840 57658
23909 72714
12214 89403
86090 86915
12519 90271
28766 79640
44421 96100
11219 11627
36750 92482
15527 21927
8615 90751
73955 85859
17071 95038
90489 92636
73727 91028
11498 57808
59845 99609
34870 46655
42617 77787
28652 44838
10590 43350
16430 73337
20236 81769
5461 60117
13940 46573
18604 21801
71859 74638
8081 15896
59307 83657
58144 78066
74943 95626
71341 92344
10210 53855
49228 81499
25324 47813
25321 63978
70989 98088
5342 9684
40781 95165
1345 86484
77806 95544
76462 95586
57480 64018
48045 89130
54763 81390
13077 65678
7562 89383
26127 77356
10835 12131
21785 84147
37502 52501
4201 39517
31226 69198
61213 71309
44356 79774
8216 88481
8612 12224
65782 97115
48070 54186
20505 27868
35162 70332
2688 89816
26215 92962
67597 96972
17179 39292
60059 72584
28075 66588
51738 77237
75937 90953
1889 27827
25632 67808
6013 69657
55540 77605
19441 98609
5856 79541
82160 98185
46959 88075
954 46489
57221 75026
80717 93739
82777 93958
24121 60420
32181 68357
34175 72092
83412 85960
58020 79718
34098 86305
9779 84701
17916 28376
63382 99335
36939 88805
10019 92207
41765 78135
3306 44234
78541 93732
47699 79119
9295 88249
2438 99132
74307 89153
31041 53328
38206 84249
28558 33293
25936 65758
35343 72577
20569 82641
6638 77560
22833 28984
34484 92871
11507 12502
31209 77251
37674 39421
33957 36613
29822 91820
7216 16240
18193 98332
43721 86532
10838 17935
5578 48848
11669 72168
22933 91073
2229 39479
3405 7279
29907 45107
26088 53896
41527 94061
45091 69895
56994 67642
47274 56689
70687 92840
29986 91790
51094 98463
21507 33638
24370 55266
19718 94615
64547 87906
24039 67913
28300 87234
42743 55041
46763 91244
84566 88535
17582 24300
19693 48246
24042 41393
7598 71499
14365 68559
187 15876
64193 70392
49060 51244
10520 33261
74848 84318
48603 55352
65024 65724
43322 94494
12488 24808
32283 56073
45846 64055
2148 87605
11721 34943
71963 86927
2179 32183
37132 96318
48741 99571
7924 29411
43141 62393
23693 27682
34059 71676
56649 67560
37925 64238
74607 98408
68207 79206
78826 88725
39 67610
2056 47967
21391 70694
19043 42771
313 47920
13184 79936
177 32443
41002 89955
33243 75794
51002 89162
77103 90316
7023 68396
66660 71662
761 63470
55345 62860
33298 80304
364 93832
2535 35653
14079 94036
30102 85048
3089 62899
48165 78386
38301 97036
2248 28814
1599 38126
7938 87579
62371 65087
32904 50492
76938 77880
34424 97658
16792 91394
60455 65124
16819 18811
64678 78281
8229 53042
71830 91570
58252 71285
38772 51696
6705 39045
21732 63315
3686 89584
9787 21400
35126 61553
62900 79493
12255 48585
657 97622
63049 84406
34452 93086
6071 53142
36820 46994
58063 62997
70279 81795
51471 98185
28239 90948
50386 97843
80608 92089
42636 69918
8793 68303
23640 87326
58359 80276
44619 66460
22639 38768
4316 10461
36175 87830
58665 84904
33006 33363
61370 92888
26930 91875
6994 69306
410 56723
16467 98805
29466 31460
44610 51371
50491 53370
51388 99794
41785 59041
71854 84595
15041 66749
60385 92056
88249 99681
29748 57064
32123 99778
21682 30574
59052 88614
57542 97629
69423 88586
6657 86255
32842 68733
38818 42016
11931 29330
6901 51846
18123 64361
41142 45417
12824 50208
584 78040
52662 73961
3695 24700
34402 45119
32291 90200
54161 97707
74734 76634
13008 15683
15031 26065
53392 56255
31551 75288
29037 57076
4522 57805
15207 47115
82704 90174
50911 91431
1073 3106
39797 76739
34183 99393
12328 22843
6732 93739
4656 62042
40676 54405
5489 98082
265 89212
27305 72432
82259 83836
92473 93034
39061 97551
27060 94967
37007 80360
64284 85696
48789 73004
2270 19175
48150 70450
14048 69138
13092 99263
35035 67282
71503 85742
8427 62902
79735 96777
13431 66478
26115 86280
19649 69990
47257 76382
20641 34030
24363 85504
40023 88393
22218 81459
10860 62432
49190 61662
73656 81194
31902 54407
79314 89058
6704 17419
42471 44387
42999 82344
54410 83327
20469 28330
20842 35751
33054 46937
56090 91043
65667 93905
48905 71001
8653 87059
35623 40326
24249 35127
58479 59438
66439 67795
16811 45846
14011 37973
40247 86444
3921 95238
32971 94883
57763 69608
34185 42140
1741 19710
20061 99684
69441 94074
12409 98638
63269 81783
21477 97237
17754 79178
51762 64540
21305 78572
7518 9191
16722 51880
28634 87616
44822 56601
48238 49848
5148 78955
55764 79465
16761 81594
25274 84511
30160 42650
86253 92575
19866 95553
29693 89604
5482 10574
20190 47613
9234 13471
20249 96523
41429 77509
18132 48057
10580 30649
20545 46675
52963 89446
36886 43044
43985 56296
11646 69084
5979 17302
4109 64921
47995 78636
32164 63389
25798 63038
66239 88829
62389 78817
87256 88195
38065 63360
57642 80767
1496 39304
12976 30305
78435 84452
56239 76256
15523 54555
25457 53851
65881 80600
55899 85212
32068 67161
14359 43850
31560 41162
33215 65312
40400 97546
16233 46056
61966 72352
10757 40483
18586 76993
50058 91648
45503 92804
62760 75025
37520 89513
4330 19917
5256 30854
41609 82100
51957 85499
61329 86527
73773 92499
5213 47268
65340 66099
46800 49561
26109 53732
36802 37028
66449 94828
23726 29528
30564 42884
19929 90728
36264 90848
46237 82169
26449 46616
36016 49999
6567 13917
38230 71404
52285 97104
55245 97836
4815 45775
43472 67002
15105 19491
80204 88765
36441 60075
59609 97962
41 72430
8431 57765
16920 25349
40788 79452
14119 26295
8317 50241
1174 86662
40176 53922
19585 80840
14410 90606
4601 23932
469 28262
14723 41029
36685 77827
51598 95510
48980 78457
17534 93484
3320 68601
1698 29395
2121 75184
39719 69308
40907 55620
11612 43038
9028 44915
10633 61565
14533 51094
26583 51195
52535 57696
37460 71376
22277 94588
22509 54193
8913 93256
48618 58964
37340 85837
46504 98747
17457 59228
8826 44805
76897 97387
16165 71519
47978 94751
17468 89045
21898 38684
50058 89814
4163 55978
42343 57839
78293 99471
22813 53833
130 3738
13124 13733
61727 66747
77725 88938
11280 84641
32084 32546
6909 11050
12785 36403
60672 71770
7620 79439
10307 61809
21045 35826
29839 83027
61195 82665
6337 7493
15498 25520
8769 58804
11886 46413
4528 22438
63993 98837
3001 10443
16120 17127
30773 71137
1036 85514
44456 88020
88867 95474
17666 70040
37526 52281
52209 97044
48326 87714
6687 14832
48983 80337
26213 31261
31747 49537
43450 90180
34685 54018
35569 43503
21122 44880
984 83865
25225 81907
7881 75039
43092 92244
52655 87399
57945 75324
69981 91845
8457 37959
22474 61415
25766 58499
3440 66244
29135 72756
65830 98719
66938 73641
73804 92432
24871 53303
78977 80765
75787 84160
9799 56650
19289 79026
27623 85766
2213 48563
5727 64001
35952 57633
52434 87647
17734 30837
39516 51236
26130 54106
65105 90915
30451 66513
29547 85213
43939 62379
36651 45423
11656 14106
28821 86639
26514 30055
41297 86972
1771 73209
18352 85293
14226 59173
65956 74238
31158 93377
23562 39836
84496 93548
50245 51491
52955 57183
71507 95106
69035 96718
63681 74452
23672 90214
1646 33474
46654 87289
32584 89236
28384 69169
3298 6659
45387 46985
1765 78329
39474 62663
7238 76316
31854 68641
74363 84261
28277 46802
5914 72559
25839 67984
52483 96441
33468 47566
40701 47182
4747 6664
27384 91990
30045 80437
9177 69919
6058 82723
49471 78120
32370 86509
30920 87682
51978 77888
95551 99949
53237 75035
71276 81015
989 91949
76166 92732
33909 98355
41728 45620
88204 91543
45916 61178
93859 97154
22248 80433
49088 54084
18523 20424
4854 91134
10599 48937
19503 95166
1721 30347
28243 30060
45509 76981
15234 28658
19760 75235
1171 92154
91461 94989
46489 69249
50597 53646
28026 32020
2915 83002
15731 35513
60981 93687
51925 56090
29581 55807
27709 35186
32798 71792
14842 90045
39075 61902
10753 80744
28831 73569
25766 81077
15882 93960
9470 46967
50320 53405
50208 53543
66105 91887
3656 20007
7892 18813
60935 65339
19613 90380
63049 77828
56926 73156
545 32352
26275 99387
289 90256
25780 40973
9983 49601
24407 26327
30214 84090
78737 88814
58084 74947
41953 50881
59442 65902
83057 91521
24267 99237
73502 94408
47393 61102
895 79717
19371 76477
61319 89248
46512 67099
18022 56220
14855 40591
74610 75342
69035 78903
7699 8450
29807 90538
59763 77751
803 13552
8740 37525
35501 75854
23083 30536
36699 75715
24197 74502
74351 86705
33480 62763
39519 66667
46415 73967
66755 68798
61381 86986
74952 99682
57903 92369
30474 80575
30365 73681
41364 48765
23508 49701
17039 57169
17934 41825
46890 75574
17722 68329
17942 33459
18993 71143
38258 84798
62664 77995
3003 18857
71485 94729
53890 65564
10965 49499
11300 60918
83263 97057
24065 72185
1052 11531
28141 81981
19647 56371
13791 74690
35464 42697
91287 93637
2906 8640
49824 62426
17330 92959
18016 73315
12116 90732
71487 93112
65134 81288
15467 38577
32898 95673
52671 54496
9043 78446
10906 63638
59047 69727
3185 48479
89774 97022
7721 68718
52534 68878
3246 22970
29201 69959
24144 45841
17594 34956
22658 52143
41584 58382
24507 99915
8563 98115
69958 94369
70062 87968
22887 32219
9453 23234
15997 36680
21471 80391
25152 98379
22224 40072
11792 31908
24679 46627
30951 68824
16414 46508
18062 62735
56819 85247
19063 55065
12672 77847
61564 80991
1323 32326
5036 56566
11766 17830
11845 41837
48589 92108
34805 37914
65924 69313
32405 62913
10736 97548
47361 51841
2676 29546
49400 88526
66900 98303
54766 82108
24686 78010
48968 68909
44451 97372
58203 81062
29628 59622
59815 68832
37104 89789
30537 93764
6161 23153
37336 46567
7517 41161
26384 27081
92937 95434
42906 47339
61617 91673
26661 98194
46497 97271
17111 84849
8238 46976
5787 70086
40939 84696
22249 56169
44981 97346
43508 55440
2527 18503
46175 97586
3232 16627
19846 78228
9527 42130
24279 69152
49534 82239
37893 49611
32111 38425
31181 55649
21725 32852
23294 60615
22618 88069
3455 33494
66052 80439
63343 98343
12274 50784
12097 80738
12981 87372
13498 61827
5268 28953
76672 90590
26125 27310
41853 88880
57104 84897
39433 90402
81850 99793
952 5849
45826 93064
58589 87901
9275 48986
47582 55723
49295 76131
46204 95213
85169 90634
46719 58797
6893 15150
1308 36167
6962 25860
40162 63675
51990 74577
10914 27118
9482 17769
77615 93813
8022 51125
50482 96429
50854 90270
19434 29782
55938 92584
38572 69582
10595 45723
85309 88830
1684 75192
33892 53615
5510 88099
28983 37139
5522 29523
450 51584
32622 68969
57626 70075
46314 93699
32701 59208
14005 92280
25164 32946
49548 79436
33764 98725
6967 79856
82944 88949
11296 90226
51022 94528
13171 55812
12 58848
54955 70412
58389 61291
41585 93025
14522 77016
57573 89970
15717 80601
69942 83867
3875 30743
69976 97166
53632 77816
37230 51842
7259 17357
23640 89766
56712 60917
41722 66168
30552 89778
14122 43733
20198 98442
63450 96664
90723 95794
59423 92414
5050 80745
2233 49560
2398 81794
29422 54457
31118 63368
47471 87140
9762 97637
7685 94391
25830 76939
15598 48231
47808 51571
16180 68150
9340 24469
94554 98610
23331 80226
72239 81493
51982 75404
7099 30410
8918 60528
36967 54772
27029 71559
24480 51144
43475 61147
23273 90852
30025 54341
11348 44429
20338 96968
42906 53813
977 21511
29669 90253
36937 94040
75202 87262
14223 92449
661 20340
14947 64033
22701 95300
9400 34961
63018 82960
3238 72320
52891 71957
18525 91786
21299 66099
87195 87436
8373 61513
2686 42450
67530 87572
17136 21184
38170 49652
19035 24440
2655 10895
68228 71088
16590 83092
23923 49733
13416 79040
39183 85616
24027 89744
57925 79073
38278 82347
53684 85593
76003 85008
75597 77939
43027 73783
38194 67183
9053 72002
56200 97422
10351 79726
33101 44513
35243 71400
65149 95177
5929 12380
78303 99145
28469 45418
21434 48224
5784 85204
7666 99869
19191 56782
18147 88330
65304 70809
89487 91404
39382 84326
38060 40116
4769 63019
44662 78382
4526 98330
25698 91903
6078 57236
19057 34448
14992 23704
59412 70039
28570 61371
19156 55101
63071 75437
34838 62655
20448 40316
40566 91283
7582 93789
56913 79677
46729 82273
26431 34029
27205 74235
6200 82961
10260 53561
77681 98300
81317 82118
51128 53550
3269 67149
8300 81431
8436 9334
21562 84707
22187 98748
29722 41966
9542 12037
45854 63010
30717 75086
25568 82375
20306 59018
83428 92174
59096 89516
16091 51150
28441 34807
9647 89703
57000 76697
44988 74438
40391 71498
30242 66705
35053 72737
27702 59410
81009 87341
74077 75232
12585 40390
25568 74362
10560 53584
1604 51679
62830 67767
35123 99111
36511 79864
32219 45333
32785 67616
50894 68748
8331 58090
53368 57680
49967 55963
4683 69274
2507 44253
65530 67241
2753 94691
72309 81288
40530 62711
57395 73262
38704 45159
27080 31671
6665 41066
2945 50125
55261 89807
10472 64858
89846 94218
32301 35580
29921 40183
355 83396
46297 73819
6985 62462
15509 55870
20331 77318
13620 68727
27489 45584
16683 82057
32338 56182
83267 86782
13440 15645
57254 88013
33486 57884
25185 60759
3396 53068
31313 76870
52778 99100
8053 26007
13082 32462
60373 91850
43507 56943
25662 46231
24758 72121
31989 94697
38613 75261
21270 59391
33868 68058
498 76182
22909 79754
14987 91628
49084 57770
142 93930
41672 63853
22163 71755
4009 91737
3355 20552
67994 88449
67941 90042
36800 63871
43738 64497
90768 98481
13600 50300
87638 97211
7869 56438
8154 96642
14655 24844
45358 88779
9745 59276
33284 99784
20219 62872
12792 86319
33876 71040
34928 77467
54160 76992
14957 15035
21044 97343
53563 92954
32449 48125
48183 57947
78108 81465
69331 84479
53801 74301
63266 64254
6158 73912
4845 99571
10405 73152
26011 96307
16422 75367
30348 33254
69495 75612
26118 88361
1381 77377
25108 37703
2876 4727
77573 96135
49637 96742
68993 85744
43364 66236
5163 88004
8078 35666
26751 50592
64562 90581
24383 60740
18639 86191
16235 44002
35139 46644
23665 98723
25842 50341
473 36768
57325 87686
53151 74640
43842 88040
17664 44470
21736 96483
17900 77829
48144 99270
45441 82141
1031 10546
42 82116
39220 40693
1378 91807
44573 49866
20742 33268
254 46715
30816 83700
25388 58868
50417 78956
15191 96475
65817 84229
40764 99985
10763 46490
3251 56112
24865 46032
76647 81536
46796 83271
38446 67235
71208 74525
6698 62962
42940 87337
40109 93089
16810 19107
20855 67996
34929 81692
24178 52275
7013 40100
21345 95553
26770 63971
4206 96221
16307 92598
12238 47744
17279 83906
3508 88748
41822 56946
4199 34795
62366 91337
18701 69741
53571 71013
17319 50790
64808 74476
13076 60324
26313 90018
4533 51053
63900 96198
58869 69552
39663 89036
51622 94320
44431 53465
41729 61441
51211 69796
51824 79385
76047 79742
15840 93742
47046 80019
25125 48133
52809 58523
37074 93462
75801 76318
56811 70478
12059 90523
744 86943
85262 87417
63524 96487
20300 37759
15642 60696
34826 85469
13459 53935
41891 60214
39230 91038
20165 40174
6125 9537
53245 91548
10147 60681
19861 76935
18780 90817
53049 71275
45789 91030
41164 92191
5883 41225
62310 67462
44375 67280
20869 92304
18509 23424
50306 71026
48067 70567
25861 27487
34749 43857
13024 81379
10649 91844
14419 66271
29432 33913
64155 78012
25048 64646
82853 94573
63709 85961
47906 52743
5904 68355
22095 52972
27441 50906
74614 76524
88856 99038
22898 67422
21872 94006
51745 63480
13221 97983
61858 82793
18761 84401
21790 87065
32164 43850
67856 87125
13926 33623
21059 27208
5718 22015
72101 77866
3944 60377
8817 58988
2018 31621
43198 85324
50018 85396
2153 95746
21618 77487
51025 60169
84265 90641
5449 89625
33030 49377
7939 44312
48882 85597
26739 93433
12291 59156
1928 51384
5809 71908
21774 78212
33112 40785
45725 87771
25980 35191
52751 60351
32299 58742
10234 54493
4418 33841
16230 73658
55880 71366
37553 73685
2305 59253
5672 52657
18156 98109
6054 24257
66863 84360
34713 56604
21594 31600
79170 97620
7862 9527
25495 78684
19401 91037
7454 87800
73329 97549
7386 83806
82215 97553
17223 79427
15592 22941
33704 79448
48701 55997
25402 52180
1705 84939
85197 93571
20150 42726
5780 58263
7191 38542
52068 66034
37583 47512
8876 15320
20695 94272
6823 82976
42162 58018
4450 28389
48774 84830
81748 82463
39835 54583
47509 48948
90942 92782
6410 69936
63 90152
33184 80979
26950 62477
53374 98998
43681 96017
31205 80654
32881 94345
40095 57006
4219 95074
34700 96606
19509 38099
30376 76110
34651 87411
28840 98568
7257 49291
28950 31937
27834 53655
69575 94925
8120 11328
77650 95055
61497 62154
63720 87631
22199 54846
18735 62309
64462 76300
9001 68697
3201 80053
44975 78180
60184 96471
36886 39456
1719 56572
2988 94904
24956 78142
50524 85386
24 49437
23319 86437
57100 79227
77623 77697
72118 80691
3437 75747
21695 30889
9392 37917
49080 96714
54493 83455
29692 46638
80851 89854
10412 45377
50011 84584
13507 47473
18184 95460
65529 80010
77867 86725
55401 85491
79984 86994
66424 95687
45609 83990
51795 97135
48684 88014
20363 78471
85611 94707
4857 8487
872 50637
3982 67383
25275 45277
43718 77341
33385 82154
3713 33634
17248 27030
10954 91691
11438 14497
84825 96400
324 84091
7551 79655
69535 98744
16571 97476
59230 76846
19943 51091
75594 97245
8970 67779
66224 77296
15155 81335
30700 50780
24500 79850
4827 48995
37430 60993
47152 78997
29401 50753
28225 30024
10101 41637
22076 75621
37834 66387
3215 76564
40961 67874
10384 87502
2083 65953
47000 61521
28795 93843
29655 60961
54493 94069
20047 76466
9460 10030
12249 55080
19275 84477
26271 39315
35874 45861
5485 52737
29462 37539
2227 42202
730 25932
13911 52285
31183 36810
42114 43873
29526 66607
23501 61563
4836 72343
46533 46722
73212 79404
20032 70198
59344 85099
68845 89847
46517 61249
34784 35233
38450 60228
69419 98004
19238 93684
31029 64567
27341 46127
41528 89690
72844 96337
3080 41772
361 95794
7606 28648
91 32790
21903 68221
50118 79289
54588 59655
672 17920
40210 74179
19862 45248
25909 49153
50524 74200
48302 90933
31373 69364
7387 61365
30500 73810
79221 99720
33334 67468
44581 62267
59320 82567
38546 49146
2011 46800
7390 42571
11010 16787
50599 99198
32641 91336
26786 96667
66822 72878
16304 37131
6978 28526
67862 81621
80872 94408
31866 40361
19099 32836
11524 73266
10601 14033
8432 53304
6691 50789
28305 82645
57648 79192
24512 78728
58934 73837
2362 11999
42235 43860
53890 91224
48074 59150
50986 67770
14934 31324
7354 83880
53845 95516
58227 80112
13085 80155
44651 50871
13611 32000
69620 89389
10861 33683
27925 89555
3573 11092
2847 29596
24689 59630
12714 17025
33461 57945
16018 94001
3014 36108
55702 76299
22843 64241
10058 51523
2793 88250
36933 42674
4900 34700
51241 58205
41025 90524
11146 19982
46310 56912
25010 86631
3439 85119
88598 88942
7625 9334
3912 36497
34351 96028
52414 58413
31906 53788
8414 28946
48643 70113
53981 70113
30602 60874
44174 68411
16557 21397
44855 68780
32175 38212
16673 98108
14686 29502
25005 46921
76571 98713
39314 72576
3064 45661
3849 81974
7184 91241
74977 78367
56020 89920
264 80500
68720 93233
54194 84855
41430 95375
22514 40223
28375 88220
42718 48246
15653 84367
29868 45100
53746 72272
53907 85558
57036 93714
46928 67316
94583 98452
69076 97181
25308 30275
12479 58294
60103 76456
59805 63375
29540 93669
13115 63551
30527 98800
87813 94113
31388 81855
33799 81627
10594 23745
1884 25854
55171 67207
44896 89516
30261 76289
20044 21026
68723 87701
3983 19615
69014 90015
28359 97056
7122 45063
2600 41949
93290 97011
21723 65024
61138 63514
62560 63208
33784 52648
9641 98840
304 5176
74911 80013
40645 84962
48377 59862
38272 87873
5822 17912
69218 74952
61311 88018
1294 18930
56575 67124
36113 73382
64320 94995
17621 46811
21965 71625
54135 71962
5109 27997
54240 78423
63140 95697
1090 1880
43896 78956
71105 79739
42452 96108
21699 81688
79422 80573
6791 93493
28622 98834
18704 46625
49505 69715
79017 80118
1578 72300
43527 66889
27566 91710
11905 16459
37815 75634
41795 95650
32456 99996
34235 95519
59512 77730
39131 76634
21160 55746
6089 85358
17567 44240
1080 60156
35345 98775
75421 97178
14782 43886
6007 62693
12429 18521
27807 75343
55275 66238
36209 98939
33863 62372
14616 75267
6116 56279
658 68587
4332 77529
20477 76149
8059 92651
40048 89290
34746 52545
1708 41211
10036 60286
21479 74429
68615 72117
57170 89820
6496 44949
21509 92212
11345 36110
44911 61493
2886 60041
21043 39478
37385 37976
7578 67064
43506 80382
7763 74748
32087 41314
17742 55550
9770 40592
16455 38873
10079 68213
23582 42172
781 22843
13591 86452
8956 83031
24832 32844
18528 76541
32958 50848
81385 85532
82852 85245
7002 31799
9343 59826
63898 70043
31371 37518
9273 56793
9750 21966
57120 68003
38262 52531
1889 20836
3979 33556
60771 91848
17650 25785
17475 24443
3244 73676
17149 83451
33189 86338
38156 53359
51499 97753
84278 92363
43971 63711
12342 96494
15193 16618
9637 18216
34577 61468
52783 98574
19362 70422
34963 65335
41136 97580
12179 73659
41166 86269
54755 68719
14140 88640
4247 41047
1322 57399
6719 68758
17386 78984
79572 83537
54686 74462
89884 97990
30757 65542
54984 85092
34847 42031
31236 92235
18835 88325
60053 87240
61333 87748
90183 97937
540 9642
44710 73758
41509 98680
42736 65688
19848 50902
20230 80789
48827 94605
15426 87217
31154 76016
17024 72219
10286 36419
8912 81692
55026 93915
51221 89228
5438 36823
35949 37603
504 93258
33514 80474
14244 45298
36406 54204
41498 50172
45169 53967
43235 59305
10089 59294
27881 66834
46038 52983
3542 18426
46301 92625
52097 96265
18817 68918
395 6070
20207 85202
38155 80976
33652 52038
28943 65054
2494 76647
30705 39831
60240 86613
50138 50785
47766 49188
4794 87069
32886 76122
11901 54004
35748 83665
49383 61686
10671 57213
26094 74618
8542 74711
70668 91531
55239 81793
1455 10820
78157 94017
29366 97952
18564 42660
35617 62226
10477 66889
49804 95112
12470 46812
9933 49764
14737 60805
71186 78935
79471 89399
66711 76297
29437 39947
66101 81925
31573 59938
8913 27707
26331 27256
31494 70047
4525 74357
19273 28445
4174 38675
42881 91540
3423 21428
13377 17038
2582 10161
24078 68195
80927 85139
15449 25612
49667 64024
40219 71113
48990 82048
20333 69612
69126 72537
16072 26454
9847 14792
26844 43871
34895 44700
36176 46248
3116 59734
81742 97639
24592 59158
10795 17413
13631 97745
68103 76851
76048 92577
52723 84257
43655 84351
45391 57068
73959 88409
52349 61249
34309 35532
42681 75401
22784 76428
54399 91205
29667 87393
18486 26250
2166 98059
13993 41160
8766 89195
20697 41797
18463 71078
8344 42454
11443 81686
37515 59413
40205 64701
69716 84123
20937 48023
4723 96024
39478 94410
26942 29022
83914 93540
4479 55041
11962 99457
35631 38795
68422 74198
57119 67584
49663 69685
43211 88031
14451 85255
15817 81954
7672 9162
41017 73054
33066 78872
69938 70596
8543 39604
1887 79054
29096 67237
45126 61530
11996 86840
2328 72685
3172 74457
47647 79780
59237 72350
77597 80651
9006 94085
47048 96481
46157 62823
17870 58047
5264 31933
51387 66575
56857 66939
1307 67210
407 55436
44553 79720
43633 95397
46033 50979
32819 92582
53730 75103
8507 22329
52246 73136
80814 81016
21740 43802
18233 89130
43482 72289
28227 44878
22308 66076
46314 91311
15542 99864
29963 38382
2655 22660
9448 55105
41689 66616
57835 85550
68553 80597
35754 60219
39844 51229
31884 34858
61781 85166
77544 80443
28257 87994
9035 18602
61174 75409
12231 31172
18846 98955
32420 33715
71711 72122
80164 93082
22582 44219
37659 71695
3215 46212
41876 91729
553 77227
14726 17733
42880 91981
12496 55827
15656 89028
13997 36662
8747 62361
37114 79071
51060 76375
66249 99290
15796 93157
22712 84832
2470 83249
43158 96900
12573 75081
98 20907
66616 92034
30542 66397
73340 78319
31769 94589
28889 53797
27172 58245
7327 22973
4852 28430
68055 80074
82583 97339
45459 66614
23811 51047
35272 93383
56636 83645
10396 38210
34814 54537
13923 18115
6996 26356
13783 79299
41874 47431
35079 40269
6091 83002
4687 16204
26455 99489
26828 33374
13553 95133
35223 42267
27200 80719
34508 40689
42508 67988
67031 84684
12298 93789
24540 73453
31243 52543
6983 83403
29104 56381
58399 92261
6711 27669
74190 85028
11596 87981
14900 89204
58921 68582
3316 91426
21317 21734
1265 2131
32787 95017
29683 71846
30667 32662
75462 98727
34452 57118
4535 47229
57416 71285
10997 85196
14869 66611
34981 66323
98191 98276
26999 88432
1744 51759
5166 42017
15689 49334
28525 36902
12789 82545
53800 61338
27046 28150
32708 56088
11068 30762
4950 90400
17879 64647
80497 84357
27160 45164
60465 68218
559 84403
56513 93568
60318 79799
22306 46529
20433 34033
21360 22679
54580 77337
23416 85858
15492 61746
4316 94860
95409 95563
40753 76853
72166 75898
52515 93703
8806 82715
31374 35840
32376 52810
11778 28207
9225 71252
53474 67048
40999 98607
47115 74025
29303 34023
9173 27700
61873 79460
57091 97779
46854 67262
11 69190
24791 77034
3202 54518
41418 63353
18852 83934
8989 32853
63336 72865
56202 81646
23500 70149
60462 66216
8170 60080
6518 77671
48478 68777
32326 79885
25727 35249
10114 80926
79526 84121
68439 76531
3633 70629
28959 71309
42887 53608
93509 98155
19543 80790
30469 63671
91129 96052
61727 99969
1375 35932
38709 99672
20188 57381
13895 60660
70819 86952
27945 38744
21243 90261
67639 79839
68774 82901
71714 85000
3544 89454
33458 86532
17758 25625
49469 68459
17073 74144
21613 46574
22311 56785
22835 26568
37322 57861
626 39609
47163 95214
5100 50446
54671 99580
50305 85523
10877 23678
45509 95067
8129 57528
41736 76941
16516 80680
10117 68211
4522 90026
5273 23852
41998 82890
3933 24493
3470 25919
11914 43663
83343 87310
47145 84564
38806 71511
7919 69373
48506 71362
69425 72605
2450 82201
63831 99070
33102 61775
22146 47873
14312 15666
41628 78660
56091 93633
19704 38488
12885 62457
4940 47766
4868 92943
80361 95570
6135 37996
1999 19025
27544 51915
39312 81493
9707 86640
27062 86205
20541 87339
1503 23029
24311 77867
41114 95969
35083 63042
16107 91515
56452 58329
70514 88732
14013 39746
19951 37824
54844 60113
94885 95857
3645 31532
59346 64310
71993 76526
25227 59882
5162 43043
36881 76367
24825 99558
22662 68887
868 18777
42991 73875
18923 97008
48341 58636
30554 45552
9508 90815
19106 95577
1028 83710
16117 33331
43941 50801
91574 92950
28162 86615
45390 52709
35638 71850
89945 94931
13863 36825
62321 90757
52558 94494
6856 66080
83560 91689
14557 23559
47847 79705
1337 51195
67905 99783
19675 53201
41902 69100
48385 49708
62906 91626
31078 90283
63030 99019
30054 94658
55287 77592
8161 85208
77561 82641
2957 74941
17440 55293
22407 89658
60981 83751
8903 64346
25697 57120
6700 16266
35273 95430
57444 64262
79482 90228
14658 98826
31000 70441
6008 26709
15578 29669
57014 74528
44539 96659
19398 91867
48674 69477
18569 26624
46620 58000
61853 89167
55711 70382
32555 59813
19605 88852
4106 14976
52466 90770
45849 98517
68653 84237
56703 76862
9963 70001
86102 93749
4476 98030
78022 94986
29681 58716
85632 89266
14693 88060
29042 53440
12602 27314
16887 32472
41954 50329
16394 71110
89056 94748
1855 22820
28809 69008
81996 86455
78699 80376
15210 66876
56847 62770
39657 92575
9199 94185
21303 80133
2395 34968
25874 52938
40523 99026
726 53157
19684 64017
77124 94484
53598 90426
1302 28042
37720 73835
10596 46426
78844 89786
13336 31171
59244 69755
64618 71090
26631 99408
22906 71316
7317 62443
30505 60449
49673 52700
76764 94798
18385 74749
16595 70911
34334 61207
28871 90313
87450 89040
1987 9721
8414 50316
29654 55102
23799 82206
22825 45010
30462 57872
34805 96710
20820 42108
61536 65868
39539 57031
51753 83372
30376 81962
5338 76080
34387 36537
3689 23854
16669 20581
32981 75802
36357 92899
39211 54473
11210 39513
5511 92141
25179 55744
11658 35912
22713 72786
59597 62672
20465 60557
66144 79703
12858 66412
29400 41295
85964 88562
6577 83407
3378 63151
39653 97734
31689 90964
53357 86243
20505 39712
53582 62890
15147 17863
17189 38071
25822 65826
11900 66998
48978 80354
74149 97933
53182 55930
9289 66395
12798 35587
1230 83224
1197 24408
7549 83416
1342 88141
73081 83350
54972 70781
29059 40007
27885 65396
23351 85303
20942 92560
881 2899
28345 91842
1825 50108
18915 74434
22776 47749
10733 78905
30620 43574
38193 61245
65035 74107
91266 93053
10425 62068
14902 18864
63502 84271
15949 25396
76974 79100
44949 52921
39084 51989
22204 46307
5112 66600
31648 90986
19877 66890
45708 93799
95013 99263
55130 94699
52848 63992
70951 73150
42289 64709
15041 26515
7197 76605
70800 75376
11592 15939
3572 89730
30848 52199
64618 65091
42659 99052
11276 73034
43135 50356
65514 87759
77130 78074
13910 41486
49276 79190
4155 80636
11888 79191
54817 57676
16162 49509
13421 55965
54602 54886
5632 20346
20307 98958
14461 15377
13139 27475
6108 18532
80988 89223
2994 28463
11065 33469
23511 79813
5871 85854
20190 53130
27115 72302
15264 22235
66676 79595
41345 84408
33809 41705
5560 17056
38483 72175
9678 13527
19898 46278
37148 94701
1929 89496
37087 98845
7993 82820
22656 89448
28786 78369
17323 88412
25111 52667
16025 79283
60952 64379
36484 48595
80577 99887
8224 88959
7819 56631
36742 81114
27518 28215
50823 75033
17860 82592
16583 93382
36748 88899
69365 77778
35146 96321
21127 51404
19949 58731
25533 95373
13530 50117
10364 70024
25447 72864
44145 78703
62454 71410
38571 67984
23313 31851
78069 99500
33248 90777
14602 88116
19499 30396
5882 80174
56338 94562
51633 58071
10398 35737
32141 79781
23333 45200
22121 91696
15493 17877
71097 92128
15823 85801
17330 20079
67296 88335
72098 82728
10710 71717
6909 85890
1152 11542
44188 90595
37503 97100
78872 88426
18850 27216
88578 96152
18782 85644
76399 95556
2697 65227
37763 87651
24820 96970
12757 87450
21211 30442
6636 26892
20355 44812
15522 16699
2670 33368
92691 95771
23510 79148
48039 53046
53720 70435
27416 74020
20864 72840
66335 79738
58827 67018
79708 93865
8777 44181
14059 17047
15623 49452
36560 41848
29681 82463
28530 66616
26053 47461
36317 95612
83283 90683
29253 52903
35376 48518
39768 58582
66103 80712
72490 98552
8867 20181
10882 63314
22879 23744
53746 75914
42058 85386
12718 32291
10261 33084
853 73692
30970 35797
2498 99163
45042 88960
16096 36929
19300 87021
68735 80736
80363 86878
65149 68411
34375 49296
35608 62327
24950 80030
6389 20837
27682 96653
59874 75725
2829 89781
74728 84934
71410 94587
47353 84486
6924 36535
2563 74803
75867 76768
28083 71053
67092 78046
28100 44962
38182 95197
28598 90866
86408 92381
1320 98580
3271 90473
23350 71796
44375 52843
44945 73119
20037 36739
11886 56012
23406 59364
15001 16195
21589 90446
11836 14743
72663 93397
37376 65077
43092 48226
33842 83646
13096 42083
40252 40502
661 5744
34905 77637
38289 99981
42213 88480
9675 53998
14255 25560
43975 80984
31254 62917
55293 96750
27960 77448
18126 97451
44793 53144
46294 82105
39897 43998
7236 29823
44882 45070
7501 97818
9698 27549
23449 47284
97934 99719
1047 24170
66971 68108
54337 65418
90514 95779
70750 76097
1116 68473
34190 80368
15971 78747
17866 72350
57138 73932
33608 93809
19455 66044
56432 62147
13974 56201
43428 65290
47905 63868
63974 71157
50964 75763
9821 49096
44279 76778
44550 80718
62251 98254
14691 17806
49166 66831
32662 64355
59579 79732
44265 46094
80370 92689
25331 75248
9507 38541
15243 65000
16370 17575
31956 40995
62734 74322
86658 91540
48655 76690
87285 90957
30330 78987
76999 78293
66432 84425
34707 59332
7448 64928
36544 46589
23700 93528
17893 55258
30258 76448
56278 59212
11973 51482
13789 40668
67594 92816
70935 81924
20041 63147
19740 42750
54915 88291
27703 76727
21781 36076
19908 96954
2561 79128
2606 84411
4658 70543
14741 54676
39861 71277
35528 93771
7126 15935
4228 6568
4183 22123
26711 49690
66828 98623
24365 79893
37065 69739
29256 43634
220 53039
5951 12017
34569 36143
71453 81205
18044 74254
94711 99174
12513 82336
24088 49284
68708 92606
64392 70682
138 3598
23558 36140
69187 96196
59342 71555
20553 69431
6626 61865
4901 83019
16875 51750
51184 74735
65477 94719
11034 75225
7205 34241
45536 70260
6078 16695
72830 91453
51310 52513
48978 82042
22533 88735
6202 19191
34700 97998
25802 54529
24091 45704
78542 88049
15028 95849
90452 97036
45776 47042
4991 48939
6922 66261
89695 99490
5989 27428
25503 83228
8838 96544
37104 50722
20807 55379
47981 98721
65121 75679
62192 64236
67856 77898
64280 88257
58518 97740
87637 89704
32619 62125
3964 78152
47401 97171
16117 47323
2709 13819
58125 94244
27060 62134
39827 54248
10635 44451
7614 49258
14768 20057
38417 82256
78394 87271
172 83673
51334 58328
57749 69478
46883 82212
78823 99181
60988 75386
6716 95541
2125 27416
62064 95555
71784 79624
20634 54231
94338 94446
13649 48885
2268 98201
5332 88810
40419 76170
55298 62678
28889 33424
22611 85329
32189 58925
13492 30034
31780 88700
25850 74985
13800 71954
49005 69069
47553 94490
16198 30254
43864 86358
25679 99370
53559 55524
79860 98392
24092 73744
41063 75784
86492 89360
52606 82750
28377 47402
16568 49108
1423 35368
45021 58189
1940 86440
6222 73445
51728 53959
55971 85007
11981 51015
25950 64430
36707 68899
77146 92913
11870 38340
63095 66460
19764 90771
85638 90708
9899 82482
70853 78378
52 11195
22764 47885
161 49046
59800 85887
80615 93567
46032 87012
2194 58880
44635 99424
3356 73585
42189 57360
58220 62305
58253 86235
38429 76525
5258 19640
2469 88621
4905 73826
24338 37295
14328 92001
35742 51631
42339 77525
24196 87689
79597 99818
9675 70003
10010 61971
39762 90669
34218 61844
56574 99960
12342 39569
38585 94430
63839 75214
83125 99378
6048 88037
68543 87716
10470 39264
68094 70341
650 65694
38243 58592
32106 39160
60904 75258
13741 27467
37567 88885
6999 90414
48311 77676
25151 71770
17400 90154
38675 67715
35922 90644
22939 27041
76881 80002
61794 98801
15892 74550
35153 49160
1156 64404
31015 73784
38543 59688
55393 64154
72078 90729
53837 54742
22015 29910
82856 88625
6016 69812
46510 48750
54936 72972
11147 51426
18013 18081
37188 87810
10365 39770
30293 30581
21562 78370
15554 44582
5597 74302
20482 92801
1658 3098
21230 46447
44704 85749
42643 77359
3307 46806
72099 86341
77248 94167
9841 29066
36169 57829
35326 79230
63421 69363
21010 62588
23731 97182
30664 78206
72561 83741
31200 53750
33324 35782
8877 81559
42243 80235
44907 66110
9862 52883
7540 18598
15538 56860
39183 65713
26300 54714
37805 93070
80984 89858
924 95545
18055 90783
74438 92957
64413 99307
9772 30464
32580 79558
47586 72469
18013 46437
49316 87157
69834 71499
61619 64565
41695 93963
5061 46196
5071 81585
734 38041
84375 87392
19461 82759
14585 75084
33109 74628
39950 75689
33734 33739
87306 92382
18440 85553
37829 70753
24747 58501
8937 83193
38406 90033
1397 4335
11139 45284
10361 31335
12311 80903
7790 38387
83175 88240
73731 89375
29729 76742
9825 85076
40846 77858
41423 53830
21762 70798
75555 90113
37360 97225
48168 73073
29433 76196
28744 86612
50754 71750
2296 48460
47036 58471
26702 71197
62581 64461
37241 47268
13145 28227
43937 84574
38334 78152
5093 76705
33881 58123
48410 67258
52961 61604
3139 35784
72031 97682
39961 94853
21226 76200
26777 88933
22108 96805
82106 82435
57096 57239
40664 92582
72957 97333
89631 96694
39777 66659
49012 99310
29216 50139
51452 61089
5137 22417
32330 72686
67450 86720
82999 94486
8119 77793
121 7004
42169 46426
65617 82118
5471 85691
3804 92127
11168 70831
8173 16656
51523 60955
10439 38674
86015 93787
44483 48399
36561 70044
12096 93333
12225 23064
56389 64045
37785 79234
13740 83273
31125 72363
51785 97249
72983 99440
43659 93497
54474 59375
28668 95443
20743 44238
74769 86721
32801 41796
6714 43143
4876 98057
68834 77305
54301 91895
47502 82742
4152 13486
15117 53706
12056 87443
15635 69082
39734 66017
4225 89707
11403 45283
54736 99614
18044 78607
8881 35369
32632 68625
15453 49550
41618 70854
257 32191
30702 75106
52199 54759
30638 42227
5120 22675
53239 79054
11631 38605
37608 58524
28742 29534
30627 81657
11254 45636
84893 95383
19862 54288
3457 81731
7831 78358
2982 41765
20422 47906
84258 97905
52120 86744
6456 78677
11739 95778
25910 77363
35178 91637
18257 32352
10691 93856
15989 25771
3684 68999
22851 71848
24054 49163
21428 76588
50794 85639
16353 21519
32783 61717
80473 84300
16891 25018
50711 69057
87339 91546
82761 88085
39293 75338
48237 66976
10987 69802
78685 83506
6027 29374
13932 80391
12211 70573
58683 62093
86094 91625
37003 73317
68600 91168
69895 99360
29197 71919
2467 88893
1091 3438
84090 88066
43978 65179
65464 70648
16236 25511
35068 98861
24541 80041
11458 42301
46023 56418
29800 49522
39581 73249
35677 61848
91421 96933
55490 82111
18490 95936
10588 20090
89090 98164
38 66460
35282 44851
41866 90489
8796 91410
26417 93562
34711 83632
14398 97186
7407 48953
19107 92455
19100 62081
51102 67241
42012 74885
77006 97483
69754 80561
27686 99967
18402 61692
2228 60810
5616 52425
47 4081
40591 41666
38001 69031
47790 98344
3071 46012
32973 63731
19165 79284
46027 87486
7181 51710
45956 94457
12704 22978
14037 66651
15476 17926
55233 97147
68634 83525
19151 53219
6722 39901
69012 73785
8659 31677
63584 76989
19251 53061
19375 49384
22419 44581
27699 48265
39009 51212
62292 68821
5661 99859
16351 43233
10124 14413
87475 87837
42498 58846
33366 39843
46748 60843
30465 82677
6321 8253
4416 42229
42977 91258
43354 84812
53776 98505
79171 86417
11672 27693
69953 87795
4287 54217
12240 73137
2565 49896
44155 65685
66868 77995
3003 41251
58525 99820
70612 80840
56881 79607
4031 54328
17176 77098
4328 65819
18869 28302
70019 95925
4473 89081
52054 82439
61161 94223
15536 90977
21976 79192
34912 90270
24054 69617
7947 54130
22693 93804
42281 99540
41407 59005
6583 53055
34749 49743
31183 39303
5889 61254
54385 70700
24216 70659
11752 20036
10231 26448
22135 76299
19695 93357
63160 99183
41805 84197
14136 67257
55596 59937
39643 94086
50971 75543
67288 96966
63864 88540
37836 73687
28700 55448
54525 72423
66511 90623
10145 12311
47605 79673
36728 49562
82637 93229
28283 94058
15507 59081
81011 96331
35883 93026
71719 90149
15242 63127
10867 30005
2363 32920
1624 59156
510 59738
54123 83963
12286 55043
27575 52293
24760 36783
49417 78122
51179 61058
11857 65760
67916 89229
15548 35944
60283 68784
50777 65494
36284 54146
78908 94537
61696 88214
70109 80358
3682 82936
40859 79267
43994 62507
8045 86237
8377 54728
46940 91644
75780 98801
39887 72188
18618 87839
69438 93999
6133 79471
41191 56780
2984 59858
21127 84776
2603 85786
15382 31837
3954 72611
13706 33393
6726 77483
21869 90393
18552 68849
4732 51426
14811 18759
57144 69011
60741 97979
73879 92010
44824 65885
74556 84434
17223 69261
53882 82960
37940 41378
87690 95030
4463 11294
19379 25064
11003 33742
17517 74936
9975 16354
3064 5382
86049 89725
26324 81715
15562 60636
59327 64739
23827 94576
73 4298
25336 90550
43881 99952
27913 51814
40456 41313
17680 57779
20444 83515
61828 92924
30536 55723
36177 69492
4002 38782
23459 96056
15962 93170
76440 80211
16687 48444
35421 46124
21482 56835
19604 73256
530 86868
16850 47876
17648 59765
4243 36436
4180 83090
26852 95996
45426 84472
66232 91459
62298 75428
30929 78395
47592 96752
58668 67457
26434 66327
50530 52431
63864 86851
6314 99036
67117 91756
49702 95251
43806 55295
2980 5039
6343 14677
2817 41966
76201 94370
74933 80883
26692 51798
59018 64495
9533 63166
56836 87956
60096 88109
18777 40524
11340 52436
1324 36534
3812 95843
79922 90190
16825 22179
3389 13758
28088 37861
4428 39348
45654 86569
10328 34737
16495 74836
30066 82774
24433 27403
51622 77230
37178 86308
836 32275
35353 45194
22907 53075
17766 40965
43219 95845
84366 85049
173 99525
33836 35467
59129 81223
9388 93858
17904 75872
514 1404
14321 67835
48834 89855
26211 82782
2775 19492
84443 91017
38540 39137
40675 56217
31580 33615
75 58446
82941 86464
39843 59530
7461 34111
3219 36588
54552 79858
36449 58104
17069 57899
33371 70988
74034 82192
47783 69191
26156 27527
33729 70878
4746 46488
3086 19885
4861 48151
68045 85519
80025 82193
58087 79321
5501 50726
23480 62523
36642 60729
37009 92008
35841 73968
45488 87239
30544 31690
2699 18822
34943 82462
13371 65986
10294 93640
6966 13068
2730 43229
19156 22326
1010 11484
10774 56522
40483 83666
14666 74410
21173 79613
77791 92628
17519 50931
23920 42977
38515 59313
22472 48687
85163 93870
24735 70618
34628 75066
11156 52341
43968 97664
33438 59587
22678 48364
20798 58351
24447 40950
5123 19708
54063 66992
60077 65048
67759 69552
26093 58316
71038 94679
19786 66880
3017 88391
32801 89662
21972 51190
3225 48130
28864 29045
72443 74388
88456 93956
8003 23380
83197 99912
75010 85058
22597 77210
35714 49057
52472 61669
12558 25970
54107 89548
47828 76628
80016 90141
42894 77610
75120 81887
51982 68375
33958 36413
58504 58830
33179 66159
18258 97845
42471 86223
30002 58545
1048 85353
9476 22381
74008 98536
17122 85559
57846 69586
62702 87506
4509 78877
113 4030
150 16560
23803 85209
32985 69832
20184 67170
10823 44999
63343 94206
27762 76033
32757 50604
64579 69211
38459 84942
66379 94415
75071 87860
15685 93436
41285 66223
46889 85635
290 27054
72926 87681
34182 58359
22485 55920
3721 89754
44281 94133
21780 91085
35818 84071
5212 61003
43971 76396
15539 55173
23933 33305
76183 87682
23623 41197
34787 74522
73965 88367
13858 83758
30441 89370
39228 94472
73751 75411
86026 95146
33020 37213
24523 66252
35212 96623
67258 99615
21607 96173
3554 37602
704 5058
32976 56695
12718 33596
8477 12146
85861 91609
25668 45136
81482 92178
15021 81185
3343 25156
87069 95962
7962 81342
35988 79488
56262 73260
21381 58056
37096 83927
24771 97235
15716 25732
42460 99962
66457 73417
43907 46680
28344 93696
59781 98294
27686 68066
6796 83865
37216 80510
12250 53809
77447 88866
19578 47678
37567 49089
22821 58678
34590 75318
42756 99027
21542 40054
64783 66332
34337 95749
40220 65264
1112 32852
3889 32073
42565 91389
1447 71470
36336 74665
10384 19167
46108 59080
50331 82654
42711 73823
52305 78091
77982 84395
7257 9186
22751 37204
64474 90985
13771 70070
32907 87026
54620 98793
42403 95346
43492 53508
71457 74292
33026 49406
64768 73105
39589 65290
19169 95811
34066 39044
5133 65943
47904 90792
88442 98274
8782 91102
61899 91228
45766 71300
13295 77694
19274 44971
3210 75921
6451 8386
78211 89010
24542 72088
47789 83481
44761 48536
50470 62942
51064 88144
21778 64314
12297 47366
4910 75635
9111 38711
59732 84755
53246 90260
14908 85583
21301 43952
29736 46117
8091 33120
17061 81509
5373 7974
1428 97450
38380 77998
14746 26296
38578 84012
75595 84416
30532 47981
20740 44218
51782 86602
20451 94267
47459 50468
27813 55699
7502 25855
9341 90879
50625 70359
21489 79559
29476 69246
15011 96497
5470 64969
47452 59843
46476 66787
38351 88215
69291 98806
1838 46825
27005 80528
51388 88817
64616 78561
12934 93761
13237 32928
36876 74790
18355 38099
93744 95703
7595 67886
5227 62714
73725 98702
41715 92972
26301 81050
74088 83888
46892 51747
1270 94136
50699 78581
37345 88914
78615 82907
48776 57583
61655 95696
43816 61639
16420 24161
34991 91096
9852 64729
44796 66567
1989 53540
15343 88667
8700 59412
30214 63163
57177 82913
31296 82439
22170 30130
14614 54872
56265 94110
43204 53688
4238 47678
5658 33132
61070 70333
34355 67317
9626 76191
59020 70264
12323 33950
48562 69666
58479 72536
72336 79192
3317 26154
6783 14729
24508 65982
6187 53662
55915 65808
1486 47649
47735 98532
17064 60540
823 26733
73006 78647
3463 79384
12275 24796
7736 8012
20190 60955
59819 70117
74558 82573
66356 71515
91368 94321
12670 67587
28695 51680
38479 88101
24923 94390
37634 38176
44770 83276
54411 99418
24973 98802
47029 73755
15855 85448
24966 39948
10535 79329
12869 21720
4472 84886
50754 72668
42119 97205
29014 90027
5981 64033
37720 65382
80640 90370
9452 9788
33944 86970
38238 73891
29008 55861
49776 99169
63348 78286
57835 74599
16430 58241
40008 68468
7748 9686
59538 89543
32866 55475
16941 71612
1271 30299
47539 62665
17065 89801
80807 95036
61854 74681
24027 59514
32424 77246
65348 76158
41903 58921
47915 86054
17125 59764
785 90464
62869 77402
52331 78268
84140 90824
26786 91235
43713 72429
29961 30447
10452 87989
25225 54164
7068 81264
69477 78801
56210 91814
64984 75405
67526 84931
57542 80627
14456 54286
42100 58422
65682 98768
56271 82358
8715 42539
1443 88041
35087 89708
19631 33368
11606 11850
29644 65413
15066 22678
3703 81848
60845 61663
15074 65556
83717 98913
21991 32239
55559 75162
72773 76171
2015 37770
26701 59127
42613 70579
66310 85202
43947 76031
66947 85757
47539 82195
38651 73376
47658 55125
46972 61464
19872 49307
41794 57031
63652 68147
62212 86650
68495 84839
38264 80119
35226 87412
8855 59478
32406 60432
43471 64554
13229 80591
50860 93505
16195 82669
89036 94488
14501 98142
5319 75071
26177 41461
17328 97253
42909 60090
20484 94723
4838 78802
20128 29502
19664 28014
11273 76753
30536 86867
49732 65012
3227 36802
23625 53426
18779 33132
60262 93367
839 42781
31741 93934
49119 75699
2882 60647
70187 99168
28570 64758
49783 65587
55311 81470
28220 73346
20112 43301
26870 85758
8736 12752
30788 78961
17295 49993
46739 69384
19388 38303
26651 68029
78676 89417
7311 11508
82036 94097
91864 97672
15517 23651
22612 33527
41117 89397
20190 93590
24528 47618
44399 85810
760 95960
51808 94017
62795 80537
67875 73536
56330 91609
19569 30827
8680 27395
4489 80461
70090 75196
20722 83532
9665 94034
10954 41823
30152 75465
8010 78073
69198 91120
61290 97530
81917 92788
71717 83896
16777 46779
12719 93257
63556 99174
40493 94639
23123 98955
15947 44115
3210 27448
70850 85959
57941 61854
30898 41539
14854 26885
62562 82468
11196 99866
4362 11925
4431 32387
46561 76541
12354 80315
43379 92906
57824 58825
32034 47282
14102 75403
37872 58950
69046 99374
37808 76051
36453 53751
8733 87640
18599 60031
10386 24559
54637 67360
83636 83924
20367 45883
65851 73824
16102 21788
63549 82133
64940 70047
48533 87826
21452 28100
66350 77266
54755 87264
1878 95123
64865 66618
44100 93351
650 91757
27782 67004
65715 78345
6174 45852
38148 61798
1170 46964
61570 64948
14510 15233
19384 47750
30392 47162
37948 43338
4735 64693
15915 75921
287 65163
5697 48363
47058 55404
7757 58013
65445 77448
70854 72105
80670 94710
7126 90596
3630 88343
37378 86513
17638 33752
71928 87281
2504 22808
604 13547
30636 65023
27576 41168
23485 67638
50313 72856
19237 31666
12451 80660
14636 57826
43966 79336
29914 61984
5063 7392
44171 80866
48604 84147
24000 63233
17114 59994
26318 91817
34920 91107
19498 31399
22452 65021
25676 37434
27115 44074
35143 38168
31906 76918
50875 52579
22670 58774
82082 85392
5116 32329
53743 54714
10800 99413
38673 74380
29263 48728
30093 49860
33636 51515
50865 86749
57744 59896
2768 36359
27095 38874
62678 80902
59682 90341
26332 46855
46242 70813
15032 82093
5797 7926
77107 84520
81818 92437
5799 68389
9886 82207
56450 90769
14309 48848
68274 68936
35453 97922
18009 28105
18450 58306
24838 61772
46552 65911
18714 59361
9339 38083
13406 26712
17906 41909
519 44715
38236 93125
26998 66603
56557 98897
12213 22029
36824 61332
55669 75903
44761 71372
62416 65620
6096 82934
9900 55855
11780 55730
9636 40089
87095 92536
14229 14282
35006 44179
70756 79500
52499 73245
43263 65099
23233 43310
2697 34717
62699 65884
10072 22052
75121 91323
8989 87310
45663 57799
1546 67381
30682 65265
31009 83708
35894 56494
12123 92451
29379 63294
10555 40788
36674 84935
12449 95163
32449 67233
16376 86041
17041 95098
65491 82305
26329 93559
15158 26204
32058 36897
10344 54042
26197 97472
75379 81554
10965 59914
2745 74033
24814 95455
10218 10321
87852 94679
67457 72334
39017 65376
50942 64387
11511 66390
29709 78641
2916 83099
35945 79626
33998 35222
17985 34168
29733 40577
2845 5023
19091 67710
27738 47398
4250 62313
9303 25618
14548 65546
77249 79065
36511 92009
65932 75547
1173 3217
36940 84279
5080 73578
57878 81687
8698 25037
49830 51981
46005 89958
53311 58744
4404 57965
29137 61479
53220 60840
27155 32126
76877 82493
13179 25397
40564 65361
7380 55641
73854 79601
23995 61617
39965 68528
19884 72246
5253 23394
19394 26075
36745 66688
18304 81942
49920 74267
12336 14798
25183 73483
10123 96163
77744 79155
67905 69314
22166 31583
56088 95042
35094 82367
50682 57610
69346 83406
19792 81791
39613 66829
22160 36614
9585 72874
55098 66106
16762 64609
40216 92431
37347 87101
28497 40121
24208 42823
26795 86142
36551 86837
32758 54639
43806 57447
9253 71787
88178 99213
63865 94805
1617 63153
56966 72935
36238 67543
77285 96141
45015 95337
71722 94399
54091 56848
38560 76299
38345 61817
26531 86244
45875 51729
48259 83098
3364 16835
7294 20443
61147 90934
83195 89647
7080 66297
25742 74131
12692 31940
24066 95603
11662 80235
33048 34233
53780 62818
68153 89336
66114 94524
1903 38992
93776 93853
67863 79080
13218 53427
9322 53687
17815 91132
34752 81122
66520 71281
65201 91586
14288 29204
72366 75442
14979 81159
8699 63825
18828 58493
30512 92668
1868 98262
6907 77248
77796 93219
36032 63268
49540 56401
60856 93736
61915 96605
38650 47685
62605 97370
73543 85624
38848 55619
22313 94771
78716 80618
82456 87376
29792 43586
64124 68349
16923 28292
38145 88399
49796 59159
63989 66048
12182 25864
3483 27392
37167 96871
6023 33241
73389 93154
25436 27744
70241 85501
52766 95075
5873 51579
15942 59049
47653 60592
14319 44418
38607 52353
19952 60340
17407 96186
34297 92541
16034 66462
35139 45479
89267 91400
63848 97457
62360 67201
11819 93110
93004 97617
11239 16301
36475 44687
12950 55182
17344 91675
52843 62505
3720 37142
7921 48271
54595 96613
29072 94802
8466 82523
8226 28388
80104 98323
27733 51608
24965 70275
44 38776
21037 43142
33764 51067
22297 38402
4436 32932
16127 61285
94557 98152
35659 92336
11195 28678
5639 12618
7413 50548
95789 98284
9116 37411
66033 74430
37820 64251
37890 61831
70402 78428
13759 58603
70006 95491
13035 77551
14007 67229
14022 71276
26496 39171
74100 85892
25694 88857
13561 51732
50740 78084
70992 85711
18881 41810
7908 56638
21486 99645
6219 87491
85107 88637
21804 43857
35892 97552
15480 60750
23376 51127
10985 89135
10348 43035
36937 84714
59 23979
24864 65110
19561 65154
18923 59710
40959 45157
6129 13506
30830 33104
49907 85371
3699 57158
27351 62101
2907 13451
64633 67840
33209 51225
19656 42697
19757 71850
15772 90342
74511 82638
56581 93783
48434 93781
27103 30000
76228 82566
18893 30771
17653 55547
81270 94071
13621 37425
3587 58881
62225 75387
94414 99771
10916 52084
25012 34834
49029 58335
61658 62031
7617 77109
59274 81133
5768 63917
7521 12034
5515 60922
89699 93313
52229 89238
10274 68864
14240 34649
13164 46321
11423 55539
67897 73139
37762 53901
30970 82742
83030 89359
10142 98403
5174 61254
38054 56791
3411 45641
65808 89312
10670 47897
15957 74708
82447 83549
15992 59676
63082 97631
20717 45916
29061 68829
37377 39339
25821 43306
16078 73150
12484 22837
15344 44472
32593 39280
69902 76766
79830 94108
39893 41353
26646 97725
47682 88365
67255 81604
18236 32070
61034 65832
36890 98170
44264 65466
36197 69266
52912 60153
17516 53932
58111 81863
43181 59287
35876 66032
49848 88932
68006 77796
3574 76216
51871 60255
2878 76259
56068 84098
3906 18683
12408 65990
20419 22499
63149 89103
13195 88051
81685 86688
96155 96398
35576 35853
55333 90872
5906 40340
23589 89027
411 12163
9027 16721
63418 96297
62249 99521
49 48238
39063 89969
61356 76900
69559 94893
33133 90388
83041 85039
78121 84665
18187 72587
9605 38270
62183 71544
5095 29672
81662 99499
27513 51217
3860 77535
45031 74167
41651 50926
81416 85565
26936 93169
64175 91004
2874 99421
24576 59942
88613 93526
50049 51474
19618 84926
50770 77305
30881 53367
83092 93995
49945 56240
73610 82232
68983 75186
43383 91814
7143 72979
59134 64225
24388 67378
61466 75484
2371 32107
61376 63130
5552 80281
29718 67773
6234 58347
10988 37009
74791 93790
143 87852
67353 79986
18966 66740
64733 78950
11006 85691
56833 79388
5752 48107
42518 95443
10678 71630
23402 48051
31800 33936
20836 89284
36939 61169
66685 88835
30268 86752
11646 80740
11064 26240
3448 33319
6147 21807
10632 26506
7728 58724
24054 41416
60181 86424
72313 97568
93270 95531
41189 64294
48205 68429
64692 68981
71568 83811
2494 50257
25903 32616
51940 64567
3580 72110
6814 81425
16371 61793
4905 80217
9312 52185
44170 56339
21949 86521
424 57029
29362 78997
11593 20426
22379 79296
10150 18667
39335 58753
4332 66922
71719 86751
13482 92721
74451 79364
85980 98130
71236 84090
76018 81388
72429 94144
19500 28999
3153 72612
79023 83054
5846 22494
11274 48824
22942 25740
26328 45453
23837 46989
54684 54827
30908 75600
30052 88976
975 61167
92289 93289
20900 70513
21721 68082
18209 64281
12610 91507
24418 42735
67276 82330
78602 91404
25649 91375
328 21924
34304 70195
8233 64369
34358 89773
33244 84203
57373 77773
45676 47493
5313 9304
79054 87530
74661 92021
42085 78520
30259 55307
49598 92880
49123 69609
44193 95097
6251 99395
43367 88747
8499 97424
42745 99583
7553 78806
22568 43795
57993 76457
25409 53542
18519 99405
4358 91699
71925 88413
51433 54564
54564 89251
21033 21137
49607 74204
67697 98856
5117 94808
23250 96059
34411 37954
3054 80452
48036 99486
57660 98117
31475 98480
53596 87381
37823 71943
58161 97589
62092 87550
35566 67239
26100 33095
38655 60399
39823 80719
65434 93029
54764 68240
53878 77987
67906 71556
4857 67517
49113 77712
16301 90782
57633 75512
19696 31586
40617 41182
74646 85366
17916 78326
37671 81573
42250 89706
30097 43360
12684 73539
20427 34834
52957 74340
59349 82820
54130 83386
26700 88423
51167 98098
75124 90648
46897 79280
27014 42644
76931 96023
969 37801
68291 87355
10729 18927
43655 94677
75900 95899
39987 64487
28385 74828
12649 63017
69493 72634
14232 57674
33408 91338
92138 96379
5406 35974
13866 31314
43536 62579
35909 52542
42904 85788
22888 56113
21714 78844
55994 60547
6519 83433
35705 69615
70001 79669
2997 63055
17264 33688
71033 99010
5715 9626
36337 92151
31734 46014
12994 47180
44426 93712
54543 56720
27846 63497
56366 96488
58882 69130
47865 78078
75143 84264
46979 99900
849 62256
67048 98253
2483 96302
28836 51657
8161 48751
38776 78426
24092 57477
16957 70147
41699 78109
8433 93710
63074 63392
71409 84481
17910 37764
58384 68113
14199 66590
5091 13710
9700 88587
79577 93495
42575 59600
81100 91729
69412 82993
32152 83979
57816 85800
47479 74366
82026 89965
47763 55295
93853 99262
59757 77966
70289 70763
58617 88588
12961 47722
21977 95277
20867 72844
16909 40792
41594 72842
51329 52075
5444 22054
56223 86902
73985 74736
29702 66104
32714 49663
32646 95013
26412 62394
42231 78005
81010 83143
39731 48728
11661 65946
29564 93898
24035 63038
45003 65429
7632 71482
70441 79498
6441 48499
21760 60685
13645 27837
49220 99465
29659 86088
74591 83834
5367 24198
62351 63165
27156 98866
144 71560
1714 48390
50169 84904
17593 39696
11414 13923
22959 29020
22021 40495
89019 98162
28788 47017
14027 77280
4595 32272
29255 93203
37828 61639
3112 70466
516 42880
44183 80029
37312 87697
33769 72467
6570 63356
2291 70672
97911 99998
6663 72591
2358 68637
32655 81837
16408 63560
52027 68967
17903 78610
61927 72800
19457 22850
2756 7740
12444 42472
36171 84129
76929 92509
20216 62199
59868 69866
16786 41216
17598 75275
49131 55769
48438 70252
49367 50854
27356 51959
46380 83492
22010 71579
61726 75667
12256 78489
7732 23141
42238 76600
13750 95138
36398 86402
32270 98176
56215 83266
51319 88732
37962 56374
27074 79541
51750 77842
69088 81020
49452 70122
22472 34695
5393 37298
54063 95971
50606 76503
15311 20897
17841 88994
61888 86848
41018 42171
79350 91123
28641 67119
63560 85037
39690 48996
33978 63035
47955 86924
73851 90824
54411 88083
352 33470
63938 97489
45007 63864
74032 88979
9010 11013
12242 53002
23410 66614
69363 90868
88136 97714
27193 78814
27884 67853
42914 64934
8565 74833
16923 70173
11509 71919
29158 75658
80167 83613
74465 95456
7135 54888
5542 29721
11174 22742
15233 16121
51437 95989
59479 62665
36962 72059
32858 48449
25046 43789
13408 59111
14521 95581
4249 67577
36110 69111
11832 93180
51863 89848
14580 49552
28742 84173
13356 65489
45854 86320
84625 94722
37705 45116
30030 81107
16174 72725
26719 96159
26497 52629
35790 89277
68786 75745
49177 94200
1819 35510
8817 74024
27579 65354
75198 78189
14575 84081
39545 46404
4084 75381
55437 96871
41613 81479
66191 90944
26075 93708
49767 99893
30801 36963
37240 96460
4183 50745
17742 41935
7256 98241
59971 70178
3791 30076
7499 78536
71812 89994
41059 49696
96078 99172
16461 65891
59906 79920
50696 78628
35653 41449
10452 46999
32425 99409
41903 95299
62509 73729
51614 80712
32399 47662
50949 99878
19461 98376
5567 15584
10170 83595
12329 91017
25008 99350
587 63883
76040 86941
23554 80106
25371 53928
52466 81273
81143 84849
63430 80966
35086 78714
51865 82310
52569 76594
33934 86047
86195 97567
39830 49858
13852 54818
28914 62939
42829 66254
3935 66356
23876 41498
17866 58748
63025 67030
811 49170
34848 96135
65589 87820
51635 98215
45369 53566
87645 91080
12825 35951
24237 67143
30769 86583
4175 93807
57002 96145
27751 37012
51826 55906
28398 43982
75083 97151
45281 92087
38786 81100
42520 98778
1394 44367
9664 77707
65771 77209
62082 69164
87650 96889
714 41019
21995 33166
53646 73568
42008 46348
2144 89146
61129 64026
4285 59841
63483 67109
9242 14138
8761 83868
76344 97105
2303 71705
48991 56169
3362 93346
85256 89237
1836 11609
16138 26092
55235 66997
41255 57197
7703 38227
37451 76435
31063 51629
24426 47548
40972 70139
8509 74401
14349 16012
27005 70527
10686 96879
16262 51666
8999 36208
22762 96727
5677 69543
36846 72947
48607 88994
62953 89248
1743 99988
10669 97725
70286 82426
71576 84951
30837 39355
31261 65186
5678 40998
11654 64276
16923 36426
49171 88994
7235 49754
24003 36995
5758 42177
14034 63219
1063 80489
11007 12265
6556 14439
21522 31915
7589 93930
23582 76062
54762 64666
27023 85091
6806 8593
8201 11703
6535 82772
49522 89381
39896 47658
33923 64156
61142 84662
11646 59257
39570 73808
74022 79851
38170 65738
5206 95467
26744 42944
38871 96539
12727 21675
72017 93521
2798 91391
50859 55565
2646 44066
66692 84081
13505 55616
40376 63562
37566 68683
82271 86688
17650 50093
23307 77110
46398 91723
69225 84725
35029 52295
44813 51614
46104 58976
11691 20779
7162 76702
62095 99719
26141 94503
89260 95356
26774 57392
12282 91383
15848 27686
24581 28224
12311 37417
21156 61285
67319 70155
38052 40590
24460 77011
35259 52557
36331 43052
2761 75211
24373 28462
61435 68608
61470 70053
17428 28548
79519 85343
66550 80449
17306 84476
17235 22827
49283 63913
22229 49368
41067 50524
78560 93058
8339 27995
2403 93771
18129 82139
21880 89096
49384 67660
60337 80338
48331 49197
1411 70633
3650 26813
56836 86093
34912 87599
63019 81246
22912 70757
9898 92980
15004 66925
21825 97084
71581 87279
58219 86400
43020 47612
49255 59999
14148 52341
26465 69223
66287 72245
9461 23448
22218 64075
14468 30800
49434 99097
39694 60534
6427 99244
20650 50362
91108 97801
1473 5458
1785 85908
9405 60430
60206 85018
3621 92961
16496 73000
34242 80758
2964 9076
89901 98045
5738 93417
25981 64906
26361 78641
45570 71535
20603 76976
17859 37153
6460 6486
13493 26492
55598 78839
72408 97243
51487 69658
8300 81459
11046 64231
12769 41658
64820 74905
30340 42157
3269 34184
58011 93269
15203 24834
48825 95919
12561 96010
40339 85836
67397 87059
7073 54245
40903 41535
67078 87035
35184 96132
1969 82623
948 4165
40750 42319
24568 30078
56992 98912
51398 69406
28603 75115
54415 71551
47240 81157
59889 87948
21121 99678
66706 73812
70799 73689
24303 85531
51978 85582
1732 98918
30058 71750
49851 66796
18089 27146
48208 57417
72054 94624
50924 82592
18862 83472
46361 63806
1170 48205
43335 97818
35337 75390
30429 44989
20645 65585
2677 11535
33939 81204
30900 83029
66983 70946
70643 78516
1260 19518
61377 64203
10592 60641
14789 62015
75049 91938
8805 38119
85801 98330
42701 87499
2552 10018
2158 94546
1058 25273
14495 35927
56006 91503
4554 83457
6232 31538
4768 19247
49208 51084
10323 30199
23313 35919
45508 79317
67600 89251
19575 36550
70255 91091
70197 87653
7057 79541
39185 52509
22634 25010
18186 73283
17239 65039
5376 16373
56987 95395
6172 68578
19246 77805
57388 63222
70806 80116
19741 27527
25959 92683
4376 79032
38897 60601
70594 97932
56524 94239
58031 63376
25764 99401
46486 93048
2398 34453
14316 50284
27839 88217
9615 47283
46892 56964
10640 36165
34015 97866
2635 62023
26017 80489
62897 72830
817 73662
41132 85670
26257 79841
32355 72531
49918 90367
47826 50846
22933 87817
10433 11275
71297 79202
4609 85726
27745 30958
29893 47227
89709 98809
5065 27719
22247 95464
50544 54218
71402 91034
9616 21780
302 33478
47110 47949
1495 84368
3600 64218
651 84569
39297 65752
29855 50895
39578 87414
26495 69378
7469 65869
24629 53223
47103 89048
26590 59586
52870 90287
1597 59490
27022 83636
13321 70589
4981 11941
13994 48648
61478 71289
54890 81315
8411 29771
30904 34663
34848 80647
16464 58410
65438 78262
48941 97607
57189 59801
33974 55035
1604 31620
36036 98591
13744 67412
23401 72122
3097 53957
34012 82920
57765 62858
42075 75982
26852 59015
11288 18517
21166 45637
26129 45548
66777 88438
49997 82020
1963 95237
10010 28434
20 35462
58305 75171
19857 73233
8742 44150
234 66268
22988 56253
47127 99754
5139 79016
205 92891
30624 50821
10678 61603
52031 66700
55355 70080
1538 88786
97087 98657
36370 89884
60871 63860
5678 11901
36446 47428
39000 40780
42475 82703
41405 45056
32108 92324
16119 32034
48386 54547
37160 52200
21878 45822
64841 99794
37050 99801
76923 78717
18549 87172
70555 94389
2080 70308
91662 99134
39383 98356
50661 89618
14666 38602
27355 79643
30344 47186
43385 72321
40985 77241
38187 45389
11619 25236
28257 94127
31130 35783
35389 55560
64341 86594
7917 88852
2667 9631
79693 82172
26484 45715
19350 55811
38375 72796
16492 87453
6101 67954
16140 90548
62865 90399
19178 36359
28043 94330
2811 15709
74190 86972
55243 74915
28819 82257
17147 30871
100 15455
21586 49016
3857 89085
2150 34537
6392 92740
8227 90768
5336 53532
16545 28191
38904 57030
43508 49914
87682 88065
63807 71362
45011 60257
76516 92204
21016 35514
2120 53861
47024 95179
43917 57885
8215 92986
30150 30763
23985 70478
27613 90614
33660 64101
64643 67395
86906 99381
48603 60939
45510 94785
40097 98237
11433 67179
32929 49679
21427 26854
3916 86601
29955 37065
7857 9370
34442 62409
16950 29773
16734 70061
415 48847
56453 92611
47418 86387
15200 21719
47808 77412
28194 69041
32991 48509
60991 97324
53512 82844
1386 24134
9933 33700
12657 56133
5480 53028
56123 96843
23926 60069
52786 53741
17732 86900
54373 71082
33403 69073
26272 68765
11972 22237
58535 65692
5502 17924
9140 37544
86617 91636
1625 42573
3090 62242
32615 99284
54472 95430
3855 52570
32538 69274
28916 73971
72318 96191
3095 57145
80910 82559
22598 96762
16442 42273
77942 82970
16027 36755
25035 89040
6893 72984
3649 49678
6828 47587
3073 17885
24672 80884
76078 79067
23084 84941
33949 76861
36274 47054
17571 47315
50663 59097
97953 99202
21677 38872
30800 94836
65471 83896
41256 78934
27140 36598
16692 74189
67491 91169
35859 54006
35490 59333
31088 89626
44717 57864
45555 54960
77589 82448
12952 52291
45789 78839
35666 37915
26057 35097
21121 73070
34445 73945
5094 21835
47309 59574
10213 79603
1580 89631
42077 86222
33158 66382
69390 76012
38014 49527
49835 54476
10496 68566
65936 80182
30410 48758
42055 72275
20318 87335
70723 82186
74019 98647
32513 48983
10230 25498
30629 50383
74122 90160
40494 66653
18327 37938
38926 76705
16656 60424
5579 21046
47746 98524
47235 60887
21006 58772
15346 97437
8775 83396
27648 68761
46734 62419
60888 67012
5607 35234
23313 37947
22870 94157
11309 63183
35108 36651
42542 87719
4752 33023
5498 37594
92008 97765
65836 98575
76288 86564
52416 67625
29604 98249
2080 25522
6855 48119
63530 83988
73715 92330
42417 74619
37930 85035
8668 64263
78605 80936
34620 84789
86155 88141
15559 44134
38896 47596
32711 99818
20780 70569
26594 52858
36828 43596
44415 59083
9707 39735
44003 96894
11957 13545
33373 86216
44807 52908
30912 31169
4206 84493
17861 90900
25874 66978
93664 99648
39653 44884
65774 94635
6701 43258
79580 83791
35431 37083
32266 81601
2944 27370
2917 89258
23091 40914
39880 83595
1151 80031
24099 73640
82310 91316
5105 27261
51227 74941
48128 82603
46676 98752
10401 16730
31305 88374
58329 88235
44940 49409
17401 87952
18245 67514
91845 93762
85973 96240
38362 38985
2945 12880
1480 89044
17907 95790
21015 58663
17796 55821
10076 90967
10128 86593
9292 18126
21380 95752
43387 94882
21552 32326
38450 69197
11387 62060
81450 97379
34644 66564
45556 95913
9261 49959
64984 90617
20121 50514
47993 94663
28714 81296
14271 95997
33929 61823
16543 92012
455 49093
64036 80087
57383 97650
12267 71403
39841 53960
51375 77629
65492 72844
73295 90150
14631 41975
2171 38685
36225 83447
31543 86861
56492 83024
32437 79079
33863 66770
10148 34383
51767 89675
69073 92110
33470 60037
18339 66219
1301 7467
41559 91579
104 47093
13741 30156
56013 86386
69506 79458
17222 99477
70421 74801
15894 61477
5784 85691
28048 94217
12635 40885
2063 15463
40810 58684
40807 46669
32987 80863
22742 89999
27003 57628
40928 77236
4585 34367
63819 86510
87896 95257
8467 27687
28593 82856
73214 78949
79707 89505
9883 84594
28245 55016
20444 53168
196 52421
43920 80214
12298 34492
480 40037
21779 46822
73920 94612
19562 37199
3856 19055
19382 80702
20196 54435
40896 72401
49225 97136
73810 96562
31191 80160
22904 34553
4579 63725
15626 48934
55240 71203
6469 99456
50387 89776
3344 94743
27775 89104
23455 98767
84340 89693
18619 35365
14802 86874
20944 92578
28355 45892
32205 55547
49079 84598
47296 90206
23388 62690
42727 92088
10558 49392
12380 49806
31753 58767
74220 82002
47186 79296
13348 16633
53917 91186
26584 53158
3539 23226
46400 97696
30392 98775
4277 77861
3639 23395
5460 99720
51006 55591
36965 46220
2604 86656
44913 61016
33553 57885
180 96247
22333 42664
35921 80063
10038 79412
30689 91956
25201 74662
29773 68280
2776 42791
3015 80733
14116 50594
33860 68922
16732 63063
37002 68652
50962 95634
29468 67494
70304 85841
51730 68873
16642 28041
50309 71078
37400 55486
81030 94396
2447 75799
15189 98232
63341 85704
80198 93380
57823 72782
14628 89710
36682 38119
34760 94995
79708 99644
66526 95556
63972 65979
83220 95352
31025 53265
32417 36358
42193 97411
65336 81310
21250 40019
38042 91445
51806 80107
12161 94629
40608 45828
58069 76901
25618 75774
528 68016
16784 43361
1471 89886
46433 90439
30222 95279
15416 50146
36397 50903
185 74589
69154 80191
6030 74978
17037 51317
43624 50498
40047 48926
29233 44043
4844 71221
25456 37083
67793 78961
49382 60658
86733 90501
24176 79009
28496 33710
39025 72476
6362 23149
3945 53182
9651 41032
35399 83610
21884 73836
1081 88249
6461 38315
84090 85153
4144 84580
10117 37467
32117 46563
11684 86770
82549 91739
540 4860
5801 58355
51764 93948
57057 92458
68622 97525
10713 67917
29824 46018
9836 40980
12664 25061
16215 90567
48897 71863
2504 9627
53533 99614
51794 70170
33126 80880
154 64756
23838 97956
37703 66714
57659 81573
9739 97205
22173 59408
84852 94121
54097 92807
45043 52989
13563 31104
30192 99640
52475 70223
41010 70253
79596 92989
66817 89805
32518 76718
77256 80932
90221 92992
53205 58298
7872 52691
56205 82117
26234 51224
54972 78149
6521 27413
6768 17934
49844 55071
67437 88641
29742 98996
389 50665
30856 89751
242 99201
88312 95632
10398 21422
93821 99528
51641 64385
60531 71883
46495 50438
32295 81532
884 78549
41030 73973
29248 54138
45604 92641
6913 34372
12117 77848
45562 59524
32356 46026
24452 96374
73923 99966
15261 48858
1486 93303
25732 63150
34155 74818
6978 66337
4839 61884
18383 73357
21836 97887
28829 54711
95700 99357
4257 89770
9591 27866
8273 62956
61423 92469
2676 29308
5695 77401
7626 25024
6274 22938
52159 87384
32758 88532
39120 63113
40597 58319
23994 92422
15735 72194
47760 58758
4137 78342
72427 96944
1020 78504
4834 48695
79474 87864
10021 72928
26482 45326
5794 54752
39846 42536
74885 93387
29331 73175
52084 62030
70260 84945
12478 53191
74467 89082
17424 26636
5256 65082
3143 36881
1246 74297
26645 36616
32199 48986
7993 21788
24026 79849
54653 56584
71492 97921
44341 56467
11405 58102
14101 22275
31329 58052
1536 75296
23102 91501
31602 49592
11385 46945
37390 91586
19816 60200
16363 84272
5453 42098
14221 52233
49907 56336
22386 31809
73653 94020
36557 40645
43686 83435
23074 69124
8885 24313
26347 46629
80388 97640
40787 51565
2969 10511
30928 68405
37539 99046
22676 56693
60076 77280
53440 64545
2659 13155
50965 97793
19004 61751
12988 43094
47830 66047
174 96038
14678 14754
64529 90362
27998 44838
67490 89281
18560 93286
36902 88309
31003 63919
37932 82755
1797 7809
22051 91496
51822 58867
13490 64591
5169 46914
39065 42933
35947 77159
22907 73517
21623 58473
93274 98081
30316 40491
38892 93275
67223 76925
25687 67600
46127 94511
42758 61742
15777 74816
75089 79542
69344 98810
61039 87195
55091 56603
96370 99772
15560 88441
65975 93309
32011 51131
509 87730
5545 82467
54536 84687
88019 89965
10012 85543
30978 41426
80258 90117
11542 46173
9877 53490
20458 94461
67278 84088
37624 70003
10601 30884
12303 47176
50348 98664
15255 70002
19980 68794
45433 61547
34529 44366
40594 69248
11679 89031
66597 81213
4085 86149
12970 47814
16353 80104
10778 57795
33029 61862
18148 80549
23831 93704
58199 68166
2203 86258
29807 73766
4916 8836
72131 72783
67199 99114
39505 78284
22079 33484
10140 48276
7947 9783
22833 89012
24960 82173
45050 45722
7075 21503
10904 18731
13138 70354
11843 29718
23183 47089
81051 90026
4906 65913
7360 77877
43273 87953
81786 82193
28595 39182
7888 31156
83100 98180
14660 62866
35940 71846
27420 29539
16573 45194
26186 82127
20214 51648
4503 97191
46252 73893
12897 50062
2170 78796
453 91019
41579 57300
80198 80254
56606 69405
40053 76741
42641 73896
32936 78753
77277 81340
21154 69695
59276 60369
34238 56808
1684 97448
1315 73897
7073 71102
3341 5842
10668 48201
13153 61940
75627 80002
511 74195
22522 76009
22004 68632
28241 75958
62544 68728
21687 28328
55098 80926
14274 52699
10601 25081
21109 24091
1970 14468
67053 89224
44245 75142
22731 40337
27297 47352
11959 93345
12189 47712
52542 56737
63793 84991
716 71372
21397 97923
99257 99400
38258 59463
51334 58065
6527 86090
66552 67747
40120 41591
1810 19442
78891 86265
53529 84697
22731 43246
19650 58436
41283 98269
49291 57477
31619 65629
3416 47096
26726 56707
17938 65144
7086 57501
15164 83770
15479 92416
45426 79525
5018 50062
48334 84788
65763 73032
74544 80941
4709 34892
76287 85434
57162 94992
59718 64795
12591 40491
40638 85700
38515 69878
70175 99591
75185 88464
56874 96479
14997 88762
93164 98970
70771 98267
72728 91950
33726 82179
2915 36464
19565 39595
3108 87695
22655 78328
5089 32390
15023 88605
23040 41687
19105 36348
74122 79478
75728 90456
10669 58045
4205 6512
56718 67943
52643 77223
63787 65065
15787 56240
70731 78438
17410 83990
38175 67126
48056 53939
54972 64897
44835 61026
72021 98653
76149 97080
15180 25442
23883 76152
35019 46102
6247 71743
20 82177
8349 68485
30846 44866
157 27943
21132 32293
3316 98888
36747 47572
22218 39430
49077 63619
78753 91868
21239 66193
73433 91302
29260 47206
3927 48636
73447 78826
78725 85059
27731 54256
30060 99873
54897 66393
23053 66113
23231 47967
30011 40621
61491 72684
3103 22848
6018 68370
29794 93310
2626 94024
35521 91863
37190 81039
49130 63817
3894 93498
37584 45993
69313 94261
21847 24002
48206 86747
43131 93091
94851 98261
34813 53334
66236 94343
88987 97615
9872 63702
3408 95334
12860 54582
10171 49293
20671 67779
18862 75606
48634 77884
38581 52806
49487 70456
24476 60636
14843 18928
87731 89028
40750 46118
28385 59616
58485 83996
42901 61986
33982 96085
43083 61710
34612 79996
10404 67433
26356 80332
94772 98326
3644 92559
82052 89309
42089 84250
61147 92319
17281 32351
6943 13634
36975 49775
74662 80307
3909 44153
47997 53599
56692 95124
39643 72746
4605 77588
11836 58704
53469 97744
6583 27508
17116 61415
16759 21259
28319 79654
67463 89946
3835 75870
26611 77682
68813 76774
4826 11701
1512 5394
58991 96101
50693 99569
39757 40660
16508 95141
62337 92286
37141 74541
43890 89079
5939 18335
16757 59228
13998 19347
18746 36146
70672 93079
18883 83860
21581 74614
37232 58732
17964 36916
47834 81247
44300 83428
16394 81685
22610 76896
32597 44357
2454 23090
55091 99313
68057 97604
20686 49442
8681 51007
55678 97071
2976 3359
10037 33957
15851 49124
16543 72427
3287 12235
9578 61341
52652 81507
21988 45299
26027 26897
10482 73362
38005 50890
43678 55897
3872 15604
11859 28827
67716 87686
32931 69452
60397 64814
42232 60223
18485 22419
55110 78723
32493 92759
14223 39222
16608 58229
13329 92573
27154 31970
66930 98675
9950 35456
67045 73866
16514 74489
54403 58256
93577 93656
27632 37591
3645 75818
47990 76342
42929 68365
82694 84842
8619 8921
58574 96585
20185 95991
45231 53351
1456 82244
95197 98154
92885 98612
46507 63763
22779 75489
13202 18477
3172 64635
81437 99668
39524 54834
79532 94953
28671 68430
18719 42715
21637 23127
10349 75027
54582 58742
63120 81395
29945 38749
70328 95808
38601 40298
11032 56699
64258 69806
12393 84555
43955 46256
43402 98303
87092 91147
93312 95043
59756 86317
22065 48437
56512 97475
10167 51769
24180 94732
24799 37161
27344 99784
13183 64763
72551 75063
38769 86800
52554 58484
28282 77465
22496 74770
71155 96701
3118 46972
23115 32443
2190 12843
59008 95440
58716 82041
52742 72125
44585 73556
7621 52401
91229 99517
29464 49544
6737 48859
14773 74250
42531 61110
25432 38401
31386 91719
9009 72688
695 4042
11510 24051
30183 93350
65725 84313
80393 94455
48125 61904
45785 65904
61648 87609
18127 22152
3103 83956
32808 62915
48507 60822
4561 22178
11948 82745
25138 99364
25957 81625
11185 26673
26422 43213
42449 89542
62762 71030
4955 55012
42994 55272
50531 57897
10272 11073
57477 95500
47676 49408
31698 84540
33462 34826
66309 72724
42020 57285
34628 78826
4884 50795
32708 52697
22442 35730
10854 63404
14065 24518
40918 58405
21926 73522
27601 86493
8220 17285
14454 82090
66530 90453
84722 97313
30703 46115
37491 83655
6465 46861
22564 78913
57986 67115
4635 41389
39774 69359
26422 48388
38866 41412
8787 10776
37813 74599
69326 96107
18328 46206
9515 12816
55030 95937
2756 49808
66735 80336
37384 71878
79282 84817
26447 37945
12187 96165
15907 98775
28879 50388
47042 92205
40051 66519
25348 88727
83820 88284
40618 41236
30894 57173
35455 82469
12642 64557
42947 46093
68065 78796
24840 67263
8405 16548
5516 13025
20522 97090
38098 95435
11342 79172
42704 61867
36958 83724
51456 72208
8029 91619
43292 44611
58409 91885
10417 82266
15281 39701
24046 52257
5223 80429
17697 42959
9577 35933
44971 62683
34400 86299
15613 27223
45457 50612
15931 31506
17183 39652
15426 59985
18297 91305
4281 37665
5002 77539
15755 29608
45473 54220
43063 80594
80439 87959
59649 77234
90048 94875
59863 84856
52118 96826
43984 70490
39198 51631
42363 76346
46252 48096
50119 65351
28752 60660
25762 35177
15046 47693
27416 74392
75686 93381
12057 82225
46388 74758
54682 90191
66632 76635
33440 92573
20401 78142
31660 72005
89487 90560
67882 95448
32712 76302
22029 65553
5626 14858
22087 99934
5160 7113
7861 80639
32779 70250
55527 94903
25332 53948
2301 42252
17190 86130
4 91807
88665 96588
4381 77463
24246 38856
73776 76221
28347 48472
65224 87447
66741 86912
27099 64939
22751 40624
10079 18880
7518 80498
93572 95785
28135 75964
36008 98733
9027 85000
16898 32063
81289 91918
71570 95575
49419 88985
28308 63793
38318 54445
39279 83466
5751 65328
21435 76833
66989 67229
51623 82120
1130 32648
21939 58097
45053 73999
11734 45060
9548 99288
33539 85806
21974 30881
35420 99765
21653 34220
64352 74015
46061 80282
62061 66109
35771 38226
42952 67079
44729 91500
11570 21346
74250 91423
63515 93083
24585 75392
14035 16342
1909 35846
7069 23597
6644 37125
60944 62417
23232 52471
18959 45826
26007 28223
23413 94222
40477 54340
18322 73359
8076 66891
50307 67610
50625 92976
15422 33468
17523 28779
50190 54881
31683 87658
54667 99156
26199 88514
18882 54843
59728 65484
8412 79544
4698 34854
11110 67277
52609 57328
14657 53789
50520 72557
1288 75179
46630 60808
37577 72585
6944 12480
30668 88992
38477 60002
52227 96270
16061 20836
29315 67841
48433 80064
30166 82973
63954 72711
15664 29799
35276 55639
5317 35771
50407 79350
56547 68435
12650 45042
42162 62270
1190 24968
519 55960
26965 42847
1854 4237
52918 95155
48309 66348
76380 94303
2388 17076
7997 34039
73118 98761
67126 83322
54552 84264
25757 42659
42076 78979
84906 90294
56308 59511
51456 53148
44021 60833
22420 51564
2129 57803
18265 63150
33348 59038
3129 21672
2265 89000
56382 81711
5046 34961
57496 57669
39101 72327
73790 85918
3505 38194
39079 88991
9799 50098
13178 64205
11986 98225
25178 80017
40869 65376
77344 83726
65074 75876
4786 12419
59518 89574
69650 99502
58800 91922
225 1292
61439 82020
30973 89410
14843 93831
94593 96485
43944 72381
52820 60004
21779 59740
5728 81575
26001 48905
7717 38546
42911 61748
17154 47490
63114 73053
40523 45029
83143 96328
75906 98735
16697 46140
9329 78626
59385 95128
16068 52293
69930 91320
8927 50155
9631 55382
17552 58295
52185 90330
68962 96017
78465 98201
5140 52946
14081 52920
45396 46031
12688 33033
20196 36196
18490 29965
32641 36061
18951 60746
36879 68703
29143 96459
3148 27103
35761 78939
16817 44126
5498 20554
44651 63474
14726 86109
14107 78251
14993 21929
53136 56358
13461 18424
94498 95861
85940 96002
76309 82087
33425 56781
75344 97469
14792 42595
9155 79354
2976 72913
12423 47123
8884 35645
47514 57422
13236 90777
42046 61557
61752 85835
11960 33254
14939 86057
1540 98691
70535 94167
51313 87332
1442 20828
27633 59171
79354 97360
51940 90128
60275 97517
10239 70274
12577 16343
28232 47436
42824 69638
52860 99171
3370 6988
396 84819
73740 76019
23983 50498
42434 93385
13474 26569
42728 93767
50007 81945
65183 80194
16513 78820
42034 59216
19000 50924
74420 92026
56903 60050
50935 66924
2381 91538
58361 65719
15263 89326
24240 47323
32220 86588
56160 85913
30430 66302
7199 81274
31064 33380
22397 49810
5230 18590
45081 67837
48615 68212
58440 98319
48864 77976
32633 70191
31916 64995
61714 90833
26458 76877
19198 63254
21652 51510
79713 87389
5543 6106
4627 83786
53459 60634
15173 84858
19795 59162
57989 65155
2260 25028
22374 85977
37791 90427
20733 57664
11908 48883
26990 84508
73702 77645
30220 68994
57183 91060
18711 96159
32185 94291
4841 90412
15261 72930
62193 75756
22739 97347
18121 39996
91405 93807
3227 31585
71463 86856
8351 98238
22015 48793
9380 93220
40482 79590
51755 57544
49689 85987
67543 83857
23980 35882
50374 57441
7568 13980
2223 74206
3889 62969
23703 47023
3740 92614
55739 99815
8972 45005
14689 74802
43456 62530
28870 29915
3252 34781
62397 65788
34779 79083
12246 44725
15115 82422
49713 65250
35052 70678
48197 70305
90962 91125
9858 54735
1652 98085
42456 88827
59537 76460
20158 42216
20687 45172
15508 53698
27976 83256
14642 90464
16722 50860
35042 97374
24309 68204
5867 95620
27343 54626
12142 22718
14334 74329
17035 61469
70726 90734
15638 20106
19037 20757
32868 46122
21812 98443
67768 70166
81535 92209
84167 99635
89965 96135
59837 90465
15097 58481
1493 26564
9856 43369
4897 23445
20098 37247
9009 38292
11639 88984
55297 86107
48953 55790
12903 20042
7516 61280
4432 16805
46341 72548
9715 20480
8372 91088
4310 58556
50337 92831
68161 74348
23901 42145
35578 71404
7917 85555
7994 29315
20246 88578
77759 87428
62415 74262
12051 47111
32136 44829
5241 13832
49080 52423
63487 88735
41528 98567
10835 74486
14762 35084
51109 94811
60955 71201
13804 96647
17784 33920
13961 29372
8087 84313
76186 76304
54262 56045
80218 93487
28244 37207
67935 81415
13124 66832
67143 91407
10697 20214
14861 44879
4830 71945
54069 74279
37562 91256
77763 86023
20729 38444
983 20115
32 38980
59132 61432
21314 67486
79689 85366
61731 75818
34303 62891
47104 52199
31245 98036
46358 75655
27010 70577
2526 11552
36171 42328
64124 90754
27173 61555
70226 76670
7061 16019
11060 58127
9037 26159
53610 78812
58633 71414
31387 67837
13060 54607
25503 56270
22019 96801
20738 40464
9259 26899
60880 97254
71067 97523
44339 57326
68481 89678
43834 47860
21664 90396
70811 88899
4495 52104
16903 35998
50888 64418
20476 95797
32544 51036
30790 79024
66096 75104
2077 54253
14430 46848
22381 22958
64943 88501
65472 66615
13452 65963
47359 97024
84804 86085
30961 66493
29154 48134
11787 19842
41100 70985
8330 91831
2584 40717
64591 87556
83853 96694
15540 26509
28916 99574
38586 60774
93071 95584
27296 69092
25289 83770
20128 75044
12837 34514
32193 43405
23262 93255
22284 30374
29893 38423
94007 97743
36398 50607
33306 39556
220 9168
7749 66460
44236 70590
22955 36938
12680 91336
16443 68060
14520 34498
72999 91603
76386 97190
10862 88032
27316 41216
40269 42184
976 88408
1402 28933
13075 65854
39048 66346
63842 71302
45174 64554
25219 43292
4392 12529
17310 93396
30259 97480
48911 49539
31314 86495
24855 40063
7889 22132
22356 89306
15379 17017
1947 49971
2460 10592
64622 65536
1941 48662
17794 39545
28438 63943
2430 68765
15287 25299
22226 82654
37064 51051
11192 30125
6856 34697
41593 53630
5636 57705
83387 94388
28704 59463
8935 12995
60100 61263
16339 74438
17726 99421
43187 53775
90399 92550
93089 98836
1976 94395
9790 20303
11388 75078
7628 69314
20325 42740
1661 22535
77256 99451
35541 73200
88661 96148
5365 90797
32425 37038
82229 84286
19534 39690
16157 83845
9828 82468
11136 79509
16334 17582
23705 70538
25060 27086
63070 68688
21841 96001
31514 75850
32301 65711
12860 82621
55089 55520
42527 42982
26750 94669
19826 94684
6499 65690
35012 74939
17824 63099
50843 93809
62405 65323
65019 74558
13261 95068
32081 70478
19255 52457
65928 70397
78425 83080
35520 43923
21632 36583
23345 96662
8219 87945
38605 48149
50572 67198
59035 99451
2544 11541
38847 89346
53581 54034
17779 20367
14358 50647
10187 86782
38555 53329
17214 58978
10730 96896
16838 87173
770 65395
10141 76333
29067 96296
40596 57317
13246 57918
2897 95346
31921 55760
24318 34685
4407 51853
23923 91953
5915 79562
7875 85928
87504 88378
67405 78850
33212 33771
19810 41849
66696 89387
25676 34949
19984 72108
20612 92225
49837 98038
1886 99029
11021 39752
63871 90738
29382 84227
9803 83777
20300 64523
43051 74686
59758 72103
11662 51119
15959 75594
8182 62949
15898 32595
63355 93940
3358 13468
10807 90274
16092 74340
71188 97829
15635 78060
20039 70824
12968 74004
27941 48098
48793 73612
4310 39364
6419 28684
11037 67129
24689 94141
33466 44562
72324 99255
48146 85417
20263 67554
42492 87001
9066 76936
78654 93810
4001 93274
58512 59574
7753 88194
41496 84623
38661 62518
73155 92524
73978 86515
11577 38601
16315 91612
1233 23175
61044 63074
18159 51364
753 84601
25037 95745
25354 79946
10897 42524
18853 43841
19698 22807
6631 55934
56340 97116
35337 58018
18702 99921
3995 19425
18296 45210
25562 50638
7750 80696
9235 34234
28503 29900
47254 95423
82687 97210
31716 79671
3442 32553
8145 74690
22873 33462
3249 82108
15096 55315
87728 96280
27511 76751
25704 51994
60619 82732
43037 76984
71297 89110
29054 35069
4469 39463
51411 80116
32767 47391
43744 46492
3948 81841
81824 90802
16794 77731
69710 98562
748 95872
48714 60023
57401 97148
83306 95538
21038 24940
27874 79899
16 97181
60889 74484
17315 29499
23124 99231
75446 82861
20696 88384
46012 55072
18492 36489
5667 85113
58906 59368
376 32492
24951 46946
34165 43154
27166 99548
3293 82904
13622 26866
28785 97468
63755 97871
3268 36591
32628 91722
25846 91440
59071 75910
3476 62168
3670 93086
5868 80890
1218 88115
36183 88641
21957 79587
79531 82166
75296 83534
19324 60905
8542 57649
60349 65787
56313 56774
66343 93645
15408 35382
37040 41923
24480 94605
65554 76312
2419 24846
16953 98244
11608 12397
8163 45885
27084 81545
57523 78751
24922 33115
65245 97612
26374 38949
23617 79776
26725 86011
1133 51300
77095 87624
16855 20319
20387 63002
2797 21080
20589 90142
77250 81561
51659 79031
18297 71638
10470 80373
14228 21956
562 61238
34345 66100
53791 87713
45274 95011
30940 80957
8170 59368
26521 93976
1736 28311
23745 45646
10578 84097
44499 45687
2462 65595
14274 45787
28156 75935
50018 87937
30525 64078
49439 57643
29487 36630
47133 97128
7055 13397
8132 65697
64357 94894
34481 90230
93188 94656
44980 45644
10745 31093
34718 38463
7595 43380
40981 92631
6848 45534
62687 77110
44538 81408
1523 72758
43807 92200
25458 93405
3301 7786
18583 87430
43425 54646
2445 94544
192 90751
6849 42740
3014 95529
61575 78935
9313 36887
17904 44137
17588 33826
49978 62547
4478 17968
78307 88233
55076 70384
73501 79800
8448 42777
18771 64612
24033 80664
30940 59629
38747 97560
65777 97591
11779 95977
43417 81120
33499 53386
46078 66230
52598 59911
4021 23689
44796 61836
32899 96921
3769 44172
42060 53322
4630 33451
45006 56459
71504 87529
41361 92382
47482 88325
25842 39696
47906 64340
26896 87699
9043 40857
2319 15354
18532 48158
25383 91127
2440 32616
13034 35298
60689 99454
54071 83564
9235 31359
21908 95967
58516 89689
30480 88250
16606 64026
58940 60231
72086 97371
23094 85584
19233 95695
57503 75212
10435 56266
13697 41274
7600 67654
69711 89420
12947 17149
73770 82527
293 13671
24233 24329
7601 63320
26207 76230
42961 74800
13008 38304
64736 76049
62197 80655
74560 77796
1783 40058
6158 73613
27803 99026
1274 42288
72125 72203
20319 23274
23156 27516
7526 62339
10252 96686
69906 80463
9667 40525
10607 53114
8858 28709
1487 12721
43117 97019
37309 60199
22855 26689
2651 45778
9849 55764
38555 48371
64049 96468
11746 31447
34321 93039
22192 24552
62491 89714
14580 39243
2401 69351
24071 38410
50555 79043
82284 83306
24576 61087
3759 83183
29002 34600
5624 87194
45085 86746
1783 32335
26892 95994
36902 73591
33089 53741
21666 87115
15724 33159
23552 58836
4079 57930
51128 83101
4051 35572
34342 58385
46738 68815
15405 35518
9013 95056
29379 76039
48137 55669
59763 88932
67182 77003
37272 38131
53770 76105
15108 46273
8742 45793
69496 85668
50545 61224
42062 53036
38923 62953
74641 92864
9461 15730
39171 76044
24276 58377
28109 79555
1493 26182
27970 92986
8747 26322
19575 29598
13510 76222
22787 94683
23547 62016
21408 36352
26761 98479
19953 87979
48031 87776
12200 84742
24862 58396
38894 77280
21091 29370
6314 67428
9908 93061
15677 97128
25588 34216
21108 56217
14389 73389
21070 35045
19547 22578
13541 60972
16904 45909
27396 30219
27575 60854
302 69452
8531 41171
50102 70129
41562 66486
18293 75350
30387 73919
50531 79209
70139 95227
11229 66315
14493 97594
57332 87101
79521 84980
31821 93772
3745 63181
31542 69727
24174 92538
23708 56133
10581 20449
13494 98204
45745 81426
14078 44701
39705 82420
16820 54781
41533 86603
85341 99667
19572 84250
19534 41442
17997 77727
61705 72033
7050 17475
16182 16884
24096 93010
8748 52932
74718 91359
10793 76440
18970 83651
7644 29997
31453 84956
8154 94705
7566 24640
7424 19382
82431 83742
15084 18534
75043 94946
21079 63612
77996 89861
46012 48145
29803 89571
23765 78429
27453 98963
13442 70008
68472 76264
66987 73975
33956 46990
57458 83710
36251 41029
10960 23466
60523 97245
18399 22580
14883 83509
11409 71598
47344 51857
25482 33090
72763 91006
28584 54170
64854 97981
26042 29473
35092 67674
60531 62480
6991 72093
18919 64365
7393 67127
55444 91349
2408 21085
255 54203
31497 92564
4981 47006
1472 33070
24956 91403
8846 25084
32352 62502
69764 82753
30629 84729
89555 98497
24026 86672
14140 76846
48198 52648
1191 21583
55077 67375
76664 76961
43126 89542
62252 68153
86676 92223
42705 98827
19896 22850
26727 66897
42062 47450
36681 91158
33274 45114
942 47120
11628 42906
15364 27222
35095 46464
65618 92004
44660 48892
75332 77650
5903 76235
74535 90263
60451 93763
9599 33157
50657 96665
15602 86526
9251 44240
31289 43068
29467 58836
2606 56976
50490 79395
48070 91581
18515 85190
11458 92882
44034 55558
58394 75058
48616 85869
20447 95160
19309 82062
22421 47336
31017 96594
19943 24565
8502 19702
40601 71624
2495 75149
3621 82481
74003 78121
5452 76808
6794 23317
38579 45522
26528 27519
3953 33932
50681 59204
49881 69269
60590 92915
42173 57224
55651 99770
28095 57050
14389 36339
7235 72708
37733 55461
13430 21898
56178 80058
51695 57113
